"p_val","avg_log2FC","pct.1","pct.2","p_val_adj","gene","p_val_adj_plot","Significance"
6.16524375935021e-63,5.0709112139274,0.83,0.158,4.73823643881101e-58,"Tpbpa-201",4.73823643881101e-58,"Up"
3.45461368524932e-52,3.83739197383801,0.352,0.013,2.65500880166151e-47,"Sparc-207",2.65500880166151e-47,"Up"
3.45461368524932e-52,3.83739197383801,0.352,0.013,2.65500880166151e-47,"Sparc-209",2.65500880166151e-47,"Up"
1.46879364243812e-50,3.74280098863669,0.33,0.011,1.12882666595939e-45,"Sparc-208",1.12882666595939e-45,"Up"
3.61021178435971e-46,6.42939236628056,0.5,0.057,2.77459216475181e-41,"Psg21-201",2.77459216475181e-41,"Up"
1.41348513075051e-42,6.29859750485546,0.398,0.034,1.086319862387e-37,"Psg23-201",1.086319862387e-37,"Up"
6.33321117919402e-41,-4.78774315057113,0.114,0.899,4.86732611965777e-36,"Bgn-201",4.86732611965777e-36,"Down"
4.41176195223895e-40,-3.33560160660131,0.216,0.951,3.39061553077373e-35,"Sparcl1-201",3.39061553077373e-35,"Down"
5.72065267476127e-39,5.86531206338695,0.455,0.056,4.39655040666103e-34,"Psg21-202",4.39655040666103e-34,"Up"
5.73091085213e-37,-3.6041270264753,0.125,0.885,4.40443422629599e-32,"Col6a1-201",4.40443422629599e-32,"Down"
1.00868383267098e-36,-5.9810905318414,0.034,0.829,7.75213872760957e-32,"Col15a1-202",7.75213872760957e-32,"Down"
1.61647351801646e-36,-6.79264864110214,0.023,0.82,1.24232455753637e-31,"Penk-201",1.24232455753637e-31,"Down"
5.62152896398566e-36,-3.51231106399375,0.784,0.984,4.32036986998154e-31,"Sparc-201",4.32036986998154e-31,"Down"
1.7295887023275e-35,-4.06562804284899,0.159,0.879,1.32925810128677e-30,"Igfbp7-201",1.32925810128677e-30,"Down"
4.34505193372897e-35,-5.6706462488837,0.034,0.81,3.33934621314806e-30,"Igfbp6-201",3.33934621314806e-30,"Down"
1.06015036381575e-34,-4.5170233591122,0.17,0.856,8.14767960606955e-30,"Col6a2-201",8.14767960606955e-30,"Down"
5.15458403485115e-34,5.62161971875772,0.409,0.053,3.9615040141445e-29,"Chchd10-201",3.9615040141445e-29,"Up"
7.56490097996548e-34,-3.72980115948783,0.159,0.882,5.81392899914267e-29,"Gsn-201",5.81392899914267e-29,"Down"
1.78828367631525e-33,5.43725640913097,0.409,0.054,1.37436753659532e-28,"Chchd10-203",1.37436753659532e-28,"Up"
8.92519730465358e-33,-2.73081243688082,0.409,0.963,6.85937113651846e-28,"Serpinh1-201",6.85937113651846e-28,"Down"
1.70406581991882e-32,-3.97754415976356,0.068,0.823,1.30964274524041e-27,"Olfml3-201",1.30964274524041e-27,"Down"
1.78189397411921e-32,6.06025370927152,0.33,0.032,1.36945679486958e-27,"Ceacam11-201",1.36945679486958e-27,"Up"
2.9436594020595e-32,-2.99753690371009,0.193,0.868,2.26231999685881e-27,"Col5a2-201",2.26231999685881e-27,"Down"
3.70920295185252e-32,-4.21253697537114,0.057,0.801,2.85067083661673e-27,"Tgfbr3-201",2.85067083661673e-27,"Down"
9.59470534226289e-31,-4.21594075397257,0.045,0.781,7.37391484374272e-26,"Olfml3-202",7.37391484374272e-26,"Down"
1.27880949291381e-30,-3.39640810801375,0.409,0.931,9.82816247683981e-26,"Col3a1-201",9.82816247683981e-26,"Down"
1.57666783178478e-30,-5.23726555933558,0.034,0.754,1.21173229543987e-25,"Islr-201",1.21173229543987e-25,"Down"
2.15966972704381e-30,-4.53355443541216,0.045,0.764,1.65979257202225e-25,"Mmp2-201",1.65979257202225e-25,"Down"
5.27311635613214e-30,-2.60663352353769,0.273,0.908,4.05260084434179e-25,"Timp2-201",4.05260084434179e-25,"Down"
1.72866183019302e-29,-5.76169051323115,0.023,0.73,1.32854576297654e-24,"Serpinf1-201",1.32854576297654e-24,"Down"
3.06314459849407e-28,-3.45459754181568,0.398,0.887,2.35414914972663e-23,"Col1a2-201",2.35414914972663e-23,"Down"
3.2714986384581e-28,-8.38291475499654,0.023,0.705,2.51427756360059e-23,"Col15a1-201",2.51427756360059e-23,"Down"
3.36961394089094e-28,-2.57971909024773,0.148,0.816,2.58968309813232e-23,"Tgfbr2-202",2.58968309813232e-23,"Down"
4.26841230876468e-28,-2.62675770523868,0.182,0.842,3.28044559577801e-23,"Nid1-201",3.28044559577801e-23,"Down"
5.66516401536799e-28,-6.03732908614989,0.011,0.7,4.35390515237092e-23,"C1ra-201",4.35390515237092e-23,"Down"
9.92618130345263e-28,-5.77607295966304,0.011,0.701,7.62866737895548e-23,"Pcsk5-202",7.62866737895548e-23,"Down"
2.4291146262032e-27,-6.401910233048,0.011,0.684,1.86687175482221e-22,"C1s1-204",1.86687175482221e-22,"Down"
3.55591485215034e-27,-5.19130760256241,0.057,0.716,2.73286280047162e-22,"Lama4-201",2.73286280047162e-22,"Down"
3.90236576384185e-27,-2.87785634365943,0.182,0.823,2.99912418414301e-22,"Srrm2-210",2.99912418414301e-22,"Down"
3.9332974519144e-27,-6.37635112688019,0.011,0.681,3.02289642369429e-22,"C1s1-203",3.02289642369429e-22,"Down"
6.03007943628891e-27,-3.26966583012904,0.091,0.764,4.63435724996548e-22,"Slit3-201",4.63435724996548e-22,"Down"
1.21589967397669e-26,-2.6856294120772,0.341,0.922,9.34467535438048e-22,"Serpinh1-203",9.34467535438048e-22,"Down"
1.40013637312792e-26,-3.24223384819387,0.045,0.726,1.07606080820373e-21,"Cfh-201",1.07606080820373e-21,"Down"
1.40013637312792e-26,-3.24223384813613,0.045,0.726,1.07606080820373e-21,"Cfh-202",1.07606080820373e-21,"Down"
1.78122198566651e-26,-3.52361805465928,0.17,0.795,1.36894034486414e-21,"Dusp1-202",1.36894034486414e-21,"Down"
2.05187601606822e-26,-2.2365474897979,0.17,0.85,1.57694879338907e-21,"Nedd4-201",1.57694879338907e-21,"Down"
2.3784655552345e-26,-8.04702312782694,0.011,0.668,1.82794591781992e-21,"Dpt-201",1.82794591781992e-21,"Down"
2.38212987295278e-26,-1.77858761488653,0.42,0.933,1.83076209255913e-21,"Rack1-201",1.83076209255913e-21,"Down"
3.20016929934263e-26,-2.94080129500243,0.091,0.752,2.45945811331678e-21,"Cavin1-201",2.45945811331678e-21,"Down"
3.78036988198113e-26,-5.06173996830807,0.034,0.692,2.90536546909778e-21,"Fbln1-202",2.90536546909778e-21,"Down"
3.86703975044277e-26,-3.5108268410355,0.091,0.761,2.97197472980529e-21,"Mgp-201",2.97197472980529e-21,"Down"
4.71407576966868e-26,6.08797367130751,0.341,0.049,3.62295579202117e-21,"Cd68-201",3.62295579202117e-21,"Up"
5.92835271712152e-26,-2.87220911814335,0.034,0.715,4.55617619721657e-21,"Pmp22-201",4.55617619721657e-21,"Down"
8.77051537459798e-26,-2.54622176394924,0.25,0.845,6.74049188599353e-21,"Nfkbia-201",6.74049188599353e-21,"Down"
1.1636181335307e-25,-3.21272079487359,0.159,0.796,8.94287080343683e-21,"Gsn-205",8.94287080343683e-21,"Down"
1.37181094312741e-25,-3.79055285927688,0.045,0.705,1.05429158223114e-20,"Txndc5-201",1.05429158223114e-20,"Down"
1.70946031473655e-25,-3.51535334067691,0.034,0.704,1.31378863028763e-20,"Pmp22-204",1.31378863028763e-20,"Down"
2.10243411453106e-25,-2.92141760955242,0.25,0.851,1.6158047143817e-20,"Fos-201",1.6158047143817e-20,"Down"
2.18026644871739e-25,-2.76650434318271,0.125,0.778,1.67562197649726e-20,"Sfrp4-201",1.67562197649726e-20,"Down"
3.17142394696906e-25,-2.11856758998667,0.216,0.874,2.4373661602036e-20,"Cd81-201",2.4373661602036e-20,"Down"
9.98779364168601e-25,-9.97660828591305,0,0.636,7.67601892538137e-20,"Penk-202",7.67601892538137e-20,"Down"
1.06630028736083e-24,5.46067667798157,0.352,0.056,8.19494422848294e-20,"Prl8a9-201",8.19494422848294e-20,"Up"
1.18073256623647e-24,-9.39796255569615,0.011,0.643,9.07440206455374e-20,"Igfbp5-201",9.07440206455374e-20,"Down"
1.27070979186746e-24,-4.91977382184443,0.023,0.662,9.76591303441817e-20,"Itih5-201",9.76591303441817e-20,"Down"
2.07259122616883e-24,-3.63428438201253,0.08,0.715,1.5928692609598e-19,"Pbx1-205",1.5928692609598e-19,"Down"
3.74910131723227e-24,-4.90937059300924,0.034,0.656,2.88133432634569e-19,"Svep1-201",2.88133432634569e-19,"Down"
4.8862267868512e-24,-3.97386525861252,0.057,0.685,3.75526073476662e-19,"Pcolce-201",3.75526073476662e-19,"Down"
1.08638694404067e-23,-3.56045746979679,0.114,0.716,8.34931821973019e-19,"Col6a3-202",8.34931821973019e-19,"Down"
1.62998949547779e-23,-2.53435080733125,0.08,0.71,1.2527121268545e-18,"Ifitm3-201",1.2527121268545e-18,"Down"
2.14897804578517e-23,-3.07972886720077,0.068,0.689,1.65157558730773e-18,"Sulf2-202",1.65157558730773e-18,"Down"
2.59068125920323e-23,-3.21977339940867,0.057,0.683,1.99104217494805e-18,"Zbtb20-204",1.99104217494805e-18,"Down"
3.41498591799033e-23,-2.19802872047187,0.08,0.721,2.62455327741229e-18,"Fndc3b-204",2.62455327741229e-18,"Down"
4.11145675956693e-23,-4.32642780925985,0.023,0.645,3.15981897799757e-18,"Cdh11-201",3.15981897799757e-18,"Down"
4.15323097917017e-23,-1.93307986348146,0.114,0.753,3.19192413673144e-18,"Grb10-201",3.19192413673144e-18,"Down"
4.54472222082098e-23,-2.76030315883752,0.08,0.697,3.49280081558976e-18,"Atp2a2-203",3.49280081558976e-18,"Down"
4.86365701751e-23,-4.15526286913145,0.057,0.665,3.73791496423714e-18,"Plekhg3-207",3.73791496423714e-18,"Down"
4.91165797127318e-23,-2.29490480490082,0.352,0.902,3.77480561724229e-18,"Serpinh1-205",3.77480561724229e-18,"Down"
5.67943350476895e-23,-4.39961932417434,0.034,0.647,4.36487182575513e-18,"Islr-202",4.36487182575513e-18,"Down"
6.58559765516202e-23,-3.7120547243611,0.034,0.653,5.06129522189822e-18,"Ccdc80-202",5.06129522189822e-18,"Down"
9.1257892668442e-23,-1.74945744648951,0.102,0.739,7.01353408314044e-18,"Sfpq-201",7.01353408314044e-18,"Down"
1.07100266288107e-22,-1.05133623661213,0.08,0.705,8.23108386530621e-18,"Cnn3-201",8.23108386530621e-18,"Down"
1.22718334133352e-22,-2.98625366454698,0.068,0.678,9.4313948514846e-18,"Sulf2-201",9.4313948514846e-18,"Down"
1.40203387237496e-22,-1.98223588698281,0.205,0.802,1.07751911227505e-17,"Lrp1-201",1.07751911227505e-17,"Down"
1.51384866193971e-22,-2.59295244332159,0.068,0.705,1.16345325064715e-17,"Pdgfra-202",1.16345325064715e-17,"Down"
1.73876733238567e-22,-1.78619875072713,0.136,0.774,1.33631224563168e-17,"Klf4-201",1.33631224563168e-17,"Down"
2.10651237967042e-22,-2.67228936718213,0.125,0.738,1.61893902427191e-17,"Adamts1-201",1.61893902427191e-17,"Down"
2.60192600482144e-22,-1.23447274273545,0.83,0.99,1.99968421174547e-17,"Eef1a1-201",1.99968421174547e-17,"Down"
3.0187068978114e-22,-1.87982907542456,0.295,0.852,2.31999699924397e-17,"Ddx5-201",2.31999699924397e-17,"Down"
3.17735461038569e-22,-2.75042337025368,0.08,0.699,2.44192411226582e-17,"Bag3-201",2.44192411226582e-17,"Down"
3.52575390535254e-22,-2.8617093629003,0.136,0.745,2.70968290641964e-17,"Hif1a-201",2.70968290641964e-17,"Down"
4.71389740310839e-22,-2.91035754162301,0.5,0.9,3.62281871018492e-17,"Col1a1-201",3.62281871018492e-17,"Down"
5.6989410450872e-22,-2.10335611500003,0.261,0.828,4.37986415079132e-17,"Lmna-201",4.37986415079132e-17,"Down"
7.2289022722779e-22,-4.10668280430391,0.034,0.63,5.55570055233646e-17,"Cfh-204",5.55570055233646e-17,"Down"
7.56621666924126e-22,-2.17262965542573,0.386,0.908,5.81494015897868e-17,"Serpinh1-202",5.81494015897868e-17,"Down"
9.04486172978222e-22,-2.62151009524066,0.091,0.705,6.95133803380683e-17,"Akap13-205",6.95133803380683e-17,"Down"
1.36509011453678e-21,-1.60203582989939,0.102,0.724,1.0491263566261e-16,"Fndc3b-201",1.0491263566261e-16,"Down"
1.70963753690572e-21,6.77829749827642,0.375,0.078,1.31392483261352e-16,"Cdo1-201",1.31392483261352e-16,"Up"
1.73450955997882e-21,-1.7671996942618,0.318,0.875,1.33303997722612e-16,"Aebp1-201",1.33303997722612e-16,"Down"
1.76832591932255e-21,-2.32802932495004,0.307,0.862,1.35902920203615e-16,"Lox-201",1.35902920203615e-16,"Down"
1.8243912805739e-21,-1.88470412409158,0.125,0.74,1.40211767477227e-16,"Lima1-202",1.40211767477227e-16,"Down"
2.14569099612068e-21,-2.84691605070683,0.068,0.658,1.64904935815859e-16,"Sulf2-207",1.64904935815859e-16,"Down"
2.2557561976627e-21,-2.04167777921151,0.193,0.781,1.73363886815169e-16,"Spon1-201",1.73363886815169e-16,"Down"
2.38016089554541e-21,-2.64670315351623,0.102,0.693,1.82924885466247e-16,"Fbn1-201",1.82924885466247e-16,"Down"
2.56260332839589e-21,-2.61299352702812,0.08,0.686,1.96946316200538e-16,"Aldh2-201",1.96946316200538e-16,"Down"
2.79214641403635e-21,-1.9864213264203,0.057,0.653,2.14587620504349e-16,"Rdx-201",2.14587620504349e-16,"Down"
3.30199344062716e-21,-3.06724901872554,0.045,0.631,2.5377140388596e-16,"Epb41l2-202",2.5377140388596e-16,"Down"
3.68743432403585e-21,-2.52693731757204,0.068,0.67,2.83394077539451e-16,"Kmt2d-201",2.83394077539451e-16,"Down"
3.69008114204604e-21,-3.75401973703564,0.068,0.647,2.83597496090806e-16,"Plekhg3-201",2.83597496090806e-16,"Down"
4.15268725737332e-21,-2.20755140131445,0.057,0.668,3.19150626478169e-16,"Tbl1x-201",3.19150626478169e-16,"Down"
4.27520932594354e-21,-2.25037415360194,0.114,0.71,3.28566937536065e-16,"Fbn1-202",3.28566937536065e-16,"Down"
5.20546680051779e-21,-2.36968011538935,0.364,0.856,4.00060945486994e-16,"Sqstm1-202",4.00060945486994e-16,"Down"
5.88182809612628e-21,-2.60622141101462,0.068,0.661,4.52042016499689e-16,"Nfkbiz-204",4.52042016499689e-16,"Down"
6.11324257323245e-21,-4.92071728475712,0.034,0.594,4.69827144723206e-16,"Ubap2l-208",4.69827144723206e-16,"Down"
6.16621479388064e-21,-3.2415748394825,0.045,0.627,4.73898271768903e-16,"Ltbp4-204",4.73898271768903e-16,"Down"
7.16932694572253e-21,-2.17589488147118,0.182,0.768,5.5099145308656e-16,"Plpp3-201",5.5099145308656e-16,"Down"
8.21213093776943e-21,-1.9687808933467,0.125,0.727,6.31135111091332e-16,"Col5a1-201",6.31135111091332e-16,"Down"
8.50094905433613e-21,-1.70229417215758,0.284,0.854,6.53331938621949e-16,"Rrbp1-201",6.53331938621949e-16,"Down"
8.8768338158853e-21,-3.59880255418838,0.045,0.63,6.82220186086049e-16,"Smg1-201",6.82220186086049e-16,"Down"
8.94356401514343e-21,-2.53741522307176,0.091,0.689,6.87348668819833e-16,"Akap13-201",6.87348668819833e-16,"Down"
9.05057972837903e-21,-2.01438834896744,0.091,0.683,6.95573254444842e-16,"Kpnb1-201",6.95573254444842e-16,"Down"
9.33514488069427e-21,-2.14481577433904,0.364,0.877,7.17443224660877e-16,"Jun-201",7.17443224660877e-16,"Down"
1.11904440412576e-20,-2.50924949472286,0.068,0.662,8.60030386346814e-16,"Kmt2d-202",8.60030386346814e-16,"Down"
1.17957503229296e-20,-3.16338931479944,0.023,0.598,9.06550595318431e-16,"Ifi27l2a-201",9.06550595318431e-16,"Down"
1.22352088069922e-20,-2.5574509291777,0.068,0.655,9.40324737652578e-16,"Nfkbiz-201",9.40324737652578e-16,"Down"
1.22352088069922e-20,-2.55745092117073,0.068,0.655,9.40324737652578e-16,"Nfkbiz-202",9.40324737652578e-16,"Down"
1.22673402078372e-20,-4.90126799462325,0.034,0.589,9.42794164333122e-16,"Ubap2l-202",9.42794164333122e-16,"Down"
1.27345427720754e-20,-1.30150133083994,0.148,0.763,9.78700550205081e-16,"Colec12-204",9.78700550205081e-16,"Down"
1.2932502285227e-20,-1.38577199800708,0.068,0.672,9.93914530628834e-16,"Ddx6-201",9.93914530628834e-16,"Down"
1.35363734298695e-20,-2.43926960738629,0.091,0.672,1.04032444357919e-15,"Lgals3bp-201",1.04032444357919e-15,"Down"
1.53413248116682e-20,-1.33311409363516,0.159,0.782,1.17904217707595e-15,"Eef1b2-204",1.17904217707595e-15,"Down"
1.56564152332725e-20,-2.84649096526519,0.08,0.666,1.20325813633792e-15,"Lima1-201",1.20325813633792e-15,"Down"
1.90533553027747e-20,-2.15036123602739,0.114,0.711,1.46432656843944e-15,"Huwe1-201",1.46432656843944e-15,"Down"
2.08541500866919e-20,-5.34659692788479,0.023,0.582,1.60272485076262e-15,"Cebpb-201",1.60272485076262e-15,"Down"
2.24623446579541e-20,-1.50571389572498,0.057,0.659,1.7263210363424e-15,"Sec24d-201",1.7263210363424e-15,"Down"
2.25885407950016e-20,-3.35642159744475,0.068,0.63,1.73601971425905e-15,"Plod1-201",1.73601971425905e-15,"Down"
2.5043495567117e-20,-1.76334870272601,0.205,0.82,1.92469280831521e-15,"Hdlbp-202",1.92469280831521e-15,"Down"
2.5356728374913e-20,-2.07633009719818,0.08,0.68,1.94876600252556e-15,"Bmp1-201",1.94876600252556e-15,"Down"
2.55042714474789e-20,-3.83901439717375,0.114,0.667,1.96010527782454e-15,"C3-201",1.96010527782454e-15,"Down"
2.56765243169543e-20,-1.78919313967761,0.068,0.674,1.9733435998552e-15,"Emilin1-201",1.9733435998552e-15,"Down"
2.78629047216073e-20,-3.05718781170838,0.057,0.642,2.1413756794744e-15,"Zbed6-201",2.1413756794744e-15,"Down"
3.23125101886794e-20,-5.95613462473783,0.011,0.57,2.48334565804077e-15,"Ar-201",2.48334565804077e-15,"Down"
3.42483051354473e-20,-3.31899897370125,0.034,0.615,2.63211924287967e-15,"Loxl1-201",2.63211924287967e-15,"Down"
3.47036624053124e-20,-4.04831060609028,0.057,0.619,2.66711527049788e-15,"Myc-205",2.66711527049788e-15,"Down"
4.07072246528589e-20,-2.53102963742299,0.08,0.648,3.12851304347082e-15,"Atp2a2-201",3.12851304347082e-15,"Down"
4.4417371039035e-20,-2.09280771855535,0.08,0.669,3.413652633834e-15,"Matn2-205",3.413652633834e-15,"Down"
5.01394768471206e-20,-2.51016724578516,0.068,0.662,3.85341935360861e-15,"Pdgfra-201",3.85341935360861e-15,"Down"
5.35968675470814e-20,2.16908233174725,0.977,0.979,4.11913365846339e-15,"Ftl1-201",4.11913365846339e-15,"Up"
5.59441923881736e-20,-2.52533985045288,0.091,0.666,4.29953496180069e-15,"Zfp36l1-201",4.29953496180069e-15,"Down"
7.27963765463561e-20,-3.46629167812623,0.034,0.608,5.59469272309365e-15,"Vcan-203",5.59469272309365e-15,"Down"
7.72089711051433e-20,-1.13322267964695,0.216,0.83,5.93381826531469e-15,"Errfi1-201",5.93381826531469e-15,"Down"
8.31393887472617e-20,-1.35584384566793,0.08,0.68,6.38959458278205e-15,"Eif3i-201",6.38959458278205e-15,"Down"
1.02357031510489e-19,-3.81432026088807,0.045,0.6,7.86654729970716e-15,"Creb3l1-201",7.86654729970716e-15,"Down"
1.0883867125355e-19,-2.98968510067036,0.023,0.579,8.36468724052031e-15,"Cd34-201",8.36468724052031e-15,"Down"
1.17184822289312e-19,-1.20116269790281,0.08,0.677,9.00612233222281e-15,"Ddx6-203",9.00612233222281e-15,"Down"
1.49796280643507e-19,-7.25822488071718,0.011,0.553,1.15124433525761e-14,"Spon2-201",1.15124433525761e-14,"Down"
1.60738390069357e-19,-7.43265830577407,0.011,0.552,1.23533882303903e-14,"Ifi205-201",1.23533882303903e-14,"Down"
1.80918797741164e-19,-1.09846452628843,0.034,0.589,1.39043332815994e-14,"Mia3-202",1.39043332815994e-14,"Down"
1.93190357546711e-19,-3.78778661978518,0.159,0.688,1.4847451738895e-14,"Postn-204",1.4847451738895e-14,"Down"
1.99149167403098e-19,-3.45271274725218,0.045,0.597,1.53054101115977e-14,"Col16a1-201",1.53054101115977e-14,"Down"
2.09710722827723e-19,-2.1329007141099,0.114,0.693,1.61171078922018e-14,"Nucb1-210",1.61171078922018e-14,"Down"
2.94573324220113e-19,-1.1438805664988,0.205,0.802,2.26391382596126e-14,"Hnrnpa3-203",2.26391382596126e-14,"Down"
3.21276630851323e-19,-1.83829063502101,0.17,0.747,2.46913941874476e-14,"Nedd4-212",2.46913941874476e-14,"Down"
3.28603621069533e-19,-3.01895634691296,0.057,0.61,2.52545026936779e-14,"Pten-201",2.52545026936779e-14,"Down"
4.30484771120236e-19,-1.48358787712956,0.17,0.796,3.30844765996746e-14,"S100a10-201",3.30844765996746e-14,"Down"
4.36815117170673e-19,-5.99049816412608,0.023,0.558,3.35709890150349e-14,"Pi16-202",3.35709890150349e-14,"Down"
4.68213624920354e-19,-1.68622283387744,0.17,0.758,3.59840899296289e-14,"Jak1-201",3.59840899296289e-14,"Down"
4.71969408442304e-19,-1.1557856417159,0.114,0.706,3.62727369164249e-14,"Ankrd17-201",3.62727369164249e-14,"Down"
4.77285376306558e-19,-3.55943463202331,0.045,0.589,3.66812903106642e-14,"Tnfaip3-201",3.66812903106642e-14,"Down"
4.98915707675025e-19,-3.15556406221755,0.045,0.599,3.83436677976564e-14,"Esr1-204",3.83436677976564e-14,"Down"
5.24759573313346e-19,-2.14704683146834,0.193,0.753,4.03298722474239e-14,"Pim1-201",4.03298722474239e-14,"Down"
5.35106648217678e-19,-2.55313575563443,0.114,0.674,4.11250863421214e-14,"Gja1-206",4.11250863421214e-14,"Down"
6.25606303303457e-19,-1.24182895297994,0.136,0.741,4.80803468340839e-14,"Tns1-217",4.80803468340839e-14,"Down"
6.71848411468228e-19,-1.85127569126409,0.057,0.619,5.16342378149792e-14,"Ehd2-201",5.16342378149792e-14,"Down"
7.04214162192469e-19,-4.85809531260208,0.011,0.551,5.412167522114e-14,"Pi15-201",5.412167522114e-14,"Down"
7.36684209367243e-19,-3.72263095179519,0.08,0.613,5.66171282267101e-14,"Epdr1-201",5.66171282267101e-14,"Down"
7.66209952000036e-19,-3.07377114866828,0.045,0.589,5.88862996510108e-14,"Ltbp4-203",5.88862996510108e-14,"Down"
7.96753934232799e-19,-1.20180509509844,0.125,0.724,6.12337268615275e-14,"Tns1-201",6.12337268615275e-14,"Down"
8.01167114847334e-19,-1.28311293539704,0.091,0.649,6.1572897444477e-14,"Rcn1-201",6.1572897444477e-14,"Down"
8.86618237532368e-19,-2.09087931615732,0.114,0.67,6.81401580273126e-14,"Fosb-201",6.81401580273126e-14,"Down"
9.90144867455708e-19,-2.34389798997537,0.136,0.691,7.6096593643441e-14,"Prrc2c-202",7.6096593643441e-14,"Down"
9.91770233265542e-19,2.76658873060755,0.841,0.768,7.622150950739e-14,"Lars2-209",7.622150950739e-14,"Up"
1.01573090812142e-18,-3.69531666414946,0.045,0.586,7.80629832127638e-14,"Ncor1-201",7.80629832127638e-14,"Down"
1.05817162057905e-18,-4.87037024340699,0.011,0.545,8.13247217279824e-14,"Sema5a-201",8.13247217279824e-14,"Down"
1.25588100797633e-18,-1.71592326221344,0.057,0.606,9.65194789870125e-14,"Rdx-203",9.65194789870125e-14,"Down"
1.2788589337872e-18,-1.57495034147134,0.159,0.741,9.82854244972818e-14,"Dynll1-202",9.82854244972818e-14,"Down"
1.31349072940325e-18,-2.44010123388182,0.091,0.648,1.00947016517557e-13,"Mcl1-201",1.00947016517557e-13,"Down"
1.39333434616535e-18,-2.15100832012801,0.102,0.662,1.07083317840191e-13,"Ptp4a1-206",1.07083317840191e-13,"Down"
1.52901166971146e-18,-4.50576076766431,0.057,0.588,1.17510662864005e-13,"Timp1-201",1.17510662864005e-13,"Down"
2.14064240496126e-18,-2.11997250073952,0.102,0.659,1.64516931390893e-13,"Ptp4a1-204",1.64516931390893e-13,"Down"
2.1703241481353e-18,-1.44304745364771,0.205,0.77,1.6679809208079e-13,"Aff4-201",1.6679809208079e-13,"Down"
2.33947269828895e-18,-2.00528862975446,0.102,0.67,1.79797834754299e-13,"Rere-202",1.79797834754299e-13,"Down"
2.51644755233529e-18,-2.10536477413889,0.091,0.66,1.93399060187176e-13,"Plac9-201",1.93399060187176e-13,"Down"
2.76479646520202e-18,2.72726575102906,0.841,0.782,2.12485667536636e-13,"Lars2-201",2.12485667536636e-13,"Up"
3.05305815714454e-18,-1.91000285874488,0.534,0.906,2.34639731609186e-13,"Ubc-202",2.34639731609186e-13,"Down"
3.09691883079297e-18,-2.295982496635,0.045,0.589,2.38010599821763e-13,"2310022B05Rik-201",2.38010599821763e-13,"Down"
3.2005940225438e-18,-3.14810544223833,0.08,0.608,2.45978453008581e-13,"Add3-203",2.45978453008581e-13,"Down"
3.76407787707458e-18,-6.46776141680089,0.011,0.524,2.89284441164689e-13,"Cd248-201",2.89284441164689e-13,"Down"
3.86581711873207e-18,-1.03904349908638,0.193,0.794,2.97103508843035e-13,"Pnrc1-201",2.97103508843035e-13,"Down"
4.00103064027897e-18,-1.39015490272827,0.216,0.808,3.07495208828e-13,"Naca-202",3.07495208828e-13,"Down"
4.05488938052001e-18,-7.66736144473237,0,0.516,3.11634468450485e-13,"Tcf21-201",3.11634468450485e-13,"Down"
5.04501232462912e-18,-4.55364488428511,0.034,0.55,3.87729377197046e-13,"Col16a1-209",3.87729377197046e-13,"Down"
6.14066077770319e-18,-2.40437784543268,0.148,0.673,4.71934343409601e-13,"Tgfbr2-201",4.71934343409601e-13,"Down"
6.19233827378365e-18,-1.24935278141764,0.193,0.783,4.75905965693369e-13,"Rnase4-201",4.75905965693369e-13,"Down"
6.88699300071809e-18,-1.93483825955834,0.068,0.607,5.29292960077188e-13,"Atxn10-201",5.29292960077188e-13,"Down"
7.09839294720714e-18,-2.42568561262614,0.08,0.625,5.45539891564658e-13,"Sec31a-201",5.45539891564658e-13,"Down"
7.84101129829893e-18,-1.03202626053659,0.102,0.681,6.02613082319466e-13,"Prrc2a-201",6.02613082319466e-13,"Down"
8.30344972928085e-18,-8.30602766434736,0,0.51,6.3815332549415e-13,"Dpep1-201",6.3815332549415e-13,"Down"
9.22100885251993e-18,-4.33482218993735,0.011,0.53,7.08671414351567e-13,"Alyref-201",7.08671414351567e-13,"Down"
9.64092131943416e-18,-2.65219853829649,0.068,0.607,7.40943367083793e-13,"Matn2-201",7.40943367083793e-13,"Down"
1.01149640152338e-17,-1.98663100231361,0.091,0.632,7.77375444426778e-13,"Smarca2-201",7.77375444426778e-13,"Down"
1.02746144882418e-17,-1.60484556533981,0.182,0.755,7.89645221879333e-13,"Eif3a-201",7.89645221879333e-13,"Down"
1.03138452170609e-17,-1.80679580252281,0.205,0.749,7.92660260311997e-13,"Npm1-201",7.92660260311997e-13,"Down"
1.12701586346618e-17,-3.47159411583158,0.068,0.588,8.66156771708295e-13,"Lamb2-201",8.66156771708295e-13,"Down"
1.37351929068047e-17,-1.29334967913219,0.114,0.681,1.05560451565957e-12,"Srpr-201",1.05560451565957e-12,"Down"
1.43337322338435e-17,-1.19432179130775,0.091,0.642,1.10160465709981e-12,"Crebbp-201",1.10160465709981e-12,"Down"
1.71325890881936e-17,-2.0127950075996,0.045,0.58,1.31670800178403e-12,"Bmp1-205",1.31670800178403e-12,"Down"
1.80732004703106e-17,-1.79857731672758,0.091,0.638,1.38899774894525e-12,"Acbd3-201",1.38899774894525e-12,"Down"
1.89720358633544e-17,-7.3190537729604,0,0.502,1.45807684424224e-12,"Tcf23-201",1.45807684424224e-12,"Down"
2.10077574244581e-17,-2.32564675021902,0.08,0.603,1.6145301890993e-12,"Lpp-201",1.6145301890993e-12,"Down"
2.18399055283321e-17,-2.22409277003451,0.034,0.553,1.67848409947444e-12,"Plac8-201",1.67848409947444e-12,"Down"
2.50198621306141e-17,-1.54687247132632,0.114,0.662,1.92287648418621e-12,"Ubr4-201",1.92287648418621e-12,"Down"
2.56701793013176e-17,-3.89738862517581,0.057,0.567,1.97285596002346e-12,"Stip1-201",1.97285596002346e-12,"Down"
2.88916014025438e-17,-1.29877827131147,0.045,0.569,2.2204351341911e-12,"Smarca5-201",2.2204351341911e-12,"Down"
2.98121439531069e-17,-2.01653648740248,0.159,0.7,2.29118251137208e-12,"Prrc2c-210",2.29118251137208e-12,"Down"
3.54205982971894e-17,-2.38761372623933,0.057,0.579,2.72221466153219e-12,"Nfil3-201",2.72221466153219e-12,"Down"
3.65070785645903e-17,-2.41400293882407,0.068,0.576,2.80571501600302e-12,"Pigt-201",2.80571501600302e-12,"Down"
3.6869866008433e-17,-3.74383384647172,0.011,0.518,2.83359668221211e-12,"Ccl2-201",2.83359668221211e-12,"Down"
3.81992166632478e-17,-7.41189658698192,0,0.496,2.93576259743725e-12,"Tnxb-204",2.93576259743725e-12,"Down"
3.90050374842805e-17,-2.69146706178408,0.08,0.603,2.99769315081689e-12,"Setd2-201",2.99769315081689e-12,"Down"
4.0489524448273e-17,-1.2103467318594,0.193,0.732,3.11178191194757e-12,"Ddb1-201",3.11178191194757e-12,"Down"
4.10446051689733e-17,-5.27813353826057,0.091,0.581,3.15444208565627e-12,"Csf1-201",3.15444208565627e-12,"Down"
4.51699509877128e-17,-1.77464363802112,0.114,0.678,3.47149141320968e-12,"Nisch-201",3.47149141320968e-12,"Down"
4.73152598645467e-17,-1.31030370535048,0.091,0.629,3.63636698162987e-12,"Kdelr1-201",3.63636698162987e-12,"Down"
5.09012569817479e-17,-1.93348920779735,0.08,0.613,3.91196520407525e-12,"Tubb6-201",3.91196520407525e-12,"Down"
5.45384481744799e-17,-2.83835497476014,0.045,0.563,4.19149789600148e-12,"Smc1a-201",4.19149789600148e-12,"Down"
5.69253410997681e-17,-1.44524633214794,0.386,0.848,4.37494016488158e-12,"Ccn1-201",4.37494016488158e-12,"Down"
6.12404417520891e-17,-2.37455226270069,0.068,0.595,4.70657291041505e-12,"Klf9-201",4.70657291041505e-12,"Down"
6.16318713574412e-17,-1.78937180446976,0.102,0.641,4.73665584130479e-12,"Pdcd6ip-201",4.73665584130479e-12,"Down"
6.35337032395529e-17,-3.11793970387548,0.125,0.616,4.8828192287726e-12,"Col6a3-201",4.8828192287726e-12,"Down"
6.52732799661548e-17,-2.37729794056749,0.08,0.604,5.01651265851886e-12,"Pdpn-201",5.01651265851886e-12,"Down"
6.63427189001996e-17,-3.08737572803051,0.034,0.538,5.09870331835594e-12,"Tnfaip3-202",5.09870331835594e-12,"Down"
6.74898738548465e-17,-3.62905987175323,0.057,0.559,5.18686676524037e-12,"Thbd-201",5.18686676524037e-12,"Down"
6.90441967991224e-17,-4.41049386790495,0.023,0.52,5.30632270079975e-12,"Map1a-201",5.30632270079975e-12,"Down"
7.72818272484683e-17,-4.00044643236612,0.011,0.511,5.93941755135378e-12,"Pcsk5-201",5.93941755135378e-12,"Down"
7.76454981681153e-17,-2.65738065682055,0.057,0.581,5.96736711621233e-12,"Phldb1-210",5.96736711621233e-12,"Down"
7.88462566611064e-17,-1.24741128885158,0.091,0.624,6.05965020943267e-12,"Brd4-203",6.05965020943267e-12,"Down"
8.11896122571516e-17,-2.66096183884466,0.011,0.512,6.23974646041113e-12,"Lama2-201",6.23974646041113e-12,"Down"
8.1673653477667e-17,-3.28027130200597,0.045,0.549,6.27694696437262e-12,"Ssc5d-201",6.27694696437262e-12,"Down"
8.87012678985707e-17,-1.32214871327488,0.466,0.905,6.81704724307675e-12,"Jund-201",6.81704724307675e-12,"Down"
8.89723235552285e-17,-5.8303957044229,0.045,0.531,6.83787895451353e-12,"Uap1-203",6.83787895451353e-12,"Down"
9.00108079727753e-17,-4.13076945330452,0.057,0.561,6.91769063593968e-12,"Tcf4-207",6.91769063593968e-12,"Down"
9.22748845907304e-17,-3.73428229897229,0.034,0.537,7.091693980336e-12,"Egfr-201",7.091693980336e-12,"Down"
9.29643294517765e-17,-1.51094919492913,0.068,0.594,7.14468057568683e-12,"Cct5-201",7.14468057568683e-12,"Down"
9.55910642668634e-17,-1.89551143222572,0.091,0.613,7.34655565316552e-12,"Smarca2-209",7.34655565316552e-12,"Down"
1.03227068561268e-16,-1.72128530307889,0.136,0.667,7.93341312720767e-12,"Rcn3-201",7.93341312720767e-12,"Down"
1.03244605861787e-16,-3.75506092923997,0.034,0.527,7.93476093890175e-12,"Tubb2a-201",7.93476093890175e-12,"Down"
1.04374036617987e-16,-4.74716208016168,0.034,0.518,8.02156221023876e-12,"Chpf-201",8.02156221023876e-12,"Down"
1.09249970421405e-16,-1.14665398336452,0.068,0.603,8.39629722676666e-12,"Lman1-209",8.39629722676666e-12,"Down"
1.09696509784254e-16,-1.89747521077587,0.068,0.592,8.43061556295906e-12,"Ptbp1-215",8.43061556295906e-12,"Down"
1.12213848060385e-16,-1.69927503000195,0.08,0.616,8.62408307883286e-12,"Snd1-201",8.62408307883286e-12,"Down"
1.15809021365736e-16,-3.41221004835651,0.045,0.547,8.90038652804225e-12,"Ncor1-204",8.90038652804225e-12,"Down"
1.19299432601987e-16,-2.0107165940791,0.068,0.576,9.1686385931931e-12,"Ssr2-207",9.1686385931931e-12,"Down"
1.25790278075209e-16,-1.8406126526939,0.102,0.63,9.66748603119215e-12,"Ier5-201",9.66748603119215e-12,"Down"
1.28748438820563e-16,-2.02132203338163,0.057,0.572,9.89483251711557e-12,"Ackr3-201",9.89483251711557e-12,"Down"
1.32463573959623e-16,-4.53887216243636,0.011,0.504,1.01803555130929e-11,"Tnxb-203",1.01803555130929e-11,"Down"
1.32686534372556e-16,-2.43013012158349,0.091,0.614,1.01974909126684e-11,"Tgm2-201",1.01974909126684e-11,"Down"
1.33571234308786e-16,-3.4876703526174,0.034,0.541,1.02654836415675e-11,"Ntrk2-202",1.02654836415675e-11,"Down"
1.33733151040654e-16,-1.88840294529042,0.08,0.604,1.02779275900785e-11,"Smarca2-216",1.02779275900785e-11,"Down"
1.60837714206817e-16,-4.9422749925404,0.011,0.501,1.23610216876507e-11,"Sulf1-202",1.23610216876507e-11,"Down"
1.79122901566435e-16,-4.35122874816196,0.023,0.512,1.37663114769868e-11,"Map1a-202",1.37663114769868e-11,"Down"
1.79208960702799e-16,-2.24831640562182,0.045,0.564,1.37729254658529e-11,"Myh10-203",1.37729254658529e-11,"Down"
1.79548285512622e-16,-2.92666260867284,0.045,0.548,1.3799003934787e-11,"Anapc5-202",1.3799003934787e-11,"Down"
1.95583529871991e-16,-1.05150535948138,0.102,0.66,1.5031376604782e-11,"Lrrc59-201",1.5031376604782e-11,"Down"
2.05689173316564e-16,-1.93978833408533,0.057,0.55,1.58080357260712e-11,"Cpd-201",1.58080357260712e-11,"Down"
2.06680345221066e-16,-1.09574009085094,0.159,0.749,1.58842112516198e-11,"Ddx3x-201",1.58842112516198e-11,"Down"
2.16666161137456e-16,-2.62751326512214,0.057,0.554,1.6651661148058e-11,"Sel1l-201",1.6651661148058e-11,"Down"
2.38644076135934e-16,-2.46931978231203,0.08,0.593,1.83407518273511e-11,"Cavin3-201",1.83407518273511e-11,"Down"
2.51306405189125e-16,-1.31906255371006,0.136,0.674,1.9313902464405e-11,"Mlec-201",1.9313902464405e-11,"Down"
2.54683277261712e-16,-1.24032257285256,0.148,0.691,1.95734285906716e-11,"Ptms-201",1.95734285906716e-11,"Down"
2.65890748840059e-16,-2.34127958582975,0.091,0.599,2.04347676113539e-11,"Ptp4a1-203",2.04347676113539e-11,"Down"
2.76006290189765e-16,-2.82307767031036,0.068,0.58,2.12121874262442e-11,"Tram1-201",2.12121874262442e-11,"Down"
2.80875221108426e-16,-1.05322752453598,0.057,0.574,2.1586384243067e-11,"Lman1-201",2.1586384243067e-11,"Down"
2.80994298762085e-16,-1.35415156025159,0.136,0.692,2.15955358370612e-11,"Top1-201",2.15955358370612e-11,"Down"
2.97185896065477e-16,-1.05675744209513,0.25,0.803,2.28399248562162e-11,"Eif4a1-213",2.28399248562162e-11,"Down"
2.98345082147776e-16,-1.96360291926275,0.125,0.64,2.29290129433852e-11,"Rcn3-208",2.29290129433852e-11,"Down"
3.00843496327179e-16,-2.74428010409495,0.08,0.572,2.3121026066729e-11,"Atrx-202",2.3121026066729e-11,"Down"
3.16803156307015e-16,-4.00260105978244,0.057,0.551,2.43475897748194e-11,"Tcf4-202",2.43475897748194e-11,"Down"
3.19115874025248e-16,-1.96340385252522,0.068,0.568,2.45253313823364e-11,"Ssr2-201",2.45253313823364e-11,"Down"
3.39987705015317e-16,-2.6215856416994,0.08,0.585,2.61294150812472e-11,"ENSMUST00000249998.1",2.61294150812472e-11,"Down"
3.47531980826752e-16,-1.85488987445058,0.023,0.507,2.67092228544592e-11,"Rdx-204",2.67092228544592e-11,"Down"
3.69206675915266e-16,-4.98282047301853,0.011,0.486,2.83750098707918e-11,"Cpq-207",2.83750098707918e-11,"Down"
3.80097379040859e-16,-2.78038848572843,0.045,0.536,2.92120039688062e-11,"Ltbp4-201",2.92120039688062e-11,"Down"
3.9576024469633e-16,-1.69554871742858,0.102,0.627,3.04157578458917e-11,"Tcp1-209",3.04157578458917e-11,"Down"
3.96037451114572e-16,-1.88221072289791,0.125,0.658,3.04370622679593e-11,"Sptan1-201",3.04370622679593e-11,"Down"
4.02728952334151e-16,-4.40926651975076,0.023,0.507,3.09513309026888e-11,"Pgr-204",3.09513309026888e-11,"Down"
4.17582853229898e-16,-3.23006221002792,0.045,0.526,3.20929126021306e-11,"Gfpt2-201",3.20929126021306e-11,"Down"
4.32939011407512e-16,-2.13056388911384,0.193,0.707,3.32730947827129e-11,"Gng12-201",3.32730947827129e-11,"Down"
4.33530857900137e-16,-2.15732806843079,0.068,0.566,3.33185805530571e-11,"Smarca2-202",3.33185805530571e-11,"Down"
4.49557472757356e-16,-3.13664519812584,0.045,0.541,3.45502900112938e-11,"Tmed7-202",3.45502900112938e-11,"Down"
4.61732277353932e-16,-2.18486735492941,0.045,0.556,3.54859724437591e-11,"Myh10-202",3.54859724437591e-11,"Down"
4.64569015543892e-16,-1.02347660879579,0.182,0.74,3.57039871206103e-11,"Rab7-204",3.57039871206103e-11,"Down"
4.67976701300449e-16,-1.42482536843321,0.227,0.77,3.59658814017447e-11,"Maged1-201",3.59658814017447e-11,"Down"
4.72042188710005e-16,-1.41551458848581,0.057,0.571,3.62783303711187e-11,"Sp3-201",3.62783303711187e-11,"Down"
4.79746027884649e-16,-1.83738122371369,0.045,0.551,3.68704012270468e-11,"Hnrnpa1-202",3.68704012270468e-11,"Down"
5.39561693002604e-16,-1.21139740761744,0.125,0.691,4.14674743540221e-11,"Slc38a2-201",4.14674743540221e-11,"Down"
5.48003240824541e-16,-2.73152217189371,0.068,0.566,4.21162410703293e-11,"Prelp-201",4.21162410703293e-11,"Down"
5.56547802747361e-16,-2.41605272401935,0.125,0.633,4.27729248323457e-11,"Gem-202",4.27729248323457e-11,"Down"
6.00203134574024e-16,1.77107435514915,0.591,0.209,4.6128011704552e-11,"Gnas-211",4.6128011704552e-11,"Up"
6.01383341682019e-16,-3.02851167327924,0.023,0.513,4.62187153416299e-11,"Ptprs-201",4.62187153416299e-11,"Down"
6.04948002054056e-16,-1.5174443367687,0.045,0.542,4.64926737498624e-11,"Rbms3-206",4.64926737498624e-11,"Down"
6.21796991969281e-16,-1.35356210949232,0.205,0.752,4.77875860208071e-11,"Btg1-201",4.77875860208071e-11,"Down"
6.40040721559358e-16,-2.55882159783358,0.045,0.532,4.91896896147229e-11,"Chst11-201",4.91896896147229e-11,"Down"
6.58340385841227e-16,-1.94072063367014,0.125,0.67,5.05960920134417e-11,"Fbln2-201",5.05960920134417e-11,"Down"
6.58478891634645e-16,-1.90460183853305,0.125,0.648,5.0606736737689e-11,"Eif3b-201",5.0606736737689e-11,"Down"
7.03016172846773e-16,-2.6092891244098,0.057,0.534,5.40296049479659e-11,"Vasn-201",5.40296049479659e-11,"Down"
7.10130283062533e-16,-1.0792004130959,0.125,0.656,5.45763527744879e-11,"Ppp2ca-201",5.45763527744879e-11,"Down"
7.2621221872653e-16,-6.35581238689416,0,0.468,5.58123138580088e-11,"Cadm3-202",5.58123138580088e-11,"Down"
7.72081158484452e-16,-4.81934338858026,0.034,0.502,5.93375253541641e-11,"Pcolce-202",5.93375253541641e-11,"Down"
8.24482597334938e-16,-3.63127238309309,0.023,0.5,6.33647855355793e-11,"Cpq-201",6.33647855355793e-11,"Down"
9.33711739781985e-16,-4.74188410241036,0.034,0.503,7.17594820492046e-11,"Tnfaip3-205",7.17594820492046e-11,"Down"
9.66267758011756e-16,-3.35339249037581,0.023,0.502,7.42615422742355e-11,"Chd9-202",7.42615422742355e-11,"Down"
1.01828480186312e-15,-1.08307854549438,0.159,0.701,7.82592601623884e-11,"Mapk1-201",7.82592601623884e-11,"Down"
1.02384120966766e-15,-3.66382170784751,0.034,0.513,7.86862923277981e-11,"Cfh-203",7.86862923277981e-11,"Down"
1.0577747756979e-15,-2.60079209594142,0.159,0.649,8.12942226114865e-11,"Postn-203",8.12942226114865e-11,"Down"
1.06714731943502e-15,-1.62791545556832,0.148,0.661,8.20145400878592e-11,"Sf3b1-201",8.20145400878592e-11,"Down"
1.08562044033833e-15,-2.29064207657757,0.057,0.548,8.34342733217618e-11,"Jmjd1c-211",8.34342733217618e-11,"Down"
1.13882176044748e-15,-2.34940403721218,0.068,0.562,8.75230075774308e-11,"Anapc5-218",8.75230075774308e-11,"Down"
1.17719690030873e-15,-1.96483455883058,0.045,0.54,9.04722905763275e-11,"Bptf-203",9.04722905763275e-11,"Down"
1.18297075851661e-15,-2.64084832277063,0.023,0.495,9.09160346750357e-11,"1810055G02Rik-206",9.09160346750357e-11,"Down"
1.18455770962984e-15,-1.3313431266603,0.693,0.889,9.10379982158919e-11,"Gnas-202",9.10379982158919e-11,"Down"
1.19083693971275e-15,-2.59923106298321,0.023,0.495,9.15205821646838e-11,"1810055G02Rik-201",9.15205821646838e-11,"Down"
1.1979885814786e-15,-5.81689391345756,0.011,0.473,9.20702144409566e-11,"Plac8-203",9.20702144409566e-11,"Down"
1.22393438996068e-15,-3.25028297220282,0.057,0.539,9.40642536060379e-11,"Septin11-201",9.40642536060379e-11,"Down"
1.30564955583443e-15,-2.72937027490221,0.034,0.513,1.003443909641e-10,"Col14a1-201",1.003443909641e-10,"Down"
1.37643652282369e-15,-2.02805004701379,0.045,0.536,1.05784652525092e-10,"Isoc1-201",1.05784652525092e-10,"Down"
1.37906533335579e-15,-2.00699335933147,0.068,0.566,1.05986687129726e-10,"Copa-206",1.05986687129726e-10,"Down"
1.43443690917633e-15,-2.16745251618459,0.148,0.66,1.10242214217838e-10,"Tacc1-201",1.10242214217838e-10,"Down"
1.45125210705182e-15,-1.74387574491436,0.091,0.592,1.11534529435361e-10,"Ndel1-201",1.11534529435361e-10,"Down"
1.4866673069878e-15,-5.7730293843105,0.011,0.474,1.14256329211241e-10,"Gpx7-201",1.14256329211241e-10,"Down"
1.49384595416562e-15,-1.9570146717638,0.159,0.679,1.14808036961445e-10,"Emp1-206",1.14808036961445e-10,"Down"
1.49384595416562e-15,-1.9570146717717,0.159,0.679,1.14808036961445e-10,"Emp1-201",1.14808036961445e-10,"Down"
1.49862359785814e-15,-5.79675010279732,0.011,0.47,1.15175217989789e-10,"Plac8-202",1.15175217989789e-10,"Down"
1.50409361114084e-15,-1.66869359576014,0.057,0.541,1.15595610390618e-10,"Oat-201",1.15595610390618e-10,"Down"
1.58920938727496e-15,-2.31221598486288,0.057,0.548,1.2213709824963e-10,"Kat6a-202",1.2213709824963e-10,"Down"
1.63450680308722e-15,-1.07350065489204,0.273,0.853,1.25618385844465e-10,"Hnrnpu-201",1.25618385844465e-10,"Down"
1.636473864156e-15,-2.20854783016231,0.125,0.613,1.25769562355845e-10,"Chd4-201",1.25769562355845e-10,"Down"
1.74762200258437e-15,-5.61191714525586,0,0.46,1.34311741386619e-10,"Adamtsl1-209",1.34311741386619e-10,"Down"
1.86900545092841e-15,-2.54614470651364,0.023,0.49,1.43640544925652e-10,"1810055G02Rik-204",1.43640544925652e-10,"Down"
1.90519198526209e-15,-3.40188950884891,0.057,0.524,1.46421624835332e-10,"Ssb-206",1.46421624835332e-10,"Down"
1.9180234845692e-15,-2.51511947892095,0.057,0.551,1.47407776883081e-10,"Birc6-202",1.47407776883081e-10,"Down"
1.92633943042136e-15,-2.28263231876182,0.068,0.564,1.48046890585603e-10,"Pxdn-202",1.48046890585603e-10,"Down"
1.94256682706118e-15,-1.53912105029488,0.148,0.682,1.4929403092696e-10,"Gaa-203",1.4929403092696e-10,"Down"
1.96299589980505e-15,-2.62543384675288,0.057,0.538,1.50864086883618e-10,"Hectd1-201",1.50864086883618e-10,"Down"
2.02321962889045e-15,-1.50520905509649,0.159,0.691,1.55492521358746e-10,"Dag1-204",1.55492521358746e-10,"Down"
2.09174940242722e-15,-2.87616486180457,0.068,0.535,1.60759308574141e-10,"Arap1-204",1.60759308574141e-10,"Down"
2.25308174159276e-15,-1.22758312275816,0.148,0.678,1.7315834416837e-10,"Stt3b-201",1.7315834416837e-10,"Down"
2.28125151722673e-15,-2.70234413822018,0.011,0.48,1.75323304104943e-10,"Tmed9-203",1.75323304104943e-10,"Down"
2.28647966650664e-15,-1.77138815941805,0.057,0.544,1.75725108289701e-10,"Pom121-201",1.75725108289701e-10,"Down"
2.34620966265309e-15,-1.56972585481887,0.148,0.658,1.8031559741354e-10,"Spag9-202",1.8031559741354e-10,"Down"
2.40390323841553e-15,-1.99946898654774,0.125,0.644,1.84749579485187e-10,"Ier2-201",1.84749579485187e-10,"Down"
2.40690595482923e-15,-1.06844368936774,0.114,0.632,1.84980350252445e-10,"Erp29-203",1.84980350252445e-10,"Down"
2.48488073354467e-15,-2.19010296329893,0.091,0.576,1.90973023895842e-10,"Add3-202",1.90973023895842e-10,"Down"
2.51445293626272e-15,-2.25591691058113,0.068,0.545,1.93245765963535e-10,"Mmp23-201",1.93245765963535e-10,"Down"
2.56671160295535e-15,-3.81220704765633,0.011,0.478,1.9726205353353e-10,"Pcsk5-204",1.9726205353353e-10,"Down"
2.57613552605691e-15,-1.8992843771131,0.08,0.58,1.97986319719578e-10,"Arid1b-202",1.97986319719578e-10,"Down"
2.60359495689026e-15,-2.00084430452156,0.091,0.594,2.00096686816844e-10,"Ncor2-202",2.00096686816844e-10,"Down"
2.60672045448702e-15,-1.32853448332964,0.193,0.72,2.00336893809146e-10,"Os9-202",2.00336893809146e-10,"Down"
2.66142674983644e-15,-2.63224446469597,0.045,0.516,2.0454129143193e-10,"Hivep2-201",2.0454129143193e-10,"Down"
2.67793833567887e-15,-4.81969807689188,0.023,0.484,2.05810272850264e-10,"Hif1a-202",2.05810272850264e-10,"Down"
2.79566555012246e-15,-4.22788959851754,0.034,0.503,2.14858080189112e-10,"Fst-202",2.14858080189112e-10,"Down"
2.82835970592907e-15,-1.24512595598595,0.114,0.621,2.17370756839473e-10,"Bzw1-201",2.17370756839473e-10,"Down"
2.91789260632207e-15,-1.653296275319,0.057,0.53,2.24251718366276e-10,"Ifitm2-201",2.24251718366276e-10,"Down"
2.97182388482832e-15,-3.27555745444934,0.023,0.492,2.28396552844596e-10,"Chd9-201",2.28396552844596e-10,"Down"
3.03354465766451e-15,-2.38958995965539,0.045,0.525,2.33140041120149e-10,"Stx5a-202",2.33140041120149e-10,"Down"
3.06053481376501e-15,-2.63743217774583,0.045,0.526,2.35214342577096e-10,"Khsrp-201",2.35214342577096e-10,"Down"
3.09889093344086e-15,-4.16862756398928,0.034,0.497,2.38162163798664e-10,"Erp29-201",2.38162163798664e-10,"Down"
3.37278988696096e-15,-1.67013105151984,0.114,0.629,2.59212393972498e-10,"Son-203",2.59212393972498e-10,"Down"
3.38833719287821e-15,-1.16520621815901,0.057,0.549,2.60407266621462e-10,"Acin1-201",2.60407266621462e-10,"Down"
3.41849610473302e-15,-1.7699587506734,0.125,0.638,2.62725099633151e-10,"Sptan1-202",2.62725099633151e-10,"Down"
3.51577281818155e-15,-1.32434515380967,0.114,0.621,2.70201204168525e-10,"Ubr4-212",2.70201204168525e-10,"Down"
3.53133126303537e-15,-1.26260726162894,0.148,0.669,2.7139693288932e-10,"Rab1a-206",2.7139693288932e-10,"Down"
3.56014749457844e-15,-1.71025724969174,0.057,0.548,2.73611575548332e-10,"Usp9x-201",2.73611575548332e-10,"Down"
3.62707826125899e-15,-3.06279999037273,0.045,0.522,2.78755472690798e-10,"Ccnl1-203",2.78755472690798e-10,"Down"
3.76448630368398e-15,-1.74788639304362,0.034,0.511,2.89315830383329e-10,"Gpx8-201",2.89315830383329e-10,"Down"
3.81630222028811e-15,-2.23834326021214,0.057,0.536,2.93298090838023e-10,"Jmjd1c-201",2.93298090838023e-10,"Down"
3.85475226544553e-15,-3.96137533171258,0.068,0.534,2.9625313060855e-10,"Phlda1-201",2.9625313060855e-10,"Down"
4.00342149620993e-15,-1.34897854285471,0.125,0.646,3.07678955669718e-10,"Ifrd1-201",3.07678955669718e-10,"Down"
4.13524538917798e-15,-1.96508218015453,0.102,0.618,3.17810149139884e-10,"Myadm-204",3.17810149139884e-10,"Down"
4.1861038461575e-15,-1.20984623872934,0.114,0.619,3.21718824992588e-10,"Cd9-201",3.21718824992588e-10,"Down"
4.20728356687933e-15,-2.31686901592422,0.034,0.502,3.23346571248944e-10,"Svil-211",3.23346571248944e-10,"Down"
4.30781049165306e-15,-1.32574524671571,0.068,0.543,3.31072467525504e-10,"Ppp1r15b-201",3.31072467525504e-10,"Down"
4.32590652159651e-15,-1.8034633575547,0.08,0.566,3.32463219810778e-10,"Copg1-202",3.32463219810778e-10,"Down"
4.43321856898488e-15,-1.17932632033907,0.136,0.628,3.40710579900764e-10,"Eif4g1-202",3.40710579900764e-10,"Down"
4.45458174210562e-15,-2.447394334277,0.068,0.539,3.42352425207785e-10,"Exoc6b-203",3.42352425207785e-10,"Down"
4.49325855808002e-15,-4.77317274704876,0.034,0.479,3.45324893222682e-10,"Arap1-203",3.45324893222682e-10,"Down"
4.78630196895513e-15,-5.1673197378474,0.045,0.497,3.67846451522078e-10,"Uap1-201",3.67846451522078e-10,"Down"
4.82991487250324e-15,4.45380652330945,0.477,0.193,3.71198277611364e-10,"Cpe-201",3.71198277611364e-10,"Up"
4.94252332198798e-15,-2.18523995501149,0.057,0.535,3.79852687388064e-10,"Arid1b-207",3.79852687388064e-10,"Down"
4.94535325964424e-15,-1.64878214698617,0.114,0.623,3.80070179416699e-10,"Sptan1-204",3.80070179416699e-10,"Down"
5.0365348122396e-15,-1.57957717663671,0.136,0.636,3.87077846459862e-10,"Aff1-202",3.87077846459862e-10,"Down"
5.10619218252223e-15,-2.21896013010062,0.114,0.596,3.92431293995564e-10,"Chd4-203",3.92431293995564e-10,"Down"
5.1618046046661e-15,-1.5799312692518,0.114,0.638,3.96705331087008e-10,"Ewsr1-203",3.96705331087008e-10,"Down"
5.21986713544499e-15,-1.03967272762242,0.136,0.647,4.01167668827489e-10,"Sar1a-201",4.01167668827489e-10,"Down"
5.43775451853265e-15,-1.16421089409244,0.239,0.777,4.17913185767308e-10,"Pttg1ip-201",4.17913185767308e-10,"Down"
5.49094115057748e-15,-3.31676155165382,0.045,0.505,4.22000791186482e-10,"Rnf213-201",4.22000791186482e-10,"Down"
5.75317567788308e-15,-1.58372987492585,0.102,0.607,4.42154563548026e-10,"Mrc2-202",4.42154563548026e-10,"Down"
5.79809477764209e-15,-2.24581482738333,0.125,0.606,4.45606776040905e-10,"Itga5-201",4.45606776040905e-10,"Down"
5.92681619354461e-15,-1.39746643291235,0.08,0.588,4.55499531738678e-10,"Ash1l-202",4.55499531738678e-10,"Down"
5.97524063929891e-15,-1.22064313522372,0.159,0.702,4.59221144092679e-10,"Map7d1-201",4.59221144092679e-10,"Down"
5.99690518747347e-15,-1.95917893177642,0.045,0.533,4.60886151278086e-10,"Ets2-201",4.60886151278086e-10,"Down"
6.35554493571526e-15,-1.03331230135961,0.068,0.563,4.8844905048946e-10,"Foxo1-201",4.8844905048946e-10,"Down"
6.36921008881523e-15,-7.6711328374774,0,0.447,4.89499272165806e-10,"Rasd1-201",4.89499272165806e-10,"Down"
6.46535564976757e-15,-1.43561880578147,0.102,0.617,4.96888443107237e-10,"Zfr-201",4.96888443107237e-10,"Down"
6.54392918204875e-15,-2.86935558986227,0.023,0.482,5.02927133357174e-10,"Rev3l-204",5.02927133357174e-10,"Down"
6.6817532015635e-15,-1.63682035364095,0.091,0.588,5.13519460552961e-10,"Numa1-201",5.13519460552961e-10,"Down"
6.97833768741572e-15,-2.61494843619906,0.08,0.552,5.36313164628648e-10,"Arid1a-205",5.36313164628648e-10,"Down"
7.03983491110103e-15,-1.68499170029576,0.114,0.613,5.41039472257759e-10,"Btg2-201",5.41039472257759e-10,"Down"
7.05480440477414e-15,-2.26277206044659,0.057,0.534,5.42189937724512e-10,"Kat6a-204",5.42189937724512e-10,"Down"
7.23006727509973e-15,-3.43523085609745,0.011,0.457,5.55659590360515e-10,"Tcf3-208",5.55659590360515e-10,"Down"
7.23236347767977e-15,-1.71368303996135,0.136,0.654,5.55836062713601e-10,"Cdv3-202",5.55836062713601e-10,"Down"
7.33580847675807e-15,-1.23999387523168,0.08,0.573,5.63786224672764e-10,"Kat6a-201",5.63786224672764e-10,"Down"
7.40987144757383e-15,1.96562830353996,0.852,0.892,5.69478260231839e-10,"Ftl1-ps1-202",5.69478260231839e-10,"Up"
7.83458379229546e-15,-1.4274349166491,0.034,0.501,6.02119102773075e-10,"Cand1-201",6.02119102773075e-10,"Down"
8.06135306106095e-15,-3.37903505080482,0.011,0.456,6.19547228154778e-10,"Tcf3-202",6.19547228154778e-10,"Down"
8.06275496018838e-15,-5.9788371841772,0.011,0.461,6.19654969710317e-10,"Col11a1-201",6.19654969710317e-10,"Down"
8.15328513521285e-15,-2.40612473016117,0.068,0.551,6.26612575781648e-10,"Hnrnpa1-204",6.26612575781648e-10,"Down"
8.69487084036228e-15,-3.29505055049916,0.045,0.501,6.68235603565203e-10,"Rnf213-202",6.68235603565203e-10,"Down"
8.86742108665469e-15,-2.8498316939904,0.057,0.508,6.8149678019376e-10,"Arap1-201",6.8149678019376e-10,"Down"
8.88158003063201e-15,-2.7016103259817,0.102,0.572,6.82584951674192e-10,"Prrc2c-209",6.82584951674192e-10,"Down"
8.9864060158151e-15,-3.38201321844968,0.011,0.455,6.90641247939453e-10,"Tcf3-209",6.90641247939453e-10,"Down"
8.9864060158151e-15,-3.42128546006982,0.011,0.455,6.90641247939453e-10,"Tcf3-207",6.90641247939453e-10,"Down"
9.21658355847373e-15,-1.77140075560123,0.045,0.521,7.0833131280294e-10,"Bptf-202",7.0833131280294e-10,"Down"
9.26276396712825e-15,-1.66462753349132,0.057,0.542,7.11880461929675e-10,"Bptf-201",7.11880461929675e-10,"Down"
9.39623827365459e-15,-2.53676746166926,0.045,0.504,7.2213849628345e-10,"Hivep2-205",7.2213849628345e-10,"Down"
9.87802090387065e-15,-2.3020634593969,0.068,0.542,7.59165418546075e-10,"Anapc5-208",7.59165418546075e-10,"Down"
9.919372032986e-15,-1.58827190854179,0.114,0.621,7.62343418223106e-10,"Son-202",7.62343418223106e-10,"Down"
1.03967158222213e-14,-1.63572477461438,0.114,0.619,7.99029197800993e-10,"Son-208",7.99029197800993e-10,"Down"
1.06863145331791e-14,-1.84007066445519,0.08,0.558,8.21286017132944e-10,"Eif4a2-202",8.21286017132944e-10,"Down"
1.07165110513214e-14,-2.47006449407158,0.068,0.542,8.23606740338257e-10,"Wdr82-201",8.23606740338257e-10,"Down"
1.09289248209895e-14,-1.65133104064476,0.205,0.691,8.39931588192324e-10,"Bhlhe40-201",8.39931588192324e-10,"Down"
1.09435256932512e-14,-1.10510456748199,0.091,0.568,8.41053723629126e-10,"Ipo5-201",8.41053723629126e-10,"Down"
1.10653207079898e-14,-2.38275282997571,0.057,0.535,8.50414157691847e-10,"Birc6-218",8.50414157691847e-10,"Down"
1.10902733983962e-14,-1.62479721989033,0.057,0.536,8.52331871760343e-10,"Tmem131-208",8.52331871760343e-10,"Down"
1.11843806363881e-14,1.72808534770017,0.545,0.191,8.59564389428974e-10,"Gnas-223",8.59564389428974e-10,"Up"
1.16261438614297e-14,-1.21018554925348,0.148,0.666,8.93515660326321e-10,"Kdm6b-201",8.93515660326321e-10,"Down"
1.21504765604964e-14,-1.27321751106811,0.102,0.595,9.33812725580387e-10,"Nup98-203",9.33812725580387e-10,"Down"
1.23885229936108e-14,-1.61710234665549,0.057,0.535,9.52107546150966e-10,"Tmem131-201",9.52107546150966e-10,"Down"
1.24335987249876e-14,-3.36632650839349,0.011,0.451,9.555717964102e-10,"Tcf3-204",9.555717964102e-10,"Down"
1.28055501585984e-14,-4.34415087441939,0.011,0.459,9.8415775188892e-10,"Adamtsl1-203",9.8415775188892e-10,"Down"
1.31634180685663e-14,-3.1484465010527,0.034,0.49,1.01166133224159e-09,"Stx5a-213",1.01166133224159e-09,"Down"
1.32647065167812e-14,-1.53807284645868,0.102,0.603,1.0194457546407e-09,"Ncor2-206",1.0194457546407e-09,"Down"
1.33176316221596e-14,-1.48840852904599,0.102,0.586,1.02351326068945e-09,"Nono-201",1.02351326068945e-09,"Down"
1.40256701408851e-14,-2.32884857700005,0.034,0.494,1.07792885300759e-09,"Krtcap2-201",1.07792885300759e-09,"Down"
1.42234743769816e-14,-4.01958748287456,0.034,0.488,1.09313089976854e-09,"Lsp1-202",1.09313089976854e-09,"Down"
1.54230195602807e-14,-3.4106394925337,0.011,0.449,1.18532074528581e-09,"Tcf3-206",1.18532074528581e-09,"Down"
1.59270908397191e-14,-1.79542503106827,0.045,0.513,1.22406063939577e-09,"Ccnl1-201",1.22406063939577e-09,"Down"
1.60265161576909e-14,-2.99763362141158,0.057,0.51,1.23170187278317e-09,"Ranbp2-201",1.23170187278317e-09,"Down"
1.61058983314924e-14,-1.58539051057007,0.068,0.563,1.23780271036852e-09,"Fau-203",1.23780271036852e-09,"Down"
1.67007944877679e-14,-2.30172820268768,0.023,0.47,1.28352285956291e-09,"Cbx3-201",1.28352285956291e-09,"Down"
1.67612707603036e-14,-4.17299261591226,0.114,0.542,1.28817070301237e-09,"Prss23-201",1.28817070301237e-09,"Down"
1.69377005166179e-14,-1.06949375359601,0.08,0.568,1.30173003550416e-09,"Kmt2c-201",1.30173003550416e-09,"Down"
1.70337751623429e-14,-2.84752014406926,0.045,0.505,1.3091137563267e-09,"Hnrnpa1-201",1.3091137563267e-09,"Down"
1.72566642941694e-14,-1.3506860988405,0.273,0.783,1.3262436776641e-09,"Gadd45g-201",1.3262436776641e-09,"Down"
1.72604571700574e-14,-1.25386004433802,0.159,0.699,1.32653517534759e-09,"Ly6e-210",1.32653517534759e-09,"Down"
1.74146831070215e-14,-2.5898494078614,0.011,0.46,1.33838805550703e-09,"Krtcap2-204",1.33838805550703e-09,"Down"
1.75834960989006e-14,-4.25314157759201,0.023,0.47,1.3513620091849e-09,"Mta2-201",1.3513620091849e-09,"Down"
1.80994497681814e-14,-2.14936703454778,0.125,0.595,1.39101511248382e-09,"Eif4g1-205",1.39101511248382e-09,"Down"
1.91159431680018e-14,-3.35648957748818,0.011,0.447,1.46913669623361e-09,"Tcf3-210",1.46913669623361e-09,"Down"
1.91159431680018e-14,-3.39645317129163,0.011,0.447,1.46913669623361e-09,"Tcf3-201",1.46913669623361e-09,"Down"
1.96348611636125e-14,-2.06095215237428,0.057,0.516,1.50901761986828e-09,"Fcgrt-201",1.50901761986828e-09,"Down"
1.97124911453492e-14,-2.20986000666057,0.091,0.573,1.51498379448467e-09,"Septin2-201",1.51498379448467e-09,"Down"
2.01326302052901e-14,-2.6103380748258,0.023,0.473,1.54727316179736e-09,"Sp1-201",1.54727316179736e-09,"Down"
2.11819305422798e-14,-2.05445455850163,0.045,0.516,1.62791608989637e-09,"Ptbp1-216",1.62791608989637e-09,"Down"
2.18408435701294e-14,-2.93526285309274,0.034,0.49,1.67855619173873e-09,"Scara5-201",1.67855619173873e-09,"Down"
2.19042375717311e-14,-1.03161571050019,0.273,0.748,1.68342827433782e-09,"Lamp2-202",1.68342827433782e-09,"Down"
2.21056392298714e-14,1.74466090647668,0.489,0.159,1.69890679737253e-09,"Gnas-228",1.69890679737253e-09,"Up"
2.21056392298714e-14,1.74466090647668,0.489,0.159,1.69890679737253e-09,"Gnas-225",1.69890679737253e-09,"Up"
2.30220681851593e-14,-1.20553550486073,0.045,0.503,1.76933802830223e-09,"Oaf-201",1.76933802830223e-09,"Down"
2.32745821924218e-14,-2.50044988619434,0.114,0.564,1.78874473981638e-09,"Ep400-204",1.78874473981638e-09,"Down"
2.33683942889795e-14,-4.47323517638247,0.011,0.445,1.79595457468523e-09,"Shc1-210",1.79595457468523e-09,"Down"
2.36251250730272e-14,-2.14267703883905,0.057,0.506,1.81568536236243e-09,"Numbl-205",1.81568536236243e-09,"Down"
2.3924730315842e-14,-2.17756446315379,0.125,0.6,1.83871122369372e-09,"Sik1-201",1.83871122369372e-09,"Down"
2.46669913220727e-14,-2.01364453869015,0.091,0.57,1.89575695106657e-09,"Metrnl-201",1.89575695106657e-09,"Down"
2.49118443760524e-14,-2.66279493110747,0.068,0.535,1.91457488767713e-09,"Pkd2-201",1.91457488767713e-09,"Down"
2.52679233187608e-14,-2.09980205904632,0.057,0.533,1.94194097874004e-09,"Ipo7-201",1.94194097874004e-09,"Down"
2.54164511589216e-14,-1.71628233515499,0.102,0.603,1.95335593736776e-09,"Tnks1bp1-202",1.95335593736776e-09,"Down"
2.55924575928889e-14,-2.24563406402711,0.057,0.527,1.96688273584388e-09,"Birc6-213",1.96688273584388e-09,"Down"
2.58606720302025e-14,-3.24279855495164,0.023,0.476,1.98749608820918e-09,"Arf6-201",1.98749608820918e-09,"Down"
2.59984112102945e-14,-4.46613550765002,0.011,0.444,1.99808189515598e-09,"Shc1-201",1.99808189515598e-09,"Down"
2.59984112102945e-14,-4.46613550765002,0.011,0.444,1.99808189515598e-09,"Shc1-203",1.99808189515598e-09,"Down"
2.65867481417836e-14,-1.76473790218996,0.136,0.612,2.04329794168863e-09,"Socs3-201",2.04329794168863e-09,"Down"
2.71008079815252e-14,-6.70769762156857,0.011,0.443,2.08280549661214e-09,"Tmem119-201",2.08280549661214e-09,"Down"
2.80342852987467e-14,-3.61436646753652,0.023,0.471,2.15454696234988e-09,"Igf1-202",2.15454696234988e-09,"Down"
2.81259072240582e-14,-3.6250034501518,0.034,0.484,2.16158847379777e-09,"Prkd3-208",2.16158847379777e-09,"Down"
2.88035931413825e-14,-3.01925345620818,0.034,0.483,2.21367134728781e-09,"Stx5a-201",2.21367134728781e-09,"Down"
3.03373602478067e-14,-6.122044264462,0.011,0.442,2.33154748448494e-09,"Gas1-201",2.33154748448494e-09,"Down"
3.09548612253651e-14,-4.67681552155797,0.023,0.457,2.37900490461421e-09,"Med13l-201",2.37900490461421e-09,"Down"
3.16468665887166e-14,-2.18360984962728,0.045,0.505,2.43218828480923e-09,"Emilin2-206",2.43218828480923e-09,"Down"
3.36534161939698e-14,-1.30396334281779,0.125,0.61,2.58639964817136e-09,"Rnf19a-201",2.58639964817136e-09,"Down"
3.36863567690898e-14,-1.58023750624342,0.182,0.678,2.58893126313163e-09,"Errfi1-202",2.58893126313163e-09,"Down"
3.39420289270445e-14,-2.26533885583033,0.034,0.485,2.60858069115907e-09,"Crispld2-203",2.60858069115907e-09,"Down"
3.53106776716946e-14,-4.64723496109182,0.023,0.459,2.71376682178042e-09,"Cacybp-201",2.71376682178042e-09,"Down"
3.55204908366914e-14,-4.27043455726082,0.023,0.461,2.72989180276308e-09,"Cct6a-201",2.72989180276308e-09,"Down"
3.64037621134835e-14,-1.04094974174105,0.136,0.61,2.79777473346966e-09,"Eif4g1-203",2.79777473346966e-09,"Down"
3.68404988311746e-14,-2.16138144363872,0.091,0.556,2.83133969717109e-09,"Ptp4a1-205",2.83133969717109e-09,"Down"
3.70174701872781e-14,2.80799453017374,0.33,0.079,2.84494065377307e-09,"Gnas-226",2.84494065377307e-09,"Up"
3.72398127532314e-14,-1.95554642398075,0.045,0.506,2.86202856933684e-09,"Pxn-201",2.86202856933684e-09,"Down"
3.86478122260774e-14,-3.00364669568095,0.034,0.483,2.97023896082295e-09,"Ccnl1-205",2.97023896082295e-09,"Down"
4.03709077239193e-14,-2.60094655006077,0.205,0.586,3.10266574221409e-09,"Ctla2a-206",3.10266574221409e-09,"Down"
4.20016052930608e-14,-4.23041331470743,0.034,0.474,3.22799137319289e-09,"Vegfd-201",3.22799137319289e-09,"Down"
4.32498310376947e-14,-2.9659718258764,0.045,0.49,3.32392251457099e-09,"Igfbp4-201",3.32392251457099e-09,"Down"
4.42090398425942e-14,-2.5150805188256,0.045,0.49,3.39764154806273e-09,"Plat-201",3.39764154806273e-09,"Down"
4.43870688335274e-14,-3.37743517648195,0.023,0.462,3.41132378813192e-09,"Clip1-205",3.41132378813192e-09,"Down"
4.53096891649535e-14,-1.44268009878964,0.136,0.627,3.48223085108334e-09,"Rnase4-202",3.48223085108334e-09,"Down"
4.54225385605677e-14,-1.35349352912826,0.057,0.53,3.49090377853387e-09,"Acin1-203",3.49090377853387e-09,"Down"
4.74894647160988e-14,-1.51589075179956,0.091,0.573,3.64975532129105e-09,"Prpf38b-201",3.64975532129105e-09,"Down"
4.82609624630897e-14,-1.45722561047449,0.17,0.667,3.70904800913829e-09,"Glud1-201",3.70904800913829e-09,"Down"
4.8998872479402e-14,-1.70272569716275,0.148,0.616,3.76575934553196e-09,"Tmsb4x-203",3.76575934553196e-09,"Down"
4.99747357049759e-14,-2.35608805759886,0.034,0.474,3.84075833787022e-09,"Fnbp4-210",3.84075833787022e-09,"Down"
5.13259645048748e-14,-4.95123449841175,0.045,0.475,3.94460567605765e-09,"Uap1-202",3.94460567605765e-09,"Down"
5.14084733263484e-14,-1.08410746500532,0.159,0.69,3.95094680902318e-09,"Ly6e-208",3.95094680902318e-09,"Down"
5.61531656383613e-14,-4.30194882436577,0.011,0.437,4.31559539197062e-09,"Bnc2-202",4.31559539197062e-09,"Down"
5.65577395908183e-14,-1.56573018204473,0.091,0.556,4.34668851851275e-09,"Bmpr2-201",4.34668851851275e-09,"Down"
5.7414251560584e-14,-1.79812702040724,0.057,0.502,4.41251488943712e-09,"Ipo5-203",4.41251488943712e-09,"Down"
5.86670542256929e-14,-1.07643858465606,0.159,0.689,4.5087977854614e-09,"Ly6e-211",4.5087977854614e-09,"Down"
6.52063133871724e-14,-3.21758684104364,0.045,0.476,5.01136600905774e-09,"Fosl1-201",5.01136600905774e-09,"Down"
6.77983349361554e-14,-2.15898811820145,0.057,0.518,5.21057323318328e-09,"Birc6-220",5.21057323318328e-09,"Down"
6.82296042128612e-14,-2.14637339241449,0.045,0.493,5.24371800217524e-09,"Fkbp7-201",5.24371800217524e-09,"Down"
6.85942794275754e-14,-1.50983642125661,0.045,0.508,5.27174475112688e-09,"Eif2s3x-201",5.27174475112688e-09,"Down"
7.0201475995014e-14,-1.65868716517155,0.091,0.551,5.3952642361208e-09,"Arl1-202",5.3952642361208e-09,"Down"
7.05578244841842e-14,-2.12474199923759,0.057,0.518,5.42265104290749e-09,"Birc6-204",5.42265104290749e-09,"Down"
7.22374836983003e-14,-1.08859252002312,0.148,0.63,5.55173957214917e-09,"Hnrnpa2b1-204",5.55173957214917e-09,"Down"
7.29766579965321e-14,-1.47363407494933,0.102,0.587,5.60854807366548e-09,"Ncor2-205",5.60854807366548e-09,"Down"
7.37950959486172e-14,-2.76396994417736,0.045,0.487,5.67144830403502e-09,"Cav1-202",5.67144830403502e-09,"Down"
7.93241050223579e-14,-1.19280831013317,0.068,0.539,6.09637476738829e-09,"Golim4-202",6.09637476738829e-09,"Down"
7.95942881856088e-14,-1.5035544028603,0.114,0.597,6.11713942421678e-09,"Sptan1-203",6.11713942421678e-09,"Down"
8.03445254670761e-14,-3.50875549993067,0.045,0.482,6.17479816024666e-09,"Arhgap21-213",6.17479816024666e-09,"Down"
8.33547079545712e-14,-4.32008639334906,0.023,0.446,6.40614272514062e-09,"Acly-201",6.40614272514062e-09,"Down"
8.34654843084336e-14,1.55823392191888,0.557,0.204,6.41465633104035e-09,"Gnas-203",6.41465633104035e-09,"Up"
8.47310666291821e-14,-3.31780469276441,0.023,0.456,6.51192139471916e-09,"Clip1-203",6.51192139471916e-09,"Down"
8.62566449438805e-14,-4.49513151079218,0.023,0.449,6.62916819051699e-09,"P3h3-201",6.62916819051699e-09,"Down"
8.73626334412725e-14,-1.45705978842166,0.136,0.628,6.71416783049556e-09,"Antxr2-201",6.71416783049556e-09,"Down"
8.88432095707321e-14,-3.09353085450092,0.023,0.456,6.82795602834905e-09,"Nfia-202",6.82795602834905e-09,"Down"
9.77437898750669e-14,-2.77925179357756,0.057,0.495,7.51200122705839e-09,"Fscn1-201",7.51200122705839e-09,"Down"
9.89456761857988e-14,-2.82112251189346,0.091,0.543,7.60437099758338e-09,"Fgl2-201",7.60437099758338e-09,"Down"
1.03318897818364e-13,-4.19212159989416,0.023,0.449,7.94047057293256e-09,"Ncor1-205",7.94047057293256e-09,"Down"
1.06743089800916e-13,-3.91336968353389,0.011,0.44,8.20363342355961e-09,"Tnxb-201",8.20363342355961e-09,"Down"
1.07638101669232e-13,-3.00553522299117,0.023,0.457,8.27241866568716e-09,"Chd9-205",8.27241866568716e-09,"Down"
1.09766863634517e-13,-1.52565381141218,0.136,0.627,8.43602253776715e-09,"Gaa-201",8.43602253776715e-09,"Down"
1.10718822962943e-13,-2.30439181813181,0.045,0.498,8.50918441999401e-09,"Pde3a-201",8.50918441999401e-09,"Down"
1.12951782164839e-13,-1.59541208803887,0.068,0.534,8.68079626649652e-09,"Morf4l2-213",8.68079626649652e-09,"Down"
1.14420123362208e-13,-1.24021366926585,0.034,0.473,8.79364416087913e-09,"Smarca4-202",8.79364416087913e-09,"Down"
1.15717403000343e-13,-1.92633676343368,0.057,0.519,8.89334529018833e-09,"Nup153-201",8.89334529018833e-09,"Down"
1.16181067024822e-13,-2.28043560159001,0.023,0.46,8.92897972512565e-09,"Sulf1-201",8.92897972512565e-09,"Down"
1.16794410179579e-13,-2.78846631302628,0.023,0.461,8.97611759994133e-09,"Ptprs-202",8.97611759994133e-09,"Down"
1.25687299553045e-13,-2.03560441930437,0.091,0.553,9.65957171984974e-09,"Dnajb1-201",9.65957171984974e-09,"Down"
1.27299971641754e-13,-4.2700255988199,0.023,0.442,9.78351202055533e-09,"Acly-207",9.78351202055533e-09,"Down"
1.28726853664955e-13,-1.5588123038487,0.068,0.517,9.89317361156649e-09,"Mapk6-202",9.89317361156649e-09,"Down"
1.31713865135976e-13,-1.65609767996038,0.159,0.629,1.01227373911603e-08,"Aplp2-201",1.01227373911603e-08,"Down"
1.3644365852446e-13,-1.70711554012231,0.148,0.645,1.04862409322388e-08,"Flnc-201",1.04862409322388e-08,"Down"
1.38625500329364e-13,-1.78805764251176,0.091,0.563,1.06539242023129e-08,"Hnrnpf-210",1.06539242023129e-08,"Down"
1.47987439177529e-13,-1.97131271637515,0.045,0.487,1.13734266505498e-08,"Arhgap31-201",1.13734266505498e-08,"Down"
1.48435677672677e-13,-2.33507107965416,0.091,0.543,1.14078755718559e-08,"Creb5-203",1.14078755718559e-08,"Down"
1.59578477963338e-13,-1.04418449749369,0.057,0.512,1.22642443453944e-08,"Acin1-218",1.22642443453944e-08,"Down"
1.62099875374548e-13,-1.70316426291664,0.08,0.547,1.24580238220355e-08,"Klf2-201",1.24580238220355e-08,"Down"
1.6259438558416e-13,-1.37560763807587,0.057,0.514,1.24960289096851e-08,"Ash1l-201",1.24960289096851e-08,"Down"
1.63114990258726e-13,-4.1270237850819,0.023,0.449,1.25360394613441e-08,"Osr2-201",1.25360394613441e-08,"Down"
1.63790467530439e-13,-1.53445674210308,0.091,0.559,1.25879525915844e-08,"Ncor2-203",1.25879525915844e-08,"Down"
1.64020240660796e-13,-2.53516648328563,0.045,0.488,1.26056115757448e-08,"Prkd3-204",1.26056115757448e-08,"Down"
1.6420547473239e-13,-2.53420870817701,0.057,0.495,1.26198475550831e-08,"Fkbp4-201",1.26198475550831e-08,"Down"
1.65654637073351e-13,-6.71547510296634,0.011,0.427,1.27312214776353e-08,"Mfap4-202",1.27312214776353e-08,"Down"
1.70284976796404e-13,-1.79472291480446,0.091,0.545,1.30870816067109e-08,"Spty2d1-201",1.30870816067109e-08,"Down"
1.78546749937773e-13,-1.63384993685312,0.068,0.525,1.37220319197176e-08,"Jmjd1c-206",1.37220319197176e-08,"Down"
1.82500786367201e-13,-2.19703442374517,0.068,0.506,1.40259154354649e-08,"Mycbp2-201",1.40259154354649e-08,"Down"
1.91153227970433e-13,-1.34805390516141,0.102,0.567,1.46908901824397e-08,"Psmd3-201",1.46908901824397e-08,"Down"
1.93407084494053e-13,-2.02301655768834,0.091,0.533,1.48641080717059e-08,"Dbn1-203",1.48641080717059e-08,"Down"
1.99948948608257e-13,-2.48239452184958,0.045,0.478,1.5366876496339e-08,"Ubr3-201",1.5366876496339e-08,"Down"
2.00613321599348e-13,-4.17713637155123,0.023,0.443,1.54179362181963e-08,"Mapkapk2-201",1.54179362181963e-08,"Down"
2.05232207940419e-13,-2.78679865674928,0.023,0.444,1.57729161090529e-08,"Tagap-201",1.57729161090529e-08,"Down"
2.0700627525516e-13,-3.30756297656526,0.011,0.433,1.590926027846e-08,"Mon2-202",1.590926027846e-08,"Down"
2.10934398086497e-13,-2.72539604179877,0.057,0.503,1.62111522305396e-08,"Dnajb4-202",1.62111522305396e-08,"Down"
2.10944437405833e-13,-1.58631182416216,0.045,0.497,1.62119237923879e-08,"Fam114a1-201",1.62119237923879e-08,"Down"
2.11522092090548e-13,-2.70695542200524,0.034,0.471,1.6256318865527e-08,"Phldb1-214",1.6256318865527e-08,"Down"
2.19391439181528e-13,-2.04657123264575,0.045,0.486,1.68611096668572e-08,"Smad7-201",1.68611096668572e-08,"Down"
2.19772428640861e-13,-2.77632137762729,0.057,0.478,1.68903902307647e-08,"Arap1-202",1.68903902307647e-08,"Down"
2.2612895091141e-13,-3.15498313063183,0.034,0.456,1.73789143933455e-08,"Chd2-203",1.73789143933455e-08,"Down"
2.27904291608925e-13,-1.92166249966059,0.148,0.606,1.75153564273123e-08,"Nupr1-201",1.75153564273123e-08,"Down"
2.37091045766598e-13,-2.63286451784799,0.034,0.474,1.82213952313461e-08,"Myh10-201",1.82213952313461e-08,"Down"
2.43025451154394e-13,-1.24679120653483,0.205,0.704,1.86774780230198e-08,"Hdlbp-201",1.86774780230198e-08,"Down"
2.4599155028349e-13,-2.7793433915641,0.045,0.485,1.89054346054873e-08,"Dnajb4-204",1.89054346054873e-08,"Down"
2.4795813837755e-13,-1.92694534411488,0.08,0.533,1.90565747668682e-08,"Sec31a-210",1.90565747668682e-08,"Down"
2.48256839211253e-13,-4.4481168126295,0.023,0.433,1.90795311207417e-08,"Naa15-205",1.90795311207417e-08,"Down"
2.54659182120575e-13,-3.69939601054691,0.034,0.462,1.95715767826946e-08,"Fst-201",1.95715767826946e-08,"Down"
2.66713377973661e-13,-1.99427364696785,0.045,0.478,2.04979899507878e-08,"Klf13-201",2.04979899507878e-08,"Down"
2.7149652659195e-13,-1.32227131266487,0.068,0.511,2.08655940546977e-08,"Fkbp9-201",2.08655940546977e-08,"Down"
2.81421000134037e-13,4.79377211227829,0.648,0.46,2.16283295443013e-08,"Rarres2-204",2.16283295443013e-08,"Up"
2.86680744676572e-13,-2.8411217403299,0.057,0.49,2.20325619513732e-08,"Copb1-201",2.20325619513732e-08,"Down"
2.92401786403436e-13,-1.9534227471738,0.023,0.448,2.24722468922497e-08,"Pxn-203",2.24722468922497e-08,"Down"
2.99274854714394e-13,-2.06928770081038,0.068,0.503,2.300046968422e-08,"Arih1-207",2.300046968422e-08,"Down"
3.02036576747583e-13,-1.14732633941563,0.068,0.521,2.32127190693588e-08,"Ptbp1-206",2.32127190693588e-08,"Down"
3.1323044504038e-13,-3.90191171150064,0.023,0.436,2.40730126231333e-08,"Rbms3-201",2.40730126231333e-08,"Down"
3.14089045409461e-13,-1.01834511518774,0.148,0.65,2.41389994958987e-08,"Map7d1-203",2.41389994958987e-08,"Down"
3.20132265733123e-13,-3.13046446366941,0.045,0.469,2.46034451506534e-08,"PTPRG-201",2.46034451506534e-08,"Down"
3.2661705301629e-13,4.21883033377873,0.466,0.204,2.5101826992514e-08,"Alas2-201",2.5101826992514e-08,"Up"
3.32270793060997e-13,-1.65772121647921,0.045,0.481,2.55363395299099e-08,"Dpysl3-204",2.55363395299099e-08,"Down"
3.42397553420806e-13,-4.30325162522423,0.023,0.434,2.63146215706026e-08,"Dhx9-201",2.63146215706026e-08,"Down"
3.63254370811531e-13,-1.04529356261526,0.148,0.648,2.79175514143494e-08,"Map7d1-202",2.79175514143494e-08,"Down"
3.68046630663498e-13,-1.95996031742414,0.125,0.56,2.82858557530125e-08,"Ep400-201",2.82858557530125e-08,"Down"
3.702273324215e-13,-3.23521484113404,0.045,0.465,2.8453451405922e-08,"Dazap1-203",2.8453451405922e-08,"Down"
3.76786299007623e-13,-2.07239542548486,0.068,0.507,2.89575342239319e-08,"Matr3-202",2.89575342239319e-08,"Down"
3.77073075628094e-13,-4.41732982033811,0.023,0.429,2.89795741543215e-08,"Naa15-201",2.89795741543215e-08,"Down"
3.82360732931657e-13,-4.42304891625061,0.023,0.427,2.93859517687295e-08,"Chpf-202",2.93859517687295e-08,"Down"
3.88122232135441e-13,-6.48330028809465,0,0.405,2.98287460285372e-08,"Itpkc-201",2.98287460285372e-08,"Down"
4.12580556713636e-13,-1.08783583052481,0.057,0.515,3.17084661056698e-08,"Fau-205",3.17084661056698e-08,"Down"
4.23198433180103e-13,-3.82148201191943,0.023,0.432,3.25244923836236e-08,"Rbms3-202",3.25244923836236e-08,"Down"
4.26575728328622e-13,-4.92526241531959,0.011,0.419,3.27840510249679e-08,"Ccnl1-206",3.27840510249679e-08,"Down"
4.28475741422124e-13,-6.68412001163103,0,0.404,3.29300746312559e-08,"Pdgfrl-201",3.29300746312559e-08,"Down"
4.41114468938538e-13,-1.17639122295837,0.068,0.533,3.39014113958024e-08,"Fau-207",3.39014113958024e-08,"Down"
4.41584627611234e-13,-1.17365335683851,0.045,0.479,3.39375449704338e-08,"Svil-203",3.39375449704338e-08,"Down"
4.5418710955546e-13,-1.93715359069722,0.068,0.508,3.49060961177753e-08,"Vezf1-201",3.49060961177753e-08,"Down"
4.56982427220219e-13,-5.77601431397158,0.023,0.427,3.51209274615827e-08,"Gas7-201",3.51209274615827e-08,"Down"
4.64796307599657e-13,-1.29732473319936,0.08,0.533,3.5721455424264e-08,"Bclaf1-201",3.5721455424264e-08,"Down"
4.68765807263984e-13,-5.71353512285239,0.011,0.419,3.60265273514663e-08,"C4b-201",3.60265273514663e-08,"Down"
4.90722441395985e-13,-1.32689673740281,0.102,0.547,3.7713982511047e-08,"ENSMUST00000249940.1",3.7713982511047e-08,"Down"
4.91754018349795e-13,-2.83057637275424,0.011,0.425,3.77932633262552e-08,"Khsrp-205",3.77932633262552e-08,"Down"
4.92278170942304e-13,-2.37322890763462,0.068,0.498,3.78335465495998e-08,"Nup50-201",3.78335465495998e-08,"Down"
4.93293137942452e-13,-4.848722224066,0.023,0.424,3.79115508234292e-08,"Dlg5-203",3.79115508234292e-08,"Down"
4.95488880767921e-13,-1.0082427243134,0.102,0.568,3.80803024425378e-08,"Medag-201",3.80803024425378e-08,"Down"
5.00961696880898e-13,-2.00467584549657,0.057,0.49,3.85009102520846e-08,"Arid1b-201",3.85009102520846e-08,"Down"
5.01674136957785e-13,-1.04331812938762,0.227,0.719,3.85556641217536e-08,"Klf6-201",3.85556641217536e-08,"Down"
5.03444859743296e-13,-1.84241858201879,0.057,0.492,3.86917512507113e-08,"Ndel1-202",3.86917512507113e-08,"Down"
5.04200204402183e-13,-1.89277600274828,0.011,0.425,3.87498025091254e-08,"Bicc1-203",3.87498025091254e-08,"Down"
5.05282774787858e-13,-3.49259198201473,0.023,0.434,3.8833002373546e-08,"Txndc5-203",3.8833002373546e-08,"Down"
5.06121278707119e-13,-1.57546675438339,0.125,0.614,3.88974447537569e-08,"Fbln2-202",3.88974447537569e-08,"Down"
5.08398374560608e-13,-1.58049621653787,0.08,0.536,3.90724486784809e-08,"Ewsr1-202",3.90724486784809e-08,"Down"
5.18167784310503e-13,-1.39144354882271,0.034,0.456,3.98232668953994e-08,"Svil-210",3.98232668953994e-08,"Down"
5.26415128214181e-13,-1.83262767370463,0.091,0.545,4.04571082637727e-08,"Sae1-201",4.04571082637727e-08,"Down"
5.34170895064304e-13,-1.81971344703487,0.045,0.485,4.1053169969272e-08,"Trpc4ap-202",4.1053169969272e-08,"Down"
5.48990285565275e-13,-3.75806489203716,0.034,0.436,4.21920994068337e-08,"Ubap2l-201",4.21920994068337e-08,"Down"
5.57645735166474e-13,-1.03438008124252,0.091,0.544,4.28573053304842e-08,"Matr3-201",4.28573053304842e-08,"Down"
5.5892867193083e-13,-3.48458213296519,0.023,0.433,4.2955904152572e-08,"Txndc5-204",4.2955904152572e-08,"Down"
5.61300945523849e-13,-1.06700663709271,0.102,0.568,4.31382228672899e-08,"Atp5pb-203",4.31382228672899e-08,"Down"
5.86555369165804e-13,-3.72683586367328,0.045,0.465,4.50791263418687e-08,"Sec23ip-201",4.50791263418687e-08,"Down"
6.0706782755318e-13,-1.06961793242628,0.375,0.846,4.66555908187721e-08,"Junb-201",4.66555908187721e-08,"Down"
6.1113387656934e-13,-3.56385341273823,0.045,0.462,4.69680829498601e-08,"Ogn-201",4.69680829498601e-08,"Down"
6.18881940575747e-13,-2.3465701724786,0.727,0.879,4.75635526610084e-08,"Sparc-202",4.75635526610084e-08,"Down"
6.29386372658404e-13,-4.05408187438106,0.057,0.462,4.8370860284289e-08,"Slc44a1-205",4.8370860284289e-08,"Down"
6.35283850698767e-13,-6.18243816279851,0,0.4,4.88241050616031e-08,"Nxn-201",4.88241050616031e-08,"Down"
6.53126940365206e-13,-1.20439596179809,0.08,0.527,5.01954178748275e-08,"Manf-202",5.01954178748275e-08,"Down"
6.61781894697507e-13,-3.4344781797666,0.023,0.439,5.08605857350822e-08,"Cxcl1-201",5.08605857350822e-08,"Down"
6.84945808947662e-13,-3.56444499052861,0.068,0.478,5.26408252008636e-08,"Trio-201",5.26408252008636e-08,"Down"
6.88796869522135e-13,-4.32102985478004,0.034,0.438,5.29367946102542e-08,"Nfix-204",5.29367946102542e-08,"Down"
6.98181875663803e-13,-1.84510953727102,0.114,0.549,5.36580698722659e-08,"Fam107b-201",5.36580698722659e-08,"Down"
7.00431683544905e-13,-1.10315504622437,0.091,0.554,5.38309766071601e-08,"Ski-201",5.38309766071601e-08,"Down"
7.02085687432706e-13,-3.2975512109089,0.023,0.436,5.39580934219532e-08,"Efemp1-201",5.39580934219532e-08,"Down"
7.0709008667773e-13,-2.97976613119772,0.023,0.437,5.43427015215303e-08,"Ttc28-206",5.43427015215303e-08,"Down"
7.11419167557846e-13,-1.90834207761253,0.034,0.452,5.46754087034907e-08,"Svil-215",5.46754087034907e-08,"Down"
7.15389942266684e-13,-2.99110455473643,0.011,0.421,5.49805786229637e-08,"Ptprs-211",5.49805786229637e-08,"Down"
7.28067195745493e-13,-1.34852130749545,0.068,0.522,5.59548762618241e-08,"Baz1b-201",5.59548762618241e-08,"Down"
7.91360016553228e-13,-1.98281778559203,0.045,0.468,6.08191827121818e-08,"Cct3-201",6.08191827121818e-08,"Down"
7.92897826578634e-13,-3.28329043689801,0.023,0.438,6.09373695638744e-08,"Tnfaip6-201",6.09373695638744e-08,"Down"
7.96737451196907e-13,-1.30742103359014,0.057,0.477,6.12324600742871e-08,"Sec16a-201",6.12324600742871e-08,"Down"
8.21384177123668e-13,-2.94218489125141,0.023,0.436,6.31266595486624e-08,"Chd9-203",6.31266595486624e-08,"Down"
8.21670475028295e-13,-2.28518187070182,0.045,0.476,6.31486626878246e-08,"Tbrg1-204",6.31486626878246e-08,"Down"
8.4264544919867e-13,-2.80542609212988,0.045,0.458,6.47606733527146e-08,"Fcgrt-206",6.47606733527146e-08,"Down"
8.60804905953775e-13,-3.2202186356015,0.023,0.437,6.61563002421714e-08,"Fyn-202",6.61563002421714e-08,"Down"
8.6278724813483e-13,-1.09372636084793,0.091,0.552,6.63086511681542e-08,"Ski-202",6.63086511681542e-08,"Down"
8.76571401383212e-13,-1.65438161714966,0.114,0.567,6.73680184819054e-08,"Ssr1-201",6.73680184819054e-08,"Down"
8.872226198211e-13,-1.30023464383078,0.057,0.476,6.81866072237308e-08,"Sec16a-202",6.81866072237308e-08,"Down"
9.01012684493179e-13,-1.2041935842453,0.136,0.608,6.92464288540388e-08,"Ehd1-201",6.92464288540388e-08,"Down"
9.38121434347976e-13,-3.35202616589892,0.034,0.455,7.20983847153793e-08,"Fat1-205",7.20983847153793e-08,"Down"
9.40151010103993e-13,-3.40083772787144,0.023,0.432,7.22543657305323e-08,"Chd9-206",7.22543657305323e-08,"Down"
9.44857156223503e-13,-1.40778715312184,0.114,0.578,7.26160518844011e-08,"Ppp1r2-201",7.26160518844011e-08,"Down"
9.76815605946602e-13,-1.10506126361674,0.091,0.551,7.50721865794202e-08,"Arid5b-204",7.50721865794202e-08,"Down"
1.00171083882363e-12,-1.84275339101717,0.125,0.566,7.6985484806951e-08,"Stat3-202",7.6985484806951e-08,"Down"
1.00489642247483e-12,-2.3707632696471,0.011,0.418,7.72303096528803e-08,"Tenm3-206",7.72303096528803e-08,"Down"
1.01515426181599e-12,-2.53992920503918,0.057,0.478,7.80186656376063e-08,"Akap12-201",7.80186656376063e-08,"Down"
1.03178972215053e-12,-1.312748193985,0.182,0.654,7.92971673061566e-08,"Lamb1-201",7.92971673061566e-08,"Down"
1.08092966926899e-12,-2.20637872195321,0.091,0.519,8.3073768801999e-08,"Tsc22d2-203",8.3073768801999e-08,"Down"
1.12728153231381e-12,-2.31317818600707,0.114,0.554,8.66360948844456e-08,"Zfp36-201",8.66360948844456e-08,"Down"
1.12992065313429e-12,-1.79994894705435,0.068,0.492,8.68389218759828e-08,"Spen-201",8.68389218759828e-08,"Down"
1.13661622958925e-12,-1.79390532559755,0.068,0.492,8.73535037088525e-08,"Spen-202",8.73535037088525e-08,"Down"
1.1688988249674e-12,-1.30554879490814,0.182,0.653,8.98345502940445e-08,"Lamb1-208",8.98345502940445e-08,"Down"
1.17321915909214e-12,-2.01689534880855,0.045,0.453,9.01665852528677e-08,"Mast2-201",9.01665852528677e-08,"Down"
1.17627409961624e-12,-2.13307711475562,0.091,0.519,9.04013696519068e-08,"Tsc22d2-201",9.04013696519068e-08,"Down"
1.18088804573455e-12,-1.58577531437868,0.114,0.567,9.07559698668828e-08,"Emp1-202",9.07559698668828e-08,"Down"
1.21260052015316e-12,-2.84204020078477,0.034,0.449,9.31932003758508e-08,"Pxn-210",9.31932003758508e-08,"Down"
1.26195195402737e-12,-1.62465583152093,0.091,0.525,9.69860554748197e-08,"Pum1-201",9.69860554748197e-08,"Down"
1.29769042832195e-12,-2.56220750807516,0.023,0.43,9.97327001782549e-08,"Nolc1-201",9.97327001782549e-08,"Down"
1.32694461853102e-12,-2.67281343865866,0.057,0.476,1.01981001712583e-07,"Sash1-201",1.01981001712583e-07,"Down"
1.33564737381519e-12,-2.05889345013271,0.057,0.483,1.02649843267192e-07,"Icam1-201",1.02649843267192e-07,"Down"
1.36455099803826e-12,-1.8966586678278,0.034,0.451,1.04871202403233e-07,"Nolc1-203",1.04871202403233e-07,"Down"
1.38013879198339e-12,-2.72125007090957,0.057,0.469,1.06069186719091e-07,"Zfp469-202",1.06069186719091e-07,"Down"
1.3845035791343e-12,-4.3416396190257,0,0.391,1.06404638070788e-07,"Zbtb21-203",1.06404638070788e-07,"Down"
1.39130323671145e-12,-1.5041830497685,0.102,0.566,1.06927218954222e-07,"Tnks1bp1-203",1.06927218954222e-07,"Down"
1.42006614293508e-12,-2.0059638716949,0.057,0.484,1.09137763349133e-07,"Mmp19-201",1.09137763349133e-07,"Down"
1.42016827817547e-12,-2.36205390524109,0.034,0.445,1.09145612850898e-07,"Glrx3-201",1.09145612850898e-07,"Down"
1.49976442782595e-12,-2.37730601546114,0.045,0.462,1.15262895336136e-07,"Rela-201",1.15262895336136e-07,"Down"
1.5178245120742e-12,-1.12341316508017,0.08,0.525,1.16650885050951e-07,"Ski-203",1.16650885050951e-07,"Down"
1.54426459077634e-12,-1.44712965126435,0.068,0.486,1.18682910859525e-07,"Atn1-201",1.18682910859525e-07,"Down"
1.55136718364388e-12,-1.18462285984085,0.045,0.457,1.19228773531767e-07,"Impdh2-201",1.19228773531767e-07,"Down"
1.55303831604229e-12,-2.68557868459171,0.034,0.45,1.19357206741114e-07,"Phldb1-212",1.19357206741114e-07,"Down"
1.58707036498422e-12,-2.6612689890378,0.045,0.461,1.21972705830497e-07,"Kdm5c-203",1.21972705830497e-07,"Down"
1.58728747500134e-12,-6.29202730171895,0.011,0.404,1.21989391603753e-07,"Mfap4-203",1.21989391603753e-07,"Down"
1.60216828486141e-12,-4.70585416558885,0.023,0.411,1.23133041364739e-07,"Sel1l-203",1.23133041364739e-07,"Down"
1.67919002924152e-12,-8.86841388460669,0,0.389,1.29052470507328e-07,"Hsd11b2-201",1.29052470507328e-07,"Down"
1.68993608517564e-12,-3.33477624478758,0.011,0.411,1.29878347890089e-07,"Col4a5-202",1.29878347890089e-07,"Down"
1.74212428225429e-12,-4.39958014248438,0.011,0.405,1.33889219588371e-07,"Ttc28-201",1.33889219588371e-07,"Down"
1.76589258985331e-12,-3.68299412764839,0.011,0.41,1.35715909100586e-07,"Tmed7-203",1.35715909100586e-07,"Down"
1.81474806187978e-12,-2.06465066095674,0.045,0.464,1.39470647547709e-07,"Brwd1-205",1.39470647547709e-07,"Down"
1.82027112263383e-12,-1.96201939026791,0.057,0.486,1.398951168589e-07,"Nap1l1-203",1.398951168589e-07,"Down"
1.8383320179748e-12,-2.55815870148668,0.068,0.481,1.41283168909435e-07,"Arid1a-202",1.41283168909435e-07,"Down"
1.85608435106205e-12,-5.03207401289641,0.011,0.4,1.42647506716523e-07,"Srsf4-201",1.42647506716523e-07,"Down"
1.87025100832713e-12,-1.1584943100397,0.091,0.542,1.43736270993973e-07,"Sf3b2-201",1.43736270993973e-07,"Down"
1.88745237902887e-12,-1.59117651316324,0.08,0.511,1.45058265137885e-07,"Wt1-205",1.45058265137885e-07,"Down"
1.94288620271826e-12,-1.25270314471401,0.057,0.478,1.49318576223709e-07,"Maf-202",1.49318576223709e-07,"Down"
1.9436710129442e-12,-1.21814437812967,0.045,0.462,1.49378892028814e-07,"Gfpt1-204",1.49378892028814e-07,"Down"
1.99421680580585e-12,-1.1679451741856,0.034,0.436,1.53263538393403e-07,"Acly-203",1.53263538393403e-07,"Down"
1.99484153634834e-12,-1.83953060212948,0.045,0.45,1.53311551434516e-07,"Numbl-201",1.53311551434516e-07,"Down"
2.01748996853056e-12,-1.25606588019167,0.08,0.511,1.55052174041448e-07,"Mapk6-201",1.55052174041448e-07,"Down"
2.01776838041088e-12,-4.31930190798828,0.034,0.429,1.55073571108098e-07,"Sdc1-201",1.55073571108098e-07,"Down"
2.03320356792501e-12,-2.96474396964282,0.045,0.455,1.56259827009309e-07,"Midn-202",1.56259827009309e-07,"Down"
2.0517890765054e-12,-2.07972427282781,0.034,0.434,1.57688197685746e-07,"Kdelr1-202",1.57688197685746e-07,"Down"
2.06402559973596e-12,-1.90888234123955,0.114,0.548,1.58628623442107e-07,"Gem-201",1.58628623442107e-07,"Down"
2.08616179747753e-12,-1.38984881141133,0.114,0.556,1.60329878783338e-07,"Dnaja2-201",1.60329878783338e-07,"Down"
2.0895153372577e-12,-1.31442246234072,0.125,0.58,1.60587611729603e-07,"Eif4g3-203",1.60587611729603e-07,"Down"
2.10078532461779e-12,-1.98149570516276,0.08,0.516,1.61453755338175e-07,"Snx9-201",1.61453755338175e-07,"Down"
2.10135871151787e-12,-2.89200387342022,0.045,0.445,1.61497822414995e-07,"Sec23a-201",1.61497822414995e-07,"Down"
2.23058801020381e-12,-3.21301557264909,0.045,0.451,1.71429610936204e-07,"Yy1-201",1.71429610936204e-07,"Down"
2.3780841732419e-12,-1.70006657900825,0.068,0.497,1.82765281050333e-07,"Trpc4ap-201",1.82765281050333e-07,"Down"
2.38298572673853e-12,-2.07032790362402,0.023,0.427,1.83141985042763e-07,"Clip1-204",1.83141985042763e-07,"Down"
2.39568655270112e-12,-2.58645253715234,0.057,0.458,1.84118094321292e-07,"Tcerg1-201",1.84118094321292e-07,"Down"
2.45476973476466e-12,-1.76079044972227,0.034,0.451,1.88658873195603e-07,"Pik3r1-202",1.88658873195603e-07,"Down"
2.53984454477521e-12,-1.62522263864645,0.068,0.495,1.95197212644154e-07,"Bclaf1-202",1.95197212644154e-07,"Down"
2.56336389295334e-12,-4.52284096656904,0.011,0.396,1.97004768629036e-07,"Ipo9-201",1.97004768629036e-07,"Down"
2.64081697030997e-12,-1.62887278254072,0.091,0.53,2.02957347436203e-07,"Eif5a-210",2.02957347436203e-07,"Down"
2.64319159738705e-12,-2.63471282927615,0.045,0.456,2.03139847025584e-07,"Kdm5c-202",2.03139847025584e-07,"Down"
2.74618819712972e-12,-2.12401250473655,0.045,0.448,2.11055547702208e-07,"Senp6-201",2.11055547702208e-07,"Down"
2.7909535105319e-12,-2.47283379170778,0.045,0.452,2.14495941098419e-07,"Lnpep-201",2.14495941098419e-07,"Down"
2.79242938703228e-12,-4.1272161399615,0.011,0.395,2.14609368110978e-07,"Cbx3-204",2.14609368110978e-07,"Down"
2.79997401763118e-12,-3.57168682403612,0.011,0.405,2.15189203151027e-07,"Plce1-204",2.15189203151027e-07,"Down"
2.83927981703256e-12,-1.14074544247559,0.08,0.505,2.1821001105822e-07,"Ube2j1-202",2.1821001105822e-07,"Down"
2.87505191175713e-12,-1.87676991840215,0.034,0.45,2.20959239626183e-07,"Rab12-201",2.20959239626183e-07,"Down"
2.9124665691538e-12,-1.62990672297058,0.011,0.406,2.23834705705746e-07,"Pdgfrb-201",2.23834705705746e-07,"Down"
3.06778645015519e-12,-3.34925713540038,0.034,0.425,2.35771659840227e-07,"Gigyf2-201",2.35771659840227e-07,"Down"
3.07055085343109e-12,-2.18270647548288,0.034,0.44,2.35984115289593e-07,"Dhx15-201",2.35984115289593e-07,"Down"
3.1324192814863e-12,-1.92507243033765,0.057,0.465,2.40738951459348e-07,"Arhgap35-201",2.40738951459348e-07,"Down"
3.15168184301649e-12,-2.45227894804383,0.045,0.452,2.42219356363189e-07,"Rbpj-ps3-201",2.42219356363189e-07,"Down"
3.16319158623256e-12,-1.62765305687203,0.045,0.453,2.43103926168318e-07,"Gstm5-201",2.43103926168318e-07,"Down"
3.22187899089336e-12,-4.30101834981852,0.023,0.405,2.47614287966118e-07,"Chpf-205",2.47614287966118e-07,"Down"
3.26413254243024e-12,-1.4043483877803,0.068,0.486,2.50861642415934e-07,"Chd3-202",2.50861642415934e-07,"Down"
3.28097405669086e-12,-5.81186687662126,0,0.382,2.52155980152919e-07,"Col4a5-201",2.52155980152919e-07,"Down"
3.28451787228461e-12,-2.79297031436371,0.034,0.433,2.52428336556561e-07,"Trip10-201",2.52428336556561e-07,"Down"
3.30593550245624e-12,-1.12431274888808,0.205,0.698,2.54074367105772e-07,"Rhob-201",2.54074367105772e-07,"Down"
3.35211315620003e-12,-5.06913199568481,0.011,0.396,2.57623304506597e-07,"Fem1b-201",2.57623304506597e-07,"Down"
3.39719552104655e-12,-1.80911023584183,0.034,0.446,2.61088064574511e-07,"Nudc-201",2.61088064574511e-07,"Down"
3.40084907289389e-12,-2.82424096538471,0.057,0.465,2.61368854648187e-07,"Ctsh-201",2.61368854648187e-07,"Down"
3.67497482206374e-12,-1.97045439943314,0.057,0.474,2.82436514974887e-07,"Mbnl1-201",2.82436514974887e-07,"Down"
3.68353703730389e-12,-1.39305310591532,0.114,0.572,2.83094555464953e-07,"Csrnp1-204",2.83094555464953e-07,"Down"
3.77409178323469e-12,-1.84634981050287,0.068,0.47,2.90054049908719e-07,"Pigt-205",2.90054049908719e-07,"Down"
3.87370924739524e-12,-3.39742625506061,0.023,0.414,2.97710050499314e-07,"Dlc1-206",2.97710050499314e-07,"Down"
3.96672567830973e-12,-4.66938993540992,0,0.379,3.04858735280816e-07,"Pdgfrb-202",3.04858735280816e-07,"Down"
3.99664401327751e-12,-1.50656657041223,0.466,0.846,3.0715807899643e-07,"Egr1-201",3.0715807899643e-07,"Down"
4.034181015737e-12,-1.5115980505426,0.057,0.467,3.10042947783451e-07,"Cnpy2-201",3.10042947783451e-07,"Down"
4.04047995494758e-12,-3.3008905590051,0.034,0.427,3.10527046457541e-07,"Nr4a1-201",3.10527046457541e-07,"Down"
4.04735002039329e-12,-1.392158035498,0.114,0.571,3.11055038467306e-07,"Csrnp1-201",3.11055038467306e-07,"Down"
4.04906180315694e-12,-4.99191068378104,0.011,0.391,3.11186595819823e-07,"Srsf4-202",3.11186595819823e-07,"Down"
4.05900702184883e-12,-1.08354213361864,0.091,0.536,3.1195092565717e-07,"Slc25a5-201",3.1195092565717e-07,"Down"
4.12274048241527e-12,-1.40053542504034,0.091,0.512,3.16849097035543e-07,"P4ha1-201",3.16849097035543e-07,"Down"
4.22973231102397e-12,-1.77047660037369,0.08,0.512,3.25071847031436e-07,"Tns1-222",3.25071847031436e-07,"Down"
4.27368373023725e-12,-1.18240284586636,0.068,0.485,3.28449689403654e-07,"Eea1-201",3.28449689403654e-07,"Down"
4.3857053109285e-12,-3.99170679681756,0.023,0.406,3.37058995966099e-07,"Grb2-203",3.37058995966099e-07,"Down"
4.39071594195214e-12,-2.91690777906643,0.023,0.42,3.37444083002789e-07,"Fyn-201",3.37444083002789e-07,"Down"
4.4144556399746e-12,-1.91644924642104,0.045,0.453,3.39268573754608e-07,"Metrnl-202",3.39268573754608e-07,"Down"
4.43514805241073e-12,-2.25093672011047,0.08,0.507,3.40858868419975e-07,"Hmgcs1-202",3.40858868419975e-07,"Down"
4.52106353399082e-12,-1.0151383694921,0.08,0.498,3.4746181684133e-07,"Sec14l1-202",3.4746181684133e-07,"Down"
4.55668644032096e-12,-2.16548580681561,0.114,0.541,3.50199579684427e-07,"Plk2-201",3.50199579684427e-07,"Down"
4.79487917781288e-12,-1.31157323057815,0.068,0.497,3.68505644331631e-07,"Ap2b1-201",3.68505644331631e-07,"Down"
4.82232616591428e-12,-1.67595925634896,0.08,0.506,3.70615055155176e-07,"Ptn-201",3.70615055155176e-07,"Down"
4.83452135276888e-12,3.86768601700657,0.409,0.15,3.71552304045699e-07,"Alas2-202",3.71552304045699e-07,"Up"
4.85964804987929e-12,-2.19686985836822,0.057,0.461,3.73483391225423e-07,"Tns2-209",3.73483391225423e-07,"Down"
4.86883010386611e-12,-1.64873500845704,0.148,0.59,3.74189068802526e-07,"Hk2-201",3.74189068802526e-07,"Down"
4.87722790378449e-12,-1.11095693936907,0.182,0.621,3.74834473317453e-07,"Eif4b-201",3.74834473317453e-07,"Down"
4.97675116385188e-12,-3.75306415981487,0.023,0.401,3.82483233946673e-07,"Ubap2l-204",3.82483233946673e-07,"Down"
4.97675116385188e-12,-3.75306415981487,0.023,0.401,3.82483233946673e-07,"Ubap2l-220",3.82483233946673e-07,"Down"
5.06383070417454e-12,-2.67812247437039,0.045,0.438,3.8917564493863e-07,"Tcerg1-209",3.8917564493863e-07,"Down"
5.27484776928019e-12,-1.16262843946996,0.057,0.469,4.05393150460259e-07,"Eif3d-201",4.05393150460259e-07,"Down"
5.33612642144081e-12,-1.02848863052505,0.068,0.5,4.10102659993412e-07,"Cped1-202",4.10102659993412e-07,"Down"
5.35585425185369e-12,-2.50849189636058,0.045,0.441,4.11618822671963e-07,"Mme-205",4.11618822671963e-07,"Down"
5.36732723323006e-12,-1.28353562194879,0.08,0.526,4.12500567182663e-07,"Mafk-201",4.12500567182663e-07,"Down"
5.51054540654378e-12,-4.70521165443378,0.034,0.411,4.23507456674516e-07,"Srsf1-205",4.23507456674516e-07,"Down"
5.56064440723074e-12,-3.41237031123508,0.034,0.423,4.27357765273311e-07,"Grb2-201",4.27357765273311e-07,"Down"
5.56624972442857e-12,-1.17305956665354,0.091,0.516,4.27788556321233e-07,"Ndel1-203",4.27788556321233e-07,"Down"
5.59176509661655e-12,-2.68217625538727,0.057,0.456,4.29749514735368e-07,"Med13-201",4.29749514735368e-07,"Down"
5.67506887584215e-12,-1.07934458158723,0.011,0.399,4.36151743383973e-07,"Tra2a-202",4.36151743383973e-07,"Down"
5.694928070311e-12,-2.16564338624239,0.102,0.525,4.37678001915682e-07,"Zfp36-202",4.37678001915682e-07,"Down"
5.78975725208731e-12,-2.64831645337709,0.068,0.475,4.44966003851918e-07,"Ss18-203",4.44966003851918e-07,"Down"
5.811432403403e-12,-1.29146169592064,0.114,0.532,4.46631825931134e-07,"Csnk1a1-206",4.46631825931134e-07,"Down"
5.82955327752087e-12,-1.64918249721501,0.08,0.504,4.48024487590589e-07,"St3gal1-202",4.48024487590589e-07,"Down"
5.92078152840411e-12,-1.20347071653744,0.102,0.544,4.5503574358397e-07,"Marcks-201",4.5503574358397e-07,"Down"
5.92206349329084e-12,-1.2606719097109,0.352,0.802,4.55134267713374e-07,"Lamc1-201",4.55134267713374e-07,"Down"
6.03424917025842e-12,-2.27949523555497,0.08,0.493,4.63756185731041e-07,"Sf3b1-203",4.63756185731041e-07,"Down"
6.05781115692406e-12,-3.77908579805481,0.023,0.412,4.65567018654242e-07,"Osr2-203",4.65567018654242e-07,"Down"
6.0673015022583e-12,-2.89509386065066,0.011,0.397,4.66296389654559e-07,"Trim28-201",4.66296389654559e-07,"Down"
6.10529632232443e-12,-1.97926163107442,0.068,0.477,4.69216443555922e-07,"Spcs2-207",4.69216443555922e-07,"Down"
6.10529632232443e-12,-1.97926163107442,0.068,0.477,4.69216443555922e-07,"Spcs2-210",4.69216443555922e-07,"Down"
6.11400598265528e-12,-1.88518062045855,0.068,0.497,4.69885815790989e-07,"Ylpm1-201",4.69885815790989e-07,"Down"
6.1559347293964e-12,-3.8857510473087,0.023,0.409,4.73108207693031e-07,"Srsf3-204",4.73108207693031e-07,"Down"
6.24049430576136e-12,-1.74086667901193,0.057,0.467,4.79606949374983e-07,"Hnrnpa1-203",4.79606949374983e-07,"Down"
6.25110676975219e-12,-2.95540656840965,0.034,0.426,4.80422559682535e-07,"Asph-211",4.80422559682535e-07,"Down"
6.8478115668184e-12,-1.28262710623877,0.136,0.584,5.26281710156261e-07,"Eif3j2-201",5.26281710156261e-07,"Down"
6.94923232036718e-12,-1.47751627340847,0.068,0.477,5.34076300749499e-07,"Lysmd3-202",5.34076300749499e-07,"Down"
6.99035214320262e-12,3.22034886820875,0.341,0.108,5.37236523613694e-07,"Prl3b1-201",5.37236523613694e-07,"Up"
7.21376771055579e-12,-1.64378786311934,0.091,0.501,5.54406903627055e-07,"Rbm39-215",5.54406903627055e-07,"Down"
7.29771772066195e-12,-2.86123465802496,0.057,0.457,5.60858797703754e-07,"Matr3-217",5.60858797703754e-07,"Down"
7.45159276279983e-12,-3.8029372637062,0.034,0.414,5.72684710192218e-07,"Dazap1-202",5.72684710192218e-07,"Down"
7.48212619377239e-12,-1.02863725056089,0.125,0.569,5.75031326496183e-07,"Tmed3-201",5.75031326496183e-07,"Down"
7.52127837206587e-12,-2.36938593367336,0.023,0.411,5.78040328006751e-07,"Nolc1-208",5.78040328006751e-07,"Down"
7.5788144038526e-12,-4.16883865254881,0.011,0.388,5.82462202193687e-07,"Socs2-213",5.82462202193687e-07,"Down"
7.66220607659803e-12,-5.2863222483078,0.011,0.385,5.88871185810865e-07,"Maml2-202",5.88871185810865e-07,"Down"
7.82347941903177e-12,-5.81900492272088,0.011,0.383,6.01265687270268e-07,"Smoc1-201",6.01265687270268e-07,"Down"
7.82755819903516e-12,-1.92357268777715,0.125,0.551,6.01579157828648e-07,"Atf3-203",6.01579157828648e-07,"Down"
7.87814851140582e-12,-1.75628600567675,0.068,0.485,6.05467225695583e-07,"Nup98-206",6.05467225695583e-07,"Down"
7.88853381229084e-12,-4.09264163675691,0.011,0.392,6.062653776098e-07,"Cxcl12-202",6.062653776098e-07,"Down"
7.93984764117293e-12,-1.26708351520425,0.193,0.63,6.10209050614705e-07,"Eif4a1-204",6.10209050614705e-07,"Down"
8.06736866946677e-12,-1.50313021389272,0.148,0.591,6.20009551723199e-07,"Ap2m1-201",6.20009551723199e-07,"Down"
8.20995122359021e-12,-2.11926830857368,0.102,0.505,6.30967591337802e-07,"Heg1-205",6.30967591337802e-07,"Down"
8.35559101827454e-12,-2.31994709060743,0.023,0.41,6.42160592118471e-07,"Nolc1-209",6.42160592118471e-07,"Down"
8.37140735936485e-12,-2.41267594811412,0.08,0.485,6.43376141196626e-07,"Elf1-201",6.43376141196626e-07,"Down"
8.41657163407313e-12,-6.2193446882243,0,0.371,6.46847196365056e-07,"Abi3bp-206",6.46847196365056e-07,"Down"
8.41657163407313e-12,-6.2163224887464,0,0.371,6.46847196365056e-07,"Ms4a4d-201",6.46847196365056e-07,"Down"
8.71334148959668e-12,-2.93808356129367,0.034,0.428,6.69655146841463e-07,"Pxn-202",6.69655146841463e-07,"Down"
8.95628871237646e-12,-1.11996416520557,0.068,0.485,6.88326612700981e-07,"Hyou1-206",6.88326612700981e-07,"Down"
8.95720161511122e-12,-1.23541438310239,0.08,0.497,6.88396772927758e-07,"Wwtr1-202",6.88396772927758e-07,"Down"
9.30965909608463e-12,-3.86906779069008,0.011,0.383,7.15484540170488e-07,"Bnc2-214",7.15484540170488e-07,"Down"
9.34495534724146e-12,-2.17005193866981,0.068,0.466,7.18197198256895e-07,"Fasn-201",7.18197198256895e-07,"Down"
9.40106037461854e-12,-4.38299149858246,0.034,0.409,7.22509094030933e-07,"Nfkb2-202",7.22509094030933e-07,"Down"
9.47787456124879e-12,-4.09012273503232,0.011,0.39,7.28412571530215e-07,"Cxcl12-204",7.28412571530215e-07,"Down"
9.4902771568471e-12,-1.64282015336154,0.068,0.483,7.29365760612327e-07,"Dot1l-201",7.29365760612327e-07,"Down"
9.53311794541221e-12,-3.57113362136063,0.023,0.409,7.3265824657671e-07,"Fbln1-201",7.3265824657671e-07,"Down"
9.70900647205089e-12,-2.33803598661484,0.034,0.419,7.46175983402999e-07,"Srp54c-202",7.46175983402999e-07,"Down"
9.87121475735898e-12,-1.11408206053047,0.068,0.484,7.58642338962067e-07,"Hyou1-201",7.58642338962067e-07,"Down"
9.90875560519827e-12,-3.05224038340477,0.034,0.424,7.61527503281908e-07,"Drap1-209",7.61527503281908e-07,"Down"
1.01080233161971e-11,-4.11672155525793,0.011,0.385,7.76842023943011e-07,"Socs2-214",7.76842023943011e-07,"Down"
1.01565864978505e-11,-1.61562487066587,0.023,0.407,7.805742987058e-07,"Ldb1-206",7.805742987058e-07,"Down"
1.07245293002913e-11,-2.95084900164385,0.034,0.421,8.24222974844589e-07,"Dennd4a-201",8.24222974844589e-07,"Down"
1.10734972450731e-11,-2.3091578963336,0.023,0.407,8.51042557272846e-07,"Nolc1-202",8.51042557272846e-07,"Down"
1.1089429440577e-11,-1.29724472680585,0.08,0.505,8.52267010226108e-07,"Tbrg1-201",8.52267010226108e-07,"Down"
1.12601916265753e-11,-2.0456041797487,0.08,0.487,8.65390767268819e-07,"Tns2-202",8.65390767268819e-07,"Down"
1.1347133932582e-11,-1.99276679304601,0.057,0.456,8.72072631254656e-07,"Zfc3h1-201",8.72072631254656e-07,"Down"
1.13492878315769e-11,-5.44402282644635,0.011,0.379,8.72238167008009e-07,"Polr1d-201",8.72238167008009e-07,"Down"
1.13680282406127e-11,-1.05294522842811,0.125,0.532,8.73678442404045e-07,"Chd4-202",8.73678442404045e-07,"Down"
1.17228355612613e-11,-4.63991983584405,0.011,0.381,9.00946804225173e-07,"Rassf2-201",9.00946804225173e-07,"Down"
1.18379802453955e-11,-1.25245494206968,0.125,0.558,9.09796133779625e-07,"Cnbp-208",9.09796133779625e-07,"Down"
1.18444620127363e-11,-1.60846068541063,0.034,0.432,9.10294283526836e-07,"Tnrc6a-201",9.10294283526836e-07,"Down"
1.18596596035216e-11,-1.21283241798743,0.091,0.515,9.11462279169052e-07,"Sec61a1-201",9.11462279169052e-07,"Down"
1.2019421647258e-11,-2.07118124361201,0.057,0.456,9.23740631278365e-07,"Prpf8-202",9.23740631278365e-07,"Down"
1.3140922314967e-11,-1.06231191807884,0.148,0.596,1.00993244359447e-06,"Cox6c-201",1.00993244359447e-06,"Down"
1.31818775519847e-11,-1.25152233954929,0.045,0.444,1.01308001738023e-06,"Nptn-206",1.01308001738023e-06,"Down"
1.32456012711199e-11,-3.35204396342269,0.034,0.416,1.01797744009065e-06,"Shc1-202",1.01797744009065e-06,"Down"
1.3507806549669e-11,-2.17839977873583,0.045,0.446,1.03812896456826e-06,"Eif1a-204",1.03812896456826e-06,"Down"
1.4467016044727e-11,-1.44057277654129,0.091,0.525,1.11184805110145e-06,"Myadm-201",1.11184805110145e-06,"Down"
1.46248962061097e-11,-2.40152943857571,0.08,0.478,1.12398177302436e-06,"Creb5-212",1.12398177302436e-06,"Down"
1.46902844988098e-11,-4.99680457944119,0,0.365,1.12900712487153e-06,"Sulf1-203",1.12900712487153e-06,"Down"
1.48458066806877e-11,-2.13583451110439,0.057,0.447,1.14095962663757e-06,"Nfatc1-206",1.14095962663757e-06,"Down"
1.50786881941364e-11,-1.70421842894576,0.057,0.452,1.15885750247216e-06,"Fkbp10-201",1.15885750247216e-06,"Down"
1.50950160984768e-11,-1.55865059107339,0.136,0.582,1.16011236723234e-06,"Flnc-202",1.16011236723234e-06,"Down"
1.54535344602411e-11,-3.02163762933841,0.023,0.401,1.18766593740737e-06,"Clip1-201",1.18766593740737e-06,"Down"
1.55121801819702e-11,-1.09147788310726,0.08,0.496,1.19217309570514e-06,"Prdm2-201",1.19217309570514e-06,"Down"
1.55353061613617e-11,-2.11221246201526,0.057,0.458,1.1939504197253e-06,"Dctn1-201",1.1939504197253e-06,"Down"
1.60658614329263e-11,-1.37704325482552,0.08,0.489,1.23472571456612e-06,"Cdc42bpb-201",1.23472571456612e-06,"Down"
1.62292729954805e-11,-1.42860705880564,0.091,0.524,1.24728454679466e-06,"Myadm-202",1.24728454679466e-06,"Down"
1.67381299062311e-11,-3.39646676260765,0.011,0.385,1.28639223581348e-06,"Sox5-201",1.28639223581348e-06,"Down"
1.6867459623341e-11,-3.39940769617611,0.045,0.426,1.29633174189225e-06,"Zfp207-201",1.29633174189225e-06,"Down"
1.72213785734253e-11,-1.13130141354489,0.057,0.466,1.32353182888203e-06,"Vwa5a-202",1.32353182888203e-06,"Down"
1.72291623160462e-11,-1.20640271197118,0.091,0.519,1.32413004063742e-06,"Axl-201",1.32413004063742e-06,"Down"
1.74178652599195e-11,-2.0819421567895,0.034,0.414,1.33863261668585e-06,"Gorasp2-201",1.33863261668585e-06,"Down"
1.75440741613454e-11,-3.12070825922936,0.011,0.384,1.34833227559604e-06,"Sfi1-201",1.34833227559604e-06,"Down"
1.76632816056154e-11,-5.32593791225564,0,0.363,1.35749384451797e-06,"Adamts3-201",1.35749384451797e-06,"Down"
1.7837985934625e-11,-5.0665486024455,0.011,0.375,1.37092057101967e-06,"Ebf1-201",1.37092057101967e-06,"Down"
1.80288561236778e-11,-1.66835782549744,0.068,0.477,1.38558970852913e-06,"Nup98-201",1.38558970852913e-06,"Down"
1.81005579211293e-11,-1.81275411257541,0.045,0.444,1.39110027847047e-06,"Nop58-215",1.39110027847047e-06,"Down"
1.83965142173044e-11,-2.41635587837258,0.045,0.437,1.41384570365671e-06,"Syne1-205",1.41384570365671e-06,"Down"
1.84716596339859e-11,-2.01686507340798,0.148,0.563,1.41962092951036e-06,"Macf1-203",1.41962092951036e-06,"Down"
1.88016339595924e-11,-5.82089429215461,0.011,0.373,1.44498077633052e-06,"Ptpn13-201",1.44498077633052e-06,"Down"
1.88740889330498e-11,-1.93559729873502,0.068,0.46,1.45054923086061e-06,"Mycbp2-209",1.45054923086061e-06,"Down"
1.88995761400282e-11,-2.86644731142461,0.057,0.441,1.45250802466573e-06,"Ergic3-201",1.45250802466573e-06,"Down"
1.89203356828559e-11,-2.4752805655474,0.068,0.448,1.45410347857021e-06,"Add3-212",1.45410347857021e-06,"Down"
1.89470162954447e-11,-1.5950755045421,0.114,0.537,1.45615399037011e-06,"Eprs-201",1.45615399037011e-06,"Down"
1.89803577274693e-11,-1.58230592409283,0.25,0.691,1.45871641278693e-06,"Lox-202",1.45871641278693e-06,"Down"
1.90746193739273e-11,-1.32915024417437,0.068,0.474,1.46596079736381e-06,"Wasf2-201",1.46596079736381e-06,"Down"
1.92765432031734e-11,-1.07908691891474,0.034,0.421,1.48147945133669e-06,"Cd34-202",1.48147945133669e-06,"Down"
1.93634196778047e-11,-3.8777504951958,0,0.362,1.488156255918e-06,"Arhgef25-205",1.488156255918e-06,"Down"
1.93634196778047e-11,-5.64970075128621,0,0.362,1.488156255918e-06,"Acss3-203",1.488156255918e-06,"Down"
1.98090228261245e-11,-1.22120116099572,0.091,0.504,1.52240264027897e-06,"Sirt2-209",1.52240264027897e-06,"Down"
1.99289165436723e-11,-1.18311711596396,0.159,0.59,1.53161695204739e-06,"Tuba1a-201",1.53161695204739e-06,"Down"
2.04611658219432e-11,-2.44721151748543,0.034,0.414,1.57252243807962e-06,"Ccnl2-205",1.57252243807962e-06,"Down"
2.07687062359526e-11,-4.07337798112844,0.011,0.382,1.5961581490579e-06,"Fkbp11-201",1.5961581490579e-06,"Down"
2.12597037377241e-11,-2.65015746899347,0.034,0.413,1.63389327105905e-06,"Trip10-207",1.63389327105905e-06,"Down"
2.1406768700123e-11,-1.85226685524664,0.08,0.483,1.64519580167925e-06,"Prpf8-201",1.64519580167925e-06,"Down"
2.19075213064892e-11,-3.14215853674001,0.023,0.393,1.68368064248892e-06,"Svil-204",1.68368064248892e-06,"Down"
2.20182639066249e-11,-1.03084555861071,0.08,0.493,1.69219165427975e-06,"B4galt1-201",1.69219165427975e-06,"Down"
2.24333920591371e-11,-2.28698719540192,0.023,0.393,1.72409591331292e-06,"Hnrnpd-211",1.72409591331292e-06,"Down"
2.30091667644512e-11,-2.35500441484842,0.034,0.412,1.76834650251513e-06,"Txlna-202",1.76834650251513e-06,"Down"
2.30298855395567e-11,-3.99141728971294,0.011,0.372,1.76993882325709e-06,"Cbx3-202",1.76993882325709e-06,"Down"
2.33006745415923e-11,-1.26529688310504,0.08,0.488,1.79075004121953e-06,"Akap9-201",1.79075004121953e-06,"Down"
2.33554604654715e-11,-1.44359420752922,0.034,0.421,1.79496055861335e-06,"Pcnx-201",1.79496055861335e-06,"Down"
2.37095740121782e-11,-3.24945794451746,0.023,0.392,1.82217560113194e-06,"Nr4a1-202",1.82217560113194e-06,"Down"
2.37521946272612e-11,-2.74284864206252,0.057,0.442,1.82545116588353e-06,"Usp8-201",1.82545116588353e-06,"Down"
2.39765260557379e-11,-1.44276148962416,0.091,0.49,1.84269193348768e-06,"Cdk4-201",1.84269193348768e-06,"Down"
2.44204818899553e-11,-1.38427425206341,0.034,0.426,1.87681171517063e-06,"Ramp2-204",1.87681171517063e-06,"Down"
2.45690999703698e-11,-1.06717640681582,0.045,0.433,1.8882336091228e-06,"Atp1b3-201",1.8882336091228e-06,"Down"
2.54507872431453e-11,-1.52084476954201,0.068,0.468,1.95599480278469e-06,"Pnp-201",1.95599480278469e-06,"Down"
2.58130346453608e-11,-2.82696966382491,0.08,0.463,1.98383496463456e-06,"Nav1-208",1.98383496463456e-06,"Down"
2.63536524186394e-11,-4.14944578673694,0.011,0.373,2.02538360298211e-06,"Qser1-202",2.02538360298211e-06,"Down"
2.70379816738187e-11,-3.44916596361069,0.011,0.379,2.07797704355966e-06,"Naalad2-207",2.07797704355966e-06,"Down"
2.73587846906778e-11,-3.54769356112037,0.023,0.388,2.10263203861735e-06,"Rbms3-203",2.10263203861735e-06,"Down"
2.74230871562416e-11,-1.34178738642352,0.045,0.43,2.10757394030579e-06,"Gstm5-205",2.10757394030579e-06,"Down"
2.79957605089223e-11,-1.79064820033972,0.08,0.487,2.15158617815271e-06,"H1f4-201",2.15158617815271e-06,"Down"
2.88716470562381e-11,-1.59090465576936,0.045,0.44,2.21890156286013e-06,"Oxct1-201",2.21890156286013e-06,"Down"
2.89317495480213e-11,-4.19619993938996,0.023,0.39,2.22352067976363e-06,"Dlc1-201",2.22352067976363e-06,"Down"
2.90996901265056e-11,-1.354702523994,0.045,0.419,2.23642758498246e-06,"U2af2-201",2.23642758498246e-06,"Down"
2.91326251667293e-11,-2.84117655215072,0.011,0.379,2.23895877456381e-06,"Tshz1-201",2.23895877456381e-06,"Down"
2.94596476480696e-11,-1.23966320781901,0.045,0.437,2.26409176034474e-06,"Bmp2k-201",2.26409176034474e-06,"Down"
2.9632973081107e-11,-1.35841857363098,0.091,0.505,2.2774125131754e-06,"Uggt1-201",2.2774125131754e-06,"Down"
3.00732335458359e-11,-2.56588037960659,0.034,0.406,2.31124829093167e-06,"Upf1-202",2.31124829093167e-06,"Down"
3.00880729179845e-11,-1.32920549078698,0.102,0.515,2.31238875603878e-06,"Nucb1-201",2.31238875603878e-06,"Down"
3.04056851892916e-11,-4.66498353807965,0.011,0.374,2.33679852953782e-06,"Osr2-204",2.33679852953782e-06,"Down"
3.05165760758246e-11,-3.29079482005731,0.011,0.378,2.34532093773143e-06,"Bicc1-201",2.34532093773143e-06,"Down"
3.05802031490811e-11,-4.53334036132198,0,0.356,2.35021093281948e-06,"ENSMUST00000249931.1",2.35021093281948e-06,"Down"
3.15754022028889e-11,-3.48012979913764,0.023,0.389,2.42669596090082e-06,"Dnajb1-202",2.42669596090082e-06,"Down"
3.16912045237214e-11,-4.14287291791881,0.011,0.371,2.43559583246608e-06,"Qser1-201",2.43559583246608e-06,"Down"
3.18595616249417e-11,-4.39559050300262,0.011,0.372,2.44853474912327e-06,"Ccnl1-214",2.44853474912327e-06,"Down"
3.22203731485135e-11,-3.38953867330751,0.034,0.404,2.47626455795586e-06,"Zfp207-207",2.47626455795586e-06,"Down"
3.27861517509093e-11,-2.24467153627647,0.034,0.418,2.51974690666439e-06,"Gramd1a-209",2.51974690666439e-06,"Down"
3.39506279042625e-11,-3.04448702009573,0.023,0.388,2.60924155695419e-06,"Arhgef40-201",2.60924155695419e-06,"Down"
3.39549357287344e-11,-2.19376589529666,0.023,0.399,2.60957263049616e-06,"Srrm1-202",2.60957263049616e-06,"Down"
3.40509381931815e-11,-3.02874137902524,0.023,0.388,2.61695080389877e-06,"Arhgef40-220",2.61695080389877e-06,"Down"
3.43928389265932e-11,-1.9942994271941,0.034,0.407,2.64322724286439e-06,"Hivep2-204",2.64322724286439e-06,"Down"
3.45634444802871e-11,-1.11579828362989,0.08,0.497,2.65633896208799e-06,"Palld-203",2.65633896208799e-06,"Down"
3.57015693223361e-11,-3.79151649955712,0.023,0.386,2.74380840869882e-06,"Txlna-201",2.74380840869882e-06,"Down"
3.58111585942971e-11,-2.35123451484517,0.114,0.511,2.75223078260611e-06,"Man1a-201",2.75223078260611e-06,"Down"
3.61237654215138e-11,-1.58149841770017,0.102,0.515,2.77625586770502e-06,"Sptan1-205",2.77625586770502e-06,"Down"
3.64403287016991e-11,-3.80477504713892,0.034,0.401,2.80058502204039e-06,"Xrn2-201",2.80058502204039e-06,"Down"
3.81084559143075e-11,-3.94038656488909,0.011,0.367,2.92878727083819e-06,"Bnc2-201",2.92878727083819e-06,"Down"
3.85270538012847e-11,-1.48969998709507,0.057,0.444,2.96095819284394e-06,"Cav1-201",2.96095819284394e-06,"Down"
3.88306699373675e-11,-1.9985642501749,0.045,0.431,2.98429230736645e-06,"Ppp2r2d-201",2.98429230736645e-06,"Down"
4.00575244050573e-11,-2.55052197777189,0.034,0.403,3.07858098062627e-06,"Upf1-201",3.07858098062627e-06,"Down"
4.01462388484062e-11,-3.2171474185545,0,0.353,3.08539904045541e-06,"Sgce-205",3.08539904045541e-06,"Down"
4.02487547683705e-11,-3.04748563825506,0.011,0.374,3.09327779896835e-06,"Sfi1-202",3.09327779896835e-06,"Down"
4.07595488767611e-11,-1.29088567538265,0.091,0.49,3.1325343693746e-06,"Pum1-203",3.1325343693746e-06,"Down"
4.08369564354928e-11,-5.07842848940752,0.023,0.377,3.13848344989337e-06,"Ptgis-201",3.13848344989337e-06,"Down"
4.10620671255242e-11,-2.10960693068039,0.023,0.396,3.15578410686504e-06,"Ltbp3-201",3.15578410686504e-06,"Down"
4.18896096917899e-11,-1.27735098967803,0.034,0.407,3.21938406325282e-06,"Ldb1-207",3.21938406325282e-06,"Down"
4.21512719375114e-11,-2.61286220578106,0.011,0.375,3.2394938534855e-06,"Ptpra-202",3.2394938534855e-06,"Down"
4.31585417360297e-11,-1.57847651323003,0.136,0.562,3.31690656658082e-06,"Wac-207",3.31690656658082e-06,"Down"
4.31641762241233e-11,-2.33717885039841,0.011,0.375,3.31733959952877e-06,"Sfrp1-201",3.31733959952877e-06,"Down"
4.33052351026023e-11,-2.17124671773512,0.091,0.487,3.3281805385754e-06,"Ddx17-203",3.3281805385754e-06,"Down"
4.35605174397227e-11,-1.41648825722104,0.057,0.438,3.34780000731245e-06,"C1qbp-201",3.34780000731245e-06,"Down"
4.40252226562133e-11,-1.01871988963074,0.08,0.488,3.38351446202062e-06,"Ube2f-203",3.38351446202062e-06,"Down"
4.68250943852362e-11,-1.15134320702395,0.057,0.447,3.59869580388294e-06,"Prpf38b-204",3.59869580388294e-06,"Down"
4.68353597517158e-11,-2.08352397593444,0.08,0.466,3.59948473835837e-06,"Hnrnph1-203",3.59948473835837e-06,"Down"
4.70028789358475e-11,-1.7099808949968,0.045,0.426,3.61235925773562e-06,"Nckap1-201",3.61235925773562e-06,"Down"
4.82802668544409e-11,-5.19913678260791,0.011,0.365,3.7105316288312e-06,"Dyrk2-201",3.7105316288312e-06,"Down"
4.83649477918988e-11,-2.10231276824605,0.034,0.403,3.71703969759859e-06,"Gorasp2-202",3.71703969759859e-06,"Down"
4.84478648553772e-11,-3.07946299873001,0.011,0.373,3.72341220559516e-06,"Aff3-203",3.72341220559516e-06,"Down"
4.92042972802644e-11,-3.70735974893643,0.023,0.384,3.78154706317744e-06,"Ifnar1-201",3.78154706317744e-06,"Down"
5.02852323313754e-11,-1.90005869949484,0.057,0.434,3.86462124559552e-06,"Snu13-202",3.86462124559552e-06,"Down"
5.03511052905429e-11,-2.41300308259453,0.011,0.373,3.86968384599938e-06,"Elavl1-204",3.86968384599938e-06,"Down"
5.20258799020119e-11,-2.86431041987126,0.023,0.384,3.99839697398923e-06,"Svil-201",3.99839697398923e-06,"Down"
5.21121064856402e-11,-4.32548307146983,0.034,0.391,4.00502383184739e-06,"Fnip1-201",4.00502383184739e-06,"Down"
5.26261101037643e-11,-4.0338291267057,0,0.35,4.0445270659147e-06,"Zbtb21-202",4.0445270659147e-06,"Down"
5.3018600559704e-11,-3.07761242399432,0.011,0.372,4.07469152741549e-06,"Aff3-206",4.07469152741549e-06,"Down"
5.33619566119412e-11,-2.97391447917512,0.034,0.395,4.10107981345413e-06,"Ythdf1-201",4.10107981345413e-06,"Down"
5.5017052180137e-11,-1.42918972766029,0.068,0.446,4.22828052825225e-06,"Cdk4-207",4.22828052825225e-06,"Down"
5.52399733286287e-11,-2.18469642694454,0.08,0.457,4.24541291019843e-06,"Il4ra-201",4.24541291019843e-06,"Down"
5.58170197710303e-11,-3.48336900178159,0.023,0.384,4.28976123748276e-06,"Paxbp1-202",4.28976123748276e-06,"Down"
5.63132019767026e-11,-2.76305055429912,0.045,0.414,4.3278948247175e-06,"Tmem50a-201",4.3278948247175e-06,"Down"
5.64302357999797e-11,-1.02769380318942,0.057,0.441,4.33688934217164e-06,"Slc39a7-201",4.33688934217164e-06,"Down"
5.722004828856e-11,-3.10456171972505,0.034,0.399,4.39758959116899e-06,"Hnrnph1-211",4.39758959116899e-06,"Down"
5.72810351445442e-11,-1.80354311681331,0.045,0.427,4.4022766749988e-06,"Palld-204",4.4022766749988e-06,"Down"
5.74041029606916e-11,-2.60111942945461,0.045,0.425,4.411734928941e-06,"Kdm5b-201",4.411734928941e-06,"Down"
5.75762421548073e-11,-5.89681977701002,0,0.349,4.42496451456556e-06,"Pank3-201",4.42496451456556e-06,"Down"
5.75762521677775e-11,-3.19249011998198,0,0.349,4.42496528410238e-06,"Sipa1-204",4.42496528410238e-06,"Down"
5.75762521677775e-11,-3.19249011998198,0,0.349,4.42496528410238e-06,"Sipa1-203",4.42496528410238e-06,"Down"
5.77457936919348e-11,-4.43352771302209,0.011,0.363,4.43799522839995e-06,"Rassf2-202",4.43799522839995e-06,"Down"
5.87049025537024e-11,-1.49198325562727,0.034,0.406,4.51170658086224e-06,"Tbx3-202",4.51170658086224e-06,"Down"
5.93449547551364e-11,-2.30548985427218,0.057,0.443,4.56089715275126e-06,"Amotl2-211",4.56089715275126e-06,"Down"
5.97092809309116e-11,-1.68861338440848,0.034,0.415,4.58889707666428e-06,"Vps13b-201",4.58889707666428e-06,"Down"
5.98578956970962e-11,-1.11989970950855,0.08,0.487,4.60031871590463e-06,"Srsf3-201",4.60031871590463e-06,"Down"
6.11561068757018e-11,-2.26574507105576,0.045,0.424,4.70009143782518e-06,"Arfgap1-201",4.70009143782518e-06,"Down"
6.15128588274803e-11,-1.81000369568352,0.091,0.5,4.72750925232717e-06,"Hmgcs1-201",4.72750925232717e-06,"Down"
6.33136532764273e-11,-1.49949914059839,0.08,0.468,4.86590750890654e-06,"Slk-201",4.86590750890654e-06,"Down"
6.35816747628008e-11,-2.73064882537433,0.159,0.518,4.88650603222029e-06,"Col6a2-202",4.88650603222029e-06,"Down"
6.39926703096199e-11,-1.94635602835825,0.045,0.424,4.91809268397553e-06,"Golga3-202",4.91809268397553e-06,"Down"
6.43410373853578e-11,-2.36198112931371,0.034,0.407,4.94486608721429e-06,"Tbl1x-202",4.94486608721429e-06,"Down"
6.45143944376112e-11,-3.47919894376398,0.023,0.383,4.95818927010817e-06,"Prpf19-201",4.95818927010817e-06,"Down"
6.5286958829221e-11,-1.15178561571291,0.057,0.441,5.01756393386095e-06,"Srsf11-213",5.01756393386095e-06,"Down"
6.63129006361852e-11,-1.68427326102116,0.045,0.422,5.09641166549338e-06,"Acap2-203",5.09641166549338e-06,"Down"
6.7196823109858e-11,-2.04243674324,0.091,0.483,5.16434464328503e-06,"Ddx17-201",5.16434464328503e-06,"Down"
6.75303183325346e-11,-1.68785833027869,0.034,0.401,5.18997508512862e-06,"Rest-202",5.18997508512862e-06,"Down"
6.75555851270494e-11,-1.16747966485098,0.034,0.402,5.19191693935425e-06,"Ldb1-208",5.19191693935425e-06,"Down"
6.79647095850911e-11,-1.63621769380625,0.045,0.418,5.22335979045259e-06,"Pkd1-201",5.22335979045259e-06,"Down"
6.81264629462084e-11,-1.78662022847317,0.068,0.46,5.2357911832679e-06,"Sec24a-204",5.2357911832679e-06,"Down"
7.00986476071398e-11,-2.90553595301165,0.011,0.368,5.38736146319912e-06,"Arhgef25-201",5.38736146319912e-06,"Down"
7.00986476071398e-11,-2.90553595301165,0.011,0.368,5.38736146319912e-06,"Arhgef25-202",5.38736146319912e-06,"Down"
7.09371003343111e-11,-2.28388287780954,0.045,0.416,5.45179990909315e-06,"Mvp-202",5.45179990909315e-06,"Down"
7.14642272119612e-11,-3.73448756726378,0.045,0.404,5.49231171814806e-06,"Kpna3-201",5.49231171814806e-06,"Down"
7.45210841135113e-11,-4.08234891839093,0.023,0.384,5.7272433984598e-06,"Aldh1a2-201",5.7272433984598e-06,"Down"
7.50120404888956e-11,-1.77048289712089,0.045,0.426,5.76497535973358e-06,"Dnttip2-201",5.76497535973358e-06,"Down"
7.53197201093239e-11,-4.3175765167642,0.023,0.37,5.78862176928198e-06,"Dlg5-202",5.78862176928198e-06,"Down"
7.68732763915666e-11,-2.49236475910302,0.068,0.437,5.90801878379746e-06,"Add3-213",5.90801878379746e-06,"Down"
7.71512463195958e-11,-1.47785714240164,0.284,0.678,5.92938188464621e-06,"App-206",5.92938188464621e-06,"Down"
7.74220287082762e-11,-5.3342756667075,0.011,0.357,5.95019259434586e-06,"Dhx38-201",5.95019259434586e-06,"Down"
7.78384640412361e-11,-2.09366859244861,0.023,0.387,5.98219731542516e-06,"Pcdhgc3-201",5.98219731542516e-06,"Down"
7.7963273184677e-11,-1.89154683233488,0.034,0.406,5.99178939733517e-06,"Col16a1-202",5.99178939733517e-06,"Down"
7.79986917109208e-11,-1.60331971213281,0.08,0.462,5.9945114527511e-06,"Wsb1-201",5.9945114527511e-06,"Down"
8.13855291144406e-11,-1.43917118460601,0.057,0.437,6.25480345456122e-06,"Zfhx3-204",6.25480345456122e-06,"Down"
8.16346467102921e-11,-2.64519636585192,0.045,0.42,6.27394913827279e-06,"Smg7-201",6.27394913827279e-06,"Down"
8.23567093983593e-11,-3.06538970989324,0,0.345,6.3294425441015e-06,"Sipa1-205",6.3294425441015e-06,"Down"
8.48327217387101e-11,-1.78236076025232,0.045,0.414,6.51973399650683e-06,"Fcgrt-203",6.51973399650683e-06,"Down"
8.49166981245193e-11,-3.22610487702527,0.034,0.392,6.52618791766181e-06,"Foxp4-204",6.52618791766181e-06,"Down"
8.50522165607955e-11,-1.46380775538154,0.068,0.463,6.53660305156338e-06,"Kmt2a-202",6.53660305156338e-06,"Down"
8.55559338518634e-11,-1.4246652693751,0.17,0.589,6.57531574025111e-06,"Ppia-205",6.57531574025111e-06,"Down"
8.60425938234123e-11,-2.27594473782449,0.045,0.414,6.61271750570453e-06,"Mvp-201",6.61271750570453e-06,"Down"
8.69735631463458e-11,-1.87758861855908,0.08,0.465,6.68426622204926e-06,"Asph-212",6.68426622204926e-06,"Down"
8.7214342523339e-11,-1.06315300966679,0.091,0.498,6.7027710802887e-06,"Axl-202",6.7027710802887e-06,"Down"
9.03352794216496e-11,-1.36353404731091,0.057,0.432,6.94262756467146e-06,"Tor1aip1-206",6.94262756467146e-06,"Down"
9.0689369496863e-11,-1.89894739998544,0.023,0.383,6.96984080331191e-06,"Pacsin2-203",6.96984080331191e-06,"Down"
9.07489271461199e-11,-3.09307112478172,0.011,0.366,6.9744180468879e-06,"Aff3-202",6.9744180468879e-06,"Down"
9.199877361613e-11,-3.24727265462779,0.045,0.409,7.07047374749406e-06,"Ldlr-201",7.07047374749406e-06,"Down"
9.22732250671257e-11,-1.8828462178902,0.045,0.422,7.09156643930888e-06,"Ppp2r2d-207",7.09156643930888e-06,"Down"
9.25996521277278e-11,-1.00746189948143,0.057,0.423,7.11665366462439e-06,"Sf3b3-201",7.11665366462439e-06,"Down"
9.41667886966703e-11,-2.60847905441688,0.034,0.401,7.2370943784939e-06,"Thsd7a-202",7.2370943784939e-06,"Down"
9.45072795212856e-11,-1.43062411940648,0.5,0.85,7.26326246032889e-06,"Ubc-203",7.26326246032889e-06,"Down"
9.4765277342336e-11,-1.79533083256752,0.023,0.387,7.28309062486789e-06,"Helz2-202",7.28309062486789e-06,"Down"
9.68175643796529e-11,-2.78030053590702,0.045,0.409,7.44081709283384e-06,"Zdhhc5-201",7.44081709283384e-06,"Down"
9.73914552740662e-11,-2.00730442307104,0.045,0.416,7.48492290363308e-06,"Eef1d-205",7.48492290363308e-06,"Down"
9.87012132509947e-11,-1.42199498003179,0.08,0.468,7.58558304319194e-06,"Usp34-208",7.58558304319194e-06,"Down"
1.0051028960017e-10,-2.43784822484048,0.08,0.458,7.72461779693146e-06,"Fam107b-209",7.72461779693146e-06,"Down"
1.01013805901938e-10,-1.43209386792215,0.08,0.475,7.76331503878755e-06,"Ago2-201",7.76331503878755e-06,"Down"
1.05677288549927e-10,1.35681152438695,0.136,0.563,8.12172233421606e-06,"Zeb2-212",8.12172233421606e-06,"Up"
1.06650615794535e-10,-1.41090334594805,0.057,0.43,8.19652642627321e-06,"Pa2g4-201",8.19652642627321e-06,"Down"
1.06650615794535e-10,-1.41090334596321,0.057,0.43,8.19652642627321e-06,"Pa2g4-202",8.19652642627321e-06,"Down"
1.07534091400882e-10,-3.12353459621585,0,0.341,8.26442506052339e-06,"Sgce-204",8.26442506052339e-06,"Down"
1.10552940173491e-10,-1.10232349140734,0.045,0.429,8.49643566409346e-06,"Psma2-202",8.49643566409346e-06,"Down"
1.10669319976313e-10,-1.20947248457345,0.091,0.48,8.50537991745953e-06,"Pum1-202",8.50537991745953e-06,"Down"
1.16344144793416e-10,-1.16104651022216,0.091,0.493,8.94151290395322e-06,"Carhsp1-201",8.94151290395322e-06,"Down"
1.17495396717165e-10,-3.08503152301504,0,0.34,9.029991219301e-06,"Sipa1-201",9.029991219301e-06,"Down"
1.18113430360912e-10,-1.56466771539518,0.045,0.422,9.07748957695752e-06,"Afap1-202",9.07748957695752e-06,"Down"
1.21487146076867e-10,-1.29331612110168,0.102,0.518,9.3367731245915e-06,"Ly6e-207",9.3367731245915e-06,"Down"
1.23005555164612e-10,-4.06321320450462,0.011,0.353,9.45346893662108e-06,"Ipo9-208",9.45346893662108e-06,"Down"
1.24508897491887e-10,-2.45386700981332,0.023,0.375,9.56900680784146e-06,"Dnm1-202",9.56900680784146e-06,"Down"
1.25509808729328e-10,-1.98610258332895,0.068,0.453,9.64593084008374e-06,"Smg7-202",9.64593084008374e-06,"Down"
1.27002636957962e-10,-1.63033771570203,0.045,0.413,9.76066066076724e-06,"Cct3-208",9.76066066076724e-06,"Down"
1.27036822974508e-10,-1.02938866365839,0.068,0.46,9.76328799288286e-06,"Tcp1-201",9.76328799288286e-06,"Down"
1.27208621566927e-10,-2.47037866727836,0.045,0.416,9.77649140190459e-06,"Ikbip-201",9.77649140190459e-06,"Down"
1.27324361898185e-10,-1.56682206681567,0.045,0.414,9.7853865093231e-06,"Rest-201",9.7853865093231e-06,"Down"
1.33784077864285e-10,-5.92019608033869,0.011,0.351,1.02818415201818e-05,"Frzb-201",1.02818415201818e-05,"Down"
1.34583794266714e-10,-3.98435675474309,0.011,0.358,1.0343302924574e-05,"Nfia-205",1.0343302924574e-05,"Down"
1.38038768578938e-10,-2.05575191077085,0.011,0.362,1.06088315203657e-05,"Igsf10-201",1.06088315203657e-05,"Down"
1.39857858313363e-10,-3.48982586401502,0.023,0.371,1.07486358428152e-05,"Irf9-203",1.07486358428152e-05,"Down"
1.40172395585365e-10,-2.80713791068112,0.023,0.372,1.07728092903176e-05,"Arhgef40-204",1.07728092903176e-05,"Down"
1.40203710413882e-10,-2.98410497221302,0,0.338,1.07752159601485e-05,"Sipa1-202",1.07752159601485e-05,"Down"
1.40994050700196e-10,-1.8742272072037,0.045,0.418,1.08359567725128e-05,"Eif5b-202",1.08359567725128e-05,"Down"
1.41494000545656e-10,-2.04479107340829,0.068,0.45,1.08743799179358e-05,"Psmd11-201",1.08743799179358e-05,"Down"
1.41739292352977e-10,-3.27924644862969,0.057,0.41,1.08932315744957e-05,"Slc3a2-202",1.08932315744957e-05,"Down"
1.4268349100235e-10,-2.92692716140019,0.011,0.359,1.09657970174946e-05,"Sfi1-203",1.09657970174946e-05,"Down"
1.43918258694702e-10,-1.76269380025333,0.023,0.377,1.10606938537227e-05,"Pacsin2-202",1.10606938537227e-05,"Down"
1.43918258694702e-10,-1.76269380019834,0.023,0.377,1.10606938537227e-05,"Pacsin2-210",1.10606938537227e-05,"Down"
1.45451557073201e-10,-1.42778031894656,0.068,0.443,1.11785339673038e-05,"Zfhx3-201",1.11785339673038e-05,"Down"
1.49146224685176e-10,-5.34619130826771,0.011,0.356,1.14624839519545e-05,"Serpina3n-201",1.14624839519545e-05,"Down"
1.53117125228342e-10,-4.00952398013159,0,0.337,1.1767663542299e-05,"Far1-202",1.1767663542299e-05,"Down"
1.53881929162844e-10,-2.78546766725392,0.023,0.371,1.18264417838812e-05,"Arhgef40-202",1.18264417838812e-05,"Down"
1.58136659530096e-10,-4.040140739088,0.011,0.355,1.2153434831526e-05,"Mdn1-211",1.2153434831526e-05,"Down"
1.59582887488429e-10,-1.73376913296159,0.068,0.44,1.22645832350357e-05,"Cops2-201",1.22645832350357e-05,"Down"
1.62499608540041e-10,-2.30513337633302,0.057,0.427,1.24887449147363e-05,"Midn-201",1.24887449147363e-05,"Down"
1.63281495220652e-10,-1.21746613110101,0.091,0.495,1.2548836033688e-05,"Son-204",1.2548836033688e-05,"Down"
1.65999683385689e-10,-2.90603083684585,0.023,0.37,1.27577396669238e-05,"Arhgef40-216",1.27577396669238e-05,"Down"
1.67838069493478e-10,-1.54921782051971,0.023,0.382,1.28990269928517e-05,"Tenm3-201",1.28990269928517e-05,"Down"
1.68018234772065e-10,-3.47487181346496,0.023,0.369,1.29128734151723e-05,"Irf9-202",1.29128734151723e-05,"Down"
1.71736945964055e-10,-2.11281417292831,0.057,0.427,1.31986712451215e-05,"Ythdc1-207",1.31986712451215e-05,"Down"
1.72768184991937e-10,-2.39090887099732,0.023,0.376,1.32779260893703e-05,"Zxdc-203",1.32779260893703e-05,"Down"
1.74354469126055e-10,-1.95874939886609,0.023,0.37,1.33998383702138e-05,"Fkbp3-205",1.33998383702138e-05,"Down"
1.76177055095688e-10,-4.09891138092991,0.011,0.349,1.3539911392324e-05,"Ipo9-206",1.3539911392324e-05,"Down"
1.76967710294317e-10,-1.5633282190481,0.045,0.4,1.36006764069594e-05,"Mast2-202",1.36006764069594e-05,"Down"
1.77656622228962e-10,-1.95130056263264,0.034,0.39,1.36536220447847e-05,"Dse-201",1.36536220447847e-05,"Down"
1.79227555678088e-10,-1.20052587397131,0.159,0.585,1.37743545640837e-05,"Nfat5-214",1.37743545640837e-05,"Down"
1.79241041515007e-10,-1.33975681353999,0.159,0.562,1.37753910045943e-05,"Aplp2-209",1.37753910045943e-05,"Down"
1.81839335762954e-10,-3.06699318127166,0.034,0.384,1.39750803107261e-05,"Foxp4-202",1.39750803107261e-05,"Down"
1.84377119230779e-10,-3.46850967093126,0.023,0.368,1.41701191213623e-05,"Irf9-205",1.41701191213623e-05,"Down"
1.89910995795697e-10,-3.58563440416147,0.023,0.374,1.45954196708825e-05,"Ccdc80-201",1.45954196708825e-05,"Down"
1.91258644334694e-10,-4.31234632670062,0.011,0.354,1.46989918516986e-05,"Rybp-201",1.46989918516986e-05,"Down"
1.96169227401734e-10,-1.99119087979122,0.034,0.395,1.50763898027329e-05,"Tnfrsf12a-206",1.50763898027329e-05,"Down"
1.96226540706689e-10,-3.35626250821844,0.034,0.382,1.50807945594719e-05,"Pcdh7-203",1.50807945594719e-05,"Down"
1.9640489678349e-10,1.29558305377632,0.057,0.436,1.50945019373983e-05,"Sh3d19-206",1.50945019373983e-05,"Up"
1.97981774597701e-10,-1.44560237739279,0.068,0.451,1.52156913049317e-05,"Uggt1-209",1.52156913049317e-05,"Down"
1.98134527340228e-10,-1.49979540034847,0.068,0.449,1.52274309642059e-05,"Eloa-201",1.52274309642059e-05,"Down"
1.98986170954269e-10,-1.16525281896631,0.034,0.396,1.52928831825194e-05,"Pcnx-204",1.52928831825194e-05,"Down"
1.99249843539364e-10,-5.44351368854719,0,0.334,1.53131474753743e-05,"Cadm3-201",1.53131474753743e-05,"Down"
2.02293556639066e-10,-3.69036850044684,0.023,0.367,1.55470690019388e-05,"Srsf5-209",1.55470690019388e-05,"Down"
2.02564068383411e-10,-2.57307856161562,0.034,0.388,1.55678589115387e-05,"Baz2b-202",1.55678589115387e-05,"Down"
2.02632663930657e-10,-1.19004911071798,0.057,0.437,1.55731307537267e-05,"Gramd1a-205",1.55731307537267e-05,"Down"
2.04511251359502e-10,-2.11166500202203,0.045,0.415,1.57175077119832e-05,"Mbd3-204",1.57175077119832e-05,"Down"
2.0848167873655e-10,-5.12214438842002,0.011,0.347,1.60226509376188e-05,"Rrs1-201",1.60226509376188e-05,"Down"
2.09323955882513e-10,-1.96623938635743,0.023,0.368,1.60873833053946e-05,"1810055G02Rik-202",1.60873833053946e-05,"Down"
2.11017989347007e-10,-2.60219089668027,0.045,0.399,1.62175765532749e-05,"Insig1-201",1.62175765532749e-05,"Down"
2.11565364981444e-10,-1.26133575630852,0.159,0.585,1.62596445602839e-05,"Dnaja1-210",1.62596445602839e-05,"Down"
2.14809978227149e-10,-1.14101730200773,0.068,0.437,1.65090060666693e-05,"Creld2-201",1.65090060666693e-05,"Down"
2.18570572342251e-10,-1.59321240666525,0.045,0.421,1.67980227667914e-05,"Cct8-209",1.67980227667914e-05,"Down"
2.19475439429714e-10,-1.27857127453306,0.091,0.503,1.68675654219313e-05,"Cct8-201",1.68675654219313e-05,"Down"
2.21299982104922e-10,-1.61452751219327,0.034,0.393,1.70077888246917e-05,"Acat1-201",1.70077888246917e-05,"Down"
2.23579848625694e-10,-1.18499848454176,0.057,0.437,1.71830056862791e-05,"Supt16-201",1.71830056862791e-05,"Down"
2.23884584796493e-10,-1.95545857607488,0.034,0.399,1.72064258799497e-05,"Ntrk2-204",1.72064258799497e-05,"Down"
2.23903728013493e-10,-3.75586650097768,0.023,0.364,1.7207897112749e-05,"Meis2-206",1.7207897112749e-05,"Down"
2.25225653110614e-10,-1.32484796994494,0.102,0.49,1.73094923441631e-05,"Huwe1-202",1.73094923441631e-05,"Down"
2.25586801101161e-10,-1.05197866292141,0.057,0.432,1.73372480118286e-05,"Atxn2l-202",1.73372480118286e-05,"Down"
2.26605519260086e-10,-1.15467461156269,0.023,0.378,1.74155405772147e-05,"Sec24d-205",1.74155405772147e-05,"Down"
2.27959610259116e-10,-1.91103665340686,0.045,0.407,1.75196078868541e-05,"Eef1d-212",1.75196078868541e-05,"Down"
2.29163100911045e-10,-3.39491781043304,0.011,0.353,1.76121009574174e-05,"Arhgef25-210",1.76121009574174e-05,"Down"
2.32285075196473e-10,-3.87592591965595,0.023,0.367,1.78520371691497e-05,"Sigmar1-201",1.78520371691497e-05,"Down"
2.33895705580612e-10,-2.72796633314054,0.011,0.354,1.79758205566923e-05,"Svil-207",1.79758205566923e-05,"Down"
2.36168972203609e-10,-2.16499364700586,0.057,0.41,1.81505301897362e-05,"Add3-201",1.81505301897362e-05,"Down"
2.38343393240702e-10,-1.57753147930856,0.045,0.418,1.83176431441209e-05,"Plxnb2-202",1.83176431441209e-05,"Down"
2.39486295886695e-10,-1.54207187630689,0.045,0.415,1.8405479784076e-05,"Hp1bp3-214",1.8405479784076e-05,"Down"
2.40020096926067e-10,-1.05768828206975,0.034,0.392,1.84465045291559e-05,"Sde2-201",1.84465045291559e-05,"Down"
2.42548618941395e-10,-1.06219004974259,0.125,0.538,1.8640831560122e-05,"Actn1-201",1.8640831560122e-05,"Down"
2.44196775316283e-10,-1.55400010327505,0.08,0.466,1.87674989701576e-05,"Csnk1d-201",1.87674989701576e-05,"Down"
2.46335204280698e-10,-1.81439004828765,0.08,0.455,1.89318457897887e-05,"Tns2-201",1.89318457897887e-05,"Down"
2.46658090996514e-10,-1.7127158691334,0.023,0.371,1.89566609254461e-05,"Pacsin2-206",1.89566609254461e-05,"Down"
2.47083248615416e-10,-3.14400896262521,0.023,0.372,1.89893359890892e-05,"Ikzf5-201",1.89893359890892e-05,"Down"
2.47094427386753e-10,-2.23160344522511,0.045,0.406,1.89901951223815e-05,"Ccdc186-202",1.89901951223815e-05,"Down"
2.48323110086081e-10,-1.52707397891487,0.023,0.37,1.90846243025556e-05,"Arhgef40-219",1.90846243025556e-05,"Down"
2.49105886113587e-10,-1.3597186892738,0.068,0.42,1.91447837713736e-05,"Mbtps1-201",1.91447837713736e-05,"Down"
2.52603530642314e-10,-1.80976260565432,0.045,0.396,1.94135917439844e-05,"Epc2-201",1.94135917439844e-05,"Down"
2.54031660643252e-10,-2.25634856746704,0.068,0.429,1.95233492470765e-05,"Arid1a-201",1.95233492470765e-05,"Down"
2.62040469298136e-10,-1.16901588180617,0.068,0.45,2.0138858227439e-05,"Mideas-201",2.0138858227439e-05,"Down"
2.63360930155394e-10,-1.16440236192614,0.068,0.441,2.02403409261627e-05,"Ext2-201",2.02403409261627e-05,"Down"
2.6432667199284e-10,-2.10976639104344,0.057,0.409,2.03145620493377e-05,"Add3-207",2.03145620493377e-05,"Down"
2.64559638984077e-10,-1.98128550250386,0.114,0.489,2.03324664944822e-05,"Rock1-201",2.03324664944822e-05,"Down"
2.67632443511513e-10,-3.38567666763085,0.011,0.345,2.05686238136338e-05,"Dnm1-204",2.05686238136338e-05,"Down"
2.69208446664156e-10,-3.81873268006716,0.011,0.348,2.06897459599271e-05,"Herc2-202",2.06897459599271e-05,"Down"
2.69574564583564e-10,-4.35295787567345,0.034,0.373,2.07178835865053e-05,"Dido1-202",2.07178835865053e-05,"Down"
2.70600321379893e-10,-1.89959965326491,0.057,0.419,2.07967170993303e-05,"Psmd12-201",2.07967170993303e-05,"Down"
2.78655780889801e-10,-3.18633728811369,0.023,0.364,2.14158113845048e-05,"Ldb1-202",2.14158113845048e-05,"Down"
2.82439642410409e-10,-5.94608266952363,0,0.33,2.17066162778096e-05,"Spon2-204",2.17066162778096e-05,"Down"
2.90320881207378e-10,-2.0525713628439,0.068,0.441,2.23123210043118e-05,"Csrnp1-203",2.23123210043118e-05,"Down"
2.92256761935666e-10,-2.45116530540514,0.023,0.37,2.24611011818036e-05,"Adrm1-201",2.24611011818036e-05,"Down"
2.99484140987846e-10,-1.69740252640884,0.08,0.452,2.30165541714799e-05,"Arid4b-203",2.30165541714799e-05,"Down"
3.00028551515269e-10,-2.45790782206456,0.045,0.395,2.30583942981545e-05,"Smad1-202",2.30583942981545e-05,"Down"
3.00357861524748e-10,-1.34258986357696,0.068,0.418,2.3083703089623e-05,"Mbtps1-202",2.3083703089623e-05,"Down"
3.01746551160903e-10,-1.15998632018501,0.08,0.468,2.319042944292e-05,"Myl6-205",2.319042944292e-05,"Down"
3.027173529189e-10,-2.16758355335133,0.034,0.39,2.32650394412291e-05,"Morf4l2-215",2.32650394412291e-05,"Down"
3.05565237683967e-10,-2.3021361648893,0.034,0.393,2.34839107769636e-05,"Fat1-203",2.34839107769636e-05,"Down"
3.07656780017508e-10,-2.13304509384686,0.057,0.413,2.36446541714656e-05,"Nup50-202",2.36446541714656e-05,"Down"
3.14067652578021e-10,-1.54347146599113,0.045,0.414,2.41373553712312e-05,"Plxnb2-201",2.41373553712312e-05,"Down"
3.14829602407226e-10,-1.16199600268338,0.045,0.411,2.41959142634049e-05,"Cdr2l-201",2.41959142634049e-05,"Down"
3.20564370045683e-10,-2.42468915847179,0.045,0.403,2.46366540954909e-05,"Ewsr1-205",2.46366540954909e-05,"Down"
3.20650438125465e-10,-1.28639173102792,0.114,0.481,2.46432687716945e-05,"Tapbp-206",2.46432687716945e-05,"Down"
3.21992772252553e-10,-3.80193023469293,0.011,0.346,2.47464325186977e-05,"Herc2-201",2.47464325186977e-05,"Down"
3.22464181852986e-10,-1.26809019611227,0.08,0.468,2.47826622321294e-05,"Kmt2a-201",2.47826622321294e-05,"Down"
3.22581473395703e-10,-3.6879336340274,0.023,0.359,2.47916765563534e-05,"Meis2-205",2.47916765563534e-05,"Down"
3.24395522701898e-10,-2.42475605083219,0.034,0.381,2.49310935017317e-05,"Hic1-201",2.49310935017317e-05,"Down"
3.31338985008822e-10,-1.02328269388483,0.034,0.393,2.5464726353868e-05,"P4ha2-201",2.5464726353868e-05,"Down"
3.33235406049778e-10,-1.85316984566697,0.045,0.403,2.56104738965497e-05,"Eef1d-207",2.56104738965497e-05,"Down"
3.40209632790263e-10,-1.5152647367389,0.08,0.453,2.61464711184629e-05,"Nfatc1-202",2.61464711184629e-05,"Down"
3.5094760351981e-10,-1.4214225496272,0.08,0.448,2.69717271209115e-05,"Psmd3-205",2.69717271209115e-05,"Down"
3.52020010419687e-10,-2.68430704638014,0.011,0.35,2.70541458807946e-05,"Eif3k-202",2.70541458807946e-05,"Down"
3.58469052249442e-10,-1.42876501406738,0.068,0.438,2.75497805415786e-05,"Trak1-209",2.75497805415786e-05,"Down"
3.69117251504478e-10,-3.79622706270265,0.023,0.359,2.83681372471252e-05,"P3h3-204",2.83681372471252e-05,"Down"
3.70148728066883e-10,-1.95801417196428,0.023,0.362,2.84474103468523e-05,"Hes1-201",2.84474103468523e-05,"Down"
3.71694808884871e-10,-3.81964400890198,0.011,0.348,2.85662328420379e-05,"Usp22-201",2.85662328420379e-05,"Down"
3.77831818359426e-10,-3.34783993878747,0.068,0.411,2.90378865681953e-05,"Hnrnph1-204",2.90378865681953e-05,"Down"
3.8581633846369e-10,-1.80460354823722,0.045,0.404,2.96515288762885e-05,"Preb-201",2.96515288762885e-05,"Down"
3.8605789979246e-10,-2.43555162741523,0.034,0.378,2.96700938306497e-05,"Hic1-202",2.96700938306497e-05,"Down"
3.93466103039967e-10,-1.60131444696493,0.091,0.456,3.02394438830337e-05,"Dbn1-202",3.02394438830337e-05,"Down"
3.97663304108013e-10,-1.37383385271331,0.068,0.414,3.05620155739172e-05,"Mbtps1-207",3.05620155739172e-05,"Down"
3.98006675132129e-10,-1.62685392604866,0.091,0.467,3.05884050106046e-05,"Sptan1-208",3.05884050106046e-05,"Down"
4.01729684371184e-10,-1.87287922366871,0.045,0.395,3.0874533162663e-05,"Puf60-201",3.0874533162663e-05,"Down"
4.01765384143596e-10,-1.08017258615531,0.08,0.47,3.0877276832972e-05,"Atl3-202",3.0877276832972e-05,"Down"
4.1138620935637e-10,-1.90740857634689,0.045,0.397,3.16166757338745e-05,"Cmklr1-201",3.16166757338745e-05,"Down"
4.17827745150714e-10,-1.57225951478488,0.068,0.434,3.2111733525813e-05,"Anapc5-205",3.2111733525813e-05,"Down"
4.18878848088003e-10,-1.52507286154038,0.057,0.41,3.21925149909554e-05,"Srebf2-201",3.21925149909554e-05,"Down"
4.20193067030227e-10,-2.62119404392817,0.011,0.341,3.22935179735411e-05,"Celf2-202",3.22935179735411e-05,"Down"
4.333869301112e-10,-2.63611224555288,0.08,0.443,3.33075191267662e-05,"Srsf6-203",3.33075191267662e-05,"Down"
4.34965746774495e-10,-2.31692932151447,0.034,0.389,3.3428857502607e-05,"Fat1-201",3.3428857502607e-05,"Down"
4.35801223833085e-10,-5.1287484446249,0.011,0.34,3.3493067256468e-05,"Ggt5-201",3.3493067256468e-05,"Down"
4.36272729506746e-10,-3.14029006757416,0.034,0.379,3.35293043535115e-05,"Eif3m-202",3.35293043535115e-05,"Down"
4.37754545880396e-10,-2.17376140777402,0.045,0.401,3.3643187869092e-05,"Tcp1-202",3.3643187869092e-05,"Down"
4.42175077217532e-10,-3.95454525564717,0.011,0.34,3.39829233844762e-05,"Qser1-203",3.39829233844762e-05,"Down"
4.43221978101752e-10,-1.71435177969499,0.068,0.428,3.4063381905032e-05,"Arid4b-201",3.4063381905032e-05,"Down"
4.46439581012406e-10,-3.54223328906372,0.034,0.376,3.43106675591275e-05,"Tnks2-201",3.43106675591275e-05,"Down"
4.49413370074506e-10,-2.83320135205918,0.011,0.346,3.4539215143706e-05,"Sfi1-218",3.4539215143706e-05,"Down"
4.53072520676985e-10,-2.85616045209809,0.034,0.381,3.4820435504109e-05,"Far1-201",3.4820435504109e-05,"Down"
4.5498016405534e-10,-4.87121574599534,0.023,0.35,3.49670455283091e-05,"Ptgis-202",3.49670455283091e-05,"Down"
4.59882388696594e-10,-4.05889144260362,0.011,0.339,3.5343801100888e-05,"Nfia-201",3.5343801100888e-05,"Down"
4.67658983274055e-10,-4.50395970682317,0.023,0.356,3.59414635005442e-05,"Il1r1-202",3.59414635005442e-05,"Down"
4.78607296507028e-10,-1.86688871945688,0.045,0.393,3.67828851657511e-05,"Puf60-204",3.67828851657511e-05,"Down"
4.88404443931751e-10,-4.25401812955493,0.023,0.352,3.75358351339308e-05,"Abce1-201",3.75358351339308e-05,"Down"
4.92045111825117e-10,-1.03142199825073,0.08,0.461,3.78156350242076e-05,"Hook3-201",3.78156350242076e-05,"Down"
4.92558413927742e-10,-1.2985565712662,0.17,0.572,3.78550843440027e-05,"Ppia-206",3.78550843440027e-05,"Down"
4.95115175571829e-10,-3.89980914782584,0.023,0.356,3.80515817033974e-05,"Pcbp1-201",3.80515817033974e-05,"Down"
4.95128909962117e-10,-1.89515083388298,0.045,0.399,3.80526372462286e-05,"Irak3-201",3.80526372462286e-05,"Down"
4.99893961993771e-10,-1.74266542556605,0.091,0.46,3.84188505550693e-05,"Hnrnph1-201",3.84188505550693e-05,"Down"
5.04361872215984e-10,-2.27381108364122,0.011,0.346,3.87622273272872e-05,"Plce1-201",3.87622273272872e-05,"Down"
5.05014081557172e-10,-5.20846755348488,0.023,0.351,3.88123522239949e-05,"Steap4-201",3.88123522239949e-05,"Down"
5.11235721253685e-10,-1.73912163128392,0.057,0.425,3.92905101212307e-05,"Skil-204",3.92905101212307e-05,"Down"
5.12226227259169e-10,-1.85115722553478,0.023,0.36,3.93666344697762e-05,"St3gal4-201",3.93666344697762e-05,"Down"
5.1250722676116e-10,-2.09379512061483,0.045,0.408,3.93882304055022e-05,"Arf3-201",3.93882304055022e-05,"Down"
5.14353869658924e-10,-1.39267787119566,0.057,0.414,3.9530152298767e-05,"Fzd1-201",3.9530152298767e-05,"Down"
5.21186009406235e-10,-1.94726770372796,0.057,0.416,4.00552295669068e-05,"Spsb1-201",4.00552295669068e-05,"Down"
5.32453186482503e-10,-2.48858443471122,0.045,0.392,4.09211571939263e-05,"Sec24b-201",4.09211571939263e-05,"Down"
5.38662750917766e-10,-1.09847324746416,0.057,0.413,4.1398387059034e-05,"Lgals9-202",4.1398387059034e-05,"Down"
5.45229796351541e-10,-2.49879783572478,0.102,0.457,4.19030907688013e-05,"Igfbp7-202",4.19030907688013e-05,"Down"
5.53836723482688e-10,-2.47507360682129,0.034,0.376,4.25645675465385e-05,"Baz2b-201",4.25645675465385e-05,"Down"
5.75171179235994e-10,-2.73669894393861,0.034,0.379,4.42042058090031e-05,"Esr1-201",4.42042058090031e-05,"Down"
5.83528707542598e-10,-3.29180425844288,0.023,0.36,4.48465152894788e-05,"Nans-201",4.48465152894788e-05,"Down"
5.87375839021879e-10,-1.31013949066767,0.045,0.394,4.51421827321875e-05,"Pld3-202",4.51421827321875e-05,"Down"
6.03074792020426e-10,-1.47963900535145,0.045,0.397,4.63487100659378e-05,"Pxdn-208",4.63487100659378e-05,"Down"
6.06576116575118e-10,-1.83733725253492,0.068,0.42,4.66178008632641e-05,"Ubr5-201",4.66178008632641e-05,"Down"
6.0925676148706e-10,-1.36395154988381,0.08,0.458,4.68238191473265e-05,"Amotl2-201",4.68238191473265e-05,"Down"
6.0971790917934e-10,-1.49796489492196,0.045,0.397,4.6859260192069e-05,"Tmf1-202",4.6859260192069e-05,"Down"
6.16158643596692e-10,-2.05934283399431,0.08,0.433,4.73542563949802e-05,"Tkt-209",4.73542563949802e-05,"Down"
6.20695225200224e-10,-3.2203100481237,0.045,0.379,4.7702910837538e-05,"Slc44a1-201",4.7702910837538e-05,"Down"
6.3010608195878e-10,-1.97260192558728,0.045,0.386,4.84261728228601e-05,"Sfxn3-203",4.84261728228601e-05,"Down"
6.33788162333922e-10,-3.08974443850268,0.023,0.354,4.87091554280112e-05,"Ldb1-201",4.87091554280112e-05,"Down"
6.38442582538197e-10,-2.21803788375785,0.034,0.376,4.90668662383906e-05,"Pds5b-201",4.90668662383906e-05,"Down"
6.45682890176773e-10,-1.77121170217306,0.045,0.404,4.96233128416458e-05,"Dcaf8-201",4.96233128416458e-05,"Down"
6.47177225495926e-10,-2.88555541763676,0.034,0.37,4.97381584882639e-05,"Arhgap21-210",4.97381584882639e-05,"Down"
6.51958448799851e-10,-3.32627337632543,0.148,0.5,5.01056146240637e-05,"Postn-201",5.01056146240637e-05,"Down"
6.53597432753579e-10,-2.52137463647299,0.034,0.375,5.02315770968435e-05,"Apbb2-210",5.02315770968435e-05,"Down"
6.72398705727297e-10,-2.4973621755693,0.045,0.389,5.16765301299657e-05,"P3h1-204",5.16765301299657e-05,"Down"
6.7452428378117e-10,-1.55947369666672,0.091,0.465,5.1839889305718e-05,"Mef2a-204",5.1839889305718e-05,"Down"
6.75586758032338e-10,-2.62932048812736,0.034,0.366,5.19215447018173e-05,"Gigyf2-217",5.19215447018173e-05,"Down"
6.83547011920206e-10,-4.18736919407506,0.011,0.335,5.25333220541155e-05,"Rnf19b-206",5.25333220541155e-05,"Down"
6.88342494353462e-10,-1.16848028369075,0.034,0.382,5.29018740610409e-05,"Map3k3-201",5.29018740610409e-05,"Down"
6.89206618409593e-10,-3.31683760992247,0.034,0.372,5.29682854512509e-05,"Prpf38b-208",5.29682854512509e-05,"Down"
6.95438043155875e-10,-1.14964718570024,0.057,0.418,5.34471953687016e-05,"Mga-203",5.34471953687016e-05,"Down"
6.9633874902589e-10,-2.86684099832356,0.011,0.341,5.35164182176357e-05,"Sema3c-201",5.35164182176357e-05,"Down"
7.04351371022378e-10,-2.57944304724753,0.045,0.385,5.41322202685539e-05,"Usp8-202",5.41322202685539e-05,"Down"
7.11915492146687e-10,-4.8875520072612,0.011,0.332,5.47135532334415e-05,"Dennd2a-201",5.47135532334415e-05,"Down"
7.20717581212647e-10,-1.03499705084627,0.011,0.341,5.53900289865167e-05,"Rdx-202",5.53900289865167e-05,"Down"
7.28053896985829e-10,-1.56537335790586,0.023,0.363,5.59538541989489e-05,"Helz2-203",5.59538541989489e-05,"Down"
7.40033902611868e-10,-1.85211783613263,0.045,0.396,5.68745655513325e-05,"Tecr-201",5.68745655513325e-05,"Down"
7.41942395217272e-10,-3.57080326476767,0.023,0.351,5.70212408420282e-05,"Txlna-206",5.70212408420282e-05,"Down"
7.46813478345059e-10,-1.7301848414763,0.08,0.429,5.73956030647312e-05,"Dbn1-201",5.73956030647312e-05,"Down"
7.57672417765249e-10,-3.49575754967467,0.023,0.355,5.82301559949305e-05,"Srrm1-212",5.82301559949305e-05,"Down"
7.61283942416671e-10,-1.87315408770522,0.102,0.466,5.85077161104909e-05,"Mprip-201",5.85077161104909e-05,"Down"
7.61803678717756e-10,-1.69472242801297,0.034,0.381,5.85476599241744e-05,"Mycbp2-202",5.85476599241744e-05,"Down"
7.67906029947653e-10,-3.25578882033984,0.045,0.384,5.90166500255969e-05,"Timp1-202",5.90166500255969e-05,"Down"
7.74152629394353e-10,-2.61752546731759,0.034,0.369,5.94967261794736e-05,"Thbs3-201",5.94967261794736e-05,"Down"
7.87555048404447e-10,-1.59849749481166,0.023,0.363,6.05267556900754e-05,"Dhx15-205",6.05267556900754e-05,"Down"
7.90869340728902e-10,-2.87267428845699,0.057,0.394,6.0781472312379e-05,"Add1-201",6.0781472312379e-05,"Down"
7.96042912387232e-10,-1.36611235646193,0.08,0.446,6.11790819886083e-05,"Nucks1-201",6.11790819886083e-05,"Down"
8.02154859287926e-10,-6.74734059629292,0.011,0.331,6.16488095557143e-05,"Prlr-202",6.16488095557143e-05,"Down"
8.02965583941802e-10,-4.63235988837931,0.011,0.333,6.17111169882633e-05,"Ripor2-205",6.17111169882633e-05,"Down"
8.04647546116329e-10,-1.35206102653342,0.045,0.394,6.18403825092244e-05,"Hnrnpll-205",6.18403825092244e-05,"Down"
8.07014394603922e-10,-2.7571586378097,0.011,0.339,6.20222842828898e-05,"Sox5-214",6.20222842828898e-05,"Down"
8.20710314941054e-10,-1.48883169378006,0.091,0.456,6.30748705444797e-05,"Heg1-201",6.30748705444797e-05,"Down"
8.41190135708208e-10,-2.28261217390271,0.034,0.377,6.46488266897186e-05,"Ctsh-202",6.46488266897186e-05,"Down"
8.45433208621058e-10,-1.13789160437221,0.045,0.395,6.49749238153628e-05,"Ap3d1-201",6.49749238153628e-05,"Down"
8.48136782402404e-10,-2.57087176503237,0.011,0.333,6.51827042747544e-05,"Celf2-204",6.51827042747544e-05,"Down"
8.50581648011879e-10,-2.53389020950461,0.011,0.333,6.5370601976305e-05,"Celf2-206",6.5370601976305e-05,"Down"
8.50992358734679e-10,-2.23501711128851,0.023,0.36,6.5402166738195e-05,"Col18a1-203",6.5402166738195e-05,"Down"
8.70600838906049e-10,-1.7062614614804,0.057,0.402,6.69091568732855e-05,"Arid4b-204",6.69091568732855e-05,"Down"
8.88193465263726e-10,-1.46904877612323,0.023,0.359,6.82612205793784e-05,"Sfi1-216",6.82612205793784e-05,"Down"
9.02186530423447e-10,-2.20673487569911,0.068,0.409,6.93366436091636e-05,"Atp2a2-202",6.93366436091636e-05,"Down"
9.1965119329565e-10,-2.68226823290443,0.045,0.39,7.06788728095439e-05,"Arfgap3-201",7.06788728095439e-05,"Down"
9.2468347398162e-10,-2.55734639883964,0.023,0.35,7.10656237093835e-05,"Celf2-201",7.10656237093835e-05,"Down"
9.33408622026599e-10,-1.59705537208546,0.068,0.425,7.17361862372323e-05,"Tut7-201",7.17361862372323e-05,"Down"
9.35247561366136e-10,-3.42281881915573,0.034,0.369,7.1877516081233e-05,"Wasf2-202",7.1877516081233e-05,"Down"
9.51255559411475e-10,-2.22520387429038,0.034,0.376,7.31077947630095e-05,"Skil-201",7.31077947630095e-05,"Down"
9.55328895324086e-10,-2.19929848234555,0.034,0.375,7.34208469212373e-05,"Rhoj-201",7.34208469212373e-05,"Down"
9.59886143050396e-10,-2.25810323516379,0.045,0.393,7.37710896379951e-05,"Ddx6-202",7.37710896379951e-05,"Down"
9.71317975751155e-10,-3.16364989126291,0.068,0.408,7.46496717083793e-05,"Sfrp4-203",7.46496717083793e-05,"Down"
9.83297693831757e-10,-1.36467173066127,0.159,0.561,7.55703609617459e-05,"Ugdh-201",7.55703609617459e-05,"Down"
9.83850377292095e-10,-2.71215518905315,0.057,0.39,7.56128368964067e-05,"Acadsb-201",7.56128368964067e-05,"Down"
9.86445147656187e-10,-2.40803927703216,0.057,0.403,7.58122553779686e-05,"Septin11-205",7.58122553779686e-05,"Down"
9.92143151651908e-10,-1.29028583372646,0.068,0.425,7.62501697770557e-05,"ENSMUST00000249658.1",7.62501697770557e-05,"Down"
9.96909966689704e-10,-2.33165905429396,0.023,0.358,7.66165185799705e-05,"Col18a1-201",7.66165185799705e-05,"Down"
1.03896406064659e-09,-1.52822033468239,0.068,0.428,7.9848543916933e-05,"Ahcyl1-201",7.9848543916933e-05,"Down"
1.04614970179204e-09,-4.04083113504397,0.023,0.342,8.04007891815252e-05,"Macroh2a1-202",8.04007891815252e-05,"Down"
1.06275714219508e-09,1.29727243089273,0.091,0.473,8.16771374062606e-05,"Smtn-210",8.16771374062606e-05,"Up"
1.06725891535734e-09,-1.64133433124109,0.045,0.389,8.20231166808732e-05,"Brwd1-202",8.20231166808732e-05,"Down"
1.07161899214705e-09,-3.38329022726667,0.057,0.388,8.23582060224691e-05,"Ppp4r2-201",8.23582060224691e-05,"Down"
1.0853361345088e-09,-1.64969791952683,0.023,0.349,8.34124232815396e-05,"Irf2bp2-201",8.34124232815396e-05,"Down"
1.09328321922985e-09,-3.02087435252292,0.011,0.334,8.4023188530691e-05,"Meis1-201",8.4023188530691e-05,"Down"
1.11716111814472e-09,-1.26199561265119,0.023,0.353,8.58583005738941e-05,"Qrich1-206",8.58583005738941e-05,"Down"
1.11894635097405e-09,-1.5385101427733,0.068,0.413,8.59955028577593e-05,"Add3-216",8.59955028577593e-05,"Down"
1.14773704327537e-09,-4.96786195738679,0.011,0.332,8.82081827238849e-05,"Ptx3-201",8.82081827238849e-05,"Down"
1.15682003440407e-09,-1.29349481962389,0.295,0.672,8.89062469240903e-05,"App-203",8.89062469240903e-05,"Down"
1.1599864445063e-09,-1.62089817817468,0.034,0.372,8.91495982060869e-05,"Dhx15-207",8.91495982060869e-05,"Down"
1.16072618106268e-09,-2.32779591394247,0.057,0.401,8.92064499193913e-05,"Atf6-201",8.92064499193913e-05,"Down"
1.17691244471423e-09,-1.86040980005425,0.045,0.384,9.04504290260671e-05,"Golga3-201",9.04504290260671e-05,"Down"
1.18157790003632e-09,-1.73034784099661,0.045,0.391,9.08089879293916e-05,"Tecr-216",9.08089879293916e-05,"Down"
1.18400731352037e-09,-1.00380782753345,0.125,0.503,9.09956980732948e-05,"Gpc1-201",9.09956980732948e-05,"Down"
1.19290404253351e-09,-1.8583498347179,0.023,0.347,9.16794472848702e-05,"Hnrnpd-201",9.16794472848702e-05,"Down"
1.20401660497624e-09,-1.33086621202917,0.102,0.484,9.25334921588438e-05,"Tns1-208",9.25334921588438e-05,"Down"
1.21843217879307e-09,-3.11860177380064,0.023,0.353,9.3641386668963e-05,"Plekhg3-206",9.3641386668963e-05,"Down"
1.26457295383968e-09,-2.52878141498115,0.023,0.346,9.71874897943945e-05,"Irak3-205",9.71874897943945e-05,"Down"
1.26609536332013e-09,-1.76906839663382,0.068,0.411,9.7304493052605e-05,"Ubr5-204",9.7304493052605e-05,"Down"
1.27060767064666e-09,-1.56808045147701,0.057,0.405,9.76512819198785e-05,"Zswim8-201",9.76512819198785e-05,"Down"
1.27063391065866e-09,-3.31907286978402,0.023,0.345,9.76532985697606e-05,"Stx5a-208",9.76532985697606e-05,"Down"
1.2716887865063e-09,-2.34315781713989,0.011,0.334,9.77343699981548e-05,"Gstp1-203",9.77343699981548e-05,"Down"
1.2716887865063e-09,-2.34315781713989,0.011,0.334,9.77343699981548e-05,"Gstp2-204",9.77343699981548e-05,"Down"
1.27771833733494e-09,-3.46746281775349,0.102,0.431,9.81977650975395e-05,"Prss23-204",9.81977650975395e-05,"Down"
1.28241724268826e-09,-2.63439007156589,0.045,0.376,9.85588947695631e-05,"Xpo6-213",9.85588947695631e-05,"Down"
1.2970963900778e-09,-3.18195895574932,0.057,0.39,9.96870459630389e-05,"Rraga-201",9.96870459630389e-05,"Down"
1.29781929453887e-09,-2.02387168051783,0.057,0.41,9.97426040624903e-05,"Slc43a3-201",9.97426040624903e-05,"Down"
1.29855864599893e-09,-3.87832527763166,0.023,0.348,9.9799426179602e-05,"Ednra-201",9.9799426179602e-05,"Down"
1.29988087235615e-09,-1.87515190240541,0.045,0.388,9.99010445640595e-05,"Tns2-203",9.99010445640595e-05,"Down"
1.30098587985677e-09,-1.32081299902052,0.045,0.386,9.99859688105123e-05,"Herc1-201",9.99859688105123e-05,"Down"
1.3073217739747e-09,-1.30314639881085,0.08,0.45,0.000100472907617052,"Ube2f-204",0.000100472907617052,"Down"
1.30817992421883e-09,-1.11485399738609,0.068,0.434,0.000100538859895914,"Otud5-201",0.000100538859895914,"Down"
1.31295271299056e-09,-1.33455030354404,0.045,0.391,0.000100905667804176,"Klhl9-201",0.000100905667804176,"Down"
1.31474320784821e-09,-1.18183363570069,0.091,0.446,0.000101043274495966,"Ep300-201",0.000101043274495966,"Down"
1.31475332384351e-09,-3.85699053397848,0.034,0.362,0.000101044051950669,"Lrch3-201",0.000101044051950669,"Down"
1.32771926753988e-09,-1.68384747082048,0.057,0.391,0.00010204053658751,"Hexim1-201",0.00010204053658751,"Down"
1.3504529552716e-09,-2.37913198833005,0.068,0.412,0.000103787711424444,"Hnrnph1-205",0.000103787711424444,"Down"
1.37878101966173e-09,-2.25562136476764,0.057,0.391,0.000105964836485083,"Stk40-201",0.000105964836485083,"Down"
1.38049983060689e-09,-1.09296753351447,0.023,0.347,0.000106096933981462,"Slc1a5-202",0.000106096933981462,"Down"
1.39224194330023e-09,1.33782447894815,0.125,0.547,0.000106999362310396,"Gstp1-208",0.000106999362310396,"Up"
1.41341259861192e-09,-1.91803641122648,0.034,0.367,0.000108626411853721,"Trpm7-202",0.000108626411853721,"Down"
1.41915718062765e-09,-4.16347558623293,0.023,0.342,0.000109067905959958,"Farp1-201",0.000109067905959958,"Down"
1.4983478114746e-09,-1.43253919368822,0.091,0.458,0.000115154022703069,"Pnn-201",0.000115154022703069,"Down"
1.51264278039588e-09,-2.61419759258235,0.034,0.356,0.000116252648244545,"Gigyf2-205",0.000116252648244545,"Down"
1.53069074257429e-09,-1.67671592385908,0.057,0.403,0.000117639706329805,"Srsf5-205",0.000117639706329805,"Down"
1.53295310064928e-09,-1.54679765006647,0.045,0.385,0.0001178135775973,"Brwd1-201",0.0001178135775973,"Down"
1.55633284513567e-09,-2.43391897618887,0.045,0.384,0.000119610404480057,"Scaf11-202",0.000119610404480057,"Down"
1.58286316539971e-09,-1.60886579369028,0.091,0.449,0.000121649365713629,"Cct4-204",0.000121649365713629,"Down"
1.63922208023991e-09,-1.30469350201275,0.034,0.367,0.000125980773754758,"Pi4kb-203",0.000125980773754758,"Down"
1.67439491471554e-09,-1.6275909483039,0.023,0.352,0.000128683946775548,"Tcf12-201",0.000128683946775548,"Down"
1.68321852681182e-09,-1.13304834658706,0.08,0.447,0.000129362076659595,"Ncor2-201",0.000129362076659595,"Down"
1.69981703351601e-09,-3.21994740771923,0.034,0.359,0.00013063773829384,"Vps13d-202",0.00013063773829384,"Down"
1.72821586616802e-09,-1.91568825680183,0.057,0.41,0.000132820302178477,"Ncoa6-203",0.000132820302178477,"Down"
1.72821586616802e-09,-1.91568825695771,0.057,0.41,0.000132820302178477,"Ncoa6-201",0.000132820302178477,"Down"
1.73453733346829e-09,-1.07524805739906,0.057,0.403,0.000133306132226372,"Pld3-201",0.000133306132226372,"Down"
1.75528116716896e-09,-1.89490410285588,0.102,0.453,0.000134900378821603,"Nupr1-202",0.000134900378821603,"Down"
1.75772659444248e-09,-2.82900570038019,0.023,0.34,0.000135088319689282,"Lgals8-201",0.000135088319689282,"Down"
1.82282832454956e-09,-4.25069993749141,0.034,0.35,0.000140091648054932,"Mydgf-201",0.000140091648054932,"Down"
1.8270593443561e-09,-2.2891808835245,0.057,0.389,0.000140416818851144,"Itsn1-201",0.000140416818851144,"Down"
1.83325906840851e-09,-2.12889526519481,0.034,0.364,0.000140893292443467,"Pds5b-208",0.000140893292443467,"Down"
1.86554102463776e-09,-3.15429295791404,0.034,0.362,0.00014337428990751,"Adgra2-201",0.00014337428990751,"Down"
1.87557194374927e-09,-1.02750808438691,0.057,0.41,0.000144145206164906,"Nap1l1-205",0.000144145206164906,"Down"
1.88228785527808e-09,-1.27688933497344,0.045,0.393,0.000144661350829541,"Fndc3b-202",0.000144661350829541,"Down"
1.8912974164036e-09,-2.3788307965732,0.034,0.362,0.000145353771640283,"Eef1d-203",0.000145353771640283,"Down"
1.91313512310483e-09,-2.48566407138731,0.045,0.371,0.000147032086751098,"Pcolce-204",0.000147032086751098,"Down"
1.93940862692217e-09,-2.21729109490346,0.045,0.383,0.000149051310613476,"Tcf4-206",0.000149051310613476,"Down"
1.94362852362004e-09,-2.30114292187516,0.057,0.391,0.000149375626554294,"Dlgap4-212",0.000149375626554294,"Down"
1.94765679287184e-09,-1.04492607333669,0.023,0.342,0.000149685215159372,"Slc1a5-201",0.000149685215159372,"Down"
1.98373319033478e-09,-2.14919284120251,0.057,0.387,0.000152457830609989,"Stk40-202",0.000152457830609989,"Down"
1.99449020679585e-09,-1.53318889360458,0.057,0.4,0.000153284550353088,"Zswim8-208",0.000153284550353088,"Down"
2.00766831055105e-09,-1.4538540715482,0.034,0.353,0.00015429734033909,"Cnpy3-203",0.00015429734033909,"Down"
2.00857307808884e-09,-2.28163831385641,0.057,0.388,0.00015436687534344,"Itsn1-206",0.00015436687534344,"Down"
2.01176990420006e-09,-1.53772988452355,0.023,0.35,0.000154612564217391,"Helz2-201",0.000154612564217391,"Down"
2.01180024697913e-09,-2.44102069044643,0.057,0.393,0.000154614896181334,"Jarid2-216",0.000154614896181334,"Down"
2.02315296269518e-09,-1.30828563850042,0.091,0.455,0.000155487397794975,"Hnrnpdl-207",0.000155487397794975,"Down"
2.03615628430916e-09,-1.09263645633201,0.205,0.609,0.000156486755074296,"Pla1a-201",0.000156486755074296,"Down"
2.10488958532064e-09,-1.00346634381775,0.034,0.368,0.000161769184190233,"Pcnx-205",0.000161769184190233,"Down"
2.10912047555291e-09,-1.72594337051101,0.023,0.349,0.000162094345028144,"Golm2-201",0.000162094345028144,"Down"
2.11160409259185e-09,-1.84234932239616,0.045,0.385,0.000162285220932054,"Clk1-212",0.000162285220932054,"Down"
2.14025887184175e-09,-1.55134132792325,0.239,0.653,0.000164487455336525,"Plec-207",0.000164487455336525,"Down"
2.19062692315482e-09,-3.55313812907505,0.023,0.337,0.000168358441552141,"Dhx9-202",0.000168358441552141,"Down"
2.19394440272101e-09,-1.70771172989948,0.023,0.341,0.00016861340312672,"Gapvd1-203",0.00016861340312672,"Down"
2.24108680753067e-09,-1.31187185562579,0.068,0.416,0.000172236485505962,"Ppp3r1-201",0.000172236485505962,"Down"
2.24201773850911e-09,-1.91528318363857,0.034,0.36,0.000172308031275379,"Umps-201",0.000172308031275379,"Down"
2.25192699227047e-09,-3.16804463868201,0.045,0.37,0.000173069597063955,"Clock-205",0.000173069597063955,"Down"
2.25319892310594e-09,-1.01881864275899,0.057,0.392,0.000173167350036384,"Sfxn3-201",0.000173167350036384,"Down"
2.29787098520126e-09,-1.285025455934,0.023,0.349,0.000176600576696658,"Ipo7-202",0.000176600576696658,"Down"
2.32885753024951e-09,-1.5582904710208,0.08,0.433,0.000178982016629796,"Per1-201",0.000178982016629796,"Down"
2.33585198039577e-09,-2.27848065650116,0.068,0.402,0.000179519568101336,"Myc-202",0.000179519568101336,"Down"
2.34399798669323e-09,-1.34446559042281,0.068,0.405,0.000180145621269322,"Add3-206",0.000180145621269322,"Down"
2.35070120762189e-09,3.03539646039629,0.398,0.179,0.000180660790610573,"Ctsj-202",0.000180660790610573,"Up"
2.40751845171676e-09,-1.85874946447237,0.034,0.367,0.00018502742308824,"Nsun2-202",0.00018502742308824,"Down"
2.42262766402631e-09,-1.12366111809263,0.08,0.431,0.000186188626491078,"Zyx-207",0.000186188626491078,"Down"
2.46172460061262e-09,-1.67885846208813,0.08,0.436,0.000189193382455482,"Nsd1-201",0.000189193382455482,"Down"
2.46689942084872e-09,-2.4254899811197,0.057,0.39,0.000189591088089908,"Plekha5-201",0.000189591088089908,"Down"
2.47041826408565e-09,-2.09146372750405,0.034,0.368,0.000189861525268038,"Fat1-206",0.000189861525268038,"Down"
2.49466977132218e-09,-2.13132353738102,0.023,0.342,0.000191725350605195,"Col16a1-203",0.000191725350605195,"Down"
2.49623440519875e-09,-3.44554689698632,0.045,0.364,0.000191845598977145,"Stxbp5-209",0.000191845598977145,"Down"
2.52884930339699e-09,-1.81920919637749,0.068,0.408,0.000194352184363272,"Pdlim7-209",0.000194352184363272,"Down"
2.53561717735805e-09,-2.59712810271895,0.023,0.338,0.000194872322548676,"Zfp148-202",0.000194872322548676,"Down"
2.59890384094948e-09,-1.44173184990881,0.08,0.428,0.000199736155792331,"Srcap-207",0.000199736155792331,"Down"
2.60071283921678e-09,-4.36375487423312,0.023,0.331,0.000199875184545166,"Trim8-201",0.000199875184545166,"Down"
2.6314991731201e-09,-3.54657446068436,0.034,0.345,0.000202241237450972,"Tmem214-207",0.000202241237450972,"Down"
2.64615908638123e-09,-2.13843285913368,0.034,0.365,0.000203367910424743,"Mdn1-201",0.000203367910424743,"Down"
2.65546160779546e-09,-2.05264447419634,0.023,0.337,0.000204082846405512,"Usp19-203",0.000204082846405512,"Down"
2.72801463702204e-09,-1.05150197110887,0.091,0.458,0.000209658836913692,"H1f0-201",0.000209658836913692,"Down"
2.76530432265476e-09,-1.70557131311405,0.068,0.405,0.000212524698413309,"Abl1-202",0.000212524698413309,"Down"
2.78962301832507e-09,-2.70947271598377,0.034,0.359,0.000214393687450355,"Far1-211",0.000214393687450355,"Down"
2.82798913736829e-09,-1.05511578420365,0.034,0.368,0.000217342277163303,"Secisbp2l-201",0.000217342277163303,"Down"
2.8849831691058e-09,-2.37273165927336,0.034,0.356,0.000221722496478457,"Hnrnpll-207",0.000221722496478457,"Down"
2.93132567607768e-09,-1.77833078242278,0.068,0.403,0.000225284103509274,"Fasn-205",0.000225284103509274,"Down"
2.94630871369754e-09,-1.7316731311015,0.023,0.345,0.000226435609882511,"Golm2-204",0.000226435609882511,"Down"
3.00867362797515e-09,-1.30858486446013,0.068,0.421,0.000231228603004402,"Ube2f-202",0.000231228603004402,"Down"
3.02693276248435e-09,-3.92752407007599,0.023,0.33,0.000232631890527973,"Macroh2a1-201",0.000232631890527973,"Down"
3.03739503306864e-09,-1.86184776180758,0.034,0.357,0.000233435957871457,"Trpm7-201",0.000233435957871457,"Down"
3.05786146503701e-09,-2.24876168892735,0.068,0.401,0.000235008885033955,"Rbm39-225",0.000235008885033955,"Down"
3.06893186315213e-09,-3.35536446796313,0.034,0.347,0.000235859689410694,"Sltm-201",0.000235859689410694,"Down"
3.07586888387091e-09,-1.12723450491867,0.08,0.439,0.000236392827201015,"Smtn-204",0.000236392827201015,"Down"
3.07832526130416e-09,-2.14934934659156,0.148,0.512,0.00023658160963227,"Gng12-204",0.00023658160963227,"Down"
3.10999096295672e-09,-3.44388244961816,0.023,0.331,0.000239015245467076,"Arhgap21-201",0.000239015245467076,"Down"
3.12691016030541e-09,-2.07095485569207,0.045,0.371,0.000240315553460112,"Foxj3-201",0.000240315553460112,"Down"
3.37962867963447e-09,-1.54914531030966,0.034,0.36,0.000259737982544628,"Coro1b-211",0.000259737982544628,"Down"
3.38225517631865e-09,-2.55755396762257,0.023,0.335,0.000259939839320794,"Apbb2-216",0.000259939839320794,"Down"
3.44347905568103e-09,-2.36230570908483,0.045,0.371,0.00026464513934531,"Cxcl16-201",0.00026464513934531,"Down"
3.50198480637006e-09,-1.0377194844773,0.045,0.385,0.000269141540308765,"Ndufs2-201",0.000269141540308765,"Down"
3.55007357966081e-09,-2.35354520540791,0.045,0.375,0.000272837354891252,"Pnisr-201",0.000272837354891252,"Down"
3.59772493412953e-09,-3.65267402340628,0.023,0.33,0.000276499552087591,"Foxp1-204",0.000276499552087591,"Down"
3.70584776258126e-09,-1.27697234792758,0.068,0.4,0.00028480922394542,"Add3-211",0.00028480922394542,"Down"
3.70830652693168e-09,-1.40920193324099,0.057,0.395,0.000284998189820808,"Nup98-204",0.000284998189820808,"Down"
3.76139041160708e-09,-2.38101510603163,0.034,0.362,0.00028907789869365,"Cxcl14-201",0.00028907789869365,"Down"
3.76531125518307e-09,-1.45504133638652,0.091,0.437,0.00028937923120584,"Stat3-201",0.00028937923120584,"Down"
3.79527523881032e-09,-1.94678675385779,0.034,0.35,0.000291682083203528,"Bicd2-201",0.000291682083203528,"Down"
3.8281129294537e-09,-3.39433400860981,0.034,0.354,0.000294205791080234,"Nr4a3-201",0.000294205791080234,"Down"
3.85673483616612e-09,-1.46162818726821,0.057,0.395,0.000296405499098711,"Uhrf2-201",0.000296405499098711,"Down"
3.85718180355675e-09,-1.95244587129993,0.034,0.356,0.00029643985033055,"Myo9a-205",0.00029643985033055,"Down"
3.89703937364198e-09,-1.06714173357803,0.068,0.413,0.000299503064021881,"Iqsec1-201",0.000299503064021881,"Down"
3.91268653901012e-09,-1.12493502955213,0.114,0.453,0.000300705611269084,"Tapbp-201",0.000300705611269084,"Down"
3.97556558220315e-09,-1.06602074675567,0.068,0.423,0.00030553811725464,"Tnks1bp1-207",0.00030553811725464,"Down"
3.99887893295356e-09,-1.76485454754931,0.057,0.39,0.000307329841513213,"Ano6-201",0.000307329841513213,"Down"
4.00763160916131e-09,-1.50591530267413,0.091,0.432,0.000308002519690484,"Nxf1-209",0.000308002519690484,"Down"
4.05939325259148e-09,-1.12107792686078,0.023,0.339,0.000311980609034665,"Pxn-213",0.000311980609034665,"Down"
4.06683360409471e-09,-4.00750798409643,0.034,0.344,0.000312552429809095,"Nfkb1-201",0.000312552429809095,"Down"
4.07172737215086e-09,-4.03133014969924,0.023,0.331,0.000312928535459282,"B4galt5-201",0.000312928535459282,"Down"
4.08566740225696e-09,-1.24615347862159,0.045,0.377,0.000313999882533056,"Zfp131-201",0.000313999882533056,"Down"
4.11436581355286e-09,-1.34782180056061,0.068,0.409,0.000316205470234791,"Cdk13-207",0.000316205470234791,"Down"
4.1256505658066e-09,-1.20322630000693,0.045,0.374,0.0003170727485845,"Foxj3-202",0.0003170727485845,"Down"
4.14102030931369e-09,-1.88823574524922,0.034,0.351,0.000318253974851994,"Ebna1bp2-201",0.000318253974851994,"Down"
4.27949280624867e-09,-1.33637199620504,0.034,0.362,0.000328896140131436,"Nap1l1-201",0.000328896140131436,"Down"
4.2798748854053e-09,-1.01851236157045,0.045,0.364,0.000328925504442939,"Ogfr-201",0.000328925504442939,"Down"
4.28880350002828e-09,-1.4306513903871,0.023,0.335,0.000329611704191173,"Gatad2a-206",0.000329611704191173,"Down"
4.32029351136099e-09,-2.26157739931364,0.034,0.356,0.000332031837522138,"Sox4-201",0.000332031837522138,"Down"
4.32733211232274e-09,-1.53307557954301,0.068,0.399,0.000332572782160452,"Itgb5-201",0.000332572782160452,"Down"
4.36956842535422e-09,-2.57982002042961,0.057,0.379,0.000335818811762173,"Mybbp1a-201",0.000335818811762173,"Down"
4.3888023608878e-09,-3.47982587263516,0.034,0.347,0.000337297016643671,"Zfp451-202",0.000337297016643671,"Down"
4.45703594014295e-09,-1.4553832167009,0.068,0.411,0.000342541040143746,"Ttc3-235",0.000342541040143746,"Down"
4.46526932523002e-09,-1.47699736199465,0.068,0.414,0.000343173808721228,"Ddx46-203",0.000343173808721228,"Down"
4.47218078718391e-09,-1.12978604330812,0.057,0.393,0.000343704982218232,"Snx18-201",0.000343704982218232,"Down"
4.48386252237424e-09,-1.12656213974534,0.057,0.393,0.00034460277029455,"Sumo1-201",0.00034460277029455,"Down"
4.50401369913158e-09,-1.7049705676881,0.068,0.403,0.000346151468833059,"Klf10-202",0.000346151468833059,"Down"
4.53243833753915e-09,-1.51743772259338,0.045,0.375,0.000348336015993234,"Ppig-201",0.000348336015993234,"Down"
4.54768829541172e-09,-3.05734780422133,0.023,0.331,0.000349508036255573,"Ifnar1-203",0.000349508036255573,"Down"
4.55693793060984e-09,-1.43787599425791,0.08,0.426,0.000350218907719089,"Per1-206",0.000350218907719089,"Down"
4.57070261045212e-09,-1.11044417261751,0.091,0.449,0.000351276778423688,"Sae1-203",0.000351276778423688,"Down"
4.57678061264102e-09,-3.22897812935591,0.034,0.35,0.000351743897203913,"Bmpr1a-201",0.000351743897203913,"Down"
4.65886343860515e-09,-2.3286065316549,0.045,0.366,0.00035805229071056,"P3h1-201",0.00035805229071056,"Down"
4.69869857133713e-09,-1.07884757802427,0.182,0.567,0.000361113780001544,"Ppia-201",0.000361113780001544,"Down"
4.70039767722212e-09,-1.86246917160865,0.045,0.377,0.000361244363085229,"Gstp2-201",0.000361244363085229,"Down"
4.70222750472978e-09,-1.10233789521607,0.057,0.395,0.000361384992648503,"Zeb1-201",0.000361384992648503,"Down"
4.71089152326998e-09,1.17450893355594,0.08,0.455,0.000362050857129391,"Cnih1-201",0.000362050857129391,"Up"
4.71545205199506e-09,-2.08363602378223,0.034,0.352,0.000362401352004029,"Pds5b-202",0.000362401352004029,"Down"
4.91200269431235e-09,-1.07919549035214,0.045,0.37,0.000377507055068682,"Akt2-204",0.000377507055068682,"Down"
4.94253077360233e-09,-1.77069158619083,0.261,0.614,0.000379853260074434,"Thbs1-201",0.000379853260074434,"Down"
4.98548675539331e-09,-2.3404258508854,0.045,0.371,0.000383154599098997,"Pnisr-202",0.000383154599098997,"Down"
4.98569341217611e-09,-1.83083957165057,0.034,0.347,0.000383170481499383,"Bicd2-203",0.000383170481499383,"Down"
5.1298186491141e-09,-1.25928838470297,0.114,0.479,0.000394247082459015,"Ap2m1-202",0.000394247082459015,"Down"
5.1508062198561e-09,-3.26185416644555,0.023,0.334,0.000395860061220821,"Pgr-203",0.000395860061220821,"Down"
5.20137528326137e-09,-1.19429152605662,0.034,0.359,0.00039974649601977,"Stat1-205",0.00039974649601977,"Down"
5.22085805240118e-09,-1.20480801624501,0.034,0.354,0.00040124382475924,"St3gal1-203",0.00040124382475924,"Down"
5.27692139829275e-09,1.19145539120204,0.125,0.511,0.000405552517144391,"Cnpy2-202",0.000405552517144391,"Up"
5.29221759008326e-09,-1.18464266946987,0.057,0.385,0.000406728090668259,"Fkbp3-203",0.000406728090668259,"Down"
5.29326322790104e-09,-3.59199651615519,0.034,0.34,0.000406808452117107,"Dennd4c-202",0.000406808452117107,"Down"
5.36617714475177e-09,-1.07009368526957,0.045,0.369,0.000412412178282753,"Akt2-201",0.000412412178282753,"Down"
5.37078789580062e-09,-1.82604189619855,0.068,0.391,0.000412766532943861,"Il4ra-205",0.000412766532943861,"Down"
5.37645114347349e-09,-1.47619378195769,0.034,0.358,0.000413201776180512,"Tcf12-202",0.000413201776180512,"Down"
5.53169351987772e-09,-1.8653916082585,0.034,0.356,0.000425132773776682,"Comt-204",0.000425132773776682,"Down"
5.55164739813668e-09,-3.37616143383386,0.034,0.339,0.000426666309136396,"Cul3-201",0.000426666309136396,"Down"
5.59568685666976e-09,-1.31259516485437,0.091,0.431,0.000430050917682498,"Sqor-201",0.000430050917682498,"Down"
5.61860801699644e-09,-1.46720572663287,0.034,0.351,0.000431812500538244,"Gapvd1-201",0.000431812500538244,"Down"
5.65277350688543e-09,-1.22458378805708,0.057,0.394,0.000434438255098173,"Ube2f-210",0.000434438255098173,"Down"
5.71073730474986e-09,-2.46777220384934,0.023,0.333,0.000438893004819246,"Ptk2-201",0.000438893004819246,"Down"
5.72802374798601e-09,-1.51755885519371,0.045,0.372,0.000440221537127717,"Ppig-202",0.000440221537127717,"Down"
5.75369834907103e-09,-2.69917190440571,0.034,0.347,0.000442194732919505,"Mknk2-205",0.000442194732919505,"Down"
5.76618151908815e-09,-2.45298986688587,0.045,0.365,0.000443154114468,"Mark3-211",0.000443154114468,"Down"
5.89760189564829e-09,-1.58850833153712,0.034,0.349,0.000453254296088153,"Selenom-201",0.000453254296088153,"Down"
6.06114713377732e-09,-1.17457542283345,0.057,0.385,0.000465823401819322,"Trak1-212",0.000465823401819322,"Down"
6.09727996270482e-09,-3.34570493615622,0.034,0.338,0.000468600354253717,"Sltm-206",0.000468600354253717,"Down"
6.10938409335169e-09,-1.31027366467547,0.091,0.43,0.000469530605110451,"Sqor-202",0.000469530605110451,"Down"
6.13381508242782e-09,-1.28189623411513,0.045,0.37,0.000471408224344908,"Usp19-204",0.000471408224344908,"Down"
6.3340054909615e-09,-1.72595400954181,0.068,0.406,0.000486793658002355,"Cpsf6-201",0.000486793658002355,"Down"
6.35305975119077e-09,-1.14196011981657,0.023,0.333,0.000488258054118015,"Ppdpf-204",0.000488258054118015,"Down"
6.44457334167329e-09,-2.14189081543744,0.034,0.349,0.000495291239600959,"Mon2-201",0.000495291239600959,"Down"
6.47926259628429e-09,-1.57581542920251,0.034,0.349,0.000497957247574833,"Itpkb-201",0.000497957247574833,"Down"
6.48183931816763e-09,-2.6900009036231,0.034,0.342,0.000498155278958455,"Arhgap21-208",0.000498155278958455,"Down"
6.59370755628192e-09,-3.29540942773491,0.034,0.34,0.000506752800530491,"Mat2a-202",0.000506752800530491,"Down"
6.66971770904051e-09,-1.34437310596494,0.045,0.378,0.000512594484810599,"Nisch-213",0.000512594484810599,"Down"
6.74590470144986e-09,-1.744561172849,0.136,0.487,0.000518449759925228,"Hipk1-201",0.000518449759925228,"Down"
6.83584865751122e-09,-1.14343537146808,0.08,0.429,0.000525362312724368,"Amotl2-207",0.000525362312724368,"Down"
6.94634337959071e-09,-1.63482963306799,0.034,0.347,0.000533854274095064,"Usp19-202",0.000533854274095064,"Down"
7.03539530114327e-09,-2.44344133196305,0.034,0.34,0.000540698270474065,"Sh3pxd2b-203",0.000540698270474065,"Down"
7.23934297115144e-09,-2.90328652761441,0.034,0.342,0.000556372464704873,"Pkd2-202",0.000556372464704873,"Down"
7.27192882175793e-09,-1.44943808749074,0.057,0.378,0.000558876817667384,"Dlgap4-203",0.000558876817667384,"Down"
7.28165374716777e-09,-1.25376232331,0.057,0.387,0.000559624217084832,"Sec63-205",0.000559624217084832,"Down"
7.3291722914763e-09,-1.70981484046989,0.034,0.349,0.00056327620728912,"Irf1-201",0.00056327620728912,"Down"
7.33741285335796e-09,-1.27164353308668,0.034,0.342,0.000563909527431972,"Lzts2-203",0.000563909527431972,"Down"
7.40812220173276e-09,-2.02910241751981,0.034,0.347,0.00056934382369197,"Peak1-201",0.00056934382369197,"Down"
7.42189842859357e-09,-1.17192168210577,0.045,0.369,0.00057040258183113,"Gapvd1-202",0.00057040258183113,"Down"
7.43742811998009e-09,-1.21457318795612,0.125,0.487,0.00057159610073295,"Sh3pxd2a-201",0.00057159610073295,"Down"
7.44095672330547e-09,-1.66803753306715,0.045,0.371,0.000571867288012919,"Vasp-201",0.000571867288012919,"Down"
7.58190585405485e-09,-1.72441857972596,0.057,0.383,0.000582699792507531,"Irf2bpl-201",0.000582699792507531,"Down"
7.65484250434208e-09,-1.78170730626194,0.034,0.341,0.000588305265828706,"Bicd2-202",0.000588305265828706,"Down"
7.70919179042629e-09,-2.05128060792627,0.034,0.35,0.000592482225861422,"Map3k2-201",0.000592482225861422,"Down"
7.70966264329618e-09,-1.41630698270121,0.045,0.37,0.000592518412787885,"Mbnl1-218",0.000592518412787885,"Down"
7.75260557747304e-09,-1.60240429827432,0.08,0.401,0.000595818749051113,"Add3-205",0.000595818749051113,"Down"
7.85673905089865e-09,-2.16906301485827,0.057,0.372,0.000603821823017765,"Itsn1-208",0.000603821823017765,"Down"
7.87153289082286e-09,-2.07646966594273,0.023,0.332,0.0006049587887913,"Bcl7c-205",0.0006049587887913,"Down"
7.87471342082724e-09,-1.4019451357493,0.045,0.359,0.000605203225244257,"Cep170-212",0.000605203225244257,"Down"
7.88972876129469e-09,-1.68673314585351,0.034,0.342,0.000606357214220542,"Nab2-202",0.000606357214220542,"Down"
7.90027450745377e-09,-1.20144434454516,0.057,0.39,0.000607167696995852,"Ube2f-201",0.000607167696995852,"Down"
7.93626534103294e-09,-1.21553454790711,0.091,0.443,0.000609933736519745,"Eif4g3-205",0.000609933736519745,"Down"
7.99132432888433e-09,-1.26131239625489,0.034,0.341,0.000614165239972076,"Lzts2-202",0.000614165239972076,"Down"
8.00033363775467e-09,-1.72684098925847,0.034,0.344,0.000614857641395998,"Ecpas-202",0.000614857641395998,"Down"
8.02002698534837e-09,-1.78030463179814,0.102,0.444,0.000616371153931964,"Klf3-201",0.000616371153931964,"Down"
8.13516027661373e-09,-1.44436361111218,0.045,0.369,0.000625219607898872,"Map4k5-203",0.000625219607898872,"Down"
8.16871222000674e-09,-1.89580825100558,0.045,0.36,0.000627798208956398,"Nop56-202",0.000627798208956398,"Down"
8.21447253662064e-09,-1.45284862993527,0.068,0.404,0.000631315072329442,"Ttc3-234",0.000631315072329442,"Down"
8.44609168106454e-09,-1.30670837024845,0.045,0.366,0.000649115930056534,"Usp19-210",0.000649115930056534,"Down"
8.5480711058672e-09,-1.83942820194619,0.045,0.358,0.000656953456770318,"Sec22b-201",0.000656953456770318,"Down"
8.55617427627903e-09,-1.05839494634506,0.023,0.331,0.000657576217829148,"Sdad1-201",0.000657576217829148,"Down"
8.68049119247391e-09,-1.39099105115937,0.136,0.499,0.00066713047010639,"Nfat5-206",0.00066713047010639,"Down"
8.73177286787137e-09,-1.59577398481806,0.045,0.364,0.000671071671987386,"Fam168b-201",0.000671071671987386,"Down"
8.74784649637438e-09,-1.74723780926488,0.045,0.36,0.000672306994632356,"Wt1-203",0.000672306994632356,"Down"
8.7968002399782e-09,-1.43662235710224,0.068,0.385,0.000676069285643284,"Hnrnph2-204",0.000676069285643284,"Down"
8.84222416791618e-09,-1.39704869145792,0.068,0.385,0.00067956029620103,"Hnrnph2-202",0.00067956029620103,"Down"
8.90029500192203e-09,-1.72990081520318,0.045,0.363,0.000684023272077716,"Exoc4-201",0.000684023272077716,"Down"
9.00376561501144e-09,-1.99213361374939,0.034,0.347,0.000691975402576089,"Septin11-203",0.000691975402576089,"Down"
9.1672431693495e-09,-1.84583538280824,0.068,0.394,0.000704539306537186,"Heg1-208",0.000704539306537186,"Down"
9.22855073246065e-09,-1.46948504365303,0.08,0.413,0.000709251037992531,"Vmp1-201",0.000709251037992531,"Down"
9.2884579003435e-09,-1.07325718139326,0.08,0.434,0.000713855143472999,"1810013L24Rik-201",0.000713855143472999,"Down"
9.43721003659816e-09,-2.13472437021563,0.057,0.37,0.000725287340152715,"Itsn1-202",0.000725287340152715,"Down"
9.45126925891085e-09,-2.68513835737479,0.023,0.33,0.000726367847624334,"Cdc16-201",0.000726367847624334,"Down"
9.60023946288413e-09,-2.58491898202904,0.045,0.354,0.000737816803680497,"Lrp10-201",0.000737816803680497,"Down"
9.66100462390952e-09,-1.1785051274186,0.045,0.362,0.000742486849365942,"Nab2-201",0.000742486849365942,"Down"
9.80481031448335e-09,-1.84645911951416,0.034,0.345,0.000753538891909304,"Myo9a-203",0.000753538891909304,"Down"
9.85748879481122e-09,-1.54319777554123,0.034,0.346,0.000757587443836422,"Edf1-203",0.000757587443836422,"Down"
9.92301344306467e-09,-1.90226037733571,0.023,0.33,0.000762623275153292,"Gbf1-201",0.000762623275153292,"Down"
1.04129428450204e-08,-2.16886516096923,0.045,0.358,0.000800276309411196,"Mark3-202",0.000800276309411196,"Down"
1.04759455957553e-08,-1.56923761545514,0.034,0.342,0.000805118322816174,"Psmc4-204",0.000805118322816174,"Down"
1.05303522261108e-08,-1.55902718897194,0.068,0.402,0.000809299689985517,"Abl2-202",0.000809299689985517,"Down"
1.05835201680887e-08,-2.67621725253598,0.045,0.356,0.000813385858998292,"Ctsh-203",0.000813385858998292,"Down"
1.05881635466712e-08,-2.12145043694463,0.034,0.342,0.000813742721215868,"Mon2-203",0.000813742721215868,"Down"
1.06013712873321e-08,-1.27719326396761,0.034,0.339,0.000814757788916622,"R3hdm2-204",0.000814757788916622,"Down"
1.07194270410152e-08,-3.32075462117083,0.045,0.352,0.000823830845810185,"Gtf2f1-201",0.000823830845810185,"Down"
1.08501438762424e-08,-1.53490876436691,0.045,0.364,0.000833876957464737,"Tecr-202",0.000833876957464737,"Down"
1.08855632081621e-08,-1.89137133675308,0.08,0.407,0.000836599074800092,"Asph-202",0.000836599074800092,"Down"
1.1070205397141e-08,-2.4149608349509,0.034,0.34,0.000850789565591874,"Col14a1-203",0.000850789565591874,"Down"
1.10773105312695e-08,-1.77537373028494,0.068,0.395,0.000851335623570186,"Josd1-201",0.000851335623570186,"Down"
1.11453201693983e-08,-1.97846798070164,0.034,0.338,0.000856562436298934,"Kat6b-201",0.000856562436298934,"Down"
1.12615705936898e-08,-1.76555126499613,0.057,0.376,0.000865496746407438,"Tle3-215",0.000865496746407438,"Down"
1.1276909929061e-08,-1.04504863449629,0.057,0.377,0.000866675635688053,"Bag6-213",0.000866675635688053,"Down"
1.14626214958656e-08,-1.6924963906634,0.08,0.409,0.000880948312443252,"Neo1-202",0.000880948312443252,"Down"
1.1560660913228e-08,-3.13360638836944,0.034,0.337,0.000888483033825225,"Fbxo11-201",0.000888483033825225,"Down"
1.17249370899832e-08,-2.4187106575994,0.034,0.338,0.000901108315113568,"Ifrd1-208",0.000901108315113568,"Down"
1.19763117222728e-08,-1.26653546796531,0.068,0.384,0.00092042746110355,"Safb2-201",0.00092042746110355,"Down"
1.19843495683025e-08,-1.9676884330803,0.102,0.432,0.000921045201722317,"Hnrnpa2b1-207",0.000921045201722317,"Down"
1.23218832306664e-08,-2.1590827083751,0.045,0.356,0.000946986013809637,"Mark3-201",0.000946986013809637,"Down"
1.24587019429846e-08,-2.4727202636306,0.057,0.373,0.000957501079126139,"Tnrc6b-201",0.000957501079126139,"Down"
1.26404221474463e-08,-3.22559003010069,0.034,0.333,0.000971467003719837,"Ppp2r5e-201",0.000971467003719837,"Down"
1.26708717004175e-08,-1.10750255538285,0.045,0.358,0.000973807173663883,"Cct3-207",0.000973807173663883,"Down"
1.28201920620114e-08,-1.13077942470036,0.045,0.36,0.000985283040733825,"Khdrbs1-201",0.000985283040733825,"Down"
1.29772664239972e-08,-2.67760892815365,0.034,0.335,0.000997354833749881,"Rbpms-213",0.000997354833749881,"Down"
1.31238318213404e-08,-1.29651135298083,0.034,0.34,0.00100861897079729,"Ythdf2-203",0.00100861897079729,"Down"
1.31563083905856e-08,-1.07748879395385,0.057,0.375,0.00101111492505007,"Trak1-215",0.00101111492505007,"Down"
1.31884228477705e-08,-1.71101704326274,0.034,0.347,0.00101358304954256,"Bcl7c-201",0.00101358304954256,"Down"
1.32452549290514e-08,-2.26324165336923,0.045,0.358,0.00101795082231731,"Arid1b-203",0.00101795082231731,"Down"
1.35372099273778e-08,-1.72840443810072,0.045,0.356,0.0010403887317587,"Paip1-203",0.0010403887317587,"Down"
1.35634820641576e-08,-2.08046362357789,0.068,0.387,0.00104240785055877,"Neo1-201",0.00104240785055877,"Down"
1.35806098964336e-08,-1.73457092915276,0.102,0.436,0.00104372419298051,"Rad21-201",0.00104372419298051,"Down"
1.36153623766795e-08,-1.49264005719661,0.034,0.339,0.00104639506009733,"Psmc4-201",0.00104639506009733,"Down"
1.37116312021481e-08,-1.36616998022756,0.068,0.379,0.00105379370440989,"Hnrnph2-205",0.00105379370440989,"Down"
1.41588591268224e-08,-1.19317192934238,0.045,0.367,0.00108816495933281,"Dcaf8-202",0.00108816495933281,"Down"
1.43706460295323e-08,-1.05844034846242,0.136,0.494,0.00110444162995367,"Lamb1-205",0.00110444162995367,"Down"
1.43729735628424e-08,-1.9591127799906,0.057,0.376,0.00110462051019869,"Ptk7-201",0.00110462051019869,"Down"
1.43842685292862e-08,-1.48112864804261,0.045,0.352,0.00110548857354976,"Akap12-203",0.00110548857354976,"Down"
1.43842685292862e-08,-1.48112864804261,0.045,0.352,0.00110548857354976,"Akap12-202",0.00110548857354976,"Down"
1.45984132812607e-08,-1.15222549563299,0.648,0.773,0.00112194645431801,"Gnas-208",0.00112194645431801,"Down"
1.46665958177433e-08,-3.14975032256321,0.091,0.404,0.00112718655497684,"Col6a3-208",0.00112718655497684,"Down"
1.4686439888647e-08,-1.32372095793401,0.068,0.39,0.00112871165120207,"Srsf7-207",0.00112871165120207,"Down"
1.48604607193101e-08,-1.98759635865368,0.068,0.387,0.00114208584812186,"Timm23-201",0.00114208584812186,"Down"
1.50400539097139e-08,1.16218940067968,0.17,0.599,0.00115588830317715,"Map4-201",0.00115588830317715,"Up"
1.52041861554851e-08,-1.98310869701036,0.034,0.337,0.00116850252279365,"Apbb2-204",0.00116850252279365,"Down"
1.52641400031994e-08,-1.83229892206732,0.034,0.335,0.00117311021580589,"Erc1-203",0.00117311021580589,"Down"
1.53112534435184e-08,-2.02200848001826,0.045,0.354,0.00117673107214817,"Hsd17b11-201",0.00117673107214817,"Down"
1.54108876512274e-08,-1.72607009633925,0.034,0.346,0.00118438835954743,"Ifngr1-201",0.00118438835954743,"Down"
1.56678711826918e-08,-1.39570872730355,0.068,0.389,0.0012041385718746,"Pard3-209",0.0012041385718746,"Down"
1.6224278887441e-08,-2.29521915429909,0.034,0.335,0.00124690072961539,"Acap2-202",0.00124690072961539,"Down"
1.62799953690002e-08,-1.62774827622241,0.057,0.378,0.00125118276408914,"Drap1-210",0.00125118276408914,"Down"
1.62845590214768e-08,1.24295801476877,0.159,0.589,0.00125153349903658,"Map4-205",0.00125153349903658,"Up"
1.66044519407923e-08,-1.94646613124343,0.045,0.351,0.00127611854945766,"Septin11-208",0.00127611854945766,"Down"
1.69135092832801e-08,-1.4579486944994,0.034,0.334,0.00129987084245721,"Prkca-201",0.00129987084245721,"Down"
1.69915857142325e-08,-1.56368249841835,0.068,0.387,0.00130587132848163,"Larp4-202",0.00130587132848163,"Down"
1.71238171081566e-08,-1.88436351817962,0.034,0.333,0.00131603384003027,"Kat6b-204",0.00131603384003027,"Down"
1.72738073503472e-08,-1.27799959693203,0.034,0.341,0.00132756119010358,"Coro1b-212",0.00132756119010358,"Down"
1.72744284758341e-08,-1.33644994643179,0.045,0.357,0.00132760892608175,"Brd2-202",0.00132760892608175,"Down"
1.74047754204429e-08,-1.07203105294776,0.068,0.386,0.00133762661016272,"Slk-202",0.00133762661016272,"Down"
1.74336575408048e-08,-2.29265124951296,0.057,0.367,0.00133984631664101,"Ss18-201",0.00133984631664101,"Down"
1.74725042710793e-08,-1.49121706737264,0.034,0.335,0.00134283184324953,"Psmd12-203",0.00134283184324953,"Down"
1.76687661050818e-08,-1.92452063052147,0.034,0.336,0.00135791535023995,"Ccdc186-201",0.00135791535023995,"Down"
1.76717133045337e-08,-2.05145767251552,0.045,0.344,0.00135814185430663,"Zeb2-203",0.00135814185430663,"Down"
1.82368178046893e-08,-2.20769745487853,0.034,0.33,0.00140157239556159,"Jmy-201",0.00140157239556159,"Down"
1.84718891969779e-08,-1.30723709473866,0.045,0.352,0.00141963857234454,"Atf1-201",0.00141963857234454,"Down"
1.89731463294167e-08,-1.46023596595316,0.034,0.336,0.00145816218800099,"Smo-201",0.00145816218800099,"Down"
1.89837461506988e-08,-1.28598383715025,0.068,0.387,0.00145897682666581,"Pard3-219",0.00145897682666581,"Down"
1.89915081562464e-08,-1.1067437887618,0.068,0.395,0.00145957336784016,"Zfp131-203",0.00145957336784016,"Down"
1.91934476250591e-08,-2.60767861709401,0.057,0.364,0.00147509322377629,"Crybg3-205",0.00147509322377629,"Down"
1.9355034033901e-08,-2.02907483112492,0.034,0.331,0.00148751178564143,"Emc3-201",0.00148751178564143,"Down"
1.9361417630558e-08,-1.18892179596192,0.057,0.379,0.0014880023905789,"Otud5-203",0.0014880023905789,"Down"
2.00016707774805e-08,-1.79303563790891,0.045,0.341,0.00153720840593248,"Phf2-201",0.00153720840593248,"Down"
2.02801206799761e-08,-2.00185398643409,0.057,0.374,0.00155860839473888,"Pbrm1-207",0.00155860839473888,"Down"
2.06244366825636e-08,-1.39668048504851,0.045,0.358,0.00158507045680174,"Wdfy3-201",0.00158507045680174,"Down"
2.09205644696442e-08,-1.19852233874365,0.068,0.393,0.00160782906175003,"Hcfc1-201",0.00160782906175003,"Down"
2.09519505331373e-08,-1.62412493147111,0.068,0.391,0.00161024120627374,"Psmd11-204",0.00161024120627374,"Down"
2.11953075158322e-08,-1.3339207284867,0.057,0.375,0.00162894416382177,"Ino80d-203",0.00162894416382177,"Down"
2.13780750301465e-08,-3.39817093899983,0.034,0.33,0.00164299057836688,"Wwp1-202",0.00164299057836688,"Down"
2.17475211149391e-08,-1.28696209447554,0.057,0.379,0.00167138398776753,"Dcaf8-206",0.00167138398776753,"Down"
2.18197775776622e-08,-1.96573824116675,0.045,0.342,0.00167693718595365,"Tcerg1-202",0.00167693718595365,"Down"
2.2165077825776e-08,-2.25991356062989,0.057,0.362,0.00170347489122219,"Cdkn1b-202",0.00170347489122219,"Down"
2.24187923633254e-08,-1.06141465481674,0.034,0.33,0.00172297386829101,"R3hdm2-212",0.00172297386829101,"Down"
2.29026256340529e-08,-1.1451021008462,0.057,0.374,0.0017601583904795,"Hcfc1-202",0.0017601583904795,"Down"
2.31240680339588e-08,-1.24354436341878,0.125,0.474,0.00177717712468187,"Serbp1-203",0.00177717712468187,"Down"
2.33456285080683e-08,-2.21782605829013,0.034,0.331,0.00179420493335908,"PTPRG-202",0.00179420493335908,"Down"
2.3581951553083e-08,-1.40440525936133,0.057,0.366,0.00181236730466064,"Akap12-205",0.00181236730466064,"Down"
2.36925585403164e-08,-1.11760973389569,0.045,0.35,0.00182086789405748,"Cct3-204",0.00182086789405748,"Down"
2.42315541930351e-08,-1.67201376659076,0.045,0.356,0.00186229186595152,"Esr1-203",0.00186229186595152,"Down"
2.50106004889722e-08,-1.10141572373031,0.068,0.391,0.00192216468997947,"Ttc3-201",0.00192216468997947,"Down"
2.50280416747472e-08,-2.37796434696739,0.045,0.341,0.00192350511487102,"Kirrel-202",0.00192350511487102,"Down"
2.54080957658713e-08,-2.295425788198,0.057,0.347,0.00195271379199027,"Aars-201",0.00195271379199027,"Down"
2.66238033634874e-08,-1.13438865806955,0.034,0.331,0.00204614578369746,"Rnd3-201",0.00204614578369746,"Down"
2.68894555833149e-08,-1.59030758441445,0.034,0.336,0.00206656221940008,"Kdm5c-201",0.00206656221940008,"Down"
2.7084241414661e-08,-1.35599534343759,0.114,0.452,0.00208153228968236,"Serbp1-211",0.00208153228968236,"Down"
2.76931048778683e-08,-1.19873890493085,0.068,0.376,0.00212832588228369,"Exoc6b-202",0.00212832588228369,"Down"
2.80443032225079e-08,-1.99548252319337,0.057,0.356,0.00215531687986262,"Myc-206",0.00215531687986262,"Down"
2.80980342605543e-08,-1.28382251810566,0.034,0.334,0.00215944632506064,"Vbp1-201",0.00215944632506064,"Down"
2.83861703192496e-08,-2.10762049291307,0.045,0.348,0.00218159073371561,"Hgs-202",0.00218159073371561,"Down"
2.86985282547359e-08,-1.34405368743032,0.08,0.403,0.00220559669048947,"Per1-203",0.00220559669048947,"Down"
2.92138203209113e-08,-1.76386942941315,0.057,0.357,0.00224519894694332,"Zeb2-215",0.00224519894694332,"Down"
3.00800553664063e-08,-1.65919216733977,0.068,0.376,0.00231177257512979,"Peli1-201",0.00231177257512979,"Down"
3.02118288302466e-08,-1.34819914285852,0.057,0.369,0.00232189989291977,"Stk25-201",0.00232189989291977,"Down"
3.06528326871983e-08,1.36891544381138,0.17,0.595,0.00235579280334194,"Gstp1-201",0.00235579280334194,"Up"
3.09808380763498e-08,-1.01904342718047,0.08,0.41,0.00238100132951979,"Nup98-205",0.00238100132951979,"Down"
3.11762432483606e-08,-1.15435027422711,0.057,0.37,0.00239601899860951,"Zc3h13-201",0.00239601899860951,"Down"
3.15156800462021e-08,-2.40163324122844,0.068,0.377,0.00242210607427082,"Dnaja1-204",0.00242210607427082,"Down"
3.16959072375544e-08,-2.91082073640179,0.045,0.338,0.00243595725483501,"Clock-201",0.00243595725483501,"Down"
3.17241436374419e-08,-1.69453319064134,0.034,0.331,0.00243812733511196,"Cyfip1-201",0.00243812733511196,"Down"
3.21166554674495e-08,-2.00465820905041,0.045,0.347,0.00246829343929537,"Rdh10-201",0.00246829343929537,"Down"
3.3413844220634e-08,-1.05462353245437,0.08,0.404,0.00256798758373261,"Ptges3-202",0.00256798758373261,"Down"
3.36376313736956e-08,-2.06983461905432,0.045,0.346,0.002585186521594,"Hgs-201",0.002585186521594,"Down"
3.49954856225327e-08,-2.36224452918166,0.045,0.336,0.00268954305203413,"Xpo6-201",0.00268954305203413,"Down"
3.5130721326836e-08,-1.10452610747812,0.045,0.347,0.00269993645685266,"Nckap1-202",0.00269993645685266,"Down"
3.53217631929128e-08,-1.19909682212594,0.08,0.402,0.00271461878842812,"Rtn4-202",0.00271461878842812,"Down"
3.60153945867944e-08,-2.11622132345853,0.045,0.34,0.0027679271355735,"P3h1-203",0.0027679271355735,"Down"
3.61176932087417e-08,-1.76115326902725,0.057,0.36,0.00277578919386464,"Prrx1-201",0.00277578919386464,"Down"
3.76520653601692e-08,-1.17705075767631,0.045,0.337,0.00289371183119044,"Numbl-203",0.00289371183119044,"Down"
3.80832236537568e-08,-1.22868115693478,0.08,0.396,0.00292684807068583,"Pak2-201",0.00292684807068583,"Down"
3.84014135729302e-08,-1.30140966873231,0.057,0.368,0.00295130223873397,"Ino80d-201",0.00295130223873397,"Down"
3.93900392804555e-08,2.2650065986339,0.068,0.395,0.00302728207886013,"Nr1h2-202",0.00302728207886013,"Up"
4.04682141448948e-08,-1.64619336250019,0.068,0.378,0.00311014412989175,"Sec14l1-203",0.00311014412989175,"Down"
4.06355843096267e-08,-1.44544418794958,0.045,0.347,0.00312300719653205,"Tecr-203",0.00312300719653205,"Down"
4.10832018699018e-08,-1.61136946238047,0.08,0.391,0.00315740839650943,"Atp2b1-201",0.00315740839650943,"Down"
4.11173795987448e-08,-1.92395133401856,0.045,0.349,0.00316003509168193,"Prxl2a-201",0.00316003509168193,"Down"
4.13455254958093e-08,-2.30836013232379,0.045,0.335,0.00317756901645493,"Kirrel-203",0.00317756901645493,"Down"
4.14612301954178e-08,-1.21122288426891,0.068,0.382,0.00318646138543864,"Morf4l1-201",0.00318646138543864,"Down"
4.14772338558102e-08,-2.05884947760777,0.045,0.34,0.00318769133075443,"Samd4-206",0.00318769133075443,"Down"
4.14839571365791e-08,-1.66500406246067,0.182,0.52,0.00318820804177465,"Txnip-202",0.00318820804177465,"Down"
4.23464895199391e-08,-2.05407071108713,0.045,0.341,0.0032544971055654,"Stat6-201",0.0032544971055654,"Down"
4.34430790151477e-08,-1.0779827468822,0.045,0.341,0.00333877439463016,"Fubp1-219",0.00333877439463016,"Down"
4.5043192337935e-08,-1.42290284203978,0.045,0.336,0.00346174950393966,"Strn3-202",0.00346174950393966,"Down"
4.55077667882963e-08,-1.40658243155642,0.045,0.336,0.00349745390874773,"Strn3-201",0.00349745390874773,"Down"
4.56353201453409e-08,-2.66139488701712,0.057,0.354,0.00350725689445003,"Ahsa1-201",0.00350725689445003,"Down"
4.6213398244553e-08,-1.0032381165292,0.034,0.331,0.00355168450868687,"Nap1l1-202",0.00355168450868687,"Down"
4.68982836265629e-08,-2.09830648911196,0.057,0.35,0.00360432068983586,"Itsn1-205",0.00360432068983586,"Down"
4.74656658068314e-08,-2.04205571060885,0.045,0.338,0.00364792627991822,"Lgals8-203",0.00364792627991822,"Down"
4.74656658068314e-08,-2.04205571060885,0.045,0.338,0.00364792627991822,"Lgals8-202",0.00364792627991822,"Down"
4.76365922806578e-08,-1.64735403514742,0.068,0.376,0.00366106266313768,"Sec14l1-201",0.00366106266313768,"Down"
4.81737862906019e-08,-3.30186581916922,0.068,0.353,0.00370234817157792,"Hnrnpa2b1-213",0.00370234817157792,"Down"
4.83017112210669e-08,-1.83996306851795,0.045,0.347,0.00371217971418388,"Prxl2a-202",0.00371217971418388,"Down"
4.94319792556747e-08,-1.33071618150617,0.068,0.376,0.00379904533371562,"Gas6-201",0.00379904533371562,"Down"
5.501450960692e-08,-1.73617913116311,0.045,0.337,0.00422808512133023,"Kat6b-208",0.00422808512133023,"Down"
5.6007150982941e-08,-2.4902984922298,0.045,0.333,0.00430437358164295,"Ergic1-206",0.00430437358164295,"Down"
5.82083871572979e-08,-1.00133606761738,0.045,0.341,0.00447354738658697,"Dnajc10-201",0.00447354738658697,"Down"
5.8968729587273e-08,-1.44299370229521,0.068,0.382,0.00453198274370028,"Nrbp1-201",0.00453198274370028,"Down"
6.00001363376436e-08,-1.01950767195424,0.045,0.338,0.00461125047809326,"ENSMUST00000249707.1",0.00461125047809326,"Down"
6.11435760184195e-08,-1.52208894873873,0.068,0.375,0.00469912839131961,"Hnrnph1-202",0.00469912839131961,"Down"
6.22616957395274e-08,-1.26031936529643,0.057,0.362,0.00478506036436564,"Ino80d-204",0.00478506036436564,"Down"
6.38655716352864e-08,-2.33687848362632,0.057,0.347,0.0049083246424583,"Mybbp1a-205",0.0049083246424583,"Down"
6.47271254180535e-08,-1.35290530799608,0.045,0.347,0.00497453849687909,"Ntrk2-201",0.00497453849687909,"Down"
6.56765123062201e-08,-1.24069223850662,0.057,0.357,0.00504750267678224,"Sh3gl1-201",0.00504750267678224,"Down"
6.98558778952777e-08,-1.81757507288726,0.045,0.332,0.00536870363976367,"Srpx-201",0.00536870363976367,"Down"
7.07176065939568e-08,-1.0803918628888,0.057,0.354,0.00543493093717196,"Fubp1-202",0.00543493093717196,"Down"
7.11307069869903e-08,-2.80310040504705,0.068,0.357,0.00546667935477815,"Oaz1-206",0.00546667935477815,"Down"
7.16270516471409e-08,-1.00913006832165,0.045,0.339,0.00550482542728936,"Tardbp-210",0.00550482542728936,"Down"
7.23414480713629e-08,-1.66470667989062,0.125,0.458,0.00555972965007653,"Samhd1-201",0.00555972965007653,"Down"
7.27278577096551e-08,-1.42926705538084,0.08,0.392,0.00558942677641784,"Ost4-201",0.00558942677641784,"Down"
7.28822317399468e-08,-1.644695828236,0.045,0.331,0.00560129103814187,"Praf2-201",0.00560129103814187,"Down"
7.38166820671535e-08,-1.02091685609064,0.045,0.336,0.00567310728358901,"Srsf5-203",0.00567310728358901,"Down"
7.48153200954694e-08,-1.38803796035486,0.068,0.372,0.00574985661061721,"Rsrp1-203",0.00574985661061721,"Down"
7.57558735370966e-08,-1.54765606021362,0.125,0.447,0.00582214190482002,"Prrc2c-201",0.00582214190482002,"Down"
7.95093934873261e-08,-1.60400499997578,0.057,0.353,0.00611061492707496,"Abca1-201",0.00611061492707496,"Down"
7.96290054629932e-08,-1.13766207193582,0.045,0.337,0.00611980758585288,"Sgcb-201",0.00611980758585288,"Down"
8.09072946856569e-08,3.57085784185367,0.602,0.488,0.00621804922577147,"Lgals3-204",0.00621804922577147,"Up"
8.23912705091801e-08,-1.3400363821522,0.08,0.386,0.00633209870371253,"Serbp1-207",0.00633209870371253,"Down"
8.38629317404671e-08,-1.53356900544446,0.057,0.34,0.00644520175598186,"Srpk1-204",0.00644520175598186,"Down"
8.41327202494719e-08,-1.84781484466718,0.057,0.341,0.00646593608205292,"Tkt-206",0.00646593608205292,"Down"
8.4264040459982e-08,-1.86365084849847,0.045,0.332,0.00647602856551145,"Prpsap1-201",0.00647602856551145,"Down"
8.78066469734758e-08,-1.38421561317301,0.045,0.334,0.00674829204649951,"Cherp-207",0.00674829204649951,"Down"
9.03259996155396e-08,-2.18973596025192,0.045,0.33,0.00694191437445268,"Topors-201",0.00694191437445268,"Down"
9.21317910746288e-08,-1.44398671634842,0.068,0.366,0.00708069667124953,"Bcar1-201",0.00708069667124953,"Down"
9.22230072562022e-08,-1.14551213387997,0.125,0.458,0.00708770699966816,"Nfat5-203",0.00708770699966816,"Down"
9.52324933158811e-08,-1.09400819365736,0.057,0.356,0.00731899804129873,"Scyl1-210",0.00731899804129873,"Down"
9.59765705448143e-08,-1.29679340834067,0.045,0.341,0.00737618335265116,"Ntrk2-205",0.00737618335265116,"Down"
9.73610521511118e-08,4.31007909880588,0.341,0.161,0.00748258630202155,"Inhba-201",0.00748258630202155,"Up"
9.80820136194676e-08,-1.23249469937176,0.057,0.356,0.00753799507471056,"Stk25-204",0.00753799507471056,"Down"
9.93051217625931e-08,-1.13153548277673,0.045,0.337,0.00763199582794233,"Mbnl1-214",0.00763199582794233,"Down"
1.02010032218122e-07,-1.33371050383685,0.057,0.356,0.00783987901609158,"Nisch-222",0.00783987901609158,"Down"
1.02090271839e-07,-1.5246160698181,0.045,0.334,0.00784604575191453,"Nsd1-207",0.00784604575191453,"Down"
1.02346218494941e-07,-1.12086981131276,0.045,0.336,0.00786571627621021,"Map4k5-202",0.00786571627621021,"Down"
1.04374253655099e-07,-1.06819013376073,0.045,0.332,0.00802157889040896,"Bzw2-201",0.00802157889040896,"Down"
1.08238980913258e-07,-2.04254063641562,0.057,0.342,0.00831859863910756,"Pdlim7-201",0.00831859863910756,"Down"
1.1842132536194e-07,-1.94564333180838,0.057,0.338,0.00910115253936657,"Itsn1-207",0.00910115253936657,"Down"
1.20051605063643e-07,-1.36379059411901,0.068,0.363,0.00922644605556123,"Bcar1-203",0.00922644605556123,"Down"
1.24295574038298e-07,-1.0841927027126,0.068,0.365,0.00955261204713935,"Hipk3-202",0.00955261204713935,"Down"
1.27519780522164e-07,-1.07249052340009,0.068,0.366,0.00980040521225036,"Cdk13-201",0.00980040521225036,"Down"
1.28029114026964e-07,-1.34949764852197,0.057,0.341,0.0098395495294283,"Dr1-201",0.0098395495294283,"Down"
1.28776393534374e-07,-1.39242771182339,0.08,0.383,0.00989698094869076,"Irf1-202",0.00989698094869076,"Down"
1.29719743817878e-07,-1.4080299829648,0.045,0.331,0.00996948119137918,"Ppp1r2-202",0.00996948119137918,"Down"
1.29965368889826e-07,4.48099184075596,0.352,0.17,0.00998835846065866,"Epb41-201",0.00998835846065866,"Up"
