"p_val","avg_log2FC","pct.1","pct.2","p_val_adj","gene","p_val_adj_plot","Significance"
0,2.15001750450184,0.956,0.934,0,"Set-201",4.2314264533571e-299,"Up"
5.50579859650389e-304,-1.53561862678334,0.779,0.99,4.2314264533571e-299,"Eef1a1-201",4.2314264533571e-299,"Down"
5.63083869208699e-299,-2.24031736742292,0.122,0.772,4.32752476841653e-294,"Baiap2l1-201",4.32752476841653e-294,"Down"
1.73873055555086e-262,-2.18869320597267,0.148,0.749,1.33628398116306e-257,"Nup62cl-201",1.33628398116306e-257,"Down"
9.95065115434209e-258,-2.00260548917819,0.183,0.792,7.64747343815807e-253,"Usp9x-201",7.64747343815807e-253,"Down"
5.89044588169805e-237,-1.9680868673806,0.148,0.733,4.52704327792022e-232,"Nsd1-201",4.52704327792022e-232,"Down"
1.74987928625641e-233,-2.49957667141013,0.094,0.619,1.3448522266595e-228,"Ogt-201",1.3448522266595e-228,"Down"
2.21744433856695e-221,-1.86717312915396,0.128,0.673,1.70419467196224e-216,"Eif2s3x-201",1.70419467196224e-216,"Down"
5.83855064123342e-213,1.85524442887382,0.868,0.792,4.48715970981353e-208,"Hnrnpab-202",4.48715970981353e-208,"Up"
4.95828014484542e-212,-1.79801169014944,0.212,0.76,3.8106366225195e-207,"Brd4-203",3.8106366225195e-207,"Down"
6.43602859332483e-211,-1.78165085665703,0.302,0.824,4.94634541511387e-206,"Trip12-206",4.94634541511387e-206,"Down"
1.43173516701679e-210,-1.61267819177294,0.325,0.871,1.10034574525908e-205,"Hdlbp-202",1.10034574525908e-205,"Down"
5.41698357066474e-210,-1.5749777617783,0.357,0.887,4.16316855339868e-205,"Trip12-201",4.16316855339868e-205,"Down"
2.21394148816877e-209,1.79282052150257,0.871,0.797,1.70150259131723e-204,"Hnrnpab-203",1.70150259131723e-204,"Up"
1.04110872492817e-207,-1.50768232522883,0.433,0.917,8.00133699456294e-203,"Pabpc1-201",8.00133699456294e-203,"Down"
3.92245149518324e-207,-1.5735316576508,0.539,0.947,3.01456087210813e-202,"Igf2-205",3.01456087210813e-202,"Down"
5.25031053259074e-207,-2.17061544086244,0.116,0.628,4.03507365671729e-202,"Etl4-202",4.03507365671729e-202,"Down"
1.92896236962786e-205,-1.55486161697891,0.126,0.661,1.4824847395538e-200,"Rere-202",1.4824847395538e-200,"Down"
5.13399245076127e-204,-2.35851633722456,0.254,0.777,3.94567855810806e-199,"Wnk1-202",3.94567855810806e-199,"Down"
1.29678844177328e-202,-1.67819826335554,0.135,0.658,9.96633789040437e-198,"ENSMUST00000249998.1",9.96633789040437e-198,"Down"
2.02519984319351e-199,-1.51118341399291,0.148,0.694,1.55644708748794e-194,"Nup153-201",1.55644708748794e-194,"Down"
4.19074806373308e-197,-1.95793749859107,0.174,0.717,3.22075751690142e-192,"Gigyf2-201",3.22075751690142e-192,"Down"
1.30656645701214e-196,-1.48295078565531,0.172,0.722,1.00414858487211e-191,"Crebbp-201",1.00414858487211e-191,"Down"
2.00060951210091e-195,-2.56068441181455,0.092,0.556,1.53754843443004e-190,"Arhgef6-201",1.53754843443004e-190,"Down"
2.80635458188317e-195,-1.62588231325543,0.313,0.828,2.15679575036049e-190,"Huwe1-201",2.15679575036049e-190,"Down"
7.79695594389894e-194,-1.97909067245719,0.162,0.68,5.99227252112409e-189,"Zmiz1-208",5.99227252112409e-189,"Down"
4.10962182425549e-193,-1.53696517045026,0.13,0.64,3.15840875681331e-188,"Septin2-201",3.15840875681331e-188,"Down"
6.68235468413726e-193,-2.01468125859359,0.105,0.59,5.13565686894685e-188,"Ankrd13a-201",5.13565686894685e-188,"Down"
6.99762161962908e-193,-1.71189319454528,0.172,0.69,5.37795211954973e-188,"Ubap2l-208",5.37795211954973e-188,"Down"
1.38372726074643e-192,-1.43787855920507,0.173,0.729,1.06344974897406e-187,"Gpbp1-201",1.06344974897406e-187,"Down"
1.75542795304154e-192,-2.02894215423114,0.053,0.49,1.34911659903054e-187,"Med13-201",1.34911659903054e-187,"Down"
2.73706559437694e-191,-1.80992750189027,0.102,0.591,2.10354439190246e-186,"Abce1-201",2.10354439190246e-186,"Down"
3.57942083986019e-191,-1.44299569959277,0.167,0.713,2.75092809226615e-186,"Magea9-201",2.75092809226615e-186,"Down"
7.3561772747821e-191,-2.15841253550912,0.255,0.793,5.65351648276104e-186,"Gnas-202",5.65351648276104e-186,"Down"
1.02538826971276e-190,-1.35032137369728,0.161,0.704,7.88051900805046e-186,"Cdc42-202",7.88051900805046e-186,"Down"
1.23064914339252e-190,-1.75399063314198,0.17,0.685,9.45803092662887e-186,"Sfmbt2-201",9.45803092662887e-186,"Down"
3.5177547778616e-190,-2.22818690422102,0.065,0.51,2.70353525697775e-185,"Eif3e-204",2.70353525697775e-185,"Down"
6.29461069931093e-190,-1.68342079042933,0.17,0.683,4.83766010684843e-185,"Ubap2l-202",4.83766010684843e-185,"Down"
8.07521864329613e-189,1.64439090228335,0.879,0.799,6.2061285361188e-184,"Hnrnpab-201",6.2061285361188e-184,"Up"
2.68701919380858e-188,-1.37614729514239,0.157,0.682,2.06508173120964e-183,"Setd2-201",2.06508173120964e-183,"Down"
2.79334685746872e-188,-1.27159725395713,0.152,0.686,2.14679879383901e-183,"Bzw1-201",2.14679879383901e-183,"Down"
2.4875693624702e-186,-2.14991539262198,0.075,0.525,1.91179655783285e-181,"Baz2a-208",1.91179655783285e-181,"Down"
4.51175012122448e-186,-1.40739312499427,0.172,0.716,3.46746043816586e-181,"Gpbp1-202",3.46746043816586e-181,"Down"
1.79495288733924e-185,-1.62559237524013,0.076,0.533,1.3794930920357e-180,"Slf2-201",1.3794930920357e-180,"Down"
3.02575074194629e-185,-2.05633962834771,0.07,0.511,2.3254104752154e-180,"Baz2a-202",2.3254104752154e-180,"Down"
5.03982563716575e-185,-1.44582133944778,0.175,0.708,3.87330759518737e-180,"Xpo1-202",3.87330759518737e-180,"Down"
7.27418789861372e-185,-1.68295985202995,0.109,0.596,5.59050436760059e-180,"Pds5a-209",5.59050436760059e-180,"Down"
1.58346894837061e-184,-1.99328132651739,0.074,0.52,1.21695922558075e-179,"Baz2a-201",1.21695922558075e-179,"Down"
4.70528445584758e-184,-1.57353208798365,0.17,0.698,3.6161993156971e-179,"Srrm1-203",3.6161993156971e-179,"Down"
1.42747578926522e-181,-2.10376703924797,0.064,0.493,1.09707224308189e-176,"Baz2a-203",1.09707224308189e-176,"Down"
1.67658052205734e-181,-1.47757819955313,0.333,0.865,1.28851919442195e-176,"Cul4b-203",1.28851919442195e-176,"Down"
2.11113994720149e-181,-1.46394644146457,0.097,0.572,1.62249549502223e-176,"Phf3-201",1.62249549502223e-176,"Down"
4.10392522371293e-181,-1.48513541868649,0.155,0.675,3.15403069143234e-176,"Cct4-204",3.15403069143234e-176,"Down"
7.59304645751605e-181,-2.05216237141639,0.068,0.502,5.83555992445938e-176,"Baz2a-209",5.83555992445938e-176,"Down"
1.00251231888795e-180,-1.43452592835059,0.097,0.572,7.70470817558146e-176,"Phf3-205",7.70470817558146e-176,"Down"
5.45313830900672e-180,-1.96071120444859,0.074,0.518,4.19095491600402e-175,"Errfi1-202",4.19095491600402e-175,"Down"
5.5420864424579e-180,-1.45029074493544,0.118,0.607,4.25931511448659e-175,"Tnpo1-201",4.25931511448659e-175,"Down"
8.07805857204345e-180,-1.2745709279473,0.113,0.597,6.20831113495827e-175,"Api5-201",6.20831113495827e-175,"Down"
3.34723101259958e-179,-1.19704102726798,0.149,0.674,2.57248092242328e-174,"Ppig-201",2.57248092242328e-174,"Down"
7.90105983041723e-178,-1.56084112424423,0.17,0.692,6.07228052206886e-173,"Brd3-201",6.07228052206886e-173,"Down"
1.01007710660951e-177,-1.01434613125113,0.147,0.676,7.76284659513673e-173,"Eif3e-201",7.76284659513673e-173,"Down"
1.09767239542368e-177,-1.29042881454875,0.218,0.765,8.43605142778914e-173,"Coro1c-201",8.43605142778914e-173,"Down"
1.75556544397511e-177,-1.43918839097881,0.133,0.62,1.34922226631263e-172,"Ranbp2-201",1.34922226631263e-172,"Down"
1.11809769514019e-176,-1.29399482618832,0.125,0.624,8.59302802623041e-172,"Ssb-206",8.59302802623041e-172,"Down"
3.95790508403174e-176,-2.50355312807673,0.044,0.438,3.04180837328175e-171,"Dock9-201",3.04180837328175e-171,"Down"
6.87423356448825e-176,-1.22412298103059,0.104,0.582,5.2831234636518e-171,"Gtpbp4-204",5.2831234636518e-171,"Down"
1.07045492947353e-175,-1.64978081961274,0.09,0.548,8.22687431497583e-171,"Pgk1-201",8.22687431497583e-171,"Down"
1.89715413242275e-175,-1.73977172323528,0.061,0.48,1.45803883693218e-170,"Ppp1r10-202",1.45803883693218e-170,"Down"
4.57171509546274e-175,-1.58039676679331,0.094,0.552,3.51354591946693e-170,"Bod1l-201",3.51354591946693e-170,"Down"
5.21588465837169e-175,-1.73070686652757,0.06,0.478,4.00861599534498e-170,"Ppp1r10-201",4.00861599534498e-170,"Down"
8.87601333822082e-175,-1.45008506325938,0.126,0.614,6.82157129095623e-170,"Zfp207-201",6.82157129095623e-170,"Down"
2.9387280693233e-174,-1.79808374466336,0.151,0.639,2.25853007039773e-169,"Bbx-208",2.25853007039773e-169,"Down"
2.97445840643973e-174,-1.59368564659882,0.086,0.531,2.28599026368519e-169,"Ergic2-208",2.28599026368519e-169,"Down"
7.13261691998743e-174,-1.78713597826734,0.084,0.53,5.48170140768714e-169,"Pacsin2-206",5.48170140768714e-169,"Down"
8.28371784499092e-174,-1.5295039588458,0.088,0.536,6.36636851258932e-169,"Fxr1-204",6.36636851258932e-169,"Down"
2.0135196507539e-173,-2.41892245877241,0.043,0.429,1.54747039239041e-168,"Dock9-206",1.54747039239041e-168,"Down"
2.39517587920046e-173,-1.44506079014623,0.071,0.503,1.84078847020072e-168,"Psmc6-201",1.84078847020072e-168,"Down"
4.25011933068779e-173,-1.43565979432085,0.091,0.546,3.2663867104068e-168,"Usp34-208",3.2663867104068e-168,"Down"
6.57288701376629e-173,-1.49099398763442,0.07,0.503,5.05152658555995e-168,"Nipbl-201",5.05152658555995e-168,"Down"
2.17781582875422e-172,-1.26226151961383,0.134,0.629,1.67373857703077e-167,"Tnpo1-202",1.67373857703077e-167,"Down"
3.26750386111197e-172,-2.00562660376426,0.252,0.764,2.51120741741899e-167,"Gnas-208",2.51120741741899e-167,"Down"
6.1270002620288e-172,-1.49466657799899,0.089,0.538,4.70884478137961e-167,"Aco2-201",4.70884478137961e-167,"Down"
6.99730664220784e-172,-1.5269208023074,0.323,0.811,5.37771004680241e-167,"Hdlbp-201",5.37771004680241e-167,"Down"
8.26630675442272e-171,-1.70534003806232,0.064,0.48,6.35298739304404e-166,"Celf1-208",6.35298739304404e-166,"Down"
1.06412911423298e-170,-1.50472782031789,0.086,0.53,8.17825789452616e-166,"Usp34-205",8.17825789452616e-166,"Down"
6.00142391085519e-170,-1.04449130508833,0.162,0.686,4.61233433244864e-165,"Ppig-202",4.61233433244864e-165,"Down"
8.06314729740865e-170,-1.57632532474123,0.067,0.487,6.19685122395044e-165,"Celf1-207",6.19685122395044e-165,"Down"
2.88339739626769e-169,-1.92104787187121,0.109,0.557,2.21600623492757e-164,"Etl4-209",2.21600623492757e-164,"Down"
1.25619413041966e-168,-2.06068490704508,0.084,0.516,9.65435436992728e-164,"Pik3c2a-201",9.65435436992728e-164,"Down"
5.63669813885632e-168,-1.35816017608931,0.138,0.628,4.33202798763664e-163,"Sp3-201",4.33202798763664e-163,"Down"
9.94579217456199e-168,-1.57996900147868,0.06,0.47,7.64373911783787e-163,"Ckap5-202",7.64373911783787e-163,"Down"
1.82193064076942e-167,-1.3122384947961,0.185,0.704,1.40022657465693e-162,"Trrap-203",1.40022657465693e-162,"Down"
1.89707615173685e-167,-1.5024043463501,0.075,0.5,1.45797890565584e-162,"Nutf2-ps1-201",1.45797890565584e-162,"Down"
2.32577810293e-167,-1.32981067017961,0.083,0.519,1.78745350322582e-162,"Nutf2-201",1.78745350322582e-162,"Down"
3.18489631090827e-167,-1.32967815076201,0.2,0.703,2.44772021078544e-162,"Zwint-201",2.44772021078544e-162,"Down"
3.3128563286691e-167,-1.5776710386866,0.07,0.489,2.54606260283535e-162,"Slf2-203",2.54606260283535e-162,"Down"
4.13718112823436e-167,-1.41834220262922,0.096,0.543,3.17958918429324e-162,"Bod1l-204",3.17958918429324e-162,"Down"
1.38244223504662e-166,-1.02753622493053,0.143,0.649,1.06246215532273e-161,"Naa15-201",1.06246215532273e-161,"Down"
2.0953610716937e-166,-1.35329736490587,0.137,0.628,1.61036879803947e-161,"Ddx46-203",1.61036879803947e-161,"Down"
1.43848532164359e-165,-1.63457126063312,0.119,0.581,1.10553350909597e-160,"Brd3-210",1.10553350909597e-160,"Down"
1.52455277151387e-165,-2.07744199783712,0.076,0.49,1.17167978701927e-160,"Ncor1-201",1.17167978701927e-160,"Down"
8.15027748714657e-164,-1.18158732654926,0.199,0.734,6.26381425997162e-159,"Copb2-201",6.26381425997162e-159,"Down"
1.27748605752159e-163,-1.57672653549544,0.143,0.616,9.81799134647645e-159,"Arhgap31-201",9.81799134647645e-159,"Down"
2.48954866627272e-163,-1.23092420198376,0.481,0.93,1.91331773197724e-158,"Ddb1-201",1.91331773197724e-158,"Down"
7.45337531578818e-163,-1.29144948640601,0.18,0.687,5.72821706519585e-158,"Trrap-201",5.72821706519585e-158,"Down"
8.84213303068062e-163,-1.43974108111322,0.118,0.572,6.79553291939928e-158,"Zbed6-201",6.79553291939928e-158,"Down"
1.34119497771308e-162,-1.35938984842206,0.098,0.543,1.03076198817161e-157,"Tjp2-204",1.03076198817161e-157,"Down"
2.44017832198317e-162,-1.59773223102461,0.126,0.586,1.87537464757694e-157,"Ctnnd1-219",1.87537464757694e-157,"Down"
3.10861342273744e-162,-1.5789839131681,0.175,0.656,2.38909375991063e-157,"Ipo7-201",2.38909375991063e-157,"Down"
3.97664567038532e-162,-1.53420273520122,0.086,0.513,3.05621126351793e-157,"Fxr1-208",3.05621126351793e-157,"Down"
7.24894998387025e-162,-1.32763460772641,0.066,0.476,5.57110802060364e-157,"Ckap5-204",5.57110802060364e-157,"Down"
1.0174623474785e-161,-1.61267419392345,0.07,0.477,7.81960512531128e-157,"Chd8-212",7.81960512531128e-157,"Down"
1.08149081865571e-161,-1.34218187883957,0.172,0.674,8.31168953769657e-157,"Helz-203",8.31168953769657e-157,"Down"
1.25061415236137e-161,-1.70509422565898,0.074,0.478,9.61147000655809e-157,"Knop1-204",9.61147000655809e-157,"Down"
1.48292431639921e-161,-1.3632833676797,0.252,0.776,1.13968665412545e-156,"Maged1-201",1.13968665412545e-156,"Down"
1.73336659134625e-161,-1.62962493935424,0.118,0.569,1.33216156011324e-156,"Ctnnd1-203",1.33216156011324e-156,"Down"
2.18705612488872e-161,-1.25789522800159,0.128,0.596,1.68084011422198e-156,"Zfp207-207",1.68084011422198e-156,"Down"
2.68851396592761e-161,-1.31838611711714,0.121,0.589,2.066230523374e-156,"Rnf2-204",2.066230523374e-156,"Down"
4.11409595800076e-161,-1.59646328394646,0.125,0.583,3.16184730756191e-156,"Ctnnd1-218",3.16184730756191e-156,"Down"
5.42413681888024e-161,-1.4173692522788,0.062,0.458,4.16866611078222e-156,"Luzp1-207",4.16866611078222e-156,"Down"
7.60106181574586e-161,-1.53009471793046,0.083,0.508,5.84172004787333e-156,"Tjp2-201",5.84172004787333e-156,"Down"
8.91291794840351e-161,-1.36784102059195,0.133,0.611,6.84993396006603e-156,"Pacsin2-210",6.84993396006603e-156,"Down"
1.04881729039689e-160,-1.2495368891622,0.179,0.684,8.06058040361623e-156,"Bclaf1-201",8.06058040361623e-156,"Down"
1.05321998785726e-160,-1.69889297053923,0.051,0.435,8.0944168946782e-156,"Ckap5-203",8.0944168946782e-156,"Down"
1.12106709811204e-160,-1.35835555349243,0.133,0.612,8.61584907583026e-156,"Pacsin2-202",8.61584907583026e-156,"Down"
1.44125242834281e-160,-1.2256749347304,0.098,0.544,1.10766014127858e-155,"Drosha-207",1.10766014127858e-155,"Down"
1.62547498783727e-160,-1.54337856525407,0.056,0.444,1.24924254715245e-155,"Dync1i2-204",1.24924254715245e-155,"Down"
2.78596004477576e-160,-1.04781337626045,0.131,0.605,2.14112173281196e-155,"Cops2-203",2.14112173281196e-155,"Down"
3.01717916934678e-160,-1.09553309014136,0.104,0.558,2.31882287880977e-155,"Drosha-201",2.31882287880977e-155,"Down"
4.42081813752474e-160,-1.28550935405764,0.068,0.474,3.39757557141327e-155,"Celf1-214",3.39757557141327e-155,"Down"
1.60177427954764e-159,-1.49375736386784,0.39,0.814,1.23102760480354e-154,"Ddx5-201",1.23102760480354e-154,"Down"
2.2572304260219e-159,1.50055566653868,0.973,0.975,1.73477187161487e-154,"Tpt1-201",1.73477187161487e-154,"Up"
2.66956639361746e-159,-1.29445465822622,0.097,0.538,2.05166855615076e-154,"Kat6a-202",2.05166855615076e-154,"Down"
4.67689495190763e-159,-1.84374061389523,0.251,0.721,3.59438084633909e-154,"Wnk1-203",3.59438084633909e-154,"Down"
5.24023323173845e-159,-1.12883151667686,0.172,0.685,4.02732884792027e-154,"Dcakd-201",4.02732884792027e-154,"Down"
8.90956757823545e-159,-1.33157016832707,0.075,0.482,6.84735906657708e-154,"Senp1-204",6.84735906657708e-154,"Down"
1.62653925979632e-158,-1.12064874226307,0.101,0.552,1.25006048272386e-153,"Npat-201",1.25006048272386e-153,"Down"
3.80769325926689e-158,-1.57694965660768,0.079,0.488,2.92636457747697e-153,"Arih1-207",2.92636457747697e-153,"Down"
5.92853403220165e-158,-1.46333767257513,0.056,0.444,4.55631554510826e-153,"Ckap5-201",4.55631554510826e-153,"Down"
7.30380394411514e-158,-1.44694478693585,0.103,0.542,5.61326548321025e-153,"Fndc3b-204",5.61326548321025e-153,"Down"
8.35094758167604e-158,-2.05111963405637,0.071,0.467,6.41803725442131e-153,"Ncor1-204",6.41803725442131e-153,"Down"
1.21813645247792e-157,-1.3420974442348,0.205,0.723,9.36186589187381e-153,"Brd3-202",9.36186589187381e-153,"Down"
1.29323453925778e-157,-1.27102334747692,0.095,0.533,9.93902472801176e-153,"Virma-202",9.93902472801176e-153,"Down"
2.00139873525379e-157,-1.9425931808618,0.123,0.556,1.53815498399195e-152,"Nxf7-201",1.53815498399195e-152,"Down"
2.54829093709867e-157,-1.5986400265964,0.059,0.451,1.95846351679781e-152,"Ippk-203",1.95846351679781e-152,"Down"
5.50969965358844e-157,-1.57182022598725,0.123,0.572,4.23442457176886e-152,"Ctnnd1-221",4.23442457176886e-152,"Down"
9.47481773620943e-157,-1.58805318294272,0.116,0.559,7.28177642298639e-152,"Ctnnd1-220",7.28177642298639e-152,"Down"
9.60881294261802e-157,-1.28726675193519,0.065,0.461,7.38475709891965e-152,"Cse1l-201",7.38475709891965e-152,"Down"
1.08145567680124e-156,-1.82965075360011,0.061,0.448,8.31141945848823e-152,"Rbms2-202",8.31141945848823e-152,"Down"
1.33970179004738e-156,-1.40660218126255,0.31,0.818,1.02961441372301e-151,"Jup-201",1.02961441372301e-151,"Down"
3.23932932827309e-156,-1.61003161360626,0.056,0.442,2.489554161951e-151,"Ippk-201",2.489554161951e-151,"Down"
5.46380270485146e-156,-1.26864293101016,0.095,0.529,4.19915093078654e-151,"Kat6a-204",4.19915093078654e-151,"Down"
5.67174638399694e-156,-1.3077524961599,0.167,0.648,4.35896396595701e-151,"Son-203",4.35896396595701e-151,"Down"
6.27544026833062e-156,-1.73629066711994,0.119,0.563,4.82292686382282e-151,"Mbnl2-201",4.82292686382282e-151,"Down"
8.03978433963734e-156,-1.70700906837888,0.047,0.415,6.17889585638488e-151,"Cnot2-212",6.17889585638488e-151,"Down"
1.18694842182497e-155,-1.3463421025265,0.084,0.506,9.12217340109361e-151,"Virma-203",9.12217340109361e-151,"Down"
2.15304846912227e-155,-1.38026535809387,0.111,0.546,1.65470387045923e-150,"Aldoa-202",1.65470387045923e-150,"Down"
2.1890622711348e-155,-1.78564310857174,0.059,0.442,1.68238191785794e-150,"Celf1-205",1.68238191785794e-150,"Down"
2.4922291410493e-155,-1.34752151545071,0.068,0.467,1.91537778406203e-150,"Ythdf1-201",1.91537778406203e-150,"Down"
3.10794225517859e-155,-1.28000182512728,0.229,0.724,2.38857794079495e-150,"Ep400-201",2.38857794079495e-150,"Down"
4.7649937351882e-155,-1.35730719898507,0.165,0.643,3.66208828524154e-150,"Son-202",3.66208828524154e-150,"Down"
9.08397217285993e-155,-1.12404595322184,0.1,0.539,6.98139597372977e-150,"Tmem248-201",6.98139597372977e-150,"Down"
1.07188322756363e-154,-1.12273494725818,0.32,0.839,8.23785135711756e-150,"Prdx1-204",8.23785135711756e-150,"Down"
1.24616131952085e-154,-1.69941077033555,0.066,0.454,9.57724820504553e-150,"Fxr1-201",9.57724820504553e-150,"Down"
1.61246120375464e-154,-1.6712400822831,0.06,0.444,1.23924093353359e-149,"Parp4-201",1.23924093353359e-149,"Down"
4.73211736409077e-154,-1.36537468264484,0.069,0.462,3.63682147899832e-149,"Ptbp3-212",3.63682147899832e-149,"Down"
6.08876846503758e-154,-1.08081120107298,0.125,0.583,4.67946211611998e-149,"Prpf40a-208",4.67946211611998e-149,"Down"
6.45813381305014e-154,-2.23153734843481,0.071,0.455,4.96333416068155e-149,"Ogt-202",4.96333416068155e-149,"Down"
6.98382259340026e-154,-1.25137605568128,0.077,0.482,5.36734701593183e-149,"Psma1-201",5.36734701593183e-149,"Down"
1.38349519571658e-153,-1.27771117888614,0.072,0.476,1.06327139771602e-148,"Ube2l3-201",1.06327139771602e-148,"Down"
1.69665129345861e-153,-1.27946894786361,0.073,0.477,1.30394438507468e-148,"Ube2l3-205",1.30394438507468e-148,"Down"
2.24562742855212e-153,-1.28057018778449,0.108,0.539,1.72585450393945e-148,"Cpsf6-201",1.72585450393945e-148,"Down"
5.41121863781285e-153,-1.41711729989935,0.094,0.513,4.15873797190469e-148,"Adam10-201",4.15873797190469e-148,"Down"
5.43405258920994e-153,-1.50942346038798,0.056,0.433,4.17628677691141e-148,"Fkbp3-203",4.17628677691141e-148,"Down"
5.93956450347998e-153,-1.14955388718246,0.076,0.483,4.5647929035045e-148,"Ino80d-204",4.5647929035045e-148,"Down"
9.91953807147788e-153,-1.8953523760048,0.051,0.418,7.62356178945361e-148,"Luzp1-201",7.62356178945361e-148,"Down"
1.00707731587792e-152,-1.52151933741238,0.062,0.45,7.73979200344815e-148,"Nfyc-203",7.73979200344815e-148,"Down"
1.24248326149219e-152,-1.40467133891882,0.081,0.489,9.54898085787211e-148,"Larp4-209",9.54898085787211e-148,"Down"
1.26384891414207e-152,-1.66479908702365,0.071,0.462,9.71318444474746e-148,"Tcf12-201",9.71318444474746e-148,"Down"
4.33308386136304e-152,-1.34495172148501,0.087,0.503,3.33014827081195e-147,"Smc4-207",3.33014827081195e-147,"Down"
4.35161272175419e-152,-1.38645779838205,0.161,0.629,3.34438844117697e-147,"Son-208",3.34438844117697e-147,"Down"
5.74833342832888e-152,-1.46648077053543,0.104,0.527,4.41782417300788e-147,"Aldoa-203",4.41782417300788e-147,"Down"
6.72207597022821e-152,-1.4998825333585,0.105,0.528,5.16618426615919e-147,"ENSMUST00000381763.1",5.16618426615919e-147,"Down"
9.90500765621429e-152,-1.48470299484571,0.096,0.52,7.61239458410693e-147,"Mical3-216",7.61239458410693e-147,"Down"
1.09424823080045e-151,-1.10627403764627,0.147,0.628,8.40973535299379e-147,"Appbp2-201",8.40973535299379e-147,"Down"
1.28906405167404e-151,-1.16562044430727,0.37,0.863,9.90697286273567e-147,"Tubb5-201",9.90697286273567e-147,"Down"
1.38664669877894e-151,-2.46525402519963,0.033,0.368,1.06569345387957e-146,"Dock9-208",1.06569345387957e-146,"Down"
1.4038676412918e-151,-1.54537993804288,0.07,0.46,1.0789284370384e-146,"Tcf12-202",1.0789284370384e-146,"Down"
1.44652384779315e-151,-1.42141050228705,0.063,0.449,1.11171143798295e-146,"Nfyc-204",1.11171143798295e-146,"Down"
1.5528847137362e-151,-1.18252752327026,0.155,0.625,1.19345401789482e-146,"Tcerg1-201",1.19345401789482e-146,"Down"
2.15094484560894e-151,-1.13706007728865,0.074,0.477,1.6530871516443e-146,"Taok1-202",1.6530871516443e-146,"Down"
2.46918480178246e-151,-1.55063023969878,0.135,0.579,1.89766728756189e-146,"Map1b-201",1.89766728756189e-146,"Down"
3.19285782531714e-151,-1.46199331911997,0.096,0.519,2.45383895306923e-146,"Mical3-221",2.45383895306923e-146,"Down"
5.07794515779555e-151,-1.19967875739136,0.071,0.468,3.90260397157219e-146,"Ino80d-201",3.90260397157219e-146,"Down"
9.31743277174531e-151,-1.23387587431407,0.174,0.657,7.16081978239714e-146,"Fermt2-201",7.16081978239714e-146,"Down"
9.78242103983193e-151,-1.45558733626639,0.096,0.518,7.51818186595243e-146,"Mical3-223",7.51818186595243e-146,"Down"
1.02061963165062e-150,-1.14729082435298,0.099,0.53,7.84387011708767e-146,"Vps35-201",7.84387011708767e-146,"Down"
1.14401182597185e-150,-1.52505134320453,0.074,0.466,8.79218848732404e-146,"Yme1l1-201",8.79218848732404e-146,"Down"
3.3795329670365e-150,-1.03810603743483,0.163,0.641,2.59730626648623e-145,"Tox4-201",2.59730626648623e-145,"Down"
3.46503906289816e-150,-1.35145111806768,0.116,0.555,2.66302112139975e-145,"Gse1-201",2.66302112139975e-145,"Down"
4.02003739924594e-150,-1.43240904455404,0.097,0.518,3.08955954281648e-145,"Mical3-222",3.08955954281648e-145,"Down"
5.19490551448577e-150,-1.42835030905327,0.054,0.42,3.99249268410289e-145,"Setd1b-204",3.99249268410289e-145,"Down"
9.66709621517842e-150,-1.69571053783582,0.098,0.51,7.42955012521322e-145,"Serpinb9b-201",7.42955012521322e-145,"Down"
1.48594402609095e-149,-1.31605815361173,0.089,0.502,1.14200742181194e-144,"Larp4-201",1.14200742181194e-144,"Down"
2.43263495999284e-149,-1.57890957985815,0.055,0.425,1.8695772721529e-144,"Smc2-202",1.8695772721529e-144,"Down"
2.95494681399738e-149,-1.37507841717504,0.081,0.482,2.27099482442955e-144,"Rock2-201",2.27099482442955e-144,"Down"
3.10864040476671e-149,-1.78434791253857,0.186,0.642,2.38911449667941e-144,"Nap1l1-203",2.38911449667941e-144,"Down"
3.577718034472e-149,-1.46988723168691,0.05,0.411,2.74961941821311e-144,"Dync1i2-205",2.74961941821311e-144,"Down"
6.13821516141861e-149,-1.13218253641581,0.108,0.536,4.71746388015666e-144,"Nktr-201",4.71746388015666e-144,"Down"
7.95129897163208e-149,-1.64539041728801,0.05,0.411,6.11089131165812e-144,"Hadhb-203",6.11089131165812e-144,"Down"
1.19985488225609e-148,-1.25936496014526,0.256,0.749,9.22136471209093e-144,"Myo10-202",9.22136471209093e-144,"Down"
1.79868329829538e-148,-1.28079180547799,0.153,0.617,1.38236006207193e-143,"Prpf8-202",1.38236006207193e-143,"Down"
2.08933715194374e-148,-1.0908587961487,0.261,0.785,1.60573917475484e-143,"Sfpq-201",1.60573917475484e-143,"Down"
2.23900894524563e-148,-1.58452866580894,0.043,0.395,1.72076793477907e-143,"Nckap1-202",1.72076793477907e-143,"Down"
4.6135899297378e-148,-1.42680413833778,0.158,0.615,3.54572840460069e-143,"Uhrf1-201",3.54572840460069e-143,"Down"
5.47214321559571e-148,-1.20221336639856,0.136,0.587,4.20556094691393e-143,"Slc25a5-201",4.20556094691393e-143,"Down"
9.9322850027794e-148,-1.50855271252903,0.121,0.554,7.63335831603608e-143,"Ctnnd1-222",7.63335831603608e-143,"Down"
1.06891658866799e-147,-1.43935246738721,0.06,0.432,8.21505155054901e-143,"Cdc27-201",8.21505155054901e-143,"Down"
1.16892688268586e-147,-1.03666007645255,0.142,0.605,8.98367066419388e-143,"Cherp-207",8.98367066419388e-143,"Down"
1.19932015915508e-147,-1.64671756723683,0.049,0.408,9.21725515117046e-143,"Hadhb-202",9.21725515117046e-143,"Down"
1.47280112884927e-147,-1.311382319318,0.066,0.451,1.13190657956582e-142,"Zfx-201",1.13190657956582e-142,"Down"
1.66315997422865e-147,-2.458539986967,0.032,0.359,1.27820496659368e-142,"Dock9-212",1.27820496659368e-142,"Down"
1.74525502971577e-147,-1.40834114339391,0.121,0.555,1.34129830053776e-142,"Nrip1-202",1.34129830053776e-142,"Down"
2.53817516296957e-147,-1.26953633789158,0.065,0.448,1.95068913974863e-142,"Zfx-204",1.95068913974863e-142,"Down"
3.54202696722417e-147,-1.69984496951682,0.101,0.512,2.72218940539046e-142,"Nisch-201",2.72218940539046e-142,"Down"
5.95140472432777e-147,-1.41233551279333,0.295,0.769,4.57389258683486e-142,"Cul4b-202",4.57389258683486e-142,"Down"
6.80894432198648e-147,-1.27265896285811,0.074,0.465,5.23294606921949e-142,"Rsl1d1-201",5.23294606921949e-142,"Down"
7.05452218092138e-147,-1.45639047453103,0.069,0.454,5.42168247692531e-142,"Ogdh-204",5.42168247692531e-142,"Down"
8.91535536334161e-147,-1.29586203947711,0.088,0.495,6.85180721094256e-142,"Uggt1-209",6.85180721094256e-142,"Down"
1.01646366649898e-146,-1.56232752346169,0.061,0.434,7.81192986251123e-142,"Acly-207",7.81192986251123e-142,"Down"
1.1134869812772e-146,-2.13254909432809,0.096,0.497,8.55759284590779e-142,"Srcap-207",8.55759284590779e-142,"Down"
1.20538139023423e-146,-1.13111032766489,0.233,0.738,9.26383813650618e-142,"Nxf7-202",9.26383813650618e-142,"Down"
1.28841288111031e-146,-1.40383989256548,0.087,0.489,9.9019683564852e-142,"Senp1-201",9.9019683564852e-142,"Down"
1.32654842621825e-146,-1.18301404486677,0.054,0.419,1.01950552748578e-141,"Cnot2-213",1.01950552748578e-141,"Down"
1.45166092634331e-146,-1.6741751633414,0.06,0.43,1.11565948833188e-141,"Ap1g1-201",1.11565948833188e-141,"Down"
2.64418495730189e-146,-1.31165418559966,0.111,0.536,2.0321619070848e-141,"Prrc2b-202",2.0321619070848e-141,"Down"
2.87259317137392e-146,-1.6824988660482,0.062,0.434,2.20770275592771e-141,"Fxr1-202",2.20770275592771e-141,"Down"
4.19403822055089e-146,-1.5315680351879,0.07,0.453,3.22328613402218e-141,"Smc4-202",3.22328613402218e-141,"Down"
4.6007231461097e-146,-1.08564556219111,0.108,0.535,3.53583976671115e-141,"Gon4l-201",3.53583976671115e-141,"Down"
4.60287352444366e-146,-1.05371735703456,0.101,0.526,3.53749241847593e-141,"Prdm2-201",3.53749241847593e-141,"Down"
5.54114252230085e-146,-1.38128769223493,0.081,0.479,4.2585896740891e-141,"Rbmx-203",4.2585896740891e-141,"Down"
7.30867027097621e-146,-1.04490953948666,0.185,0.674,5.61700545005606e-141,"Bclaf1-202",5.61700545005606e-141,"Down"
1.24642371132691e-145,-1.27555644885582,0.189,0.661,9.57926479103185e-141,"Cnot1-202",9.57926479103185e-141,"Down"
1.64732213979495e-145,-1.01680748439086,0.077,0.469,1.26603295731801e-140,"Ptbp3-201",1.26603295731801e-140,"Down"
1.98451176323619e-145,-1.10462777966079,0.129,0.567,1.52517667051754e-140,"Gspt1-201",1.52517667051754e-140,"Down"
2.50536372862165e-145,-1.06531641740817,0.122,0.56,1.92547223999488e-140,"Prpf40a-206",1.92547223999488e-140,"Down"
2.51892188139843e-145,-1.18507420679767,0.199,0.687,1.93589222272995e-140,"Arid1a-205",1.93589222272995e-140,"Down"
2.78323602571422e-145,-1.34839989918163,0.077,0.47,2.13902821520241e-140,"Ncoa4-202",2.13902821520241e-140,"Down"
2.90463855375652e-145,-1.05887323985804,0.169,0.641,2.23233091410404e-140,"Ak2-202",2.23233091410404e-140,"Down"
3.01771407261064e-145,-1.19016510671773,0.065,0.444,2.31923397336418e-140,"Zfx-203",2.31923397336418e-140,"Down"
5.19469910914143e-145,-1.24465107841051,0.123,0.562,3.99233405333956e-140,"Ago2-201",3.99233405333956e-140,"Down"
8.7466292186835e-145,-1.47036190275346,0.072,0.451,6.72213441972701e-140,"Daam1-202",6.72213441972701e-140,"Down"
1.662118004207e-144,-1.66009404103213,0.06,0.425,1.27740417095325e-139,"Setd1a-201",1.27740417095325e-139,"Down"
1.90929518024307e-144,-1.57082207579329,0.067,0.444,1.46736971782401e-139,"Mapk1ip1l-201",1.46736971782401e-139,"Down"
3.52094958748163e-144,-1.39681387752784,0.064,0.438,2.70599059596313e-139,"Gtf2h1-202",2.70599059596313e-139,"Down"
5.10888268944209e-144,-1.32657692496495,0.077,0.467,3.92638070214382e-139,"Ncoa4-201",3.92638070214382e-139,"Down"
6.67199868990999e-144,-1.42987728752556,0.054,0.414,5.12769787314343e-139,"Hadhb-201",5.12769787314343e-139,"Down"
7.53646992619126e-144,-1.63402078550918,0.167,0.615,5.79207859707503e-139,"Epas1-201",5.79207859707503e-139,"Down"
8.19890771571172e-144,-1.19316804257741,0.344,0.847,6.30118853583308e-139,"Ubc-202",6.30118853583308e-139,"Down"
9.39473753762211e-144,-1.06321188998499,0.116,0.552,7.22023158716409e-139,"Brd7-201",7.22023158716409e-139,"Down"
1.06485320620025e-143,-1.81332543782255,0.068,0.441,8.18382283093137e-139,"Lcor-206",8.18382283093137e-139,"Down"
1.33559683128032e-143,-1.32835084960531,0.154,0.605,1.02645958871218e-138,"Pcm1-204",1.02645958871218e-138,"Down"
1.73783648290079e-143,-1.55369498269157,0.089,0.486,1.33559685056857e-138,"Stag1-201",1.33559685056857e-138,"Down"
4.51486648314805e-143,-1.65615436108073,0.062,0.426,3.4698554869586e-138,"Setd1a-202",3.4698554869586e-138,"Down"
6.40882941784553e-143,-1.64450730956708,0.044,0.384,4.92544176079101e-138,"Rtn3-204",4.92544176079101e-138,"Down"
6.44781877143417e-143,-1.39918759786037,0.158,0.604,4.95540663859802e-138,"Cnot1-201",4.95540663859802e-138,"Down"
6.90525244191979e-143,-2.05048736256379,0.087,0.47,5.30696271171303e-138,"Iqsec1-201",5.30696271171303e-138,"Down"
9.24961773146421e-143,-1.16834479522376,0.083,0.48,7.1087012113395e-138,"Cdk13-207",7.1087012113395e-138,"Down"
9.44667075975277e-143,-1.05805434495426,0.189,0.664,7.26014434570039e-138,"Srsf2-201",7.26014434570039e-138,"Down"
1.08214622254298e-142,-1.18422605587405,0.26,0.756,8.31672657873183e-138,"Septin9-205",8.31672657873183e-138,"Down"
1.09265317459972e-142,-1.1980685419458,0.21,0.682,8.3974767080687e-138,"Gpi1-201",8.3974767080687e-138,"Down"
1.57136561783647e-142,-1.32999138788294,0.08,0.471,1.20765733193204e-137,"Acly-203",1.20765733193204e-137,"Down"
1.61603669843374e-142,-1.76610177911478,0.083,0.47,1.24198884421427e-137,"Mprip-201",1.24198884421427e-137,"Down"
1.86090660750813e-142,-1.42404280194477,0.074,0.455,1.4301811641343e-137,"Zc3h14-204",1.4301811641343e-137,"Down"
2.38523936056989e-142,-1.43349061870153,0.078,0.462,1.83315185817238e-137,"Ktn1-210",1.83315185817238e-137,"Down"
2.61914600014447e-142,-1.61125370900274,0.044,0.384,2.01291846695103e-137,"Rtn3-202",2.01291846695103e-137,"Down"
2.84233549685322e-142,-1.51644574678552,0.167,0.605,2.18444852275158e-137,"Sfmbt2-205",2.18444852275158e-137,"Down"
3.03843980932402e-142,-1.2537476283595,0.108,0.53,2.33516253105788e-137,"Mta3-208",2.33516253105788e-137,"Down"
3.20576312488926e-142,-1.52718517047546,0.067,0.438,2.46375719200239e-137,"Fkbp1a-205",2.46375719200239e-137,"Down"
3.20823224465921e-142,-1.55896031275913,0.071,0.446,2.46565480931039e-137,"Tns3-205",2.46565480931039e-137,"Down"
4.47637302207249e-142,-2.19860708166079,0.038,0.367,3.44027172238359e-137,"Myo1b-204",3.44027172238359e-137,"Down"
5.87758767459355e-142,-1.14731885579253,0.124,0.557,4.51716123143212e-137,"Myh10-202",4.51716123143212e-137,"Down"
6.46390440740261e-142,-1.18643768265272,0.128,0.566,4.9677690932652e-137,"ENSMUST00000381754.1",4.9677690932652e-137,"Down"
6.60136958120652e-142,-1.02957399471437,0.062,0.434,5.07341657794046e-137,"Nckap1-201",5.07341657794046e-137,"Down"
8.82778738382336e-142,-1.3945937066614,0.08,0.465,6.78450771596361e-137,"Pik3c2a-204",6.78450771596361e-137,"Down"
9.97662020691017e-142,-1.20342036366968,0.085,0.48,7.66743169381875e-137,"Iars-206",7.66743169381875e-137,"Down"
1.12360866044724e-141,-1.32150356765791,0.072,0.453,8.6353819990012e-137,"Cdk13-201",8.6353819990012e-137,"Down"
1.28471380098943e-141,-1.61822972568916,0.07,0.443,9.87353944612419e-137,"Tns3-206",9.87353944612419e-137,"Down"
1.40213994005957e-141,-1.02623354353346,0.128,0.572,1.07760062953338e-136,"Polr2a-201",1.07760062953338e-136,"Down"
1.62678008693143e-141,-1.56851290906704,0.061,0.422,1.25024556801028e-136,"Brwd3-205",1.25024556801028e-136,"Down"
1.7072760403334e-141,-1.10559658413746,0.376,0.862,1.31210992803783e-136,"Ddx3x-201",1.31210992803783e-136,"Down"
1.99571100602473e-141,-1.63972701688856,0.069,0.441,1.53378373657024e-136,"Tns3-201",1.53378373657024e-136,"Down"
2.13044456599345e-141,-1.082093175383,0.08,0.47,1.63733186674861e-136,"Ogdh-201",1.63733186674861e-136,"Down"
2.44060459728693e-141,-1.03805532374555,0.139,0.583,1.8757022571989e-136,"N4bp2-204",1.8757022571989e-136,"Down"
3.6967449767244e-141,-1.87927711943105,0.054,0.405,2.84109638441177e-136,"Rbms2-206",2.84109638441177e-136,"Down"
3.81277979021047e-141,-1.61914325820654,0.049,0.395,2.93027377996835e-136,"Taok1-201",2.93027377996835e-136,"Down"
4.93370986920926e-141,-1.28231145292041,0.336,0.804,3.79175338288208e-136,"Dsp-201",3.79175338288208e-136,"Down"
5.51852394927138e-141,-1.08904187025108,0.104,0.52,4.24120639597303e-136,"Otud4-203",4.24120639597303e-136,"Down"
6.40838967869735e-141,-1.25035311921989,0.108,0.524,4.92510380366606e-136,"Mtmr4-202",4.92510380366606e-136,"Down"
6.6553318781492e-141,-1.45283062291135,0.11,0.526,5.11488876163278e-136,"Afap1-202",5.11488876163278e-136,"Down"
7.10174303215898e-141,-1.3543418404291,0.078,0.46,5.45797358993546e-136,"Ktn1-201",5.45797358993546e-136,"Down"
7.12174146682619e-141,-1.24815304248445,0.135,0.576,5.4733431869146e-136,"Pum2-203",5.4733431869146e-136,"Down"
2.16875573261554e-140,-1.11722479957358,0.164,0.615,1.66677553074434e-135,"Dhx9-201",1.66677553074434e-135,"Down"
9.27580399817007e-140,-1.5980776488846,0.055,0.405,7.12882640475362e-135,"Celf1-204",7.12882640475362e-135,"Down"
1.11842749347122e-139,-1.25748545402058,0.079,0.465,8.59556265832374e-135,"Acly-201",8.59556265832374e-135,"Down"
1.19136117865999e-139,-1.49887646186328,0.113,0.516,9.15608720247349e-135,"Ldlr-201",9.15608720247349e-135,"Down"
1.27721166366711e-139,-1.25089497304136,0.064,0.428,9.81588251994721e-135,"Arid4b-204",9.81588251994721e-135,"Down"
1.66871981161536e-139,-1.14912861378699,0.186,0.648,1.28247792401887e-134,"Matr3-201",1.28247792401887e-134,"Down"
1.88638508359696e-139,-1.05746325076995,0.086,0.483,1.44976239214761e-134,"Ap3d1-201",1.44976239214761e-134,"Down"
2.03908208545087e-139,-1.07487026501982,0.123,0.553,1.56711614595241e-134,"Trim6-201",1.56711614595241e-134,"Down"
2.80027359433531e-139,-1.77744102148658,0.031,0.348,2.15212226819046e-134,"Taf9-205",2.15212226819046e-134,"Down"
4.18737562658941e-139,-1.07428284440536,0.172,0.638,3.21816566405903e-134,"Prpf4b-201",3.21816566405903e-134,"Down"
4.5439420507288e-139,-2.59648922772171,0.028,0.334,3.49220122366711e-134,"Fnbp1-204",3.49220122366711e-134,"Down"
1.5658630884764e-138,-1.11086354111753,0.185,0.641,1.20342841801765e-133,"Zfp64-201",1.20342841801765e-133,"Down"
1.71973263673034e-138,-1.08911724869976,0.148,0.59,1.32168332063273e-133,"Tcerg1-209",1.32168332063273e-133,"Down"
1.73152568525126e-138,-1.0621679547608,0.11,0.524,1.330746750143e-133,"Stag1-206",1.330746750143e-133,"Down"
1.79352523948041e-138,-1.32347714366197,0.077,0.457,1.37839588755027e-133,"Arhgef12-201",1.37839588755027e-133,"Down"
2.52391134830499e-138,-2.13705567504561,0.15,0.559,1.93972682762632e-133,"Adgrf5-201",1.93972682762632e-133,"Down"
3.07608039891303e-138,-1.01950982436369,0.101,0.51,2.36409082978062e-133,"Ash2l-210",2.36409082978062e-133,"Down"
4.39912929529018e-138,-1.38051510352693,0.066,0.431,3.38090682860231e-133,"Srsf11-213",3.38090682860231e-133,"Down"
4.89858543424438e-138,-1.99372713097319,0.088,0.462,3.76475884963417e-133,"Morc4-202",3.76475884963417e-133,"Down"
1.32207541051371e-137,-1.4347419049901,0.093,0.488,1.01606783599621e-132,"Mprip-204",1.01606783599621e-132,"Down"
3.48965880223664e-137,-1.20212078544241,0.146,0.585,2.68194237587095e-132,"Jade3-202",2.68194237587095e-132,"Down"
4.23941667267027e-137,-1.42778577149636,0.208,0.668,3.25816128961401e-132,"Jade1-202",3.25816128961401e-132,"Down"
5.48640201840561e-137,-1.06831127288873,0.132,0.566,4.21651940722544e-132,"Sap130-208",4.21651940722544e-132,"Down"
8.61960131958102e-137,-1.59492540852587,0.062,0.419,6.62450839815079e-132,"Supt20-210",6.62450839815079e-132,"Down"
1.19293317816529e-136,-1.220668742,0.156,0.597,9.16816864747151e-132,"Pcm1-201",9.16816864747151e-132,"Down"
1.33669809299671e-136,-1.12877383601117,0.1,0.505,1.02730595239169e-131,"Slk-201",1.02730595239169e-131,"Down"
1.39450847327227e-136,-1.21273980021151,0.144,0.58,1.07173554204867e-131,"Usp47-202",1.07173554204867e-131,"Down"
1.8113649046108e-136,-1.03734513022878,0.211,0.702,1.39210638378959e-131,"Ncoa6-201",1.39210638378959e-131,"Down"
3.02882535312221e-136,-1.26995282339014,0.104,0.504,2.32777343688855e-131,"Eif4e-201",2.32777343688855e-131,"Down"
3.83495120401169e-136,-1.46025432571484,0.073,0.439,2.94731339833115e-131,"Fxr1-206",2.94731339833115e-131,"Down"
5.15052412845541e-136,-1.07775126286739,0.135,0.568,3.95838381368312e-131,"Myh10-203",3.95838381368312e-131,"Down"
5.21579048509202e-136,-1.02323003382086,0.148,0.592,4.00854361941262e-131,"Helz-201",4.00854361941262e-131,"Down"
7.47029022963076e-136,-1.25067783715746,0.077,0.454,5.74121685308042e-131,"Polr2b-201",5.74121685308042e-131,"Down"
7.578781124797e-136,-1.31418819889059,0.1,0.495,5.82459644565149e-131,"Cherp-201",5.82459644565149e-131,"Down"
1.08542278791293e-135,-1.13547651358411,0.099,0.496,8.34190829422602e-131,"Nup214-201",8.34190829422602e-131,"Down"
1.88855853630923e-135,-1.74776122696406,0.07,0.428,1.4514327774951e-130,"Eif5-212",1.4514327774951e-130,"Down"
1.91390449800124e-135,-1.09187883866576,0.136,0.567,1.47091216289388e-130,"Gab1-201",1.47091216289388e-130,"Down"
2.29937398586295e-135,-1.5850178420967,0.069,0.431,1.76716088309511e-130,"Tex2-201",1.76716088309511e-130,"Down"
3.9685307078129e-135,-1.08509409879979,0.067,0.432,3.04997459018253e-130,"Smc5-201",3.04997459018253e-130,"Down"
4.53663882575038e-135,-1.082377687812,0.139,0.582,3.4865884031422e-130,"Pak2-201",3.4865884031422e-130,"Down"
5.03728314547851e-135,-1.05968231993558,0.097,0.494,3.87135358862606e-130,"Rbmx-202",3.87135358862606e-130,"Down"
7.0427653505946e-135,-1.92395044250235,0.033,0.343,5.41264688254597e-130,"Ate1-204",5.41264688254597e-130,"Down"
1.1626803096746e-134,-1.98126204330878,0.048,0.378,8.93566325197314e-130,"Mkln1-201",8.93566325197314e-130,"Down"
1.17714138374787e-134,-1.13557455392273,0.166,0.616,9.04680239065588e-130,"Capzb-202",9.04680239065588e-130,"Down"
3.31448409223578e-134,-1.44798421503019,0.163,0.598,2.54731360424688e-129,"Podxl-201",2.54731360424688e-129,"Down"
4.45144721921523e-134,-2.28657979313252,0.068,0.418,3.42111524585567e-129,"Dock5-201",3.42111524585567e-129,"Down"
5.23459573220296e-134,-1.26198941241436,0.067,0.427,4.02299620402726e-129,"Tasor2-201",4.02299620402726e-129,"Down"
5.37610946404147e-134,-1.39765709038281,0.132,0.546,4.13175516749443e-129,"Srrm1-201",4.13175516749443e-129,"Down"
6.2325362614419e-134,-1.29358014576993,0.111,0.514,4.78995341836856e-129,"Sf3a1-201",4.78995341836856e-129,"Down"
6.6164540082126e-134,-1.50135547370983,0.069,0.428,5.08500956347171e-129,"Ktn1-225",5.08500956347171e-129,"Down"
7.25085586368913e-134,-1.87512221217687,0.046,0.372,5.57257276547964e-129,"Arfgef1-201",5.57257276547964e-129,"Down"
9.12298051384219e-134,-1.0083493470454,0.141,0.576,7.01137544410828e-129,"Ncor2-206",7.01137544410828e-129,"Down"
1.06468675734182e-133,-1.41344212302634,0.089,0.472,8.18254360487485e-129,"Mprip-202",8.18254360487485e-129,"Down"
1.57878990939075e-133,-1.42212829086458,0.046,0.376,1.21336319696317e-128,"Ola1-206",1.21336319696317e-128,"Down"
1.72400410455152e-133,-1.14714412060053,0.221,0.686,1.32496611451203e-128,"Smarcc1-207",1.32496611451203e-128,"Down"
2.07960056589234e-133,-1.85332535619291,0.034,0.346,1.5982562189109e-128,"Mark3-211",1.5982562189109e-128,"Down"
2.52938205718924e-133,-1.09152912538315,0.162,0.607,1.94393128623222e-128,"Ss18-203",1.94393128623222e-128,"Down"
3.13294595613427e-133,-1.24647001406889,0.117,0.526,2.40779428512743e-128,"Rab1a-206",2.40779428512743e-128,"Down"
3.77036791265212e-133,-1.18543590178995,0.178,0.629,2.89767855558966e-128,"Papola-202",2.89767855558966e-128,"Down"
3.94994286219683e-133,-1.08441564528951,0.079,0.456,3.03568908731275e-128,"Nufip2-201",3.03568908731275e-128,"Down"
4.36784373764512e-133,-1.71127248115209,0.039,0.357,3.35686262612978e-128,"Elf2-208",3.35686262612978e-128,"Down"
4.51136089613742e-133,-1.29504199169829,0.296,0.761,3.46716130311745e-128,"Ubc-203",3.46716130311745e-128,"Down"
4.58407463512957e-133,-1.0759447191458,0.117,0.533,3.52304472008248e-128,"Rnf10-203",3.52304472008248e-128,"Down"
4.64123251693526e-133,-2.06569008801107,0.08,0.434,3.56697283856543e-128,"Gdi2-201",3.56697283856543e-128,"Down"
5.28352583839932e-133,-1.6934875819602,0.051,0.385,4.06060094784342e-128,"Ncoa4-206",4.06060094784342e-128,"Down"
5.31836568757401e-133,-1.21430575623545,0.171,0.613,4.08737676552813e-128,"Htatsf1-201",4.08737676552813e-128,"Down"
5.68260608608317e-133,-1.48549289915646,0.069,0.427,4.36731008139836e-128,"Ktn1-209",4.36731008139836e-128,"Down"
8.02137500680142e-133,-1.01276647743391,0.106,0.51,6.16474754772717e-128,"Pex14-201",6.16474754772717e-128,"Down"
9.2804894254971e-133,-1.84441751849883,0.037,0.349,7.13242734307154e-128,"Mga-202",7.13242734307154e-128,"Down"
1.20628993156761e-132,-1.54341109761454,0.042,0.366,9.27082064006969e-128,"Mark3-202",9.27082064006969e-128,"Down"
1.36064524074611e-132,-1.05248882480218,0.232,0.703,1.04571029332301e-127,"Smarcc1-201",1.04571029332301e-127,"Down"
1.50968917874056e-132,-1.23243191524476,0.045,0.371,1.16025652142927e-127,"Rtn3-201",1.16025652142927e-127,"Down"
1.90572005435189e-132,-1.13292478513565,0.137,0.564,1.4646220905716e-127,"Ncor2-202",1.4646220905716e-127,"Down"
2.51382083462924e-132,-1.57783112789308,0.043,0.367,1.93197186424595e-127,"Mark3-201",1.93197186424595e-127,"Down"
3.64973418983925e-132,-1.25203896022666,0.131,0.553,2.80496671425906e-127,"Fbxo21-201",2.80496671425906e-127,"Down"
3.87474489266403e-132,-1.83857114100938,0.055,0.389,2.97789643980801e-127,"Phip-201",2.97789643980801e-127,"Down"
4.41108601652528e-132,-1.21945899933804,0.313,0.785,3.39009604714034e-127,"Calr-201",3.39009604714034e-127,"Down"
4.52210834470157e-132,-1.23415098383976,0.076,0.446,3.47542114723694e-127,"Smarcc2-203",3.47542114723694e-127,"Down"
4.53367967435125e-132,-1.86603368463844,0.058,0.396,3.48431417692591e-127,"Arid1b-207",3.48431417692591e-127,"Down"
5.60900787571623e-132,-1.18770049823001,0.071,0.434,4.31074691280295e-127,"Ipo9-208",4.31074691280295e-127,"Down"
5.8946564828744e-132,-1.45648516755091,0.044,0.367,4.53027929334829e-127,"Mga-204",4.53027929334829e-127,"Down"
6.28902576250447e-132,-1.37821074254187,0.093,0.469,4.83336785951519e-127,"Arid5b-204",4.83336785951519e-127,"Down"
6.58846235244078e-132,-1.3823830524274,0.262,0.722,5.06349685634484e-127,"Mbnl3-202",5.06349685634484e-127,"Down"
6.92814969184901e-132,-1.16875442601642,0.138,0.562,5.32456016417364e-127,"Vcl-201",5.32456016417364e-127,"Down"
7.55277418365104e-132,-1.30830046834518,0.131,0.548,5.80460907110317e-127,"Prpf4b-208",5.80460907110317e-127,"Down"
8.99302053721673e-132,-1.51612065455434,0.057,0.397,6.91149600367255e-127,"Mrtfb-204",6.91149600367255e-127,"Down"
9.1044936174611e-132,-1.35394749148742,0.135,0.546,6.99716752476355e-127,"Uhrf1-204",6.99716752476355e-127,"Down"
9.74970299436641e-132,-1.12727730036588,0.097,0.477,7.49303673929036e-127,"Ccnf-201",7.49303673929036e-127,"Down"
1.0143265328749e-131,-1.11144664743042,0.099,0.494,7.79550513575677e-127,"Slk-202",7.79550513575677e-127,"Down"
1.42352900276841e-131,-1.20054350447547,0.052,0.385,1.09403897978763e-126,"Dock9-202",1.09403897978763e-126,"Down"
1.48770955418783e-131,-1.13426658815092,0.165,0.605,1.14336430077552e-126,"Hat1-201",1.14336430077552e-126,"Down"
1.50887104524468e-131,-1.20008524875812,0.139,0.552,1.15962775311235e-126,"Hnrnpc-201",1.15962775311235e-126,"Down"
1.52391260124844e-131,-1.23763894580473,0.156,0.589,1.17118779056348e-126,"Trrap-202",1.17118779056348e-126,"Down"
1.80091729545449e-131,-1.37014889849859,0.172,0.585,1.38407697824859e-126,"Brd4-201",1.38407697824859e-126,"Down"
2.08928328259709e-131,-1.54489749194652,0.064,0.411,1.60569777400717e-126,"Chd8-201",1.60569777400717e-126,"Down"
2.1295415105566e-131,-1.02504665586325,0.131,0.552,1.63663783252317e-126,"Gab1-202",1.63663783252317e-126,"Down"
2.48466487019792e-131,-1.60070642905614,0.103,0.488,1.90956433934191e-126,"Mbnl2-202",1.90956433934191e-126,"Down"
2.82748747659512e-131,-1.04510131597057,0.14,0.568,2.17303722526241e-126,"Apc-202",2.17303722526241e-126,"Down"
3.79745731356137e-131,-1.17554390304144,0.128,0.537,2.91849784376446e-126,"Gspt1-205",2.91849784376446e-126,"Down"
4.28385954807509e-131,-1.29774083916486,0.159,0.588,3.29231741707763e-126,"Son-204",3.29231741707763e-126,"Down"
5.74704446912147e-131,-1.79070358811757,0.06,0.398,4.41683355629861e-126,"Arid1b-202",4.41683355629861e-126,"Down"
6.51048232820318e-131,-1.92302130127629,0.064,0.407,5.00356608851727e-126,"Ncor1-205",5.00356608851727e-126,"Down"
7.88887409618422e-131,-1.05781070428012,0.182,0.634,6.06291529788142e-126,"Ptp4a1-203",6.06291529788142e-126,"Down"
1.0585489636396e-130,-1.80129676599227,0.055,0.389,8.13537220515577e-126,"Tkt-209",8.13537220515577e-126,"Down"
1.1872541042024e-130,-1.46912017977836,0.098,0.483,9.12452269243712e-126,"Polr2m-202",9.12452269243712e-126,"Down"
1.55597890919916e-130,-1.1324586568221,0.061,0.404,1.19583203087592e-125,"Setd5-203",1.19583203087592e-125,"Down"
1.72157121400003e-130,-1.10858321594076,0.125,0.539,1.32309634080758e-125,"Rbbp6-201",1.32309634080758e-125,"Down"
2.09340951631412e-130,-1.04229783714853,0.126,0.546,1.60886894966805e-125,"Rnf10-202",1.60886894966805e-125,"Down"
2.13807863952837e-130,-1.55279251664578,0.041,0.356,1.64319895762314e-125,"Mga-201",1.64319895762314e-125,"Down"
2.25666819065579e-130,-1.25075919315223,0.153,0.581,1.7343397712466e-125,"Srrm1-208",1.7343397712466e-125,"Down"
2.56429372858168e-130,-1.35347752881201,0.267,0.726,1.97076230216416e-125,"Tardbp-202",1.97076230216416e-125,"Down"
2.6096093586063e-130,-1.11611170802185,0.085,0.462,2.00558917646329e-125,"Ddx10-201",2.00558917646329e-125,"Down"
3.33991333238055e-130,-1.17575262262427,0.084,0.457,2.56685699246775e-125,"Tsr1-201",2.56685699246775e-125,"Down"
4.23970469034755e-130,-1.84601525278428,0.087,0.448,3.25838264271971e-125,"Morc4-201",3.25838264271971e-125,"Down"
4.4996960680237e-130,-1.39623053798394,0.146,0.56,3.45819641611893e-125,"Matr3-202",3.45819641611893e-125,"Down"
5.53704553096256e-130,-1.01842321382,0.082,0.454,4.25544097236597e-125,"Mtor-202",4.25544097236597e-125,"Down"
6.42739076481027e-130,-1.03062278627181,0.414,0.861,4.93970689838728e-125,"Slc38a4-201",4.93970689838728e-125,"Down"
6.5001612420901e-130,-1.1108782447599,0.101,0.491,4.99563392099593e-125,"Nsd2-202",4.99563392099593e-125,"Down"
7.20741073912809e-130,-1.23108286715739,0.078,0.442,5.5391834494495e-125,"Rfwd3-201",5.5391834494495e-125,"Down"
7.55447462029246e-130,-1.22846741422706,0.084,0.457,5.80591592467957e-125,"Zc3h18-205",5.80591592467957e-125,"Down"
7.69958012679385e-130,-1.42924650098038,0.106,0.494,5.91743531064615e-125,"Ctnnd1-215",5.91743531064615e-125,"Down"
9.85552427277607e-130,-1.27632346742374,0.237,0.698,7.57436462459932e-125,"Septin9-202",7.57436462459932e-125,"Down"
1.03017349655698e-129,-1.51993751001061,0.055,0.389,7.917295390439e-125,"Psma1-203",7.917295390439e-125,"Down"
1.24018225868624e-129,-1.46985361891283,0.046,0.37,9.5312967309072e-125,"Rnf111-202",9.5312967309072e-125,"Down"
1.28596464508846e-129,-1.24606916328618,0.103,0.493,9.88315268336282e-125,"Mtmr4-203",9.88315268336282e-125,"Down"
1.39576253640637e-129,-1.71877946790023,0.037,0.346,1.07269933972975e-124,"Elf2-206",1.07269933972975e-124,"Down"
1.62707388986099e-129,-1.02794288074761,0.231,0.697,1.25047136731377e-124,"Sf3b2-201",1.25047136731377e-124,"Down"
2.07775582176385e-129,-1.22404250743045,0.046,0.369,1.59683845925839e-124,"Cnot2-204",1.59683845925839e-124,"Down"
2.30190820448138e-129,-1.97111774540461,0.044,0.356,1.76910853147212e-124,"Ints6-202",1.76910853147212e-124,"Down"
3.01583100633041e-129,-1.26778895009297,0.077,0.437,2.31778676160518e-124,"Zfp568-202",2.31778676160518e-124,"Down"
3.56275421680806e-129,-1.16778409027931,0.088,0.462,2.73811912578566e-124,"Rpn2-206",2.73811912578566e-124,"Down"
6.33392281639659e-129,-1.3806444351021,0.113,0.506,4.86787304131343e-124,"Ctnnd1-216",4.86787304131343e-124,"Down"
6.67080506344773e-129,-1.11651940597675,0.223,0.694,5.12678052346212e-124,"Septin11-201",5.12678052346212e-124,"Down"
7.12146138227021e-129,-1.02299683055986,0.216,0.687,5.47312793072995e-124,"Canx-205",5.47312793072995e-124,"Down"
8.45088286530987e-129,-1.2809457728904,0.061,0.405,6.49484151730524e-124,"Ash1l-201",6.49484151730524e-124,"Down"
9.11995536494224e-129,-1.38571440736249,0.07,0.421,7.00905049617271e-124,"Srgap2-201",7.00905049617271e-124,"Down"
9.36412755753978e-129,-1.37172003437938,0.113,0.507,7.19670659307162e-124,"Ctnnd1-214",7.19670659307162e-124,"Down"
9.59225429048772e-129,-1.11214017462491,0.101,0.49,7.37203111241143e-124,"Sin3a-204",7.37203111241143e-124,"Down"
1.04391891727434e-128,-1.71721874912089,0.044,0.361,8.02293444682021e-124,"Wasf2-202",8.02293444682021e-124,"Down"
1.14859495275302e-128,-1.22886177137147,0.185,0.605,8.82741164988804e-124,"Qrich1-201",8.82741164988804e-124,"Down"
1.89222665595688e-128,-1.18365880134898,0.054,0.382,1.4542518741691e-123,"Zfp638-220",1.4542518741691e-123,"Down"
2.00592219819009e-128,-1.16213285825083,0.071,0.421,1.54163144619701e-123,"Dlgap4-203",1.54163144619701e-123,"Down"
2.04570350428893e-128,-1.09701888179665,0.158,0.586,1.57220497118621e-123,"Crebbp-205",1.57220497118621e-123,"Down"
2.31034059830559e-128,-1.97114664303386,0.047,0.366,1.77558916342178e-123,"Pxn-203",1.77558916342178e-123,"Down"
3.21340598170961e-128,-1.19133519727725,0.107,0.5,2.4696310331831e-123,"Srsf4-201",2.4696310331831e-123,"Down"
3.3173882757397e-128,-1.12194571679616,0.077,0.441,2.54954558543699e-123,"Klf4-201",2.54954558543699e-123,"Down"
3.85078890859053e-128,-1.19293235960589,0.079,0.441,2.95948530780817e-123,"E2f8-201",2.95948530780817e-123,"Down"
4.51238861837444e-128,-1.37468657145129,0.113,0.504,3.46795114876549e-123,"Ctnnd1-212",3.46795114876549e-123,"Down"
4.97142410296531e-128,-1.21064035299644,0.079,0.444,3.82073828009296e-123,"Dnajc13-203",3.82073828009296e-123,"Down"
4.97594527309279e-128,-1.47557411596407,0.067,0.414,3.82421298018273e-123,"Ktn1-219",3.82421298018273e-123,"Down"
5.01287311485626e-128,-2.249686701759,0.037,0.338,3.85259350369163e-123,"Ripor1-201",3.85259350369163e-123,"Down"
5.65148062838041e-128,-1.24821338165821,0.097,0.478,4.34338892213548e-123,"Afdn-216",4.34338892213548e-123,"Down"
6.4235882640958e-128,-1.99670456445243,0.05,0.372,4.93678452448819e-123,"Arhgap18-201",4.93678452448819e-123,"Down"
6.65380378233788e-128,-1.40776075552926,0.141,0.554,5.11371435887795e-123,"Trrap-215",5.11371435887795e-123,"Down"
6.70062145370771e-128,-1.67770463708454,0.145,0.544,5.14969561203252e-123,"Git2-202",5.14969561203252e-123,"Down"
7.0718912420759e-128,-1.38320877306711,0.108,0.493,5.43503129518501e-123,"Ctnnd1-201",5.43503129518501e-123,"Down"
8.64252819256812e-128,-1.40781741887869,0.048,0.372,6.6421286171163e-123,"Rnf111-207",6.6421286171163e-123,"Down"
1.19100112671821e-127,-1.73300290074428,0.035,0.336,9.15332005928016e-123,"Ccnl1-205",9.15332005928016e-123,"Down"
1.39375156909553e-127,-1.0268685097633,0.138,0.558,1.07115383091268e-122,"Apc-203",1.07115383091268e-122,"Down"
1.43685455475471e-127,-1.05739340840444,0.12,0.529,1.10428019951119e-122,"Rnf10-201",1.10428019951119e-122,"Down"
1.48110889402245e-127,-1.28342442029244,0.161,0.587,1.13829142941202e-122,"Gigyf2-205",1.13829142941202e-122,"Down"
1.71020703670175e-127,-1.44899882125544,0.067,0.413,1.31436251598677e-122,"Ktn1-207",1.31436251598677e-122,"Down"
1.85059112174183e-127,-1.2834590159559,0.104,0.49,1.42225330070346e-122,"Pcgf3-201",1.42225330070346e-122,"Down"
2.03733302027042e-127,-1.44528492307039,0.054,0.384,1.56577191939862e-122,"Nfyc-202",1.56577191939862e-122,"Down"
2.0727003494766e-127,-1.12535063316248,0.136,0.555,1.59295312658675e-122,"Pum2-216",1.59295312658675e-122,"Down"
2.16929737925086e-127,-1.53894614105271,0.08,0.435,1.66719180784946e-122,"Mbnl2-203",1.66719180784946e-122,"Down"
2.39863598774193e-127,-1.2281435598971,0.207,0.641,1.84344770201918e-122,"Dnaja1-210",1.84344770201918e-122,"Down"
2.4795780470372e-127,-1.83114481567346,0.085,0.441,1.90565491226997e-122,"Septin5-205",1.90565491226997e-122,"Down"
2.62018755074043e-127,-1.19250186362027,0.163,0.584,2.01371894024605e-122,"Ptbp1-215",2.01371894024605e-122,"Down"
2.63823136847108e-127,-1.46331163326034,0.074,0.427,2.02758633592476e-122,"Myo1b-201",2.02758633592476e-122,"Down"
2.90013888722237e-127,-1.1849929733114,0.041,0.352,2.22887274038588e-122,"Rev3l-201",2.22887274038588e-122,"Down"
3.02804409497465e-127,-1.43084711312056,0.059,0.394,2.32717300875182e-122,"Garre1-202",2.32717300875182e-122,"Down"
4.52822656224913e-127,-1.10013887986596,0.111,0.501,3.48012324215095e-122,"Sbno1-201",3.48012324215095e-122,"Down"
4.78309834610441e-127,-1.10602662714496,0.066,0.414,3.67600240291508e-122,"Sacm1l-205",3.67600240291508e-122,"Down"
5.61005892774489e-127,-1.34583194767149,0.157,0.563,4.31155468832906e-122,"Acin1-201",4.31155468832906e-122,"Down"
7.05629093536794e-127,-1.18943465626071,0.18,0.613,5.42304183546768e-122,"Birc6-220",5.42304183546768e-122,"Down"
7.52725545547746e-127,-1.29659874561758,0.12,0.515,5.78499690775265e-122,"Polr1a-201",5.78499690775265e-122,"Down"
7.98318567385639e-127,-1.25097777361878,0.081,0.443,6.13539751778559e-122,"Myo1b-202",6.13539751778559e-122,"Down"
8.36880370037609e-127,-1.6269468438004,0.043,0.355,6.43176039588704e-122,"Stag1-203",6.43176039588704e-122,"Down"
9.1343556800122e-127,-1.40536138917095,0.104,0.484,7.02011771431657e-122,"Ctnnd1-210",7.02011771431657e-122,"Down"
9.31658918230151e-127,-1.175041241392,0.074,0.43,7.16017145016601e-122,"Pramel13-201",7.16017145016601e-122,"Down"
9.6591811673156e-127,-1.11854192236344,0.124,0.521,7.42346709432873e-122,"Bclaf1-203",7.42346709432873e-122,"Down"
9.85100851877691e-127,-1.28961279344184,0.084,0.449,7.57089408702081e-122,"Sin3a-201",7.57089408702081e-122,"Down"
1.3134662187367e-126,-1.66945397926444,0.063,0.398,1.0094513277479e-121,"Chd7-202",1.0094513277479e-121,"Down"
3.11442227465546e-126,-1.36916136292596,0.074,0.426,2.39355809496371e-121,"Wapl-205",2.39355809496371e-121,"Down"
3.6582859768979e-126,-1.12641920166056,0.087,0.454,2.81153910468511e-121,"Srp72-201",2.81153910468511e-121,"Down"
3.6905374593692e-126,-1.13813368780988,0.089,0.461,2.83632565902361e-121,"Kpna4-201",2.83632565902361e-121,"Down"
4.05951998040079e-126,-1.04262823049063,0.157,0.592,3.11990348573722e-121,"Bptf-201",3.11990348573722e-121,"Down"
4.44854846603338e-126,-1.47711897087245,0.068,0.408,3.41888743808529e-121,"Zfp655-205",3.41888743808529e-121,"Down"
4.6992074684336e-126,-1.20113922911422,0.06,0.393,3.61152890778996e-121,"E2f8-202",3.61152890778996e-121,"Down"
5.74975967465116e-126,-1.44268119615281,0.048,0.365,4.4189203003564e-121,"Coro1b-211",4.4189203003564e-121,"Down"
5.92224138294115e-126,-1.0220724944746,0.131,0.546,4.55147939244559e-121,"Klf13-201",4.55147939244559e-121,"Down"
6.41741121357258e-126,-1.28475944298542,0.046,0.364,4.93203721407907e-121,"Fam91a1-201",4.93203721407907e-121,"Down"
6.59859354934765e-126,-1.25208356129154,0.071,0.42,5.07128308641564e-121,"Rnf4-204",5.07128308641564e-121,"Down"
7.8032359212656e-126,-1.28884695248771,0.084,0.446,5.99709893492947e-121,"Daam1-201",5.99709893492947e-121,"Down"
8.37358977785421e-126,-1.35244201442982,0.11,0.495,6.43543868787208e-121,"Ctnnd1-213",6.43543868787208e-121,"Down"
9.65284190822393e-126,-1.09550581391795,0.094,0.469,7.41859512014642e-121,"Gon4l-202",7.41859512014642e-121,"Down"
1.30114559011063e-125,-1.68564598603937,0.046,0.359,9.99982431823623e-121,"Luzp1-202",9.99982431823623e-121,"Down"
1.53708409151272e-125,-1.38474857805492,0.094,0.462,1.18131060769119e-120,"Bzw1-202",1.18131060769119e-120,"Down"
1.55758918095596e-125,-1.02582023694611,0.094,0.473,1.19706958913189e-120,"ENSMUST00000249914.1",1.19706958913189e-120,"Down"
1.95945255801596e-125,-1.23640235823572,0.072,0.423,1.50591766893758e-120,"Mtrex-201",1.50591766893758e-120,"Down"
2.18160581709031e-125,-1.20417148898366,0.065,0.406,1.67665133466659e-120,"Ptk2-201",1.67665133466659e-120,"Down"
2.27700947925256e-125,-1.23510854258001,0.061,0.398,1.74997286518477e-120,"Igbp1-201",1.74997286518477e-120,"Down"
2.71401298337079e-125,-1.40194804899078,0.066,0.405,2.08582753823979e-120,"Ktn1-226",2.08582753823979e-120,"Down"
2.76928131271361e-125,-1.97668979057308,0.038,0.338,2.12830346007292e-120,"Rreb1-207",2.12830346007292e-120,"Down"
2.77748964118664e-125,-1.22555018480542,0.066,0.408,2.13461188883758e-120,"Sumo1-201",2.13461188883758e-120,"Down"
3.51242417532202e-125,-1.54826456336274,0.037,0.338,2.69943847570198e-120,"Usp14-202",2.69943847570198e-120,"Down"
4.0445222224247e-125,-1.18546458424591,0.182,0.612,3.10837710882228e-120,"Ptbp1-206",3.10837710882228e-120,"Down"
5.00719174593182e-125,-1.27658846019663,0.062,0.398,3.84822714441844e-120,"Zfp91-201",3.84822714441844e-120,"Down"
5.1832368408077e-125,-1.33980777784918,0.049,0.368,3.98352484163435e-120,"Mef2d-201",3.98352484163435e-120,"Down"
5.2915156410865e-125,-1.00837386341315,0.092,0.467,4.06674143080062e-120,"Spty2d1-201",4.06674143080062e-120,"Down"
5.65900298604149e-125,-1.3311607715214,0.071,0.413,4.34917015489232e-120,"Thoc2-201",4.34917015489232e-120,"Down"
7.36092167262765e-125,-1.27809624385158,0.07,0.413,5.65716274228125e-120,"Daam1-205",5.65716274228125e-120,"Down"
7.450909919129e-125,-1.74962419269401,0.193,0.595,5.7263223092474e-120,"Hand1-201",5.7263223092474e-120,"Down"
9.51762478915832e-125,-1.1917074611274,0.067,0.408,7.31467535545974e-120,"Arhgap21-213",7.31467535545974e-120,"Down"
1.01046723639905e-124,-1.39091669943385,0.04,0.345,7.76584489862129e-120,"Mllt10-203",7.76584489862129e-120,"Down"
1.30316473130024e-124,-1.01925183772669,0.128,0.534,1.00153422259348e-119,"Tnrc18-202",1.00153422259348e-119,"Down"
1.3647856680249e-124,-1.47243219409026,0.065,0.403,1.04889237730386e-119,"Ktn1-221",1.04889237730386e-119,"Down"
1.64581575606244e-124,-1.44946148159987,0.064,0.399,1.26487524116423e-119,"Mrtfb-201",1.26487524116423e-119,"Down"
1.66180763710837e-124,-1.26198295065732,0.067,0.406,1.27716564142326e-119,"Tnks2-201",1.27716564142326e-119,"Down"
1.79553017780055e-124,-1.54490560138782,0.061,0.389,1.37993676284684e-119,"Adgrg1-202",1.37993676284684e-119,"Down"
1.82952501572896e-124,-1.44935578587917,0.044,0.355,1.40606315558833e-119,"Usp8-202",1.40606315558833e-119,"Down"
1.83654773831584e-124,-1.08383799794813,0.101,0.477,1.41146039880525e-119,"Wbp11-201",1.41146039880525e-119,"Down"
1.89722015857697e-124,-1.38690876880059,0.066,0.404,1.45808958067274e-119,"Ktn1-224",1.45808958067274e-119,"Down"
2.01866237492206e-124,-1.28180736742692,0.057,0.386,1.5514227816226e-119,"Zc3h4-202",1.5514227816226e-119,"Down"
2.38196084493414e-124,-1.94338428156903,0.038,0.336,1.83063218776569e-119,"Rreb1-201",1.83063218776569e-119,"Down"
2.38572257573036e-124,-1.47860203158195,0.076,0.422,1.83352322835181e-119,"Ncoa2-203",1.83352322835181e-119,"Down"
2.50221368946389e-124,-1.04304812042068,0.093,0.467,1.92305130890058e-119,"Ash2l-202",1.92305130890058e-119,"Down"
2.95334904795692e-124,-1.64017465438087,0.056,0.38,2.26976687731681e-119,"Wapl-202",2.26976687731681e-119,"Down"
3.18803808503937e-124,-1.09187758203546,0.306,0.771,2.45013478987616e-119,"Flnb-201",2.45013478987616e-119,"Down"
3.36670501611687e-124,-1.40684004510838,0.049,0.366,2.58744747308646e-119,"Nup155-201",2.58744747308646e-119,"Down"
3.37691403060477e-124,-1.27579573400373,0.08,0.435,2.59529350908099e-119,"Gatad2a-202",2.59529350908099e-119,"Down"
3.83975703913968e-124,-1.40010518875791,0.045,0.356,2.95100687486041e-119,"Tecr-216",2.95100687486041e-119,"Down"
5.06812916651586e-124,-1.12067935065515,0.118,0.512,3.8950599896341e-119,"Dnm2-206",3.8950599896341e-119,"Down"
5.87625055700467e-124,-1.49449343172447,0.043,0.348,4.51613360308037e-119,"Fxr1-207",4.51613360308037e-119,"Down"
7.26383689320838e-124,-1.23896417528158,0.058,0.388,5.58254920590637e-119,"Sdad1-203",5.58254920590637e-119,"Down"
8.71834346566202e-124,-1.11965104821862,0.221,0.677,6.70039568709989e-119,"Birc6-202",6.70039568709989e-119,"Down"
9.47485971977733e-124,-1.31923200088912,0.072,0.418,7.28180868903767e-119,"Fnbp1-208",7.28180868903767e-119,"Down"
1.29454716523787e-123,-1.45743508875187,0.065,0.402,9.94911278371911e-119,"Ktn1-202",9.94911278371911e-119,"Down"
1.581445944524e-123,-1.18523693094593,0.115,0.506,1.21540446620448e-118,"Nfat5-206",1.21540446620448e-118,"Down"
2.2086840558313e-123,-1.16276157027762,0.072,0.418,1.69746204426859e-118,"Rbmx-201",1.69746204426859e-118,"Down"
2.630460891407e-123,-1.32809367743011,0.074,0.421,2.02161441348193e-118,"Tnpo3-202",2.02161441348193e-118,"Down"
2.9278985041516e-123,-1.09890211606266,0.064,0.398,2.25020711638067e-118,"Ktn1-217",2.25020711638067e-118,"Down"
3.0892149958478e-123,-1.11475049431814,0.133,0.538,2.37418529290887e-118,"Vcl-202",2.37418529290887e-118,"Down"
3.51871365502369e-123,-1.34205447375564,0.049,0.365,2.70427219243191e-118,"Mef2d-204",2.70427219243191e-118,"Down"
4.15963687745755e-123,-1.22715703649992,0.093,0.461,3.19684732580122e-118,"Grb2-203",3.19684732580122e-118,"Down"
4.41657066239266e-123,-1.10578329332449,0.076,0.427,3.39431121687526e-118,"Csnk1d-202",3.39431121687526e-118,"Down"
6.07501082708656e-123,-1.39690633980529,0.044,0.352,4.6688888210491e-118,"Stau1-201",4.6688888210491e-118,"Down"
6.45466575701318e-123,-1.48871413024165,0.061,0.386,4.96066882089491e-118,"Adgrg1-201",4.96066882089491e-118,"Down"
8.10832349484442e-123,-1.22591563589584,0.048,0.362,6.23157093872773e-118,"Btf3l4b-201",6.23157093872773e-118,"Down"
8.16576012498728e-123,-1.42976139697744,0.069,0.408,6.27571328645773e-118,"Erc1-201",6.27571328645773e-118,"Down"
9.86294517261299e-123,-1.2670376643598,0.072,0.415,7.58006788295999e-118,"Dyrk1a-201",7.58006788295999e-118,"Down"
1.0416966776616e-122,-1.48062246374771,0.047,0.356,8.00585564650043e-118,"Atrx-202",8.00585564650043e-118,"Down"
1.28488799266973e-122,-1.57909415330845,0.058,0.384,9.87487817886394e-118,"Ptk2-208",9.87487817886394e-118,"Down"
1.36835506360625e-122,-1.23287423509096,0.044,0.35,1.05163560058395e-117,"Dmxl1-202",1.05163560058395e-117,"Down"
1.53196985065582e-122,-1.04407681687715,0.081,0.438,1.17738010902302e-117,"Anxa7-207",1.17738010902302e-117,"Down"
1.79188658254123e-122,-1.06406123266047,0.098,0.473,1.37713651414623e-117,"Smg7-201",1.37713651414623e-117,"Down"
1.85321936347232e-122,-1.08708483060847,0.047,0.359,1.42427320960302e-117,"Erlin1-206",1.42427320960302e-117,"Down"
1.88518795549049e-122,-1.01089373930748,0.372,0.85,1.44884235131266e-117,"Morf4l2-204",1.44884235131266e-117,"Down"
2.24730644955585e-122,-2.05404294949713,0.121,0.484,1.72714489874166e-117,"Hand1-203",1.72714489874166e-117,"Down"
2.26377334360475e-122,-1.36553763175946,0.071,0.41,1.73980036549399e-117,"Tanc2-202",1.73980036549399e-117,"Down"
2.30789214773733e-122,-1.1444554154337,0.186,0.622,1.77370743122205e-117,"Gata2-202",1.77370743122205e-117,"Down"
3.04571536938376e-122,-1.18788652358729,0.076,0.423,2.34075408998619e-117,"Brca1-201",2.34075408998619e-117,"Down"
3.39268655418019e-122,-1.28372143298249,0.046,0.355,2.60741532434965e-117,"Uba6-201",2.60741532434965e-117,"Down"
4.40207004671766e-122,-1.37104443332288,0.145,0.544,3.38316691370439e-117,"Matr3-217",3.38316691370439e-117,"Down"
4.86916515430163e-122,-1.59913160765795,0.043,0.343,3.74214818768698e-117,"Senp1-205",3.74214818768698e-117,"Down"
5.6904163692185e-122,-1.36896536553243,0.05,0.365,4.37331259639918e-117,"Paip2-205",4.37331259639918e-117,"Down"
6.90057131665765e-122,-2.26258400788432,0.044,0.344,5.30336507970407e-117,"Entpd1-201",5.30336507970407e-117,"Down"
7.08611993361251e-122,-1.06434617121034,0.174,0.597,5.44596661377856e-117,"Alpl-201",5.44596661377856e-117,"Down"
7.62025581534281e-122,-1.48320443659042,0.085,0.437,5.85647140432356e-117,"Macf1-203",5.85647140432356e-117,"Down"
8.05089742197567e-122,-1.40841199419252,0.065,0.398,6.18743670468518e-117,"Ktn1-214",6.18743670468518e-117,"Down"
9.78363925274176e-122,-1.41219417765763,0.077,0.424,7.51911811130216e-117,"Myo1b-203",7.51911811130216e-117,"Down"
1.13452786492705e-121,-1.38226262250633,0.438,0.792,8.71930045311036e-117,"Prrc2c-210",8.71930045311036e-117,"Down"
1.4426971226317e-121,-1.49413801922358,0.067,0.399,1.10877044662737e-116,"Cdk12-202",1.10877044662737e-116,"Down"
1.45259701078834e-121,-1.54987833598109,0.042,0.343,1.11637890667127e-116,"Stxbp2-207",1.11637890667127e-116,"Down"
1.5890277383867e-121,-1.14240698878257,0.094,0.461,1.22123137805972e-116,"Afdn-212",1.22123137805972e-116,"Down"
1.62595263336487e-121,-1.11835181892424,0.217,0.666,1.24960963684624e-116,"Birc6-218",1.24960963684624e-116,"Down"
1.97139237952258e-121,-1.09058605171923,0.146,0.559,1.51509389935829e-116,"Ss18-201",1.51509389935829e-116,"Down"
2.12793014117586e-121,-1.1591730860959,0.095,0.463,1.63539943069929e-116,"Eif5a-213",1.63539943069929e-116,"Down"
2.59400622782797e-121,-1.44629495762054,0.057,0.379,1.9935975463349e-116,"Hsf1-214",1.9935975463349e-116,"Down"
2.98445040716532e-121,-1.24137837993867,0.162,0.571,2.29366951592284e-116,"Cnot1-216",2.29366951592284e-116,"Down"
3.96880754528502e-121,-1.30215996042695,0.094,0.461,3.05018735085335e-116,"Eif5a-208",3.05018735085335e-116,"Down"
4.02085372016828e-121,-1.3084634429251,0.061,0.387,3.09018691809813e-116,"Ptk2-216",3.09018691809813e-116,"Down"
4.624444326192e-121,-1.53032043485262,0.044,0.344,3.5540704424516e-116,"Glo1-201",3.5540704424516e-116,"Down"
4.79393957775841e-121,-1.49089796357286,0.067,0.401,3.68433432309045e-116,"Erc1-210",3.68433432309045e-116,"Down"
4.86230395292222e-121,-1.37563440381908,0.063,0.392,3.73687507997884e-116,"Ktn1-223",3.73687507997884e-116,"Down"
5.73449172915101e-121,-1.13465771599251,0.076,0.424,4.40718627352172e-116,"Virma-201",4.40718627352172e-116,"Down"
7.24780912343342e-121,-1.45977099488975,0.063,0.392,5.57023122372352e-116,"Ktn1-203",5.57023122372352e-116,"Down"
9.8899578290936e-121,-1.32035546489113,0.064,0.392,7.6008281899716e-116,"Ktn1-208",7.6008281899716e-116,"Down"
1.16943361530401e-120,-1.33228846115249,0.05,0.362,8.98756510705746e-116,"Paip2-204",8.98756510705746e-116,"Down"
1.40833578255856e-120,-1.27345468074398,0.095,0.461,1.08236238232755e-115,"Eif5a-207",1.08236238232755e-115,"Down"
1.65067615652206e-120,-1.16351878110626,0.086,0.444,1.26861065333346e-115,"Plin3-201",1.26861065333346e-115,"Down"
2.54450467410944e-120,-1.00156927216794,0.141,0.551,1.95555362224007e-115,"Fbxo21-206",1.95555362224007e-115,"Down"
3.44058454906893e-120,-1.47461950631133,0.063,0.389,2.64422684934143e-115,"Ktn1-216",2.64422684934143e-115,"Down"
7.72248570497419e-120,-1.2973365479958,0.139,0.517,5.93503916370086e-115,"Ubap2l-220",5.93503916370086e-115,"Down"
8.11988077747667e-120,-1.52146666947705,0.051,0.362,6.24045317272192e-115,"Pgk1-rs7-201",6.24045317272192e-115,"Down"
1.27303971394054e-119,-1.28793382426095,0.047,0.354,9.78381941751861e-115,"Rabgap1-203",9.78381941751861e-115,"Down"
1.4559195272192e-119,-1.05513288166188,0.092,0.454,1.11893239344905e-114,"Nsd2-208",1.11893239344905e-114,"Down"
1.49232615420001e-119,-1.57077740283564,0.131,0.5,1.14691234254888e-114,"Ubap2l-204",1.14691234254888e-114,"Down"
1.56734527002836e-119,-1.44038568144938,0.063,0.389,1.2045675338276e-114,"Ktn1-215",1.2045675338276e-114,"Down"
1.59361191732288e-119,-1.17699142263104,0.157,0.559,1.22475450293932e-114,"Cnot1-203",1.22475450293932e-114,"Down"
2.42943352632165e-119,-1.14445683260598,0.082,0.431,1.86711684231924e-114,"Rpn2-205",1.86711684231924e-114,"Down"
2.50463355763034e-119,-1.30527658951431,0.103,0.47,1.92491107438122e-114,"Ctnnd1-211",1.92491107438122e-114,"Down"
2.55963554556799e-119,-1.20177275877328,0.05,0.36,1.96718230219082e-114,"Mllt10-201",1.96718230219082e-114,"Down"
3.00439025663965e-119,-1.01179603203488,0.152,0.552,2.30899408783784e-114,"Papola-214",2.30899408783784e-114,"Down"
3.26087426987954e-119,-1.74920916149011,0.056,0.369,2.50611231137322e-114,"Arid1b-201",2.50611231137322e-114,"Down"
3.73692618271794e-119,-1.43331804029094,0.056,0.373,2.87197724846605e-114,"Arhgap5-204",2.87197724846605e-114,"Down"
3.8153251430963e-119,-1.65450012970214,0.053,0.365,2.93222998547523e-114,"Itsn2-211",2.93222998547523e-114,"Down"
4.86466017537776e-119,-1.70414540553519,0.042,0.339,3.73868593118482e-114,"Nadk-201",3.73868593118482e-114,"Down"
5.04034778405237e-119,-1.1821736985656,0.152,0.555,3.87370888595561e-114,"Gigyf2-217",3.87370888595561e-114,"Down"
5.1614930009871e-119,-1.30469721715225,0.064,0.389,3.96681383097863e-114,"Ktn1-205",3.96681383097863e-114,"Down"
6.07951378963793e-119,-1.40046843170138,0.04,0.335,4.67234952788833e-114,"Mga-203",4.67234952788833e-114,"Down"
6.23634074754458e-119,-1.06972544567548,0.066,0.399,4.79287731811791e-114,"Smarcc2-202",4.79287731811791e-114,"Down"
7.202953578502e-119,-1.05717264245372,0.092,0.451,5.53575794322193e-114,"Nsd2-207",5.53575794322193e-114,"Down"
9.08650239891348e-119,-1.84754885311689,0.06,0.375,6.98334055366096e-114,"Smtn-210",6.98334055366096e-114,"Down"
9.93450542689469e-119,-1.14216386755741,0.104,0.477,7.63506480078564e-114,"Ppp1r12a-201",7.63506480078564e-114,"Down"
1.08173741160758e-118,-1.56390083788828,0.057,0.372,8.31358470316888e-114,"Bltp1-201",8.31358470316888e-114,"Down"
1.21304398445375e-118,-1.38652251393146,0.1,0.458,9.32272823812082e-114,"Zxdc-202",9.32272823812082e-114,"Down"
1.34181095188987e-118,-1.37369622566982,0.086,0.434,1.03123538896544e-113,"Ncoa2-202",1.03123538896544e-113,"Down"
1.34967555005821e-118,-1.57865229438987,0.04,0.333,1.03727964724173e-113,"Setd1b-206",1.03727964724173e-113,"Down"
1.45886754555086e-118,-1.39321371509246,0.062,0.384,1.12119806345766e-113,"Zfp638-201",1.12119806345766e-113,"Down"
1.78735318332499e-118,-1.04406599712819,0.103,0.474,1.37365241551259e-113,"Nav1-208",1.37365241551259e-113,"Down"
1.84072239036116e-118,-1.45410630641047,0.063,0.386,1.41466878588817e-113,"Ktn1-213",1.41466878588817e-113,"Down"
1.89121112446616e-118,-1.138407598306,0.056,0.372,1.45347139759723e-113,"Pbrm1-204",1.45347139759723e-113,"Down"
2.33698302643882e-118,-1.28321091137297,0.185,0.601,1.79606493513929e-113,"Ptbp1-216",1.79606493513929e-113,"Down"
2.40771352962417e-118,-1.22238186644472,0.088,0.436,1.85042415605736e-113,"Macf1-212",1.85042415605736e-113,"Down"
2.62812167524738e-118,-1.02928118437594,0.06,0.384,2.01981663229462e-113,"Tatdn2-205",2.01981663229462e-113,"Down"
3.68438173636377e-118,-1.12822070370245,0.056,0.373,2.83159473966502e-113,"Ciz1-204",2.83159473966502e-113,"Down"
3.88248999435829e-118,-1.26201508603382,0.062,0.384,2.98384886026412e-113,"Adgrl2-220",2.98384886026412e-113,"Down"
3.93611865641923e-118,-1.64649751607432,0.047,0.347,3.02506463220444e-113,"Nsf-202",3.02506463220444e-113,"Down"
4.59284531333998e-118,-1.12039452721285,0.057,0.374,3.52978533711431e-113,"Kmt2a-201",3.52978533711431e-113,"Down"
4.86492451666511e-118,-1.18283186744872,0.095,0.456,3.7388890880378e-113,"Eif5a-203",3.7388890880378e-113,"Down"
4.90897968039626e-118,-1.01112964222621,0.102,0.47,3.77274724357174e-113,"Eif5a-202",3.77274724357174e-113,"Down"
6.94885399735682e-118,-1.26602629578221,0.069,0.399,5.34047225112861e-113,"Srgap2-204",5.34047225112861e-113,"Down"
7.06586122482854e-118,-1.12940148639693,0.071,0.407,5.43039698572972e-113,"Zzz3-203",5.43039698572972e-113,"Down"
1.32826781380853e-117,-1.14938676905358,0.055,0.37,1.02082694562441e-112,"Ciz1-201",1.02082694562441e-112,"Down"
1.4511746755577e-117,-1.0392784227307,0.081,0.427,1.11528578515311e-112,"Ncaph2-201",1.11528578515311e-112,"Down"
1.72959272273436e-117,-1.0199145206031,0.118,0.501,1.32926119113026e-112,"Gab2-201",1.32926119113026e-112,"Down"
2.3214978754744e-117,-1.31731184343933,0.045,0.343,1.78416397721709e-112,"Numb-204",1.78416397721709e-112,"Down"
2.41110222257508e-117,-1.03101115265076,0.096,0.457,1.85302850213785e-112,"Eif5a-209",1.85302850213785e-112,"Down"
3.09991953124793e-117,-1.50463729584562,0.064,0.383,2.38241215654528e-112,"Exoc4-201",2.38241215654528e-112,"Down"
3.13674904161166e-117,-1.12423044618473,0.096,0.457,2.41071710844023e-112,"Mtmr4-201",2.41071710844023e-112,"Down"
3.53107160810708e-117,-1.39157533777003,0.055,0.366,2.71376977369462e-112,"Pard3-201",2.71376977369462e-112,"Down"
3.55424044125892e-117,-1.87921540777182,0.055,0.364,2.73157594872513e-112,"Plekhh1-204",2.73157594872513e-112,"Down"
4.88167873437883e-117,-1.50294449894452,0.051,0.355,3.75176537451951e-112,"Setd5-202",3.75176537451951e-112,"Down"
5.25206903235937e-117,-1.4604102777461,0.058,0.372,4.03642513412947e-112,"Adgrl2-205",4.03642513412947e-112,"Down"
5.95064811422531e-117,-1.52114675293618,0.158,0.542,4.57331110170672e-112,"Cdh5-201",4.57331110170672e-112,"Down"
6.14225928969511e-117,-1.50496962949958,0.098,0.45,4.72057195450228e-112,"Zxdc-203",4.72057195450228e-112,"Down"
7.24061603958336e-117,-1.14908786973919,0.077,0.416,5.56470305106139e-112,"Sumo2-203",5.56470305106139e-112,"Down"
8.19390650495856e-117,-1.40084011868345,0.046,0.346,6.29734490532085e-112,"Stag2-203",6.29734490532085e-112,"Down"
9.32238197032574e-117,-1.38190912678322,0.056,0.368,7.16462343947414e-112,"Pard3-224",7.16462343947414e-112,"Down"
1.33178221398378e-116,-1.0941701523305,0.071,0.405,1.02352790273509e-111,"Akap9-201",1.02352790273509e-111,"Down"
1.41113571443132e-116,-1.52979362237331,0.044,0.341,1.08451424196904e-111,"Stag2-202",1.08451424196904e-111,"Down"
1.55014195556098e-116,-1.00872888463328,0.217,0.658,1.19134609852684e-111,"Birc6-213",1.19134609852684e-111,"Down"
2.16359095301727e-116,-1.56227406069355,0.064,0.382,1.66280619103189e-111,"Cdk12-201",1.66280619103189e-111,"Down"
2.6520033418652e-116,-1.20402241008095,0.06,0.377,2.03817064835708e-111,"Mtf1-201",2.03817064835708e-111,"Down"
3.24437183738642e-116,-1.51217277445337,0.051,0.356,2.49342953190496e-111,"Nup93-203",2.49342953190496e-111,"Down"
3.3653717186534e-116,-1.13047634588437,0.054,0.363,2.58642278065388e-111,"Rabgap1-201",2.58642278065388e-111,"Down"
7.3345246058984e-116,-1.09606769115961,0.051,0.357,5.63687554061715e-111,"Cd2bp2-206",5.63687554061715e-111,"Down"
1.12630553418187e-115,-1.19807908247624,0.055,0.366,8.65610855240132e-111,"Kmt2a-202",8.65610855240132e-111,"Down"
1.16308893498947e-115,-1.07691140733953,0.108,0.477,8.93880370096809e-111,"Rbbp6-202",8.93880370096809e-111,"Down"
1.75458749033854e-115,3.22861794556254,0.485,0.134,1.34847066982478e-110,"Ankrd17-213",1.34847066982478e-110,"Up"
1.81388641772061e-115,-1.20090255327917,0.054,0.362,1.394044267475e-110,"Ciz1-205",1.394044267475e-110,"Down"
2.92921236109595e-115,-1.60290949886919,0.061,0.374,2.25121686799668e-110,"Zfp207-202",2.25121686799668e-110,"Down"
2.9602452164028e-115,-1.21800890967207,0.057,0.368,2.27506685861421e-110,"Mtmr2-208",2.27506685861421e-110,"Down"
2.98490859295093e-115,-1.25625836647168,0.052,0.357,2.29402165002651e-110,"Pparg-202",2.29402165002651e-110,"Down"
3.6698525587954e-115,-1.17232773535498,0.075,0.409,2.82042848553661e-110,"Sumo2-205",2.82042848553661e-110,"Down"
4.32922188532365e-115,-1.01913251376794,0.097,0.456,3.32718018774664e-110,"Zfp609-201",3.32718018774664e-110,"Down"
4.89435422385939e-115,-1.04550069706478,0.087,0.432,3.7615069952049e-110,"Nsd2-201",3.7615069952049e-110,"Down"
5.01813142199246e-115,-1.45218851719654,0.046,0.343,3.85663472305809e-110,"Ppid-204",3.85663472305809e-110,"Down"
5.04957165337349e-115,-1.01325327207806,0.065,0.391,3.88079779848366e-110,"Copb1-201",3.88079779848366e-110,"Down"
7.86686615367003e-115,-1.10781211541394,0.048,0.348,6.04600131374157e-110,"Cul3-201",6.04600131374157e-110,"Down"
1.08005521347757e-114,-1.75932142052853,0.065,0.376,8.3006563376605e-110,"Pcbp2-212",8.3006563376605e-110,"Down"
1.21740632212994e-114,-1.25534421343685,0.052,0.357,9.35625454809745e-110,"Idh3a-204",9.35625454809745e-110,"Down"
1.2627229109334e-114,-1.34655908396532,0.059,0.371,9.70453065968758e-110,"Rapgef1-203",9.70453065968758e-110,"Down"
1.3471911207949e-114,-1.14971794601831,0.059,0.369,1.03537026397571e-109,"Dlgap4-212",1.03537026397571e-109,"Down"
1.55861821650487e-114,-2.10840891283884,0.141,0.503,1.19786044411266e-109,"Dst-211",1.19786044411266e-109,"Down"
1.6763739230787e-114,-1.15953114449336,0.061,0.377,1.28836041484291e-109,"Mtf1-202",1.28836041484291e-109,"Down"
1.72311278312644e-114,-1.09577367283784,0.061,0.378,1.324281098344e-109,"Pes1-202",1.324281098344e-109,"Down"
2.20046637209978e-114,-1.3220361046846,0.052,0.355,1.69114642561356e-109,"Arhgap21-210",1.69114642561356e-109,"Down"
2.59583653515477e-114,-1.52373482631338,0.062,0.377,1.99500421072785e-109,"Luc7l2-209",1.99500421072785e-109,"Down"
3.82138314197359e-114,-1.15198707223339,0.11,0.477,2.93688579993238e-109,"Arhgap29-201",2.93688579993238e-109,"Down"
5.40911746273277e-114,-1.55267575383604,0.045,0.339,4.15712313480864e-109,"Capns1-202",4.15712313480864e-109,"Down"
5.83572877533039e-114,-1.3510318900709,0.074,0.403,4.48499099299242e-109,"1700017B05Rik-201",4.48499099299242e-109,"Down"
7.79276370671622e-114,-1.1760654749304,0.053,0.355,5.98905061915968e-109,"Cse1l-211",5.98905061915968e-109,"Down"
8.2265469362338e-114,-1.01875451764427,0.164,0.573,6.32243038237313e-109,"Cops7a-201",6.32243038237313e-109,"Down"
9.11645467160232e-114,-1.24037527871761,0.173,0.571,7.00636007331325e-109,"Plac1-202",7.00636007331325e-109,"Down"
1.45255819081052e-113,-1.36719478193941,0.148,0.523,1.11634907196552e-108,"Ubap2l-201",1.11634907196552e-108,"Down"
1.7484620715011e-113,-2.13708682624172,0.046,0.334,1.34376304043146e-108,"Tubb3-201",1.34376304043146e-108,"Down"
2.38422381361262e-113,-1.04045929310591,0.088,0.431,1.83237136971384e-108,"Tsc22d2-203",1.83237136971384e-108,"Down"
2.94952209182075e-113,-1.02925855497411,0.057,0.367,2.26682570844792e-108,"Dpp8-208",2.26682570844792e-108,"Down"
3.13435911773614e-113,-1.29451111760853,0.046,0.339,2.40888035634493e-108,"Ap3m1-206",2.40888035634493e-108,"Down"
3.23364126783094e-113,-1.14801732790832,0.069,0.392,2.48518265997879e-108,"Zc3h14-203",2.48518265997879e-108,"Down"
3.45761554726533e-113,-1.52775965789373,0.046,0.339,2.6573158526953e-108,"Capns1-208",2.6573158526953e-108,"Down"
3.50886883602276e-113,-1.47983043205469,0.048,0.343,2.69670605523693e-108,"Wdr48-205",2.69670605523693e-108,"Down"
4.54565047283155e-113,-1.61963404983306,0.046,0.336,3.49351421438996e-108,"Rif1-201",3.49351421438996e-108,"Down"
5.70216928823753e-113,-1.25779987255883,0.077,0.406,4.38234518478207e-108,"Pxn-202",4.38234518478207e-108,"Down"
6.10534070175992e-113,-1.18224554798479,0.044,0.333,4.69219854293056e-108,"Zfp148-201",4.69219854293056e-108,"Down"
6.22452153779184e-113,-1.26624138350584,0.053,0.357,4.78379378265454e-108,"Senp3-202",4.78379378265454e-108,"Down"
7.54948474939695e-113,-1.30045406130501,0.051,0.351,5.80208100930153e-108,"Wdr48-201",5.80208100930153e-108,"Down"
7.68165574129389e-113,-1.12755468773994,0.111,0.473,5.903659703414e-108,"Smtn-202",5.903659703414e-108,"Down"
8.43637424713807e-113,-1.35931214617578,0.055,0.356,6.48369106389549e-108,"Ccnl1-203",6.48369106389549e-108,"Down"
9.54103627041321e-113,-1.00552750356797,0.104,0.467,7.33266801526337e-108,"Gse1-203",7.33266801526337e-108,"Down"
1.09413272572524e-112,-1.33115409944613,0.084,0.417,8.40884765028878e-108,"Rtn4-205",8.40884765028878e-108,"Down"
1.14977617539977e-112,-1.45534043788498,0.044,0.331,8.83648981841742e-108,"Slc30a2-202",8.83648981841742e-108,"Down"
1.18756282046695e-112,-1.26013068452324,0.058,0.366,9.12689530041667e-108,"Xpnpep1-214",9.12689530041667e-108,"Down"
1.25603615946039e-112,-1.28311003236541,0.071,0.392,9.65314029991688e-108,"Myo1c-202",9.65314029991688e-108,"Down"
1.49220445592497e-112,-1.02822051374344,0.049,0.348,1.14681881255658e-107,"Rc3h1-204",1.14681881255658e-107,"Down"
1.76192126575475e-112,-1.45388894505325,0.282,0.662,1.35410696958315e-107,"Slc38a4-205",1.35410696958315e-107,"Down"
1.84597286837543e-112,-1.31478840776375,0.076,0.404,1.41870398826126e-107,"Tsc22d2-201",1.41870398826126e-107,"Down"
1.85824318727067e-112,-1.24839815198406,0.054,0.353,1.428134219145e-107,"Zc3hav1-203",1.428134219145e-107,"Down"
1.9465672624175e-112,-1.22583109804566,0.06,0.37,1.49601480385834e-107,"Xpnpep1-216",1.49601480385834e-107,"Down"
4.0929225633088e-112,-1.36842547000418,0.094,0.436,3.14557470680535e-107,"Cct3-207",3.14557470680535e-107,"Down"
6.41302904349863e-112,-1.34665016221981,0.049,0.338,4.92866934109044e-107,"Rictor-201",4.92866934109044e-107,"Down"
6.44050290451649e-112,-1.04426845941538,0.054,0.356,4.9497841022371e-107,"Nadk-203",4.9497841022371e-107,"Down"
7.4288837802393e-112,-1.72655055247166,0.058,0.361,5.70939434046511e-107,"Chd7-201",5.70939434046511e-107,"Down"
9.89578367698844e-112,-1.0052900014108,0.117,0.484,7.6053055871127e-107,"Kank1-201",7.6053055871127e-107,"Down"
1.16171620854809e-111,-1.42998895406742,0.048,0.341,8.92825374917549e-107,"Mat2a-201",8.92825374917549e-107,"Down"
1.22213390432673e-111,-1.33485530521438,0.048,0.34,9.39258790831268e-107,"Zbtb21-203",9.39258790831268e-107,"Down"
1.23271528010034e-111,-1.05934891277045,0.047,0.342,9.47391001368313e-107,"Tex10-206",9.47391001368313e-107,"Down"
1.44711327428849e-111,-1.2491807015602,0.11,0.467,1.11216443582167e-106,"Syncrip-208",1.11216443582167e-106,"Down"
1.45191819714524e-111,-1.29400949611977,0.077,0.402,1.115857211234e-106,"Cobll1-205",1.115857211234e-106,"Down"
1.58607497699198e-111,-1.1351403087356,0.053,0.352,1.21896206281742e-106,"Arhgap21-208",1.21896206281742e-106,"Down"
1.78145947218097e-111,2.34970167061736,0.717,0.705,1.36912286274996e-106,"Txnl1-206",1.36912286274996e-106,"Up"
2.3567953336791e-111,-1.35484685970044,0.134,0.506,1.81129148574574e-106,"Septin5-201",1.81129148574574e-106,"Down"
2.86784377553271e-111,-1.00846842634138,0.043,0.33,2.20405265524791e-106,"Bub3-203",2.20405265524791e-106,"Down"
3.97414593236808e-111,-1.32052901905547,0.225,0.622,3.05429011486216e-106,"Morf4l2-202",3.05429011486216e-106,"Down"
4.06601998113282e-111,-1.6133164911152,0.205,0.604,3.12489899629981e-106,"Gnas-207",3.12489899629981e-106,"Down"
5.03746249431077e-111,-1.37441398519614,0.044,0.33,3.8714914253776e-106,"Phf23-209",3.8714914253776e-106,"Down"
5.58525624240655e-111,-1.524199024207,0.057,0.356,4.29249283253913e-106,"Ythdc1-207",4.29249283253913e-106,"Down"
7.50415601664718e-111,-1.181480527097,0.094,0.432,5.76724406503402e-106,"Pcbp2-201",5.76724406503402e-106,"Down"
7.51881725273582e-111,-1.02975110020879,0.061,0.37,5.77851181141759e-106,"Supt20-203",5.77851181141759e-106,"Down"
7.76759223647311e-111,-1.25017911829912,0.064,0.379,5.96970533741905e-106,"Nufip2-204",5.96970533741905e-106,"Down"
1.07118841121677e-110,-1.01624414683577,0.057,0.364,8.23251141556535e-106,"Tatdn2-202",8.23251141556535e-106,"Down"
1.1950912380315e-110,-1.57032602551779,0.058,0.357,9.1847542007673e-106,"Eif5-213",9.1847542007673e-106,"Down"
1.48471543781248e-110,-1.23312270313441,0.054,0.355,1.14106320257641e-105,"Ythdf1-202",1.14106320257641e-105,"Down"
1.57570984491561e-110,-1.04964802029985,0.078,0.406,1.21099604421144e-105,"Hsf1-201",1.21099604421144e-105,"Down"
2.18646358440752e-110,-1.34128513062892,0.087,0.423,1.68038472316055e-105,"Med14-202",1.68038472316055e-105,"Down"
2.93589336661161e-110,-1.09824882410601,0.074,0.399,2.25635148797568e-105,"Xpo7-201",2.25635148797568e-105,"Down"
3.62326285174501e-110,-2.00160356411969,0.061,0.36,2.78462243208011e-105,"Pik3r1-202",2.78462243208011e-105,"Down"
4.52304174930303e-110,-1.17172631873436,0.055,0.357,3.47613850600935e-105,"Rprd1b-203",3.47613850600935e-105,"Down"
5.02730058796063e-110,-1.607065307793,0.184,0.556,3.86368159387127e-105,"Morf4l2-212",3.86368159387127e-105,"Down"
9.06210103496194e-110,-1.16419634457955,0.069,0.382,6.96458712940965e-105,"ENSMUST00000381824.1",6.96458712940965e-105,"Down"
1.08410291920997e-109,-1.13791379046791,0.081,0.408,8.33176457529632e-105,"Cobll1-203",8.33176457529632e-105,"Down"
1.61259186159025e-109,-1.35500812867621,0.141,0.507,1.23934134930657e-104,"Git2-204",1.23934134930657e-104,"Down"
1.82912220023022e-109,-1.23724013767962,0.131,0.498,1.40575357576493e-104,"Nsd1-207",1.40575357576493e-104,"Down"
2.33903543147221e-109,-1.2152016953917,0.046,0.331,1.79764229050366e-104,"Arhgap21-201",1.79764229050366e-104,"Down"
2.35738186781037e-109,-1.49558569169075,0.055,0.352,1.81174226068699e-104,"Rapgef1-201",1.81174226068699e-104,"Down"
2.98963771427707e-109,-1.18353387448865,0.083,0.415,2.2976561689305e-104,"Sipa1l1-210",2.2976561689305e-104,"Down"
3.41334446423577e-109,-1.41569955416755,0.05,0.339,2.62329175454376e-104,"Rapgef1-202",2.62329175454376e-104,"Down"
3.64622747797372e-109,-1.02589895355805,0.092,0.432,2.80227166592193e-104,"Prrc2b-201",2.80227166592193e-104,"Down"
3.76859095251731e-109,-1.26173557783197,0.048,0.336,2.89631289064765e-104,"Ecpas-202",2.89631289064765e-104,"Down"
3.93667583568875e-109,-1.39735442467101,0.084,0.411,3.02549284676023e-104,"Lpp-201",3.02549284676023e-104,"Down"
4.81551793401469e-109,-1.25343213183873,0.067,0.376,3.70091815300765e-104,"Lnpep-201",3.70091815300765e-104,"Down"
5.03919760993259e-109,-1.14223661246787,0.063,0.373,3.87282493113759e-104,"Kdm4a-202",3.87282493113759e-104,"Down"
6.15611753338426e-109,-1.53832348468515,0.052,0.339,4.73122256910714e-104,"Adgrg1-212",4.73122256910714e-104,"Down"
6.30213232496197e-109,-1.08322328983284,0.122,0.474,4.84344077702627e-104,"Acin1-218",4.84344077702627e-104,"Down"
6.55113678249553e-109,-1.33988780630036,0.068,0.379,5.03481066281912e-104,"Zfp106-211",5.03481066281912e-104,"Down"
7.20181257621245e-109,-1.06301357702749,0.072,0.394,5.53488103732232e-104,"Ints10-202",5.53488103732232e-104,"Down"
7.77254419146734e-109,-1.2803067023338,0.082,0.406,5.97351111291031e-104,"Kdm5b-201",5.97351111291031e-104,"Down"
7.93104827397448e-109,-1.11530531030834,0.049,0.34,6.09532784048035e-104,"Marchf7-201",6.09532784048035e-104,"Down"
8.58543159349729e-109,-1.44929574531441,0.058,0.358,6.59824759686641e-104,"Sall1-201",6.59824759686641e-104,"Down"
8.72198435458265e-109,-1.09880963564227,0.09,0.427,6.70319385587095e-104,"Afdn-210",6.70319385587095e-104,"Down"
8.72798399969658e-109,-1.58144140704686,0.089,0.418,6.70780482312681e-104,"Adm-201",6.70780482312681e-104,"Down"
9.05729745824843e-109,-1.29904373122551,0.1,0.442,6.96089538856225e-104,"Smtn-203",6.96089538856225e-104,"Down"
1.02449110506958e-108,-1.16885668059829,0.084,0.415,7.87362393890177e-104,"Sipa1l1-201",7.87362393890177e-104,"Down"
1.11106310272096e-108,-1.0234872558263,0.325,0.753,8.5389643696517e-104,"Rlim-202",8.5389643696517e-104,"Down"
1.2574504446208e-108,-1.00839928038297,0.071,0.389,9.66400964708868e-104,"Akap8-212",9.66400964708868e-104,"Down"
1.34030173985384e-108,-1.32772967500018,0.078,0.398,1.03007549914727e-103,"Cobll1-201",1.03007549914727e-103,"Down"
1.38487790657361e-108,-1.17257058041625,0.079,0.405,1.06433406631808e-103,"Gatad2b-204",1.06433406631808e-103,"Down"
1.47648722952634e-108,-1.1637662879146,0.104,0.455,1.13473949538017e-103,"Tjp1-201",1.13473949538017e-103,"Down"
1.62567151425132e-108,-1.51336133231654,0.055,0.352,1.24939358556271e-103,"Tfdp1-203",1.24939358556271e-103,"Down"
1.90311654660185e-108,-1.06315950062924,0.105,0.457,1.46262119072539e-103,"Ccdc86-201",1.46262119072539e-103,"Down"
2.01914230680348e-108,-1.22587430975728,0.08,0.405,1.55179162847074e-103,"Pds5a-201",1.55179162847074e-103,"Down"
2.75373919510685e-108,-1.25362642197278,0.065,0.371,2.11635872100742e-103,"Nsd2-209",2.11635872100742e-103,"Down"
2.79945339897597e-108,-1.00301973925388,0.235,0.674,2.15149191524899e-103,"Brwd1-205",2.15149191524899e-103,"Down"
3.00857412485816e-108,-1.18338758645411,0.058,0.357,2.31220955791849e-103,"Adgrl2-217",2.31220955791849e-103,"Down"
3.14802649845087e-108,-1.63273527486573,0.11,0.445,2.41938428511943e-103,"Bcar3-201",2.41938428511943e-103,"Down"
6.17935708998808e-108,-2.24619595186649,0.22,0.608,4.74908309793944e-103,"Fn1-214",4.74908309793944e-103,"Down"
9.6840730698716e-108,-1.33248994393542,0.085,0.413,7.44259751711912e-103,"Serpinb6b-202",7.44259751711912e-103,"Down"
1.15664590234954e-107,-1.08736480103129,0.076,0.397,8.88928641791716e-103,"Trp53bp1-201",8.88928641791716e-103,"Down"
1.21928796545766e-107,-1.09824876686332,0.069,0.384,9.37071572972832e-103,"Gtf2b-201",9.37071572972832e-103,"Down"
1.60781151142824e-107,-1.1192715282133,0.064,0.372,1.23566745899306e-102,"Kdm4a-203",1.23566745899306e-102,"Down"
1.65010299523912e-107,-1.16285057582196,0.074,0.393,1.26817015596107e-102,"Gatad2b-201",1.26817015596107e-102,"Down"
1.76223238473962e-107,2.00257031105384,0.77,0.818,1.35434607696779e-102,"Ubxn1-204",1.35434607696779e-102,"Up"
3.68868894763163e-107,-1.94389596937393,0.223,0.615,2.83490500381282e-102,"Fn1-201",2.83490500381282e-102,"Down"
3.93625985337431e-107,-1.70305891045296,0.074,0.389,3.02517314771229e-102,"Phldb1-210",3.02517314771229e-102,"Down"
4.36094942007705e-107,-1.06056290847658,0.056,0.352,3.35156406730602e-102,"Esf1-201",3.35156406730602e-102,"Down"
4.49499221330527e-107,-1.43942096322804,0.185,0.552,3.45458131561363e-102,"Morf4l2-201",3.45458131561363e-102,"Down"
5.42781606843786e-107,-1.1300364651491,0.215,0.615,4.17149376123723e-102,"Ube2d3-210",4.17149376123723e-102,"Down"
5.43054698015314e-107,-1.06175753032548,0.091,0.425,4.17359257612689e-102,"Cpsf6-207",4.17359257612689e-102,"Down"
5.58314002183546e-107,-1.16204491628767,0.155,0.533,4.29086643238142e-102,"Hnrnpc-205",4.29086643238142e-102,"Down"
6.20316759875889e-107,-1.10544412748477,0.056,0.349,4.76738242635015e-102,"Dlgap4-206",4.76738242635015e-102,"Down"
7.41171604284362e-107,-1.01888248701157,0.109,0.46,5.69620024756704e-102,"Myh10-201",5.69620024756704e-102,"Down"
9.17766324876664e-107,-1.23338694848745,0.052,0.343,7.05340131320711e-102,"Rprd1b-201",7.05340131320711e-102,"Down"
1.14699408577379e-106,-2.05030136948584,0.129,0.47,8.81510834680588e-102,"Dst-201",8.81510834680588e-102,"Down"
1.23004676524858e-106,-1.01254403624071,0.083,0.414,9.45340140964147e-102,"Ints10-201",9.45340140964147e-102,"Down"
2.12505142054271e-106,-1.03707500891017,0.053,0.345,1.63318701874389e-101,"Cyfip1-203",1.63318701874389e-101,"Down"
2.8990985095555e-106,-1.11015094332664,0.086,0.412,2.22807316853378e-101,"Leng8-203",2.22807316853378e-101,"Down"
4.15460315953328e-106,-1.28089370911333,0.049,0.333,3.1929787122277e-101,"Mat2a-202",3.1929787122277e-101,"Down"
4.68601845930907e-106,-1.51380856954269,0.091,0.415,3.60139262671739e-101,"Ldlr-202",3.60139262671739e-101,"Down"
4.8342229311239e-106,-1.07285568664907,0.084,0.41,3.71529369148596e-101,"Sipa1l1-208",3.71529369148596e-101,"Down"
5.47280682328195e-106,-1.15461939508,0.211,0.618,4.20607095596511e-101,"Maged1-207",4.20607095596511e-101,"Down"
6.53912552583328e-106,-1.20524502514789,0.082,0.405,5.02557953162391e-101,"Macf1-201",5.02557953162391e-101,"Down"
6.55268427313905e-106,-1.02290926197154,0.064,0.366,5.03599997127829e-101,"Epb41l2-202",5.03599997127829e-101,"Down"
6.60730020612078e-106,-1.32474467153376,0.111,0.451,5.07797450041207e-101,"Lrpprc-201",5.07797450041207e-101,"Down"
7.03198876527847e-106,-1.01291966040444,0.129,0.499,5.40436464566712e-101,"Egr1-201",5.40436464566712e-101,"Down"
1.15178496878769e-105,-1.38556763558888,0.195,0.565,8.85192819912089e-101,"Morf4l2-214",8.85192819912089e-101,"Down"
8.12990242612966e-105,-1.38859019444606,0.054,0.337,6.24815521057769e-100,"Wac-201",6.24815521057769e-100,"Down"
8.55463967877155e-105,-1.00558361642606,0.186,0.595,6.57458277872309e-100,"Afap1l2-203",6.57458277872309e-100,"Down"
1.45901427174844e-104,-1.02143434629833,0.088,0.414,1.12131082840955e-99,"Bag6-213",1.12131082840955e-99,"Down"
1.46878801683439e-104,-1.09873977717674,0.074,0.388,1.1288223424579e-99,"Sin3a-207",1.1288223424579e-99,"Down"
1.47759403629118e-104,-1.30813533762662,0.525,0.873,1.13559012065122e-99,"Npm1-201",1.13559012065122e-99,"Down"
1.52500114858133e-104,-1.42984842985522,0.2,0.585,1.1720243827307e-99,"Gnas-206",1.1720243827307e-99,"Down"
1.60956973499676e-104,-1.05832721783336,0.137,0.502,1.23701872413441e-99,"Srrm1-202",1.23701872413441e-99,"Down"
1.92911853274005e-104,-1.10085262439492,0.114,0.464,1.48260475715204e-99,"Jade3-204",1.48260475715204e-99,"Down"
1.95725131625732e-104,-1.13040093005078,0.08,0.395,1.5042259265964e-99,"Cpsf6-206",1.5042259265964e-99,"Down"
2.63304224199267e-104,-1.23297091632185,0.062,0.358,2.02359828466105e-99,"Kmt2b-201",2.02359828466105e-99,"Down"
8.18590250705515e-104,-1.1491121030759,0.062,0.357,6.29119351277217e-99,"Mideas-202",6.29119351277217e-99,"Down"
1.03378602400586e-103,-1.06714280438322,0.118,0.471,7.94505910889467e-99,"Bcor-204",7.94505910889467e-99,"Down"
1.21111230945537e-103,-1.10530938628416,0.202,0.602,9.30788254308831e-99,"Jade1-203",9.30788254308831e-99,"Down"
2.05602260895404e-103,-1.06896315085314,0.067,0.369,1.58013561588554e-98,"Arhgap10-202",1.58013561588554e-98,"Down"
2.14593653584845e-103,-1.09403937470936,0.061,0.359,1.64923806526096e-98,"Sri-201",1.64923806526096e-98,"Down"
2.64749818590525e-103,-1.22504532108356,0.061,0.354,2.03470825579562e-98,"Kmt2b-202",2.03470825579562e-98,"Down"
3.39836198206232e-103,-1.36622635342601,0.066,0.364,2.61177711769418e-98,"Amotl2-211",2.61177711769418e-98,"Down"
3.46402469020403e-103,-1.14243029808728,0.126,0.473,2.6622415354094e-98,"Hnrnpc-209",2.6622415354094e-98,"Down"
4.86804986459724e-103,-1.28035423596725,0.125,0.475,3.74129104293756e-98,"Atp5pb-203",3.74129104293756e-98,"Down"
8.00902955886608e-103,-1.27166677588638,0.058,0.347,6.15525957717094e-98,"Lnx2-201",6.15525957717094e-98,"Down"
8.4237231155223e-103,-1.07524762766442,0.074,0.382,6.47396816320351e-98,"Brms1l-201",6.47396816320351e-98,"Down"
9.24888449727281e-103,-1.12597987702664,0.052,0.334,7.10813769153405e-98,"Ogdh-203",7.10813769153405e-98,"Down"
1.02631327543119e-102,-1.09402700357051,0.202,0.605,7.88762804699888e-98,"Rab11fip1-202",7.88762804699888e-98,"Down"
1.1451211779774e-102,-1.19268663065852,0.053,0.336,8.80071430122749e-98,"Wdr3-201",8.80071430122749e-98,"Down"
1.77097935178813e-102,-1.03508578009889,0.122,0.47,1.36106847102325e-97,"Etl4-201",1.36106847102325e-97,"Down"
1.99759019804128e-102,-1.0425398205402,0.083,0.401,1.53522797080265e-97,"Sipa1l1-205",1.53522797080265e-97,"Down"
2.4929293282419e-102,-1.11010544727374,0.057,0.345,1.91591590592703e-97,"Sugt1-205",1.91591590592703e-97,"Down"
2.90525258078608e-102,-1.10605000939508,0.072,0.377,2.23280281843733e-97,"Nup62-205",2.23280281843733e-97,"Down"
4.40698333868766e-102,-1.37954518732141,0.078,0.386,3.38694297511502e-97,"Cobll1-202",3.38694297511502e-97,"Down"
5.65325480177254e-102,-1.10439831037481,0.108,0.451,4.34475244535426e-97,"Bcor-203",4.34475244535426e-97,"Down"
8.89461933782747e-102,-1.11598080001779,0.073,0.379,6.83587074589393e-97,"Cenpe-201",6.83587074589393e-97,"Down"
1.00210080521907e-101,-1.42178494539498,0.082,0.394,7.7015455284306e-97,"Septin11-207",7.7015455284306e-97,"Down"
1.3337449950729e-101,-1.17448079307974,0.141,0.489,1.02503637851333e-96,"Ubap2l-215",1.02503637851333e-96,"Down"
1.83029413138906e-101,-1.11034973848661,0.06,0.35,1.40665425173775e-96,"Usp7-208",1.40665425173775e-96,"Down"
2.07799110888653e-101,-1.29780609364067,0.24,0.636,1.59701928682365e-96,"H1f3-201",1.59701928682365e-96,"Down"
2.15310704844481e-101,-1.14986773559599,0.071,0.371,1.65474889101178e-96,"Hnrnpl-202",1.65474889101178e-96,"Down"
2.39611799481082e-101,-1.52547808702159,0.053,0.33,1.84151252373191e-96,"Plekha7-203",1.84151252373191e-96,"Down"
3.76585971925257e-101,-1.173095213069,0.136,0.484,2.89421382863437e-96,"Zmiz1-201",2.89421382863437e-96,"Down"
5.05318595498872e-101,-1.20179475759152,0.094,0.421,3.88357553384703e-96,"Nup50-202",3.88357553384703e-96,"Down"
6.52114414690813e-101,-1.01349992201358,0.081,0.394,5.01176012266477e-96,"Polr2a-202",5.01176012266477e-96,"Down"
8.24137178616294e-101,-1.05189622637242,0.057,0.342,6.33382387253766e-96,"Aak1-202",6.33382387253766e-96,"Down"
1.18027302084525e-100,-1.10687447648745,0.056,0.339,9.07087027440409e-96,"Zfp407-202",9.07087027440409e-96,"Down"
2.07003157749312e-100,-1.34342045776908,0.063,0.352,1.59090206856657e-95,"Erc1-207",1.59090206856657e-95,"Down"
2.59508130209553e-100,-1.02833114669325,0.321,0.716,1.9944237839125e-95,"Tuba1c-201",1.9944237839125e-95,"Down"
2.97120900129812e-100,-1.36546268196028,0.06,0.343,2.28349296585765e-95,"Dnm2-212",2.28349296585765e-95,"Down"
3.96925282240503e-100,-1.94918006381802,0.064,0.344,3.05052956413116e-95,"Cct8-209",3.05052956413116e-95,"Down"
1.08350849616548e-99,-1.04970399565635,0.07,0.367,8.32719619643015e-95,"Lamp2-202",8.32719619643015e-95,"Down"
1.30470631231258e-99,-1.03981252050569,0.067,0.359,1.00271898926471e-94,"Sympk-201",1.00271898926471e-94,"Down"
1.33927041168371e-99,-1.35501416108639,0.344,0.72,1.0292828821954e-94,"Eif4g1-205",1.0292828821954e-94,"Down"
1.44772369321985e-99,-1.09484104231151,0.062,0.348,1.11263356718718e-94,"Senp2-205",1.11263356718718e-94,"Down"
1.76731636639072e-99,-1.03254871409623,0.072,0.371,1.35825332022592e-94,"Nup62-203",1.35825332022592e-94,"Down"
1.91385022034146e-99,-1.0439541683065,0.079,0.386,1.47087044834122e-94,"Mta3-201",1.47087044834122e-94,"Down"
3.70412309211311e-99,-1.46959434453091,0.1,0.415,2.84676676121261e-94,"Hnrnpc-210",2.84676676121261e-94,"Down"
7.98118065926388e-99,-1.01460347607494,0.063,0.351,6.13385658387066e-94,"Akap11-201",6.13385658387066e-94,"Down"
1.01232778579764e-98,-1.00065163162026,0.057,0.338,7.78014396496917e-94,"Dicer1-201",7.78014396496917e-94,"Down"
1.09839440581373e-98,-1.0192059099297,0.106,0.441,8.44160036644082e-94,"Magi3-202",8.44160036644082e-94,"Down"
1.5356778411451e-98,-1.32834697074454,0.054,0.33,1.18022984803365e-93,"Iars-202",1.18022984803365e-93,"Down"
4.86391065152445e-98,-1.05572004788529,0.063,0.35,3.7381098921226e-93,"Shroom4-202",3.7381098921226e-93,"Down"
4.75022206610894e-97,-1.02138934734772,0.067,0.357,3.65073566668736e-92,"U2surp-202",3.65073566668736e-92,"Down"
2.73911195136097e-96,-1.17709999746805,0.444,0.767,2.10511709909896e-91,"Prrc2c-202",2.10511709909896e-91,"Down"
3.23267643492284e-96,-1.37394659546941,0.071,0.359,2.4844411472956e-91,"Hif1a-202",2.4844411472956e-91,"Down"
3.84599248092236e-96,-1.04838006453248,0.119,0.45,2.95579906128807e-91,"Dhx9-202",2.95579906128807e-91,"Down"
5.52219491741772e-96,-1.13097379549464,0.355,0.733,4.24402768183222e-91,"Eif4g1-202",4.24402768183222e-91,"Down"
5.97086452437359e-96,-1.00126093160156,0.102,0.428,4.58884822156208e-91,"Magi3-201",4.58884822156208e-91,"Down"
8.9410835114027e-96,-1.0023431652805,0.099,0.415,6.87158032185343e-91,"D5Ertd579e-201",6.87158032185343e-91,"Down"
9.18662892792447e-96,-1.17029882982486,0.061,0.339,7.06029179626707e-91,"Uggt1-210",7.06029179626707e-91,"Down"
9.83987807260399e-96,-1.12239487864609,0.081,0.383,7.56233989391907e-91,"Nfat5-202",7.56233989391907e-91,"Down"
1.3984019905271e-95,-1.3113334944704,0.07,0.358,1.0747278657997e-90,"Serpinb6b-201",1.0747278657997e-90,"Down"
1.70364103766664e-95,-1.09861469978921,0.122,0.457,1.30931628308832e-90,"Cdh1-201",1.30931628308832e-90,"Down"
2.62854072088078e-95,-1.33432301295684,0.088,0.387,2.02013868562572e-90,"ENSMUST00000249860.1",2.02013868562572e-90,"Down"
4.84516880027702e-95,-1.07830495852522,0.071,0.359,3.7237060297649e-90,"Slc30a4-201",3.7237060297649e-90,"Down"
5.95423488140492e-95,-1.00113962538664,0.069,0.357,4.57606767575494e-90,"Sinhcaf-211",4.57606767575494e-90,"Down"
7.33319358578303e-95,-1.29667417425777,0.065,0.344,5.63585259841769e-90,"Nucb2-201",5.63585259841769e-90,"Down"
1.02520927130146e-94,-1.11024172966058,0.084,0.385,7.87914333366023e-90,"Cpsf6-208",7.87914333366023e-90,"Down"
1.5887241600588e-94,-1.02158264246829,0.119,0.453,1.22099806597159e-89,"Septin11-203",1.22099806597159e-89,"Down"
1.92966505867822e-94,-1.19775700419607,0.673,0.881,1.48302478419656e-89,"Nrk-202",1.48302478419656e-89,"Down"
2.17924848606418e-94,-1.1811010611407,0.074,0.365,1.67483963147976e-89,"Cbx3-204",1.67483963147976e-89,"Down"
2.23591750539366e-94,-1.22934615177472,0.293,0.643,1.71839203959524e-89,"Trip12-207",1.71839203959524e-89,"Down"
2.49441555759958e-94,-1.04237184428328,0.066,0.35,1.91705813263758e-89,"Gaa-201",1.91705813263758e-89,"Down"
1.82354320258969e-93,-1.20775135001817,0.09,0.395,1.40146589291828e-88,"Tpp2-207",1.40146589291828e-88,"Down"
2.9616442181878e-93,-1.20207054448522,0.14,0.47,2.27614204744605e-88,"Ubap2l-203",2.27614204744605e-88,"Down"
8.31893958924125e-93,-1.01053696233282,0.081,0.378,6.39343783191547e-88,"Macf1-215",6.39343783191547e-88,"Down"
7.06109808532245e-92,-1.74058633997694,0.098,0.392,5.42673632249371e-87,"Adgrf5-206",5.42673632249371e-87,"Down"
9.19024509001124e-92,-1.10417333748408,0.064,0.338,7.06307096147724e-87,"Tspan14-202",7.06307096147724e-87,"Down"
1.61747352293063e-91,-1.14641856730603,0.062,0.336,1.2430931013131e-86,"Phc1-208",1.2430931013131e-86,"Down"
2.84828426435187e-91,-1.0693782526337,0.077,0.365,2.18902038852499e-86,"Mical3-201",2.18902038852499e-86,"Down"
3.26269713930285e-91,-1.9233275810587,0.215,0.575,2.50751325943981e-86,"Fn1-211",2.50751325943981e-86,"Down"
4.08027577621823e-91,-1.13573094822217,0.062,0.335,3.13585514505476e-86,"Phc1-201",3.13585514505476e-86,"Down"
8.9945549813043e-91,-1.18253683597462,0.104,0.411,6.91267528533161e-86,"Fam83d-201",6.91267528533161e-86,"Down"
2.59877923493752e-90,-1.0464870177226,0.064,0.33,1.99726579321888e-85,"Pcbp2-202",1.99726579321888e-85,"Down"
3.71357306043158e-90,-1.05975697924335,0.114,0.431,2.85402943986408e-85,"Brd3-209",2.85402943986408e-85,"Down"
9.12529523693916e-90,-1.14268294701606,0.067,0.336,7.01315440139722e-85,"Srsf7-208",7.01315440139722e-85,"Down"
1.18307499818464e-89,-1.53779131219272,0.09,0.378,9.0924045910482e-85,"Exoc3l4-201",9.0924045910482e-85,"Down"
2.11017841169951e-89,-1.38439430735915,0.101,0.399,1.62175651652754e-84,"Mbnl2-206",1.62175651652754e-84,"Down"
3.09660888042939e-89,-1.19818623137559,0.132,0.457,2.3798677889652e-84,"H1f1-201",2.3798677889652e-84,"Down"
3.57567830154422e-89,-1.20871166890158,0.259,0.608,2.7480518018688e-84,"Tle3-201",2.7480518018688e-84,"Down"
9.48195556835651e-89,-1.21657225926052,0.064,0.333,7.28726213250472e-84,"Wwtr1-202",7.28726213250472e-84,"Down"
1.65403716589013e-88,-1.20821890266439,0.084,0.366,1.2711937234732e-83,"Ptbp1-202",1.2711937234732e-83,"Down"
4.42033229108676e-87,-1.34620642709071,0.071,0.341,3.39720217899182e-82,"Cct3-204",3.39720217899182e-82,"Down"
5.08316918629653e-87,-1.03637004466271,0.075,0.353,3.90661884643633e-82,"Mical3-209",3.90661884643633e-82,"Down"
6.47486869545656e-87,-1.54872088069018,0.077,0.347,4.97619558720618e-82,"Etl4-203",4.97619558720618e-82,"Down"
1.78750980113493e-86,-1.14970220714374,0.084,0.366,1.37377278256424e-81,"Smtn-208",1.37377278256424e-81,"Down"
2.52215722291946e-86,-1.48604896759135,0.102,0.392,1.93837871210252e-81,"Exoc3l4-210",1.93837871210252e-81,"Down"
2.86753227687397e-86,-1.64732884421139,0.165,0.472,2.20381325606872e-81,"Naca-202",2.20381325606872e-81,"Down"
6.24951423808863e-86,-1.01681493386224,0.075,0.35,4.80300167254064e-81,"Mical3-210",4.80300167254064e-81,"Down"
2.53292525515292e-85,-1.13397394537587,0.09,0.378,1.94665437559522e-80,"Tpp2-201",1.94665437559522e-80,"Down"
4.54915462543379e-85,-1.33705939463901,0.09,0.37,3.49620729583088e-80,"Plac1-201",3.49620729583088e-80,"Down"
5.26471274214237e-85,-1.04441974528655,0.091,0.378,4.0461423308461e-80,"Zyx-207",4.0461423308461e-80,"Down"
1.12233759709328e-84,-1.01067811697621,0.152,0.476,8.62561336870068e-80,"Zwint-202",8.62561336870068e-80,"Down"
4.76181987057487e-84,-1.39775772993879,0.234,0.569,3.65964904333161e-79,"Wnk1-223",3.65964904333161e-79,"Down"
5.25888801177922e-84,-1.09486014150379,0.161,0.488,4.0416657925728e-79,"Zwint-204",4.0416657925728e-79,"Down"
4.02234458500067e-83,-1.01079230589685,0.104,0.399,3.09133270735641e-78,"Pde4dip-205",3.09133270735641e-78,"Down"
1.05192750963304e-82,-1.20919350382479,0.349,0.657,8.08448368253375e-78,"Hnrnpk-202",8.08448368253375e-78,"Down"
1.05390663962112e-82,-1.0041016619509,0.104,0.399,8.09969408814416e-78,"Pde4dip-202",8.09969408814416e-78,"Down"
3.38553033268272e-82,2.90999240043054,0.44,0.162,2.60191548187998e-77,"Clic4-202",2.60191548187998e-77,"Up"
1.07528462827284e-81,-1.28173239831063,0.081,0.348,8.26399248212808e-77,"Pak1ip1-205",8.26399248212808e-77,"Down"
2.24200933816895e-81,-1.5054351004024,0.198,0.513,1.72307385675637e-76,"Wnk1-204",1.72307385675637e-76,"Down"
1.11256016678422e-80,-1.02336484861647,0.232,0.582,8.55046990580342e-76,"Jup-202",8.55046990580342e-76,"Down"
2.45773514181332e-80,-1.03084746385893,0.099,0.385,1.88886776588921e-75,"Foxp4-203",1.88886776588921e-75,"Down"
1.11265918522005e-79,-1.14537164944975,0.085,0.355,8.55123090209018e-75,"Plekha6-202",8.55123090209018e-75,"Down"
1.19030963107588e-79,-1.01573904698928,0.072,0.331,9.1480056386706e-75,"Mprip-203",9.1480056386706e-75,"Down"
1.28649251450429e-79,-1.13420969852148,0.236,0.586,9.88720957097125e-75,"Foxo4-201",9.88720957097125e-75,"Down"
6.59814502001243e-79,-1.19414731600723,0.098,0.371,5.07093837368035e-74,"Klhl13-201",5.07093837368035e-74,"Down"
1.03901328898407e-78,1.61792108639845,0.78,0.818,7.98523273115814e-74,"Fth1-201",7.98523273115814e-74,"Up"
1.05080083083925e-78,1.61777593651594,0.779,0.818,8.075824705332e-74,"Fth1-203",8.075824705332e-74,"Up"
1.05702802922376e-78,-1.04970386292137,0.146,0.457,8.12368321579625e-74,"Son-201",8.12368321579625e-74,"Down"
3.17572235773417e-78,-1.19179549676489,0.14,0.439,2.44066966081302e-73,"Csde1-215",2.44066966081302e-73,"Down"
8.67807450439365e-78,-1.21614146865653,0.327,0.666,6.66944737960669e-73,"Eif4g1-203",6.66944737960669e-73,"Down"
4.10297561087901e-77,-1.04515260599773,0.106,0.388,3.15330087598495e-72,"Ctnnd1-224",3.15330087598495e-72,"Down"
8.26950944122016e-77,2.83592829520727,0.496,0.278,6.35544878595534e-72,"Gna13-202",6.35544878595534e-72,"Up"
7.55384129178917e-76,-1.12243006609474,0.349,0.646,5.80542918639165e-71,"Hnrnpk-232",5.80542918639165e-71,"Down"
1.44857957695491e-75,-1.62361136093067,0.182,0.473,1.11329134807293e-70,"Hmgb1-203",1.11329134807293e-70,"Down"
1.70860811056664e-75,1.66880434899421,0.729,0.782,1.31313367729488e-70,"Smdt1-201",1.31313367729488e-70,"Up"
4.72875861598442e-75,-1.2686123889553,0.078,0.33,3.63424014672867e-70,"Clint1-203",3.63424014672867e-70,"Down"
1.29418236266787e-74,-1.04440290795529,0.078,0.33,9.94630913004768e-70,"Ncoa2-201",9.94630913004768e-70,"Down"
2.90931530104694e-74,-1.3474416606768,0.222,0.556,2.23592518146662e-69,"Fn1-203",2.23592518146662e-69,"Down"
1.59669987787433e-73,-1.04969971889562,0.084,0.339,1.22712772414154e-68,"Plekha6-203",1.22712772414154e-68,"Down"
6.05868441056952e-73,-1.13443239747251,0.095,0.353,4.6563413168991e-68,"Etl4-206",4.6563413168991e-68,"Down"
1.06659578739346e-71,-1.37711489569846,0.095,0.35,8.19721526443372e-67,"Tpm2-202",8.19721526443372e-67,"Down"
4.57654584390785e-71,-1.03575456331963,0.155,0.451,3.51725854287694e-66,"Eno1b-201",3.51725854287694e-66,"Down"
1.03842581924069e-70,-1.1297678874659,0.45,0.795,7.98071779119243e-66,"Actg1-204",7.98071779119243e-66,"Down"
5.06702343898972e-70,-1.17233559291042,0.121,0.396,3.89421019380116e-65,"Git2-201",3.89421019380116e-65,"Down"
1.14273810261006e-69,-1.04513251135399,0.215,0.515,8.78239941379934e-65,"Huwe1-202",8.78239941379934e-65,"Down"
1.35865944773267e-69,-1.06918169609186,0.269,0.612,1.04418413196047e-64,"Tfrc-201",1.04418413196047e-64,"Down"
2.34060291370294e-69,-1.08259869520321,0.172,0.465,1.79884696329726e-64,"Dnmt1-207",1.79884696329726e-64,"Down"
3.74983605154989e-69,-1.17081494135336,0.121,0.395,2.88189899905815e-64,"Serpinb9e-201",2.88189899905815e-64,"Down"
5.70714090581107e-68,-1.43346112268435,0.21,0.52,4.38616607175204e-63,"Fn1-213",4.38616607175204e-63,"Down"
1.24167267162997e-67,2.92756230455802,0.359,0.106,9.54275115054496e-63,"Peg3-203",9.54275115054496e-63,"Up"
1.47522301076301e-66,-1.3212689357661,0.205,0.513,1.1337678926918e-61,"Fn1-217",1.1337678926918e-61,"Down"
5.51935118169101e-66,1.89084430222955,0.644,0.631,4.24184215717681e-61,"Ftl1-ps1-202",4.24184215717681e-61,"Up"
5.58654347252449e-66,1.51871629045442,0.767,0.702,4.29348212037397e-61,"Hnrnpa2b1-201",4.29348212037397e-61,"Up"
5.29081510338885e-63,-1.53039500239853,0.12,0.367,4.06620303955846e-58,"Cald1-204",4.06620303955846e-58,"Down"
1.36438755404979e-62,-1.02616257777537,0.096,0.335,1.04858641078943e-57,"Git2-203",1.04858641078943e-57,"Down"
5.68943811243722e-61,-1.18632793618349,0.131,0.379,4.3725607669325e-56,"Cald1-205",4.3725607669325e-56,"Down"
1.04884518781492e-60,2.32273817389906,0.495,0.218,8.06079480643278e-56,"Tpt1-206",8.06079480643278e-56,"Up"
2.57345714180296e-59,-1.25174370737676,0.341,0.599,1.97780475176124e-54,"Prrc2c-209",1.97780475176124e-54,"Down"
1.17421758089543e-58,-1.01811227519382,0.115,0.355,9.02433179621374e-54,"Ctnnb1-214",9.02433179621374e-54,"Down"
1.3136938714131e-58,1.21996614403695,0.719,0.649,1.00962628793582e-53,"Ankrd17-202",1.00962628793582e-53,"Up"
1.81097713704119e-58,-1.17511993059989,0.149,0.41,1.39180836890164e-53,"Gnas-211",1.39180836890164e-53,"Down"
2.39982275558093e-58,-1.25550419962257,0.127,0.369,1.84435978057417e-53,"Dst-215",1.84435978057417e-53,"Down"
4.72465062918791e-57,-1.20605473671471,0.149,0.406,3.63108299455607e-52,"Gnas-223",3.63108299455607e-52,"Down"
1.94705726763805e-56,-1.33798690070232,0.187,0.444,1.49639139247054e-51,"Wnk1-224",1.49639139247054e-51,"Down"
7.56959092054461e-56,1.06988842942156,0.166,0.477,5.81753340607536e-51,"Rnf111-201",5.81753340607536e-51,"Up"
1.47390338677308e-55,2.09601305622338,0.653,0.667,1.13275370887058e-50,"Cox6c-201",1.13275370887058e-50,"Up"
1.68941814093005e-53,-1.26060279007101,0.117,0.336,1.29838541803038e-48,"Dnaja1-204",1.29838541803038e-48,"Down"
5.18453778579674e-53,1.11171912865486,0.187,0.497,3.98452466989622e-48,"Ube2i-213",3.98452466989622e-48,"Up"
3.96990733100187e-52,-1.13750190244328,0.201,0.47,3.05103258016818e-47,"Fn1-216",3.05103258016818e-47,"Down"
4.55762409896811e-49,1.20337360935773,0.103,0.33,3.50271642502095e-44,"Spcs2-201",3.50271642502095e-44,"Up"
6.56228739849496e-49,1.06124580562967,0.141,0.407,5.04338035723932e-44,"Twf2-201",5.04338035723932e-44,"Up"
1.3408053259979e-46,3.04427468820433,0.412,0.241,1.03046252524243e-41,"Fam220a-207",1.03046252524243e-41,"Up"
1.52562130874638e-44,1.73871563155061,0.515,0.361,1.17250100062394e-39,"Cdv3-205",1.17250100062394e-39,"Up"
4.58828186795572e-43,1.87941917055195,0.545,0.317,3.52627814679869e-38,"Tpt1-208",3.52627814679869e-38,"Up"
7.157048720007e-41,3.12265374747665,0.478,0.399,5.50047822327418e-36,"Gpx1-201",5.50047822327418e-36,"Up"
3.76448031819204e-40,1.01487767485663,0.198,0.48,2.89315370374331e-35,"Sinhcaf-201",2.89315370374331e-35,"Up"
4.45509507643614e-40,1.89189058518758,0.707,0.776,3.42391877004423e-35,"Prdx2-201",3.42391877004423e-35,"Up"
5.47754118797011e-39,-1.05298789890394,0.166,0.366,4.20970950460255e-34,"Hmgb1-202",4.20970950460255e-34,"Down"
2.91590779447823e-37,1.0476376133872,0.161,0.403,2.2409917763683e-32,"Nras-201",2.2409917763683e-32,"Up"
4.48527176252136e-34,1.34263020302228,0.66,0.609,3.44711076036816e-29,"Hnrnpa2b1-209",3.44711076036816e-29,"Up"
2.44760095125616e-32,-1.13262878689813,0.475,0.726,1.88107923507841e-27,"Plec-201",1.88107923507841e-27,"Down"
5.94186292117115e-32,1.36323473208983,0.185,0.438,4.56655932943687e-27,"A430005L14Rik-201",4.56655932943687e-27,"Up"
9.74394578781074e-32,1.40278818331497,0.156,0.381,7.48861209576406e-27,"Gtf2a2-202",7.48861209576406e-27,"Up"
2.75654110635698e-30,1.83259188786682,0.354,0.203,2.1185121018796e-25,"Fus-204",2.1185121018796e-25,"Up"
7.56153035950524e-29,1.20322495522542,0.512,0.375,5.81133854249416e-24,"Eif4a1-201",5.81133854249416e-24,"Up"
1.64857019248864e-28,1.18134676028736,0.165,0.384,1.26699213573522e-23,"Lamtor3-201",1.26699213573522e-23,"Up"
1.68081324575991e-28,1.04149285203653,0.141,0.338,1.29177221189632e-23,"Anapc11-202",1.29177221189632e-23,"Up"
3.3795306232157e-28,1.28810819968229,0.149,0.347,2.5973044651662e-23,"Naa60-211",2.5973044651662e-23,"Up"
1.82698660198199e-27,2.02148923085742,0.385,0.267,1.40411228308724e-22,"Hsd3b6-201",1.40411228308724e-22,"Up"
2.81864887028076e-27,1.14989216303854,0.141,0.33,2.16624440276558e-22,"Mrpl4-201",2.16624440276558e-22,"Up"
4.18636566601399e-27,2.77832180240077,0.456,0.43,3.21738946895839e-22,"Bcl7c-201",3.21738946895839e-22,"Up"
1.03866505002685e-26,2.38150173459781,0.532,0.572,7.98255637547638e-22,"Ube2j2-201",7.98255637547638e-22,"Up"
2.83004069146726e-26,1.10580447356193,0.182,0.408,2.17499947302025e-21,"Ppp4c-201",2.17499947302025e-21,"Up"
8.53125818161233e-26,1.34856542574135,0.472,0.35,6.55661316289634e-21,"Fus-213",6.55661316289634e-21,"Up"
2.76643983467922e-24,1.18359220198193,0.163,0.362,2.12611967054436e-19,"Tent2-205",2.12611967054436e-19,"Up"
5.85842444878712e-24,1.15575277553421,0.278,0.579,4.50243352587085e-19,"Tsg101-201",4.50243352587085e-19,"Up"
1.69876374399157e-23,1.03582368125605,0.726,0.813,1.30556788780728e-18,"Atp5g1-202",1.30556788780728e-18,"Up"
2.09532209395811e-23,2.59140405095487,0.4,0.342,1.61033884209057e-18,"Ost4-201",1.61033884209057e-18,"Up"
4.8451783063883e-23,1.89006411385263,0.364,0.264,3.72371333559166e-18,"Eif3i-202",3.72371333559166e-18,"Up"
7.4207874252898e-23,1.18923256929307,0.173,0.373,5.70317196783223e-18,"Iscu-201",5.70317196783223e-18,"Up"
1.13918642557937e-22,1.2949047988095,0.192,0.407,8.75510335514772e-18,"Med8-209",8.75510335514772e-18,"Up"
1.85551570923724e-22,2.46912523179953,0.475,0.474,1.42603804317719e-17,"Mkrn1-201",1.42603804317719e-17,"Up"
2.79395100819601e-22,2.47014320473329,0.383,0.315,2.14726310783896e-17,"Hnrnpll-206",2.14726310783896e-17,"Up"
4.83450963259523e-22,1.05749171888074,0.178,0.382,3.71551403303473e-17,"Chmp2b-201",3.71551403303473e-17,"Up"
5.06576082202854e-22,1.44267672237975,0.554,0.605,3.89323982216181e-17,"Gna13-201",3.89323982216181e-17,"Up"
1.72397263869931e-21,1.96695551552426,0.459,0.46,1.32494193174597e-16,"Arf5-201",1.32494193174597e-16,"Up"
1.32956208821391e-20,1.05433999939777,0.179,0.364,1.02182164727591e-15,"Per1-201",1.02182164727591e-15,"Up"
3.30896370028108e-20,2.2805688040739,0.516,0.557,2.54307096221402e-15,"Gpx4-202",2.54307096221402e-15,"Up"
3.4692323198447e-19,1.88126609317332,0.509,0.579,2.66624380709345e-14,"Txnl1-201",2.66624380709345e-14,"Up"
4.34756394282526e-19,1.2354223910218,0.217,0.431,3.34127679261893e-14,"Cyc1-201",3.34127679261893e-14,"Up"
1.25338249707416e-18,1.19516914057259,0.181,0.364,9.63274584301379e-14,"Cul2-205",9.63274584301379e-14,"Up"
1.69494150729265e-18,1.40311931647676,0.183,0.369,1.30263034601469e-13,"Med7-203",1.30263034601469e-13,"Up"
2.93187456090657e-18,1.49049577217784,0.535,0.588,2.25326287503914e-13,"Riok3-215",2.25326287503914e-13,"Up"
4.24350391047588e-18,1.11490454760753,0.63,0.805,3.26130249535713e-13,"Calm3-201",3.26130249535713e-13,"Up"
8.1651454716948e-18,1.04378949262808,0.25,0.487,6.27524090081632e-13,"Commd4-204",6.27524090081632e-13,"Up"
1.04273416389388e-17,2.38654680266603,0.373,0.318,8.01382914319003e-13,"Srgn-204",8.01382914319003e-13,"Up"
1.05402629745148e-17,2.11405803374606,0.421,0.415,8.10061370643364e-13,"Serp1-201",8.10061370643364e-13,"Up"
2.83596517339725e-17,1.42061792090722,0.559,0.658,2.17955267436272e-12,"Riok3-204",2.17955267436272e-12,"Up"
4.3000608512316e-17,1.35512708367899,0.211,0.406,3.30476876660553e-12,"Arpp19-201",3.30476876660553e-12,"Up"
1.26279587174147e-16,1.13167574669548,0.218,0.425,9.70509139268188e-12,"Jagn1-201",9.70509139268188e-12,"Up"
1.06485271215465e-15,1.09137126827965,0.227,0.428,8.18381903399333e-11,"Pou2f3-202",8.18381903399333e-11,"Up"
2.42531574381098e-15,1.21129636070286,0.223,0.429,1.86395216174849e-10,"Atpaf1-207",1.86395216174849e-10,"Up"
3.44457369082972e-15,1.81760550544919,0.532,0.616,2.64729266435027e-10,"Ddx39a-201",2.64729266435027e-10,"Up"
4.63892040339845e-15,1.2826888725728,0.274,0.513,3.56519588682785e-10,"Srp19-201",3.56519588682785e-10,"Up"
5.61132282548657e-15,1.11839050110176,0.169,0.33,4.31252604429945e-10,"Tiparp-201",4.31252604429945e-10,"Up"
6.11152303653295e-15,1.17434625014466,0.194,0.369,4.69694991449703e-10,"Itm2b-201",4.69694991449703e-10,"Up"
6.57833897187739e-15,2.31114312307818,0.394,0.382,5.05571663344665e-10,"H2aj-201",5.05571663344665e-10,"Up"
6.78930432274576e-15,1.0949137995208,0.291,0.539,5.21785194420303e-10,"Brap-201",5.21785194420303e-10,"Up"
8.45541119074942e-15,1.45571194176493,0.18,0.341,6.49832171653856e-10,"Tbp-201",6.49832171653856e-10,"Up"
1.03980285242895e-14,1.21966755910429,0.228,0.434,7.99130084205748e-10,"Atpaf1-203",7.99130084205748e-10,"Up"
2.83313697120253e-14,1.21277918955067,0.193,0.366,2.17737908784799e-09,"Gde1-201",2.17737908784799e-09,"Up"
2.98280338922476e-14,1.4444522294269,0.204,0.384,2.2924037167548e-09,"Gng5-201",2.2924037167548e-09,"Up"
3.14984456364875e-14,1.30878788832709,0.236,0.444,2.42078154094661e-09,"Commd4-201",2.42078154094661e-09,"Up"
6.82341000353725e-14,1.28850119942303,0.212,0.396,5.24406352411852e-09,"Prdx5-201",5.24406352411852e-09,"Up"
1.05765634969461e-13,1.01067667313099,0.296,0.533,8.12851210994293e-09,"Pttg1ip-201",8.12851210994293e-09,"Up"
1.61877099678453e-13,1.28024876647708,0.178,0.332,1.24409026186878e-08,"Ap1m1-201",1.24409026186878e-08,"Up"
1.89146100178745e-13,1.31745657607333,0.243,0.453,1.45366343831372e-08,"Fbxo22-201",1.45366343831372e-08,"Up"
1.8008451374347e-12,1.07112777236015,0.662,0.818,1.38402152192407e-07,"Pgam1-201",1.38402152192407e-07,"Up"
1.86887184736705e-12,1.37975441085538,0.516,0.533,1.43630276957548e-07,"H3c2-201",1.43630276957548e-07,"Up"
2.39033729671693e-12,1.93161222521325,0.519,0.617,1.83706982601883e-07,"Myl6-201",1.83706982601883e-07,"Up"
3.58305659852126e-12,1.70298061207998,0.461,0.542,2.75372231822753e-07,"Nopchap1-201",2.75372231822753e-07,"Up"
5.64738464777665e-12,1.35252870077114,0.194,0.357,4.34024099720226e-07,"Fbxo22-203",4.34024099720226e-07,"Up"
8.7625157865543e-12,1.43499132581928,0.572,0.731,6.73434388259845e-07,"Ubxn1-202",6.73434388259845e-07,"Up"
1.40667791117521e-11,1.18494261157584,0.61,0.801,1.08108824185459e-06,"Slc25a3-201",1.08108824185459e-06,"Up"
2.85306016802375e-11,1.25144210282338,0.376,0.337,2.19269086153298e-06,"Hif1a-203",2.19269086153298e-06,"Up"
3.01073549944938e-11,2.1805669117041,0.332,0.298,2.31387066074683e-06,"Srgn-201",2.31387066074683e-06,"Up"
3.36652217264592e-11,1.2045192850989,0.366,0.283,2.5873069505653e-06,"Hnrnpa3-202",2.5873069505653e-06,"Up"
4.7428969933292e-11,1.03836399246652,0.294,0.493,3.64510605525322e-06,"Gng12-207",3.64510605525322e-06,"Up"
5.3345067371884e-11,1.53728943742237,0.518,0.603,4.09978180779877e-06,"Plp2-201",4.09978180779877e-06,"Up"
9.68047511851178e-11,1.87303616860248,0.468,0.538,7.43983234758105e-06,"Myl6-206",7.43983234758105e-06,"Up"
2.43199502895152e-10,1.63762129478796,0.419,0.456,1.8690854595504e-05,"Ddx39a-203",1.8690854595504e-05,"Up"
2.60032010296096e-10,1.03610929547448,0.257,0.434,1.99845001192961e-05,"Cltb-202",1.99845001192961e-05,"Up"
3.81341594060879e-10,1.88514714681156,0.457,0.526,2.93076268699548e-05,"Myl6-202",2.93076268699548e-05,"Up"
7.02266475619541e-10,1.13312090237344,0.226,0.389,5.39719877172642e-05,"Cdc42se2-201",5.39719877172642e-05,"Up"
7.60271546964547e-10,1.35899931116915,0.293,0.516,5.84299094704133e-05,"Pfdn6-201",5.84299094704133e-05,"Up"
1.05025063370279e-09,1.56530280949135,0.209,0.359,8.07159622025945e-05,"Tbp-211",8.07159622025945e-05,"Up"
1.08821679633319e-09,1.73866192776747,0.528,0.661,8.36338136653912e-05,"Mrpl23-201",8.36338136653912e-05,"Up"
1.90725060889131e-09,1.13485362109545,0.204,0.353,0.000146579838295733,"Psma7-203",0.000146579838295733,"Up"
2.13526375556185e-09,1.06870248479405,0.259,0.449,0.00016410356066995,"Rab3gap1-205",0.00016410356066995,"Up"
2.57156781643225e-09,2.10931427588255,0.42,0.479,0.000197635272964084,"Ubald2-201",0.000197635272964084,"Up"
2.72900373521397e-09,1.23583686979247,0.284,0.495,0.000209734853066135,"Taf10-203",0.000209734853066135,"Up"
5.44479293226593e-09,1.00313502101629,0.203,0.341,0.000418454116016366,"Fech-205",0.000418454116016366,"Up"
7.00458716318166e-09,1.08254317586312,0.245,0.421,0.000538330541839163,"Gys1-206",0.000538330541839163,"Up"
7.06417416318079e-09,1.19264465644708,0.219,0.373,0.000542910041137096,"Itga5-201",0.000542910041137096,"Up"
1.63283138772448e-08,1.19401782920208,0.197,0.333,0.00125489623472177,"Galnt2-201",0.00125489623472177,"Up"
2.16193705527282e-08,1.88216277210593,0.441,0.518,0.00166153510445937,"Myl6-211",0.00166153510445937,"Up"
2.7623632864635e-08,1.16190603070258,0.199,0.339,0.00212298668017866,"Ndufb11-201",0.00212298668017866,"Up"
2.82514019789507e-08,1.14031230928914,0.274,0.464,0.00217123324769027,"Ing2-201",0.00217123324769027,"Up"
2.91795714756889e-08,1.1382658616247,0.555,0.739,0.00224256678619259,"Bag1-203",0.00224256678619259,"Up"
3.47733166759242e-08,1.09716450934414,0.225,0.362,0.00267246847981147,"Tpm1-212",0.00267246847981147,"Up"
4.0941339948505e-08,1.12985378055819,0.207,0.346,0.0031465057404024,"Pnrc2-201",0.0031465057404024,"Up"
4.13464102902252e-08,1.03400267879334,0.238,0.395,0.00317763701644497,"H2-D1-202",0.00317763701644497,"Up"
4.1555301558832e-08,1.57061920608163,0.419,0.478,0.00319369114600248,"Ddx39a-205",0.00319369114600248,"Up"
4.24498765329718e-08,1.59065413749945,0.428,0.454,0.00326244281106501,"Arl6ip1-201",0.00326244281106501,"Up"
4.94884652769236e-08,1.03557707581576,0.288,0.488,0.00380338651039269,"Gys1-201",0.00380338651039269,"Up"
8.48581028255896e-08,1.84991445602165,0.199,0.332,0.00652168463455786,"Tbp-203",0.00652168463455786,"Up"
9.23021018786699e-08,1.11600093139326,0.236,0.394,0.0070937857377833,"Acads-202",0.0070937857377833,"Up"
9.54609463740824e-08,1.28358521890449,0.283,0.463,0.00733655557263373,"Pafah1b2-201",0.00733655557263373,"Up"
