"p_val","avg_log2FC","pct.1","pct.2","p_val_adj","gene","p_val_adj_plot","Significance"
1.1629187492614e-154,8.3734550009262,0.526,0.003,8.93749575557355e-150,"Cts6-201",8.93749575557355e-150,"Up"
3.59215666069407e-125,7.03771976278845,0.758,0.101,2.76071608000982e-120,"Ctsj-202",2.76071608000982e-120,"Up"
7.80355175790733e-119,8.31639133632507,0.696,0.085,5.9973416680221e-114,"Prl3b1-201",5.9973416680221e-114,"Up"
4.91876947044976e-94,7.44582116670543,0.593,0.076,3.78027108881946e-89,"Ctsq-201",3.78027108881946e-89,"Up"
1.78968335524417e-92,5.49937136540467,0.649,0.078,1.37544324583935e-87,"Ctsj-201",1.37544324583935e-87,"Up"
1.98372527551512e-76,4.35244171963167,0.598,0.095,1.52457222324439e-71,"Ftl1-206",1.52457222324439e-71,"Up"
1.64723348903949e-63,5.64655356802716,0.567,0.123,1.26596482566641e-58,"Prl2b1-202",1.26596482566641e-58,"Up"
5.74928350908021e-55,5.09389585817937,0.727,0.323,4.4185543480685e-50,"Tfpi-206",4.4185543480685e-50,"Up"
1.09011590325787e-54,5.03787802468675,0.722,0.313,8.37797676289806e-50,"Tfpi-201",8.37797676289806e-50,"Up"
1.61447083921682e-52,3.53591316131533,0.716,0.234,1.2407854187717e-47,"Ftl1-203",1.2407854187717e-47,"Up"
8.44635607180722e-52,-1.34568260530422,0.84,0.995,6.49136249542672e-47,"Ptma-201",6.49136249542672e-47,"Down"
1.15311783410562e-51,-1.81401028465007,0.412,0.925,8.86217180223534e-47,"Srrm2-210",8.86217180223534e-47,"Down"
2.86570623110427e-51,-2.2883555371495,0.392,0.907,2.20240986685287e-46,"Peg3-201",2.20240986685287e-46,"Down"
7.2431073482935e-50,5.07655305003155,0.412,0.069,5.56661772145749e-45,"Prl7d1-201",5.56661772145749e-45,"Up"
1.90771061725617e-46,5.2200254094097,0.335,0.038,1.46615191778606e-41,"Ctsq-202",1.46615191778606e-41,"Up"
2.15456289711583e-46,-2.01526800423584,0.227,0.828,1.6558677689494e-41,"Huwe1-201",1.6558677689494e-41,"Down"
3.72500365543419e-46,4.57633228322784,0.418,0.078,2.8628143093474e-41,"Prl7d1-203",2.8628143093474e-41,"Up"
3.30024465560438e-45,-1.83645418900602,0.201,0.798,2.53637002761819e-40,"Mki67-201",2.53637002761819e-40,"Down"
3.37464124717674e-45,-1.37208833415962,0.624,0.982,2.59354678410521e-40,"Hnrnpu-201",2.59354678410521e-40,"Down"
1.33381821484842e-44,-2.10445977659789,0.356,0.861,1.0250926508396e-39,"Tcp1-209",1.0250926508396e-39,"Down"
1.98044580670072e-44,-1.59487627272854,0.32,0.9,1.52205182028177e-39,"Ankrd17-201",1.52205182028177e-39,"Down"
9.08967722183151e-44,-1.85113120842881,0.258,0.823,6.98578053206639e-39,"Thrap3-201",6.98578053206639e-39,"Down"
1.35467127947662e-43,-1.78162008318316,0.284,0.846,1.04111906512896e-38,"Eif3b-201",1.04111906512896e-38,"Down"
2.07928473785682e-42,-3.20353501949255,0.103,0.677,1.59801349243248e-37,"Ccna2-201",1.59801349243248e-37,"Down"
3.07251348964453e-42,-2.79542134028122,0.165,0.726,2.36134951733141e-37,"Plec-201",2.36134951733141e-37,"Down"
3.10366169097668e-42,-2.17906754425871,0.139,0.729,2.38528815598321e-37,"Epcam-201",2.38528815598321e-37,"Down"
3.20759470794527e-42,-2.27853313178725,0.278,0.792,2.46516483684426e-37,"Prrc2c-210",2.46516483684426e-37,"Down"
4.76941399104609e-42,-3.34795138723559,0.129,0.685,3.66548542867856e-37,"Dnmt1-201",3.66548542867856e-37,"Down"
9.01899233687745e-42,-2.42328232356295,0.149,0.722,6.9314563705838e-37,"Crebbp-201",6.9314563705838e-37,"Down"
1.76454757200444e-41,-2.18116828165732,0.175,0.725,1.35612539098829e-36,"Tle3-204",1.35612539098829e-36,"Down"
2.63009972022459e-41,-1.90386870515681,0.18,0.752,2.02133683898141e-36,"Supt16-201",2.02133683898141e-36,"Down"
2.86073907966413e-41,-2.42515391986917,0.387,0.85,2.19859241228507e-36,"Morf4l2-204",2.19859241228507e-36,"Down"
3.2488320950028e-41,-2.00858501917859,0.155,0.729,2.49685741829345e-36,"Ankrd11-202",2.49685741829345e-36,"Down"
5.67097727652795e-41,-1.77820672116696,0.222,0.793,4.35837287610279e-36,"Ldoc1-201",4.35837287610279e-36,"Down"
1.01153708479317e-40,-2.00043339777479,0.144,0.726,7.7740671114694e-36,"Epcam-204",7.7740671114694e-36,"Down"
1.22777014819151e-40,-2.28223514707529,0.18,0.745,9.43590469691103e-36,"Ssrp1-201",9.43590469691103e-36,"Down"
2.05747278906477e-40,-1.49066073251323,0.309,0.861,1.58125013730784e-35,"Ankrd17-203",1.58125013730784e-35,"Down"
3.5499880300316e-40,-2.1396371288621,0.211,0.751,2.72830780060049e-35,"Ppm1g-201",2.72830780060049e-35,"Down"
4.67434788635432e-40,-3.19249546045935,0.098,0.646,3.59242332457875e-35,"Mdn1-201",3.59242332457875e-35,"Down"
6.73179399413527e-40,-2.33185929497947,0.273,0.767,5.17365295625272e-35,"Prrc2c-202",5.17365295625272e-35,"Down"
2.57403641735376e-39,-1.53307152364512,0.268,0.857,1.97824994819306e-34,"Hmgn5-201",1.97824994819306e-34,"Down"
2.90147717566812e-39,-1.56570118679379,0.253,0.837,2.22990126858798e-34,"Tcf20-201",2.22990126858798e-34,"Down"
2.93337121949285e-39,-2.48910178603968,0.17,0.71,2.25441311702903e-34,"Plec-206",2.25441311702903e-34,"Down"
3.63428812812774e-39,-1.65602200036075,0.201,0.758,2.7930957979913e-34,"Ubr4-201",2.7930957979913e-34,"Down"
4.01720434857612e-39,-1.57268239394693,0.284,0.832,3.08738223005469e-34,"H2az1-201",3.08738223005469e-34,"Down"
6.54512975423748e-39,2.42139720051021,0.655,0.231,5.03019402132167e-34,"Ftl1-202",5.03019402132167e-34,"Up"
1.63991375658835e-38,-1.57659744839035,0.242,0.821,1.26033931848841e-33,"Tcf20-202",1.26033931848841e-33,"Down"
1.72689629552509e-38,-2.18328528173756,0.17,0.724,1.32718887896285e-33,"Ep400-201",1.32718887896285e-33,"Down"
8.037134889826e-38,-1.87981015333798,0.155,0.703,6.17685964822687e-33,"Ankrd11-203",6.17685964822687e-33,"Down"
1.02792417014227e-37,-1.42577809678474,0.351,0.878,7.90000841721138e-33,"Cct2-201",7.90000841721138e-33,"Down"
1.79363802026006e-37,-3.30394632025033,0.072,0.603,1.37848256409066e-32,"Kif20a-205",1.37848256409066e-32,"Down"
1.94937721591105e-37,-1.65583895517709,0.206,0.751,1.49817436551628e-32,"Numa1-201",1.49817436551628e-32,"Down"
2.06239668282505e-37,-1.1164741244685,0.186,0.769,1.58503434661836e-32,"Kmt2d-201",1.58503434661836e-32,"Down"
3.36188714812417e-37,-1.70787946990222,0.552,0.924,2.58374474881935e-32,"Hmgb1-201",2.58374474881935e-32,"Down"
5.24668822317855e-37,-1.95540397708346,0.32,0.812,4.03228976704164e-32,"Tra2b-204",4.03228976704164e-32,"Down"
5.91651294323486e-37,-2.4493991135917,0.165,0.69,4.54707685739372e-32,"Sik1-201",4.54707685739372e-32,"Down"
8.3746827295265e-37,-1.23207255394711,0.773,0.979,6.4362786649503e-32,"Ppia-202",6.4362786649503e-32,"Down"
1.2548403251654e-36,-2.21995140904832,0.175,0.695,9.64394983502617e-32,"Smarca4-202",9.64394983502617e-32,"Down"
1.51809756896417e-36,-1.08541887687222,0.655,0.963,1.16671870565172e-31,"Rack1-201",1.16671870565172e-31,"Down"
1.55982785793402e-36,-1.28056729166326,0.253,0.784,1.19879010193661e-31,"Smarce1-201",1.19879010193661e-31,"Down"
1.63273805335207e-36,3.11642997718574,0.608,0.246,1.2548245035232e-31,"Ctla2a-201",1.2548245035232e-31,"Up"
1.88582019976722e-36,-1.00712984160737,0.469,0.944,1.4493282563291e-31,"Eif3a-201",1.4493282563291e-31,"Down"
2.2034805438101e-36,-1.9776321093573,0.206,0.743,1.69346293713982e-31,"Srsf1-205",1.69346293713982e-31,"Down"
3.88210505090415e-36,-1.08199289438779,0.186,0.759,2.98355301582188e-31,"Kmt2d-202",2.98355301582188e-31,"Down"
4.32366716652002e-36,-1.64156784252004,0.247,0.784,3.3229111641573e-31,"Nup50-201",3.3229111641573e-31,"Down"
5.863212777948e-36,-1.40154981148113,0.325,0.843,4.50611354836416e-31,"Noct-202",4.50611354836416e-31,"Down"
6.62174876367126e-36,-1.72518378008963,0.201,0.733,5.08907879483191e-31,"Nsd1-201",5.08907879483191e-31,"Down"
1.05988617774114e-35,-1.81499769567316,0.139,0.66,8.14564923041179e-31,"Irx3-202",8.14564923041179e-31,"Down"
1.21378018834488e-35,-1.64654071311779,0.206,0.743,9.32838625950573e-31,"Smc1a-201",9.32838625950573e-31,"Down"
1.60088763955711e-35,-1.79096204421992,0.17,0.705,1.23034618650522e-30,"Ep400-204",1.23034618650522e-30,"Down"
2.69648998513213e-35,-1.32351356906325,0.691,0.975,2.07236041317344e-30,"Ncl-201",2.07236041317344e-30,"Down"
3.76044779860166e-35,-1.68268123743622,0.201,0.739,2.89005455113732e-30,"Safb-207",2.89005455113732e-30,"Down"
4.3218693796807e-35,-1.87754763927818,0.211,0.737,3.3215294930598e-30,"Chd4-203",3.3215294930598e-30,"Down"
4.62653058080876e-35,-1.31994177757954,0.371,0.862,3.55567381257477e-30,"Ddx3x-201",3.55567381257477e-30,"Down"
4.90721795929252e-35,-2.36210002200398,0.124,0.628,3.77139329043467e-30,"Mcm6-201",3.77139329043467e-30,"Down"
5.12501100038237e-35,-1.86379112503478,0.16,0.704,3.93877595423386e-30,"Ncoa6-203",3.93877595423386e-30,"Down"
5.33619113327617e-35,-1.43936633823167,0.299,0.849,4.10107633356806e-30,"Mrfap1-201",4.10107633356806e-30,"Down"
5.57468064882654e-35,-3.22657976938538,0.088,0.589,4.28436506584915e-30,"Mdn1-211",4.28436506584915e-30,"Down"
7.04432597889996e-35,-1.82842879224788,0.423,0.861,5.41384628782378e-30,"Hnrnpf-201",5.41384628782378e-30,"Down"
9.95604777709117e-35,-1.84970252515571,0.16,0.702,7.65162095860565e-30,"Ncoa6-201",7.65162095860565e-30,"Down"
1.5011058144339e-34,-2.00962482190586,0.165,0.68,1.15365986262503e-29,"Hexim1-201",1.15365986262503e-29,"Down"
2.6203268182255e-34,-1.71971200009196,0.423,0.842,2.01382597287903e-29,"Fus-203",2.01382597287903e-29,"Down"
2.63753137868067e-34,-1.78291208337608,0.17,0.707,2.02704836577124e-29,"Prpf8-201",2.02704836577124e-29,"Down"
3.21627173759403e-34,-1.58704721144614,0.294,0.795,2.47183348121052e-29,"Scaf11-201",2.47183348121052e-29,"Down"
4.8811708817963e-34,-1.22744540458265,0.201,0.752,3.75137506949573e-29,"Dync1h1-201",3.75137506949573e-29,"Down"
6.340051879894e-34,-1.5655110178432,0.278,0.808,4.87258347177374e-29,"Psmd3-201",4.87258347177374e-29,"Down"
1.15007351787193e-33,4.26598580234824,0.526,0.198,8.83877501425297e-29,"Ctla2a-204",8.83877501425297e-29,"Up"
1.33448786724291e-33,-1.33701306813614,0.299,0.804,1.02560730549087e-28,"Dsp-201",1.02560730549087e-28,"Down"
1.57997132934844e-33,1.70445370785189,0.892,0.94,1.21427116545745e-28,"Rhox9-201",1.21427116545745e-28,"Up"
2.04225771621211e-33,-1.90838215008839,0.216,0.724,1.56955674521765e-28,"Tjp1-202",1.56955674521765e-28,"Down"
2.08712165557879e-33,-1.86745905469523,0.191,0.696,1.60403647717852e-28,"Srpk1-204",1.60403647717852e-28,"Down"
2.19886448292917e-33,-1.16202821140942,0.335,0.866,1.68991530971038e-28,"Hmgb2-201",1.68991530971038e-28,"Down"
2.42829349255186e-33,2.78246279900153,0.454,0.128,1.86624068076581e-28,"Ppia-204",1.86624068076581e-28,"Up"
2.59841585829581e-33,-3.03374954703965,0.088,0.587,1.99698652373466e-28,"Arid2-201",1.99698652373466e-28,"Down"
2.64749351243683e-33,-1.29046452164151,0.325,0.839,2.0347046640482e-28,"Tpr-203",2.0347046640482e-28,"Down"
2.8002288355822e-33,-1.92661238371663,0.191,0.687,2.15208786929834e-28,"Smarca4-201",2.15208786929834e-28,"Down"
2.87327634641895e-33,-1.86105589634206,0.309,0.782,2.20822780327682e-28,"Smdt1-201",2.20822780327682e-28,"Down"
3.37174814345967e-33,-1.2320080009037,0.438,0.934,2.5913233181745e-28,"Anp32b-201",2.5913233181745e-28,"Down"
3.44026740165651e-33,-1.81978368650753,0.196,0.702,2.6439831088691e-28,"Jak1-201",2.6439831088691e-28,"Down"
4.44187406232107e-33,4.20790054033157,0.521,0.196,3.41375789185623e-28,"Ctla2a-202",3.41375789185623e-28,"Up"
6.92043885542721e-33,-1.77276472248189,0.186,0.685,5.31863407795003e-28,"Ubr4-212",5.31863407795003e-28,"Down"
7.10304364229729e-33,-2.874056255776,0.062,0.554,5.45897316085116e-28,"Cenpf-204",5.45897316085116e-28,"Down"
7.87709144684581e-33,-1.27262017333407,0.108,0.617,6.05385986055888e-28,"Spen-201",6.05385986055888e-28,"Down"
8.47127763481672e-33,-3.00314249296349,0.072,0.562,6.51051571346204e-28,"Kif20a-202",6.51051571346204e-28,"Down"
8.76758174620128e-33,-2.734420869386,0.119,0.608,6.73823727522553e-28,"Tcof1-202",6.73823727522553e-28,"Down"
9.68112659811568e-33,-1.72624487777638,0.149,0.655,7.44033303571582e-28,"Ankrd11-201",7.44033303571582e-28,"Down"
9.81389869439201e-33,-1.94836227378518,0.144,0.647,7.54237370258803e-28,"Mcm4-201",7.54237370258803e-28,"Down"
1.0026220050593e-32,-1.99193612875233,0.18,0.687,7.70555115768277e-28,"Arid1a-205",7.70555115768277e-28,"Down"
1.25650235215467e-32,-2.96365617987521,0.072,0.56,9.65672317724953e-28,"Kif20a-201",9.65672317724953e-28,"Down"
1.31528048044808e-32,-1.82023262763583,0.124,0.61,1.01084566044356e-27,"Mcm6-203",1.01084566044356e-27,"Down"
1.77366335181791e-32,-1.57368198372313,0.278,0.798,1.36313123240614e-27,"Sf1-208",1.36313123240614e-27,"Down"
1.95827706590039e-32,4.15773105666293,0.521,0.199,1.50501425622709e-27,"Ctla2a-209",1.50501425622709e-27,"Up"
2.15888153605517e-32,-2.24368758387697,0.108,0.611,1.65918681571984e-27,"Spen-202",1.65918681571984e-27,"Down"
2.17152899051619e-32,-1.64612211602334,0.222,0.73,1.66890689037131e-27,"Taf15-201",1.66890689037131e-27,"Down"
2.37545182552457e-32,-1.64518465863573,0.273,0.79,1.82562974598865e-27,"Ap2m1-201",1.82562974598865e-27,"Down"
3.23892423319016e-32,-1.71835874828067,0.165,0.676,2.48924283017597e-27,"Rrm1-201",2.48924283017597e-27,"Down"
3.91199683968183e-32,-2.77550478340904,0.119,0.616,3.00652605116907e-27,"Ddx39a-201",3.00652605116907e-27,"Down"
3.99360814372518e-32,-1.48710160755082,0.191,0.742,3.06924760277855e-27,"Lmnb1-201",3.06924760277855e-27,"Down"
4.74154475633326e-32,-1.45915580993474,0.351,0.815,3.64406680703236e-27,"Zfand5-205",3.64406680703236e-27,"Down"
5.39113860231972e-32,-1.38812832973954,0.263,0.76,4.1433056614268e-27,"Brd4-203",4.1433056614268e-27,"Down"
6.17242749841817e-32,-2.57078059101887,0.155,0.624,4.7437574296343e-27,"Plec-207",4.7437574296343e-27,"Down"
6.35133427449883e-32,-2.48458682117542,0.119,0.612,4.88125444332333e-27,"Tfrc-201",4.88125444332333e-27,"Down"
8.27329765601712e-32,-1.21707983907984,0.351,0.881,6.3583601805554e-27,"Kpnb1-201",6.3583601805554e-27,"Down"
1.28754632269572e-31,-1.32726895724354,0.299,0.797,9.89530850844568e-27,"Cct5-201",9.89530850844568e-27,"Down"
1.32744038744635e-31,3.84270844387121,0.515,0.196,1.02019103536802e-26,"Ctla2a-203",1.02019103536802e-26,"Up"
1.44792516204726e-31,-1.21927142320398,0.51,0.928,1.1127884040398e-26,"Mdh2-201",1.1127884040398e-26,"Down"
1.74051494428083e-31,-2.51855339030992,0.124,0.615,1.33765535527759e-26,"Uhrf1-201",1.33765535527759e-26,"Down"
2.24421654310987e-31,-1.17450575674212,0.309,0.825,1.72477018204166e-26,"Strap-201",1.72477018204166e-26,"Down"
2.27537324741755e-31,-2.53026694208118,0.108,0.585,1.74871535557028e-26,"Mcm2-201",1.74871535557028e-26,"Down"
2.41799780297477e-31,-1.8554359273025,0.165,0.658,1.85832803149823e-26,"Ssrp1-209",1.85832803149823e-26,"Down"
2.46500675564363e-31,-2.120704015836,0.082,0.566,1.89445629198236e-26,"Mcm3-201",1.89445629198236e-26,"Down"
2.74079785792739e-31,-2.15089308883873,0.175,0.666,2.10641278573152e-26,"Birc6-218",2.10641278573152e-26,"Down"
3.51802445606999e-31,-1.33235079483378,0.216,0.726,2.70374251546803e-26,"Psmd1-201",2.70374251546803e-26,"Down"
3.70465124849447e-31,-2.45563880123544,0.103,0.592,2.84717267051794e-26,"Bptf-201",2.84717267051794e-26,"Down"
4.18518923896449e-31,-3.53944063522338,0.052,0.518,3.21648533771377e-26,"Zxdb-201",3.21648533771377e-26,"Down"
5.27752255661103e-31,-1.51787385794613,0.247,0.734,4.05598718565784e-26,"Rest-201",4.05598718565784e-26,"Down"
7.83798165766056e-31,-2.01206434596883,0.139,0.619,6.02380242317845e-26,"Ahctf1-201",6.02380242317845e-26,"Down"
1.03685549215434e-30,-1.22017401350585,0.289,0.817,7.96864919940298e-26,"Eif3i-201",7.96864919940298e-26,"Down"
1.17619310236219e-30,-2.84405699265934,0.144,0.608,9.03951446889437e-26,"Tle3-201",9.03951446889437e-26,"Down"
1.19327981104909e-30,-3.38851900056815,0.072,0.537,9.17083265983671e-26,"Utp14b-201",9.17083265983671e-26,"Down"
1.26036354486216e-30,-1.59555309456956,0.247,0.748,9.68639798768365e-26,"Chd4-201",9.68639798768365e-26,"Down"
1.41714573715617e-30,-1.94359305914934,0.175,0.667,1.08913318483401e-25,"Fubp3-202",1.08913318483401e-25,"Down"
1.44553497224237e-30,-2.34070037518214,0.155,0.613,1.11095144756715e-25,"Plec-204",1.11095144756715e-25,"Down"
1.54326480384277e-30,-1.88374655099443,0.186,0.662,1.18606073234532e-25,"Smarca4-204",1.18606073234532e-25,"Down"
1.6871164263523e-30,-1.56098968515215,0.134,0.625,1.2966164583088e-25,"Dhx38-201",1.2966164583088e-25,"Down"
1.70131374743817e-30,-1.63190180051491,0.149,0.648,1.30752766745613e-25,"Son-203",1.30752766745613e-25,"Down"
1.73925408860285e-30,-2.02568054309568,0.191,0.677,1.33668633725483e-25,"Birc6-202",1.33668633725483e-25,"Down"
2.20579953039775e-30,-1.78276187390337,0.196,0.677,1.69524517109188e-25,"Jarid2-208",1.69524517109188e-25,"Down"
2.2221015358956e-30,-1.17733323239779,0.258,0.771,1.7077739143972e-25,"Flnb-201",1.7077739143972e-25,"Down"
3.31960867366326e-30,-1.57966472872514,0.186,0.687,2.55125205005716e-25,"Sf3b3-201",2.55125205005716e-25,"Down"
3.36101944714077e-30,-1.60563266803354,0.139,0.629,2.58307788590557e-25,"Son-208",2.58307788590557e-25,"Down"
3.49662526342228e-30,-2.14051967833135,0.165,0.631,2.68729637995056e-25,"Plec-203",2.68729637995056e-25,"Down"
3.62439183527084e-30,-3.03358486438247,0.155,0.605,2.78549010107905e-25,"Myc-205",2.78549010107905e-25,"Down"
3.74661810364818e-30,-2.04993335975314,0.155,0.616,2.87942587737778e-25,"Plec-218",2.87942587737778e-25,"Down"
6.83365294535819e-30,-2.19095711559638,0.175,0.642,5.25193563462558e-25,"Srpk1-212",5.25193563462558e-25,"Down"
6.84674495086578e-30,-1.5703214925161,0.155,0.657,5.26199736453839e-25,"Cdca8-202",5.26199736453839e-25,"Down"
6.92732950733668e-30,-2.02965901357974,0.129,0.6,5.32392981956853e-25,"Tcof1-204",5.32392981956853e-25,"Down"
7.9007960969305e-30,-2.27121355602677,0.129,0.605,6.07207783233496e-25,"Pcm1-204",6.07207783233496e-25,"Down"
8.3552028483712e-30,-1.13104930679469,0.237,0.717,6.4213075970872e-25,"Hcfc1-201",6.4213075970872e-25,"Down"
1.06070353416192e-29,-1.53927892037762,0.191,0.683,8.15193094144802e-25,"Anapc5-201",8.15193094144802e-25,"Down"
1.06389831858374e-29,-1.96486194106834,0.155,0.612,8.17648413764349e-25,"Plec-221",8.17648413764349e-25,"Down"
1.36053249061036e-29,-1.48821274241203,0.144,0.611,1.04562364033369e-24,"Selenot-201",1.04562364033369e-24,"Down"
1.51143413419075e-29,-1.48270124139231,0.186,0.687,1.16159758949096e-24,"Trrap-201",1.16159758949096e-24,"Down"
1.75552484172655e-29,-1.85163047140579,0.211,0.693,1.34919106186052e-24,"Arid3a-201",1.34919106186052e-24,"Down"
1.79902400062289e-29,-1.23730131643187,0.309,0.802,1.38262190543871e-24,"Nsmce4a-202",1.38262190543871e-24,"Down"
2.10057838219266e-29,-1.39674301839003,0.186,0.678,1.61437850985034e-24,"Selenoh-203",1.61437850985034e-24,"Down"
2.56682798436911e-29,-2.05919709722584,0.155,0.603,1.97270997910703e-24,"Plec-217",1.97270997910703e-24,"Down"
2.80148147480669e-29,-1.01675701572855,0.361,0.847,2.15305057264793e-24,"Atp1a1-201",2.15305057264793e-24,"Down"
2.81206551994051e-29,-2.10614010189419,0.134,0.603,2.16118483469508e-24,"Plp2-201",2.16118483469508e-24,"Down"
2.93892271932658e-29,-1.10490575483103,0.17,0.689,2.25867966671125e-24,"Sptan1-202",2.25867966671125e-24,"Down"
3.09127212324645e-29,-2.00555007988389,0.082,0.546,2.37576627759983e-24,"Mcm3-202",2.37576627759983e-24,"Down"
3.34478178210932e-29,-2.03595068094144,0.155,0.602,2.57059859082229e-24,"Plec-215",2.57059859082229e-24,"Down"
3.83779950237447e-29,-1.49162725027929,0.284,0.779,2.94950242955487e-24,"Erp29-203",2.94950242955487e-24,"Down"
6.74620208885755e-29,-1.58176863102749,0.242,0.726,5.18472615337058e-24,"Tardbp-202",5.18472615337058e-24,"Down"
7.82463395014536e-29,-1.42158821087575,0.155,0.643,6.01354417604471e-24,"Son-202",6.01354417604471e-24,"Down"
8.08940114615257e-29,-1.96621944257558,0.098,0.586,6.21702835686409e-24,"Alas2-201",6.21702835686409e-24,"Down"
8.15580189473478e-29,-1.36398761524518,0.387,0.864,6.26805998817947e-24,"Atp5pb-201",6.26805998817947e-24,"Down"
9.02053001223871e-29,-1.43252297772363,0.18,0.661,6.93263813560594e-24,"Anapc5-203",6.93263813560594e-24,"Down"
9.22006175231081e-29,-1.1651118006545,0.139,0.625,7.08598625912095e-24,"Pom121-201",7.08598625912095e-24,"Down"
9.60835079609242e-29,-1.95876265585495,0.134,0.614,7.38440192082886e-24,"Cdca8-201",7.38440192082886e-24,"Down"
1.01189612228639e-28,-1.44486889372707,0.206,0.694,7.77682645821979e-24,"Nup153-201",7.77682645821979e-24,"Down"
1.11461057175909e-28,-1.55930951947951,0.423,0.828,8.5662280881973e-24,"Hnrnpf-209",8.5662280881973e-24,"Down"
1.32119700665858e-28,-1.26446275048062,0.314,0.792,1.01539274749739e-23,"Hnrnpab-202",1.01539274749739e-23,"Down"
1.35713792790566e-28,-1.18382237547248,0.211,0.693,1.04301478311262e-23,"Supt6-201",1.04301478311262e-23,"Down"
1.52954838428939e-28,-1.20336841791407,0.242,0.726,1.17551911526177e-23,"Nupl1-201",1.17551911526177e-23,"Down"
1.57005593338772e-28,1.73475472064594,0.902,0.795,1.2066507870458e-23,"Actg1-204",1.2066507870458e-23,"Up"
1.62304987259257e-28,-1.74768660894742,0.119,0.588,1.24737874908229e-23,"Son-204",1.24737874908229e-23,"Down"
1.7138881233658e-28,-1.38646970417712,0.098,0.581,1.31719157833155e-23,"Slc38a6-208",1.31719157833155e-23,"Down"
1.84014263346699e-28,-1.8470825148617,0.186,0.658,1.41422321952472e-23,"Birc6-213",1.41422321952472e-23,"Down"
2.14471556193235e-28,4.63347192349795,0.34,0.089,1.64829969796749e-23,"Ctsr-201",1.64829969796749e-23,"Up"
2.3637427412979e-28,-1.89130428771459,0.093,0.541,1.81663084639709e-23,"Topors-201",1.81663084639709e-23,"Down"
2.45352318966255e-28,-1.10191544138109,0.16,0.663,1.88563071218326e-23,"Sptan1-201",1.88563071218326e-23,"Down"
2.50131450986168e-28,-1.73543915591392,0.191,0.651,1.9223602534091e-23,"Jarid2-216",1.9223602534091e-23,"Down"
2.68268836680861e-28,-1.10067625125715,0.304,0.789,2.06175331742709e-23,"Pa2g4-202",2.06175331742709e-23,"Down"
2.80149678496225e-28,-1.62780688075696,0.175,0.645,2.15306233911489e-23,"Ist1-203",2.15306233911489e-23,"Down"
3.69907448079003e-28,-2.01548585689099,0.149,0.595,2.84288670146637e-23,"Emc8-201",2.84288670146637e-23,"Down"
3.70170378724281e-28,-1.10579122535458,0.366,0.866,2.84490742864759e-23,"Igf2bp1-201",2.84490742864759e-23,"Down"
3.70812127701203e-28,-1.33630750984862,0.17,0.641,2.84983952623483e-23,"Rrm2-201",2.84983952623483e-23,"Down"
3.76031384295381e-28,-2.0843300227732,0.134,0.586,2.88995160086372e-23,"Crebbp-205",2.88995160086372e-23,"Down"
4.03308609228771e-28,-2.36827529678346,0.129,0.589,3.0995879853668e-23,"Tmpo-202",3.0995879853668e-23,"Down"
4.20915161934181e-28,1.7954333475468,0.619,0.257,3.23490138552895e-23,"Ppia-201",3.23490138552895e-23,"Up"
4.45868495637117e-28,-2.17710261234794,0.149,0.608,3.4266777363695e-23,"Ftsj3-201",3.4266777363695e-23,"Down"
4.63465938129609e-28,1.81408563932712,0.619,0.26,3.5619211209013e-23,"Ppia-206",3.5619211209013e-23,"Up"
5.42218770523698e-28,-2.67764531073034,0.103,0.553,4.16716813898283e-23,"Trim6-201",4.16716813898283e-23,"Down"
5.56573117264472e-28,-1.47919826982108,0.18,0.651,4.27748703542437e-23,"Anapc5-212",4.27748703542437e-23,"Down"
6.21323507832467e-28,-1.34012867112267,0.268,0.721,4.77511968709564e-23,"Pak1ip1-201",4.77511968709564e-23,"Down"
6.31781805245669e-28,-1.71492554257086,0.278,0.702,4.85549588603506e-23,"Hnrnpa2b1-201",4.85549588603506e-23,"Down"
7.80015381542617e-28,-1.19389797096116,0.134,0.621,5.99473021330763e-23,"Sptan1-203",5.99473021330763e-23,"Down"
7.9947180304585e-28,-1.28595599522921,0.16,0.631,6.14426059512858e-23,"Txlna-202",6.14426059512858e-23,"Down"
8.34629507226124e-28,-1.96987800448207,0.134,0.601,6.41446161483566e-23,"Myo18a-208",6.41446161483566e-23,"Down"
8.36856308621807e-28,-2.3393723182106,0.082,0.513,6.43157547428204e-23,"Crybg3-205",6.43157547428204e-23,"Down"
9.47100046659792e-28,-2.19386363493007,0.124,0.563,7.27884269859916e-23,"Zbtb10-201",7.27884269859916e-23,"Down"
1.00343402756339e-27,-1.91892269844896,0.108,0.552,7.71179187543568e-23,"Npat-201",7.71179187543568e-23,"Down"
1.01870050770463e-27,-1.33180078213775,0.191,0.667,7.82912088191318e-23,"Ist1-204",7.82912088191318e-23,"Down"
1.07033508526229e-27,-1.01763437039066,0.309,0.805,8.22595326427477e-23,"Ewsr1-203",8.22595326427477e-23,"Down"
1.08326161020181e-27,-1.98944015463092,0.314,0.756,8.32529877904502e-23,"Tfap2c-201",8.32529877904502e-23,"Down"
1.35758834289039e-27,-1.07597489404809,0.34,0.799,1.04336094504498e-22,"Hnrnpab-201",1.04336094504498e-22,"Down"
1.36366998002648e-27,-1.83555625484145,0.175,0.634,1.04803492644955e-22,"Birc6-204",1.04803492644955e-22,"Down"
1.47747614318563e-27,-1.27432830677114,0.124,0.601,1.13549951508389e-22,"Sptan1-204",1.13549951508389e-22,"Down"
1.73879637558374e-27,-1.32917574416421,0.284,0.765,1.33633456649113e-22,"Ube2r2-201",1.33633456649113e-22,"Down"
1.78773515603795e-27,-1.73561847263973,0.155,0.612,1.3739459768214e-22,"Smg1-201",1.3739459768214e-22,"Down"
1.90104670656776e-27,-1.50445538506664,0.356,0.774,1.46103043586559e-22,"Hnrnpa1-202",1.46103043586559e-22,"Down"
1.93545153021034e-27,-1.11796857054536,0.325,0.795,1.48747191902785e-22,"Tpr-201",1.48747191902785e-22,"Down"
1.93744128144285e-27,4.7027303901743,0.335,0.088,1.48900112244009e-22,"Lepr-203",1.48900112244009e-22,"Up"
1.97023893051232e-27,-1.22978917931842,0.335,0.8,1.51420742765594e-22,"H1f4-201",1.51420742765594e-22,"Down"
2.02566413139596e-27,-2.72491408717749,0.062,0.496,1.55680391154305e-22,"Nup214-201",1.55680391154305e-22,"Down"
2.1132547179122e-27,-2.27593972938146,0.119,0.579,1.62412078090424e-22,"Ddx39a-206",1.62412078090424e-22,"Down"
2.19401428857988e-27,-1.12523205936535,0.289,0.765,1.68618774134518e-22,"Prrc2a-201",1.68618774134518e-22,"Down"
2.25049974194379e-27,-1.17142067492923,0.294,0.789,1.72959907167348e-22,"Gata2-201",1.72959907167348e-22,"Down"
2.25804185306693e-27,-1.44265141728528,0.206,0.679,1.73539548575606e-22,"Brd2-201",1.73539548575606e-22,"Down"
3.16695756788847e-27,-1.2386254375839,0.325,0.801,2.43393356922501e-22,"Sf3b1-201",2.43393356922501e-22,"Down"
3.3138383231532e-27,-1.91833370889828,0.206,0.674,2.54681730487616e-22,"Brwd1-205",2.54681730487616e-22,"Down"
3.46571534811057e-27,-1.41738571668294,0.206,0.677,2.66354087363689e-22,"Brd2-203",2.66354087363689e-22,"Down"
3.79963150710898e-27,-1.80975758003675,0.108,0.559,2.92016879847354e-22,"Uggt1-201",2.92016879847354e-22,"Down"
4.24994224824603e-27,-2.3731345363255,0.108,0.549,3.26625061546701e-22,"Dnmt1-203",3.26625061546701e-22,"Down"
4.56019355232533e-27,-1.83995530819956,0.129,0.572,3.50469115270411e-22,"Polr2a-201",3.50469115270411e-22,"Down"
4.85758407947232e-27,-1.44730524518678,0.263,0.736,3.73324766843765e-22,"Psmd13-201",3.73324766843765e-22,"Down"
5.69935817923947e-27,-1.59825485386026,0.186,0.656,4.3801847350727e-22,"Zfp106-201",4.3801847350727e-22,"Down"
6.66896117421575e-27,-1.95813673478064,0.139,0.587,5.12536342083177e-22,"Lima1-201",5.12536342083177e-22,"Down"
6.86713049249973e-27,-1.65913389568932,0.412,0.861,5.27766446870574e-22,"Rab7-205",5.27766446870574e-22,"Down"
7.55898449407984e-27,-1.55173594226962,0.191,0.641,5.80938194308012e-22,"Tox4-201",5.80938194308012e-22,"Down"
7.77220754393647e-27,-2.16801616152993,0.098,0.543,5.97325238581694e-22,"Bptf-202",5.97325238581694e-22,"Down"
9.39007562693913e-27,-3.4346284762892,0.057,0.474,7.2166487223278e-22,"Bcor-202",7.2166487223278e-22,"Down"
9.39140398254906e-27,-1.32630067459729,0.294,0.726,7.21766961674825e-22,"Nxf7-206",7.21766961674825e-22,"Down"
9.64848344529414e-27,-1.45990890709128,0.211,0.674,7.41524546704636e-22,"Helz-203",7.41524546704636e-22,"Down"
1.0322009898102e-26,-1.3878026678712,0.18,0.673,7.9328774870873e-22,"Mybbp1a-201",7.9328774870873e-22,"Down"
1.23426215084315e-26,-2.58507341499275,0.093,0.526,9.48579833408992e-22,"Fat1-205",9.48579833408992e-22,"Down"
1.27722225371832e-26,-1.08531887396032,0.186,0.674,9.81596390872679e-22,"Bclaf1-202",9.81596390872679e-22,"Down"
1.43961065330183e-26,-1.68050792400156,0.18,0.648,1.10639837148859e-21,"Nolc1-203",1.10639837148859e-21,"Down"
1.94960640520291e-26,-1.77648099406663,0.299,0.723,1.49835050665464e-21,"Raly-202",1.49835050665464e-21,"Down"
2.11950784864109e-26,-2.03142788812963,0.103,0.548,1.62892656199462e-21,"Bptf-203",1.62892656199462e-21,"Down"
2.18745531423531e-26,-1.45218621984018,0.222,0.708,1.6811469072024e-21,"Xpo1-202",1.6811469072024e-21,"Down"
2.21617361029117e-26,-1.98439979044273,0.17,0.613,1.70321806645318e-21,"Birc6-220",1.70321806645318e-21,"Down"
2.2382943364122e-26,-1.40773237111613,0.16,0.609,1.72021872930623e-21,"Clns1a-201",1.72021872930623e-21,"Down"
2.48658423132155e-26,-1.77858417467706,0.134,0.588,1.91103944513987e-21,"Wdr5-201",1.91103944513987e-21,"Down"
3.21047070174509e-26,-1.55661568813367,0.351,0.768,2.46737515311917e-21,"Cdv3-201",2.46737515311917e-21,"Down"
3.46918732979636e-26,-1.62575349424807,0.155,0.617,2.66620923044169e-21,"Prpf8-202",2.66620923044169e-21,"Down"
3.79660419792952e-26,-1.0522386890386,0.335,0.797,2.91784219027676e-21,"Hnrnpab-203",2.91784219027676e-21,"Down"
4.19490176944497e-26,-1.93138273990497,0.196,0.628,3.22394980588924e-21,"Lsm4-201",3.22394980588924e-21,"Down"
4.25530099469384e-26,-2.32051489445133,0.108,0.539,3.27036902646201e-21,"Dnmt1-202",3.27036902646201e-21,"Down"
4.44662241420928e-26,-1.44346262038924,0.211,0.672,3.4174071902164e-21,"Uaca-202",3.4174071902164e-21,"Down"
4.53762347426515e-26,-1.09757452768958,0.438,0.886,3.48734514491174e-21,"Atp5a1-201",3.48734514491174e-21,"Down"
4.7043518840479e-26,-1.91540453172913,0.144,0.582,3.61548259696617e-21,"Idh3b-201",3.61548259696617e-21,"Down"
5.14681557267283e-26,-1.61029326305936,0.186,0.642,3.95553364022197e-21,"Fubp3-201",3.95553364022197e-21,"Down"
5.56643365015039e-26,-1.23705493440497,0.206,0.657,4.27802691748658e-21,"Mta2-201",4.27802691748658e-21,"Down"
5.7797204399668e-26,-1.73047173997657,0.149,0.597,4.44194634693209e-21,"Usp1-201",4.44194634693209e-21,"Down"
6.55649563470274e-26,-1.24681772479407,0.392,0.814,5.03892915509444e-21,"Rlim-201",5.03892915509444e-21,"Down"
6.83812860113188e-26,-1.24568940614694,0.299,0.751,5.25537535511389e-21,"Rab5if-201",5.25537535511389e-21,"Down"
1.02196306318798e-25,-1.84470906980734,0.119,0.564,7.85419492582489e-21,"Upf1-201",7.85419492582489e-21,"Down"
1.11591229931192e-25,-1.18601752004011,0.18,0.639,8.5762323851318e-21,"Leo1-201",8.5762323851318e-21,"Down"
1.16520229210703e-25,-1.50892900657744,0.263,0.69,8.95504569575935e-21,"Scaf11-202",8.95504569575935e-21,"Down"
1.1697509940146e-25,-1.51586050827057,0.16,0.598,8.99000428939983e-21,"Prss8-201",8.99000428939983e-21,"Down"
1.2136754510236e-25,-3.10396754230049,0.062,0.471,9.32758131129679e-21,"Bcor-204",9.32758131129679e-21,"Down"
1.27384186802752e-25,-1.77429965867353,0.119,0.564,9.78998429253873e-21,"Upf1-202",9.78998429253873e-21,"Down"
1.39389891403904e-25,-2.02330866924551,0.335,0.72,1.07126707139556e-20,"Eif4g1-205",1.07126707139556e-20,"Down"
1.39618811371764e-25,-1.6454866463581,0.345,0.733,1.07302641291656e-20,"Eif4g1-202",1.07302641291656e-20,"Down"
1.43869070448317e-25,-1.08990805526498,0.227,0.663,1.1056913540235e-20,"Hcfc1-202",1.1056913540235e-20,"Down"
2.35711543060454e-25,-1.3187712508628,0.253,0.739,1.81153749303682e-20,"Fkbp4-201",1.81153749303682e-20,"Down"
2.4317151930857e-25,-1.09659961216927,0.273,0.723,1.86887039449409e-20,"Kat7-205",1.86887039449409e-20,"Down"
2.95790345014971e-25,-1.65492252386915,0.134,0.575,2.27326711757806e-20,"Myo18a-207",2.27326711757806e-20,"Down"
3.3882666353739e-25,-1.45381786490029,0.325,0.756,2.60401843995026e-20,"Pkn2-201",2.60401843995026e-20,"Down"
3.42457644940482e-25,-1.61493894359851,0.134,0.572,2.63192398442558e-20,"Plk2-201",2.63192398442558e-20,"Down"
3.6039520797108e-25,-1.17552319138776,0.149,0.604,2.76978133134093e-20,"Bclaf1-204",2.76978133134093e-20,"Down"
4.35744130025052e-25,-2.38716290144051,0.093,0.51,3.34886793689454e-20,"Gas2l1-205",3.34886793689454e-20,"Down"
4.36849195054655e-25,-2.19749444690126,0.119,0.546,3.35736080367305e-20,"Uhrf1-204",3.35736080367305e-20,"Down"
4.40535782755883e-25,-1.50421879122994,0.165,0.608,3.38569370479206e-20,"Usp1-202",3.38569370479206e-20,"Down"
4.57239883149413e-25,-2.10744242298174,0.077,0.498,3.5140713979565e-20,"Msh6-201",3.5140713979565e-20,"Down"
4.79763945941947e-25,-2.18228828482702,0.124,0.541,3.68717783014224e-20,"Btaf1-201",3.68717783014224e-20,"Down"
4.86519005677106e-25,-1.89406942628015,0.082,0.504,3.73909316623083e-20,"Ccnd3-205",3.73909316623083e-20,"Down"
6.12281230861076e-25,-1.48043100988077,0.062,0.482,4.70562617165971e-20,"Pcnt-202",4.70562617165971e-20,"Down"
6.53281586495877e-25,-1.86336176621629,0.134,0.559,5.02073030485541e-20,"Tra2a-205",5.02073030485541e-20,"Down"
6.87361749194863e-25,-1.60908427987162,0.16,0.583,5.2826499872622e-20,"N4bp2-204",5.2826499872622e-20,"Down"
7.13018712443791e-25,-1.18539553829216,0.186,0.643,5.47983401261551e-20,"Ist1-201",5.47983401261551e-20,"Down"
7.66034101708813e-25,-2.44629761549947,0.088,0.507,5.88727848527291e-20,"Uhrf1-203",5.88727848527291e-20,"Down"
8.29862691091433e-25,-1.10190561815128,0.299,0.753,6.3778267261141e-20,"Pa2g4-201",6.3778267261141e-20,"Down"
1.02364976715927e-24,-1.81010853664369,0.113,0.532,7.86715792052585e-20,"Chaf1a-201",7.86715792052585e-20,"Down"
1.16414030024712e-24,-1.69520301357449,0.201,0.612,8.94688386351923e-20,"Immt-201",8.94688386351923e-20,"Down"
1.19566951671781e-24,-2.7587232421165,0.041,0.446,9.18919850378306e-20,"Mex3b-201",9.18919850378306e-20,"Down"
1.29751323728247e-24,-1.36758395542086,0.242,0.703,9.97190823381073e-20,"Smarcc1-201",9.97190823381073e-20,"Down"
1.33081952227173e-24,-1.43299979730874,0.227,0.666,1.02278803564671e-19,"Cct3-208",1.02278803564671e-19,"Down"
1.35670035514958e-24,-1.01983813966684,0.211,0.684,1.04267849094666e-19,"Wdr82-201",1.04267849094666e-19,"Down"
1.52589265412914e-24,-3.27584018682568,0.057,0.451,1.17270954040441e-19,"Bcor-203",1.17270954040441e-19,"Down"
1.88358243791874e-24,-2.42909014003192,0.088,0.489,1.44760844683807e-19,"Epc2-201",1.44760844683807e-19,"Down"
1.88641353656354e-24,-1.48785345363151,0.098,0.53,1.44978425939054e-19,"Dnajc9-201",1.44978425939054e-19,"Down"
1.92863276791647e-24,-1.80857160149453,0.149,0.569,1.48223142745452e-19,"Arid1a-202",1.48223142745452e-19,"Down"
1.94989626702422e-24,-2.12368142368838,0.16,0.576,1.49857327705879e-19,"Rbm38-204",1.49857327705879e-19,"Down"
1.94989626702422e-24,-2.12368142377492,0.16,0.576,1.49857327705879e-19,"Rbm38-201",1.49857327705879e-19,"Down"
1.97017891591342e-24,-1.04574414073209,0.284,0.741,1.5141613040361e-19,"Uqcrc2-201",1.5141613040361e-19,"Down"
2.02240250488557e-24,-3.12646882851317,0.057,0.45,1.55429722110476e-19,"Bcor-206",1.55429722110476e-19,"Down"
2.17152818173762e-24,-1.435736666029,0.062,0.476,1.66890626879263e-19,"Pcnt-201",1.66890626879263e-19,"Down"
2.24220944124552e-24,-1.14354048427072,0.191,0.638,1.72322764397483e-19,"Prpf4b-201",1.72322764397483e-19,"Down"
2.39097059234164e-24,-1.78299761747831,0.206,0.648,1.83755653903824e-19,"Lyar-201",1.83755653903824e-19,"Down"
2.68012214126533e-24,-1.20791146179665,0.289,0.746,2.05978107044806e-19,"Cct3-201",2.05978107044806e-19,"Down"
2.80589994392642e-24,-1.42284098079879,0.139,0.582,2.15644634290521e-19,"Mybbp1a-205",2.15644634290521e-19,"Down"
2.89032624145033e-24,-1.30443554546037,0.16,0.6,2.22133132960424e-19,"Kat6a-201",2.22133132960424e-19,"Down"
2.92248522826441e-24,1.53801449795835,0.629,0.284,2.24604679733033e-19,"Ppia-205",2.24604679733033e-19,"Up"
2.9824385728449e-24,-1.8422971356331,0.216,0.648,2.29212334077422e-19,"Matr3-201",2.29212334077422e-19,"Down"
3.54405613330985e-24,-1.48842917713887,0.155,0.573,2.72374890069395e-19,"Dnajc13-201",2.72374890069395e-19,"Down"
3.83150270904658e-24,-2.41558990948529,0.093,0.504,2.94466309201066e-19,"Bdp1-201",2.94466309201066e-19,"Down"
4.06956846537776e-24,-1.26327631503934,0.216,0.661,3.12762614838143e-19,"Cnot1-202",3.12762614838143e-19,"Down"
4.13684830182662e-24,-2.45375714913068,0.103,0.504,3.17933339388583e-19,"Tcof1-201",3.17933339388583e-19,"Down"
4.14484291744907e-24,-1.21213576193297,0.108,0.536,3.18547757577631e-19,"Oga-201",3.18547757577631e-19,"Down"
4.21923620782735e-24,-1.42827828201145,0.284,0.723,3.24265179516363e-19,"Otud5-201",3.24265179516363e-19,"Down"
4.3882922417053e-24,-1.72995058281498,0.139,0.563,3.37257811944019e-19,"Bms1-201",3.37257811944019e-19,"Down"
4.6393545111988e-24,-1.45602420230161,0.32,0.762,3.56552951603672e-19,"Jade1-201",3.56552951603672e-19,"Down"
4.98200880373475e-24,-2.04533754792207,0.082,0.48,3.82887304602231e-19,"Tcf3-209",3.82887304602231e-19,"Down"
5.34154696088914e-24,-3.01406958575859,0.072,0.466,4.10519250132174e-19,"Utp20-201",4.10519250132174e-19,"Down"
5.5862088074143e-24,-1.1401068811148,0.139,0.578,4.29322491685019e-19,"Atad3a-201",4.29322491685019e-19,"Down"
5.78307007506208e-24,-3.35889066307286,0.026,0.41,4.44452067548821e-19,"Kif20a-206",4.44452067548821e-19,"Down"
6.55631485036809e-24,-1.05250312383805,0.366,0.828,5.03879021510189e-19,"Ube2h-202",5.03879021510189e-19,"Down"
6.85674403903871e-24,-1.4776973998885,0.155,0.587,5.26968206376281e-19,"Hgs-202",5.26968206376281e-19,"Down"
7.16876344735309e-24,-1.40797763518734,0.139,0.558,5.50948145982874e-19,"Apc-203",5.50948145982874e-19,"Down"
7.90805801218005e-24,-1.86599929362817,0.108,0.516,6.07765890468085e-19,"Ldlr-201",6.07765890468085e-19,"Down"
9.38426457343841e-24,-2.02435683072968,0.082,0.477,7.21218269527036e-19,"Tcf3-202",7.21218269527036e-19,"Down"
9.70892375655543e-24,-1.90608283093192,0.361,0.776,7.46169626386311e-19,"Prdx2-201",7.46169626386311e-19,"Down"
9.77934279973137e-24,-1.40071364576719,0.211,0.642,7.51581611530555e-19,"Psmd13-207",7.51581611530555e-19,"Down"
1.00510258872675e-23,-1.75207713873043,0.119,0.548,7.72461543540057e-19,"Top2a-201",7.72461543540057e-19,"Down"
1.09413099863611e-23,-1.11546976398906,0.325,0.739,8.40883437691799e-19,"Atxn2l-206",8.40883437691799e-19,"Down"
1.18294554815475e-23,-1.11652565121089,0.222,0.663,9.09140971578854e-19,"Ppp1r15a-201",9.09140971578854e-19,"Down"
1.21911511506878e-23,-1.40597471339483,0.119,0.544,9.36938730534958e-19,"Nup93-201",9.36938730534958e-19,"Down"
1.2688255118106e-23,-2.97559748554297,0.077,0.47,9.75143158846919e-19,"Heatr1-201",9.75143158846919e-19,"Down"
1.32640374562969e-23,-1.07777497699172,0.175,0.598,1.01939433466624e-18,"Ncaph2-202",1.01939433466624e-18,"Down"
1.39521858671397e-23,-2.21071568136862,0.098,0.504,1.07228129263315e-18,"Ccne1-201",1.07228129263315e-18,"Down"
1.49893352145365e-23,-2.49138858490816,0.077,0.477,1.15199036857799e-18,"Ccnf-201",1.15199036857799e-18,"Down"
1.63529150452812e-23,-2.77129840580209,0.088,0.48,1.25678693289004e-18,"Zfp568-203",1.25678693289004e-18,"Down"
1.64282960060809e-23,-1.32822898474444,0.186,0.608,1.26258026125134e-18,"Psmd11-214",1.26258026125134e-18,"Down"
1.83659070293849e-23,-1.98716774480832,0.082,0.474,1.41149341883635e-18,"Tcf3-207",1.41149341883635e-18,"Down"
1.97707519198553e-23,-1.00651176140384,0.232,0.687,1.51946136804856e-18,"Sdhb-201",1.51946136804856e-18,"Down"
2.30147667037389e-23,-1.15139313857857,0.237,0.701,1.76877688024915e-18,"Psma4-201",1.76877688024915e-18,"Down"
2.3110613280688e-23,-1.02190870482064,0.237,0.684,1.77614307307399e-18,"Psmd11-201",1.77614307307399e-18,"Down"
2.3145295167361e-23,-1.32881854986215,0.149,0.568,1.77880851479236e-18,"Apc-202",1.77880851479236e-18,"Down"
2.55040484807655e-23,-1.77060285615456,0.129,0.544,1.96008814194075e-18,"Sbno1-216",1.96008814194075e-18,"Down"
2.66544665382964e-23,-1.07482827585639,0.16,0.587,2.04850237133423e-18,"Txlna-201",2.04850237133423e-18,"Down"
2.75397025829047e-23,-1.1975749402448,0.253,0.678,2.11653630230656e-18,"Snx5-202",2.11653630230656e-18,"Down"
3.08391878995558e-23,-2.33047033023438,0.093,0.495,2.37011494683246e-18,"Uggt1-209",2.37011494683246e-18,"Down"
3.43408244918608e-23,-1.96531722444085,0.082,0.471,2.63922972549747e-18,"Tcf3-208",2.63922972549747e-18,"Down"
3.6319560303059e-23,-1.07507558897769,0.33,0.743,2.7913034875313e-18,"Atxn2l-201",2.7913034875313e-18,"Down"
3.6482573336567e-23,-1.43562145133826,0.175,0.611,2.80383169120852e-18,"Fam120a-201",2.80383169120852e-18,"Down"
3.75772807806615e-23,-1.23374081559994,0.392,0.793,2.88796433711696e-18,"Hnrnph1-201",2.88796433711696e-18,"Down"
3.87068813075686e-23,-1.85038881971666,0.211,0.619,2.97477865601188e-18,"Ogt-201",2.97477865601188e-18,"Down"
4.11229320259582e-23,-1.59740161546299,0.082,0.484,3.16046181792299e-18,"Ccnd3-215",3.16046181792299e-18,"Down"
4.11229320259582e-23,-1.59740161535864,0.082,0.484,3.16046181792299e-18,"Ccnd3-218",3.16046181792299e-18,"Down"
4.144109445841e-23,-1.32992792209588,0.119,0.539,3.18491387350664e-18,"Nup93-207",3.18491387350664e-18,"Down"
4.47143333710192e-23,-1.04425577260511,0.124,0.553,3.43647537689631e-18,"Sptan1-205",3.43647537689631e-18,"Down"
4.53184803789463e-23,-3.11651120050839,0.067,0.451,3.48290649104354e-18,"Utp14b-202",3.48290649104354e-18,"Down"
4.57724971892998e-23,-1.27350014739398,0.124,0.536,3.51779949898645e-18,"Zc3h13-203",3.51779949898645e-18,"Down"
4.58358134184759e-23,-1.34787131638922,0.186,0.615,3.52266560446355e-18,"Dhx9-201",3.52266560446355e-18,"Down"
4.67292292072987e-23,-1.62002571756938,0.119,0.512,3.59132818149773e-18,"Clpb-201",3.59132818149773e-18,"Down"
5.80151115287738e-23,-1.3170803830456,0.119,0.537,4.45869338143238e-18,"Nup93-202",4.45869338143238e-18,"Down"
5.80217480115339e-23,-1.00377111440105,0.216,0.664,4.45920342167842e-18,"Nsd3-202",4.45920342167842e-18,"Down"
5.88516043398882e-23,-2.14757348249565,0.103,0.498,4.52298119993777e-18,"Tpx2-201",4.52298119993777e-18,"Down"
6.38679474722404e-23,-1.9170766156966,0.124,0.524,4.90850723503156e-18,"Mtmr4-202",4.90850723503156e-18,"Down"
7.00853333315316e-23,-1.25757405136396,0.206,0.647,5.38633820786153e-18,"Mrps5-201",5.38633820786153e-18,"Down"
7.52664740826363e-23,-1.11416161203845,0.392,0.811,5.78452959914693e-18,"Cct8-201",5.78452959914693e-18,"Down"
7.54087059633833e-23,-1.32895230293676,0.134,0.554,5.79546068810986e-18,"Bltp2-201",5.79546068810986e-18,"Down"
7.64277268857308e-23,-1.33534146168555,0.216,0.634,5.87377652207596e-18,"Ddx39b-201",5.87377652207596e-18,"Down"
8.06355482905293e-23,-1.66988730163573,0.191,0.593,6.19716442832034e-18,"Sec24b-201",6.19716442832034e-18,"Down"
8.32652930799403e-23,-2.03581905015139,0.072,0.456,6.39927083436573e-18,"Tcf3-210",6.39927083436573e-18,"Down"
8.41364811887653e-23,-1.16188819147792,0.206,0.638,6.46622512528137e-18,"Safb-201",6.46622512528137e-18,"Down"
1.04366888216973e-22,-1.57794064542931,0.082,0.479,8.02101282702723e-18,"Ccnd3-202",8.02101282702723e-18,"Down"
1.06279918104111e-22,-2.70777624833774,0.067,0.456,8.16803682597333e-18,"Ddx39a-203",8.16803682597333e-18,"Down"
1.09849698494952e-22,-2.00264653474405,0.134,0.543,8.44238872813102e-18,"Siva1-201",8.44238872813102e-18,"Down"
1.15157514674866e-22,-1.91376326299546,0.165,0.571,8.85031563282215e-18,"Plac1-202",8.85031563282215e-18,"Down"
1.18436060723474e-22,-1.73617677502551,0.216,0.625,9.1022850108419e-18,"Acin1-203",9.1022850108419e-18,"Down"
1.1929930998957e-22,-1.01641697555593,0.201,0.618,9.16862916993843e-18,"Fh1-201",9.16862916993843e-18,"Down"
1.22905444101069e-22,-1.23029424047563,0.242,0.686,9.44577500094354e-18,"Smarcc1-207",9.44577500094354e-18,"Down"
1.2795203899581e-22,-1.53287003574456,0.124,0.536,9.83362600498395e-18,"Ncoa6-204",9.83362600498395e-18,"Down"
1.28621833329504e-22,-2.90230583426098,0.052,0.428,9.88510237870571e-18,"Zxda-201",9.88510237870571e-18,"Down"
1.40001964151914e-22,3.70242259984906,0.495,0.248,1.07597109529312e-17,"Cited1-201",1.07597109529312e-17,"Up"
1.78360679116231e-22,-3.02063974823163,0.067,0.44,1.37077316327988e-17,"Itprid2-202",1.37077316327988e-17,"Down"
1.79141904681029e-22,-1.96418777839428,0.072,0.452,1.37677719423558e-17,"Tcf3-206",1.37677719423558e-17,"Down"
1.90435703416486e-22,-1.48087104222814,0.186,0.6,1.46357455503706e-17,"Impdh2-201",1.46357455503706e-17,"Down"
2.33894799459443e-22,-2.22047468882555,0.113,0.505,1.7975750917656e-17,"Tsen15-201",1.7975750917656e-17,"Down"
2.43216325939195e-22,-1.32273378914653,0.175,0.585,1.86921475137309e-17,"Rpa1-202",1.86921475137309e-17,"Down"
2.51555482763093e-22,-1.70203011827046,0.16,0.574,1.93330450722747e-17,"Rbm3-202",1.93330450722747e-17,"Down"
2.56536920814238e-22,-1.14239301006949,0.258,0.698,1.97158885122574e-17,"Srrm1-203",1.97158885122574e-17,"Down"
2.58697210384893e-22,-3.33157944954736,0.082,0.46,1.98819154069206e-17,"Hirip3-201",1.98819154069206e-17,"Down"
2.60866304089986e-22,-1.89207481149557,0.139,0.525,2.00486189345318e-17,"Plec-205",2.00486189345318e-17,"Down"
2.6402860299273e-22,-1.93745304358234,0.082,0.461,2.02916542544033e-17,"Tcf3-204",2.02916542544033e-17,"Down"
2.8357831217685e-22,-2.17693670927621,0.057,0.431,2.17941276040397e-17,"Ganab-201",2.17941276040397e-17,"Down"
2.90736606699091e-22,-1.94449002818587,0.072,0.45,2.2344271171252e-17,"Tcf3-201",2.2344271171252e-17,"Down"
3.00292019965976e-22,-1.58311445601579,0.18,0.582,2.30786429024651e-17,"Cdk12-203",2.30786429024651e-17,"Down"
3.09352021758701e-22,-1.04620492685977,0.196,0.625,2.37749402802432e-17,"Cs-201",2.37749402802432e-17,"Down"
3.31764186036049e-22,-1.60854666059729,0.119,0.534,2.54974047536145e-17,"Tnrc18-202",2.54974047536145e-17,"Down"
3.77923973642864e-22,-1.0396383272607,0.485,0.861,2.90449690703487e-17,"Slc38a4-201",2.90449690703487e-17,"Down"
3.7863980449047e-22,-1.84659836583429,0.108,0.514,2.90999835343106e-17,"Sf3a1-201",2.90999835343106e-17,"Down"
3.82789292201711e-22,-1.4640891727135,0.211,0.628,2.94188882628703e-17,"Arid3a-202",2.94188882628703e-17,"Down"
3.87518345329115e-22,-1.05214468701538,0.206,0.629,2.97823349119238e-17,"Dazap1-203",2.97823349119238e-17,"Down"
3.98362952049166e-22,-2.36520740029458,0.098,0.48,3.06157863167866e-17,"Irx3-201",3.06157863167866e-17,"Down"
4.05549565336885e-22,-2.3237883240588,0.088,0.478,3.1168106294401e-17,"Ddx39a-205",3.1168106294401e-17,"Down"
4.66458784192779e-22,-1.96503340050338,0.237,0.609,3.58492234003518e-17,"Hnrnpa2b1-209",3.58492234003518e-17,"Down"
5.15076029708459e-22,-1.19912894545829,0.242,0.717,3.95856531872139e-17,"Gigyf2-201",3.95856531872139e-17,"Down"
5.22281686856309e-22,-1.06517245504687,0.134,0.555,4.01394367616548e-17,"Gse1-201",4.01394367616548e-17,"Down"
5.51948953917459e-22,-1.42045747072692,0.237,0.661,4.24194849043724e-17,"Mrpl23-201",4.24194849043724e-17,"Down"
5.65405480565128e-22,-1.36444965161112,0.134,0.533,4.34536728033524e-17,"Txlna-206",4.34536728033524e-17,"Down"
5.69682228039184e-22,-1.48006775786409,0.18,0.587,4.37823579537235e-17,"Ccar1-211",4.37823579537235e-17,"Down"
6.53110753451801e-22,-1.49118297422669,0.175,0.579,5.01941738457847e-17,"Sdha-201",5.01941738457847e-17,"Down"
7.54434503167441e-22,-1.44348451775794,0.201,0.609,5.79813093064305e-17,"U2af1-201",5.79813093064305e-17,"Down"
7.67991478884044e-22,-1.14948957674447,0.289,0.694,5.90232171181543e-17,"Dynlt1b-201",5.90232171181543e-17,"Down"
7.84398046490033e-22,-1.51559751005195,0.082,0.469,6.0284127464945e-17,"Ccnd3-201",6.0284127464945e-17,"Down"
7.92476557305185e-22,-1.23996432189023,0.175,0.596,6.09049933351327e-17,"Pds5a-209",6.09049933351327e-17,"Down"
8.04901691806249e-22,-1.31968875289841,0.165,0.571,6.18599146220775e-17,"G3bp2-201",6.18599146220775e-17,"Down"
8.1025637900748e-22,-1.23997548165396,0.206,0.636,6.22714437522409e-17,"H1f3-201",6.22714437522409e-17,"Down"
8.36464795417122e-22,-1.71149104420498,0.149,0.564,6.42856653869875e-17,"Nolc1-201",6.42856653869875e-17,"Down"
8.43045070668134e-22,-2.05111538905946,0.103,0.486,6.47913858611288e-17,"Tpx2-202",6.47913858611288e-17,"Down"
8.82303592630024e-22,-1.97681365734124,0.144,0.537,6.78085603079879e-17,"Ythdc1-203",6.78085603079879e-17,"Down"
1.01369422364724e-21,-1.5583471576484,0.175,0.582,7.79064558641853e-17,"Brd2-207",7.79064558641853e-17,"Down"
1.02368832469326e-21,-1.3060658545936,0.134,0.539,7.86745425059755e-17,"Myo18a-203",7.86745425059755e-17,"Down"
1.03994756347739e-21,-1.20920041292756,0.191,0.594,7.9924130043491e-17,"Zfp622-201",7.9924130043491e-17,"Down"
1.05870150786884e-21,-1.084701963776,0.093,0.488,8.1365445685752e-17,"Dido1-202",8.1365445685752e-17,"Down"
1.09909965517403e-21,-1.73139907628444,0.113,0.503,8.44702048987447e-17,"Idh3b-205",8.44702048987447e-17,"Down"
1.16473704042538e-21,-2.28041585842029,0.108,0.493,8.95147005048523e-17,"Aebp2-202",8.95147005048523e-17,"Down"
1.21734589645165e-21,-1.23847887991933,0.186,0.606,9.35579015258955e-17,"Inf2-201",9.35579015258955e-17,"Down"
1.30311457126246e-21,-1.25828079176657,0.196,0.625,1.00149567259805e-16,"Rbm3-206",1.00149567259805e-16,"Down"
1.42268371622343e-21,-1.40709883191147,0.186,0.605,1.09338934326636e-16,"Hat1-201",1.09338934326636e-16,"Down"
1.44677229937833e-21,-1.80759143107675,0.149,0.542,1.11190238296422e-16,"Atp1b1-201",1.11190238296422e-16,"Down"
1.53431838584472e-21,-1.31348286579764,0.16,0.571,1.1791850522571e-16,"Hgs-201",1.1791850522571e-16,"Down"
1.65580166486463e-21,-1.0889888021512,0.247,0.652,1.27254981151506e-16,"Snx5-201",1.27254981151506e-16,"Down"
1.88900347014467e-21,-1.12453071431738,0.149,0.545,1.45177472694499e-16,"Rab9-202",1.45177472694499e-16,"Down"
1.95796418941754e-21,-1.28471817611782,0.134,0.539,1.50477379813496e-16,"Rbbp6-201",1.50477379813496e-16,"Down"
2.15954018332206e-21,-1.89460135382275,0.057,0.433,1.65969301249034e-16,"Slc38a6-201",1.65969301249034e-16,"Down"
2.1866819554009e-21,-1.75301440308438,0.139,0.515,1.68055255000381e-16,"Plec-202",1.68055255000381e-16,"Down"
2.30871778373549e-21,-2.11850954026021,0.062,0.425,1.77434196551207e-16,"Ilf3-203",1.77434196551207e-16,"Down"
2.34442333513077e-21,-1.83011119195777,0.108,0.489,1.8017831099814e-16,"Senp1-201",1.8017831099814e-16,"Down"
2.51420725607576e-21,-1.98855104003221,0.149,0.543,1.93226884458446e-16,"Sin3a-208",1.93226884458446e-16,"Down"
2.5696647757187e-21,-1.09970617573402,0.263,0.694,1.97489016673085e-16,"Uaca-201",1.97489016673085e-16,"Down"
2.64125254977108e-21,-1.55611480716542,0.175,0.581,2.02990823460107e-16,"Hdgfl2-212",2.02990823460107e-16,"Down"
2.74280965217976e-21,-1.27663571673641,0.134,0.535,2.10795893008624e-16,"Myo18a-201",2.10795893008624e-16,"Down"
2.78515589888243e-21,-2.66949580313517,0.077,0.448,2.1405037145271e-16,"Bdp1-204",2.1405037145271e-16,"Down"
2.89326580495993e-21,-1.33776998204703,0.139,0.533,2.2235905017439e-16,"Virma-202",2.2235905017439e-16,"Down"
2.98048166634522e-21,-1.50007359142015,0.098,0.48,2.29061937985295e-16,"Eif1ad-201",2.29061937985295e-16,"Down"
3.06829456663577e-21,-2.50272346435595,0.082,0.457,2.35810710624226e-16,"H1f1-201",2.35810710624226e-16,"Down"
3.11989214380676e-21,-1.23647201582927,0.258,0.674,2.39776190820125e-16,"Nsun2-202",2.39776190820125e-16,"Down"
3.12171870977434e-21,-2.98762100684505,0.057,0.411,2.39916569720997e-16,"Itprid2-203",2.39916569720997e-16,"Down"
3.1969640554512e-21,-1.0725830262211,0.144,0.55,2.45699475517646e-16,"Topbp1-201",2.45699475517646e-16,"Down"
3.22385395173504e-21,-1.18744889253256,0.129,0.517,2.47766071606645e-16,"Washc2-201",2.47766071606645e-16,"Down"
3.26735056971577e-21,-1.68040667067223,0.113,0.486,2.51108960684935e-16,"Dgcr8-201",2.51108960684935e-16,"Down"
3.27072352514512e-21,-1.17933298929061,0.124,0.524,2.51368185801503e-16,"Atad2-201",2.51368185801503e-16,"Down"
3.55904312856802e-21,-1.48538405453699,0.098,0.476,2.73526700602967e-16,"Ep300-201",2.73526700602967e-16,"Down"
3.65394965186014e-21,-1.19863070340506,0.258,0.649,2.80820646544059e-16,"Ankrd17-202",2.80820646544059e-16,"Down"
4.19782270348157e-21,-1.36402300968642,0.206,0.605,3.22619466053373e-16,"Rab11fip1-202",3.22619466053373e-16,"Down"
4.24286017711672e-21,-1.55680460612838,0.201,0.602,3.26080776052128e-16,"Chd4-202",3.26080776052128e-16,"Down"
4.37063853844149e-21,-1.23438057937933,0.155,0.555,3.35901054233382e-16,"Nrip1-202",3.35901054233382e-16,"Down"
4.81558654838222e-21,-1.70984502343028,0.098,0.484,3.70097088589367e-16,"Leng8-201",3.70097088589367e-16,"Down"
4.90322086281661e-21,-1.22124171894105,0.165,0.579,3.76832136190908e-16,"Smc4-201",3.76832136190908e-16,"Down"
4.95296937096908e-21,-1.2433433956598,0.186,0.578,3.80655508036458e-16,"Ddx46-204",3.80655508036458e-16,"Down"
5.06171229732322e-21,-2.89864685215547,0.082,0.439,3.89012836898479e-16,"Mad1l1-201",3.89012836898479e-16,"Down"
5.14923558905854e-21,-1.91362854003327,0.113,0.497,3.95739351961505e-16,"Srcap-207",3.95739351961505e-16,"Down"
5.21384535476555e-21,-1.89074374113232,0.129,0.515,4.00704870895151e-16,"Polr1a-201",4.00704870895151e-16,"Down"
5.71325580193364e-21,-1.37100773213311,0.227,0.628,4.39086561401808e-16,"Ddx46-203",4.39086561401808e-16,"Down"
5.8289124594417e-21,-1.80733730045134,0.113,0.493,4.47975238157932e-16,"Mtmr4-203",4.47975238157932e-16,"Down"
6.15895416863057e-21,-1.06802991045031,0.33,0.724,4.73340263675933e-16,"1110004F10Rik-201",4.73340263675933e-16,"Down"
6.18340984637292e-21,-2.24919915869676,0.082,0.454,4.75219780333145e-16,"Dlgap5-201",4.75219780333145e-16,"Down"
6.37028688067021e-21,-1.00742827027296,0.155,0.556,4.89582027927029e-16,"Larp4-202",4.89582027927029e-16,"Down"
7.31385908268555e-21,-1.79002961699837,0.129,0.507,5.62099325940715e-16,"Ash1l-202",5.62099325940715e-16,"Down"
7.51046769245895e-21,-1.28575856567464,0.129,0.526,5.7720948403624e-16,"Slc16a1-201",5.7720948403624e-16,"Down"
7.58064580333302e-21,-1.08258975453137,0.237,0.656,5.82602952569356e-16,"Ipo7-201",5.82602952569356e-16,"Down"
8.21166919317926e-21,-2.13378243679992,0.113,0.49,6.31099624172599e-16,"Cnot2-203",6.31099624172599e-16,"Down"
8.83983666324824e-21,-1.95730027256049,0.108,0.483,6.7937680691728e-16,"Tpx2-206",6.7937680691728e-16,"Down"
9.2824465303231e-21,-1.26547319958898,0.175,0.576,7.13393145641451e-16,"Rbm27-203",7.13393145641451e-16,"Down"
9.80075103476891e-21,-1.27255768764366,0.165,0.561,7.5322692002613e-16,"Prpf38b-201",7.5322692002613e-16,"Down"
1.00774961131172e-20,-2.0666447602918,0.077,0.444,7.7449588627751e-16,"E2f7-201",7.7449588627751e-16,"Down"
1.0694800726459e-20,-1.6467891236432,0.51,0.813,8.21938215031284e-16,"Atp5g1-202",8.21938215031284e-16,"Down"
1.14700821801195e-20,-1.3490655751128,0.139,0.518,8.815216958709e-16,"Cnot9-201",8.815216958709e-16,"Down"
1.17790648317709e-20,-1.3284633395575,0.191,0.586,9.05268248580918e-16,"Cnih1-201",9.05268248580918e-16,"Down"
1.25494516855131e-20,-1.08515503492008,0.206,0.624,9.64475559838422e-16,"Rsrp1-204",9.64475559838422e-16,"Down"
1.30259901173529e-20,-1.06998279835982,0.201,0.585,1.00109944447904e-15,"Brd4-201",1.00109944447904e-15,"Down"
1.32586598588413e-20,-2.30507074412624,0.082,0.445,1.01898104479139e-15,"Fat1-201",1.01898104479139e-15,"Down"
1.3590491929171e-20,-2.21165376313015,0.062,0.434,1.04448366672451e-15,"Smc2-201",1.04448366672451e-15,"Down"
1.39115242576255e-20,-1.34165891397252,0.273,0.7,1.06915628529555e-15,"Pacsin2-203",1.06915628529555e-15,"Down"
1.42617245919159e-20,-2.10635717744728,0.093,0.457,1.0960705817871e-15,"Mtmr4-201",1.0960705817871e-15,"Down"
1.573842325849e-20,-1.42973507161686,0.196,0.598,1.20956078110799e-15,"Brwd1-202",1.20956078110799e-15,"Down"
1.61186626929549e-20,-1.71137805909144,0.144,0.539,1.23878370260435e-15,"Brap-201",1.23878370260435e-15,"Down"
1.80050672487561e-20,-1.22385330814206,0.309,0.693,1.3837614383359e-15,"Eef1d-218",1.3837614383359e-15,"Down"
1.86754878315411e-20,-1.18633569712499,0.237,0.668,1.43528594180526e-15,"C1qbp-201",1.43528594180526e-15,"Down"
2.08031705927793e-20,-1.22478299583676,0.16,0.572,1.59880687273746e-15,"Dsc2-201",1.59880687273746e-15,"Down"
2.33722301507997e-20,-1.43029658486964,0.113,0.49,1.79624937600956e-15,"Med13-201",1.79624937600956e-15,"Down"
2.43914624593976e-20,-2.29444604137425,0.082,0.442,1.87458145585454e-15,"Fat1-203",1.87458145585454e-15,"Down"
2.47197445153321e-20,-1.1585070646027,0.423,0.769,1.89981124498134e-15,"Hnrnpf-203",1.89981124498134e-15,"Down"
2.54420096654481e-20,-2.58155110270799,0.041,0.395,1.95532021082835e-15,"Slc38a6-202",1.95532021082835e-15,"Down"
2.66607539434756e-20,-1.20285934629182,0.196,0.597,2.04898558357187e-15,"Ube2f-204",2.04898558357187e-15,"Down"
2.73040758730483e-20,-2.17325540463049,0.082,0.447,2.09842744714725e-15,"Dlgap5-208",2.09842744714725e-15,"Down"
2.73112938401312e-20,-1.55776752027366,0.175,0.562,2.09898217678945e-15,"Agfg1-206",2.09898217678945e-15,"Down"
2.97149142533925e-20,-1.56861991978567,0.134,0.522,2.28371002003023e-15,"Nhp2-202",2.28371002003023e-15,"Down"
2.99431853411068e-20,-1.24971975248456,0.155,0.556,2.30125356620542e-15,"Trim27-207",2.30125356620542e-15,"Down"
3.21228184556442e-20,-2.10386357543463,0.088,0.456,2.46876708959008e-15,"Uhrf1-202",2.46876708959008e-15,"Down"
3.58077501512043e-20,-2.2176738529761,0.067,0.423,2.75196883012065e-15,"Brca1-201",2.75196883012065e-15,"Down"
3.58332899820211e-20,-1.99113048519647,0.103,0.467,2.75393166827825e-15,"Tpx2-207",2.75393166827825e-15,"Down"
3.80293928062202e-20,-1.36973763090396,0.119,0.48,2.92271095472925e-15,"Clpb-211",2.92271095472925e-15,"Down"
3.80703213037334e-20,-2.8946911997199,0.057,0.398,2.92585647347713e-15,"Itprid2-201",2.92585647347713e-15,"Down"
3.99450166523975e-20,-1.12237498598448,0.201,0.602,3.06993430980335e-15,"Maea-201",3.06993430980335e-15,"Down"
4.11953997165722e-20,-1.99181289142962,0.108,0.484,3.16603124981744e-15,"Herc1-201",3.16603124981744e-15,"Down"
4.14584483139614e-20,-1.07055900220328,0.227,0.628,3.18624758672119e-15,"Qrich1-202",3.18624758672119e-15,"Down"
4.17240102848801e-20,-1.9905186690494,0.119,0.491,3.20665708643418e-15,"Dis3-201",3.20665708643418e-15,"Down"
4.19323912853055e-20,-1.36400624243546,0.103,0.468,3.22267199984087e-15,"Mcm5-201",3.22267199984087e-15,"Down"
4.29302091630704e-20,-1.49024419959597,0.216,0.628,3.29935829501861e-15,"Etl4-202",3.29935829501861e-15,"Down"
4.30694085407025e-20,-1.98729480144483,0.108,0.481,3.31005632398715e-15,"Wdr36-201",3.31005632398715e-15,"Down"
4.7514054808537e-20,-2.39843865957375,0.088,0.438,3.6516451682553e-15,"A430005L14Rik-201",3.6516451682553e-15,"Down"
5.11927091183094e-20,-1.03714949775667,0.258,0.68,3.93436446657855e-15,"Ran-201",3.93436446657855e-15,"Down"
5.15754812200777e-20,-1.44834517159898,0.119,0.498,3.96378203368785e-15,"Nop14-201",3.96378203368785e-15,"Down"
5.17864125276998e-20,-1.24309452439405,0.196,0.591,3.97999294840384e-15,"Abce1-201",3.97999294840384e-15,"Down"
5.22908741081581e-20,-1.31946725657319,0.139,0.518,4.01876283870839e-15,"Nrip1-201",4.01876283870839e-15,"Down"
5.24218534830319e-20,-1.86815056666398,0.098,0.474,4.02882912758493e-15,"Nav1-208",4.02882912758493e-15,"Down"
5.32782107904927e-20,-1.8521318793509,0.155,0.536,4.09464361209253e-15,"Prrc2b-202",4.09464361209253e-15,"Down"
5.79074250802388e-20,-1.13041489073313,0.186,0.593,4.45041724711667e-15,"Ythdf3-201",4.45041724711667e-15,"Down"
5.83044263382684e-20,-2.32551289272367,0.108,0.46,4.48092838180128e-15,"Lypla2-201",4.48092838180128e-15,"Down"
5.89547732232656e-20,-1.80528326127789,0.093,0.458,4.53091014130085e-15,"Lig1-201",4.53091014130085e-15,"Down"
5.98348242846159e-20,-1.05552628685112,0.232,0.644,4.59854558556987e-15,"Cul1-201",4.59854558556987e-15,"Down"
6.22682126337222e-20,-1.01429463544454,0.309,0.708,4.78556121375209e-15,"Srsf6-203",4.78556121375209e-15,"Down"
6.41284897277351e-20,-2.48796941318971,0.082,0.439,4.92853094953535e-15,"Pja1-201",4.92853094953535e-15,"Down"
6.8294586923376e-20,-1.01373964895088,0.155,0.535,5.24871218340914e-15,"Anapc5-205",5.24871218340914e-15,"Down"
7.01499636784796e-20,-1.1316178943007,0.232,0.615,5.39130530854588e-15,"Rest-202",5.39130530854588e-15,"Down"
7.10183915198718e-20,-1.99463089215673,0.098,0.473,5.45804746186823e-15,"ENSMUST00000249914.1",5.45804746186823e-15,"Down"
7.12718712486237e-20,-2.33448321809677,0.098,0.457,5.47752839294173e-15,"Cdh1-201",5.47752839294173e-15,"Down"
7.35847084111903e-20,-1.73712545877353,0.088,0.45,5.65527918023362e-15,"Mcm7-201",5.65527918023362e-15,"Down"
7.52008673981646e-20,-1.43049015475131,0.098,0.46,5.77948746301854e-15,"Xrcc1-205",5.77948746301854e-15,"Down"
7.52008673981646e-20,-1.43049015475131,0.098,0.46,5.77948746301854e-15,"Xrcc1-201",5.77948746301854e-15,"Down"
7.59461903765451e-20,-1.6145426474891,0.119,0.491,5.836768515199e-15,"Pspc1-201",5.836768515199e-15,"Down"
7.60158645316635e-20,-1.43398805651594,0.242,0.621,5.84212325271647e-15,"Sdc1-201",5.84212325271647e-15,"Down"
7.79631413215247e-20,-2.15190785407102,0.062,0.425,5.99177926312446e-15,"Smc2-202",5.99177926312446e-15,"Down"
8.0846024360104e-20,-1.40925812925882,0.082,0.448,6.21334035617143e-15,"Cep164-201",6.21334035617143e-15,"Down"
8.18863545651579e-20,-2.63153552278182,0.082,0.434,6.29329389375065e-15,"Ckap2l-201",6.29329389375065e-15,"Down"
8.33405230780723e-20,-1.17022522189604,0.201,0.592,6.40505256064217e-15,"Helz-201",6.40505256064217e-15,"Down"
8.44767305031658e-20,-1.1389866383564,0.407,0.75,6.4923746460903e-15,"Ywhaz-204",6.4923746460903e-15,"Down"
8.8107417706488e-20,-2.01077468824536,0.088,0.444,6.77140748041443e-15,"Ap1m2-202",6.77140748041443e-15,"Down"
9.3186740817492e-20,-2.118882570697,0.108,0.479,7.16177377878753e-15,"Ddx39a-202",7.16177377878753e-15,"Down"
9.37687442130487e-20,-1.55315201743857,0.103,0.49,7.20650306774964e-15,"Incenp-201",7.20650306774964e-15,"Down"
9.52763637419712e-20,-1.08825410656484,0.165,0.543,7.32236965902546e-15,"Usp7-207",7.32236965902546e-15,"Down"
1.11476678828373e-19,-3.482770148683,0.041,0.372,8.5674286746758e-15,"Bcor-201",8.5674286746758e-15,"Down"
1.19899077899065e-19,-1.58240760634252,0.124,0.502,9.21472373285473e-15,"Tubb6-201",9.21472373285473e-15,"Down"
1.23122416121061e-19,-1.04776078437856,0.278,0.7,9.46245016856804e-15,"Ipo5-201",9.46245016856804e-15,"Down"
1.23876422782205e-19,-1.98986540653014,0.103,0.477,9.5203985965036e-15,"Taf1-205",9.5203985965036e-15,"Down"
1.29271963519699e-19,-2.16144670814069,0.067,0.414,9.93506748434297e-15,"Bub1b-201",9.93506748434297e-15,"Down"
1.31956678042487e-19,-1.01217121116553,0.124,0.51,1.01413985342773e-14,"Tsnax-201",1.01413985342773e-14,"Down"
1.42701358817269e-19,-2.8692688143176,0.088,0.427,1.09671702305424e-14,"Cpsf2-201",1.09671702305424e-14,"Down"
1.45524892648872e-19,-1.94424746821859,0.119,0.487,1.11841700996364e-14,"Ythdc1-202",1.11841700996364e-14,"Down"
1.61918242584614e-19,-1.54969168301568,0.134,0.516,1.24440646155979e-14,"Nsd2-203",1.24440646155979e-14,"Down"
1.68140456477496e-19,-2.04837560484603,0.103,0.45,1.29222666421215e-14,"N4bp2-201",1.29222666421215e-14,"Down"
1.73957082354391e-19,-1.02687743351665,0.206,0.605,1.33692976072644e-14,"Cherp-207",1.33692976072644e-14,"Down"
1.93351146271282e-19,-1.22502876005569,0.263,0.653,1.48598089955331e-14,"Pum2-202",1.48598089955331e-14,"Down"
2.0319820951876e-19,3.76527020103637,0.345,0.126,1.56165951943548e-14,"Ctla2a-206",1.56165951943548e-14,"Up"
2.04048555371495e-19,-1.33140639235724,0.098,0.449,1.56819476745209e-14,"Rab3gap1-205",1.56819476745209e-14,"Down"
2.04531093336426e-19,-1.60939705098847,0.134,0.514,1.57190326472777e-14,"Nom1-201",1.57190326472777e-14,"Down"
2.08247963368735e-19,-1.48838258746668,0.129,0.501,1.60046889767407e-14,"Sbno1-201",1.60046889767407e-14,"Down"
2.32406595675001e-19,-1.031071948959,0.103,0.47,1.78613765040065e-14,"Ncoa3-201",1.78613765040065e-14,"Down"
2.38451286482035e-19,-1.52644378157553,0.155,0.515,1.83259351712903e-14,"Huwe1-202",1.83259351712903e-14,"Down"
2.41529260821311e-19,-1.10455988815113,0.175,0.564,1.8562489811161e-14,"Ncor2-202",1.8562489811161e-14,"Down"
2.46098785565372e-19,-1.13245851007789,0.191,0.575,1.89136760658411e-14,"Brpf1-204",1.89136760658411e-14,"Down"
2.60109692584683e-19,-1.27064408213228,0.129,0.499,1.99904703139032e-14,"Lima1-202",1.99904703139032e-14,"Down"
2.70082222296343e-19,-1.13617797165592,0.227,0.628,2.07568991123631e-14,"Ddx27-201",2.07568991123631e-14,"Down"
2.74333442825233e-19,-1.47122503854026,0.175,0.559,2.10836224148904e-14,"Ss18-201",2.10836224148904e-14,"Down"
2.84313869084967e-19,-1.02478624284689,0.129,0.502,2.18506580946561e-14,"Ino80d-203",2.18506580946561e-14,"Down"
3.07928931309967e-19,-1.26606180704297,0.103,0.458,2.36655700868962e-14,"Mcm5-205",2.36655700868962e-14,"Down"
3.08848991065143e-19,2.08549279635912,0.814,0.793,2.37362803593205e-14,"Gnas-202",2.37362803593205e-14,"Up"
3.11524294006645e-19,-1.02923081590039,0.222,0.603,2.39418880915867e-14,"Ddx39b-203",2.39418880915867e-14,"Down"
3.28496943899769e-19,-1.23047171152883,0.134,0.506,2.52463041264729e-14,"Virma-203",2.52463041264729e-14,"Down"
3.36990958307313e-19,-3.51287413371449,0.077,0.407,2.58991031097502e-14,"Slc38a1-203",2.58991031097502e-14,"Down"
3.38532485214596e-19,-1.00654910057929,0.309,0.708,2.60175756186826e-14,"Ppp1ca-201",2.60175756186826e-14,"Down"
3.49272606439675e-19,-1.50048291887617,0.124,0.49,2.68429968953148e-14,"Ankhd1-212",2.68429968953148e-14,"Down"
3.51558501852415e-19,-1.38005227771993,0.067,0.413,2.70186771013655e-14,"Atad5-201",2.70186771013655e-14,"Down"
3.55018977927632e-19,-1.35364712428458,0.134,0.495,2.72846285296502e-14,"Casp8ap2-201",2.72846285296502e-14,"Down"
3.55565598788298e-19,-1.78434395045564,0.134,0.498,2.73266385292759e-14,"Nsd1-207",2.73266385292759e-14,"Down"
3.58016861346846e-19,-1.26078737731712,0.103,0.457,2.75150278619505e-14,"Mcm5-203",2.75150278619505e-14,"Down"
3.71220259001521e-19,-2.36478327177754,0.077,0.411,2.85297617853029e-14,"Hook1-201",2.85297617853029e-14,"Down"
3.72013963184761e-19,-1.04538004678851,0.139,0.511,2.85907611266016e-14,"Ube2c-202",2.85907611266016e-14,"Down"
3.98428421106729e-19,-1.37690671130321,0.067,0.412,3.06208178757365e-14,"Atad5-202",3.06208178757365e-14,"Down"
4.0918720415207e-19,-1.73302371085261,0.134,0.491,3.14476733879032e-14,"Sik1-203",3.14476733879032e-14,"Down"
4.10883639609894e-19,-1.43698575525726,0.139,0.517,3.15780512385788e-14,"Hnrnpd-203",3.15780512385788e-14,"Down"
4.1494334269758e-19,-1.03366446628719,0.103,0.467,3.18900556596798e-14,"Ncoa3-202",3.18900556596798e-14,"Down"
4.20485105958668e-19,-1.00041124359647,0.129,0.493,3.23159623333475e-14,"Sltm-206",3.23159623333475e-14,"Down"
4.32237100321159e-19,-1.77488078317763,0.088,0.428,3.32191501080823e-14,"Pou2f3-202",3.32191501080823e-14,"Down"
4.43372322556156e-19,-2.43316092497025,0.082,0.432,3.40749364777308e-14,"Lyar-204",3.40749364777308e-14,"Down"
4.78419039049059e-19,-1.20309158517827,0.227,0.621,3.67684168270764e-14,"Nfkbiz-204",3.67684168270764e-14,"Down"
4.79197689029343e-19,-2.19134877723884,0.077,0.419,3.68282591926611e-14,"Fat1-206",3.68282591926611e-14,"Down"
4.95072738339854e-19,-1.22321791442585,0.206,0.589,3.80483202323711e-14,"Psmd3-205",3.80483202323711e-14,"Down"
5.37632579880319e-19,-1.27673890018937,0.201,0.591,4.1319214294122e-14,"Brwd1-201",4.1319214294122e-14,"Down"
5.48566815785487e-19,-1.29225752888937,0.119,0.495,4.21595540603778e-14,"Usp19-204",4.21595540603778e-14,"Down"
5.49169660505536e-19,-1.96402651925944,0.113,0.461,4.22058850884924e-14,"Fen1-204",4.22058850884924e-14,"Down"
5.49169660505536e-19,-1.9640265191464,0.113,0.461,4.22058850884924e-14,"Fen1-201",4.22058850884924e-14,"Down"
5.76856803108141e-19,-2.15214068210869,0.077,0.425,4.43337527460731e-14,"Dlgap5-204",4.43337527460731e-14,"Down"
5.77930534706658e-19,-1.13570242554523,0.16,0.556,4.44162733143455e-14,"Dsc2-202",4.44162733143455e-14,"Down"
5.81401504881723e-19,-2.30219703903732,0.082,0.417,4.46830312561799e-14,"Ubtf-210",4.46830312561799e-14,"Down"
6.33269837958187e-19,-1.11849778251973,0.16,0.542,4.86693201264385e-14,"Ube2o-201",4.86693201264385e-14,"Down"
6.40587603343113e-19,-1.01287640122324,0.155,0.535,4.92317196673316e-14,"Arhgef12-202",4.92317196673316e-14,"Down"
6.51937631708525e-19,-1.64330191681288,0.077,0.438,5.0104014747327e-14,"Incenp-209",5.0104014747327e-14,"Down"
6.54203747690306e-19,-1.5560606432329,0.206,0.563,5.02781748249908e-14,"Acin1-201",5.02781748249908e-14,"Down"
6.57214183467092e-19,-2.08796263497718,0.124,0.474,5.05095388561799e-14,"Wdr46-201",5.05095388561799e-14,"Down"
6.68529224139941e-19,-1.11666320298131,0.211,0.609,5.1379144992051e-14,"Nsd3-207",5.1379144992051e-14,"Down"
6.87638711703822e-19,-1.00344761604408,0.088,0.444,5.28477855492856e-14,"Ckap5-201",5.28477855492856e-14,"Down"
7.60719508479934e-19,-1.10931848966356,0.18,0.558,5.84643371047168e-14,"Drosha-201",5.84643371047168e-14,"Down"
8.17151260529245e-19,-1.52363034993519,0.103,0.457,6.28013429767146e-14,"Prkcsh-201",6.28013429767146e-14,"Down"
8.22456600713751e-19,-1.10808734655722,0.196,0.59,6.32090795912547e-14,"Tcerg1-209",6.32090795912547e-14,"Down"
8.34385641520161e-19,-1.95028807614869,0.108,0.457,6.41258740933904e-14,"Chaf1a-203",6.41258740933904e-14,"Down"
8.7184079570332e-19,-2.25789792711124,0.119,0.465,6.7004452512983e-14,"Dnmt1-207",6.7004452512983e-14,"Down"
8.86072912319744e-19,-2.26531741555758,0.124,0.48,6.80982476034216e-14,"Sinhcaf-201",6.80982476034216e-14,"Down"
9.15550368776802e-19,-1.2253959595121,0.082,0.422,7.03637080419723e-14,"Dyrk1a-202",7.03637080419723e-14,"Down"
9.52932602838162e-19,-1.55879795894216,0.119,0.478,7.32366822585241e-14,"Pspc1-202",7.32366822585241e-14,"Down"
9.91279140409756e-19,-2.01938487351282,0.108,0.464,7.61837670570513e-14,"Rbm3-205",7.61837670570513e-14,"Down"
1.00142565864927e-18,-1.03177540717077,0.258,0.669,7.69635675698313e-14,"Ralbp1-201",7.69635675698313e-14,"Down"
1.01858709681778e-18,-1.35779410594701,0.113,0.474,7.8282492738834e-14,"Myo18a-209",7.8282492738834e-14,"Down"
1.06709170917156e-18,-1.80985171824411,0.088,0.43,8.20102662166711e-14,"Aifm1-201",8.20102662166711e-14,"Down"
1.08875833020705e-18,-1.6357846455907,0.304,0.629,8.36754327097329e-14,"Eif4g1-206",8.36754327097329e-14,"Down"
1.10062712295659e-18,-1.18034474163732,0.119,0.494,8.45875969077058e-14,"Usp19-210",8.45875969077058e-14,"Down"
1.14302686908981e-18,-1.34366565145039,0.139,0.496,8.78461869970286e-14,"Zfp622-204",8.78461869970286e-14,"Down"
1.14352971142326e-18,-2.72806369806554,0.082,0.411,8.78848324417234e-14,"Mad1l1-202",8.78848324417234e-14,"Down"
1.21538536603462e-18,-2.23428529305228,0.222,0.572,9.34072269212248e-14,"Ube2j2-201",9.34072269212248e-14,"Down"
1.27398232457499e-18,2.565514627941,0.505,0.284,9.79106375728866e-14,"Fnd3c2-201",9.79106375728866e-14,"Up"
1.28929838251862e-18,-1.44699983104559,0.113,0.472,9.90877378900858e-14,"Ankhd1-201",9.90877378900858e-14,"Down"
1.29479592558885e-18,-2.07409281326268,0.108,0.46,9.95102460652056e-14,"Pabpn1-202",9.95102460652056e-14,"Down"
1.33007632911252e-18,-1.07409333652315,0.222,0.605,1.02221686197613e-13,"Qrich1-201",1.02221686197613e-13,"Down"
1.39577029875473e-18,-1.28774159714677,0.191,0.562,1.07270530540496e-13,"Ccar1-201",1.07270530540496e-13,"Down"
1.40690606603015e-18,-1.37882315045398,0.139,0.498,1.08126358798681e-13,"Arl6ip4-201",1.08126358798681e-13,"Down"
1.46670321416764e-18,-1.27759667611263,0.165,0.536,1.1272200882164e-13,"Rbm27-202",1.1272200882164e-13,"Down"
1.47553275972603e-18,-1.35864686326672,0.149,0.518,1.13400594715984e-13,"Idh3g-201",1.13400594715984e-13,"Down"
1.50553666144428e-18,-1.62439351419843,0.082,0.429,1.15706514578638e-13,"Ilf3-201",1.15706514578638e-13,"Down"
1.53798216228666e-18,-1.10111834585208,0.222,0.62,1.18200081100379e-13,"Nsd3-205",1.18200081100379e-13,"Down"
1.56958507916428e-18,-1.21537469998376,0.088,0.444,1.20628891674091e-13,"Fasn-201",1.20628891674091e-13,"Down"
1.60263493976261e-18,-1.56317916577762,0.335,0.666,1.23168905660516e-13,"Eif4g1-203",1.23168905660516e-13,"Down"
1.67740814202593e-18,-1.1911049389224,0.103,0.457,1.28915525347261e-13,"Mcmbp-201",1.28915525347261e-13,"Down"
1.7436138344394e-18,-1.317559524805,0.18,0.554,1.34003697632005e-13,"U2af2-201",1.34003697632005e-13,"Down"
1.84620518214741e-18,-1.80031021191235,0.082,0.432,1.41888253068757e-13,"Usp19-201",1.41888253068757e-13,"Down"
1.92000363797916e-18,-1.589126994953,0.129,0.483,1.47559959593251e-13,"Akap8-201",1.47559959593251e-13,"Down"
2.00171035452584e-18,-1.57274013523828,0.134,0.504,1.53839447586729e-13,"Nolc1-209",1.53839447586729e-13,"Down"
2.00592856493531e-18,-1.81915161290622,0.077,0.418,1.54163633929539e-13,"Acsl3-201",1.54163633929539e-13,"Down"
2.00751366077221e-18,-1.14892607624842,0.33,0.686,1.54285454884987e-13,"Hnrnph1-202",1.54285454884987e-13,"Down"
2.08657937866356e-18,-1.09773667983792,0.149,0.53,1.6036197156781e-13,"Usp34-205",1.6036197156781e-13,"Down"
2.22715129993408e-18,-1.56980914718689,0.16,0.511,1.71165486005134e-13,"Kdm5c-203",1.71165486005134e-13,"Down"
2.3314343663736e-18,-1.83178241794718,0.088,0.42,1.79180056793276e-13,"Tcof1-205",1.79180056793276e-13,"Down"
2.34070737355296e-18,-1.5725800448272,0.124,0.482,1.79892724487039e-13,"Senp1-204",1.79892724487039e-13,"Down"
2.34453222786564e-18,-1.17455853118561,0.284,0.667,1.80186679840386e-13,"Cox6c-201",1.80186679840386e-13,"Down"
2.37866131041612e-18,-1.3250819504929,0.191,0.565,1.8280963635072e-13,"Psmd3-204",1.8280963635072e-13,"Down"
2.550933980191e-18,-1.32010373256109,0.108,0.463,1.96049480113599e-13,"Brd1-203",1.96049480113599e-13,"Down"
2.5875865781955e-18,-2.09035836492352,0.119,0.462,1.98866378880637e-13,"Arid1a-201",1.98866378880637e-13,"Down"
2.59149067510663e-18,-1.91829308945325,0.103,0.451,1.99166424344645e-13,"Prpsap1-201",1.99166424344645e-13,"Down"
2.68493652298926e-18,-1.70899509277535,0.119,0.479,2.06348111537817e-13,"Sptbn1-203",2.06348111537817e-13,"Down"
2.7630887186246e-18,-1.32745655643951,0.175,0.547,2.12354420381175e-13,"Aars-201",2.12354420381175e-13,"Down"
2.92272249528436e-18,-1.06927814063296,0.247,0.634,2.24622914652584e-13,"Ptp4a1-203",2.24622914652584e-13,"Down"
3.10260075199805e-18,-3.65203443381995,0.041,0.356,2.38447278194058e-13,"Sppl3-201",2.38447278194058e-13,"Down"
3.1176906372801e-18,-2.18357386823746,0.108,0.436,2.39606996237525e-13,"Senp3-201",2.39606996237525e-13,"Down"
3.15414591965807e-18,-1.24167254043374,0.144,0.503,2.42408730509402e-13,"Phax-201",2.42408730509402e-13,"Down"
3.19844810823029e-18,-2.88981133964668,0.057,0.382,2.4581353090993e-13,"Ncapd2-201",2.4581353090993e-13,"Down"
3.27866462032758e-18,-1.21374301744124,0.186,0.559,2.51978490730656e-13,"Cnot1-203",2.51978490730656e-13,"Down"
3.33360985261694e-18,-1.46183983023673,0.093,0.445,2.56201251613022e-13,"Leng8-204",2.56201251613022e-13,"Down"
3.36328409013867e-18,-1.15562626425953,0.082,0.415,2.58481835463517e-13,"Dyrk1a-201",2.58481835463517e-13,"Down"
3.37904259147252e-18,-1.76698583606235,0.222,0.611,2.59692939325029e-13,"Ash2l-204",2.59692939325029e-13,"Down"
3.41795342804821e-18,-1.02307726574962,0.108,0.463,2.62683392759217e-13,"Ehmt1-210",2.62683392759217e-13,"Down"
3.70794910083095e-18,-1.49950394152256,0.149,0.504,2.84970720195262e-13,"Nop56-202",2.84970720195262e-13,"Down"
3.76857808375627e-18,-2.23091448085599,0.108,0.457,2.89630300049004e-13,"Dot1l-201",2.89630300049004e-13,"Down"
3.82828618737402e-18,-1.00716240763631,0.211,0.605,2.94219106644443e-13,"Sfmbt2-205",2.94219106644443e-13,"Down"
3.84735761204618e-18,-1.45566978949772,0.211,0.59,2.95684821916197e-13,"Foxp4-204",2.95684821916197e-13,"Down"
4.01258147776664e-18,-1.48295975648975,0.088,0.437,3.08382936892277e-13,"Foxj3-202",3.08382936892277e-13,"Down"
4.06577320185954e-18,-1.03838713074902,0.186,0.555,3.12470933655713e-13,"Brpf1-203",3.12470933655713e-13,"Down"
4.8650110962109e-18,-1.22281687514784,0.175,0.541,3.73895562788192e-13,"Eif3k-201",3.73895562788192e-13,"Down"
4.8930624988236e-18,-1.1019650566238,0.144,0.504,3.76051425284589e-13,"Dr1-201",3.76051425284589e-13,"Down"
4.95956105120057e-18,-1.0443661755309,0.196,0.571,3.81162105028968e-13,"Cnot1-216",3.81162105028968e-13,"Down"
5.48961622219992e-18,-2.17902568688262,0.103,0.444,4.21898965140953e-13,"Uck2-202",4.21898965140953e-13,"Down"
5.5625218650921e-18,-1.646534041575,0.278,0.599,4.27502055419788e-13,"Prrc2c-209",4.27502055419788e-13,"Down"
5.59552273823451e-18,-1.32420451686484,0.129,0.491,4.30038304524275e-13,"Nsd2-202",4.30038304524275e-13,"Down"
5.73287840635997e-18,-2.16250956716937,0.149,0.484,4.40594637042389e-13,"Kank1-201",4.40594637042389e-13,"Down"
5.80482922566248e-18,-1.60758387174357,0.108,0.461,4.46124345309065e-13,"Dbf4-207",4.46124345309065e-13,"Down"
6.05747851685319e-18,-1.79707796752037,0.108,0.456,4.65541453934235e-13,"Wdr36-202",4.65541453934235e-13,"Down"
6.09475472646598e-18,-1.63014606063524,0.119,0.469,4.68406279747816e-13,"Nr6a1-202",4.68406279747816e-13,"Down"
6.32354557238944e-18,-2.67326854085089,0.072,0.395,4.85989771420418e-13,"Kif11-201",4.85989771420418e-13,"Down"
6.41919853141038e-18,-2.69276166386368,0.067,0.387,4.93341083933013e-13,"Glce-203",4.93341083933013e-13,"Down"
6.41987545858944e-18,-1.02297867639401,0.186,0.552,4.93393108494433e-13,"Brpf1-202",4.93393108494433e-13,"Down"
6.47429620129772e-18,-3.10679514681674,0.036,0.354,4.97575560254535e-13,"Foxm1-201",4.97575560254535e-13,"Down"
6.621662620845e-18,-1.55629752320857,0.093,0.435,5.08901259062422e-13,"Itsn2-201",5.08901259062422e-13,"Down"
7.16928390629969e-18,-1.26027499596349,0.134,0.48,5.50988145334756e-13,"Casp8ap2-205",5.50988145334756e-13,"Down"
7.17709304047891e-18,-1.75604729186164,0.144,0.486,5.51588308532966e-13,"Smndc1-201",5.51588308532966e-13,"Down"
7.38572747921421e-18,-2.4358121612392,0.082,0.408,5.67622699687529e-13,"Ppp4c-201",5.67622699687529e-13,"Down"
7.6683871637009e-18,-1.05744760795802,0.227,0.609,5.89346227079069e-13,"Nfkbiz-201",5.89346227079069e-13,"Down"
7.6683871637009e-18,-1.05744760796562,0.227,0.609,5.89346227079069e-13,"Nfkbiz-202",5.89346227079069e-13,"Down"
8.33847967000727e-18,-1.02632975185304,0.186,0.57,6.40845516558739e-13,"Kras-201",6.40845516558739e-13,"Down"
8.6149271616139e-18,-1.91497843787341,0.093,0.427,6.62091612078675e-13,"Tasor2-201",6.62091612078675e-13,"Down"
8.68453341079068e-18,-1.23634519525223,0.191,0.553,6.67441130752907e-13,"Psmd13-208",6.67441130752907e-13,"Down"
8.79004401746213e-18,-2.26475717357634,0.113,0.454,6.75550042918035e-13,"Nolc1-208",6.75550042918035e-13,"Down"
9.11189891778362e-18,-1.93917515474908,0.129,0.472,7.00285879427342e-13,"Eml4-202",7.00285879427342e-13,"Down"
9.2443982362921e-18,-2.11970470027135,0.067,0.392,7.10468982051993e-13,"Rpa2-201",7.10468982051993e-13,"Down"
9.33107547044138e-18,-1.18531127328683,0.093,0.431,7.17130474205302e-13,"Trp53bp1-202",7.17130474205302e-13,"Down"
9.45342435368516e-18,-1.49923996890846,0.103,0.444,7.26533475278119e-13,"Prkcsh-205",7.26533475278119e-13,"Down"
9.67013176434302e-18,-1.03117862347208,0.134,0.48,7.43188306616818e-13,"Ppp1r10-202",7.43188306616818e-13,"Down"
1.01159155124759e-17,-1.79394996087765,0.119,0.455,7.77448570795825e-13,"Zc3h14-204",7.77448570795825e-13,"Down"
1.0128498859024e-17,-1.39347845813294,0.088,0.415,7.78415651311428e-13,"Ldlr-202",7.78415651311428e-13,"Down"
1.05483158501239e-17,1.83913786959992,0.526,0.287,8.10680266345423e-13,"Calm1-201",8.10680266345423e-13,"Up"
1.11198455088805e-17,-1.76971047906615,0.129,0.477,8.54604606739502e-13,"Wbp11-201",8.54604606739502e-13,"Down"
1.12910032274691e-17,-1.08013462043966,0.077,0.419,8.6775876204391e-13,"Kif26a-201",8.6775876204391e-13,"Down"
1.15290209032388e-17,-1.04357137099548,0.18,0.544,8.86051372497515e-13,"Drosha-207",8.86051372497515e-13,"Down"
1.21056716146919e-17,-1.54329437026164,0.16,0.503,9.30369286275533e-13,"Kdm5c-202",9.30369286275533e-13,"Down"
1.21785931752692e-17,-1.11439030313469,0.103,0.44,9.35973599892136e-13,"Sltm-208",9.35973599892136e-13,"Down"
1.22734343678488e-17,-1.4393698457096,0.216,0.577,9.43262524906652e-13,"Ddx39b-204",9.43262524906652e-13,"Down"
1.23439339316307e-17,-1.015564142156,0.232,0.595,9.48680698381544e-13,"Fip1l1-201",9.48680698381544e-13,"Down"
1.30278125764642e-17,-1.01890570088552,0.134,0.478,1.00123950775158e-12,"Ppp1r10-201",1.00123950775158e-12,"Down"
1.30450434896642e-17,-2.44116554533044,0.057,0.369,1.00256377235465e-12,"Ilf3-213",1.00256377235465e-12,"Down"
1.32608568986227e-17,-1.47397729096714,0.134,0.475,1.01914989608675e-12,"Nop58-201",1.01914989608675e-12,"Down"
1.33412117818252e-17,-1.11294337570303,0.18,0.554,1.0253254902804e-12,"Trrap-215",1.0253254902804e-12,"Down"
1.39405688969916e-17,-1.48523000376812,0.129,0.468,1.07138848200939e-12,"Dhx8-201",1.07138848200939e-12,"Down"
1.42151791110352e-17,-1.10158231823957,0.17,0.536,1.0924933753995e-12,"Gtf2a1-201",1.0924933753995e-12,"Down"
1.46921261906892e-17,-1.44696886718834,0.134,0.484,1.12914866625923e-12,"Gle1-201",1.12914866625923e-12,"Down"
1.51205352102466e-17,-1.46820013996745,0.093,0.434,1.1620736130483e-12,"Trip13-201",1.1620736130483e-12,"Down"
1.53895881212126e-17,-1.2960365853942,0.119,0.467,1.18275140546767e-12,"Mrps5-203",1.18275140546767e-12,"Down"
1.81447975581266e-17,-3.49223143138015,0.041,0.349,1.39450027153226e-12,"Cdk5rap2-206",1.39450027153226e-12,"Down"
1.85563183725861e-17,-1.84342539245081,0.113,0.452,1.42612729220673e-12,"Dis3-205",1.42612729220673e-12,"Down"
1.88737268385103e-17,-1.79259231854211,0.098,0.425,1.45052140244687e-12,"Jagn1-201",1.45052140244687e-12,"Down"
2.25497347523265e-17,-1.41859895111762,0.139,0.487,1.7330373146553e-12,"Commd4-204",1.7330373146553e-12,"Down"
2.35169982156826e-17,-1.96374845779241,0.082,0.411,1.80737538086807e-12,"ENSMUST00000249896.1",1.80737538086807e-12,"Down"
2.38040827850445e-17,-2.01216173424118,0.088,0.405,1.82943897836181e-12,"Ubtf-213",1.82943897836181e-12,"Down"
2.38762502857168e-17,2.37439974196469,0.711,0.636,1.83498533945848e-12,"Sparc-201",1.83498533945848e-12,"Up"
2.38767866267334e-17,-1.76314902143701,0.093,0.412,1.83502655941097e-12,"Ubr2-201",1.83502655941097e-12,"Down"
2.4644779169177e-17,-1.04827379475518,0.16,0.525,1.89404985826793e-12,"Hipk3-201",1.89404985826793e-12,"Down"
2.47338458281297e-17,-3.00236665449489,0.077,0.39,1.90089498727508e-12,"Cep170b-202",1.90089498727508e-12,"Down"
2.54409141445819e-17,-1.60119470411962,0.077,0.399,1.9552360156677e-12,"Gaa-203",1.9552360156677e-12,"Down"
2.5532406707763e-17,-2.24196711541625,0.093,0.423,1.96226758511841e-12,"Tmpo-212",1.96226758511841e-12,"Down"
2.55609273888234e-17,-1.51403497649313,0.093,0.432,1.96445951354063e-12,"Ptprf-201",1.96445951354063e-12,"Down"
2.56172257625976e-17,-2.01488429032622,0.088,0.411,1.96878626875868e-12,"Ddx20-201",1.96878626875868e-12,"Down"
2.58180180948343e-17,-2.36397430903101,0.077,0.395,1.9842179626604e-12,"Kmt5b-205",1.9842179626604e-12,"Down"
2.63249345172786e-17,-2.04643025728618,0.077,0.389,2.02317651739093e-12,"Ubtf-202",2.02317651739093e-12,"Down"
2.67686760120029e-17,-1.50047967334411,0.134,0.49,2.05727982622647e-12,"Nolc1-202",2.05727982622647e-12,"Down"
3.02877559617112e-17,-1.88578018284959,0.088,0.409,2.32773519668136e-12,"Washc2-210",2.32773519668136e-12,"Down"
3.05607710159434e-17,-1.71743210179809,0.129,0.474,2.34871749565932e-12,"Mkrn1-201",2.34871749565932e-12,"Down"
3.12832984346313e-17,-1.53010451485066,0.144,0.49,2.40424661789516e-12,"Sin3a-204",2.40424661789516e-12,"Down"
3.29115264325049e-17,-2.98066409315315,0.077,0.389,2.52938245244373e-12,"Cep170b-211",2.52938245244373e-12,"Down"
3.76265826517775e-17,-1.28133561739077,0.16,0.514,2.89175338311971e-12,"Cnot3-201",2.89175338311971e-12,"Down"
3.84019917714746e-17,-1.06743467860523,0.216,0.566,2.95134667560491e-12,"Nasp-201",2.95134667560491e-12,"Down"
3.96248804314064e-17,-1.22092737916393,0.129,0.464,3.04533056067531e-12,"Srrt-211",3.04533056067531e-12,"Down"
3.98010227431038e-17,-1.30223427106201,0.077,0.4,3.0588678018985e-12,"Ilf3-204",3.0588678018985e-12,"Down"
4.04755629230049e-17,-1.41127824133558,0.119,0.459,3.11070891288462e-12,"Sf3b3-203",3.11070891288462e-12,"Down"
4.13067981431834e-17,-1.36349023097951,0.18,0.53,3.17459266449622e-12,"Slbp-201",3.17459266449622e-12,"Down"
4.15022851688568e-17,-1.72842761967849,0.093,0.412,3.18961662436732e-12,"Ubtf-204",3.18961662436732e-12,"Down"
4.16344364698939e-17,-1.62085943848514,0.134,0.469,3.19977298045722e-12,"Gnl2-201",3.19977298045722e-12,"Down"
4.3395736712936e-17,-1.04193729084875,0.17,0.519,3.33513594933599e-12,"Nutf2-201",3.33513594933599e-12,"Down"
4.41609378839673e-17,-2.17475269204867,0.098,0.428,3.39394472013442e-12,"Tmpo-201",3.39394472013442e-12,"Down"
4.89505564118308e-17,-1.45545328158767,0.119,0.456,3.76204606247484e-12,"Kdm1b-201",3.76204606247484e-12,"Down"
5.47877053305296e-17,-1.27036914483301,0.191,0.544,4.21065430547252e-12,"Matr3-217",4.21065430547252e-12,"Down"
5.55777496270797e-17,-1.52564485065692,0.067,0.378,4.27137236983958e-12,"Rfx7-202",4.27137236983958e-12,"Down"
5.78978717195448e-17,-1.09089328202916,0.18,0.533,4.44968303313389e-12,"H3c2-201",4.44968303313389e-12,"Down"
5.79573235423702e-17,-1.50554216484335,0.129,0.462,4.45425214352532e-12,"Ssrp1-204",4.45425214352532e-12,"Down"
5.87128144764985e-17,-1.20998239446244,0.108,0.461,4.51231464377682e-12,"Mybbp1a-208",4.51231464377682e-12,"Down"
6.18965834537864e-17,-1.93943203999405,0.082,0.407,4.7570000247573e-12,"Med8-209",4.7570000247573e-12,"Down"
6.36729196122503e-17,-1.50851176006522,0.134,0.464,4.89351856387988e-12,"Luzp1-203",4.89351856387988e-12,"Down"
6.4335196541023e-17,-1.60206711760814,0.082,0.415,4.94441719496378e-12,"Sipa1l1-210",4.94441719496378e-12,"Down"
6.4335196541023e-17,-1.60206711761225,0.082,0.415,4.94441719496378e-12,"Sipa1l1-201",4.94441719496378e-12,"Down"
6.60015791734736e-17,-1.89442026641617,0.093,0.415,5.07248536579814e-12,"Cnot2-212",5.07248536579814e-12,"Down"
6.7656441235175e-17,-1.28334507126051,0.077,0.397,5.19966813468814e-12,"Ilf3-208",5.19966813468814e-12,"Down"
7.21530409786639e-17,-1.3247652082151,0.186,0.541,5.54524981137423e-12,"Slu7-201",5.54524981137423e-12,"Down"
7.70031139117793e-17,-1.52724733434202,0.211,0.552,5.91799731657589e-12,"Hnrnpc-201",5.91799731657589e-12,"Down"
7.72393763758307e-17,-1.47911878429959,0.113,0.444,5.93615503198809e-12,"Commd4-201",5.93615503198809e-12,"Down"
7.89830835107559e-17,-1.2402791638399,0.206,0.56,6.07016590013564e-12,"Matr3-202",6.07016590013564e-12,"Down"
8.071997781653e-17,-1.61555964773829,0.113,0.443,6.2036531751116e-12,"Rsl24d1-201",6.2036531751116e-12,"Down"
8.17448430224289e-17,-1.54331092658255,0.119,0.454,6.28241816564575e-12,"Mtor-202",6.28241816564575e-12,"Down"
8.3772178859746e-17,-1.29266242737495,0.191,0.557,6.43822703408692e-12,"Etl4-209",6.43822703408692e-12,"Down"
8.39528816165758e-17,-1.78085609479499,0.082,0.401,6.45211476376032e-12,"Ap1m2-205",6.45211476376032e-12,"Down"
8.57918600240262e-17,-1.24125035907765,0.113,0.448,6.59344761028651e-12,"Ints13-201",6.59344761028651e-12,"Down"
9.01256862363575e-17,-1.18960299664811,0.196,0.553,6.92651949000902e-12,"Nrd1-202",6.92651949000902e-12,"Down"
9.54125535243291e-17,-1.03999304264788,0.165,0.524,7.33283638855879e-12,"Ythdf3-203",7.33283638855879e-12,"Down"
9.74127458502521e-17,-1.55941192707719,0.16,0.497,7.48655916957527e-12,"Arid3a-203",7.48655916957527e-12,"Down"
9.80823331987288e-17,-1.62596880660736,0.113,0.432,7.5380196356551e-12,"Plec-209",7.5380196356551e-12,"Down"
1.0023055100909e-16,-1.03830687995942,0.155,0.495,7.70311876725259e-12,"Golga4-201",7.70311876725259e-12,"Down"
1.0328452409661e-16,-1.9428096340647,0.088,0.398,7.93782881492087e-12,"A430005L14Rik-207",7.93782881492087e-12,"Down"
1.05233389708045e-16,-1.95201402529709,0.16,0.49,8.08760693262213e-12,"Nptn-201",8.08760693262213e-12,"Down"
1.06969385423106e-16,-1.37530059845905,0.165,0.514,8.22102514730735e-12,"Hdgfl2-210",8.22102514730735e-12,"Down"
1.11847036362251e-16,-1.01318816870733,0.273,0.629,8.59589213258441e-12,"Tnpo1-202",8.59589213258441e-12,"Down"
1.14049527198643e-16,-1.45702902624421,0.082,0.405,8.7651623633245e-12,"Akap9-201",8.7651623633245e-12,"Down"
1.15636640462847e-16,-1.49503086161675,0.067,0.385,8.88713836613167e-12,"Itsn2-215",8.88713836613167e-12,"Down"
1.1591880938685e-16,-1.39032496704823,0.175,0.523,8.90882417661696e-12,"Mrpl57-201",8.90882417661696e-12,"Down"
1.27405625949775e-16,-1.19896534436858,0.093,0.414,9.79163197674401e-12,"Ube2c-201",9.79163197674401e-12,"Down"
1.29062169588193e-16,-1.67930272233778,0.082,0.41,9.91894398153096e-12,"Sipa1l1-208",9.91894398153096e-12,"Down"
1.3392219192933e-16,-1.4782370189908,0.119,0.448,1.02924561385368e-11,"Wdr75-201",1.02924561385368e-11,"Down"
1.37653893542751e-16,-3.00983978657421,0.062,0.36,1.05792523343346e-11,"Kif4-201",1.05792523343346e-11,"Down"
1.38909931673819e-16,-1.78404522186987,0.077,0.398,1.06757838888597e-11,"Pds5b-201",1.06757838888597e-11,"Down"
1.39672602000732e-16,-1.34046467156967,0.17,0.524,1.07343981541643e-11,"Stag1-206",1.07343981541643e-11,"Down"
1.40814205266951e-16,-1.41135503097594,0.119,0.455,1.08221349315863e-11,"Zc3h13-201",1.08221349315863e-11,"Down"
1.43470200631212e-16,-1.45853301026251,0.082,0.4,1.10262587993111e-11,"Ndc1-204",1.10262587993111e-11,"Down"
1.51169972081133e-16,-1.53343911048958,0.134,0.458,1.16180170343234e-11,"Luzp1-207",1.16180170343234e-11,"Down"
1.51884447132876e-16,-1.64112934102037,0.098,0.421,1.167292729995e-11,"Ap1m2-201",1.167292729995e-11,"Down"
1.56901383648764e-16,-2.9279736313405,0.077,0.379,1.20584989389421e-11,"Mov10-201",1.20584989389421e-11,"Down"
1.58068130928798e-16,-1.51522475917223,0.103,0.422,1.21481681344019e-11,"Mycbp2-201",1.21481681344019e-11,"Down"
1.61161356496374e-16,-1.95418959535801,0.093,0.413,1.23858948921723e-11,"Vps4b-201",1.23858948921723e-11,"Down"
1.64335990321458e-16,-1.51050138802471,0.129,0.461,1.26298782001653e-11,"Dnajc7-201",1.26298782001653e-11,"Down"
1.708646505333e-16,-1.31207086266002,0.371,0.693,1.31316318520862e-11,"Cnbp-208",1.31316318520862e-11,"Down"
1.76409080478696e-16,-2.11556656468988,0.088,0.392,1.35577434711097e-11,"Zc3h14-203",1.35577434711097e-11,"Down"
1.7763280968053e-16,-1.58767372191329,0.113,0.429,1.36517919551874e-11,"Plec-208",1.36517919551874e-11,"Down"
1.78531277841644e-16,-2.11113420157048,0.098,0.408,1.37208428272417e-11,"Rlf-201",1.37208428272417e-11,"Down"
1.85256522854651e-16,-1.90986389091227,0.062,0.366,1.42377048074714e-11,"Nup155-201",1.42377048074714e-11,"Down"
1.88098409116752e-16,-1.06611306994532,0.309,0.654,1.44561151342589e-11,"Eif3m-201",1.44561151342589e-11,"Down"
1.8843425982362e-16,-1.58726046728335,0.072,0.378,1.44819266044845e-11,"Opa1-201",1.44819266044845e-11,"Down"
1.98206668059084e-16,-1.01871195851015,0.103,0.439,1.52329752670128e-11,"Usp19-203",1.52329752670128e-11,"Down"
2.02302122846064e-16,-1.78852938718617,0.072,0.385,1.55477273492114e-11,"Pja1-203",1.55477273492114e-11,"Down"
2.02302122846064e-16,-1.78852938781255,0.072,0.385,1.55477273492114e-11,"Pja1-205",1.55477273492114e-11,"Down"
2.06795759178497e-16,-1.13224661372391,0.201,0.559,1.58930812759042e-11,"Foxp4-202",1.58930812759042e-11,"Down"
2.08355178880656e-16,-1.43195472628248,0.093,0.415,1.60129289176939e-11,"Lig1-205",1.60129289176939e-11,"Down"
2.12868573086969e-16,-1.25604732741838,0.124,0.466,1.63598013160259e-11,"Rnf6-206",1.63598013160259e-11,"Down"
2.12881698374259e-16,-1.63941667163008,0.119,0.434,1.63608100468553e-11,"Ctdp1-201",1.63608100468553e-11,"Down"
2.14513705097327e-16,-1.65625168473543,0.093,0.411,1.64862362915499e-11,"Fam83d-201",1.64862362915499e-11,"Down"
2.22370264535415e-16,-1.28513896948635,0.124,0.469,1.70900443106048e-11,"Gon4l-202",1.70900443106048e-11,"Down"
2.23619082520363e-16,-2.19740375626605,0.067,0.373,1.718602096802e-11,"Clspn-201",1.718602096802e-11,"Down"
2.3303071450158e-16,-1.28831251021598,0.129,0.461,1.79093425323044e-11,"Zc3h18-202",1.79093425323044e-11,"Down"
2.37863880359582e-16,-1.59045835777671,0.088,0.403,1.82807906611553e-11,"1700017B05Rik-201",1.82807906611553e-11,"Down"
2.48804741325261e-16,-1.70040035456493,0.088,0.388,1.91216395898116e-11,"Pprc1-203",1.91216395898116e-11,"Down"
2.55720096689212e-16,-1.04435434290516,0.093,0.432,1.96531123109527e-11,"Alas2-202",1.96531123109527e-11,"Down"
2.80962623903284e-16,-1.43194600814046,0.062,0.362,2.1593101497463e-11,"Ccdc34-201",2.1593101497463e-11,"Down"
2.94054042735164e-16,-1.10500180368424,0.16,0.519,2.25992294003683e-11,"Rbm3-204",2.25992294003683e-11,"Down"
3.10949239160835e-16,-1.96029060741222,0.108,0.438,2.38976928264668e-11,"Myd88-201",2.38976928264668e-11,"Down"
3.29167642880684e-16,-1.78053658136146,0.103,0.419,2.52978500259521e-11,"Cnot2-213",2.52978500259521e-11,"Down"
3.33154989155396e-16,-1.07967906081327,0.165,0.516,2.56042935365488e-11,"Rsrp1-203",2.56042935365488e-11,"Down"
3.36988821681936e-16,-1.78592241871692,0.082,0.401,2.58989389015435e-11,"Wdr36-203",2.58989389015435e-11,"Down"
3.43267630536653e-16,-1.42385816230035,0.149,0.483,2.6381490477264e-11,"Ap3d1-201",2.6381490477264e-11,"Down"
3.56839629394452e-16,-1.4040566742889,0.093,0.411,2.74245528774812e-11,"Lig1-206",2.74245528774812e-11,"Down"
3.59436864830743e-16,-2.14456916164424,0.077,0.382,2.76241608097019e-11,"Itsn1-201",2.76241608097019e-11,"Down"
3.6522545040913e-16,-1.31985080765151,0.124,0.457,2.80690367657432e-11,"H2ac15-201",2.80690367657432e-11,"Down"
3.69299021813311e-16,-1.61081710337675,0.077,0.395,2.83821070224402e-11,"Pds5b-208",2.83821070224402e-11,"Down"
3.87789434912815e-16,-1.52453826456982,0.124,0.439,2.98031692307895e-11,"Nxf1-209",2.98031692307895e-11,"Down"
3.88039004116535e-16,-1.41110818011222,0.304,0.669,2.98223496223722e-11,"Eif5a-210",2.98223496223722e-11,"Down"
4.00423197812256e-16,-1.7705496997809,0.082,0.392,3.07741244446631e-11,"Yeats2-202",3.07741244446631e-11,"Down"
4.05364292027124e-16,-1.81842952504712,0.082,0.382,3.11538672994526e-11,"Ubtf-203",3.11538672994526e-11,"Down"
4.05558834387393e-16,-2.32380726676238,0.082,0.383,3.11688186580087e-11,"Kmt5b-206",3.11688186580087e-11,"Down"
4.06529556457463e-16,-1.20573202010696,0.077,0.395,3.12434225319819e-11,"Cep164-204",3.12434225319819e-11,"Down"
4.3332098291101e-16,-1.31527744552686,0.18,0.533,3.33024508206427e-11,"Bag6-201",3.33024508206427e-11,"Down"
4.37897144541794e-16,-1.02874916335467,0.113,0.44,3.3654147146615e-11,"Arfgap2-202",3.3654147146615e-11,"Down"
4.52163037374542e-16,-2.32505306378655,0.088,0.385,3.47505380743831e-11,"Prr14l-201",3.47505380743831e-11,"Down"
4.54160098362246e-16,-1.60911893399216,0.129,0.45,3.4904020199532e-11,"Dhx9-202",3.4904020199532e-11,"Down"
4.54528254211875e-16,-1.03532534603443,0.206,0.551,3.49323144491995e-11,"Vdac3-201",3.49323144491995e-11,"Down"
4.59055897301652e-16,-1.17335762856021,0.196,0.54,3.52802819312211e-11,"Kat7-204",3.52802819312211e-11,"Down"
4.88709463211225e-16,-1.42295478970655,0.134,0.463,3.75592770856355e-11,"H2bc18-201",3.75592770856355e-11,"Down"
4.90138524960722e-16,-1.23679520188604,0.155,0.49,3.76691061973313e-11,"Usp12-201",3.76691061973313e-11,"Down"
4.92477832402792e-16,-1.45238118874192,0.093,0.421,3.78488913314842e-11,"Incenp-205",3.78488913314842e-11,"Down"
4.93582930609724e-16,-1.54735064551818,0.149,0.482,3.79338225490797e-11,"Wdr43-201",3.79338225490797e-11,"Down"
4.99608999600761e-16,-1.03622005751637,0.113,0.444,3.83969500553169e-11,"Klf11-201",3.83969500553169e-11,"Down"
5.29331797751926e-16,-1.54185738261505,0.196,0.533,4.06812659844265e-11,"Hnrnpc-205",4.06812659844265e-11,"Down"
5.32842391244081e-16,-1.30148229533555,0.072,0.382,4.09510691366726e-11,"H2aj-201",4.09510691366726e-11,"Down"
5.43485116816577e-16,-1.3839301283661,0.119,0.438,4.17690051678212e-11,"Akap8-213",4.17690051678212e-11,"Down"
5.59001200313958e-16,-2.14671970302553,0.103,0.418,4.29614782489289e-11,"Tmpo-203",4.29614782489289e-11,"Down"
5.65029750529059e-16,-2.19233409495732,0.062,0.364,4.34247964471603e-11,"Hnrnph3-202",4.34247964471603e-11,"Down"
5.7051111647448e-16,-2.35265607882186,0.067,0.363,4.38460613455297e-11,"Kmt5b-208",4.38460613455297e-11,"Down"
5.75866363187082e-16,-2.46316425287197,0.062,0.362,4.425763347638e-11,"Zfp326-201",4.425763347638e-11,"Down"
5.78262416717679e-16,-2.37841533145945,0.057,0.347,4.44417797744205e-11,"Ilf3-206",4.44417797744205e-11,"Down"
5.82372511684492e-16,-1.30755878895083,0.16,0.492,4.4757657013e-11,"Slc25a37-203",4.4757657013e-11,"Down"
5.84873850546844e-16,-1.63691264959068,0.082,0.401,4.49498949099271e-11,"Sipa1l1-205",4.49498949099271e-11,"Down"
6.15134331419518e-16,-1.81316164525158,0.082,0.393,4.72755339069156e-11,"Zc3h4-201",4.72755339069156e-11,"Down"
6.15943695356889e-16,-2.22202459960595,0.082,0.383,4.73377367629584e-11,"Ppp4c-211",4.73377367629584e-11,"Down"
6.16896625937689e-16,-1.52108652917447,0.082,0.408,4.74109732898151e-11,"Raf1-201",4.74109732898151e-11,"Down"
6.21129505516908e-16,-1.68244779501229,0.046,0.337,4.77362870169964e-11,"Eif4enif1-203",4.77362870169964e-11,"Down"
6.27813326517738e-16,-1.42541125415968,0.119,0.438,4.82499653961943e-11,"Lars-201",4.82499653961943e-11,"Down"
6.48331284634789e-16,-1.17471763110412,0.098,0.408,4.98268525493221e-11,"Paxip1-201",4.98268525493221e-11,"Down"
6.70665439665876e-16,-1.49563016539336,0.093,0.394,5.15433217000812e-11,"Polr2a-202",5.15433217000812e-11,"Down"
7.00309798884811e-16,-1.80954258361729,0.077,0.371,5.38216092834932e-11,"Ubtf-205",5.38216092834932e-11,"Down"
7.08222345585331e-16,-1.60072154289709,0.088,0.395,5.4429720147615e-11,"Ppp6r1-201",5.4429720147615e-11,"Down"
7.21019154416303e-16,-1.07540168125112,0.088,0.397,5.54132060935106e-11,"Trp53bp1-201",5.54132060935106e-11,"Down"
7.73488326695108e-16,-1.48455254274967,0.093,0.402,5.94456718598258e-11,"ENSMUST00000249350.1",5.94456718598258e-11,"Down"
7.82694184046785e-16,-1.46217544557739,0.093,0.402,6.01531788207316e-11,"Aebp2-203",6.01531788207316e-11,"Down"
7.84051288276006e-16,-1.63043551569551,0.103,0.416,6.02574777091642e-11,"Hsf1-205",6.02574777091642e-11,"Down"
7.86372455005585e-16,-1.63389400825821,0.113,0.425,6.04358686569992e-11,"Timm44-201",6.04358686569992e-11,"Down"
7.91390012673579e-16,-1.40386030559398,0.149,0.479,6.08214880340152e-11,"Agfg1-202",6.08214880340152e-11,"Down"
7.96840937525949e-16,-1.50296588474838,0.082,0.382,6.12404134126193e-11,"Cabin1-201",6.12404134126193e-11,"Down"
8.59863208619812e-16,-1.03790255084142,0.258,0.623,6.6083927035267e-11,"Ctnnd1-223",6.6083927035267e-11,"Down"
8.60770443469569e-16,-2.72478241821721,0.062,0.355,6.61536516624102e-11,"Mcm10-202",6.61536516624102e-11,"Down"
8.6350347444848e-16,-1.70272783607064,0.18,0.513,6.63636960252635e-11,"Srp19-201",6.63636960252635e-11,"Down"
9.0607100665969e-16,-1.57278288280331,0.067,0.365,6.96351811458238e-11,"Dtl-201",6.96351811458238e-11,"Down"
9.20244159985601e-16,-1.65573462556098,0.046,0.335,7.07244446715334e-11,"Eif4enif1-213",7.07244446715334e-11,"Down"
1.05497400792712e-15,-1.20395207173828,0.108,0.422,8.10789724052309e-11,"Brwd3-205",8.10789724052309e-11,"Down"
1.06349722913918e-15,-1.23323782166111,0.186,0.527,8.17340160482626e-11,"Slu7-206",8.17340160482626e-11,"Down"
1.06796620012576e-15,-1.07442127078913,0.139,0.462,8.20774743444651e-11,"Ddx10-201",8.20774743444651e-11,"Down"
1.08294859785103e-15,-1.0947866152065,0.093,0.401,8.32289315392433e-11,"Ddx52-201",8.32289315392433e-11,"Down"
1.09958334429371e-15,-1.84610191215146,0.093,0.403,8.4507378342349e-11,"Elac2-202",8.4507378342349e-11,"Down"
1.12676633083694e-15,-1.24105136537589,0.18,0.521,8.65964995901421e-11,"Epb41-215",8.65964995901421e-11,"Down"
1.13800308626232e-15,-1.31914474459164,0.134,0.454,8.74600891916042e-11,"Polr2b-201",8.74600891916042e-11,"Down"
1.15447576203033e-15,-2.00258607632956,0.082,0.379,8.87260802150786e-11,"Srf-201",8.87260802150786e-11,"Down"
1.19738271572222e-15,-2.38773339651299,0.057,0.343,9.20236512341157e-11,"Ilf3-202",9.20236512341157e-11,"Down"
1.2814515908101e-15,-1.99828097645573,0.088,0.389,9.84846805601198e-11,"Akap8-212",9.84846805601198e-11,"Down"
1.28381529477172e-15,-1.49704064381705,0.134,0.47,9.86663406643858e-11,"Cox7a2-201",9.86663406643858e-11,"Down"
1.28537756608402e-15,-1.41096330119735,0.139,0.465,9.87864074638213e-11,"Pik3c2a-204",9.87864074638213e-11,"Down"
1.3052911339879e-15,-1.42760810025447,0.165,0.492,1.00316844811506e-10,"Ncaph2-209",1.00316844811506e-10,"Down"
1.42875138037915e-15,-1.08231400644987,0.129,0.457,1.09805258587659e-10,"Tsr1-201",1.09805258587659e-10,"Down"
1.51250523667095e-15,-2.68773589180705,0.072,0.362,1.16242077459109e-10,"Auts2-209",1.16242077459109e-10,"Down"
1.58331212112951e-15,-1.12076730606625,0.186,0.526,1.21683869757287e-10,"Lrrfip2-205",1.21683869757287e-10,"Down"
1.61644718464803e-15,-1.3215390096887,0.17,0.501,1.2423043192894e-10,"Tardbp-209",1.2423043192894e-10,"Down"
1.6371195025854e-15,-1.50470077248683,0.155,0.483,1.25819182251698e-10,"Fbxl19-204",1.25819182251698e-10,"Down"
1.64403009773646e-15,-2.12923838714817,0.062,0.361,1.26350289131438e-10,"Taf1-206",1.26350289131438e-10,"Down"
1.66831079807064e-15,-1.3128740835661,0.119,0.441,1.28216358074921e-10,"Bud23-202",1.28216358074921e-10,"Down"
1.83205612887821e-15,-3.00486009100464,0.057,0.342,1.40800841728806e-10,"Fam220a-201",1.40800841728806e-10,"Down"
1.83205612887821e-15,-3.00486009107594,0.057,0.342,1.40800841728806e-10,"Fam220a-206",1.40800841728806e-10,"Down"
1.89721237262355e-15,-1.92284291949928,0.082,0.371,1.4580835968561e-10,"Mdc1-201",1.4580835968561e-10,"Down"
1.9677112231196e-15,-1.38881930442828,0.186,0.513,1.51226478341634e-10,"Amd1-201",1.51226478341634e-10,"Down"
1.9677112231196e-15,-1.38881930442828,0.186,0.513,1.51226478341634e-10,"Amd1-206",1.51226478341634e-10,"Down"
1.99306635426609e-15,-1.15644087411578,0.191,0.533,1.53175121590766e-10,"Qars-201",1.53175121590766e-10,"Down"
2.0281601939047e-15,-2.07333073328871,0.098,0.391,1.55872223542352e-10,"Lypla2-202",1.55872223542352e-10,"Down"
2.03627473599193e-15,-1.30859105529162,0.129,0.453,1.56495858559924e-10,"Fbxo22-201",1.56495858559924e-10,"Down"
2.04853219929581e-15,-2.089016321733,0.082,0.382,1.5743789364468e-10,"Racgap1-201",1.5743789364468e-10,"Down"
2.10084030955709e-15,-1.73607555460695,0.082,0.386,1.61457981150701e-10,"Zc3h4-202",1.61457981150701e-10,"Down"
2.1587796237279e-15,-1.39498726086605,0.108,0.42,1.65910849201984e-10,"Wdr75-207",1.65910849201984e-10,"Down"
2.17162644349719e-15,-1.07613103641177,0.144,0.477,1.66898178688533e-10,"Chd8-212",1.66898178688533e-10,"Down"
2.25852351901606e-15,3.88337632355679,0.469,0.28,1.7357656653046e-10,"Tfpi-205",1.7357656653046e-10,"Up"
2.28370512745712e-15,-1.35145886642595,0.082,0.384,1.75511873865589e-10,"Ndc1-205",1.75511873865589e-10,"Down"
2.29021489034315e-15,-1.27341791231533,0.098,0.412,1.76012175182432e-10,"Leng8-203",1.76012175182432e-10,"Down"
2.29378269323533e-15,-1.15240020963912,0.201,0.548,1.76286375105908e-10,"Lyar-202",1.76286375105908e-10,"Down"
2.35952650624811e-15,-2.87925711026406,0.046,0.332,1.81339050111192e-10,"Ccnb2-201",1.81339050111192e-10,"Down"
2.37229030910915e-15,-2.00513892222551,0.088,0.378,1.82319999416275e-10,"Zc3h14-202",1.82319999416275e-10,"Down"
2.4493094688536e-15,-2.05861966167427,0.072,0.355,1.88239229919274e-10,"Ubtf-206",1.88239229919274e-10,"Down"
2.50298152016315e-15,-1.98450082935388,0.067,0.353,1.92364141750619e-10,"Fnbp1l-206",1.92364141750619e-10,"Down"
2.64847674283024e-15,-1.17801086072197,0.139,0.467,2.03546031593475e-10,"Iws1-201",2.03546031593475e-10,"Down"
2.6848640678294e-15,-2.85228738002713,0.067,0.351,2.0634254306896e-10,"Phlda2-201",2.0634254306896e-10,"Down"
2.85604968464634e-15,-1.9803062739665,0.067,0.352,2.19498842463809e-10,"Fnbp1l-203",2.19498842463809e-10,"Down"
2.87169442374125e-15,-1.62100339402403,0.088,0.38,2.2070120324221e-10,"Marcks-201",2.2070120324221e-10,"Down"
3.04622464192778e-15,-1.55395435399847,0.119,0.428,2.34114548630718e-10,"Dnajc7-213",2.34114548630718e-10,"Down"
3.15196360472435e-15,-1.49203868708429,0.119,0.424,2.42241010877485e-10,"Ehmt2-201",2.42241010877485e-10,"Down"
3.25751034114279e-15,-1.38781913613517,0.108,0.425,2.50352699758188e-10,"H3c3-201",2.50352699758188e-10,"Down"
3.31415389212504e-15,-1.51059530925113,0.17,0.49,2.54705983225377e-10,"Zpr1-206",2.54705983225377e-10,"Down"
3.52284449910679e-15,-2.05059133045537,0.077,0.369,2.70744691134354e-10,"Itsn1-206",2.70744691134354e-10,"Down"
3.71951887610856e-15,-2.32561664988143,0.057,0.337,2.85859903704447e-10,"Pdf-201",2.85859903704447e-10,"Down"
3.77062006234404e-15,-1.53586673785086,0.124,0.434,2.89787234271389e-10,"Xpo7-202",2.89787234271389e-10,"Down"
3.80748912300551e-15,-2.02900660112357,0.072,0.361,2.92620769059465e-10,"Itsn1-205",2.92620769059465e-10,"Down"
3.819925892725e-15,-1.10749698114205,0.103,0.411,2.93576584559487e-10,"Ppan-201",2.93576584559487e-10,"Down"
3.96819872785927e-15,-2.83766097887414,0.057,0.337,3.04971945030897e-10,"Mcm10-201",3.04971945030897e-10,"Down"
4.06650908218555e-15,-1.63797007613038,0.082,0.369,3.12527489002288e-10,"Ubr2-205",3.12527489002288e-10,"Down"
4.11301692757627e-15,-1.00006245253513,0.088,0.402,3.16101802951946e-10,"Ktn1-202",3.16101802951946e-10,"Down"
4.20578567384772e-15,-1.0347205562444,0.113,0.432,3.23231452177892e-10,"Nsd2-201",3.23231452177892e-10,"Down"
4.30033723375718e-15,-1.82960165181177,0.052,0.34,3.30498117763174e-10,"Nav1-202",3.30498117763174e-10,"Down"
4.31152109950862e-15,-1.41252489490109,0.098,0.408,3.31357642581636e-10,"Dbf4-201",3.31357642581636e-10,"Down"
4.38089868814685e-15,-1.05079884100459,0.149,0.469,3.36689587778838e-10,"Brpf1-209",3.36689587778838e-10,"Down"
4.54034874471439e-15,-1.09010542192478,0.113,0.426,3.4894396242628e-10,"Aurkaip1-201",3.4894396242628e-10,"Down"
4.80988893808946e-15,-1.26477481588212,0.072,0.372,3.69659204447928e-10,"Bltp1-201",3.69659204447928e-10,"Down"
4.84139082733971e-15,2.84689445023231,0.634,0.524,3.72080250644366e-10,"Sparc-202",3.72080250644366e-10,"Up"
4.94335088905885e-15,-1.09423848260077,0.165,0.495,3.79916289227729e-10,"Acads-201",3.79916289227729e-10,"Down"
4.99665368411126e-15,-1.44129504147714,0.103,0.406,3.84012822238686e-10,"Hsf1-201",3.84012822238686e-10,"Down"
5.01880323286439e-15,-1.87589433676612,0.077,0.37,3.8571510365856e-10,"Mrps5-205",3.8571510365856e-10,"Down"
5.02014399608079e-15,-1.56473490815914,0.082,0.389,3.85818146674793e-10,"Cdca3-201",3.85818146674793e-10,"Down"
5.03891726442135e-15,-2.03470180463165,0.082,0.377,3.87260947439838e-10,"Racgap1-213",3.87260947439838e-10,"Down"
5.09558569261819e-15,-1.50458674997227,0.082,0.386,3.91616142820479e-10,"Pds5b-202",3.91616142820479e-10,"Down"
5.25456629904077e-15,-2.62590001038472,0.067,0.35,4.03834438346479e-10,"Gaa-201",4.03834438346479e-10,"Down"
5.42784966269849e-15,3.8673916221475,0.469,0.284,4.1715195797703e-10,"Tfpi-202",4.1715195797703e-10,"Up"
5.44289430902495e-15,-1.53530597718833,0.108,0.425,4.18308199225803e-10,"Mpzl1-202",4.18308199225803e-10,"Down"
5.9081399154643e-15,-1.59949920780822,0.098,0.395,4.54064185063093e-10,"Larp1-203",4.54064185063093e-10,"Down"
6.06385476590753e-15,-1.74363434431215,0.052,0.33,4.66031494179058e-10,"Eif4enif1-201",4.66031494179058e-10,"Down"
6.22512817709765e-15,-1.46811167731749,0.119,0.42,4.78426000922663e-10,"Ehmt2-204",4.78426000922663e-10,"Down"
6.24108061992062e-15,-1.9200070339967,0.093,0.392,4.7965200996338e-10,"Tmpo-204",4.7965200996338e-10,"Down"
6.36051979815599e-15,-1.49187910662695,0.186,0.504,4.88831388567481e-10,"Ythdf2-203",4.88831388567481e-10,"Down"
6.39363721384555e-15,-1.35904491220222,0.113,0.417,4.91376594432886e-10,"Prpf38b-204",4.91376594432886e-10,"Down"
6.75438143354611e-15,-1.11375505406794,0.16,0.48,5.19101230693753e-10,"Iars-206",5.19101230693753e-10,"Down"
7.15915584145844e-15,-1.41459442034879,0.227,0.536,5.50209763039447e-10,"Eef1d-201",5.50209763039447e-10,"Down"
7.17127041188518e-15,-1.35776048656128,0.067,0.351,5.51140816235024e-10,"Akap11-201",5.51140816235024e-10,"Down"
7.32395353257408e-15,-1.74293666593326,0.088,0.369,5.62875124792448e-10,"Pprc1-201",5.62875124792448e-10,"Down"
7.4842285348674e-15,-1.96107003003698,0.082,0.372,5.75192899818699e-10,"Itsn1-208",5.75192899818699e-10,"Down"
7.62815017506143e-15,-2.35144639167506,0.072,0.348,5.86253853554171e-10,"Ice1-201",5.86253853554171e-10,"Down"
7.7024196104787e-15,3.81739506523998,0.469,0.285,5.9196175674373e-10,"Tfpi-204",5.9196175674373e-10,"Up"
7.94736354059032e-15,-2.09111849251823,0.088,0.373,6.10786677548528e-10,"Cenpn-201",6.10786677548528e-10,"Down"
8.3193516043879e-15,-2.02068289143323,0.062,0.343,6.39375448203627e-10,"Itsn1-207",6.39375448203627e-10,"Down"
8.40858389459446e-15,-1.40916661483539,0.108,0.415,6.46233306635162e-10,"D5Ertd579e-201",6.46233306635162e-10,"Down"
8.50262144231573e-15,-1.17249459548185,0.129,0.452,6.53460468327733e-10,"Rbm3-201",6.53460468327733e-10,"Down"
8.56866962502464e-15,-1.22442965901933,0.119,0.434,6.58536535361644e-10,"Hnrnpd-202",6.58536535361644e-10,"Down"
8.68038297800852e-15,-1.56532772988263,0.16,0.473,6.67122153391867e-10,"Immt-203",6.67122153391867e-10,"Down"
9.39078042234351e-15,-1.74941379026995,0.113,0.416,7.21719038578788e-10,"Sin3a-206",7.21719038578788e-10,"Down"
9.40000908319107e-15,-1.47896688982187,0.072,0.355,7.22428298079567e-10,"Opa1-205",7.22428298079567e-10,"Down"
9.7524163010535e-15,-1.51143320908647,0.088,0.378,7.49512202401166e-10,"Nabp2-201",7.49512202401166e-10,"Down"
1.08544470950027e-14,-1.05136362779317,0.515,0.803,8.34207677039334e-10,"Hnrnpk-224",8.34207677039334e-10,"Down"
1.11816811294299e-14,-1.81920053982309,0.072,0.352,8.59356921521207e-10,"Pelp1-201",8.59356921521207e-10,"Down"
1.12941537915387e-14,-1.86544463748931,0.072,0.361,8.68000895494916e-10,"Prim1-201",8.68000895494916e-10,"Down"
1.17631286227281e-14,-1.38574999483657,0.139,0.449,9.04043487171146e-10,"Sin3a-201",9.04043487171146e-10,"Down"
1.17912667423683e-14,-1.00393148502504,0.237,0.582,9.06206014217971e-10,"Tjp2-203",9.06206014217971e-10,"Down"
1.18298858164398e-14,-1.14575178854879,0.119,0.43,9.09174044536668e-10,"Iws1-206",9.09174044536668e-10,"Down"
1.18341641747446e-14,-2.25306229363835,0.113,0.399,9.0950285348582e-10,"Myc-202",9.0950285348582e-10,"Down"
1.23447399013116e-14,-1.53962564982114,0.134,0.441,9.48742640375402e-10,"Magi3-202",9.48742640375402e-10,"Down"
1.25085193434234e-14,-1.32906521713823,0.165,0.489,9.61329745619463e-10,"ENSMUST00000249880.1",9.61329745619463e-10,"Down"
1.25229884290365e-14,-1.43662104315335,0.108,0.417,9.62441752725175e-10,"Ppp6r3-202",9.62441752725175e-10,"Down"
1.25311452911983e-14,-1.13992558811711,0.129,0.444,9.63068640209752e-10,"Tnip1-206",9.63068640209752e-10,"Down"
1.2672548659064e-14,-1.33886603300083,0.51,0.778,9.73936054643708e-10,"Atp5g1-201",9.73936054643708e-10,"Down"
1.31477756131638e-14,-1.03364304563505,0.113,0.419,1.01045914697409e-09,"Myo18a-211",1.01045914697409e-09,"Down"
1.40195268781751e-14,-1.01356250773174,0.144,0.46,1.07745671869527e-09,"Hdgfl2-201",1.07745671869527e-09,"Down"
1.41150933227426e-14,-1.01178450607938,0.093,0.401,1.08480138222606e-09,"Gmps-201",1.08480138222606e-09,"Down"
1.43671618518685e-14,-1.00998158861659,0.211,0.549,1.1041738569635e-09,"Pabpn1-201",1.1041738569635e-09,"Down"
1.44104723574217e-14,-2.4851514445586,0.088,0.364,1.10750244255729e-09,"Tex10-201",1.10750244255729e-09,"Down"
1.44778069107842e-14,-1.11817018608359,0.129,0.443,1.11267737232141e-09,"Tnip1-203",1.11267737232141e-09,"Down"
1.4500574953241e-14,-1.31358232687286,0.175,0.507,1.11442718745639e-09,"Git2-204",1.11442718745639e-09,"Down"
1.48279046453964e-14,-1.3134252399079,0.082,0.376,1.1395837836173e-09,"Mcmbp-202",1.1395837836173e-09,"Down"
1.48747580731475e-14,-2.38732833758669,0.072,0.345,1.14318465695368e-09,"Sirt5-203",1.14318465695368e-09,"Down"
1.49105151100746e-14,-1.09022055678228,0.067,0.352,1.14593272826967e-09,"Wipi2-202",1.14593272826967e-09,"Down"
1.59189262478395e-14,-1.56253745971276,0.077,0.366,1.22343315785146e-09,"Acsl3-205",1.22343315785146e-09,"Down"
1.64910546932776e-14,-1.41271683380746,0.062,0.343,1.26740351739716e-09,"Erc1-209",1.26740351739716e-09,"Down"
1.65796424697283e-14,-1.47347094888927,0.139,0.446,1.2742118423685e-09,"Cd2bp2-202",1.2742118423685e-09,"Down"
1.7729902049161e-14,-1.00166678268442,0.072,0.369,1.36261389208622e-09,"Dsc2-203",1.36261389208622e-09,"Down"
1.83400359942843e-14,-1.71740017966567,0.098,0.389,1.40950512630473e-09,"Cnot2-210",1.40950512630473e-09,"Down"
1.95884863451202e-14,-1.63638632714237,0.098,0.386,1.50545352956787e-09,"Gins4-201",1.50545352956787e-09,"Down"
2.00496695838025e-14,-1.84969582984612,0.103,0.391,1.54089730619356e-09,"Rbm28-201",1.54089730619356e-09,"Down"
2.09177924820974e-14,-1.3075446019075,0.057,0.331,1.60761602341911e-09,"Fhdc1-202",1.60761602341911e-09,"Down"
2.12513196991591e-14,-1.60773535922096,0.082,0.379,1.63324892415917e-09,"Hnrnpll-204",1.63324892415917e-09,"Down"
2.15879515597629e-14,-1.32958298382323,0.103,0.394,1.65912042917402e-09,"Mycbp2-209",1.65912042917402e-09,"Down"
2.19076003466833e-14,1.9561139412572,0.479,0.268,1.683686717044e-09,"Cul4b-201",1.683686717044e-09,"Up"
2.26705042378153e-14,-1.41661665741069,0.134,0.434,1.74231893269305e-09,"Csrnp1-201",1.74231893269305e-09,"Down"
2.26778780758545e-14,-1.24674784896339,0.16,0.462,1.74288564164173e-09,"Tcf12-201",1.74288564164173e-09,"Down"
2.28379246492588e-14,-1.59866895484411,0.088,0.379,1.75518586099413e-09,"Kif2c-201",1.75518586099413e-09,"Down"
2.2991770211567e-14,-1.39444793847028,0.134,0.434,1.76700950783977e-09,"Csrnp1-204",1.76700950783977e-09,"Down"
2.30314211333236e-14,-1.08333304252895,0.129,0.428,1.77005683978046e-09,"Marchf7-203",1.77005683978046e-09,"Down"
2.32089107434185e-14,-1.20211914613874,0.149,0.462,1.78369762627468e-09,"Pold3-201",1.78369762627468e-09,"Down"
2.37224892751731e-14,-2.4564109754647,0.077,0.353,1.82316819075416e-09,"Arl4c-202",1.82316819075416e-09,"Down"
2.41684792962903e-14,-1.78387885981454,0.093,0.384,1.85744430783709e-09,"Tmpo-205",1.85744430783709e-09,"Down"
2.53249441115012e-14,-1.29260803285266,0.17,0.474,1.94632325474531e-09,"Acin1-218",1.94632325474531e-09,"Down"
2.55611097832372e-14,-1.04409036731478,0.057,0.338,1.96447353128091e-09,"Stub1-202",1.96447353128091e-09,"Down"
2.57127285790199e-14,-2.20954007765858,0.067,0.34,1.976126042212e-09,"Kmt5b-213",1.976126042212e-09,"Down"
2.5942271419869e-14,-1.07907075773914,0.165,0.467,1.99376732770261e-09,"Dars-201",1.99376732770261e-09,"Down"
2.60095002816759e-14,-1.0080045899929,0.098,0.405,1.99893413464792e-09,"Ktn1-226",1.99893413464792e-09,"Down"
2.61184992002351e-14,-1.73956645655068,0.067,0.349,2.00731113753487e-09,"Nup133-201",2.00731113753487e-09,"Down"
2.65530915464535e-14,-1.55329037077451,0.093,0.384,2.04071129771114e-09,"Nfyc-202",2.04071129771114e-09,"Down"
2.69637783498845e-14,-1.68984353732117,0.082,0.362,2.07227422130203e-09,"Lonp1-202",2.07227422130203e-09,"Down"
3.03936908263917e-14,-1.1784836803752,0.119,0.424,2.3358767147715e-09,"Bud23-201",2.3358767147715e-09,"Down"
3.04057205933488e-14,-1.33434013894423,0.077,0.353,2.33680125048123e-09,"Mcm3ap-201",2.33680125048123e-09,"Down"
3.10960002860852e-14,-1.16487217823714,0.165,0.486,2.38985200598679e-09,"Stag1-201",2.38985200598679e-09,"Down"
3.1425472600214e-14,-1.13174157592228,0.057,0.338,2.41517327121684e-09,"Kif22-201",2.41517327121684e-09,"Down"
3.30321250927368e-14,-2.11540759863615,0.072,0.349,2.5386509418772e-09,"Vps4b-202",2.5386509418772e-09,"Down"
3.77098170272812e-14,-1.44435462749533,0.113,0.406,2.89815027781467e-09,"Akap8-202",2.89815027781467e-09,"Down"
3.87332354471107e-14,-1.22545085241746,0.072,0.356,2.97680407705224e-09,"Mnt-201",2.97680407705224e-09,"Down"
3.87832795037254e-14,-1.28688184932308,0.088,0.363,2.98065016297931e-09,"Pou2f3-201",2.98065016297931e-09,"Down"
3.93711095253004e-14,-1.25747268991269,0.088,0.378,3.02582725145744e-09,"Edc4-201",3.02582725145744e-09,"Down"
3.98103484754435e-14,-1.67562964502764,0.098,0.389,3.05958452173174e-09,"Ganab-202",3.05958452173174e-09,"Down"
4.04752312441274e-14,-2.63520789003615,0.082,0.356,3.11068342203617e-09,"Nek2-201",3.11068342203617e-09,"Down"
4.13702171755403e-14,-1.52168451327005,0.088,0.362,3.17946667080897e-09,"Pdcd11-201",3.17946667080897e-09,"Down"
4.13763259972745e-14,-1.66940726104181,0.082,0.357,3.17993615819454e-09,"A430005L14Rik-203",3.17993615819454e-09,"Down"
4.18062171328672e-14,-1.92770591776194,0.093,0.372,3.21297501152938e-09,"Cdc6-201",3.21297501152938e-09,"Down"
4.22396091104301e-14,-1.51716998346062,0.093,0.389,3.246282918573e-09,"Hnrnph3-201",3.246282918573e-09,"Down"
4.26687603540517e-14,-1.46068577114303,0.062,0.336,3.27926490825029e-09,"Eif4enif1-202",3.27926490825029e-09,"Down"
4.29676054125089e-14,-1.45255531763258,0.113,0.407,3.30223234637296e-09,"Sec61a1-201",3.30223234637296e-09,"Down"
4.44455468729593e-14,-1.57912011819137,0.088,0.369,3.41581805937442e-09,"Cnot2-204",3.41581805937442e-09,"Down"
4.47595400713275e-14,-1.06578443082076,0.119,0.43,3.4399496926418e-09,"Bcl7c-201",3.4399496926418e-09,"Down"
4.55248233682061e-14,-1.13655784351184,0.062,0.343,3.49876477514011e-09,"Gak-211",3.49876477514011e-09,"Down"
4.67674330298731e-14,-1.91194255411314,0.077,0.343,3.59426429807787e-09,"N4bp2-206",3.59426429807787e-09,"Down"
4.84787309114958e-14,-1.45818297585486,0.067,0.339,3.7257843854721e-09,"Brd1-202",3.7257843854721e-09,"Down"
4.89575298195216e-14,-1.40114687099714,0.129,0.432,3.76258199674951e-09,"Prrc2b-201",3.76258199674951e-09,"Down"
4.91020539432322e-14,-1.64019442695039,0.082,0.366,3.77368925375317e-09,"Elac2-206",3.77368925375317e-09,"Down"
4.96907802739235e-14,-1.38592679142787,0.072,0.348,3.81893522717211e-09,"Idh3g-205",3.81893522717211e-09,"Down"
5.0381463859366e-14,-1.22457499697753,0.124,0.422,3.87201702344771e-09,"Xpo6-213",3.87201702344771e-09,"Down"
5.08533699345953e-14,-1.72080682808025,0.129,0.424,3.90828489295339e-09,"Slc25a37-201",3.90828489295339e-09,"Down"
5.10677689821913e-14,-1.00553306536627,0.175,0.5,3.92476231735733e-09,"Nrbp1-201",3.92476231735733e-09,"Down"
5.17180904601193e-14,-1.28125195521603,0.077,0.365,3.97474212422201e-09,"Itsn2-211",3.97474212422201e-09,"Down"
5.41289197280919e-14,-2.07324248639345,0.077,0.352,4.16002399678277e-09,"Ccnb1-201",4.16002399678277e-09,"Down"
5.69801023872256e-14,-1.31432526910852,0.077,0.356,4.37914878886784e-09,"Opa1-204",4.37914878886784e-09,"Down"
5.93726351009038e-14,-1.15379003655275,0.103,0.387,4.56302449804486e-09,"Rad54l2-201",4.56302449804486e-09,"Down"
6.01011978859435e-14,-2.24145333073149,0.093,0.359,4.6190174623263e-09,"Ccdc186-202",4.6190174623263e-09,"Down"
6.08130692592953e-14,-2.03531102835374,0.124,0.407,4.67372762485388e-09,"Rbfox2-204",4.67372762485388e-09,"Down"
6.08799878675953e-14,-1.3769820824066,0.108,0.406,4.67887058757617e-09,"Tyms-201",4.67887058757617e-09,"Down"
6.1346749084031e-14,-1.21577755251001,0.144,0.443,4.71474305410411e-09,"Nup62-201",4.71474305410411e-09,"Down"
6.36263593286774e-14,-1.52717466890925,0.124,0.423,4.88994021984617e-09,"Med14-202",4.88994021984617e-09,"Down"
6.39672282393766e-14,-2.45796677902627,0.082,0.352,4.91613735910905e-09,"Tfip11-201",4.91613735910905e-09,"Down"
6.55671004803884e-14,-1.21608145080492,0.175,0.487,5.03909394031977e-09,"Tardbp-210",5.03909394031977e-09,"Down"
6.91712584729048e-14,-1.13824302661029,0.113,0.417,5.31608789867663e-09,"Iws1-203",5.31608789867663e-09,"Down"
6.92474786600809e-14,-1.02831357010715,0.16,0.472,5.32194572494186e-09,"Cnot3-205",5.32194572494186e-09,"Down"
7.02470546699738e-14,-2.12250290173579,0.103,0.382,5.39876713960616e-09,"Ilkap-201",5.39876713960616e-09,"Down"
7.06711843113932e-14,-1.04438930520152,0.129,0.434,5.43136319906781e-09,"Tnip1-201",5.43136319906781e-09,"Down"
7.2365397381971e-14,-2.50381292952319,0.077,0.344,5.561570250394e-09,"Ints7-201",5.561570250394e-09,"Down"
7.28343297174518e-14,-1.00057571098251,0.119,0.417,5.59760957610504e-09,"Ilf2-201",5.59760957610504e-09,"Down"
7.36936195883722e-14,-1.50953500084762,0.088,0.369,5.66364943984476e-09,"Atad3a-205",5.66364943984476e-09,"Down"
7.42092641311473e-14,-1.1632795375618,0.103,0.393,5.70327878553519e-09,"Hsf1-207",5.70327878553519e-09,"Down"
7.45415763401511e-14,-1.99803761357704,0.098,0.378,5.72881830804597e-09,"Ero1a-201",5.72881830804597e-09,"Down"
7.54476984944766e-14,-2.11506018047746,0.067,0.336,5.7984574200945e-09,"Rif1-201",5.7984574200945e-09,"Down"
7.55294307472493e-14,-1.18006118775597,0.16,0.457,5.8047388706491e-09,"Anapc4-201",5.8047388706491e-09,"Down"
7.64123301846579e-14,-2.1219893200308,0.108,0.381,5.8725932240117e-09,"Gtf2a2-202",5.8725932240117e-09,"Down"
7.7361821400142e-14,-1.08216085634089,0.129,0.433,5.94556542188651e-09,"Tnip1-202",5.94556542188651e-09,"Down"
7.93473509098909e-14,-1.02004646530028,0.113,0.395,6.09816130682875e-09,"Fxr2-201",6.09816130682875e-09,"Down"
7.94606402126178e-14,-1.39496045855515,0.124,0.417,6.10686804290053e-09,"Cul5-209",6.10686804290053e-09,"Down"
8.10373097600601e-14,-1.02755620497018,0.108,0.402,6.22804140429966e-09,"Washc4-201",6.22804140429966e-09,"Down"
8.23011659542692e-14,-1.27095427058671,0.165,0.46,6.3251738082494e-09,"Tcf12-202",6.3251738082494e-09,"Down"
8.24561520857641e-14,-1.91660265611835,0.072,0.337,6.33708511239931e-09,"Rbbp8-201",6.33708511239931e-09,"Down"
8.51613307965709e-14,-1.499611270327,0.103,0.387,6.54498891703966e-09,"Niban1-205",6.54498891703966e-09,"Down"
8.73297654737219e-14,-1.31867921174497,0.103,0.392,6.71164179571742e-09,"Nr6a1-201",6.71164179571742e-09,"Down"
8.76411055386849e-14,-1.06371869287708,0.149,0.451,6.73556952507009e-09,"Rprd1b-202",6.73556952507009e-09,"Down"
8.81777818012283e-14,-1.8568996449693,0.082,0.358,6.7768152425516e-09,"Itsn1-202",6.7768152425516e-09,"Down"
8.97668198369874e-14,-1.25105075473664,0.108,0.392,6.89893917175183e-09,"Timm44-206",6.89893917175183e-09,"Down"
9.15950975984226e-14,-1.43125984108984,0.062,0.334,7.03944963082917e-09,"Lpl-201",7.03944963082917e-09,"Down"
9.19016627892377e-14,-1.36132596341568,0.098,0.382,7.06301039200408e-09,"Hsf1-204",7.06301039200408e-09,"Down"
9.28292395960461e-14,-1.25200024559254,0.067,0.344,7.13429837991453e-09,"Erc1-206",7.13429837991453e-09,"Down"
9.44927972559615e-14,-1.21801781443651,0.088,0.365,7.26214944030966e-09,"Nabp2-202",7.26214944030966e-09,"Down"
9.47856439633326e-14,-1.16927229383602,0.124,0.418,7.28465588115796e-09,"Zzz3-202",7.28465588115796e-09,"Down"
9.95174033586765e-14,-1.23789851560994,0.093,0.386,7.64831051772773e-09,"Atp5o-203",7.64831051772773e-09,"Down"
1.05098256012357e-13,-2.46815190346304,0.072,0.334,8.07722136757367e-09,"Mov10-207",8.07722136757367e-09,"Down"
1.09178756508472e-13,-1.43118885874048,0.093,0.374,8.39082415270209e-09,"Vav2-201",8.39082415270209e-09,"Down"
1.10837606250829e-13,-1.2175914065161,0.134,0.428,8.51831339080118e-09,"Cd2bp2-203",8.51831339080118e-09,"Down"
1.11176767861746e-13,-1.19984497216162,0.134,0.428,8.54437931724662e-09,"Cd2bp2-207",8.54437931724662e-09,"Down"
1.17313096800608e-13,-1.18844566209017,0.098,0.38,9.01598074151394e-09,"Nop2-201",9.01598074151394e-09,"Down"
1.17710830535189e-13,-1.36557300032868,0.119,0.403,9.04654816995141e-09,"Ehmt2-203",9.04654816995141e-09,"Down"
1.1789397267205e-13,-1.21676027434313,0.113,0.399,9.0606233757377e-09,"Xpo7-201",9.0606233757377e-09,"Down"
1.20772851750872e-13,-1.37802926409325,0.129,0.422,9.28187674846153e-09,"Cul5-201",9.28187674846153e-09,"Down"
1.22760352984556e-13,-1.29923904267934,0.093,0.371,9.43462416827504e-09,"Xpo6-201",9.43462416827504e-09,"Down"
1.27196799874861e-13,-2.09071846606393,0.072,0.336,9.77558285758255e-09,"Kmt5b-207",9.77558285758255e-09,"Down"
1.41380423117507e-13,-2.12377729623074,0.072,0.332,1.08656510382729e-08,"Sirt5-206",1.08656510382729e-08,"Down"
1.45828004394239e-13,-1.3278139378675,0.098,0.379,1.12074654497148e-08,"Hsf1-214",1.12074654497148e-08,"Down"
1.49719589913863e-13,-1.49044066988084,0.165,0.45,1.150654936324e-08,"Nasp-202",1.150654936324e-08,"Down"
1.49849152059395e-13,-1.78735756415669,0.077,0.347,1.15165067323727e-08,"Nol8-205",1.15165067323727e-08,"Down"
1.51164423413194e-13,-1.79318769305945,0.124,0.418,1.16175905969976e-08,"Fnbp1-208",1.16175905969976e-08,"Down"
1.51431527989482e-13,-1.00679069902202,0.247,0.591,1.16381186521037e-08,"Plk3-201",1.16381186521037e-08,"Down"
1.51960284213866e-13,-1.36809321813493,0.103,0.395,1.16787556829724e-08,"Fkbp4-202",1.16787556829724e-08,"Down"
1.60612422733549e-13,-1.1584804402672,0.119,0.407,1.23437071367642e-08,"Zzz3-203",1.23437071367642e-08,"Down"
1.60960421829082e-13,-1.09059829269217,0.082,0.362,1.23704522592523e-08,"Spata5-209",1.23704522592523e-08,"Down"
1.62106799006898e-13,-1.1759801192857,0.165,0.47,1.24585559308762e-08,"Qars-203",1.24585559308762e-08,"Down"
1.62979746365241e-13,-1.26435583158865,0.103,0.385,1.25256454271542e-08,"Srsf1-201",1.25256454271542e-08,"Down"
1.63184550272633e-13,-1.73327086130982,0.067,0.339,1.25413854266529e-08,"Uggt1-210",1.25413854266529e-08,"Down"
1.66773340219953e-13,-1.69837641743273,0.129,0.405,1.28171982892643e-08,"Kdm5a-201",1.28171982892643e-08,"Down"
1.68359340518717e-13,-1.38999235561973,0.098,0.379,1.29390887562255e-08,"Cenpe-201",1.29390887562255e-08,"Down"
1.8284409053439e-13,-1.51887829431105,0.082,0.36,1.405229973393e-08,"Lyar-206",1.405229973393e-08,"Down"
1.8488557551945e-13,-1.24391119570409,0.16,0.459,1.42091960209718e-08,"Tardbp-206",1.42091960209718e-08,"Down"
1.85668696199575e-13,-1.65100291265202,0.108,0.403,1.42693819777221e-08,"Kras-202",1.42693819777221e-08,"Down"
1.90320439220757e-13,-1.52696694819693,0.144,0.433,1.46268870358721e-08,"Smarcd2-201",1.46268870358721e-08,"Down"
2.00199979231543e-13,-1.15568793493678,0.294,0.601,1.5386169203861e-08,"Ptbp1-216",1.5386169203861e-08,"Down"
2.02783571185509e-13,-1.0616045185947,0.299,0.613,1.55847285798911e-08,"Hnrnpa1-201",1.55847285798911e-08,"Down"
2.07062238323603e-13,-1.17379421744609,0.093,0.376,1.59135612641222e-08,"Ppp6r3-201",1.59135612641222e-08,"Down"
2.08862320053103e-13,-1.04995187992485,0.129,0.409,1.60519047453612e-08,"Foxn2-201",1.60519047453612e-08,"Down"
2.09499795667072e-13,-1.24484452858587,0.17,0.473,1.61008972961971e-08,"Pbrm1-207",1.61008972961971e-08,"Down"
2.24367168149161e-13,-2.05555479213128,0.088,0.352,1.72435143409356e-08,"Stk4-201",1.72435143409356e-08,"Down"
2.54108911368031e-13,-1.11695391964376,0.093,0.372,1.95292862742786e-08,"Spata5-202",1.95292862742786e-08,"Down"
2.54564840880152e-13,-1.42363466256823,0.082,0.351,1.95643262810032e-08,"Zswim8-201",1.95643262810032e-08,"Down"
2.55488123700026e-13,-1.06032531863731,0.134,0.418,1.96352842588418e-08,"Luzp1-201",1.96352842588418e-08,"Down"
2.5872919897977e-13,-1.31554780109484,0.119,0.398,1.98843738583912e-08,"Ehmt2-202",1.98843738583912e-08,"Down"
2.63276667528176e-13,-1.7785842346792,0.144,0.425,2.02338650062104e-08,"Tle3-215",2.02338650062104e-08,"Down"
2.70862771848884e-13,-2.27682227411901,0.082,0.343,2.08168874676741e-08,"Umps-201",2.08168874676741e-08,"Down"
2.72250453504687e-13,-1.173268887527,0.067,0.333,2.09235363536492e-08,"Lcp1-209",2.09235363536492e-08,"Down"
2.74769755751909e-13,-1.09406696706738,0.129,0.419,2.11171548085572e-08,"Ube4b-202",2.11171548085572e-08,"Down"
2.75468440771894e-13,-1.17090200519872,0.139,0.431,2.11708515470832e-08,"Tsc22d2-203",2.11708515470832e-08,"Down"
2.79316286167304e-13,-1.10826912416155,0.201,0.503,2.1466573857102e-08,"Dst-211",2.1466573857102e-08,"Down"
2.79755424157812e-13,-2.32227522211978,0.082,0.342,2.15003233682245e-08,"Tex10-206",2.15003233682245e-08,"Down"
3.07718962947709e-13,-1.46229560601233,0.093,0.379,2.36494331783832e-08,"Hnrnpll-207",2.36494331783832e-08,"Down"
3.25363264939142e-13,-1.38408011950696,0.211,0.506,2.50054683636328e-08,"Ppdpf-201",2.50054683636328e-08,"Down"
3.33752777932758e-13,-1.13231651671546,0.088,0.357,2.56502359952442e-08,"Nabp2-204",2.56502359952442e-08,"Down"
3.38049193091554e-13,-1.05098770953746,0.108,0.405,2.59804326858583e-08,"Rfc3-201",2.59804326858583e-08,"Down"
3.46646283382018e-13,-1.48123923391881,0.144,0.423,2.66411534630416e-08,"Ddx1-201",2.66411534630416e-08,"Down"
3.47088931442952e-13,-1.13576038335887,0.124,0.405,2.66751727371166e-08,"Ash1l-201",2.66751727371166e-08,"Down"
3.65044024068346e-13,-1.21306659116011,0.082,0.352,2.80550934257486e-08,"Thop1-201",2.80550934257486e-08,"Down"
3.67375758347337e-13,-1.29766622053136,0.072,0.342,2.82342965320262e-08,"G3bp2-209",2.82342965320262e-08,"Down"
3.68309054159387e-13,-1.31151814898031,0.16,0.461,2.83060240483655e-08,"Map4k4-213",2.83060240483655e-08,"Down"
3.73959320075004e-13,-1.8364438450227,0.175,0.456,2.87402695850444e-08,"Hnrnpc-207",2.87402695850444e-08,"Down"
3.89873379899718e-13,-1.29036764451706,0.155,0.451,2.99633287388129e-08,"Brd2-206",2.99633287388129e-08,"Down"
3.95567786523188e-13,-1.25292649809145,0.077,0.343,3.04009666654531e-08,"Rfc1-206",3.04009666654531e-08,"Down"
4.04059212791813e-13,-1.88685655668438,0.093,0.358,3.1053566739902e-08,"Kmt2b-201",3.1053566739902e-08,"Down"
4.04676088700265e-13,-1.27715649897784,0.093,0.363,3.11009761209702e-08,"Rabgap1-201",3.11009761209702e-08,"Down"
4.34297389035516e-13,1.90335844243543,0.768,0.764,3.33774915369356e-08,"Gnas-208",3.33774915369356e-08,"Up"
4.58104012290052e-13,-1.26951041721263,0.155,0.448,3.52071257605397e-08,"Polr2e-201",3.52071257605397e-08,"Down"
4.59187546941373e-13,-1.09760282405169,0.113,0.398,3.52903997326323e-08,"Chd7-202",3.52903997326323e-08,"Down"
4.78614891422346e-13,-1.0094937259702,0.103,0.376,3.6783468865373e-08,"Usp39-201",3.6783468865373e-08,"Down"
4.91929820265357e-13,-1.593645650929,0.082,0.342,3.78067744066737e-08,"Klhl11-201",3.78067744066737e-08,"Down"
5.1013642340785e-13,-1.39907756071409,0.232,0.543,3.92060246845869e-08,"Psma3-202",3.92060246845869e-08,"Down"
5.32528584846517e-13,-2.05463060266422,0.082,0.349,4.09269518597942e-08,"Ybx3-201",4.09269518597942e-08,"Down"
5.35337369852822e-13,-1.24180472636218,0.103,0.381,4.11428182226688e-08,"Gemin5-205",4.11428182226688e-08,"Down"
5.51958153777781e-13,-1.22765418351159,0.093,0.375,4.24201919504376e-08,"Ikzf5-201",4.24201919504376e-08,"Down"
5.95242904694392e-13,-1.44063697146324,0.103,0.376,4.57467981973828e-08,"Maco1-201",4.57467981973828e-08,"Down"
6.0289737145328e-13,2.47862712664151,0.485,0.322,4.63350745856704e-08,"Hsd17b2-201",4.63350745856704e-08,"Up"
6.03001256160912e-13,-1.14655673275901,0.082,0.347,4.63430585409907e-08,"Zc3h11a-203",4.63430585409907e-08,"Down"
6.082937233514e-13,-1.02799559059025,0.165,0.464,4.67498058144485e-08,"Cul1-204",4.67498058144485e-08,"Down"
6.50702414451216e-13,-1.64475190478175,0.077,0.333,5.00090833602338e-08,"Smg1-204",5.00090833602338e-08,"Down"
6.80749736137087e-13,-1.29025639764764,0.149,0.434,5.23183402210797e-08,"Rpa1-203",5.23183402210797e-08,"Down"
7.11053581763795e-13,-1.51002312559473,0.17,0.46,5.46473119728747e-08,"Pde4dip-203",5.46473119728747e-08,"Down"
7.42344263559519e-13,-1.31825090940912,0.124,0.405,5.70521260316032e-08,"Cops3-202",5.70521260316032e-08,"Down"
7.62614726748699e-13,-1.30299145478401,0.098,0.375,5.86099922095445e-08,"Gcn1-201",5.86099922095445e-08,"Down"
8.1250965768436e-13,-1.08091969538143,0.134,0.436,6.24446172316738e-08,"Cops7a-202",6.24446172316738e-08,"Down"
8.54478738143303e-13,-1.00552498553799,0.216,0.544,6.56701089412654e-08,"Git2-202",6.56701089412654e-08,"Down"
8.64996705982017e-13,-1.12424114748405,0.072,0.332,6.64784568415419e-08,"Phf14-203",6.64784568415419e-08,"Down"
8.85263416440977e-13,-1.00545781882096,0.119,0.402,6.80360346071548e-08,"Carm1-203",6.80360346071548e-08,"Down"
9.00461461607761e-13,-1.08945182442994,0.113,0.386,6.92040651704029e-08,"Xpo7-206",6.92040651704029e-08,"Down"
9.21529642916132e-13,-1.11111948000603,0.129,0.41,7.08232391766764e-08,"Dnajc7-207",7.08232391766764e-08,"Down"
9.46967245024818e-13,-1.12942264324571,0.124,0.397,7.27782206491373e-08,"Exosc8-201",7.27782206491373e-08,"Down"
9.59532158394886e-13,-1.46360803538572,0.108,0.379,7.37438845012806e-08,"Fzr1-205",7.37438845012806e-08,"Down"
9.6413979018466e-13,-1.37957092993669,0.098,0.367,7.40979994348518e-08,"Strip1-201",7.40979994348518e-08,"Down"
9.78764205799934e-13,-1.12573707382862,0.067,0.334,7.52219442725482e-08,"Cdca3-205",7.52219442725482e-08,"Down"
9.89973187876176e-13,-1.08860090400235,0.139,0.429,7.60833993810357e-08,"Atic-201",7.60833993810357e-08,"Down"
9.94274772833476e-13,-1.11235184707337,0.082,0.35,7.6413993391344e-08,"Edc4-202",7.6413993391344e-08,"Down"
1.01364931185675e-12,2.97902156764228,0.51,0.384,7.7903004213439e-08,"Tmsb4x-201",7.7903004213439e-08,"Up"
1.05516843769346e-12,-1.63015675154668,0.082,0.339,8.10939151104935e-08,"Niban1-202",8.10939151104935e-08,"Down"
1.10540392255591e-12,-1.63310218567023,0.103,0.372,8.49547130641123e-08,"Ythdc1-208",8.49547130641123e-08,"Down"
1.1568896317803e-12,-1.79497955221126,0.088,0.343,8.89115957608433e-08,"Noc3l-201",8.89115957608433e-08,"Down"
1.1780684827176e-12,-1.16888072950878,0.124,0.405,9.05392751707788e-08,"Pds5a-201",9.05392751707788e-08,"Down"
1.18210773158864e-12,-1.18410931256876,0.18,0.478,9.08497076035136e-08,"Eif4a2-202",9.08497076035136e-08,"Down"
1.24591806899608e-12,-1.08258257866032,0.072,0.33,9.57537872746245e-08,"Phf14-202",9.57537872746245e-08,"Down"
1.34697924126528e-12,-1.59684511372722,0.124,0.384,1.03520742608202e-07,"Tatdn2-205",1.03520742608202e-07,"Down"
1.36967481882424e-12,-1.50042752828646,0.113,0.388,1.05264988525918e-07,"Sdad1-203",1.05264988525918e-07,"Down"
1.46471323122137e-12,-1.15529093652399,0.165,0.455,1.12569070672287e-07,"Tardbp-204",1.12569070672287e-07,"Down"
1.64799397966201e-12,-1.05115292855448,0.16,0.448,1.26654929312944e-07,"Uhrf2-201",1.26654929312944e-07,"Down"
1.67500063871767e-12,-1.17842511000455,0.113,0.388,1.28730499088008e-07,"Sin3a-207",1.28730499088008e-07,"Down"
1.7167883194441e-12,-1.13528746443925,0.098,0.363,1.31942049502556e-07,"Ruvbl2-201",1.31942049502556e-07,"Down"
1.72813420354684e-12,-1.19050317376143,0.093,0.354,1.32814026079389e-07,"Rabgap1-203",1.32814026079389e-07,"Down"
1.8470714959581e-12,-1.69513513668737,0.088,0.349,1.41954832750364e-07,"Rad51-201",1.41954832750364e-07,"Down"
1.84759650679249e-12,-1.04949172653638,0.082,0.343,1.4199518193303e-07,"Usp5-202",1.4199518193303e-07,"Down"
1.87431689440688e-12,-1.56106567894666,0.093,0.35,1.44048750602747e-07,"Cactin-201",1.44048750602747e-07,"Down"
1.96449128297093e-12,-1.482619101797,0.098,0.362,1.50979013061448e-07,"Nfya-212",1.50979013061448e-07,"Down"
1.97388514892637e-12,-1.13188743132974,0.144,0.431,1.51700969235587e-07,"Dlst-201",1.51700969235587e-07,"Down"
2.08115310221187e-12,-1.11699718787141,0.129,0.389,1.59944940517391e-07,"Pbx2-201",1.59944940517391e-07,"Down"
2.1540137620983e-12,-1.0355201262642,0.165,0.453,1.65544573672303e-07,"Mrpl57-202",1.65544573672303e-07,"Down"
2.40371781832697e-12,-1.0672999259844,0.18,0.466,1.84735329209701e-07,"Atp5d-203",1.84735329209701e-07,"Down"
2.47421642448109e-12,-1.19387601128627,0.165,0.454,1.9015342908707e-07,"Zcchc17-202",1.9015342908707e-07,"Down"
2.58903253031173e-12,-1.18518332149274,0.082,0.336,1.98977506084578e-07,"Rfc1-201",1.98977506084578e-07,"Down"
2.61648678943408e-12,-1.31276685415624,0.098,0.362,2.01087475715167e-07,"Stag2-201",2.01087475715167e-07,"Down"
2.62301733120677e-12,-1.15328462486567,0.149,0.421,2.01589373972565e-07,"Pi4kb-201",2.01589373972565e-07,"Down"
2.77768880717176e-12,-1.74472534817519,0.103,0.364,2.13476495586378e-07,"Akt2-205",2.13476495586378e-07,"Down"
2.7782350537413e-12,-1.1196247435895,0.124,0.396,2.13518476820234e-07,"Prdx5-201",2.13518476820234e-07,"Down"
2.84055532084667e-12,-1.64187063940556,0.088,0.349,2.1830803862835e-07,"Trim71-201",2.1830803862835e-07,"Down"
2.84864365566494e-12,-1.39107923510431,0.113,0.383,2.18929659512474e-07,"Mfn1-201",2.18929659512474e-07,"Down"
2.90807434652501e-12,-1.54679915448248,0.232,0.48,2.23497145827833e-07,"Prrc2c-201",2.23497145827833e-07,"Down"
2.92253058034712e-12,-1.06107770624723,0.077,0.333,2.24608165221998e-07,"Phf14-201",2.24608165221998e-07,"Down"
2.93062166114369e-12,-1.12938792442854,0.113,0.38,2.25229997145537e-07,"Fam114a2-201",2.25229997145537e-07,"Down"
2.94180614294235e-12,-1.55069252256776,0.098,0.354,2.26089569309692e-07,"Kmt2b-202",2.26089569309692e-07,"Down"
3.00129371383699e-12,-1.40646610854755,0.098,0.359,2.30661427083228e-07,"Nfya-202",2.30661427083228e-07,"Down"
3.04166190496698e-12,-1.01786380854087,0.098,0.361,2.33763884044332e-07,"Chd7-201",2.33763884044332e-07,"Down"
3.10350460765879e-12,-1.74122715411782,0.124,0.39,2.38516743117009e-07,"Tardbp-230",2.38516743117009e-07,"Down"
3.34844804863582e-12,-1.64718106778348,0.088,0.332,2.57341626329857e-07,"Rbm26-201",2.57341626329857e-07,"Down"
3.4100617100974e-12,-1.20911726175331,0.082,0.335,2.62076882667826e-07,"Zswim8-208",2.62076882667826e-07,"Down"
3.49640027162604e-12,-1.50938142490882,0.124,0.395,2.68712346475547e-07,"Rnps1-203",2.68712346475547e-07,"Down"
3.51800324333445e-12,-1.80821129304532,0.119,0.39,2.70372621263226e-07,"Epb41-204",2.70372621263226e-07,"Down"
3.67947616288317e-12,-1.06175087955996,0.134,0.407,2.82782461022223e-07,"Cd2bp2-201",2.82782461022223e-07,"Down"
3.74893967204466e-12,-1.1305714547741,0.165,0.451,2.8812100955532e-07,"Lrpprc-201",2.8812100955532e-07,"Down"
3.79679399945229e-12,-1.55475429397901,0.108,0.357,2.91798806033906e-07,"Senp3-202",2.91798806033906e-07,"Down"
3.81441151394466e-12,-1.25748167900506,0.098,0.358,2.93152782492703e-07,"Sall1-201",2.93152782492703e-07,"Down"
3.84010378388439e-12,-1.08200791433308,0.134,0.404,2.95127336206651e-07,"Tsc22d2-201",2.95127336206651e-07,"Down"
3.90018740742245e-12,-1.40460464231225,0.103,0.372,2.99745003010045e-07,"Elf2-203",2.99745003010045e-07,"Down"
3.95878615203808e-12,-1.39336180425034,0.108,0.373,3.04248550928734e-07,"Sinhcaf-202",3.04248550928734e-07,"Down"
3.97063024399387e-12,-1.08761920144187,0.149,0.428,3.05158816771905e-07,"Flii-201",3.05158816771905e-07,"Down"
4.05136667123917e-12,-1.43792204743137,0.18,0.455,3.11363734151415e-07,"Ogt-202",3.11363734151415e-07,"Down"
4.10693306113852e-12,-1.60654694823951,0.088,0.346,3.1563423348074e-07,"Tmpo-208",3.1563423348074e-07,"Down"
4.17683498818997e-12,-1.9821715464031,0.103,0.357,3.21006476182352e-07,"Slc38a1-202",3.21006476182352e-07,"Down"
4.35041440260032e-12,-1.52798703001572,0.077,0.331,3.34346748497445e-07,"Prc1-201",3.34346748497445e-07,"Down"
4.42040567877331e-12,-1.17462400794171,0.134,0.401,3.39725858036444e-07,"Map3k4-209",3.39725858036444e-07,"Down"
4.4898040681101e-12,-1.08907692153184,0.082,0.334,3.45059401850534e-07,"H3f3b-203",3.45059401850534e-07,"Down"
4.53463869353981e-12,-1.19990256055607,0.16,0.434,3.48505122153308e-07,"Setd5-201",3.48505122153308e-07,"Down"
4.55085424999422e-12,-1.10969755800592,0.129,0.395,3.49751352529056e-07,"Fech-208",3.49751352529056e-07,"Down"
4.66587236833843e-12,-1.10081595532992,0.155,0.434,3.58590954996281e-07,"Atpaf1-203",3.58590954996281e-07,"Down"
4.75844433911095e-12,-1.00478289443901,0.098,0.36,3.65705481238033e-07,"Cnot6-203",3.65705481238033e-07,"Down"
4.77906257242475e-12,-1.77096896426231,0.088,0.34,3.67290074941132e-07,"Zbtb21-203",3.67290074941132e-07,"Down"
4.93982030049619e-12,-1.08794229096593,0.124,0.389,3.79644949374334e-07,"Phip-201",3.79644949374334e-07,"Down"
5.08615506815278e-12,-1.20981885873054,0.175,0.457,3.90891361607814e-07,"Fubp1-206",3.90891361607814e-07,"Down"
5.26517522939441e-12,-1.48216007280703,0.129,0.388,4.04649777079878e-07,"Srsf9-201",4.04649777079878e-07,"Down"
5.31483500112722e-12,-1.37011873293957,0.124,0.389,4.08466329176631e-07,"Chmp1b-201",4.08466329176631e-07,"Down"
5.57212981695267e-12,-1.76944679280357,0.155,0.406,4.28240464952081e-07,"Eef1d-215",4.28240464952081e-07,"Down"
5.73808874213479e-12,-1.38513212601032,0.093,0.343,4.40995072188027e-07,"Senp1-205",4.40995072188027e-07,"Down"
5.74312504603772e-12,-1.02679841749493,0.119,0.375,4.41382132288183e-07,"Krr1-203",4.41382132288183e-07,"Down"
6.22065220282615e-12,-1.22930852154461,0.103,0.361,4.78082004396001e-07,"Asxl2-201",4.78082004396001e-07,"Down"
6.30675904807899e-12,-1.24622397741951,0.155,0.43,4.84699659881063e-07,"Elf2-201",4.84699659881063e-07,"Down"
6.34096269986911e-12,-1.51868791155328,0.113,0.364,4.87328347335741e-07,"Tatdn2-202",4.87328347335741e-07,"Down"
6.39344854271327e-12,-1.05796529754245,0.093,0.346,4.91362094301686e-07,"Bms1-203",4.91362094301686e-07,"Down"
6.46008972774201e-12,-1.0313997814936,0.139,0.417,4.96483735935885e-07,"Safb2-201",4.96483735935885e-07,"Down"
6.58310089391833e-12,-1.56407139840258,0.098,0.352,5.05937636101199e-07,"Lig3-211",5.05937636101199e-07,"Down"
6.99497080146773e-12,-1.13114002081582,0.139,0.411,5.37591485976001e-07,"Tlk2-204",5.37591485976001e-07,"Down"
7.05564822174279e-12,-1.05523495056077,0.108,0.37,5.4225478843382e-07,"Cnot10-201",5.4225478843382e-07,"Down"
7.85277922971638e-12,-1.12940459654003,0.149,0.414,6.03517494920623e-07,"Uqcr10-201",6.03517494920623e-07,"Down"
7.86776436628149e-12,-1.31575512286182,0.103,0.356,6.04669162606198e-07,"Pphln1-201",6.04669162606198e-07,"Down"
8.47047140074325e-12,-1.15609262585537,0.119,0.379,6.50989609032722e-07,"Dnajc7-219",6.50989609032722e-07,"Down"
8.48578650883397e-12,-1.01231100239436,0.098,0.353,6.52166636349926e-07,"Ruvbl2-205",6.52166636349926e-07,"Down"
8.60612755977673e-12,-1.1010368756435,0.119,0.38,6.61415327479081e-07,"Gnl1-201",6.61415327479081e-07,"Down"
9.17995942582217e-12,-1.76868536501662,0.088,0.331,7.05516601712137e-07,"Gpsm2-201",7.05516601712137e-07,"Down"
9.20227506739603e-12,-1.14190851065794,0.098,0.356,7.07231648029654e-07,"Ccnl1-203",7.07231648029654e-07,"Down"
9.39452528626774e-12,-1.18286718517518,0.093,0.346,7.22006846350821e-07,"Stag2-203",7.22006846350821e-07,"Down"
9.66049128455237e-12,-1.33332226016162,0.119,0.379,7.42447397182988e-07,"Mical3-213",7.42447397182988e-07,"Down"
9.90801661283349e-12,-1.05836629717822,0.155,0.429,7.61470708762705e-07,"Atpaf1-207",7.61470708762705e-07,"Down"
1.00868651950631e-11,-1.00605419034016,0.124,0.394,7.75215937701383e-07,"Acads-202",7.75215937701383e-07,"Down"
1.04675668023096e-11,-1.11819408583657,0.103,0.361,8.04474379024701e-07,"Mkrn1-202",8.04474379024701e-07,"Down"
1.05541520267936e-11,-1.61187186739959,0.093,0.335,8.11128799867197e-07,"Pnpt1-204",8.11128799867197e-07,"Down"
1.05942711177924e-11,-1.486979571116,0.093,0.336,8.1421211248682e-07,"Wdr3-201",8.1421211248682e-07,"Down"
1.09148338557894e-11,-1.88129327292429,0.088,0.335,8.38848641152837e-07,"Wdr43-204",8.38848641152837e-07,"Down"
1.12597496397222e-11,-1.39677445344484,0.088,0.331,8.65356798811208e-07,"Zfp335-201",8.65356798811208e-07,"Down"
1.20934748103571e-11,-1.4359455825833,0.108,0.362,9.29431913075185e-07,"Ipmk-201",9.29431913075185e-07,"Down"
1.30340384235152e-11,-1.10039772294317,0.134,0.397,1.00171798900084e-06,"Gtf3c2-201",1.00171798900084e-06,"Down"
1.42328752467751e-11,-1.05925330718922,0.134,0.406,1.09385339421565e-06,"Cbx1-201",1.09385339421565e-06,"Down"
1.46610839685648e-11,-1.18994791510124,0.113,0.36,1.12676294732008e-06,"Nxf1-201",1.12676294732008e-06,"Down"
1.51193013852796e-11,-1.39646972783167,0.119,0.375,1.16197878866428e-06,"Soat1-207",1.16197878866428e-06,"Down"
1.62987360328375e-11,-1.23208822869201,0.082,0.334,1.25262305906769e-06,"Fkbp5-201",1.25262305906769e-06,"Down"
1.6663968880308e-11,-1.41874530539788,0.113,0.372,1.28069266432719e-06,"Fnbp1-210",1.28069266432719e-06,"Down"
1.76577472066615e-11,-1.17824348072546,0.134,0.39,1.35706850382076e-06,"Pi4kb-202",1.35706850382076e-06,"Down"
1.76656513823336e-11,-1.37285094554088,0.119,0.379,1.35767597133787e-06,"Fnbp1-209",1.35767597133787e-06,"Down"
1.79589420229564e-11,-1.6369873037553,0.093,0.341,1.38021653023229e-06,"Surf6-201",1.38021653023229e-06,"Down"
1.9025642656301e-11,-1.33139524714675,0.108,0.361,1.46219674070736e-06,"Nfya-201",1.46219674070736e-06,"Down"
1.90479956713752e-11,-1.63621884897936,0.093,0.333,1.46391465932787e-06,"Cdc6-202",1.46391465932787e-06,"Down"
1.9241939655251e-11,-1.3310705677082,0.113,0.362,1.47882003026466e-06,"Fen1-203",1.47882003026466e-06,"Down"
1.96448304828582e-11,-1.31829980069566,0.144,0.407,1.50978380192959e-06,"Twf2-201",1.50978380192959e-06,"Down"
1.99619187935775e-11,-1.09436901759578,0.093,0.341,1.53415330696161e-06,"Stag2-202",1.53415330696161e-06,"Down"
2.00107339840174e-11,-1.32865224531444,0.098,0.345,1.53790494960767e-06,"Fzr1-204",1.53790494960767e-06,"Down"
2.02121377865235e-11,-1.02552793597498,0.098,0.348,1.55338363744548e-06,"Adam17-202",1.55338363744548e-06,"Down"
2.09205369210168e-11,-1.13155360476671,0.108,0.359,1.60782694452782e-06,"Luzp1-202",1.60782694452782e-06,"Down"
2.0922671440071e-11,-1.20679789367753,0.113,0.354,1.60799099085521e-06,"Adsl-201",1.60799099085521e-06,"Down"
2.0966100677238e-11,-1.71966722699507,0.113,0.359,1.61132870144845e-06,"Ublcp1-201",1.61132870144845e-06,"Down"
2.18121499652039e-11,-1.23457407945272,0.093,0.336,1.67635097342578e-06,"Dynlt1f-201",1.67635097342578e-06,"Down"
2.19488884987524e-11,-1.14487027965657,0.103,0.365,1.68685987668312e-06,"Cox7a2-203",1.68685987668312e-06,"Down"
2.25338327855312e-11,-1.30115134800901,0.108,0.354,1.73181518489921e-06,"Psmd13-203",1.73181518489921e-06,"Down"
2.29429596145035e-11,-1.41743155693226,0.103,0.349,1.76325821821305e-06,"Fzr1-201",1.76325821821305e-06,"Down"
2.3165200255289e-11,-1.35428221817752,0.108,0.357,1.78033830041998e-06,"Med1-203",1.78033830041998e-06,"Down"
2.38527137494289e-11,-1.0584687938544,0.119,0.358,1.83317646249861e-06,"Ppp2r5c-205",1.83317646249861e-06,"Down"
2.40738794411341e-11,-1.31345290945892,0.088,0.335,1.85017393056892e-06,"Fnbp1-205",1.85017393056892e-06,"Down"
2.50971021142355e-11,-1.05589053417814,0.088,0.336,1.92881268588746e-06,"Prc1-206",1.92881268588746e-06,"Down"
2.53611392808441e-11,-1.03961272199545,0.278,0.548,1.94910499828999e-06,"Raly-203",1.94910499828999e-06,"Down"
2.69021165396464e-11,-1.00778199360705,0.113,0.37,2.06753526453798e-06,"Atic-205",2.06753526453798e-06,"Down"
2.70858735776824e-11,-1.3327745063977,0.191,0.453,2.08165772793921e-06,"Ppdpf-202",2.08165772793921e-06,"Down"
2.73294118488757e-11,1.23416970215192,0.624,0.472,2.10037461823349e-06,"Naca-202",2.10037461823349e-06,"Up"
2.77227375098863e-11,-1.15088792149293,0.098,0.343,2.1306032685848e-06,"Larp1-201",2.1306032685848e-06,"Down"
2.77627959799574e-11,-1.02102402563636,0.16,0.429,2.13368192224364e-06,"Fam3c-205",2.13368192224364e-06,"Down"
2.92289061898401e-11,-1.70753389621229,0.093,0.336,2.24635835631397e-06,"Adam17-203",2.24635835631397e-06,"Down"
3.32333752052728e-11,1.03157344493253,0.113,0.389,2.55411781802604e-06,"Ktn1-205",2.55411781802604e-06,"Up"
3.36399061527146e-11,-1.2072462686738,0.098,0.341,2.58536134746073e-06,"Pop5-203",2.58536134746073e-06,"Down"
4.10536250042157e-11,-1.31533996880176,0.16,0.425,3.155135296074e-06,"Hnrnpc-206",3.155135296074e-06,"Down"
4.36938385550735e-11,-1.54719793791176,0.129,0.383,3.35804626831162e-06,"Srp19-203",3.35804626831162e-06,"Down"
4.43182857862733e-11,-1.45761759631467,0.098,0.342,3.40603753581825e-06,"Ndufs1-203",3.40603753581825e-06,"Down"
4.61885134262985e-11,-1.11233751020973,0.124,0.367,3.54977201086475e-06,"Tsn-201",3.54977201086475e-06,"Down"
4.70047963373014e-11,-1.19222554239024,0.093,0.333,3.61250661770696e-06,"Thoc5-201",3.61250661770696e-06,"Down"
4.73632619588068e-11,-1.43012754113539,0.139,0.403,3.64005613458214e-06,"Ppp4r3a-202",3.64005613458214e-06,"Down"
4.79743042117136e-11,-1.19944112348088,0.093,0.339,3.68701717588704e-06,"Polg-201",3.68701717588704e-06,"Down"
4.83930755797651e-11,-1.7574170680041,0.098,0.332,3.71920143060726e-06,"Ap1m1-201",3.71920143060726e-06,"Down"
4.8944140919672e-11,-1.26241710410339,0.108,0.35,3.76155300624047e-06,"Usp7-208",3.76155300624047e-06,"Down"
5.20224756867173e-11,-1.30697338097337,0.155,0.413,3.99813534642697e-06,"Gkap1-201",3.99813534642697e-06,"Down"
5.51276765593607e-11,-1.10286598074632,0.196,0.468,4.23678245429311e-06,"Supt5-208",4.23678245429311e-06,"Down"
5.7067121731659e-11,-1.05795373406866,0.108,0.357,4.38583657356492e-06,"Sinhcaf-211",4.38583657356492e-06,"Down"
5.86678006762955e-11,-1.06912661659434,0.093,0.336,4.50885515317602e-06,"Ccnl1-205",4.50885515317602e-06,"Down"
6.12840274742384e-11,-1.08069026374959,0.103,0.347,4.70992264750512e-06,"Csrnp1-203",4.70992264750512e-06,"Down"
6.129841494222e-11,-1.40437047597186,0.108,0.352,4.71102838196937e-06,"Ccar1-203",4.71102838196937e-06,"Down"
6.2510102958127e-11,-1.46774707429425,0.139,0.393,4.8041514527439e-06,"Rangap1-201",4.8041514527439e-06,"Down"
6.40227226194227e-11,-1.6296877478953,0.103,0.335,4.92040232419311e-06,"Wtap-205",4.92040232419311e-06,"Down"
6.66213833866568e-11,-1.19768840018097,0.124,0.375,5.12011979879812e-06,"Ewsr1-204",5.12011979879812e-06,"Down"
7.28393116210439e-11,-1.2569924106318,0.103,0.347,5.59799245532371e-06,"Naa60-211",5.59799245532371e-06,"Down"
7.36182937761222e-11,-1.717467239592,0.108,0.338,5.6578603498701e-06,"Gtf2a2-203",5.6578603498701e-06,"Down"
7.61723088050932e-11,-1.01425445528306,0.113,0.373,5.85414662090663e-06,"Itga5-201",5.85414662090663e-06,"Down"
8.10576750733844e-11,-1.38864223267927,0.253,0.498,6.22960656008989e-06,"Hnrnpa1-203",6.22960656008989e-06,"Down"
9.6035851323054e-11,-1.80085505180687,0.098,0.336,7.380739317582e-06,"Ecpas-202",7.380739317582e-06,"Down"
9.95426496379036e-11,-1.34983748680299,0.098,0.332,7.65025079527144e-06,"Cul5-203",7.65025079527144e-06,"Down"
9.99157287505155e-11,-1.0828773851114,0.119,0.366,7.67892341739212e-06,"Psmd14-201",7.67892341739212e-06,"Down"
1.02573487902208e-10,-1.145870015064,0.211,0.47,7.88318283923627e-06,"Dst-201",7.88318283923627e-06,"Down"
1.05185849136757e-10,-1.29177379942453,0.108,0.353,8.08395324955628e-06,"Etl4-206",8.08395324955628e-06,"Down"
1.1042956175625e-10,-1.26250880990158,0.103,0.337,8.48695353921482e-06,"Nup205-201",8.48695353921482e-06,"Down"
1.13478084080985e-10,-1.16043612699427,0.139,0.386,8.72124467395999e-06,"Dpp8-201",8.72124467395999e-06,"Down"
1.14824828908602e-10,-2.03924632358818,0.139,0.372,8.82474740094172e-06,"Tle3-208",8.82474740094172e-06,"Down"
1.38798990472977e-10,-1.0405794786819,0.119,0.363,1.06672576138102e-05,"Qars-226",1.06672576138102e-05,"Down"
1.41614473388478e-10,-1.63903085377647,0.175,0.42,1.08836387377981e-05,"Phf23-201",1.08836387377981e-05,"Down"
1.4506093817574e-10,-1.27772329536653,0.129,0.373,1.11485133425583e-05,"Tardbp-223",1.11485133425583e-05,"Down"
1.47284414065852e-10,-1.08090806607208,0.119,0.359,1.1319396358617e-05,"Sympk-201",1.1319396358617e-05,"Down"
1.51377879500007e-10,-1.08977687591002,0.155,0.42,1.16339955510935e-05,"Setd1b-204",1.16339955510935e-05,"Down"
1.56871982859939e-10,-1.30369028316294,0.119,0.351,1.20562393707178e-05,"Smndc1-205",1.20562393707178e-05,"Down"
1.70193569948608e-10,-1.06602136850087,0.108,0.343,1.30800566248303e-05,"Fech-210",1.30800566248303e-05,"Down"
1.89445171732886e-10,-1.16487696115209,0.108,0.336,1.45596192283592e-05,"Edrf1-202",1.45596192283592e-05,"Down"
1.91389082247226e-10,3.23061855162934,0.443,0.32,1.47090165270283e-05,"Tmsb4x-203",1.47090165270283e-05,"Up"
2.07166296677547e-10,-1.25498792874697,0.119,0.357,1.59215585648562e-05,"Cd2bp2-206",1.59215585648562e-05,"Down"
2.24231295465033e-10,-1.02804902327528,0.103,0.334,1.72330719816696e-05,"Rnf167-201",1.72330719816696e-05,"Down"
2.26292048459845e-10,-1.03143373377686,0.129,0.373,1.73914490923329e-05,"Bub3-201",1.73914490923329e-05,"Down"
2.29635540910154e-10,-1.05224673778913,0.108,0.338,1.7648409861109e-05,"Rreb1-207",1.7648409861109e-05,"Down"
2.3582094587227e-10,-1.18912094089397,0.119,0.352,1.81237829740675e-05,"Fen1-202",1.81237829740675e-05,"Down"
2.37654000760879e-10,-1.13717255605364,0.108,0.339,1.82646605744766e-05,"Psmd13-209",1.82646605744766e-05,"Down"
2.39890855062434e-10,-1.04184593920677,0.16,0.418,1.84365717749683e-05,"Ndufa10-201",1.84365717749683e-05,"Down"
2.64218748184784e-10,-1.5218027252171,0.139,0.368,2.03062676729934e-05,"Eif6-201",2.03062676729934e-05,"Down"
2.69126012642924e-10,-1.04595808635395,0.134,0.393,2.06834105756593e-05,"Anxa4-209",2.06834105756593e-05,"Down"
2.86676505509049e-10,-1.0115422106631,0.108,0.342,2.20322361543924e-05,"Aak1-202",2.20322361543924e-05,"Down"
2.92238766578845e-10,-1.01894122755931,0.108,0.336,2.24597181666505e-05,"Rreb1-201",2.24597181666505e-05,"Down"
3.21496514269479e-10,-1.36867285770985,0.098,0.33,2.47082931076666e-05,"Bub3-203",2.47082931076666e-05,"Down"
3.238861958329e-10,-1.20740651085843,0.175,0.438,2.48919496945417e-05,"Map4k4-202",2.48919496945417e-05,"Down"
3.25178581416645e-10,-1.20643585929351,0.108,0.349,2.49912746961948e-05,"Nolc1-207",2.49912746961948e-05,"Down"
3.53379517921873e-10,-1.01586589123068,0.124,0.36,2.71586294703676e-05,"Denr-202",2.71586294703676e-05,"Down"
3.90650322767369e-10,-1.65351658996132,0.124,0.35,3.00230399059634e-05,"Atg3-201",3.00230399059634e-05,"Down"
4.17960885744811e-10,-1.0196274246656,0.113,0.344,3.21219659130317e-05,"Csnk1g3-201",3.21219659130317e-05,"Down"
4.26596880816096e-10,-1.12853754596283,0.175,0.432,3.27856766782402e-05,"Ppp2r1a-201",3.27856766782402e-05,"Down"
4.28618432953208e-10,-1.12635508287857,0.129,0.359,3.29410410461859e-05,"Taf15-204",3.29410410461859e-05,"Down"
4.41760537302564e-10,-1.42518498949438,0.124,0.356,3.39510643338513e-05,"Cox4i1-201",3.39510643338513e-05,"Down"
4.72587429110344e-10,-1.01366991704159,0.108,0.345,3.63202342768464e-05,"Sugt1-205",3.63202342768464e-05,"Down"
5.08307371135854e-10,-1.00845798921564,0.113,0.357,3.90654547012749e-05,"U2surp-202",3.90654547012749e-05,"Down"
5.3756321832291e-10,-1.12822522177464,0.144,0.385,4.13138835809889e-05,"Tomm22-201",4.13138835809889e-05,"Down"
5.50263428165546e-10,-1.08881988968298,0.113,0.348,4.22899455082349e-05,"Pabpn1-209",4.22899455082349e-05,"Down"
5.77489816708741e-10,-1.4634831408665,0.149,0.391,4.43824023733336e-05,"Nabp1-210",4.43824023733336e-05,"Down"
5.90524407652123e-10,-1.38874353778899,0.113,0.352,4.53841628256963e-05,"Slu7-205",4.53841628256963e-05,"Down"
6.88236402841089e-10,-1.35658033522084,0.108,0.334,5.2893720503949e-05,"Tent2-201",5.2893720503949e-05,"Down"
7.49355263489025e-10,-1.0667056594009,0.108,0.337,5.75909494201856e-05,"Phc1-211",5.75909494201856e-05,"Down"
7.97433460148544e-10,-1.16511880936485,0.108,0.333,6.12859511462562e-05,"Tlk2-202",6.12859511462562e-05,"Down"
8.20063144967033e-10,-1.41897482803552,0.17,0.405,6.30251329432964e-05,"Immt-202",6.30251329432964e-05,"Down"
8.41506447818884e-10,-1.02784500736031,0.108,0.331,6.46731365406725e-05,"Lactb-201",6.46731365406725e-05,"Down"
1.91774765248688e-09,-1.10512983114779,0.113,0.333,0.000147386578084227,"Mat2a-202",0.000147386578084227,"Down"
2.01238506312821e-09,-1.1774349720138,0.124,0.346,0.000154659841641655,"Psmc1-201",0.000154659841641655,"Down"
2.12292169273789e-09,-1.00741182018223,0.134,0.369,0.000163155023773678,"Med7-203",0.000163155023773678,"Down"
2.66948625920349e-09,1.9939311343092,0.351,0.188,0.000205160696964825,"Igf2-204",0.000205160696964825,"Up"
2.77734813715922e-09,2.84304987808711,0.433,0.293,0.000213450313733234,"Gnas-228",0.000213450313733234,"Up"
2.77734813715922e-09,2.84304987770579,0.433,0.293,0.000213450313733234,"Gnas-225",0.000213450313733234,"Up"
3.57062565053936e-09,-1.35744699083009,0.139,0.357,0.000274416863746552,"Mideas-202",0.000274416863746552,"Down"
6.22767902735815e-09,-1.08039502445977,0.165,0.399,0.000478622043968583,"Mbnl2-206",0.000478622043968583,"Down"
6.32291424019312e-09,2.59778848918354,0.531,0.481,0.000485941251015802,"Npc2-201",0.000485941251015802,"Up"
6.60952102528501e-09,-1.35886452923757,0.201,0.416,0.000507968128877254,"Raly-201",0.000507968128877254,"Down"
6.65490919856656e-09,-1.08836528919831,0.129,0.344,0.000511456391546634,"Mapk6-201",0.000511456391546634,"Down"
7.54923857849684e-09,2.39232456645067,0.5,0.386,0.000580189181711796,"Gnas-203",0.000580189181711796,"Up"
8.00853200552292e-09,1.81764339033563,0.392,0.24,0.000615487718752458,"Cul4b-204",0.000615487718752458,"Up"
8.19188796259423e-09,-1.46161560260879,0.124,0.332,0.000629579357477217,"Tatdn2-201",0.000629579357477217,"Down"
8.94513914674126e-09,-1.09938981437699,0.17,0.406,0.000687469723983653,"Arpp19-201",0.000687469723983653,"Down"
9.39439853702827e-09,-1.09141052647384,0.129,0.346,0.000721997105164771,"Eif2a-201",0.000721997105164771,"Down"
1.09964293930777e-08,-1.14047065929509,0.149,0.376,0.00084511958457559,"Acaa1a-201",0.00084511958457559,"Down"
1.71062211653932e-08,1.43518465430422,0.381,0.217,0.00131468152144513,"Eif4g2-206",0.00131468152144513,"Up"
1.84958870109257e-08,-1.02121679993389,0.124,0.332,0.00142148290033769,"Tardbp-205",0.00142148290033769,"Down"
2.93687610645168e-08,-1.03321059430644,0.129,0.336,0.00225710676285237,"Pphln1-203",0.00225710676285237,"Down"
3.48462454620934e-08,-1.04221332211932,0.139,0.342,0.00267807334874373,"Ost4-201",0.00267807334874373,"Down"
4.6441996101838e-08,-1.13215931264666,0.134,0.333,0.00356925316841065,"Mideas-201",0.00356925316841065,"Down"
5.30276456722509e-08,-1.44007827232375,0.18,0.392,0.00407538668049517,"Anp32a-201",0.00407538668049517,"Down"
8.83693140451346e-08,2.4528027538145,0.582,0.631,0.00679153526162477,"Ftl1-ps1-202",0.00679153526162477,"Up"
8.843131832019e-08,-1.19921677494051,0.139,0.333,0.00679630053817988,"Thrap3-203",0.00679630053817988,"Down"
9.60810916800317e-08,2.32274409027457,0.5,0.41,0.00738421621997716,"Gnas-211",0.00738421621997716,"Up"
1.21577771965561e-07,-1.44936861006037,0.5,0.707,0.00934373808664125,"Serpinh1-201",0.00934373808664125,"Down"
