"p_val","avg_log2FC","pct.1","pct.2","p_val_adj","gene","p_val_adj_plot","Significance"
1.71541922764766e-70,4.34599869540723,0.898,0.061,1.31836829321633e-65,"Psg21-201",1.31836829321633e-65,"Up"
1.08353482573816e-64,5.27797125533346,0.804,0.016,8.32739854972804e-60,"Ctsj-202",8.32739854972804e-60,"Up"
1.26919862111308e-63,3.560577695663,0.853,0.04,9.75429908270249e-59,"Psg23-201",9.75429908270249e-59,"Up"
3.07593936674186e-62,3.85991489141455,0.819,0.036,2.36398244091579e-57,"Serpine1-201",2.36398244091579e-57,"Up"
5.01842074706845e-62,3.2277359721014,0.86,0.065,3.85685708095199e-57,"Col3a1-201",3.85685708095199e-57,"Up"
5.49674699439172e-62,3.29175969066887,0.857,0.053,4.22446993506981e-57,"Col1a1-201",4.22446993506981e-57,"Up"
1.07753975069964e-55,2.26193786653066,0.849,0.073,8.28132400002698e-51,"Col1a2-201",8.28132400002698e-51,"Up"
8.50594182164735e-55,2.65914958310947,0.804,0.049,6.53715652760886e-50,"Ceacam11-201",6.53715652760886e-50,"Up"
4.76203018515612e-54,4.2910815427276,0.713,0.02,3.65981067849989e-49,"Garre1-202",3.65981067849989e-49,"Up"
2.68723028738609e-53,3.78548434262111,0.732,0.028,2.06524396506771e-48,"Tnks-201",2.06524396506771e-48,"Up"
8.87400964929017e-53,2.85758672748521,0.804,0.089,6.82003137586547e-48,"Rc3h1-202",6.82003137586547e-48,"Up"
2.73973235824989e-51,2.92498790063903,0.891,0.247,2.10559390660937e-46,"Lamc2-201",2.10559390660937e-46,"Up"
9.9406129197568e-51,8.74200568163906,0.642,0,7.63975865334989e-46,"Psg16-204",7.63975865334989e-46,"Up"
1.0784327913568e-50,2.77815656442986,0.849,0.19,8.28818737469356e-46,"Slco2a1-201",8.28818737469356e-46,"Up"
1.80142253101644e-50,4.22397293310604,0.679,0.016,1.38446527198738e-45,"Col6a2-201",1.38446527198738e-45,"Up"
5.680070917898e-50,3.98939295840284,0.762,0.101,4.36536170324133e-45,"Cd55-201",4.36536170324133e-45,"Up"
7.17774891094014e-50,-2.56678555939359,0.894,0.968,5.51638714801393e-45,"Tpt1-201",5.51638714801393e-45,"Down"
2.10381376161417e-49,3.12377048766395,0.781,0.101,1.61686502835096e-44,"Itgav-201",1.61686502835096e-44,"Up"
5.12468123255088e-49,3.64060851564503,0.732,0.057,3.93852251446465e-44,"St3gal1-202",3.93852251446465e-44,"Up"
6.49554475740789e-49,2.5020995791332,0.796,0.077,4.99208596785826e-44,"Ski-201",4.99208596785826e-44,"Up"
1.66225779188706e-48,3.29487319350179,0.804,0.166,1.27751160337688e-43,"Flt1-203",1.27751160337688e-43,"Up"
2.07416698620673e-48,3.68831992149811,0.706,0.04,1.59408029557932e-43,"Myadm-204",1.59408029557932e-43,"Up"
2.12922845032343e-48,1.80114016711015,0.785,0.065,1.63639723321157e-43,"Psg27-201",1.63639723321157e-43,"Up"
2.31430775931072e-48,2.73577538282671,0.766,0.073,1.77863808534066e-43,"Cyp2s1-201",1.77863808534066e-43,"Up"
2.31627006134271e-48,2.37504040937354,0.732,0.045,1.78014619294432e-43,"Psg28-201",1.78014619294432e-43,"Up"
2.44710924553323e-48,2.22117898790156,0.921,0.356,1.88070133956211e-43,"Dsp-201",1.88070133956211e-43,"Up"
3.52599003553981e-48,3.26242076452382,0.706,0.036,2.70986438191377e-43,"Spp1-201",2.70986438191377e-43,"Up"
5.6231217216445e-48,2.27427008220951,0.766,0.081,4.32159396795266e-43,"Ndrg1-201",4.32159396795266e-43,"Up"
8.11127933926773e-48,2.62916879821565,0.902,0.348,6.23384262340082e-43,"Loxl2-201",6.23384262340082e-43,"Up"
1.01320285119429e-47,2.64107166652601,0.796,0.097,7.7868691925686e-43,"Tmem131-208",7.7868691925686e-43,"Up"
1.26885788762624e-47,3.44023670681439,0.634,0.008,9.75168040956268e-43,"Ceacam5-201",9.75168040956268e-43,"Up"
2.01339775373315e-47,2.91023505397835,0.668,0.024,1.54737670965408e-42,"Lgals3bp-201",1.54737670965408e-42,"Up"
2.50729888220338e-47,5.15213414310381,0.63,0.008,1.92695948292859e-42,"Prss12-201",1.92695948292859e-42,"Up"
3.62162255027918e-47,4.05072428417004,0.664,0.028,2.78336179479156e-42,"Esyt2-201",2.78336179479156e-42,"Up"
8.49539656576608e-47,2.42763306862276,0.777,0.077,6.52905207665387e-42,"Ski-202",6.52905207665387e-42,"Up"
1.10555317124548e-46,4.06943396379194,0.657,0.024,8.49661834228999e-42,"Tns4-201",8.49661834228999e-42,"Up"
1.46329748400227e-46,3.26746667827442,0.713,0.053,1.1246026483551e-41,"Zbed6-201",1.1246026483551e-41,"Up"
2.42115917894838e-46,1.89874890881239,0.804,0.085,1.86075767538899e-41,"Lyz2-201",1.86075767538899e-41,"Up"
2.57232111482116e-46,2.64180374459007,0.683,0.036,1.97693166958465e-41,"Samd8-202",1.97693166958465e-41,"Up"
2.95454702210804e-46,-2.19566975607187,0.872,0.931,2.27068756837092e-41,"Ptma-201",2.27068756837092e-41,"Down"
4.11400535404028e-46,1.77004243139765,0.774,0.069,3.16177767479412e-41,"Prl8a9-201",3.16177767479412e-41,"Up"
4.69409931168103e-46,2.76755300641341,0.804,0.138,3.60760308499934e-41,"Parm1-201",3.60760308499934e-41,"Up"
7.23873006522463e-46,-4.40243196499771,0.057,0.684,5.56325360432774e-41,"Sparc-207",5.56325360432774e-41,"Down"
7.23873006522463e-46,-4.40243196500753,0.057,0.684,5.56325360432774e-41,"Sparc-209",5.56325360432774e-41,"Down"
7.31359270827674e-46,2.31695201518664,0.796,0.097,5.620788540019e-41,"Itga6-203",5.620788540019e-41,"Up"
7.40071222432778e-46,2.26927197345879,0.751,0.065,5.68774337288487e-41,"Kdm6b-201",5.68774337288487e-41,"Up"
8.43415250927618e-46,3.66324287121513,0.645,0.02,6.48198356947912e-41,"Psg16-201",6.48198356947912e-41,"Up"
9.72539098836954e-46,8.21301626725402,0.592,0,7.47435199020153e-41,"Psg26-201",7.47435199020153e-41,"Up"
1.01901069500757e-45,2.77492876826324,0.721,0.061,7.83150479541121e-41,"Rock2-201",7.83150479541121e-41,"Up"
1.73447232417253e-45,2.4877793327698,0.668,0.032,1.33301136001956e-40,"Mga-204",1.33301136001956e-40,"Up"
1.76372685293446e-45,2.98716510374696,0.74,0.093,1.35549463555425e-40,"Hipk1-203",1.35549463555425e-40,"Up"
3.01180644521318e-45,-1.71213708520114,0.981,0.98,2.31469372540414e-40,"Ftl1-201",2.31469372540414e-40,"Down"
3.68452879384113e-45,3.40525682593297,0.63,0.016,2.83170775921866e-40,"Lnx2-201",2.83170775921866e-40,"Up"
5.00458788657832e-45,2.48222498738776,0.77,0.085,3.8462259743509e-40,"Cpd-201",3.8462259743509e-40,"Up"
5.0073800193753e-45,2.3490549447407,0.883,0.3,3.8483718400907e-40,"Ahnak-202",3.8483718400907e-40,"Up"
5.115734205642e-45,4.49152714298172,0.653,0.036,3.9316463664041e-40,"Myof-211",3.9316463664041e-40,"Up"
5.44442906059671e-45,2.74893241731618,0.645,0.024,4.184261510231e-40,"Atp13a3-201",4.184261510231e-40,"Up"
1.36276488458012e-44,4.59440021321797,0.63,0.024,1.04733932439521e-39,"Anxa1-201",1.04733932439521e-39,"Up"
1.5872857881066e-44,2.85053990398642,0.653,0.028,1.21989261959144e-39,"Abtb2-201",1.21989261959144e-39,"Up"
2.07420349565688e-44,2.29854821078783,0.826,0.138,1.59410835455214e-39,"Klf4-201",1.59410835455214e-39,"Up"
2.31789389153338e-44,6.30260652457893,0.589,0.004,1.78139417139907e-39,"Col6a1-201",1.78139417139907e-39,"Up"
2.37793502501247e-44,2.38897367558335,0.777,0.121,1.82753818412308e-39,"Lpp-201",1.82753818412308e-39,"Up"
2.80957889520093e-44,5.37002958896979,0.615,0.02,2.15927376411772e-39,"Clmn-201",2.15927376411772e-39,"Up"
2.93415301471681e-44,2.18193440643099,0.725,0.061,2.25501395793046e-39,"Cavin1-201",2.25501395793046e-39,"Up"
3.58576746310014e-44,2.51827011610784,0.672,0.04,2.75580572609098e-39,"Ptpn21-202",2.75580572609098e-39,"Up"
3.60323425280272e-44,3.14120178568357,0.638,0.024,2.769229652649e-39,"Arhgap5-204",2.769229652649e-39,"Up"
5.17241175034074e-44,2.65583414555827,0.691,0.049,3.97520532660688e-39,"Taok1-202",3.97520532660688e-39,"Up"
6.13137654918445e-44,2.04854533467911,0.736,0.065,4.71220813311022e-39,"Bmpr2-201",4.71220813311022e-39,"Up"
6.95113026503227e-44,6.91359678091807,0.574,0,5.3422216538879e-39,"Ceacam12-201",5.3422216538879e-39,"Up"
7.98615076831853e-44,1.84200511679229,0.649,0.032,6.13767631148352e-39,"Nbeal1-203",6.13767631148352e-39,"Up"
8.10608695894702e-44,3.63788051027883,0.77,0.105,6.22985207142914e-39,"Fn1-214",6.22985207142914e-39,"Up"
9.69751781408251e-44,3.73708504346106,0.645,0.032,7.45293034083497e-39,"Lcor-206",7.45293034083497e-39,"Up"
1.50692812986555e-43,1.63945661109954,0.687,0.045,1.15813454492687e-38,"Fam91a1-201",1.15813454492687e-38,"Up"
1.6814369236369e-43,4.33482535294249,0.751,0.101,1.2922515332919e-38,"Fn1-201",1.2922515332919e-38,"Up"
1.90085403928201e-43,2.60765698474715,0.713,0.061,1.46088236334979e-38,"Capn2-201",1.46088236334979e-38,"Up"
2.45469394623329e-43,2.6457523667559,0.747,0.093,1.88653048543813e-38,"Tmem131-201",1.88653048543813e-38,"Up"
2.5887095871389e-43,3.73289817434034,0.687,0.061,1.98952686609973e-38,"Flnc-201",1.98952686609973e-38,"Up"
2.83697406979902e-43,2.76276367507367,0.736,0.089,2.18032805160334e-38,"Arhgap21-213",2.18032805160334e-38,"Up"
3.68818771459069e-43,2.39411456386835,0.879,0.239,2.83451978617153e-38,"Lamc2-203",2.83451978617153e-38,"Up"
3.74814953976833e-43,6.69434851570375,0.566,0,2.88060284729355e-38,"Ceacam12-203",2.88060284729355e-38,"Up"
4.21877165237327e-43,2.02393160380355,0.811,0.138,3.24229476571495e-38,"Jup-201",3.24229476571495e-38,"Up"
4.54404685746973e-43,2.88581486490272,0.743,0.121,3.49228177183979e-38,"Utrn-205",3.49228177183979e-38,"Up"
5.74402676970625e-43,3.37069190713799,0.664,0.045,4.41451433359004e-38,"Shroom3-201",4.41451433359004e-38,"Up"
7.4165197204177e-43,2.61621708347549,0.675,0.049,5.69989206592982e-38,"Clip1-205",5.69989206592982e-38,"Up"
7.50009904628618e-43,2.27354904067163,0.694,0.061,5.76412612103278e-38,"Ptbp3-201",5.76412612103278e-38,"Up"
8.00586910585443e-43,4.02565898987649,0.653,0.049,6.15283064261336e-38,"Tns1-217",6.15283064261336e-38,"Up"
1.10611052499015e-42,3.10749519907476,0.626,0.028,8.50090182875934e-38,"Abhd12-201",8.50090182875934e-38,"Up"
1.20829116075478e-42,2.32483300193332,0.728,0.073,9.28620088686479e-38,"Tns3-206",9.28620088686479e-38,"Up"
1.29608327195483e-42,2.81553154902342,0.702,0.069,9.96091837828166e-38,"Dsg2-201",9.96091837828166e-38,"Up"
1.46067333459484e-42,4.42466896133067,0.589,0.012,1.12258588456952e-37,"Col6a3-201",1.12258588456952e-37,"Up"
1.56306945756374e-42,2.5043045328154,0.649,0.036,1.20128140091603e-37,"Sec16a-202",1.20128140091603e-37,"Up"
1.62604868585537e-42,3.18828165517361,0.645,0.036,1.24968345702729e-37,"F2r-201",1.24968345702729e-37,"Up"
2.18359874288198e-42,2.98995566592522,0.664,0.045,1.67818297785451e-37,"Ptprb-201",1.67818297785451e-37,"Up"
2.45916607096318e-42,2.58015924807208,0.619,0.024,1.88996749217804e-37,"Atp13a3-202",1.88996749217804e-37,"Up"
2.95522408206082e-42,3.34358355809863,0.6,0.016,2.27120791602703e-37,"Klf9-201",2.27120791602703e-37,"Up"
3.75127313199862e-42,2.47788691474241,0.645,0.036,2.88300345286622e-37,"Sec16a-201",2.88300345286622e-37,"Up"
4.04684174714891e-42,2.77641780397062,0.751,0.15,3.11015975635382e-37,"Flt1-202",3.11015975635382e-37,"Up"
5.00579064542563e-42,2.51347608942666,0.698,0.061,3.84715034263541e-37,"Myo1d-201",3.84715034263541e-37,"Up"
7.05279845782404e-42,1.87314183674695,0.687,0.053,5.42035772677609e-37,"Prl3b1-201",5.42035772677609e-37,"Up"
8.40061371828796e-42,3.1181363801055,0.585,0.012,6.45620766705303e-37,"Arfgef1-201",6.45620766705303e-37,"Up"
8.94197163236535e-42,1.73416932206837,0.668,0.045,6.87226287833807e-37,"Nufip2-201",6.87226287833807e-37,"Up"
1.01051463735095e-41,2.00983331410691,0.608,0.02,7.76620919389698e-37,"Fbn1-202",7.76620919389698e-37,"Up"
1.10198696503968e-41,3.03370622022568,0.653,0.045,8.46921062111598e-37,"Cert1-202",8.46921062111598e-37,"Up"
1.95810470502137e-41,3.82344654166485,0.581,0.012,1.50488178999713e-36,"Insr-201",1.50488178999713e-36,"Up"
2.03951779819239e-41,3.39593893388896,0.709,0.093,1.56745100862278e-36,"Rarres1-201",1.56745100862278e-36,"Up"
2.05790301721948e-41,3.00392768848973,0.638,0.036,1.58158078485386e-36,"Atg2a-201",1.58158078485386e-36,"Up"
2.6199194104292e-41,4.34105688936758,0.66,0.057,2.01351286369126e-36,"Apoa1-201",2.01351286369126e-36,"Up"
2.63648954710545e-41,2.16952072559737,0.649,0.045,2.02624767653242e-36,"Ddah1-201",2.02624767653242e-36,"Up"
3.08848471814175e-41,2.04475074752859,0.619,0.028,2.37362404528066e-36,"Postn-203",2.37362404528066e-36,"Up"
3.84228496636919e-41,1.81522979924624,0.747,0.089,2.95294968805338e-36,"Bnip3l-201",2.95294968805338e-36,"Up"
4.07679257254432e-41,2.27442816353036,0.713,0.073,3.13317816370321e-36,"Tns3-201",3.13317816370321e-36,"Up"
4.14763340801766e-41,3.07995905728571,0.672,0.061,3.18762217939789e-36,"Abl2-202",3.18762217939789e-36,"Up"
6.15446769572869e-41,2.34632989157578,0.649,0.049,4.72995460287533e-36,"Dag1-204",4.72995460287533e-36,"Up"
6.22219131808494e-41,2.78264990528366,0.683,0.061,4.782002915601e-36,"Ntn4-201",4.782002915601e-36,"Up"
6.66785717293413e-41,2.88920439789808,0.642,0.04,5.1245149516868e-36,"Lnpep-201",5.1245149516868e-36,"Up"
6.85533983086144e-41,3.36584728638161,0.645,0.053,5.26860287361025e-36,"Fosb-201",5.26860287361025e-36,"Up"
7.51692980300229e-41,2.36985844000305,0.755,0.113,5.77706123079938e-36,"Huwe1-201",5.77706123079938e-36,"Up"
7.63807597616849e-41,2.30852828526913,0.709,0.073,5.87016691072453e-36,"Tns3-205",5.87016691072453e-36,"Up"
8.70516035676938e-41,2.24699527086634,0.687,0.057,6.69026394059154e-36,"Nipbl-201",6.69026394059154e-36,"Up"
1.05243176873655e-40,3.64895877342866,0.728,0.101,8.08835911544788e-36,"Fn1-203",8.08835911544788e-36,"Up"
1.53166116267372e-40,3.3935054081158,0.6,0.024,1.17714286996126e-35,"Parva-201",1.17714286996126e-35,"Up"
1.58116816082675e-40,2.217207203391,0.694,0.065,1.21519097832179e-35,"Rere-202",1.21519097832179e-35,"Up"
1.80025078686598e-40,2.75280075318426,0.668,0.065,1.38356473973798e-35,"Palld-203",1.38356473973798e-35,"Up"
2.41155850906384e-40,2.84196926619633,0.611,0.028,1.85337917655593e-35,"Clic5-201",1.85337917655593e-35,"Up"
2.58494859754711e-40,2.17143358007691,0.702,0.069,1.98663639515885e-35,"Tgoln1-201",1.98663639515885e-35,"Up"
2.70455799874622e-40,2.70413886527883,0.611,0.028,2.07856100435642e-35,"Rhpn2-201",2.07856100435642e-35,"Up"
2.8514255038499e-40,2.77654205128856,0.709,0.117,2.1914345567288e-35,"Lifr-203",2.1914345567288e-35,"Up"
2.96045200488465e-40,2.53555714373939,0.736,0.101,2.27522578383405e-35,"Adam10-201",2.27522578383405e-35,"Up"
3.22859517053419e-40,1.28988459952446,0.664,0.049,2.48130453236234e-35,"Elf1-201",2.48130453236234e-35,"Up"
3.46650570146106e-40,3.06791274979652,0.589,0.02,2.66414829180088e-35,"Ecm1-202",2.66414829180088e-35,"Up"
3.6520385238282e-40,3.21227897109857,0.615,0.036,2.80673768710293e-35,"Tapbp-206",2.80673768710293e-35,"Up"
4.82138248742582e-40,2.38676510024573,0.664,0.053,3.70542529688624e-35,"Usp34-208",3.70542529688624e-35,"Up"
5.17765392649694e-40,2.81941881491613,0.615,0.032,3.97923414866996e-35,"Rc3h2-202",3.97923414866996e-35,"Up"
5.38181927078277e-40,2.45293944464247,0.657,0.049,4.13614338236739e-35,"Lrrc8c-201",4.13614338236739e-35,"Up"
6.2297533295154e-40,1.78981650090732,0.766,0.121,4.78781462386577e-35,"Gfpt1-204",4.78781462386577e-35,"Up"
6.28306991533127e-40,8.03485869704796,0.532,0,4.8287905527287e-35,"Ctsq-201",4.8287905527287e-35,"Up"
6.38519328477189e-40,3.66303900124468,0.611,0.032,4.90727644707859e-35,"Tpbpb-201",4.90727644707859e-35,"Up"
7.78672411804048e-40,3.28694812659771,0.642,0.053,5.98440895367883e-35,"Cdh1-201",5.98440895367883e-35,"Up"
1.04959425066243e-39,1.85770835393802,0.709,0.073,8.06655165404101e-35,"Zfp703-202",8.06655165404101e-35,"Up"
1.05644890681822e-39,1.44713521674928,0.608,0.028,8.11923242846073e-35,"Fbn1-201",8.11923242846073e-35,"Up"
1.19966509914264e-39,2.31392093555648,0.774,0.134,9.21990615295084e-35,"Fndc3a-201",9.21990615295084e-35,"Up"
1.24818819582838e-39,2.23750412605293,0.687,0.069,9.59282556021945e-35,"Glg1-204",9.59282556021945e-35,"Up"
1.35159312143101e-39,2.85784172050507,0.709,0.097,1.03875337754459e-34,"Peg3-204",1.03875337754459e-34,"Up"
2.37829994338591e-39,2.03236242165072,0.834,0.194,1.82781863848981e-34,"Crim1-201",1.82781863848981e-34,"Up"
2.79244655015876e-39,3.43894033988542,0.558,0.012,2.14610687165902e-34,"Mlph-201",2.14610687165902e-34,"Up"
3.08033652880774e-39,3.15096264282568,0.57,0.016,2.3673618358499e-34,"Igsf3-201",2.3673618358499e-34,"Up"
3.26727421785604e-39,2.63411453586032,0.672,0.069,2.51103092739108e-34,"Skil-204",2.51103092739108e-34,"Up"
3.94697284712867e-39,2.06964463087301,0.645,0.049,3.03340651193227e-34,"Mapk1ip1l-202",3.03340651193227e-34,"Up"
4.13855658306248e-39,2.34765776338266,0.762,0.13,3.18064627634684e-34,"Smg1-201",3.18064627634684e-34,"Up"
4.92925049477297e-39,2.67556312917011,0.577,0.02,3.78832617525282e-34,"Ehd2-201",3.78832617525282e-34,"Up"
6.09813982419179e-39,3.23490909580933,0.664,0.073,4.68666438048436e-34,"Eif4g3-203",4.68666438048436e-34,"Up"
6.94742412714422e-39,3.10668138721009,0.555,0.012,5.33937333867542e-34,"Col5a1-201",5.33937333867542e-34,"Up"
6.98819089007558e-39,4.24560419394683,0.6,0.036,5.37070422665869e-34,"Muc3-201",5.37070422665869e-34,"Up"
7.47176773287478e-39,2.20262818003278,0.709,0.085,5.74235237342358e-34,"Myo1e-201",5.74235237342358e-34,"Up"
9.21773101725418e-39,3.14520703616112,0.608,0.036,7.08419499600053e-34,"Stard13-201",7.08419499600053e-34,"Up"
9.46866570627305e-39,2.12895406782662,0.6,0.032,7.27704834189909e-34,"Mga-201",7.27704834189909e-34,"Up"
1.20393805231635e-38,1.41241333344775,0.687,0.069,9.25274550727209e-34,"Ranbp2-201",9.25274550727209e-34,"Up"
1.33262760123014e-38,2.40985018106854,0.66,0.061,1.02417761664941e-33,"Nfe2l1-201",1.02417761664941e-33,"Up"
1.35401458143684e-38,2.49445731104909,0.585,0.028,1.04061436641747e-33,"Brd1-203",1.04061436641747e-33,"Up"
1.38133473204557e-38,2.04905339216317,0.826,0.198,1.0616109949663e-33,"Actn1-201",1.0616109949663e-33,"Up"
1.39027797013777e-38,2.03661836268275,0.626,0.045,1.06848423116968e-33,"Stard13-202",1.06848423116968e-33,"Up"
2.05545933999547e-38,6.26443926419768,0.54,0.012,1.57970272116012e-33,"Ctse-201",1.57970272116012e-33,"Up"
2.8438801555059e-38,2.44254947965711,0.872,0.425,2.18563565471251e-33,"Itga6-201",2.18563565471251e-33,"Up"
3.12513979893179e-38,1.42535302059346,0.747,0.101,2.40179494107104e-33,"Smad7-201",2.40179494107104e-33,"Up"
3.13958421230735e-38,3.79986366060217,0.604,0.045,2.41289605052669e-33,"Adgrl2-220",2.41289605052669e-33,"Up"
3.64926007408514e-38,2.29114494811925,0.683,0.073,2.8046023373374e-33,"Plxnb2-202",2.8046023373374e-33,"Up"
3.67685186980386e-38,2.37505085987296,0.691,0.077,2.82580773601906e-33,"Furin-201",2.82580773601906e-33,"Up"
3.75629304615638e-38,1.95432623892843,0.887,0.429,2.88686145769303e-33,"Lmna-201",2.88686145769303e-33,"Up"
4.29495824876186e-38,2.376064716332,0.642,0.057,3.30084721250344e-33,"Pde4dip-201",3.30084721250344e-33,"Up"
4.53261718059223e-38,2.01642075518526,0.725,0.097,3.48349760797236e-33,"Tnpo1-202",3.48349760797236e-33,"Up"
4.99763077157239e-38,2.23136205772989,0.615,0.04,3.84087915318425e-33,"Kmt2a-201",3.84087915318425e-33,"Up"
5.3981702903761e-38,2.17329028342254,0.785,0.182,4.14870979496565e-33,"Cd55-205",4.14870979496565e-33,"Up"
5.952725063128e-38,1.84693039747923,0.74,0.105,4.57490732001639e-33,"P3h2-201",4.57490732001639e-33,"Up"
6.12856015629136e-38,1.5799817882607,0.747,0.105,4.71004362251616e-33,"Ppp1r12a-205",4.71004362251616e-33,"Up"
6.58224027233172e-38,2.72950422132606,0.555,0.016,5.05871493889782e-33,"Slc5a3-201",5.05871493889782e-33,"Up"
7.70473126451369e-38,6.45349108759641,0.509,0,5.92139416602935e-33,"Ceacam12-202",5.92139416602935e-33,"Up"
8.80318954031455e-38,2.24212382412425,0.592,0.032,6.76560328931334e-33,"Ifi30-201",6.76560328931334e-33,"Up"
9.14991262380215e-38,2.76675881060129,0.596,0.036,7.0320738478969e-33,"Rock1-201",7.0320738478969e-33,"Up"
9.34429633669326e-38,3.21704298972528,0.551,0.016,7.18146550660224e-33,"Pappa2-202",7.18146550660224e-33,"Up"
9.51200599667893e-38,1.95327840876835,0.702,0.085,7.31035708868763e-33,"Arhgef12-202",7.31035708868763e-33,"Up"
1.01137524098684e-37,2.38559788862499,0.642,0.057,7.77282327708029e-33,"Shroom3-202",7.77282327708029e-33,"Up"
1.04084921301789e-37,1.27237635382292,0.592,0.032,7.99934254172771e-33,"Postn-204",7.99934254172771e-33,"Up"
1.04335822030942e-37,2.42764687088526,0.604,0.04,8.018625266366e-33,"Micu1-204",8.018625266366e-33,"Up"
1.14869246357971e-37,1.10077316120995,0.611,0.04,8.82816105959552e-33,"Sh3d19-206",8.82816105959552e-33,"Up"
1.22108534713238e-37,1.7554591086959,0.634,0.049,9.3845293268512e-33,"Lrp10-201",9.3845293268512e-33,"Up"
1.33399201260066e-37,2.78719258755507,0.611,0.045,1.02522622136411e-32,"Pik3c2a-201",1.02522622136411e-32,"Up"
1.40256670986377e-37,2.04447497214191,0.645,0.057,1.0779286191987e-32,"Tent5a-202",1.0779286191987e-32,"Up"
1.58342631980796e-37,4.14943606037493,0.528,0.008,1.21692646382521e-32,"Ndst1-205",1.21692646382521e-32,"Up"
1.63046101469674e-37,3.150299761856,0.528,0.008,1.25307450823503e-32,"Psg17-201",1.25307450823503e-32,"Up"
1.72117601104016e-37,3.59792837562774,0.585,0.036,1.32279261152481e-32,"Plekha6-202",1.32279261152481e-32,"Up"
2.05096777461127e-37,3.61714108155195,0.574,0.028,1.57625077349974e-32,"Ptpn21-201",1.57625077349974e-32,"Up"
2.15504472727043e-37,2.33286434434736,0.906,0.364,1.65623807469642e-32,"Vim-201",1.65623807469642e-32,"Up"
2.27507906946661e-37,1.94445200998209,0.725,0.101,1.74848926804787e-32,"Pdlim5-201",1.74848926804787e-32,"Up"
2.29730460763175e-37,2.72745503400653,0.638,0.057,1.7655704831493e-32,"Nfe2l1-211",1.7655704831493e-32,"Up"
2.32451799493164e-37,2.55795288467038,0.604,0.049,1.78648505982476e-32,"Cxadr-201",1.78648505982476e-32,"Up"
2.39164473806422e-37,3.35895856035364,0.536,0.012,1.83807464699188e-32,"Cts3-202",1.83807464699188e-32,"Up"
2.59638016503216e-37,2.19799341104903,0.796,0.17,1.99542201203382e-32,"Plet1-201",1.99542201203382e-32,"Up"
2.64869216109798e-37,2.42475456359297,0.558,0.02,2.03562587349024e-32,"Kdm5a-201",2.03562587349024e-32,"Up"
2.85132123490162e-37,1.93725378256662,0.785,0.134,2.19135442187129e-32,"Creb3l2-201",2.19135442187129e-32,"Up"
2.97017474263018e-37,2.71877480945485,0.626,0.053,2.282698096701e-32,"Qsox1-201",2.282698096701e-32,"Up"
3.35413496289715e-37,3.03895683267205,0.555,0.02,2.57778688438498e-32,"Tmem245-201",2.57778688438498e-32,"Up"
3.63892227981612e-37,4.17842677269775,0.532,0.012,2.79665732892988e-32,"Bnip5-201",2.79665732892988e-32,"Up"
4.10475226430166e-37,1.83233782315309,0.668,0.069,3.1546663052064e-32,"Phf3-205",3.1546663052064e-32,"Up"
4.10475226430166e-37,1.83233782315309,0.668,0.069,3.1546663052064e-32,"Phf3-201",3.1546663052064e-32,"Up"
4.18850788786777e-37,2.26705278512424,0.66,0.073,3.2190358521419e-32,"Dock5-201",3.2190358521419e-32,"Up"
4.92773185452738e-37,3.16384945263759,0.57,0.028,3.78715903947847e-32,"Helz2-202",3.78715903947847e-32,"Up"
4.9471840020158e-37,3.18779441996809,0.555,0.02,3.80210879290922e-32,"Fhip2a-201",3.80210879290922e-32,"Up"
6.68230168071908e-37,3.27528520539487,0.551,0.02,5.13561613369985e-32,"Postn-202",5.13561613369985e-32,"Up"
6.74963649136579e-37,2.91307410305888,0.543,0.016,5.18736562907427e-32,"B3gnt3-201",5.18736562907427e-32,"Up"
7.10156619059095e-37,2.2891596649266,0.585,0.032,5.45783768011677e-32,"Zfp609-201",5.45783768011677e-32,"Up"
7.24841970218893e-37,1.64249930105003,0.634,0.053,5.57070047792028e-32,"Nsd1-201",5.57070047792028e-32,"Up"
8.98839724122316e-37,1.9788124711609,0.694,0.093,6.90794281576965e-32,"Mical2-203",6.90794281576965e-32,"Up"
9.63109224102331e-37,1.71980332039703,0.675,0.073,7.40187963091605e-32,"Fstl1-201",7.40187963091605e-32,"Up"
1.04108379354684e-36,2.2580772686147,0.596,0.04,8.00114538692488e-32,"Bltp1-201",8.00114538692488e-32,"Up"
1.07239538963582e-36,1.5796493456879,0.66,0.069,8.2417875275071e-32,"Pvr-201",8.2417875275071e-32,"Up"
1.09540218774411e-36,2.99845350111377,0.577,0.036,8.41860397368855e-32,"Zfp568-202",8.41860397368855e-32,"Up"
1.11994304610646e-36,3.02127020909246,0.547,0.02,8.60721028654659e-32,"Patj-202",8.60721028654659e-32,"Up"
1.19528481494836e-36,3.51671678533806,0.57,0.032,9.18624191680412e-32,"Tapbp-201",9.18624191680412e-32,"Up"
1.20084988548567e-36,1.93039382036483,0.585,0.032,9.2290117099116e-32,"Eepd1-201",9.2290117099116e-32,"Up"
1.28675603772701e-36,1.15842134030733,0.57,0.028,9.88923485234719e-32,"Postn-201",9.88923485234719e-32,"Up"
1.29802538276619e-36,1.61117542686795,0.642,0.057,9.97584427671129e-32,"Ppp3ca-202",9.97584427671129e-32,"Up"
1.39091761128139e-36,2.30394198012458,0.604,0.045,1.0689758209742e-31,"Ppp6r3-202",1.0689758209742e-31,"Up"
1.41497332484231e-36,1.71085936015766,0.709,0.101,1.08746359907431e-31,"Serpinb6b-202",1.08746359907431e-31,"Up"
1.59293520987365e-36,2.75202308694986,0.54,0.016,1.22423442619629e-31,"Map3k2-201",1.22423442619629e-31,"Up"
1.77748743761454e-36,1.81809057781657,0.747,0.113,1.36607019530428e-31,"Lrrc58-201",1.36607019530428e-31,"Up"
1.84973333632722e-36,1.73802053073633,0.592,0.036,1.42159405830092e-31,"Arhgap35-201",1.42159405830092e-31,"Up"
1.86093649016736e-36,3.06531581458225,0.566,0.028,1.43020413015322e-31,"Arid1b-202",1.43020413015322e-31,"Up"
2.05984504161253e-36,1.90035144874496,0.909,0.425,1.5830733082809e-31,"Ubc-202",1.5830733082809e-31,"Up"
2.18897119678124e-36,2.28242345150565,0.626,0.057,1.68231192357425e-31,"Itgb5-202",1.68231192357425e-31,"Up"
2.31598685491942e-36,1.2599518087164,0.694,0.081,1.77992853747977e-31,"Ep300-201",1.77992853747977e-31,"Up"
2.47052805541723e-36,2.08124451487717,0.592,0.04,1.89869963171035e-31,"Sh3kbp1-206",1.89869963171035e-31,"Up"
2.49774520347458e-36,2.13080206356447,0.747,0.134,1.91961709867835e-31,"Ctnnb1-201",1.91961709867835e-31,"Up"
2.9370178431245e-36,1.74022306005045,0.664,0.073,2.2572156931549e-31,"Polr2a-201",2.2572156931549e-31,"Up"
3.00878147931197e-36,2.35587736944833,0.608,0.045,2.31236891811042e-31,"Cdk13-207",2.31236891811042e-31,"Up"
3.08304373791846e-36,2.70140961990733,0.717,0.15,2.36944243433985e-31,"Phldb1-210",2.36944243433985e-31,"Up"
3.22471270976084e-36,1.6841545930302,0.619,0.049,2.4783207059596e-31,"Nek9-201",2.4783207059596e-31,"Up"
3.32200485902952e-36,2.8945338857648,0.77,0.263,2.55309361435855e-31,"Dst-201",2.55309361435855e-31,"Up"
3.47029502956825e-36,2.18517862711273,0.642,0.065,2.66706054202439e-31,"Myo1c-204",2.66706054202439e-31,"Up"
3.69287935248992e-36,1.48435745228542,0.725,0.101,2.8381254975626e-31,"Wwtr1-201",2.8381254975626e-31,"Up"
3.75161719575155e-36,2.8156350667337,0.525,0.012,2.8832678796229e-31,"Misp-205",2.8832678796229e-31,"Up"
3.96608331022053e-36,2.68263149608272,0.562,0.028,3.04809366723688e-31,"Tead1-216",3.04809366723688e-31,"Up"
4.25937583898504e-36,1.83309588710117,0.721,0.105,3.27350070729356e-31,"Slc7a6-201",3.27350070729356e-31,"Up"
4.40495666990439e-36,2.48391690934998,0.566,0.028,3.38538539908832e-31,"Tspan2-201",3.38538539908832e-31,"Up"
4.43656470095941e-36,1.65435720218203,0.63,0.057,3.40967743527535e-31,"Adam9-204",3.40967743527535e-31,"Up"
4.61595747498365e-36,1.30920473950377,0.604,0.045,3.54754795782394e-31,"Zfand2a-201",3.54754795782394e-31,"Up"
4.69554594339367e-36,1.69534925066396,0.845,0.296,3.60871487933577e-31,"Ddx5-201",3.60871487933577e-31,"Up"
4.82165509918648e-36,2.11544510537041,0.623,0.057,3.70563480992878e-31,"Sec23a-201",3.70563480992878e-31,"Up"
4.89866074438645e-36,2.19300280064225,0.668,0.081,3.76481672849077e-31,"Ier3-201",3.76481672849077e-31,"Up"
5.33125690915347e-36,1.16648470035082,0.596,0.04,4.09728418496081e-31,"Dcn-201",4.09728418496081e-31,"Up"
5.62595336342968e-36,1.77877924766253,0.649,0.069,4.32377019793025e-31,"Pmepa1-201",4.32377019793025e-31,"Up"
5.71581089382782e-36,1.96548856788806,0.555,0.024,4.39282930434243e-31,"Zfp292-201",4.39282930434243e-31,"Up"
5.8645354967821e-36,2.61050321780742,0.562,0.032,4.50713011069692e-31,"Pde4d-201",4.50713011069692e-31,"Up"
6.18378183314017e-36,2.04419949222685,0.562,0.028,4.75248369004155e-31,"Tmx3-201",4.75248369004155e-31,"Up"
6.39937197646849e-36,3.07461383940053,0.566,0.032,4.91817333879509e-31,"Sipa1l3-201",4.91817333879509e-31,"Up"
6.49944597916857e-36,3.6236132026972,0.634,0.089,4.99508421283021e-31,"Macf1-203",4.99508421283021e-31,"Up"
6.56525393982333e-36,2.29521894791595,0.558,0.028,5.04566026291182e-31,"Mga-203",5.04566026291182e-31,"Up"
6.84698876127284e-36,2.38814441735121,0.649,0.073,5.26218474258863e-31,"Kmt2e-201",5.26218474258863e-31,"Up"
6.94736336039293e-36,2.82079469595327,0.581,0.04,5.33932663699638e-31,"Anxa8-201",5.33932663699638e-31,"Up"
7.29853638813475e-36,1.98636265443389,0.675,0.077,5.60921715573708e-31,"Mbp-205",5.60921715573708e-31,"Up"
7.4037834310687e-36,2.09944644184175,0.543,0.02,5.69010371811353e-31,"Ascc3-201",5.69010371811353e-31,"Up"
7.44312330890611e-36,1.92568393680859,0.608,0.049,5.7203379878267e-31,"Atp6ap1-201",5.7203379878267e-31,"Up"
7.67557173195613e-36,2.06167275061705,0.672,0.093,5.89898389887757e-31,"Fhod3-205",5.89898389887757e-31,"Up"
8.00138354202142e-36,3.39114686277906,0.509,0.008,6.14938330738514e-31,"Smad3-201",6.14938330738514e-31,"Up"
8.30800431118354e-36,1.65113095785235,0.6,0.045,6.385033633317e-31,"Tut7-201",6.385033633317e-31,"Up"
8.71108642116821e-36,3.14509260155639,0.592,0.049,6.69481835812462e-31,"Tor3a-201",6.69481835812462e-31,"Up"
8.87780291764691e-36,3.4274593817023,0.498,0.004,6.82294665432836e-31,"Bmpr1a-201",6.82294665432836e-31,"Up"
8.87780291764691e-36,3.86406529653856,0.498,0.004,6.82294665432836e-31,"Gprc5a-201",6.82294665432836e-31,"Up"
9.50165700111143e-36,1.39192992504768,0.645,0.065,7.30240347163418e-31,"Uhrf1bp1l-201",7.30240347163418e-31,"Up"
1.09145317080641e-35,2.8697338182739,0.558,0.028,8.38825419891562e-31,"Gapvd1-202",8.38825419891562e-31,"Up"
1.09584692898445e-35,1.43728646577021,0.668,0.073,8.42202198801708e-31,"Vcl-201",8.42202198801708e-31,"Up"
1.22595461800921e-35,2.74451091954003,0.506,0.008,9.421951621248e-31,"Emp1-205",9.421951621248e-31,"Up"
1.23579669250452e-35,3.10884010805605,0.562,0.032,9.49759190057427e-31,"Pam-210",9.49759190057427e-31,"Up"
1.25528295628618e-35,3.30992506032533,0.6,0.061,9.64735163224179e-31,"Psg21-202",9.64735163224179e-31,"Up"
1.30219519592877e-35,2.23483233446706,0.909,0.547,1.0007890958791e-30,"Tinagl1-203",1.0007890958791e-30,"Up"
1.37686845827109e-35,5.19699922035398,0.513,0.012,1.05817848491966e-30,"Axl-201",1.05817848491966e-30,"Up"
1.76508815057506e-35,1.91466288374404,0.804,0.19,1.35654084724296e-30,"Golga4-201",1.35654084724296e-30,"Up"
1.92592316311661e-35,2.65201659628537,0.717,0.13,1.48014898778164e-30,"Nid2-201",1.48014898778164e-30,"Up"
2.25981029487722e-35,3.27279616237849,0.543,0.024,1.73675460402494e-30,"Dusp6-201",1.73675460402494e-30,"Up"
2.2800469614508e-35,2.14633239287667,0.615,0.053,1.7523072917534e-30,"Usp34-205",1.7523072917534e-30,"Up"
2.37379343165994e-35,1.7646899766744,0.66,0.077,1.82435520396793e-30,"Syne1-205",1.82435520396793e-30,"Up"
2.44399117772167e-35,2.15873040906146,0.755,0.158,1.87830497972621e-30,"Bmp1-201",1.87830497972621e-30,"Up"
2.79501470848554e-35,2.30809309354274,0.566,0.032,2.14808060405948e-30,"Cyfip1-201",2.14808060405948e-30,"Up"
2.81675331504541e-35,1.78995200691318,0.566,0.036,2.164787592745e-30,"Lrch3-201",2.164787592745e-30,"Up"
2.9791025039132e-35,2.54115631552063,0.566,0.032,2.28955943835745e-30,"BC005537-201",2.28955943835745e-30,"Up"
3.08498353243743e-35,1.61487983794628,0.868,0.287,2.37093324401947e-30,"Iqgap1-201",2.37093324401947e-30,"Up"
3.5439037268066e-35,1.54306674884528,0.577,0.036,2.72363177019994e-30,"Pbxip1-201",2.72363177019994e-30,"Up"
3.55967029864611e-35,2.71697508567677,0.543,0.024,2.73574901132148e-30,"Manba-201",2.73574901132148e-30,"Up"
4.81902854861444e-35,2.20551978097303,0.694,0.142,3.70361620075214e-30,"Mbnl2-201",3.70361620075214e-30,"Up"
5.01864658772328e-35,3.10820713640668,0.675,0.097,3.85703064852885e-30,"Fn1-211",3.85703064852885e-30,"Up"
6.08988606853661e-35,2.04802113390593,0.596,0.049,4.68032103911313e-30,"H2-T23-201",4.68032103911313e-30,"Up"
6.13247243463676e-35,2.22254847600921,0.521,0.016,4.71305036491574e-30,"Cts3-201",4.71305036491574e-30,"Up"
6.2510890789696e-35,1.17470780085846,0.743,0.109,4.8042120007513e-30,"Ash1l-202",4.8042120007513e-30,"Up"
6.28884032805466e-35,2.14765708307456,0.657,0.077,4.83322534572313e-30,"Ddi2-201",4.83322534572313e-30,"Up"
6.4561913635014e-35,2.03546008465609,0.668,0.085,4.96184131050537e-30,"Anxa3-201",4.96184131050537e-30,"Up"
6.56855179995496e-35,1.73951270948392,0.758,0.146,5.04819480033739e-30,"Ncoa4-202",5.04819480033739e-30,"Up"
6.8914591444727e-35,1.09645980168889,0.645,0.069,5.29636201089304e-30,"Igf2bp2-201",5.29636201089304e-30,"Up"
7.04881025482182e-35,1.42547933419677,0.709,0.101,5.41729263324076e-30,"Maml3-202",5.41729263324076e-30,"Up"
7.44725382395182e-35,1.37630051191732,0.717,0.101,5.72351245385993e-30,"Ckap4-201",5.72351245385993e-30,"Up"
8.01841448703719e-35,3.18901422639184,0.547,0.028,6.16247226986756e-30,"Zc3hav1-203",6.16247226986756e-30,"Up"
8.12183336471163e-35,2.20675533387719,0.57,0.036,6.24195381411548e-30,"Kmt2a-202",6.24195381411548e-30,"Up"
8.39457002523943e-35,2.9628372948087,0.547,0.028,6.45156284719751e-30,"Il6st-203",6.45156284719751e-30,"Up"
8.4314462472772e-35,3.51219533180378,0.574,0.049,6.47990369888242e-30,"Tns1-201",6.47990369888242e-30,"Up"
8.6261639774476e-35,2.59297634985758,0.509,0.012,6.62955206322758e-30,"Misp-201",6.62955206322758e-30,"Up"
9.24027479534189e-35,2.55980622731008,0.525,0.02,7.10152079121205e-30,"Hbp1-202",7.10152079121205e-30,"Up"
9.82805336000416e-35,1.80004898978309,0.589,0.045,7.5532521292976e-30,"Fem1b-201",7.5532521292976e-30,"Up"
1.02422140768356e-34,2.31294187595345,0.634,0.073,7.87155120661123e-30,"Cdc73-201",7.87155120661123e-30,"Up"
1.10913592457547e-34,1.63293145766365,0.725,0.117,8.52415323473234e-30,"Dot1l-201",8.52415323473234e-30,"Up"
1.17793383318213e-34,2.25545132823979,0.675,0.101,9.05289268153794e-30,"Brd4-203",9.05289268153794e-30,"Up"
1.19826067049085e-34,1.40036660659568,0.619,0.057,9.20911255699041e-30,"Me1-201",9.20911255699041e-30,"Up"
1.25225255461552e-34,1.70653281394696,0.755,0.13,9.62406178324212e-30,"F11r-201",9.62406178324212e-30,"Up"
1.33753250760538e-34,1.84771184241294,0.732,0.134,1.02794723339504e-29,"Ncoa4-201",1.02794723339504e-29,"Up"
1.37494308740611e-34,1.41267609882414,0.792,0.154,1.05669876039509e-29,"Niban2-201",1.05669876039509e-29,"Up"
1.41864208889954e-34,3.03533712490591,0.525,0.02,1.09028319100285e-29,"Selenoi-203",1.09028319100285e-29,"Up"
1.45899064302567e-34,1.97277432960704,0.664,0.093,1.12129266879095e-29,"Cers6-201",1.12129266879095e-29,"Up"
1.47740567564523e-34,1.55388299310571,0.577,0.04,1.13544535796038e-29,"Rapgef2-206",1.13544535796038e-29,"Up"
1.48550971488721e-34,2.3136504214194,0.54,0.024,1.14167363627941e-29,"Sh3gl1-201",1.14167363627941e-29,"Up"
1.65908830661899e-34,1.92151516385864,0.577,0.04,1.27507572716896e-29,"Med13-201",1.27507572716896e-29,"Up"
1.7350997668968e-34,2.54012992553669,0.619,0.065,1.33349357485087e-29,"Trrap-203",1.33349357485087e-29,"Up"
1.7786285955856e-34,2.22601281113122,0.615,0.061,1.36694722085136e-29,"Ocln-201",1.36694722085136e-29,"Up"
1.78996380980669e-34,2.82028805717896,0.525,0.02,1.37565878638884e-29,"Rab11fip5-202",1.37565878638884e-29,"Up"
1.80809384368034e-34,1.30908195513553,0.702,0.093,1.38959244262209e-29,"Tm9sf2-201",1.38959244262209e-29,"Up"
1.81283857989389e-34,1.63356095681391,0.664,0.089,1.39323896219165e-29,"Septin2-201",1.39323896219165e-29,"Up"
1.84354104000695e-34,1.57386252225118,0.672,0.081,1.41683503088694e-29,"Emp2-201",1.41683503088694e-29,"Up"
1.8880071119179e-34,2.52566863295135,0.506,0.012,1.45100898579338e-29,"Misp-202",1.45100898579338e-29,"Up"
1.89714471896722e-34,2.48994797558858,0.57,0.04,1.45803160231507e-29,"Clip1-203",1.45803160231507e-29,"Up"
1.90751629551808e-34,1.98214732857049,0.574,0.04,1.46600257375747e-29,"Erc1-203",1.46600257375747e-29,"Up"
1.93392399996374e-34,4.28802801179168,0.502,0.012,1.48629795093213e-29,"Luzp1-203",1.48629795093213e-29,"Up"
2.01757010688499e-34,2.23323881399688,0.585,0.045,1.55058332994539e-29,"Smurf1-201",1.55058332994539e-29,"Up"
2.11531236595944e-34,1.61588222871367,0.604,0.053,1.62570216573447e-29,"Chst15-202",1.62570216573447e-29,"Up"
2.25242968520683e-34,2.75933831299825,0.532,0.024,1.73108231026886e-29,"Clcn5-201",1.73108231026886e-29,"Up"
2.27147881427726e-34,1.77792264801849,0.558,0.032,1.74572232792464e-29,"Lats1-202",1.74572232792464e-29,"Up"
2.35300001569488e-34,3.10710963156404,0.558,0.036,1.80837463206214e-29,"Trak1-209",1.80837463206214e-29,"Up"
2.39106616077845e-34,1.96353499615645,0.811,0.194,1.83762998720467e-29,"Ahnak2-201",1.83762998720467e-29,"Up"
2.42685564951961e-34,2.56657265321444,0.543,0.028,1.8651356408818e-29,"Dapk1-202",1.8651356408818e-29,"Up"
2.52784980523118e-34,1.48708456073422,0.66,0.105,1.94275368931237e-29,"Tmbim6-201",1.94275368931237e-29,"Up"
2.71915526068957e-34,4.00849604682203,0.502,0.012,2.08977958405036e-29,"Mst1r-201",2.08977958405036e-29,"Up"
3.04579184965151e-34,1.95249134394315,0.611,0.057,2.34081286813117e-29,"Akap9-201",2.34081286813117e-29,"Up"
3.09422329096154e-34,2.32970013222121,0.657,0.093,2.37803436803558e-29,"Sptan1-201",2.37803436803558e-29,"Up"
3.13329121592002e-34,3.87228657069241,0.502,0.012,2.40805963108317e-29,"Trp53inp2-201",2.40805963108317e-29,"Up"
3.29126200059331e-34,1.53217441785263,0.796,0.162,2.52946649793599e-29,"Zfhx3-201",2.52946649793599e-29,"Up"
3.30711701211534e-34,1.65917388156744,0.664,0.077,2.54165170849113e-29,"Pgrmc1-201",2.54165170849113e-29,"Up"
3.82419655597706e-34,3.39192852338327,0.555,0.04,2.93904802113061e-29,"Cdh13-201",2.93904802113061e-29,"Up"
3.88320324849056e-34,1.73786502837002,0.709,0.109,2.98439702459493e-29,"Csrnp1-201",2.98439702459493e-29,"Up"
3.92056499622907e-34,9.2015095402819,0.468,0,3.01311102220189e-29,"Ifi27l2b-201",3.01311102220189e-29,"Up"
3.92056499622907e-34,7.81723336316901,0.468,0,3.01311102220189e-29,"Psg16-202",3.01311102220189e-29,"Up"
4.07620944868672e-34,4.35760821893091,0.479,0.004,3.13273000969369e-29,"Pik3cb-201",3.13273000969369e-29,"Up"
4.11568603694067e-34,3.24455643533097,0.479,0.004,3.16306934683038e-29,"Dhrs9-201",3.16306934683038e-29,"Up"
4.15277897895772e-34,2.14980628822477,0.555,0.032,3.19157675648817e-29,"Acly-201",3.19157675648817e-29,"Up"
4.46105475065413e-34,3.92424170813466,0.498,0.012,3.42849901806772e-29,"Col6a3-202",3.42849901806772e-29,"Up"
4.83388618180939e-34,1.76715083809861,0.592,0.053,3.71503488616779e-29,"Rictor-201",3.71503488616779e-29,"Up"
5.31356006359705e-34,2.36791548472886,0.54,0.028,4.08368345127688e-29,"Tead1-201",4.08368345127688e-29,"Up"
5.31356006359705e-34,2.36791548472053,0.54,0.028,4.08368345127688e-29,"Tead1-217",4.08368345127688e-29,"Up"
5.4906806174616e-34,2.60196010911917,0.532,0.024,4.21980768174394e-29,"Pals1-201",4.21980768174394e-29,"Up"
5.72753284085687e-34,1.58971966540847,0.642,0.073,4.40183808951214e-29,"Lrp1-201",4.40183808951214e-29,"Up"
6.06078882159855e-34,1.45471661473606,0.555,0.032,4.65795864095135e-29,"Ccdc6-203",4.65795864095135e-29,"Up"
6.96343357781007e-34,1.50651767567807,0.562,0.036,5.35167724189015e-29,"Slc44a1-205",5.35167724189015e-29,"Up"
7.50245863337303e-34,3.31882100151703,0.517,0.02,5.76593955809251e-29,"Spp1-204",5.76593955809251e-29,"Up"
1.01586384212899e-33,1.81357018760573,0.74,0.142,7.8073199722981e-29,"Foxo3-203",7.8073199722981e-29,"Up"
1.04632190007566e-33,2.664331519464,0.517,0.02,8.04140233084148e-29,"Pappa2-203",8.04140233084148e-29,"Up"
1.11349546977493e-33,1.2289251400927,0.694,0.093,8.55765808340825e-29,"Mia3-202",8.55765808340825e-29,"Up"
1.11739311842561e-33,1.33319727253054,0.672,0.085,8.58761307234818e-29,"Dusp5-201",8.58761307234818e-29,"Up"
1.17560103634221e-33,3.83960140368644,0.513,0.02,9.03496420470443e-29,"Erc1-210",9.03496420470443e-29,"Up"
1.18040947220764e-33,2.16629368146037,0.645,0.085,9.07191895770458e-29,"Eps8l2-201",9.07191895770458e-29,"Up"
1.33686719031386e-33,2.53979199825786,0.57,0.045,1.02743591044381e-28,"Myadm-201",1.02743591044381e-28,"Up"
1.37556615565316e-33,3.08868041291245,0.513,0.02,1.05717761326568e-28,"Fcho2-201",1.05717761326568e-28,"Up"
1.43249130706045e-33,2.10587002414807,0.664,0.093,1.10092686912824e-28,"Itga3-201",1.10092686912824e-28,"Up"
1.52988669726512e-33,2.15812560737532,0.562,0.04,1.17577912231614e-28,"Dusp4-201",1.17577912231614e-28,"Up"
1.54823368594905e-33,2.81065673259946,0.653,0.126,1.18987951699928e-28,"Utrn-201",1.18987951699928e-28,"Up"
1.61161732651329e-33,1.90954820655847,0.706,0.142,1.23859238011852e-28,"Glul-201",1.23859238011852e-28,"Up"
1.71660318238739e-33,2.07673008336311,0.555,0.036,1.31927820979201e-28,"Arhgap5-201",1.31927820979201e-28,"Up"
1.71661054628741e-33,2.61017914618182,0.513,0.02,1.31928386924372e-28,"Fbln2-202",1.31928386924372e-28,"Up"
1.75856278990271e-33,1.62832337771756,0.653,0.085,1.35152584655183e-28,"Eif2ak3-201",1.35152584655183e-28,"Up"
1.96021257343034e-33,1.73151055960579,0.558,0.036,1.50650177118416e-28,"Atf6-201",1.50650177118416e-28,"Up"
1.99111097433204e-33,2.35507301530841,0.525,0.024,1.53024842821315e-28,"Btbd7-206",1.53024842821315e-28,"Up"
2.08553280637492e-33,2.84890157137677,0.581,0.057,1.60281538301138e-28,"Tmbim1-201",1.60281538301138e-28,"Up"
2.16197379835545e-33,3.42221963698961,0.502,0.016,1.6615633429881e-28,"Spns2-201",1.6615633429881e-28,"Up"
2.19025337397748e-33,1.6005404256555,0.804,0.174,1.68329732803666e-28,"Podxl-201",1.68329732803666e-28,"Up"
2.46251137442921e-33,1.20483470761407,0.626,0.065,1.89253849170382e-28,"Bltp2-201",1.89253849170382e-28,"Up"
2.46424983172775e-33,1.49314880141504,0.732,0.126,1.89387456567605e-28,"Ptpra-201",1.89387456567605e-28,"Up"
2.50247400109421e-33,1.70342634856914,0.536,0.028,1.92325136880094e-28,"Lox-201",1.92325136880094e-28,"Up"
2.59278178587318e-33,2.22173638146324,0.532,0.028,1.99265651371498e-28,"Spp1-205",1.99265651371498e-28,"Up"
2.77968216480217e-33,1.48090803326926,0.615,0.061,2.13629693093706e-28,"Nckap1-201",2.13629693093706e-28,"Up"
2.840194921091e-33,2.15568277454355,0.717,0.146,2.18280340465528e-28,"Procr-201",2.18280340465528e-28,"Up"
2.86301733481667e-33,2.19021860716555,0.543,0.032,2.2003433425e-28,"Col5a2-201",2.2003433425e-28,"Up"
3.02545633354966e-33,2.76598306989473,0.509,0.02,2.32518421058626e-28,"Patj-214",2.32518421058626e-28,"Up"
3.31556447041411e-33,2.42743258798241,0.615,0.085,2.54814391809206e-28,"Ctnnd1-217",2.54814391809206e-28,"Up"
3.41007888873311e-33,3.19162842561641,0.509,0.02,2.62078202914694e-28,"Asxl2-201",2.62078202914694e-28,"Up"
3.46606190300927e-33,2.14143241912723,0.54,0.032,2.66380721493875e-28,"Cep170b-202",2.66380721493875e-28,"Up"
3.60413870021419e-33,2.30644495099487,0.558,0.045,2.76992475666261e-28,"Foxn3-201",2.76992475666261e-28,"Up"
3.70681941122296e-33,2.82693311040633,0.796,0.352,2.84883899030129e-28,"App-206",2.84883899030129e-28,"Up"
3.78467653804582e-33,1.71129247199172,0.551,0.036,2.90867530654974e-28,"Ank-201",2.90867530654974e-28,"Up"
3.79312482136666e-33,2.03701472640481,0.577,0.049,2.91516815021313e-28,"Htra3-201",2.91516815021313e-28,"Up"
3.81191859309909e-33,1.67026427566014,0.585,0.049,2.92961191554037e-28,"Vill-201",2.92961191554037e-28,"Up"
3.83463832530786e-33,3.75679650224655,0.479,0.008,2.9470729385321e-28,"Hnf4a-202",2.9470729385321e-28,"Up"
3.83463832530786e-33,3.75679650224655,0.479,0.008,2.9470729385321e-28,"Hnf4a-201",2.9470729385321e-28,"Up"
3.83929039780289e-33,2.10176083813252,0.6,0.057,2.95064824232743e-28,"Ap1g1-202",2.95064824232743e-28,"Up"
3.83967666746521e-33,3.45674832599039,0.498,0.016,2.95094510601371e-28,"Naaa-201",2.95094510601371e-28,"Up"
3.97315069229599e-33,1.62513034406399,0.6,0.057,3.05352523305716e-28,"Serinc2-201",3.05352523305716e-28,"Up"
4.18018164594113e-33,1.07847806125487,0.702,0.097,3.21263680217159e-28,"Prdm2-201",3.21263680217159e-28,"Up"
4.95959432239435e-33,1.1700256039785,0.581,0.049,3.81164662053296e-28,"Dlk1-205",3.81164662053296e-28,"Up"
5.0078608639684e-33,1.74283911197125,0.604,0.065,3.84874138839428e-28,"Robo1-201",3.84874138839428e-28,"Up"
5.13921939708794e-33,2.91205528852054,0.536,0.036,3.94969567543796e-28,"Rusc2-202",3.94969567543796e-28,"Up"
5.28925363559239e-33,1.78198732828778,0.585,0.053,4.06500298909817e-28,"Abcg1-201",4.06500298909817e-28,"Up"
5.64077322847289e-33,1.71475544768293,0.551,0.036,4.33515985701056e-28,"Zc3h14-204",4.33515985701056e-28,"Up"
5.78357265184916e-33,1.95209233699528,0.596,0.057,4.44490692585216e-28,"Reep3-201",4.44490692585216e-28,"Up"
5.8980442660975e-33,1.148050977468,0.521,0.024,4.53288294026657e-28,"Khnyn-203",4.53288294026657e-28,"Up"
6.35972929014587e-33,1.67882392704903,0.6,0.057,4.8877063486487e-28,"Il17ra-201",4.8877063486487e-28,"Up"
6.46012503405797e-33,2.2439323447309,0.566,0.045,4.96486449367492e-28,"Dmxl1-202",4.96486449367492e-28,"Up"
7.53748432920279e-33,2.34505740367878,0.649,0.101,5.79285820636551e-28,"Lamp2-202",5.79285820636551e-28,"Up"
7.55068304715256e-33,2.8419179648962,0.517,0.024,5.80300194905863e-28,"Slc25a3-208",5.80300194905863e-28,"Up"
8.07598183730312e-33,1.32499134801635,0.6,0.057,6.20671508124094e-28,"Pnpla8-201",6.20671508124094e-28,"Up"
8.31596580066441e-33,2.59657982850672,0.54,0.036,6.39115235644263e-28,"Stag1-206",6.39115235644263e-28,"Up"
8.39608812335739e-33,2.10250083831583,0.54,0.032,6.45272956632509e-28,"Acly-203",6.45272956632509e-28,"Up"
8.8912387895399e-33,2.56891233352366,0.517,0.024,6.833272659313e-28,"Prl2b1-202",6.833272659313e-28,"Up"
9.67234009158478e-33,4.33655887616957,0.483,0.012,7.43358025398657e-28,"Fam102b-202",7.43358025398657e-28,"Up"
1.11364325848143e-32,1.95587406548968,0.66,0.109,8.55879389873322e-28,"Cd151-202",8.55879389873322e-28,"Up"
1.12131620839993e-32,1.70138361059221,0.525,0.028,8.6177635880368e-28,"Etv3-203",8.6177635880368e-28,"Up"
1.16240812139358e-32,2.42402922767494,0.626,0.085,8.9335713761582e-28,"Zbtb38-212",8.9335713761582e-28,"Up"
1.17758373551678e-32,1.97818770811776,0.585,0.053,9.05020204094067e-28,"Pde4dip-205",9.05020204094067e-28,"Up"
1.21072065703409e-32,2.59099313600286,0.513,0.024,9.30487253756976e-28,"Tead1-202",9.30487253756976e-28,"Up"
1.22785478798816e-32,1.7158869640974,0.6,0.065,9.43655518760423e-28,"Tspan9-203",9.43655518760423e-28,"Up"
1.28872088509608e-32,2.67638094814426,0.494,0.016,9.90433549031744e-28,"Plekha6-212",9.90433549031744e-28,"Up"
1.34037344862021e-32,1.26280914278371,0.774,0.146,1.03013061020258e-27,"Ddx3x-201",1.03013061020258e-27,"Up"
1.34130254245801e-32,1.78082373047469,0.789,0.198,1.03084465598068e-27,"Tmem43-201",1.03084465598068e-27,"Up"
1.49488980758157e-32,2.49192703063838,0.525,0.028,1.14888261271874e-27,"Rc3h2-201",1.14888261271874e-27,"Up"
1.50174976648056e-32,2.6658947434805,0.521,0.028,1.15415476553097e-27,"Helz2-203",1.15415476553097e-27,"Up"
1.54693969261783e-32,2.04532053104446,0.615,0.069,1.18888503136451e-27,"Runx1-202",1.18888503136451e-27,"Up"
1.57455137293805e-32,1.27343689768492,0.74,0.126,1.21010571215781e-27,"Prrc2a-201",1.21010571215781e-27,"Up"
1.58631813112524e-32,1.41100179749512,0.687,0.101,1.21914893649499e-27,"Sec24d-201",1.21914893649499e-27,"Up"
1.60152250811407e-32,2.10371757566573,0.532,0.032,1.23083410838598e-27,"Cep170b-211",1.23083410838598e-27,"Up"
1.60727506212768e-32,3.27353056533451,0.547,0.045,1.23525517624761e-27,"Syne2-210",1.23525517624761e-27,"Up"
1.70161195009116e-32,1.87851874372449,0.536,0.032,1.30775684812306e-27,"Phactr4-201",1.30775684812306e-27,"Up"
1.70751919071422e-32,4.53585529373857,0.46,0.004,1.3122967988315e-27,"Anpep-202",1.3122967988315e-27,"Up"
1.81543332959134e-32,1.90333204015018,0.562,0.045,1.39523313112413e-27,"Ccdc82-201",1.39523313112413e-27,"Up"
1.92226320684182e-32,1.33110220318651,0.604,0.061,1.47733616498621e-27,"Ppp4r3b-201",1.47733616498621e-27,"Up"
2.03553182550299e-32,2.79613297521169,0.66,0.13,1.56438762917207e-27,"Wnk1-202",1.56438762917207e-27,"Up"
2.06384727711301e-32,1.79384104230636,0.547,0.036,1.58614918635244e-27,"Itpripl2-201",1.58614918635244e-27,"Up"
2.13306333761608e-32,3.12279108717606,0.506,0.024,1.63934449749146e-27,"Itgav-206",1.63934449749146e-27,"Up"
2.19355634932575e-32,1.63577923875136,0.725,0.15,1.68583579671081e-27,"Tnfrsf12a-201",1.68583579671081e-27,"Up"
2.27812417813279e-32,2.07482469768558,0.525,0.028,1.75082955586217e-27,"Acly-207",1.75082955586217e-27,"Up"
2.44107530309188e-32,1.25440956660567,0.619,0.069,1.87606401343823e-27,"Wasf2-201",1.87606401343823e-27,"Up"
2.49870076039231e-32,2.48876034016512,0.589,0.069,1.92035148239191e-27,"Palld-202",1.92035148239191e-27,"Up"
2.61219381187839e-32,1.70565025238217,0.532,0.032,2.00757543218102e-27,"Atrx-202",2.00757543218102e-27,"Up"
2.70058332524668e-32,6.07108928911126,0.457,0.004,2.07550630878508e-27,"C77080-201",2.07550630878508e-27,"Up"
2.73760796833452e-32,2.95060853334939,0.491,0.016,2.10396122798381e-27,"Parp4-201",2.10396122798381e-27,"Up"
2.8291057849934e-32,1.17538911218016,0.63,0.073,2.17428095999883e-27,"Shoc2-201",2.17428095999883e-27,"Up"
2.95783260655883e-32,2.25884433432739,0.532,0.032,2.27321267144472e-27,"Hs6st1-201",2.27321267144472e-27,"Up"
2.97855434818999e-32,1.13101201686382,0.615,0.065,2.28913815875794e-27,"Mvp-202",2.28913815875794e-27,"Up"
3.0017078033606e-32,2.96175282763871,0.491,0.016,2.30693251519475e-27,"Ssh1-204",2.30693251519475e-27,"Up"
3.10848826565906e-32,1.31702223341788,0.653,0.089,2.38899757168962e-27,"Arid1a-205",2.38899757168962e-27,"Up"
3.13464295013808e-32,2.09136643148565,0.615,0.073,2.40909849289912e-27,"Lats2-201",2.40909849289912e-27,"Up"
3.26861340313386e-32,1.65735035267282,0.883,0.377,2.5120601448445e-27,"Flnb-201",2.5120601448445e-27,"Up"
3.28401487664133e-32,2.96117917805278,0.634,0.093,2.52389679329393e-27,"Fn1-217",2.52389679329393e-27,"Up"
3.32166235942016e-32,2.61350751866573,0.747,0.283,2.55283038970877e-27,"Dst-211",2.55283038970877e-27,"Up"
3.55978468229676e-32,4.59388345755087,0.457,0.004,2.73583691973235e-27,"Psg25-201",2.73583691973235e-27,"Up"
3.5696771032549e-32,1.26107416043361,0.555,0.04,2.74343964093552e-27,"Gsk3b-201",2.74343964093552e-27,"Up"
3.630319089571e-32,1.87405178989802,0.555,0.045,2.79004543309889e-27,"Crip2-201",2.79004543309889e-27,"Up"
3.70956557168401e-32,2.61332699960493,0.468,0.008,2.85094952446203e-27,"Gfod1-201",2.85094952446203e-27,"Up"
3.80463136419197e-32,1.0080057285119,0.691,0.097,2.92401138863609e-27,"Bptf-201",2.92401138863609e-27,"Up"
3.86767417428884e-32,2.38045354044744,0.596,0.069,2.97246230990795e-27,"Ptpn14-202",2.97246230990795e-27,"Up"
4.09992340570387e-32,1.38815170222778,0.577,0.053,3.15095513421965e-27,"Xbp1-201",3.15095513421965e-27,"Up"
4.13063671015818e-32,1.18140348924535,0.672,0.089,3.17455953722496e-27,"Bptf-203",3.17455953722496e-27,"Up"
4.41080647424881e-32,1.11885605639728,0.657,0.085,3.38988120771918e-27,"Src-201",3.38988120771918e-27,"Up"
4.77160274462715e-32,1.20688158304135,0.551,0.04,3.66716757335575e-27,"Fnip1-201",3.66716757335575e-27,"Up"
4.86408424599364e-32,1.52877560420655,0.77,0.166,3.73824330641595e-27,"Errfi1-201",3.73824330641595e-27,"Up"
4.97633073219489e-32,1.91100968130368,0.566,0.049,3.82450922092106e-27,"Bod1l-201",3.82450922092106e-27,"Up"
5.06657606112943e-32,1.10355724675025,0.645,0.081,3.89386636602041e-27,"Cttnbp2nl-202",3.89386636602041e-27,"Up"
5.28491716899916e-32,1.88880563290979,0.566,0.049,4.06167024106261e-27,"Bod1l-204",4.06167024106261e-27,"Up"
5.3799302037212e-32,1.71183277354292,0.679,0.105,4.13469155876789e-27,"Csrnp1-204",4.13469155876789e-27,"Up"
6.1992977230518e-32,2.30873801507541,0.498,0.02,4.76440827207423e-27,"Zmym2-201",4.76440827207423e-27,"Up"
6.65485548085223e-32,2.29801970661612,0.487,0.016,5.11452263125417e-27,"Lrrc8a-201",5.11452263125417e-27,"Up"
7.4497440339188e-32,6.28510092486226,0.442,0,5.72542627982796e-27,"Fbln7-202",5.72542627982796e-27,"Up"
7.4497440339188e-32,6.28510092486226,0.442,0,5.72542627982796e-27,"Fbln7-201",5.72542627982796e-27,"Up"
7.49055655009974e-32,1.09433248385719,0.63,0.073,5.75679233101365e-27,"Pak2-201",5.75679233101365e-27,"Up"
7.98002371230128e-32,2.34318456452953,0.475,0.012,6.13296742385203e-27,"Nr4a1-201",6.13296742385203e-27,"Up"
8.61816074381021e-32,2.05380136533571,0.709,0.134,6.6234012580479e-27,"Mical3-222",6.6234012580479e-27,"Up"
8.77320310093442e-32,3.1471587426391,0.494,0.02,6.74255751119214e-27,"Map2k3-201",6.74255751119214e-27,"Up"
8.82836726350914e-32,3.28855859941492,0.509,0.032,6.78495337669732e-27,"Ablim1-207",6.78495337669732e-27,"Up"
8.97656484428254e-32,1.59911810100911,0.811,0.202,6.8988491454249e-27,"Creb3l1-201",6.8988491454249e-27,"Up"
9.18238602038157e-32,2.59860233290904,0.521,0.032,7.05703095210405e-27,"Mtmr3-202",7.05703095210405e-27,"Up"
9.31149025253545e-32,4.25649147379836,0.472,0.012,7.1562527186836e-27,"Fam102b-201",7.1562527186836e-27,"Up"
9.33574762142913e-32,2.03933140886329,0.543,0.04,7.17489547697314e-27,"Ccdc82-206",7.17489547697314e-27,"Up"
1.01933380998728e-31,2.42459888887615,0.483,0.016,7.83398806327625e-27,"Mark2-202",7.83398806327625e-27,"Up"
1.02990215138488e-31,6.54007821130756,0.449,0.004,7.91520999425336e-27,"Itgb6-202",7.91520999425336e-27,"Up"
1.05917286760888e-31,2.44249629413531,0.574,0.057,8.14016715672127e-27,"Ocln-202",8.14016715672127e-27,"Up"
1.07236224787313e-31,1.66794250858272,0.532,0.036,8.24153281980416e-27,"Pls3-204",8.24153281980416e-27,"Up"
1.07687654374423e-31,-2.26167856553341,0.86,0.874,8.27622698929191e-27,"Fth1-203",8.27622698929191e-27,"Down"
1.08459866091672e-31,1.63357347565506,0.506,0.024,8.33557454860936e-27,"Prkca-201",8.33557454860936e-27,"Up"
1.0896329033769e-31,2.57474621046302,0.54,0.04,8.37426471561283e-27,"Rnf213-201",8.37426471561283e-27,"Up"
1.11594825612668e-31,1.53766870483234,0.536,0.036,8.57650872763599e-27,"Ythdf1-201",8.57650872763599e-27,"Up"
1.18245446166172e-31,1.57753613566628,0.626,0.081,9.08763551965497e-27,"Nktr-201",9.08763551965497e-27,"Up"
1.18380828365022e-31,2.47895114511014,0.494,0.02,9.09804018316541e-27,"Ecm1-201",9.09804018316541e-27,"Up"
1.21190295801043e-31,1.35207411424897,0.717,0.117,9.31395899349333e-27,"Igf2r-201",9.31395899349333e-27,"Up"
1.21337171864034e-31,3.29495958450057,0.483,0.016,9.32524700643846e-27,"Gcnt2-203",9.32524700643846e-27,"Up"
1.26182899420378e-31,2.07407230741843,0.604,0.069,9.6976605520537e-27,"Plxnb2-201",9.6976605520537e-27,"Up"
1.28691558742054e-31,1.68728969367412,0.562,0.049,9.89046105556179e-27,"Zc3h7a-201",9.89046105556179e-27,"Up"
1.41304423227109e-31,2.67216529134056,0.532,0.04,1.08598101426962e-26,"Myof-201",1.08598101426962e-26,"Up"
1.44761026794722e-31,1.8657133105594,0.634,0.093,1.11254639532816e-26,"Map1b-201",1.11254639532816e-26,"Up"
1.52189311553823e-31,1.8473118910212,0.472,0.012,1.16963573501575e-26,"Nr4a1-202",1.16963573501575e-26,"Up"
1.55860172895047e-31,8.45318369099685,0.438,0,1.19784777276759e-26,"Ccnd2-201",1.19784777276759e-26,"Up"
1.5786599781763e-31,2.01975834358024,0.6,0.073,1.21326333962761e-26,"Ctsh-201",1.21326333962761e-26,"Up"
1.62370993547236e-31,2.03403418336853,0.472,0.012,1.24788603380793e-26,"Ctss-202",1.24788603380793e-26,"Up"
1.67069025820027e-31,1.9760771391806,0.577,0.057,1.28399229103723e-26,"Spen-201",1.28399229103723e-26,"Up"
1.68920530353659e-31,1.54668264996264,0.649,0.093,1.29822184398001e-26,"Arfgap1-201",1.29822184398001e-26,"Up"
1.78902393953694e-31,1.96026720370825,0.547,0.045,1.37493645849172e-26,"Mef2d-201",1.37493645849172e-26,"Up"
1.84449187490188e-31,1.36274613838358,0.634,0.081,1.41756578553709e-26,"Tut4-201",1.41756578553709e-26,"Up"
1.84449187490188e-31,1.03679656391258,0.634,0.081,1.41756578553709e-26,"Adipor1-202",1.41756578553709e-26,"Up"
1.99366505856352e-31,2.16231170684569,0.634,0.089,1.5322113441084e-26,"Fut8-201",1.5322113441084e-26,"Up"
2.03637430813677e-31,2.94741896026353,0.513,0.032,1.56503511077544e-26,"Ube4b-202",1.56503511077544e-26,"Up"
2.04709615134642e-31,1.59893322675701,0.679,0.105,1.57327527615578e-26,"Itpr3-201",1.57327527615578e-26,"Up"
2.11991756081149e-31,1.52658737851957,0.713,0.126,1.62924144218607e-26,"Twsg1-201",1.62924144218607e-26,"Up"
2.18711112618481e-31,1.39061364210148,0.623,0.077,1.68088238491807e-26,"Prpf38b-201",1.68088238491807e-26,"Up"
2.20188544989943e-31,1.46252893911915,0.525,0.032,1.69223704366571e-26,"B3galnt1-201",1.69223704366571e-26,"Up"
2.26866198546355e-31,2.34722907643817,0.479,0.016,1.74355748230816e-26,"Fbxw11-203",1.74355748230816e-26,"Up"
2.28768256019296e-31,1.22027296178952,0.574,0.053,1.7581755548107e-26,"Wwc2-201",1.7581755548107e-26,"Up"
2.41242272501632e-31,1.60867693532199,0.623,0.077,1.85404336108404e-26,"Lad1-201",1.85404336108404e-26,"Up"
2.48180216548519e-31,1.21614585705267,0.645,0.093,1.90736423626199e-26,"Zfp568-203",1.90736423626199e-26,"Up"
2.63976598784735e-31,3.26185673812919,0.468,0.012,2.0287657523002e-26,"Lzts2-203",2.0287657523002e-26,"Up"
2.77834112585435e-31,4.91640808231681,0.445,0.004,2.13526628886411e-26,"Ddr1-204",2.13526628886411e-26,"Up"
2.82174885966665e-31,1.67698421406083,0.596,0.065,2.1686268686082e-26,"Cat-201",2.1686268686082e-26,"Up"
2.8262127481851e-31,2.20873572316944,0.845,0.449,2.17205754549018e-26,"Aplp2-201",2.17205754549018e-26,"Up"
2.99731075747866e-31,1.18119482990658,0.642,0.085,2.30355320955265e-26,"Cul1-201",2.30355320955265e-26,"Up"
3.00561497464323e-31,2.68235135247743,0.551,0.053,2.30993533261231e-26,"Mprip-204",2.30993533261231e-26,"Up"
3.05683479545607e-31,2.40274660819707,0.498,0.024,2.34929981369981e-26,"Tanc2-202",2.34929981369981e-26,"Up"
3.22782058725998e-31,1.69385136992685,0.551,0.049,2.48070923413279e-26,"Vangl1-201",2.48070923413279e-26,"Up"
3.25881091462538e-31,1.22720070931365,0.604,0.065,2.50452654032619e-26,"Apc-202",2.50452654032619e-26,"Up"
3.33661873712969e-31,3.75905719010846,0.457,0.008,2.56432496423365e-26,"Uxs1-202",2.56432496423365e-26,"Up"
3.44332099927459e-31,2.38960401311412,0.543,0.045,2.64632992078249e-26,"Shroom3-203",2.64632992078249e-26,"Up"
3.47072272336806e-31,2.28836967881084,0.562,0.053,2.66738924181729e-26,"Qsox1-202",2.66738924181729e-26,"Up"
3.65365550772917e-31,2.09438865007811,0.547,0.045,2.80798040391018e-26,"Tnrc18-202",2.80798040391018e-26,"Up"
3.73206114733829e-31,2.29227753003602,0.57,0.057,2.86823827417537e-26,"Fat1-205",2.86823827417537e-26,"Up"
3.81002624372896e-31,3.07785255717759,0.487,0.02,2.92815756935546e-26,"Tulp4-201",2.92815756935546e-26,"Up"
3.92687679955596e-31,1.80643939265549,0.536,0.04,3.01796189553074e-26,"Perp-201",3.01796189553074e-26,"Up"
4.28501142928752e-31,2.82397948276339,0.487,0.02,3.29320268386463e-26,"Tex264-202",3.29320268386463e-26,"Up"
4.56241775779446e-31,2.28467659041281,0.517,0.032,3.50640054357535e-26,"Raph1-204",3.50640054357535e-26,"Up"
4.57242915160011e-31,1.91691205160516,0.543,0.045,3.51409470017075e-26,"Spsb1-201",3.51409470017075e-26,"Up"
4.78137635020757e-31,2.05386393584769,0.498,0.024,3.67467898018852e-26,"Arhgef18-201",3.67467898018852e-26,"Up"
5.06037798091977e-31,2.12832349951257,0.525,0.036,3.88910289345608e-26,"Ggta1-203",3.88910289345608e-26,"Up"
5.12935914142747e-31,1.29090279223372,0.751,0.15,3.94211767455267e-26,"Nedd4-201",3.94211767455267e-26,"Up"
5.23651194927533e-31,1.57459923679192,0.547,0.045,4.02446889349606e-26,"Fam120a-201",4.02446889349606e-26,"Up"
5.41758679774547e-31,1.48950735149106,0.615,0.077,4.16363215753931e-26,"Tceal9-201",4.16363215753931e-26,"Up"
5.42570913833956e-31,2.46286147606525,0.54,0.045,4.16987450117949e-26,"Ncor1-204",4.16987450117949e-26,"Up"
5.44422034334189e-31,3.26846550092116,0.464,0.012,4.18410110267198e-26,"Lzts2-202",4.18410110267198e-26,"Up"
5.49465436872826e-31,3.34238221882214,0.464,0.012,4.22286166854242e-26,"Gpnmb-201",4.22286166854242e-26,"Up"
5.49966684798898e-31,4.43103496613117,0.453,0.008,4.22671395935345e-26,"Sbf2-205",4.22671395935345e-26,"Up"
5.66367533020116e-31,1.52854565073732,0.642,0.089,4.3527610382728e-26,"Slc7a1-201",4.3527610382728e-26,"Up"
5.75386621794823e-31,2.78384630390099,0.464,0.012,4.42207634314194e-26,"Man1a-201",4.42207634314194e-26,"Up"
5.76664203210935e-31,1.91336773172308,0.525,0.036,4.43189506735732e-26,"Baz2a-208",4.43189506735732e-26,"Up"
5.96994611637059e-31,2.99914473718784,0.464,0.012,4.58814238827546e-26,"Ro60-202",4.58814238827546e-26,"Up"
5.97310888202939e-31,1.77920049233544,0.513,0.032,4.59057310019487e-26,"Mga-202",4.59057310019487e-26,"Up"
5.98484385939572e-31,2.61001889779159,0.475,0.016,4.59959189969999e-26,"Mmp15-201",4.59959189969999e-26,"Up"
6.0461446349002e-31,1.87737536335643,0.506,0.028,4.6467039977062e-26,"Trpm7-202",4.6467039977062e-26,"Up"
6.09216259269923e-31,-2.21758305185026,0.868,0.874,4.68207063899307e-26,"Fth1-201",4.68207063899307e-26,"Down"
6.10044411466876e-31,1.3207529974655,0.675,0.101,4.68843531988753e-26,"Hip1r-201",4.68843531988753e-26,"Up"
6.18005237496816e-31,1.09242946733843,0.728,0.13,4.74961745225803e-26,"Map2k1-201",4.74961745225803e-26,"Up"
6.59641874506567e-31,2.75280943734281,0.453,0.008,5.06961166233277e-26,"Itm2a-201",5.06961166233277e-26,"Up"
7.04636207502326e-31,2.70565540065123,0.464,0.012,5.41541110913837e-26,"Erlec1-201",5.41541110913837e-26,"Up"
7.72966459333622e-31,2.53406034511515,0.551,0.053,5.94055642656262e-26,"Kdm2a-202",5.94055642656262e-26,"Up"
8.02315579358538e-31,2.5328883624927,0.479,0.02,6.16611615360211e-26,"Polk-201",6.16611615360211e-26,"Up"
8.0315073219096e-31,-3.32047854015231,0.162,0.636,6.17253463718041e-26,"Sqstm1-205",6.17253463718041e-26,"Down"
8.51354546315921e-31,2.35022106127366,0.494,0.024,6.54300023025638e-26,"Stim1-201",6.54300023025638e-26,"Up"
9.46711015648647e-31,2.81549726601164,0.483,0.02,7.27585283966611e-26,"Mgat1-213",7.27585283966611e-26,"Up"
9.50578192720506e-31,1.31127239209946,0.585,0.061,7.30557364233417e-26,"Mob1a-202",7.30557364233417e-26,"Up"
9.6894951532808e-31,1.43370914221665,0.626,0.081,7.44676460510243e-26,"Furin-203",7.44676460510243e-26,"Up"
9.79734239253806e-31,1.93242673424299,0.525,0.036,7.5296495223612e-26,"Capg-202",7.5296495223612e-26,"Up"
1.01366648652262e-30,2.12457257366338,0.543,0.045,7.79043241552097e-26,"Serinc2-203",7.79043241552097e-26,"Up"
1.02517358764875e-30,1.12487192024216,0.626,0.081,7.87886909051573e-26,"Pld3-201",7.87886909051573e-26,"Up"
1.05274182761496e-30,1.13960028950073,0.717,0.126,8.090742041952e-26,"Crebbp-201",8.090742041952e-26,"Up"
1.05649699943248e-30,3.02474788143539,0.528,0.045,8.11960203943835e-26,"Syne2-201",8.11960203943835e-26,"Up"
1.07958744222788e-30,1.4750812760415,0.657,0.097,8.29706132849815e-26,"Wfs1-201",8.29706132849815e-26,"Up"
1.14364776716568e-30,2.02004284318408,0.483,0.02,8.78939054977515e-26,"Gpr39-201",8.78939054977515e-26,"Up"
1.18534662299706e-30,1.70946739985373,0.762,0.198,9.10986293638162e-26,"Numa1-201",9.10986293638162e-26,"Up"
1.21470352046933e-30,1.10091348924859,0.513,0.032,9.335482436215e-26,"Camsap2-201",9.335482436215e-26,"Up"
1.23345263594698e-30,1.98758573083149,0.532,0.04,9.47957688830695e-26,"Tent5a-201",9.47957688830695e-26,"Up"
1.32249444497426e-30,3.1312206260201,0.468,0.016,1.01638988074052e-25,"Mtmr10-201",1.01638988074052e-25,"Up"
1.3943104103112e-30,1.5459571197117,0.551,0.049,1.07158332274057e-25,"Herpud2-201",1.07158332274057e-25,"Up"
1.40116198667764e-30,3.72329434670723,0.449,0.008,1.07684903324123e-25,"Ndst1-201",1.07684903324123e-25,"Up"
1.43781251763272e-30,1.11953162457083,0.619,0.077,1.10501643230145e-25,"Cttnbp2nl-201",1.10501643230145e-25,"Up"
1.44656770571066e-30,1.61945685609945,0.513,0.032,1.11174514454687e-25,"Gpr107-201",1.11174514454687e-25,"Up"
1.47023945178126e-30,1.54084570344012,0.66,0.105,1.12993782827197e-25,"Amotl2-201",1.12993782827197e-25,"Up"
1.48741955034701e-30,1.51889460286069,0.819,0.223,1.14314142122369e-25,"Cdh5-201",1.14314142122369e-25,"Up"
1.48829565343804e-30,4.10661840825134,0.475,0.02,1.14381474149327e-25,"Amot-202",1.14381474149327e-25,"Up"
1.54982281520437e-30,1.96432106326375,0.479,0.02,1.19110082639717e-25,"Tbk1-201",1.19110082639717e-25,"Up"
1.63599232526215e-30,2.70857131880557,0.536,0.045,1.25732554165697e-25,"Pdxdc1-201",1.25732554165697e-25,"Up"
1.68994579658946e-30,1.8503674341821,0.528,0.04,1.29879094251087e-25,"Mapk14-202",1.29879094251087e-25,"Up"
1.75266411345943e-30,1.32296659412304,0.585,0.061,1.34699247775811e-25,"Apc-203",1.34699247775811e-25,"Up"
1.79595510981315e-30,2.43412470082599,0.623,0.101,1.3802633400958e-25,"Afdn-216",1.3802633400958e-25,"Up"
1.85542019607263e-30,2.2571651828467,0.543,0.049,1.42596463748966e-25,"Ncor1-201",1.42596463748966e-25,"Up"
1.89160789378065e-30,1.94517337297389,0.54,0.045,1.45377633068618e-25,"Hivep2-201",1.45377633068618e-25,"Up"
1.90071495742028e-30,1.27780758276601,0.668,0.105,1.46077547337579e-25,"Setd2-201",1.46077547337579e-25,"Up"
1.9109910499192e-30,1.85699607959976,0.532,0.04,1.4686730615049e-25,"Kpna4-201",1.4686730615049e-25,"Up"
2.01197086189492e-30,2.73987906845632,0.498,0.028,1.54628008620072e-25,"Arid1b-207",1.54628008620072e-25,"Up"
2.04775779147858e-30,2.1845584439071,0.498,0.028,1.57378377306295e-25,"Phip-201",1.57378377306295e-25,"Up"
2.04836559741876e-30,1.04396371072681,0.758,0.15,1.57425089624021e-25,"Kif5b-201",1.57425089624021e-25,"Up"
2.0849003902315e-30,2.20425778169845,0.479,0.02,1.60232934590852e-25,"Tnks2-201",1.60232934590852e-25,"Up"
2.09009992202129e-30,2.89425003786542,0.487,0.024,1.60632539407024e-25,"Igfbp7-201",1.60632539407024e-25,"Up"
2.15895335302925e-30,2.22833561549039,0.498,0.028,1.6592420099371e-25,"Ccnl2-205",1.6592420099371e-25,"Up"
2.23385935312841e-30,1.88187632993493,0.642,0.097,1.71681026725331e-25,"Serping1-201",1.71681026725331e-25,"Up"
2.25214757448146e-30,1.03498956895203,0.623,0.081,1.73086549689198e-25,"Vmp1-201",1.73086549689198e-25,"Up"
2.50966479261903e-30,1.0678395264858,0.623,0.085,1.92877777971943e-25,"Rb1cc1-201",1.92877777971943e-25,"Up"
2.57228221915386e-30,1.42551827705711,0.562,0.053,1.97690177670851e-25,"Slc39a6-201",1.97690177670851e-25,"Up"
2.58094637021672e-30,1.77738828389167,0.619,0.089,1.98356052336636e-25,"Crk-201",1.98356052336636e-25,"Up"
2.6182565980984e-30,4.12981612821755,0.445,0.008,2.01223492590255e-25,"Lrp5-201",2.01223492590255e-25,"Up"
2.65999970492539e-30,1.71414509868149,0.675,0.113,2.04431617322336e-25,"Pafah1b1-201",2.04431617322336e-25,"Up"
2.6657174269002e-30,1.86346778641391,0.679,0.134,2.04871047126988e-25,"Nisch-201",2.04871047126988e-25,"Up"
2.7073728329862e-30,1.84072812184993,0.517,0.036,2.08072431706322e-25,"Baz2a-201",2.08072431706322e-25,"Up"
2.87662334482069e-30,1.42946928917567,0.653,0.097,2.21080010542849e-25,"Tmem59-201",2.21080010542849e-25,"Up"
2.90362241504747e-30,6.22519758918946,0.423,0,2.23154997086058e-25,"Prl8a8-202",2.23154997086058e-25,"Up"
2.95892677531839e-30,1.62681822953909,0.611,0.077,2.27405358390319e-25,"Furin-202",2.27405358390319e-25,"Up"
3.00195828377058e-30,1.78814540392414,0.509,0.032,2.30712501940904e-25,"Cyfip1-203",2.30712501940904e-25,"Up"
3.07759538686832e-30,2.22298140887617,0.574,0.065,2.36525515862378e-25,"Trrap-201",2.36525515862378e-25,"Up"
3.18462403262194e-30,1.06743123199128,0.638,0.085,2.44751095403126e-25,"Irs2-201",2.44751095403126e-25,"Up"
3.33017850711337e-30,1.97178460247293,0.513,0.036,2.55937538985691e-25,"Serpinb1a-201",2.55937538985691e-25,"Up"
3.33017850711337e-30,2.62090820232686,0.513,0.036,2.55937538985691e-25,"Numbl-201",2.55937538985691e-25,"Up"
3.43829149659386e-30,2.78354517813036,0.487,0.024,2.64246454679224e-25,"Abca1-201",2.64246454679224e-25,"Up"
3.46006411728406e-30,1.12347891355351,0.604,0.073,2.65919767669749e-25,"Ptms-201",2.65919767669749e-25,"Up"
3.63275349227004e-30,1.28827778442718,0.566,0.057,2.79191636894922e-25,"Ubr2-202",2.79191636894922e-25,"Up"
3.86291779653068e-30,2.51775103270314,0.502,0.032,2.96880684334569e-25,"Mtmr3-203",2.96880684334569e-25,"Up"
3.88260230222059e-30,1.27774062734153,0.536,0.045,2.98393517334861e-25,"Tmem123-201",2.98393517334861e-25,"Up"
3.8898248003662e-30,1.45163192492074,0.698,0.126,2.98948595207344e-25,"Rab11fip1-202",2.98948595207344e-25,"Up"
4.17105931302449e-30,1.43465552614936,0.619,0.085,3.20562592443184e-25,"Gpi1-201",3.20562592443184e-25,"Up"
4.26108383293343e-30,2.91755445909168,0.464,0.016,3.27481336896266e-25,"Oas3-201",3.27481336896266e-25,"Up"
4.67077288811968e-30,1.95891892511279,0.683,0.13,3.5896757954355e-25,"Tcim-201",3.5896757954355e-25,"Up"
4.78367241313308e-30,3.71541871190136,0.453,0.012,3.6764435963893e-25,"Mst1r-204",3.6764435963893e-25,"Up"
4.78618693565414e-30,2.6470532643864,0.475,0.02,3.67837610752763e-25,"Ptk2b-201",3.67837610752763e-25,"Up"
4.93155867508376e-30,2.50523725034209,0.494,0.028,3.79010010414888e-25,"Gapvd1-201",3.79010010414888e-25,"Up"
4.97504316406585e-30,2.21256480056485,0.494,0.028,3.82351967331116e-25,"Dapk1-207",3.82351967331116e-25,"Up"
5.22559835539069e-30,1.37076397639599,0.634,0.089,4.01608136005196e-25,"Mcl1-201",4.01608136005196e-25,"Up"
5.23501656132987e-30,1.37711983779867,0.558,0.053,4.02331962804446e-25,"Nek7-202",4.02331962804446e-25,"Up"
5.61344787521436e-30,2.50545584736844,0.483,0.024,4.31415923001724e-25,"St14-201",4.31415923001724e-25,"Up"
5.91019741628667e-30,2.32269375819995,0.472,0.02,4.54222312231296e-25,"Crebrf-201",4.54222312231296e-25,"Up"
6.0682891726215e-30,2.32404502225148,0.536,0.049,4.66372296072653e-25,"Tacc2-203",4.66372296072653e-25,"Up"
6.98125794990304e-30,2.25101982974234,0.551,0.057,5.36537598481848e-25,"Tns3-202",5.36537598481848e-25,"Up"
7.25894299221234e-30,2.14208036603219,0.796,0.219,5.57878804723487e-25,"Ano1-203",5.57878804723487e-25,"Up"
7.68037593491655e-30,1.75653980761131,0.642,0.105,5.90267612102076e-25,"Arid5b-204",5.90267612102076e-25,"Up"
7.76344205678444e-30,3.65445303112696,0.449,0.012,5.96651575832111e-25,"Col6a3-208",5.96651575832111e-25,"Up"
8.52511555796327e-30,2.47533580261743,0.521,0.04,6.55189231091709e-25,"Triobp-201",6.55189231091709e-25,"Up"
8.8991649039146e-30,1.8070993872247,0.513,0.036,6.83936419525453e-25,"Golga5-201",6.83936419525453e-25,"Up"
1.08518568361227e-29,1.68434094371981,0.472,0.02,8.34008605283377e-25,"Slc25a51-202",8.34008605283377e-25,"Up"
1.09226093576257e-29,1.66985536992291,0.54,0.049,8.39446219570964e-25,"Edem2-201",8.39446219570964e-25,"Up"
1.1086747444959e-29,1.66031859869622,0.46,0.016,8.52060888134875e-25,"Arhgap28-201",8.52060888134875e-25,"Up"
1.11035497609827e-29,1.74021187221897,0.521,0.04,8.53352213330566e-25,"Mapk1ip1l-201",8.53352213330566e-25,"Up"
1.13102561676093e-29,2.75945983118965,0.479,0.024,8.69238427505447e-25,"Schip1-206",8.69238427505447e-25,"Up"
1.13300428592398e-29,1.10669012705431,0.555,0.057,8.70759113904014e-25,"Zfp655-202",8.70759113904014e-25,"Up"
1.15471191573674e-29,1.67646800586161,0.596,0.077,8.87442295720313e-25,"Pgk1-201",8.87442295720313e-25,"Up"
1.16990337898928e-29,2.06916526018591,0.898,0.482,8.9911754288842e-25,"Mucl3-201",8.9911754288842e-25,"Up"
1.1721674996598e-29,1.49812344033081,0.517,0.04,9.0085761018854e-25,"Abr-213",9.0085761018854e-25,"Up"
1.22007625591875e-29,3.73139027312137,0.438,0.008,9.37677405723798e-25,"Sec24c-201",9.37677405723798e-25,"Up"
1.24824357545839e-29,2.63248710645578,0.449,0.012,9.59325117482793e-25,"Slc17a5-201",9.59325117482793e-25,"Up"
1.32634748698886e-29,3.64622177237627,0.468,0.02,1.01935109765042e-24,"Cic-212",1.01935109765042e-24,"Up"
1.38456730079219e-29,1.4798386212716,0.687,0.121,1.06409535335083e-24,"Rnf10-202",1.06409535335083e-24,"Up"
1.43936422060481e-29,1.80683761012272,0.498,0.032,1.10620897810362e-24,"Trf-201",1.10620897810362e-24,"Up"
1.49637486522582e-29,1.62477461039119,0.532,0.045,1.15002393892065e-24,"Dyrk2-201",1.15002393892065e-24,"Up"
1.50201556224833e-29,1.05709219456054,0.608,0.077,1.15435904021033e-24,"Prpf8-201",1.15435904021033e-24,"Up"
1.75110311824476e-29,1.79987031573376,0.509,0.04,1.34579279049583e-24,"Edem3-201",1.34579279049583e-24,"Up"
1.79099789007555e-29,1.51655756257111,0.555,0.061,1.37645351843866e-24,"Ptbp3-212",1.37645351843866e-24,"Up"
1.79275229544966e-29,1.6593363272996,0.845,0.296,1.37780184914488e-24,"Atp1b1-201",1.37780184914488e-24,"Up"
1.8282283242291e-29,3.73504318003114,0.445,0.012,1.40506659630303e-24,"Zbtb44-201",1.40506659630303e-24,"Up"
1.89461267795907e-29,1.49193295409047,0.468,0.02,1.45608562751866e-24,"Avl9-201",1.45608562751866e-24,"Up"
2.00016502651438e-29,1.31834105919751,0.664,0.105,1.53720682947736e-24,"Foxo1-201",1.53720682947736e-24,"Up"
2.01170446031948e-29,2.30432655196435,0.487,0.028,1.54607534593393e-24,"Csnk2a1-201",1.54607534593393e-24,"Up"
2.04273868015198e-29,2.44556340243186,0.513,0.04,1.569926385244e-24,"Myadm-202",1.569926385244e-24,"Up"
2.09335123213921e-29,1.81131687881126,0.525,0.045,1.60882415594827e-24,"Numbl-205",1.60882415594827e-24,"Up"
2.11821477866075e-29,1.25961387609935,0.698,0.126,1.62793278599193e-24,"Msn-201",1.62793278599193e-24,"Up"
2.22367107150342e-29,1.67419624009449,0.468,0.02,1.70898016529324e-24,"Slc25a51-201",1.70898016529324e-24,"Up"
2.29136468757602e-29,-6.40073190154435,0.049,0.466,1.76100541698967e-24,"Hsd3b6-201",1.76100541698967e-24,"Down"
2.33811940364744e-29,1.62758987711124,0.766,0.231,1.7969382864792e-24,"Phldb2-201",1.7969382864792e-24,"Up"
2.34754217891634e-29,3.63675006611092,0.434,0.008,1.80418006618436e-24,"Unc5b-201",1.80418006618436e-24,"Up"
2.48200544553695e-29,2.4649393426216,0.475,0.024,1.90752046511297e-24,"Slmap-203",1.90752046511297e-24,"Up"
2.4821466855983e-29,1.28337106231278,0.619,0.093,1.90762901374972e-24,"Gtf2a1-201",1.90762901374972e-24,"Up"
2.52612431066587e-29,2.21741320460178,0.475,0.024,1.94142757771915e-24,"Bcr-201",1.94142757771915e-24,"Up"
2.53268699974298e-29,1.23690175559045,0.509,0.036,1.94647126678247e-24,"Sh3pxd2b-201",1.94647126678247e-24,"Up"
2.53959061273474e-29,1.04557788780099,0.608,0.077,1.95177696951116e-24,"Sash1-201",1.95177696951116e-24,"Up"
2.57972600497914e-29,1.72039858192665,0.615,0.085,1.98262262386667e-24,"Mycbp2-201",1.98262262386667e-24,"Up"
2.59109642853883e-29,1.62571683777498,0.562,0.061,1.99136124918923e-24,"Spen-202",1.99136124918923e-24,"Up"
2.78439853790277e-29,1.62366157900582,0.555,0.057,2.1399216523198e-24,"Kdm5c-203",2.1399216523198e-24,"Up"
2.92960980131999e-29,1.00385019826411,0.608,0.077,2.25152231670647e-24,"Btg2-201",2.25152231670647e-24,"Up"
3.00156303192292e-29,1.27695535076947,0.634,0.093,2.30682125255404e-24,"Ppp1r15b-201",2.30682125255404e-24,"Up"
3.10226657712879e-29,1.25493355122204,0.54,0.049,2.38421595518656e-24,"Dusp11-201",2.38421595518656e-24,"Up"
3.34680123139858e-29,1.30419424515982,0.596,0.085,2.57215061837907e-24,"Gatad2b-205",2.57215061837907e-24,"Up"
3.3575916374462e-29,2.19936303890783,0.506,0.036,2.5804434770429e-24,"Oasl2-201",2.5804434770429e-24,"Up"
3.44882061108044e-29,3.54850413548357,0.442,0.012,2.65055659243976e-24,"Ralgapb-201",2.65055659243976e-24,"Up"
3.5482227314092e-29,2.48071032663282,0.494,0.036,2.72695109799723e-24,"Cers2-201",2.72695109799723e-24,"Up"
3.67386023176614e-29,2.41788906674895,0.491,0.032,2.82350854252155e-24,"ENSMUST00000249884.1",2.82350854252155e-24,"Up"
3.7103144376352e-29,2.19469909144419,0.589,0.085,2.85152505790016e-24,"Sptan1-202",2.85152505790016e-24,"Up"
3.80496594455592e-29,1.82399164908448,0.525,0.045,2.92426852702901e-24,"Smurf1-203",2.92426852702901e-24,"Up"
3.81257568983591e-29,1.72295865154096,0.532,0.049,2.93011692066649e-24,"Zfp644-204",2.93011692066649e-24,"Up"
4.0061383241569e-29,1.40080886781484,0.604,0.081,3.07887754764755e-24,"Ankfy1-206",3.07887754764755e-24,"Up"
4.0468629289419e-29,1.44566321155271,0.642,0.105,3.110176035409e-24,"Hipk3-201",3.110176035409e-24,"Up"
4.16912957916947e-29,-2.78338788901223,0.6,0.753,3.2041428467749e-24,"Hnrnpab-203",3.2041428467749e-24,"Down"
4.17992321210501e-29,1.06174740104883,0.487,0.028,3.21243818543118e-24,"Foxj2-201",3.21243818543118e-24,"Up"
4.21653338225096e-29,2.2382899283262,0.517,0.045,3.24057456559515e-24,"Pmp22-201",3.24057456559515e-24,"Up"
4.28175247312141e-29,1.90157148839512,0.483,0.028,3.29069804569273e-24,"Acvr1-204",3.29069804569273e-24,"Up"
4.40759123543407e-29,1.57318368896373,0.879,0.421,3.3874101680805e-24,"Gpx3-201",3.3874101680805e-24,"Up"
4.41206075076318e-29,2.49210245265534,0.502,0.04,3.39084516939153e-24,"Rusc2-201",3.39084516939153e-24,"Up"
4.45194399627862e-29,2.84223702994498,0.479,0.028,3.42149703889997e-24,"Setd5-201",3.42149703889997e-24,"Up"
4.50565868968707e-29,3.60062311287517,0.43,0.008,3.4627789293721e-24,"Kitl-202",3.4627789293721e-24,"Up"
4.70457421605865e-29,1.94171584912122,0.517,0.045,3.61565346800972e-24,"Cacnb3-201",3.61565346800972e-24,"Up"
5.00827132337404e-29,1.77864654902221,0.502,0.036,3.84905684286588e-24,"Baz2a-209",3.84905684286588e-24,"Up"
5.23174993757141e-29,1.52724033733588,0.506,0.036,4.02080909702113e-24,"Sertad2-203",4.02080909702113e-24,"Up"
5.23827161505541e-29,2.35745017152224,0.442,0.012,4.02582126703469e-24,"Zim1-201",4.02582126703469e-24,"Up"
5.38383364935682e-29,1.34589691024083,0.6,0.081,4.13769151287669e-24,"Plekhh1-201",4.13769151287669e-24,"Up"
5.45103294852806e-29,3.86297757069664,0.419,0.004,4.18933686226175e-24,"AU040320-201",4.18933686226175e-24,"Up"
5.45103294852806e-29,2.58751453726696,0.419,0.004,4.18933686226175e-24,"Fam102a-201",4.18933686226175e-24,"Up"
5.47979781077493e-29,1.50629512247187,0.804,0.279,4.21144380949296e-24,"Ctnna1-201",4.21144380949296e-24,"Up"
5.48186927593221e-29,1.41603732069487,0.736,0.166,4.21303581332494e-24,"Akap13-205",4.21303581332494e-24,"Up"
5.54916249672519e-29,1.76773870948676,0.562,0.065,4.26475334523318e-24,"Sbno1-216",4.26475334523318e-24,"Up"
5.69000820362227e-29,1.02339589126473,0.525,0.045,4.37299890481186e-24,"Tut7-207",4.37299890481186e-24,"Up"
6.02326684115013e-29,1.20645051671838,0.551,0.057,4.62912149809752e-24,"Yme1l1-201",4.62912149809752e-24,"Up"
6.38568923539318e-29,2.03984981022227,0.483,0.028,4.90765760496907e-24,"Kdm3a-202",4.90765760496907e-24,"Up"
6.69021465801157e-29,1.12743291120943,0.555,0.057,5.14169757326821e-24,"Susd6-201",5.14169757326821e-24,"Up"
6.98420153566444e-29,2.07967593836049,0.502,0.036,5.36763824821955e-24,"Ctnnd2-203",5.36763824821955e-24,"Up"
7.01207304366503e-29,1.40248541410211,0.675,0.13,5.38905861697833e-24,"Eno1-202",5.38905861697833e-24,"Up"
7.04739038789683e-29,5.00664724392919,0.426,0.008,5.41620140871423e-24,"Trp53inp1-201",5.41620140871423e-24,"Up"
7.06329400622855e-29,2.40471026214572,0.472,0.024,5.42842397554689e-24,"Kdm3a-201",5.42842397554689e-24,"Up"
7.22003536564841e-29,1.01327343545443,0.615,0.085,5.54888597991543e-24,"Kcnk1-201",5.54888597991543e-24,"Up"
7.23745052526539e-29,3.31742524712583,0.438,0.012,5.56227022668746e-24,"Limk2-201",5.56227022668746e-24,"Up"
7.29038220750528e-29,2.05526320466817,0.46,0.02,5.60295034175611e-24,"Xpo1-202",5.60295034175611e-24,"Up"
7.43721334419376e-29,3.80546059865493,0.438,0.012,5.71579594354667e-24,"Npnt-202",5.71579594354667e-24,"Up"
7.52379443628667e-29,1.21141654994383,0.66,0.113,5.78233697606376e-24,"Sec31a-201",5.78233697606376e-24,"Up"
7.5521021744765e-29,2.43847980313332,0.509,0.04,5.80409260517217e-24,"Kank2-201",5.80409260517217e-24,"Up"
7.56849728171687e-29,1.33089035648158,0.668,0.117,5.81669290089068e-24,"Gcnt1-203",5.81669290089068e-24,"Up"
7.64270958750761e-29,2.36740900212076,0.472,0.024,5.8737280263831e-24,"N4bp1-201",5.8737280263831e-24,"Up"
8.14674062644367e-29,1.68467392192741,0.54,0.053,6.26109604104702e-24,"Herc2-201",6.26109604104702e-24,"Up"
8.23280728097232e-29,2.16866944023982,0.54,0.061,6.32724170771847e-24,"Tmbim1-202",6.32724170771847e-24,"Up"
8.27671847642917e-29,1.54502907652107,0.626,0.097,6.36098921787488e-24,"Ncor2-206",6.36098921787488e-24,"Up"
8.35055100792876e-29,1.77718413479587,0.54,0.053,6.41773247163357e-24,"Pde4dip-202",6.41773247163357e-24,"Up"
8.97632464349366e-29,1.79938145499688,0.46,0.02,6.89866454151062e-24,"Tmem184b-201",6.89866454151062e-24,"Up"
9.09625612769695e-29,1.57541064341651,0.46,0.02,6.99083668438021e-24,"Marchf6-201",6.99083668438021e-24,"Up"
9.19580938569833e-29,3.12438881342537,0.475,0.028,7.06734734528459e-24,"Igsf1-201",7.06734734528459e-24,"Up"
9.24766245794385e-29,1.58312101322333,0.502,0.036,7.10719850542817e-24,"Dgka-201",7.10719850542817e-24,"Up"
9.3944963480683e-29,2.11590003990252,0.491,0.032,7.22004622334441e-24,"Dyrk1a-202",7.22004622334441e-24,"Up"
9.45798865747719e-29,1.3957307637506,0.766,0.186,7.26884260281752e-24,"Golgb1-203",7.26884260281752e-24,"Up"
9.53399966515084e-29,1.05255056544544,0.589,0.073,7.32726010265503e-24,"Slc25a24-201",7.32726010265503e-24,"Up"
1.00044381546761e-28,2.32720610148306,0.449,0.016,7.68881089939479e-24,"4833439L19Rik-201",7.68881089939479e-24,"Up"
1.00044381546761e-28,2.33735228773394,0.449,0.016,7.68881089939479e-24,"Pip5k1a-205",7.68881089939479e-24,"Up"
1.01691905196539e-28,1.86306976379852,0.479,0.028,7.8154296819748e-24,"Ppt1-201",7.8154296819748e-24,"Up"
1.01849683976659e-28,2.582899246438,0.449,0.016,7.82755561234218e-24,"Selenon-201",7.82755561234218e-24,"Up"
1.0411967488023e-28,1.33084941717255,0.574,0.069,8.00201349324516e-24,"Spint2-202",8.00201349324516e-24,"Up"
1.0530458123003e-28,1.09357351581258,0.589,0.077,8.09307828585274e-24,"Ero1a-201",8.09307828585274e-24,"Up"
1.05556252112928e-28,3.38247705285992,0.426,0.008,8.11242019988696e-24,"Arhgap42-201",8.11242019988696e-24,"Up"
1.05605176123506e-28,7.57101383778006,0.404,0,8.1161802057959e-24,"Cts6-201",8.1161802057959e-24,"Up"
1.06863698052829e-28,2.53179432516145,0.438,0.012,8.21290265015215e-24,"Specc1l-204",8.21290265015215e-24,"Up"
1.07194907943632e-28,4.32453097312043,0.415,0.004,8.2383574550999e-24,"Sos2-201",8.2383574550999e-24,"Up"
1.07835047569025e-28,2.65116732132319,0.438,0.012,8.28755474586983e-24,"Ccdc68-201",8.28755474586983e-24,"Up"
1.08579686233678e-28,1.48757357074221,0.502,0.04,8.34478320580308e-24,"Tmcc3-201",8.34478320580308e-24,"Up"
1.0899074205128e-28,2.07967553253329,0.479,0.028,8.37637448960909e-24,"Yes1-201",8.37637448960909e-24,"Up"
1.16312842296948e-28,1.88751466046337,0.468,0.024,8.93910718188966e-24,"Slc22a23-201",8.93910718188966e-24,"Up"
1.19076891502302e-28,1.9829847971736,0.604,0.089,9.15153541951793e-24,"Pum1-201",9.15153541951793e-24,"Up"
1.23263361520592e-28,1.42911063169659,0.577,0.069,9.47328238630354e-24,"Gcnt3-201",9.47328238630354e-24,"Up"
1.2718382520495e-28,1.90872950633517,0.562,0.081,9.77458570230126e-24,"Ctnnd1-223",9.77458570230126e-24,"Up"
1.43286785250381e-28,1.04016641138599,0.558,0.061,1.10121625936328e-23,"Rbms1-201",1.10121625936328e-23,"Up"
1.48821576008404e-28,1.95460394117525,0.445,0.016,1.14375334025499e-23,"Atad1-203",1.14375334025499e-23,"Up"
1.50076685266494e-28,3.80949702928377,0.434,0.012,1.15339935694712e-23,"Luzp1-207",1.15339935694712e-23,"Up"
1.520582650822e-28,1.70306852583365,0.555,0.061,1.16862859046274e-23,"Nbr1-202",1.16862859046274e-23,"Up"
1.56137937574601e-28,2.58192596039789,0.475,0.028,1.19998250543584e-23,"Gapvd1-203",1.19998250543584e-23,"Up"
1.60025118260992e-28,1.24362177930298,0.736,0.162,1.22985704388303e-23,"Ndel1-201",1.22985704388303e-23,"Up"
1.61755589744345e-28,4.0270683504,0.423,0.008,1.24315640942119e-23,"Fbxo38-201",1.24315640942119e-23,"Up"
1.632451054029e-28,4.02535477598143,0.423,0.008,1.25460393306345e-23,"Adam15-202",1.25460393306345e-23,"Up"
1.64247714801476e-28,1.06240056153574,0.551,0.057,1.26230938733526e-23,"Mvp-201",1.26230938733526e-23,"Up"
1.70214586466737e-28,2.258602195498,0.491,0.036,1.30816718283146e-23,"Srebf2-201",1.30816718283146e-23,"Up"
1.79537244254601e-28,2.12812594889781,0.445,0.016,1.37981553699431e-23,"C1galt1-201",1.37981553699431e-23,"Up"
1.82898589981741e-28,1.80813599872322,0.574,0.073,1.40564882344568e-23,"Mau2-201",1.40564882344568e-23,"Up"
1.88064805645659e-28,2.30097890568271,0.562,0.085,1.44535325730915e-23,"Ldlr-201",1.44535325730915e-23,"Up"
1.89287563411178e-28,1.64789468696389,0.562,0.065,1.45475063984027e-23,"Dlg5-203",1.45475063984027e-23,"Up"
1.95892438519051e-28,-2.80754678152849,0.577,0.745,1.50551174699432e-23,"Hnrnpab-202",1.50551174699432e-23,"Down"
1.9603621141334e-28,1.8414566386347,0.494,0.036,1.50661669919608e-23,"Sh3pxd2a-201",1.50661669919608e-23,"Up"
2.03672347817096e-28,1.17184713814246,0.755,0.162,1.56530346191351e-23,"Ppp1r10-201",1.56530346191351e-23,"Up"
2.08122384757607e-28,1.27966680509414,0.577,0.073,1.59950377581611e-23,"Myo9b-204",1.59950377581611e-23,"Up"
2.08945213531017e-28,2.53490123174424,0.445,0.016,1.60582754407128e-23,"Ugcg-201",1.60582754407128e-23,"Up"
2.10460600455931e-28,2.61735433144397,0.706,0.239,1.61747389874402e-23,"H2-K1-205",1.61747389874402e-23,"Up"
2.14205787555103e-28,1.57295949255171,0.487,0.032,1.64625715967599e-23,"Galnt1-206",1.64625715967599e-23,"Up"
2.15854698425208e-28,1.76079580621308,0.517,0.045,1.6589296992771e-23,"Cdk13-201",1.6589296992771e-23,"Up"
2.23158611638437e-28,1.50864652686767,0.517,0.045,1.71506319388604e-23,"Ccser2-202",1.71506319388604e-23,"Up"
2.36025045293287e-28,2.21587807007341,0.502,0.04,1.81394688309703e-23,"Rnf213-202",1.81394688309703e-23,"Up"
2.38970963510858e-28,2.25636861997081,0.453,0.02,1.83658744296635e-23,"Fbln2-201",1.83658744296635e-23,"Up"
2.43970861129176e-28,1.15763392291475,0.755,0.162,1.87501365612217e-23,"Ppp1r10-202",1.87501365612217e-23,"Up"
2.49022371691862e-28,2.2309451308695,0.475,0.028,1.91383653540063e-23,"Dyrk1a-201",1.91383653540063e-23,"Up"
2.49078780935809e-28,1.83456244376832,0.721,0.194,1.91427006300407e-23,"Csf1r-201",1.91427006300407e-23,"Up"
2.5024480679482e-28,1.41888012580262,0.683,0.126,1.92323143814091e-23,"Usp9x-201",1.92323143814091e-23,"Up"
2.55551825567544e-28,1.96837984283499,0.475,0.028,1.9640180002168e-23,"Capg-201",1.9640180002168e-23,"Up"
2.68739394406716e-28,2.48163188652735,0.494,0.04,2.06536974177338e-23,"Myof-202",2.06536974177338e-23,"Up"
2.71751987306983e-28,1.95220561769428,0.815,0.348,2.08852272324909e-23,"Pakap-205",2.08852272324909e-23,"Up"
2.81603332131869e-28,1.97690978373564,0.502,0.04,2.16423424876627e-23,"Arhgef11-201",2.16423424876627e-23,"Up"
2.83581414035165e-28,1.41383142300719,0.842,0.259,2.17943659942586e-23,"Fos-201",2.17943659942586e-23,"Up"
2.88021560102277e-28,1.1174179368607,0.547,0.057,2.21356089801004e-23,"Vcpip1-201",2.21356089801004e-23,"Up"
2.88806304993284e-28,1.29329478213762,0.487,0.032,2.21959197639538e-23,"Slc39a1-201",2.21959197639538e-23,"Up"
2.89182639514204e-28,1.24221295336922,0.483,0.032,2.22248425772246e-23,"Atf7ip-201",2.22248425772246e-23,"Up"
2.89776598528856e-28,2.16714432303574,0.506,0.045,2.22704907033367e-23,"Clip1-204",2.22704907033367e-23,"Up"
3.0239376488485e-28,1.40242746977057,0.581,0.081,2.32401704064603e-23,"Ip6k1-201",2.32401704064603e-23,"Up"
3.06853461354703e-28,2.93823724121882,0.74,0.215,2.35829159189544e-23,"Tfpi-206",2.35829159189544e-23,"Up"
3.32110310918283e-28,1.51716600791486,0.713,0.154,2.55240058353138e-23,"Klf3-201",2.55240058353138e-23,"Up"
3.37087528147504e-28,1.45562019061275,0.558,0.069,2.59065248882482e-23,"Cnot1-202",2.59065248882482e-23,"Up"
3.45694437338035e-28,1.57593032136864,0.532,0.053,2.65680002871773e-23,"Zfp148-202",2.65680002871773e-23,"Up"
3.58564194639848e-28,1.47070542207979,0.551,0.061,2.75570926148509e-23,"Nup153-201",2.75570926148509e-23,"Up"
3.59350181952198e-28,1.36711144828048,0.562,0.065,2.76174988837542e-23,"Golga3-202",2.76174988837542e-23,"Up"
3.6965509236155e-28,1.75916310896212,0.453,0.02,2.84094724683546e-23,"Tmem184b-202",2.84094724683546e-23,"Up"
3.71286419227398e-28,1.5659212451457,0.453,0.02,2.85348464633024e-23,"Adprh-201",2.85348464633024e-23,"Up"
3.75059316235258e-28,2.82863397555665,0.43,0.012,2.88248086899445e-23,"Atosa-202",2.88248086899445e-23,"Up"
3.85341108465105e-28,2.20658578348292,0.43,0.012,2.96150055499772e-23,"Rhou-201",2.96150055499772e-23,"Up"
3.88848169666002e-28,1.65969755266678,0.528,0.053,2.98845372315109e-23,"Tnks1bp1-202",2.98845372315109e-23,"Up"
3.94862549322289e-28,1.2871493962956,0.453,0.02,3.03467663656152e-23,"Inppl1-202",3.03467663656152e-23,"Up"
4.6190173051459e-28,1.91543991641663,0.498,0.04,3.54989955969683e-23,"Frmd4a-201",3.54989955969683e-23,"Up"
4.93193024952428e-28,2.21951306097017,0.487,0.036,3.79038567396939e-23,"Ppp6r3-201",3.79038567396939e-23,"Up"
4.94299732091272e-28,1.60590770664139,0.521,0.049,3.79889116101426e-23,"Kdm5c-202",3.79889116101426e-23,"Up"
5.02500072027508e-28,1.3014092305311,0.521,0.049,3.86191405356021e-23,"Frmpd1-201",3.86191405356021e-23,"Up"
5.11119934618896e-28,1.69787098888125,0.634,0.109,3.92816114552006e-23,"Prkcd-207",3.92816114552006e-23,"Up"
5.13531891870547e-28,1.39788661413918,0.604,0.089,3.9466980017819e-23,"Tgfbr2-201",3.9466980017819e-23,"Up"
5.16321986435162e-28,1.90232361874756,0.679,0.162,3.9681409945488e-23,"Sptbn1-201",3.9681409945488e-23,"Up"
5.23365352786956e-28,2.41592186621778,0.449,0.02,4.02227208230888e-23,"Fnip2-203",4.02227208230888e-23,"Up"
5.42550585256092e-28,1.50265235279131,0.558,0.065,4.16971826792717e-23,"Ctdsp2-202",4.16971826792717e-23,"Up"
5.46899638649601e-28,1.44267447579051,0.449,0.02,4.20314248287765e-23,"Ralgapb-203",4.20314248287765e-23,"Up"
5.481928685876e-28,1.26488149131981,0.483,0.032,4.21308147224314e-23,"Cul3-201",4.21308147224314e-23,"Up"
5.5606403743636e-28,-3.78109941579407,0.63,0.733,4.2735745533134e-23,"Set-201",4.2735745533134e-23,"Down"
6.00753009040162e-28,2.69362411418409,0.426,0.012,4.61702717567726e-23,"Rin2-202",4.61702717567726e-23,"Up"
6.06992016116463e-28,1.45974480652309,0.517,0.049,4.66497644066146e-23,"Eea1-201",4.66497644066146e-23,"Up"
6.12083773410837e-28,1.10152641200685,0.521,0.049,4.70410863217165e-23,"Mier1-205",4.70410863217165e-23,"Up"
6.19551747603609e-28,1.53581731971378,0.551,0.065,4.76150300103278e-23,"Myo1c-203",4.76150300103278e-23,"Up"
6.19551747603609e-28,1.31292498474087,0.551,0.065,4.76150300103278e-23,"Osbpl9-201",4.76150300103278e-23,"Up"
6.2896970010126e-28,1.67640636676387,0.672,0.134,4.83388373315822e-23,"Mical3-216",4.83388373315822e-23,"Up"
6.39046543334869e-28,1.64225492555158,0.438,0.016,4.9113283041458e-23,"Lzts2-201",4.9113283041458e-23,"Up"
6.45913377511101e-28,2.29954768301213,0.46,0.024,4.96410267152382e-23,"Togaram1-207",4.96410267152382e-23,"Up"
6.50351301716372e-28,1.85306388400276,0.479,0.032,4.998209894211e-23,"Triobp-204",4.998209894211e-23,"Up"
6.67200721210273e-28,1.32686773043225,0.898,0.421,5.12770442278943e-23,"Aff4-201",5.12770442278943e-23,"Up"
6.72253484966143e-28,1.63424389370921,0.672,0.134,5.1665369333588e-23,"Mical3-221",5.1665369333588e-23,"Up"
6.72253484966143e-28,1.63424389370921,0.672,0.134,5.1665369333588e-23,"Mical3-223",5.1665369333588e-23,"Up"
6.84290169788672e-28,2.99004256268791,0.457,0.024,5.25904367089386e-23,"Erc1-201",5.25904367089386e-23,"Up"
6.86632650710692e-28,1.36530150754,0.521,0.049,5.27704657377195e-23,"Tanc1-203",5.27704657377195e-23,"Up"
6.90287231310402e-28,4.27541414137347,0.415,0.008,5.30513348751296e-23,"Dock9-202",5.30513348751296e-23,"Up"
6.9158159144245e-28,1.20574097265328,0.574,0.073,5.31508116287181e-23,"Pld3-202",5.31508116287181e-23,"Up"
7.12848620542198e-28,3.28436885744278,0.426,0.012,5.47852678831501e-23,"Def8-205",5.47852678831501e-23,"Up"
7.23724585318011e-28,1.80962251468862,0.623,0.101,5.56211292800304e-23,"Pafah1b1-205",5.56211292800304e-23,"Up"
7.24441503739392e-28,1.83527107160588,0.449,0.02,5.56762273283872e-23,"Rin3-201",5.56762273283872e-23,"Up"
7.5035763720134e-28,1.50442387875576,0.615,0.097,5.76679858494718e-23,"Ncor2-203",5.76679858494718e-23,"Up"
7.60762153940966e-28,1.17617187496693,0.521,0.049,5.8467614578979e-23,"Pfkl-201",5.8467614578979e-23,"Up"
7.74989614886863e-28,1.32423723192789,0.491,0.036,5.9561051862515e-23,"Itch-201",5.9561051862515e-23,"Up"
7.7714827827175e-28,4.139769441002,0.415,0.008,5.97269537782971e-23,"Sbf2-201",5.97269537782971e-23,"Up"
7.97827944759815e-28,1.25207253403931,0.449,0.02,6.13162688665708e-23,"Inppl1-201",6.13162688665708e-23,"Up"
8.02262380131192e-28,1.7147603905233,0.468,0.028,6.16570729626026e-23,"Tet3-202",6.16570729626026e-23,"Up"
8.03637347092702e-28,1.54080212059879,0.475,0.032,6.17627446734625e-23,"Taok3-203",6.17627446734625e-23,"Up"
8.05090662859201e-28,2.39393114749413,0.438,0.016,6.1874437803381e-23,"Elf1-202",6.1874437803381e-23,"Up"
8.10201473071005e-28,4.39035871120807,0.404,0.004,6.2267224011399e-23,"Ddr1-203",6.2267224011399e-23,"Up"
8.10201473071005e-28,4.39035871120807,0.404,0.004,6.2267224011399e-23,"Ddr1-212",6.2267224011399e-23,"Up"
8.10201473071005e-28,4.39035871120807,0.404,0.004,6.2267224011399e-23,"Ddr1-201",6.2267224011399e-23,"Up"
8.35902272173065e-28,3.50414622637715,0.415,0.008,6.42424332255888e-23,"Tmem87b-201",6.42424332255888e-23,"Up"
8.40227498619173e-28,3.20549028954463,0.445,0.02,6.45748441788779e-23,"Etv3-205",6.45748441788779e-23,"Up"
8.4094311476373e-28,1.95643423745553,0.506,0.045,6.46298421420517e-23,"Chst15-201",6.46298421420517e-23,"Up"
8.43549618728701e-28,2.21821578104035,0.415,0.008,6.48301623977756e-23,"Chd6-201",6.48301623977756e-23,"Up"
8.49761944069002e-28,1.19374531437875,0.521,0.049,6.53076044494791e-23,"Tanc1-201",6.53076044494791e-23,"Up"
8.5076985029871e-28,1.81222395818611,0.687,0.162,6.53850660748571e-23,"Sgms2-201",6.53850660748571e-23,"Up"
8.72328250119831e-28,5.00368207556476,0.404,0.004,6.70419153347095e-23,"Cubn-201",6.70419153347095e-23,"Up"
8.76339276744242e-28,2.06219829089361,0.506,0.049,6.7350178774902e-23,"Shisa5-201",6.7350178774902e-23,"Up"
8.83004797349655e-28,5.31436121816098,0.392,0,6.78624506955104e-23,"Itgb4-205",6.78624506955104e-23,"Up"
9.15418638619448e-28,1.23530676167586,0.664,0.121,7.0353584052459e-23,"Kansl1-204",7.0353584052459e-23,"Up"
9.38732412661535e-28,1.52881639332577,0.551,0.065,7.21453408426896e-23,"Syncrip-201",7.21453408426896e-23,"Up"
9.41897778835247e-28,1.61532644195063,0.426,0.012,7.23886118946041e-23,"Smcr8-201",7.23886118946041e-23,"Up"
9.5350171830997e-28,1.49391234809145,0.479,0.032,7.32804210589944e-23,"Stxbp2-207",7.32804210589944e-23,"Up"
9.59315827683946e-28,1.33991599003792,0.706,0.142,7.3727258620822e-23,"B4galt1-201",7.3727258620822e-23,"Up"
9.66211826109262e-28,2.25623287861819,0.472,0.032,7.42572436838012e-23,"Npepps-201",7.42572436838012e-23,"Up"
9.96105756211862e-28,1.11003468438736,0.547,0.061,7.65547117879065e-23,"Ilk-212",7.65547117879065e-23,"Up"
1.04633850091052e-27,1.32481262405603,0.823,0.235,8.04152991489769e-23,"Cep350-204",8.04152991489769e-23,"Up"
1.04740773156226e-27,1.98114830286483,0.457,0.024,8.04974738014858e-23,"Arhgap23-203",8.04974738014858e-23,"Up"
1.05442270321799e-27,1.68783769032989,0.487,0.036,8.10366024331153e-23,"Jak2-202",8.10366024331153e-23,"Up"
1.09507567422502e-27,2.34804333957356,0.464,0.028,8.41609458668893e-23,"Helz2-201",8.41609458668893e-23,"Up"
1.09601814357487e-27,1.55533356685817,0.894,0.636,8.42333784063029e-23,"Ccn2-201",8.42333784063029e-23,"Up"
1.15176246110486e-27,1.14838948565322,0.506,0.045,8.85175521857533e-23,"Ctsf-201",8.85175521857533e-23,"Up"
1.15825860856831e-27,1.61567410867299,0.498,0.04,8.90168071029085e-23,"Wee1-201",8.90168071029085e-23,"Up"
1.17475692558378e-27,1.42042121138124,0.509,0.045,9.02847687588155e-23,"Stk25-201",9.02847687588155e-23,"Up"
1.17557271281705e-27,2.85695303863325,0.472,0.032,9.03474652708413e-23,"Nbr1-203",9.03474652708413e-23,"Up"
1.20321710416913e-27,1.98086225010011,0.457,0.024,9.24720473238145e-23,"Psg-ps1-201",9.24720473238145e-23,"Up"
1.24157842802219e-27,1.41423777370323,0.525,0.053,9.54202685072175e-23,"Sipa1l1-202",9.54202685072175e-23,"Up"
1.25009450691426e-27,4.86439263472442,0.411,0.008,9.60747632343885e-23,"Trp53inp1-202",9.60747632343885e-23,"Up"
1.25587475519008e-27,1.58918299247497,0.796,0.267,9.65189984353787e-23,"Actn4-201",9.65189984353787e-23,"Up"
1.27298574918481e-27,1.90339932946623,0.483,0.036,9.78340467678496e-23,"Baz2a-202",9.78340467678496e-23,"Up"
1.28574895362266e-27,2.00942136994944,0.713,0.194,9.88149500817162e-23,"Csf1r-202",9.88149500817162e-23,"Up"
1.29409460025272e-27,1.3814380194493,0.475,0.032,9.94563464078226e-23,"Trf-203",9.94563464078226e-23,"Up"
1.32284686549285e-27,2.03978583082952,0.464,0.028,1.01666073000588e-22,"Irs1-201",1.01666073000588e-22,"Up"
1.3733191792265e-27,1.26446218176728,0.445,0.02,1.05545072200273e-22,"Fbxw11-201",1.05545072200273e-22,"Up"
1.38286636005476e-27,1.45028012789857,0.725,0.19,1.06278811235648e-22,"Nptn-201",1.06278811235648e-22,"Up"
1.41154240445491e-27,1.36550034858109,0.532,0.057,1.08482679951977e-22,"Gon4l-201",1.08482679951977e-22,"Up"
1.48822819000381e-27,1.80060019971942,0.487,0.036,1.14376289314553e-22,"Diaph1-201",1.14376289314553e-22,"Up"
1.49067528798933e-27,1.67959324395546,0.577,0.077,1.14564358583132e-22,"Pcdh1-202",1.14564358583132e-22,"Up"
1.49407140849442e-27,3.01020542860716,0.475,0.036,1.1482536402843e-22,"Plekha6-203",1.1482536402843e-22,"Up"
1.50256168866894e-27,1.2103983959443,0.634,0.105,1.15477876020963e-22,"Arfgap3-201",1.15477876020963e-22,"Up"
1.67676665706747e-27,2.3278906316607,0.494,0.045,1.28866224662263e-22,"Skil-201",1.28866224662263e-22,"Up"
1.68179158613083e-27,1.83658770236572,0.464,0.028,1.29252410560499e-22,"Sel1l3-201",1.29252410560499e-22,"Up"
1.70664514612374e-27,2.15362783900054,0.423,0.012,1.31162506060194e-22,"Map3k6-201",1.31162506060194e-22,"Up"
1.7089718235945e-27,2.03368028980856,0.483,0.036,1.31341320530532e-22,"Epha4-201",1.31341320530532e-22,"Up"
1.71204191099638e-27,1.65837559084951,0.475,0.032,1.31577269027716e-22,"Spin1-201",1.31577269027716e-22,"Up"
1.81083194590185e-27,4.59780256557521,0.4,0.004,1.39169678370341e-22,"Bmp8a-202",1.39169678370341e-22,"Up"
1.83158132572271e-27,3.74771962655974,0.411,0.008,1.40764351207093e-22,"Bmp8a-201",1.40764351207093e-22,"Up"
1.83262579073679e-27,2.64230964311929,0.453,0.024,1.40844622521286e-22,"Abcc5-202",1.40844622521286e-22,"Up"
1.83826868336945e-27,1.23228171203097,0.838,0.227,1.41278301391676e-22,"Arhgef5-201",1.41278301391676e-22,"Up"
1.86762390301704e-27,1.41858053543782,0.521,0.053,1.43534367442472e-22,"Rab3gap2-201",1.43534367442472e-22,"Up"
1.87662884787331e-27,2.13048637006388,0.472,0.032,1.44226433474455e-22,"Ggta1-205",1.44226433474455e-22,"Up"
1.87694611149264e-27,1.88821140104287,0.679,0.146,1.44250816452655e-22,"Zmiz1-208",1.44250816452655e-22,"Up"
1.92894993619622e-27,2.9272085785453,0.442,0.02,1.48247518396425e-22,"Fmn1-201",1.48247518396425e-22,"Up"
1.96191254559207e-27,2.1317685492621,0.517,0.053,1.50780826778933e-22,"Ocln-205",1.50780826778933e-22,"Up"
1.9757294931595e-27,1.36969873857097,0.513,0.049,1.51842714467281e-22,"Zbtb7a-201",1.51842714467281e-22,"Up"
2.04511286902701e-27,1.7456451610151,0.475,0.032,1.57175104436202e-22,"Aco2-201",1.57175104436202e-22,"Up"
2.05083458346327e-27,2.59397095507667,0.453,0.024,1.57614841077486e-22,"Dvl3-203",1.57614841077486e-22,"Up"
2.06248489146785e-27,1.39624330360754,0.475,0.032,1.5851021384887e-22,"Socs4-201",1.5851021384887e-22,"Up"
2.07879858964016e-27,2.84614131472564,0.438,0.02,1.59763986808205e-22,"Luc7l2-201",1.59763986808205e-22,"Up"
2.12302127776212e-27,1.1072836511129,0.453,0.024,1.6316267728113e-22,"Cd99l2-201",1.6316267728113e-22,"Up"
2.25292764148327e-27,2.28076241061558,0.46,0.028,1.73146500958555e-22,"Gtf3c1-201",1.73146500958555e-22,"Up"
2.37914533050632e-27,1.60485052774508,0.596,0.093,1.82846835230733e-22,"Rbbp6-201",1.82846835230733e-22,"Up"
2.41671538122213e-27,1.29582629476592,0.551,0.065,1.85734243908446e-22,"Shoc2-202",1.85734243908446e-22,"Up"
2.42922138083498e-27,3.10458359029189,0.483,0.04,1.86695380002692e-22,"Myo18a-208",1.86695380002692e-22,"Up"
2.4429803394282e-27,1.31344080312557,0.513,0.049,1.87752811006415e-22,"Rbm33-204",1.87752811006415e-22,"Up"
2.47972949553947e-27,1.19966320618902,0.543,0.061,1.90577130650191e-22,"Irf2bpl-201",1.90577130650191e-22,"Up"
2.49300638238035e-27,1.34042827199204,0.525,0.053,1.9159751251146e-22,"Il17ra-203",1.9159751251146e-22,"Up"
2.51373980406249e-27,1.14072718711572,0.464,0.028,1.93190958901418e-22,"Phactr4-203",1.93190958901418e-22,"Up"
2.51420593459299e-27,1.97446878624873,0.894,0.522,1.9322678289721e-22,"Clu-201",1.9322678289721e-22,"Up"
2.52352882320943e-27,1.97551222021564,0.453,0.024,1.93943284178937e-22,"Stim1-202",1.93943284178937e-22,"Up"
2.59553690039259e-27,2.58967292311681,0.43,0.016,1.99477392942772e-22,"Ghr-201",1.99477392942772e-22,"Up"
2.6059903721173e-27,1.89388627756747,0.46,0.028,2.00280784058703e-22,"Bltp1-217",2.00280784058703e-22,"Up"
2.71088345162841e-27,1.22766857451338,0.483,0.036,2.0834223679145e-22,"Limk2-203",2.0834223679145e-22,"Up"
2.71092004126606e-27,2.11046423598086,0.792,0.34,2.08345048851462e-22,"Pakap-204",2.08345048851462e-22,"Up"
2.74784347467311e-27,1.79540623915697,0.472,0.032,2.11182762402527e-22,"Triobp-203",2.11182762402527e-22,"Up"
2.8206697612223e-27,2.12784253723233,0.698,0.235,2.16779753828979e-22,"Lmo7-205",2.16779753828979e-22,"Up"
2.82675913924004e-27,1.72362957480072,0.483,0.036,2.17247746887154e-22,"Nckap1-202",2.17247746887154e-22,"Up"
2.95458973076002e-27,1.43095878827411,0.574,0.081,2.27072039167831e-22,"D5Ertd579e-201",2.27072039167831e-22,"Up"
2.99296468906598e-27,1.15285705366112,0.57,0.073,2.30021308213477e-22,"Eps15l1-201",2.30021308213477e-22,"Up"
3.03896972167402e-27,1.59382453837081,0.442,0.02,2.33556978989535e-22,"Myo9a-205",2.33556978989535e-22,"Up"
3.09213079454812e-27,2.24840255977149,0.46,0.028,2.37642620084201e-22,"Acvr1-202",2.37642620084201e-22,"Up"
3.12738978845634e-27,1.37183454083445,0.54,0.061,2.40352414802024e-22,"Rai14-202",2.40352414802024e-22,"Up"
3.18825336226293e-27,1.63945966812369,0.604,0.097,2.45030023903355e-22,"Trpv3-201",2.45030023903355e-22,"Up"
3.19012422923527e-27,1.92217392509015,0.581,0.089,2.45173807513647e-22,"Adgrf5-201",2.45173807513647e-22,"Up"
3.31421267702049e-27,2.83476775259153,0.419,0.012,2.54710501079733e-22,"Kcnk6-201",2.54710501079733e-22,"Up"
3.31551574029045e-27,1.03547659943087,0.551,0.065,2.54810646704282e-22,"Dnajc10-201",2.54810646704282e-22,"Up"
3.35700466832958e-27,5.26043370054025,0.396,0.004,2.57999236779802e-22,"Sema3e-201",2.57999236779802e-22,"Up"
3.37519667324061e-27,1.61237094127847,0.502,0.045,2.59397365125234e-22,"Arhgef28-207",2.59397365125234e-22,"Up"
3.41173504017325e-27,1.19846149076514,0.494,0.04,2.62205484777475e-22,"Tasor-201",2.62205484777475e-22,"Up"
3.48789928639367e-27,1.46446425663487,0.502,0.045,2.68059011756499e-22,"Pofut2-201",2.68059011756499e-22,"Up"
3.52827597228889e-27,2.71963640957424,0.419,0.012,2.71162121574291e-22,"Arhgap22-203",2.71162121574291e-22,"Up"
3.58916119950397e-27,5.39263230023218,0.385,0,2.75841394826678e-22,"Itgb4-204",2.75841394826678e-22,"Up"
3.58916119950397e-27,5.72658566777158,0.385,0,2.75841394826678e-22,"Rprd2-205",2.75841394826678e-22,"Up"
3.58916119950397e-27,6.37401035519691,0.385,0,2.75841394826678e-22,"Nfatc2-204",2.75841394826678e-22,"Up"
3.61429498663077e-27,1.37002229252996,0.619,0.101,2.77773026902522e-22,"Asah1-201",2.77773026902522e-22,"Up"
3.62416277618539e-27,2.52029112310346,0.419,0.012,2.78531406000952e-22,"B4galt5-201",2.78531406000952e-22,"Up"
3.64581442743771e-27,1.97331280196581,0.479,0.036,2.80195422006298e-22,"Epha4-205",2.80195422006298e-22,"Up"
3.71422940440163e-27,4.70429501828335,0.396,0.004,2.85453386645883e-22,"Pdzrn3-201",2.85453386645883e-22,"Up"
3.76417608915639e-27,2.76679402800875,0.457,0.028,2.89291989156025e-22,"Amot-201",2.89291989156025e-22,"Up"
3.83137497953887e-27,1.07481574943652,0.558,0.069,2.9445649267748e-22,"Foxq1-201",2.9445649267748e-22,"Up"
3.85268759102495e-27,1.41051529028171,0.472,0.032,2.96094452120632e-22,"Galnt1-208",2.96094452120632e-22,"Up"
3.88532882433183e-27,1.31200318246662,0.472,0.032,2.98603061465198e-22,"Jmy-201",2.98603061465198e-22,"Up"
3.94142650592537e-27,1.96838650361007,0.513,0.053,3.02914392686388e-22,"Pdpk1-202",3.02914392686388e-22,"Up"
3.95842805557731e-27,1.9582954704626,0.498,0.045,3.04221029783339e-22,"Rsf1-201",3.04221029783339e-22,"Up"
3.95842805557731e-27,1.7562567849731,0.498,0.045,3.04221029783339e-22,"Selplg-201",3.04221029783339e-22,"Up"
4.0289361314892e-27,2.18368900931849,0.46,0.028,3.09639857449471e-22,"Mgat1-202",3.09639857449471e-22,"Up"
4.03331073558168e-27,1.16364928110462,0.585,0.081,3.09976063272394e-22,"Ipo7-201",3.09976063272394e-22,"Up"
4.09205464588266e-27,1.12002073135608,0.664,0.121,3.14490767754666e-22,"Rbms1-209",3.14490767754666e-22,"Up"
4.43922596032137e-27,-2.22082253923744,0.468,0.818,3.41172271954539e-22,"Sqstm1-201",3.41172271954539e-22,"Down"
4.62711171251158e-27,1.11734732846824,0.483,0.036,3.55612043553365e-22,"Slc35f5-201",3.55612043553365e-22,"Up"
4.74590426142304e-27,1.56813305871383,0.547,0.069,3.64741726107407e-22,"Rasgef1b-209",3.64741726107407e-22,"Up"
4.9266344048117e-27,1.72728839330514,0.479,0.036,3.78631560547398e-22,"Vwa5a-201",3.78631560547398e-22,"Up"
5.23847376983956e-27,1.51916802031456,0.525,0.057,4.02597663107249e-22,"Senp5-205",4.02597663107249e-22,"Up"
5.29131397965293e-27,1.22806934476482,0.46,0.028,4.06658644592246e-22,"Tgfbr1-201",4.06658644592246e-22,"Up"
5.29890542015577e-27,2.52790860130955,0.438,0.02,4.07242077160651e-22,"Clstn1-202",4.07242077160651e-22,"Up"
5.33545394125315e-27,1.24956028042706,0.509,0.049,4.1005097720107e-22,"Fgd6-201",4.1005097720107e-22,"Up"
5.33652225940008e-27,1.35157713404989,0.46,0.028,4.10133081723933e-22,"Man2a1-201",4.10133081723933e-22,"Up"
5.39100945814184e-27,1.64494908597085,0.468,0.032,4.14320640896033e-22,"Slc37a1-201",4.14320640896033e-22,"Up"
5.62322490004623e-27,2.12382603884644,0.468,0.032,4.32167326468153e-22,"Zfp644-201",4.32167326468153e-22,"Up"
5.85847718445671e-27,1.09748822663524,0.781,0.223,4.50247405534236e-22,"Trip11-201",4.50247405534236e-22,"Up"
6.12422207957287e-27,2.09070097780434,0.457,0.028,4.70670963703493e-22,"Pls3-201",4.70670963703493e-22,"Up"
6.19460566180006e-27,3.08334117310452,0.415,0.012,4.76080223531982e-22,"Def8-202",4.76080223531982e-22,"Up"
6.20150080980772e-27,1.40042816218929,0.649,0.121,4.76610143236963e-22,"Trim25-203",4.76610143236963e-22,"Up"
6.52978863008176e-27,1.19506357006387,0.438,0.02,5.01840375376304e-22,"Elk4-202",5.01840375376304e-22,"Up"
6.60766088858682e-27,1.55070930058814,0.525,0.057,5.07825169931451e-22,"Med13l-201",5.07825169931451e-22,"Up"
6.67147637497248e-27,1.27259521204711,0.687,0.138,5.12729645322135e-22,"Colgalt1-201",5.12729645322135e-22,"Up"
6.67554628059532e-27,1.83515652954947,0.555,0.073,5.13042433848872e-22,"Ski-203",5.13042433848872e-22,"Up"
6.68112495848234e-27,1.96757270148014,0.445,0.024,5.13471177559202e-22,"Etv3-202",5.13471177559202e-22,"Up"
6.71263864884143e-27,2.81736004751125,0.415,0.012,5.15893130718059e-22,"Ppp4r1-201",5.15893130718059e-22,"Up"
6.87942887078531e-27,1.08802725977596,0.438,0.02,5.28711626435334e-22,"Ldlrap1-201",5.28711626435334e-22,"Up"
6.89468681773071e-27,3.07230398581315,0.415,0.012,5.29884260689876e-22,"Lum-201",5.29884260689876e-22,"Up"
7.33872515703078e-27,1.76228728892443,0.415,0.012,5.64010383218443e-22,"Llgl2-201",5.64010383218443e-22,"Up"
7.36291205680513e-27,1.64355318419908,0.468,0.032,5.65869243213701e-22,"Prr14l-201",5.65869243213701e-22,"Up"
7.53635964503822e-27,1.11411057982673,0.649,0.117,5.79199384159767e-22,"Otud7b-201",5.79199384159767e-22,"Up"
7.58218641893798e-27,2.27183841582219,0.509,0.053,5.82721355041059e-22,"Nfe2l1-202",5.82721355041059e-22,"Up"
7.61014914862664e-27,1.60943931462034,0.487,0.04,5.84870402668551e-22,"Zfp451-202",5.84870402668551e-22,"Up"
7.61489442548554e-27,1.50398418878477,0.468,0.032,5.85235096176265e-22,"Eogt-201",5.85235096176265e-22,"Up"
7.67314388260381e-27,2.2721484650054,0.415,0.012,5.89711799953634e-22,"Emc3-201",5.89711799953634e-22,"Up"
8.16527344190919e-27,1.23671193223784,0.6,0.117,6.27533925104489e-22,"Kmt5a-201",6.27533925104489e-22,"Up"
8.18486729886685e-27,1.72397276385029,0.57,0.085,6.29039791387113e-22,"Tm9sf3-202",6.29039791387113e-22,"Up"
8.2805420747678e-27,1.21967077746548,0.777,0.19,6.36392780614204e-22,"Lgmn-201",6.36392780614204e-22,"Up"
8.31844524856555e-27,2.86631980088454,0.453,0.028,6.39305791133257e-22,"Erc1-211",6.39305791133257e-22,"Up"
8.66731973235348e-27,3.24994741825694,0.423,0.016,6.66118190710294e-22,"Dlg1-202",6.66118190710294e-22,"Up"
9.01259724092683e-27,1.14547697740793,0.536,0.065,6.9265414835419e-22,"Psmc6-201",6.9265414835419e-22,"Up"
9.03316534575109e-27,1.36776771188894,0.506,0.049,6.94234889482354e-22,"Zfp644-205",6.94234889482354e-22,"Up"
9.58011337080424e-27,1.53917445528916,0.521,0.057,7.36270032999789e-22,"Rai14-207",7.36270032999789e-22,"Up"
9.62832862602478e-27,1.34434535479281,0.475,0.036,7.39975568224508e-22,"Nr3c1-203",7.39975568224508e-22,"Up"
9.63261840808124e-27,1.03020851529614,0.596,0.093,7.40305255134676e-22,"Fnbp1l-201",7.40305255134676e-22,"Up"
9.65492592829989e-27,1.28968711023758,0.566,0.077,7.42019677293559e-22,"Nrbp1-201",7.42019677293559e-22,"Up"
9.7820306170112e-27,1.52512992599929,0.543,0.069,7.51788181039779e-22,"Srcap-207",7.51788181039779e-22,"Up"
9.87451963336589e-27,1.17143211339041,0.517,0.053,7.58896331902702e-22,"Gramd3-201",7.58896331902702e-22,"Up"
1.00290373953644e-26,1.37835425336193,0.464,0.032,7.70771639983335e-22,"Slco3a1-201",7.70771639983335e-22,"Up"
1.01956305315183e-26,3.67878766372661,0.411,0.012,7.83574988869308e-22,"Map2k4-201",7.83574988869308e-22,"Up"
1.03072370774105e-26,1.27755975070425,0.54,0.065,7.92152398347304e-22,"Foxa2-202",7.92152398347304e-22,"Up"
1.0309996374673e-26,1.18634618836777,0.626,0.105,7.92364461379116e-22,"Tmf1-201",7.92364461379116e-22,"Up"
1.04129845582273e-26,2.44024701448498,0.434,0.02,8.00279515238e-22,"Ppp4r1-204",8.00279515238e-22,"Up"
1.05984046840367e-26,1.69093874605961,0.838,0.32,8.14529793586954e-22,"H2-D1-202",8.14529793586954e-22,"Up"
1.07586841303724e-26,2.77842357188665,0.419,0.016,8.26847910155638e-22,"Ralgapa2-202",8.26847910155638e-22,"Up"
1.09264458245489e-26,1.84094241598574,0.472,0.036,8.39741067399883e-22,"Baz2a-203",8.39741067399883e-22,"Up"
1.10948910518621e-26,1.48189339453608,0.445,0.024,8.52686756899809e-22,"Cry2-201",8.52686756899809e-22,"Up"
1.16120818489494e-26,2.69518557125612,0.442,0.024,8.92434938419159e-22,"Qki-201",8.92434938419159e-22,"Up"
1.16120818489494e-26,2.55048555499406,0.442,0.024,8.92434938419159e-22,"Ano6-201",8.92434938419159e-22,"Up"
1.17048522897766e-26,1.55091444559071,0.494,0.045,8.9956471787849e-22,"Mbtps1-207",8.9956471787849e-22,"Up"
1.17813275115742e-26,1.45994035330202,0.445,0.024,9.05442144574526e-22,"Ckap5-204",9.05442144574526e-22,"Up"
1.24031025185415e-26,1.02719861362975,0.445,0.024,9.53228040959992e-22,"Zfp871-202",9.53228040959992e-22,"Up"
1.25677157807958e-26,1.71969668996227,0.502,0.049,9.65879228617278e-22,"Tnrc6b-201",9.65879228617278e-22,"Up"
1.2609828462005e-26,1.46237967132935,0.513,0.057,9.69115756618936e-22,"Amotl1-201",9.69115756618936e-22,"Up"
1.38464338556553e-26,-4.58989214711526,0.189,0.68,1.06415382754253e-21,"Tpt1-208",1.06415382754253e-21,"Down"
1.443480514666e-26,6.19151597291423,0.377,0,1.10937251474141e-21,"Pik3cb-203",1.10937251474141e-21,"Up"
1.47952845307422e-26,1.32675912951036,0.755,0.215,1.13707679732566e-21,"Gsn-205",1.13707679732566e-21,"Up"
1.50980273514662e-26,2.89146576304157,0.4,0.008,1.16034379406958e-21,"Specc1l-202",1.16034379406958e-21,"Up"
1.6022336432355e-26,1.7284924336785,0.506,0.053,1.23138064417221e-21,"Atp6v1a-201",1.23138064417221e-21,"Up"
1.69728966989909e-26,1.81835034317406,0.577,0.089,1.30443500290425e-21,"Cxcl16-201",1.30443500290425e-21,"Up"
1.71228349702612e-26,1.55704697246596,0.653,0.138,1.31595835880446e-21,"Cul4b-203",1.31595835880446e-21,"Up"
1.72254759739828e-26,1.49059962871256,0.506,0.053,1.32384673050447e-21,"Appl2-201",1.32384673050447e-21,"Up"
1.77154579454372e-26,1.27353468649447,0.585,0.085,1.36150380493863e-21,"Ap2b1-201",1.36150380493863e-21,"Up"
1.78542867394391e-26,1.64846190848611,0.472,0.036,1.37217335307285e-21,"Ccni-201",1.37217335307285e-21,"Up"
1.83757469124154e-26,1.61026857385466,0.491,0.045,1.41224965320677e-21,"Nr1d1-201",1.41224965320677e-21,"Up"
1.84230097933764e-26,1.22394772421903,0.54,0.065,1.41588199466015e-21,"Tmem263-201",1.41588199466015e-21,"Up"
1.85717624636765e-26,2.67195100776167,0.419,0.016,1.42731423238339e-21,"Ubn2-205",1.42731423238339e-21,"Up"
1.90418449401757e-26,2.65405796415438,0.43,0.02,1.46344195103226e-21,"Rif1-201",1.46344195103226e-21,"Up"
1.92847786218117e-26,1.43075378979334,0.453,0.028,1.48211237620072e-21,"Rpia-201",1.48211237620072e-21,"Up"
1.94486688364724e-26,1.68083122639335,0.453,0.028,1.49470799475825e-21,"Capg-203",1.49470799475825e-21,"Up"
1.96192480263747e-26,2.09438735736538,0.498,0.057,1.507817687819e-21,"Mprip-201",1.507817687819e-21,"Up"
2.02018493440413e-26,1.10577834160902,0.513,0.053,1.55259292948695e-21,"Ier5-201",1.55259292948695e-21,"Up"
2.1128771820433e-26,2.33151701884801,0.43,0.02,1.62383062948756e-21,"Pkd1-201",1.62383062948756e-21,"Up"
2.23409637890626e-26,2.35294194766643,0.562,0.097,1.71699243104462e-21,"Cd44-201",1.71699243104462e-21,"Up"
2.24751537309585e-26,1.45735561630283,0.442,0.024,1.72730546483908e-21,"Cbx5-202",1.72730546483908e-21,"Up"
2.3861301646347e-26,1.50564118809541,0.442,0.024,1.83383647672835e-21,"Arhgef18-213",1.83383647672835e-21,"Up"
2.42611588589249e-26,1.30553186291665,0.483,0.04,1.86456710294381e-21,"Atp6v1b2-201",1.86456710294381e-21,"Up"
2.46673824926571e-26,1.50931457618098,0.487,0.045,1.89578701409066e-21,"Mef2d-204",1.89578701409066e-21,"Up"
2.54401661840929e-26,2.89890628341891,0.408,0.012,1.95517853191228e-21,"Gpnmb-203",1.95517853191228e-21,"Up"
2.55159155309882e-26,2.1001024605595,0.464,0.036,1.96100017221857e-21,"Stag1-201",1.96100017221857e-21,"Up"
2.58127977472589e-26,3.49332916599009,0.434,0.024,1.98381675806783e-21,"Slc2a3-201",1.98381675806783e-21,"Up"
2.64602202297097e-26,1.76084183442614,0.43,0.02,2.03357376553411e-21,"Ckap5-202",2.03357376553411e-21,"Up"
2.73126043757906e-26,2.98836551082258,0.408,0.012,2.09908289669701e-21,"Yod1-201",2.09908289669701e-21,"Up"
2.74764345446993e-26,1.16397461000397,0.472,0.036,2.11167390049832e-21,"Ptdss1-201",2.11167390049832e-21,"Up"
2.80597999124311e-26,3.57479841161636,0.396,0.008,2.15650786246998e-21,"Fbn2-201",2.15650786246998e-21,"Up"
2.80830991456769e-26,1.64994935383255,0.479,0.04,2.15829850174185e-21,"Cdkn1a-205",2.15829850174185e-21,"Up"
2.84570646613008e-26,1.07762256244275,0.551,0.077,2.18703924747961e-21,"Coro1b-201",2.18703924747961e-21,"Up"
2.86874709632512e-26,1.45745604520682,0.513,0.057,2.2047468934097e-21,"Myo1c-201",2.2047468934097e-21,"Up"
2.87777136102397e-26,4.4485779839505,0.385,0.004,2.21168240180136e-21,"Ppp1r3f-205",2.21168240180136e-21,"Up"
2.88338502198133e-26,5.70623123535594,0.374,0,2.21599672479353e-21,"Prl8a8-201",2.21599672479353e-21,"Up"
2.93215772440542e-26,2.42007723573781,0.408,0.012,2.25348049751454e-21,"Ctsm-202",2.25348049751454e-21,"Up"
2.94711884443151e-26,1.89867005012905,0.426,0.02,2.26497871669939e-21,"Ugdh-202",2.26497871669939e-21,"Up"
3.01219129990927e-26,3.39505313522417,0.385,0.004,2.31498950163227e-21,"Prl8a6-203",2.31498950163227e-21,"Up"
3.01537480331577e-26,2.87456784542482,0.396,0.008,2.3174361513403e-21,"Specc1l-201",2.3174361513403e-21,"Up"
3.03907417128303e-26,1.42152595077438,0.457,0.032,2.33565006359786e-21,"Emsy-202",2.33565006359786e-21,"Up"
3.0700994044929e-26,2.10688808311232,0.396,0.008,2.35949419632897e-21,"Ireb2-201",2.35949419632897e-21,"Up"
3.09743782717955e-26,1.76691016338123,0.525,0.061,2.38050486770057e-21,"Hyou1-206",2.38050486770057e-21,"Up"
3.09887130547545e-26,1.04817304065576,0.479,0.04,2.3816065531101e-21,"Fads3-201",2.3816065531101e-21,"Up"
3.17201005302007e-26,2.24888585658038,0.445,0.028,2.43781660614804e-21,"Ints6-202",2.43781660614804e-21,"Up"
3.17658373440849e-26,1.15307884081129,0.657,0.13,2.4413316632423e-21,"Calu-202",2.4413316632423e-21,"Up"
3.1920948338272e-26,1.05811215274411,0.475,0.04,2.45325256358955e-21,"Erbin-203",2.45325256358955e-21,"Up"
3.22644978640376e-26,1.87321398430267,0.438,0.024,2.47965571884274e-21,"Smpd1-201",2.47965571884274e-21,"Up"
3.24730508111453e-26,1.71762163847821,0.525,0.061,2.49568384703976e-21,"Hyou1-201",2.49568384703976e-21,"Up"
3.5347779225362e-26,2.01922770747187,0.426,0.02,2.71661822458597e-21,"Cdc27-201",2.71661822458597e-21,"Up"
3.54116725541576e-26,2.77539922271983,0.449,0.032,2.72152868247723e-21,"Rusc2-211",2.72152868247723e-21,"Up"
3.54582020706599e-26,1.14414347006939,0.46,0.032,2.7251046619385e-21,"Nipal1-201",2.7251046619385e-21,"Up"
3.55303873053764e-26,1.16427134303432,0.498,0.049,2.7306523859674e-21,"Frmpd1-202",2.7306523859674e-21,"Up"
3.61328943143975e-26,1.28106520333459,0.894,0.579,2.77695745963871e-21,"Psap-202",2.77695745963871e-21,"Up"
3.61515123153952e-26,1.71050438780281,0.758,0.223,2.77838832748738e-21,"Vegfa-202",2.77838832748738e-21,"Up"
3.66916160725957e-26,2.04506685403572,0.46,0.036,2.81989746164327e-21,"Pcbp2-201",2.81989746164327e-21,"Up"
3.68080742045696e-26,1.05310059928971,0.479,0.04,2.82884773491799e-21,"Irf9-203",2.82884773491799e-21,"Up"
3.80070310681411e-26,1.24656675603552,0.525,0.061,2.92099236571092e-21,"Prrc2b-202",2.92099236571092e-21,"Up"
3.89097603469312e-26,2.03072575881526,0.487,0.045,2.99037072170305e-21,"Notch2-201",2.99037072170305e-21,"Up"
3.95981190208421e-26,2.2049793404007,0.513,0.061,3.0432738392278e-21,"Upk1b-201",3.0432738392278e-21,"Up"
4.03719569264688e-26,2.79320293731322,0.415,0.016,3.10274637762684e-21,"Cdkn2aip-202",3.10274637762684e-21,"Up"
4.05479369275724e-26,2.54785031409458,0.445,0.028,3.11627114463165e-21,"Kdm5b-201",3.11627114463165e-21,"Up"
4.2475126739019e-26,1.20228861996326,0.457,0.032,3.26438339040057e-21,"Rabgap1-203",3.26438339040057e-21,"Up"
4.2908245488032e-26,1.19519213806191,0.589,0.101,3.29767029873721e-21,"Pdgfra-202",3.29767029873721e-21,"Up"
4.37369861627772e-26,1.20855417957166,0.634,0.126,3.36136233455408e-21,"Pum2-202",3.36136233455408e-21,"Up"
4.47541711961636e-26,3.43580315524577,0.404,0.012,3.43953707310996e-21,"Luzp1-201",3.43953707310996e-21,"Up"
4.50950052799353e-26,1.61264974829606,0.494,0.049,3.46573153578415e-21,"Cramp1-203",3.46573153578415e-21,"Up"
4.83727601609446e-26,3.45676561892621,0.423,0.02,3.71764010940924e-21,"Erc1-207",3.71764010940924e-21,"Up"
4.97410928713169e-26,3.47521108018888,0.392,0.008,3.82280195153219e-21,"Adam15-204",3.82280195153219e-21,"Up"
5.06298808065072e-26,1.1258521365512,0.604,0.093,3.8911088595033e-21,"Pawr-201",3.8911088595033e-21,"Up"
5.0815360367843e-26,2.42933331463002,0.464,0.036,3.90536370571021e-21,"Ctnnd2-201",3.90536370571021e-21,"Up"
5.13700266248488e-26,1.97441770044106,0.445,0.028,3.94799202622613e-21,"Pls3-202",3.94799202622613e-21,"Up"
5.15595024445965e-26,1.54831276688063,0.547,0.073,3.96255400087702e-21,"Ptprf-201",3.96255400087702e-21,"Up"
5.24962685933553e-26,3.88958255702034,0.392,0.008,4.03454822647373e-21,"Ncoa7-201",4.03454822647373e-21,"Up"
5.54810263161598e-26,1.0923932191865,0.457,0.032,4.26393879650215e-21,"Ypel2-201",4.26393879650215e-21,"Up"
5.5728243385542e-26,1.66237119162407,0.498,0.053,4.28293841715244e-21,"Cdh6-201",4.28293841715244e-21,"Up"
5.62799179739685e-26,1.38505070813311,0.415,0.016,4.32533681597137e-21,"Sh3rf1-201",4.32533681597137e-21,"Up"
5.63656140210835e-26,1.4749013232567,0.445,0.028,4.33192289997635e-21,"Usp32-202",4.33192289997635e-21,"Up"
5.69150847343513e-26,3.5793949260937,0.392,0.008,4.37415192217383e-21,"Bmp6-201",4.37415192217383e-21,"Up"
5.7445499347642e-26,5.38842619996678,0.37,0,4.41491640686368e-21,"Itgb4-201",4.41491640686368e-21,"Up"
5.7445499347642e-26,5.38842619996678,0.37,0,4.41491640686368e-21,"Itgb4-210",4.41491640686368e-21,"Up"
5.74805832782207e-26,1.35108049717315,0.63,0.113,4.41761274726437e-21,"Uso1-201",4.41761274726437e-21,"Up"
5.7946042126523e-26,2.56373746454026,0.392,0.008,4.4533851215918e-21,"Bcl9l-203",4.4533851215918e-21,"Up"
5.84413020914386e-26,2.05368409798501,0.558,0.089,4.49144783093542e-21,"Sptan1-204",4.49144783093542e-21,"Up"
5.91121828054677e-26,1.73056447744949,0.517,0.061,4.54300769733142e-21,"Fbxw7-204",4.54300769733142e-21,"Up"
5.92904403738788e-26,1.56507035956939,0.445,0.028,4.55670750449408e-21,"Rnf165-201",4.55670750449408e-21,"Up"
6.04780201536943e-26,1.5373848143809,0.404,0.012,4.64797776089202e-21,"Ctss-201",4.64797776089202e-21,"Up"
6.32547546521756e-26,2.21011811298035,0.725,0.211,4.8613809140383e-21,"Tfpi-201",4.8613809140383e-21,"Up"
6.39192718005612e-26,2.80689769364419,0.43,0.024,4.91245171496033e-21,"Tmed7-202",4.91245171496033e-21,"Up"
6.49202545167136e-26,1.61373236481219,0.566,0.085,4.98938124062751e-21,"Tnpo1-201",4.98938124062751e-21,"Up"
6.54165738668395e-26,2.049254952047,0.472,0.04,5.02752536796209e-21,"Arhgef11-202",5.02752536796209e-21,"Up"
6.84713763239087e-26,1.01523659257493,0.434,0.024,5.26229915599768e-21,"Prag1-201",5.26229915599768e-21,"Up"
7.76837312157036e-26,1.9617942245188,0.472,0.04,5.97030547885169e-21,"Bmper-201",5.97030547885169e-21,"Up"
7.84367020888031e-26,1.22115749606089,0.517,0.061,6.02817430233287e-21,"Atp6v1a-202",6.02817430233287e-21,"Up"
7.9141131298225e-26,1.61319147464883,0.423,0.02,6.08231250479378e-21,"Ankle2-206",6.08231250479378e-21,"Up"
8.05169416805388e-26,2.2239960504885,0.423,0.02,6.18804903591613e-21,"Trpm7-201",6.18804903591613e-21,"Up"
8.30217667062814e-26,1.007194755961,0.494,0.049,6.38055485844455e-21,"Uhmk1-201",6.38055485844455e-21,"Up"
8.48118704906222e-26,2.25402405857862,0.494,0.053,6.51813149468628e-21,"Qsox1-207",6.51813149468628e-21,"Up"
8.57745258749061e-26,1.87583755917061,0.502,0.057,6.59211541159003e-21,"Fryl-202",6.59211541159003e-21,"Up"
8.81400646526486e-26,3.37431420048649,0.4,0.012,6.77391652881466e-21,"Sfi1-201",6.77391652881466e-21,"Up"
9.16196479261548e-26,1.82940635990397,0.423,0.02,7.0413364217167e-21,"Zfyve9-202",7.0413364217167e-21,"Up"
9.38030617487367e-26,2.31582976476084,0.411,0.016,7.20914050763741e-21,"Def8-201",7.20914050763741e-21,"Up"
9.50342052902998e-26,1.52268842349711,0.509,0.057,7.3037588133807e-21,"Gcnt2-201",7.3037588133807e-21,"Up"
9.51505810983271e-26,1.1855482150564,0.558,0.077,7.31270275973083e-21,"Nrip1-202",7.31270275973083e-21,"Up"
9.52889779582557e-26,1.42757303624083,0.472,0.04,7.32333911200378e-21,"Kmt5b-206",7.32333911200378e-21,"Up"
9.54531147441535e-26,2.58109322656589,0.411,0.016,7.33595368054717e-21,"Rptor-201",7.33595368054717e-21,"Up"
9.88632618145618e-26,3.5883601419585,0.389,0.008,7.59803712349633e-21,"Adam15-213",7.59803712349633e-21,"Up"
1.03194172768652e-25,2.37383363305246,0.442,0.028,7.93088495396197e-21,"Kmt5b-205",7.93088495396197e-21,"Up"
1.0513794862799e-25,1.17823649946809,0.423,0.02,8.0802719038555e-21,"Nhlrc2-201",8.0802719038555e-21,"Up"
1.13505291177628e-25,2.15018902733354,0.479,0.045,8.72333564816544e-21,"Taok1-201",8.72333564816544e-21,"Up"
1.14629356015055e-25,-1.91511560124819,0.774,0.794,8.809724527181e-21,"Ftl1-ps1-202",8.809724527181e-21,"Down"
1.15005428872727e-25,4.52532915622217,0.377,0.004,8.83862723058455e-21,"Hectd4-201",8.83862723058455e-21,"Up"
1.19327259069619e-25,2.72472775387962,0.389,0.008,9.17077716853647e-21,"Khnyn-201",9.17077716853647e-21,"Up"
1.20352997619436e-25,2.88588466850526,0.377,0.004,9.24960927904415e-21,"Ube2d3-203",9.24960927904415e-21,"Up"
1.21177821712906e-25,2.46795503781302,0.43,0.024,9.31300030992366e-21,"Sfxn3-201",9.31300030992366e-21,"Up"
1.22712846228489e-25,1.02393144031489,0.502,0.053,9.43097308404427e-21,"Bdp1-201",9.43097308404427e-21,"Up"
1.24939173381432e-25,1.56550190324091,0.453,0.032,9.60207523105656e-21,"Filip1l-203",9.60207523105656e-21,"Up"
1.3528632377834e-25,1.43308367666875,0.472,0.04,1.03972951276605e-20,"Trio-201",1.03972951276605e-20,"Up"
1.37796509261085e-25,1.59751769170295,0.479,0.045,1.05902129227514e-20,"Mcfd2-201",1.05902129227514e-20,"Up"
1.42438594333553e-25,2.03041262073463,0.419,0.02,1.09469757289109e-20,"Acvr1-203",1.09469757289109e-20,"Up"
1.53413900936074e-25,1.80289032461175,0.46,0.036,1.1790471942541e-20,"Elf3-202",1.1790471942541e-20,"Up"
1.54679678936636e-25,1.39599151602737,0.46,0.036,1.18877520449962e-20,"Jak2-201",1.18877520449962e-20,"Up"
1.6204177875087e-25,2.06954002040158,0.419,0.02,1.24535588641194e-20,"Slc16a3-208",1.24535588641194e-20,"Up"
1.7208300108387e-25,2.289626278182,0.419,0.02,1.32252669652997e-20,"Ddx54-201",1.32252669652997e-20,"Up"
1.74850689408951e-25,1.79369530930129,0.457,0.036,1.34379748838356e-20,"Mgat4a-205",1.34379748838356e-20,"Up"
1.7696567698245e-25,1.07986801259717,0.691,0.142,1.36005201388092e-20,"Kcnk5-201",1.36005201388092e-20,"Up"
1.82634770374698e-25,2.04803992157991,0.464,0.04,1.4036212642377e-20,"Rapgef6-203",1.4036212642377e-20,"Up"
1.83785963156715e-25,1.90398217421559,0.46,0.036,1.41246864124461e-20,"Frrs1-202",1.41246864124461e-20,"Up"
1.84134436131434e-25,1.27795601964099,0.475,0.045,1.41514679544453e-20,"Fbrs-202",1.41514679544453e-20,"Up"
1.84194881748675e-25,1.89586540272681,0.525,0.069,1.41561134419127e-20,"Amotl2-211",1.41561134419127e-20,"Up"
1.86801828518649e-25,1.55908259447187,0.426,0.024,1.43564677289723e-20,"Mtfr1l-201",1.43564677289723e-20,"Up"
1.88693213595432e-25,1.79301640719369,0.464,0.04,1.45018282376634e-20,"Vps13b-201",1.45018282376634e-20,"Up"
1.94051864671826e-25,2.01634623237014,0.419,0.02,1.49136620074885e-20,"Tug1-203",1.49136620074885e-20,"Up"
1.99518571071597e-25,3.39902363020831,0.385,0.008,1.53338002611365e-20,"Adam15-201",1.53338002611365e-20,"Up"
1.99982017873578e-25,1.75087796852063,0.54,0.077,1.5369418001656e-20,"Senp6-201",1.5369418001656e-20,"Up"
2.0424035913978e-25,3.78211919970188,0.411,0.02,1.56966885613287e-20,"Krt14-201",1.56966885613287e-20,"Up"
2.04438230966284e-25,5.24357659922234,0.374,0.004,1.57118958026828e-20,"Gpbp1l1-201",1.57118958026828e-20,"Up"
2.26238868722684e-25,5.22028601238395,0.362,0,1.73873620168132e-20,"Itgb4-202",1.73873620168132e-20,"Up"
2.35684416719249e-25,1.33928797352755,0.396,0.012,1.81132901625411e-20,"Rimoc1-201",1.81132901625411e-20,"Up"
2.38539339141807e-25,2.90458433683071,0.374,0.004,1.83327023704044e-20,"Cldn23-201",1.83327023704044e-20,"Up"
2.38539339141807e-25,3.04645081718889,0.374,0.004,1.83327023704044e-20,"Rprd2-201",1.83327023704044e-20,"Up"
2.40579310059945e-25,1.56680852272025,0.879,0.397,1.8489482295347e-20,"Noct-202",1.8489482295347e-20,"Up"
2.40703427746146e-25,2.37140424914534,0.385,0.008,1.84990212360023e-20,"Tes-202",1.84990212360023e-20,"Up"
2.45230837495209e-25,6.15817784466667,0.377,0.008,1.88469707848568e-20,"Pde4d-207",1.88469707848568e-20,"Up"
2.47597953491167e-25,1.67762445016373,0.449,0.032,1.90288931176101e-20,"Pdzd8-201",1.90288931176101e-20,"Up"
2.61285316785447e-25,3.58155025566436,0.404,0.016,2.00808217362288e-20,"Dock9-206",2.00808217362288e-20,"Up"
2.61363332886722e-25,1.50208632053365,0.438,0.028,2.00868175856761e-20,"Smad5-201",2.00868175856761e-20,"Up"
2.64725209391282e-25,2.33675593765907,0.415,0.02,2.03451912425576e-20,"Kazn-201",2.03451912425576e-20,"Up"
2.67113927693293e-25,1.26969182023797,0.54,0.073,2.05287737989403e-20,"Gnb1-201",2.05287737989403e-20,"Up"
2.81531328397948e-25,1.41586996610053,0.494,0.053,2.16368087126959e-20,"Dcbld2-201",2.16368087126959e-20,"Up"
2.8384636845015e-25,1.118876876378,0.498,0.053,2.18147288008678e-20,"Gramd3-203",2.18147288008678e-20,"Up"
2.84284967875482e-25,1.59536466994168,0.868,0.389,2.18484369211023e-20,"Epcam-201",2.18484369211023e-20,"Up"
2.86808306498258e-25,1.54188773452176,0.475,0.045,2.20423655876171e-20,"Mcfd2-204",2.20423655876171e-20,"Up"
2.87900961394726e-25,1.38874830779049,0.426,0.024,2.21263404870302e-20,"Otud4-203",2.21263404870302e-20,"Up"
2.8835704502203e-25,1.09541844827732,0.498,0.053,2.21613923381231e-20,"Topors-201",2.21613923381231e-20,"Up"
2.88436636098986e-25,2.65557967052895,0.415,0.02,2.21675092307515e-20,"Ttc17-204",2.21675092307515e-20,"Up"
2.92816379531327e-25,2.01622865809587,0.426,0.024,2.25041100325006e-20,"Schip1-205",2.25041100325006e-20,"Up"
3.05478430256035e-25,1.79202879865394,0.434,0.028,2.34772392788973e-20,"Wbp1l-201",2.34772392788973e-20,"Up"
3.06275219325321e-25,2.0771290271772,0.415,0.02,2.35384757060282e-20,"Arhgap12-212",2.35384757060282e-20,"Up"
3.23937915555918e-25,1.99214386047763,0.54,0.093,2.48959245621345e-20,"Macf1-212",2.48959245621345e-20,"Up"
3.26856870428597e-25,1.30911148672059,0.426,0.024,2.51202579199194e-20,"Asxl1-201",2.51202579199194e-20,"Up"
3.29407432645261e-25,2.17396350411398,0.434,0.028,2.53162788285189e-20,"Sos1-201",2.53162788285189e-20,"Up"
3.50605433191725e-25,1.58261786929618,0.475,0.045,2.69454299625168e-20,"Hivep2-205",2.69454299625168e-20,"Up"
3.62025009249186e-25,1.12885620822755,0.547,0.077,2.78230700608369e-20,"Rasgef1b-201",2.78230700608369e-20,"Up"
3.63060881076745e-25,1.13698272983239,0.608,0.117,2.79026809542722e-20,"Septin11-201",2.79026809542722e-20,"Up"
3.64515046788036e-25,2.19833419404714,0.423,0.024,2.80144394058477e-20,"Dlgap4-203",2.80144394058477e-20,"Up"
3.83776703909908e-25,1.40057559279322,0.426,0.024,2.94947748022921e-20,"Atp7a-202",2.94947748022921e-20,"Up"
3.91532785668401e-25,1.39556012510052,0.445,0.032,3.00908607097593e-20,"Dlk1-201",3.00908607097593e-20,"Up"
3.9343710747953e-25,4.93790247075677,0.37,0.004,3.02372154582318e-20,"C77080-203",3.02372154582318e-20,"Up"
3.98646646371422e-25,1.41591095348801,0.464,0.04,3.06375893602292e-20,"Tpd52l2-201",3.06375893602292e-20,"Up"
4.0183011639391e-25,1.7055334041363,0.475,0.045,3.08822517653376e-20,"Vps13d-202",3.08822517653376e-20,"Up"
4.04937000458797e-25,1.66715204646538,0.562,0.089,3.11210282332604e-20,"Itga3-203",3.11210282332604e-20,"Up"
4.08795929450248e-25,3.16354184549661,0.381,0.008,3.14176023619694e-20,"Zfp740-201",3.14176023619694e-20,"Up"
4.09951974868756e-25,1.27563385590565,0.525,0.069,3.15064490765634e-20,"Rbfox2-204",3.15064490765634e-20,"Up"
4.206842195325e-25,2.89794918014917,0.411,0.02,3.23312650079508e-20,"Dock9-201",3.23312650079508e-20,"Up"
4.31709524698568e-25,1.58969948209899,0.472,0.045,3.31786038111837e-20,"Atp2b1-201",3.31786038111837e-20,"Up"
4.37877807252757e-25,1.16449351927894,0.494,0.053,3.36526609986034e-20,"Wipi1-202",3.36526609986034e-20,"Up"
4.41262817369821e-25,1.81702874021459,0.453,0.036,3.39128125661402e-20,"Wdr26-208",3.39128125661402e-20,"Up"
4.61410227371393e-25,1.57459475680856,0.392,0.012,3.54612216144011e-20,"Dhrs13-203",3.54612216144011e-20,"Up"
4.68355996935173e-25,1.07400500319904,0.664,0.134,3.59950317884558e-20,"Fkbp10-201",3.59950317884558e-20,"Up"
4.71461964426008e-25,2.8686007583184,0.381,0.008,3.62337378139964e-20,"Atrnl1-201",3.62337378139964e-20,"Up"
4.81957422907708e-25,2.30011383054006,0.423,0.024,3.7040355780149e-20,"Qki-206",3.7040355780149e-20,"Up"
4.86998860428681e-25,1.60219753257135,0.475,0.045,3.74278104193859e-20,"Fmnl3-202",3.74278104193859e-20,"Up"
4.88122836992861e-25,2.61890450479284,0.555,0.093,3.75141925142493e-20,"Fn1-213",3.75141925142493e-20,"Up"
4.91024703770156e-25,1.40935792704474,0.445,0.036,3.77372125835516e-20,"Ankrd12-201",3.77372125835516e-20,"Up"
5.23356190744071e-25,1.15398488878025,0.475,0.045,4.02220166834448e-20,"Crtc3-201",4.02220166834448e-20,"Up"
5.40092941038034e-25,2.0492117298383,0.449,0.036,4.15083028905371e-20,"Cep170-201",4.15083028905371e-20,"Up"
5.45730576547993e-25,1.33091196810321,0.494,0.053,4.19415777300195e-20,"Golga3-201",4.19415777300195e-20,"Up"
5.47910175170713e-25,1.38465972923025,0.547,0.077,4.210908860257e-20,"ENSMUST00000250009.1",4.210908860257e-20,"Up"
5.55121290134914e-25,1.95146925283225,0.442,0.032,4.26632916320287e-20,"Pcyt1a-201",4.26632916320287e-20,"Up"
5.65579812229401e-25,1.2473277895726,0.732,0.206,4.34670708890784e-20,"Eif5-202",4.34670708890784e-20,"Up"
5.80363154333342e-25,2.304326224173,0.423,0.024,4.46032298631347e-20,"Ap3m1-206",4.46032298631347e-20,"Up"
6.00585666047482e-25,1.25752916456692,0.657,0.138,4.61574107784132e-20,"Kit-204",4.61574107784132e-20,"Up"
6.09430041969463e-25,1.56798497919565,0.479,0.049,4.68371364455211e-20,"Gcn1-201",4.68371364455211e-20,"Up"
6.24709155233988e-25,1.46205400512247,0.536,0.077,4.80113974163529e-20,"Cast-211",4.80113974163529e-20,"Up"
6.32224949215451e-25,1.69494127789862,0.566,0.093,4.85890162470043e-20,"Ncor2-202",4.85890162470043e-20,"Up"
6.37533158928931e-25,1.11249833465302,0.619,0.113,4.8996973396324e-20,"Acsl3-205",4.8996973396324e-20,"Up"
6.38874670009967e-25,-1.66324020170042,0.932,0.947,4.9100073888946e-20,"Serpinh1-201",4.9100073888946e-20,"Down"
6.59740354250437e-25,1.2467234376111,0.543,0.077,5.07036851855631e-20,"Ubr5-201",5.07036851855631e-20,"Up"
6.6557022198715e-25,1.10850145552269,0.472,0.045,5.11517338406004e-20,"Eef2k-201",5.11517338406004e-20,"Up"
6.79248689821352e-25,2.27416302238676,0.411,0.02,5.22029788075302e-20,"Ptpn3-201",5.22029788075302e-20,"Up"
6.91517236511365e-25,1.43440754715174,0.453,0.036,5.31458656948444e-20,"Tanc1-208",5.31458656948444e-20,"Up"
7.34566051801638e-25,1.25461730943165,0.4,0.016,5.64543393451631e-20,"Def8-204",5.64543393451631e-20,"Up"
7.41044480195402e-25,3.51356390276081,0.396,0.016,5.69522324809374e-20,"Cemip2-201",5.69522324809374e-20,"Up"
7.69521481905038e-25,2.58625888923742,0.389,0.012,5.91408039703298e-20,"Def8-203",5.91408039703298e-20,"Up"
7.91474392690817e-25,1.76213312643161,0.442,0.032,6.082797297586e-20,"Slc3a2-202",6.082797297586e-20,"Up"
8.02167651571797e-25,1.62499793387284,0.43,0.028,6.16497926938989e-20,"Srsf11-208",6.16497926938989e-20,"Up"
8.04005700890195e-25,3.08745738589103,0.389,0.012,6.17910541362151e-20,"Krt20-201",6.17910541362151e-20,"Up"
8.1565001134976e-25,1.53954874797201,0.43,0.028,6.26859659722745e-20,"Sema4b-201",6.26859659722745e-20,"Up"
8.49999745543775e-25,-2.24954720403887,0.679,0.757,6.53258804440213e-20,"Hnrnpab-201",6.53258804440213e-20,"Down"
8.55449636807157e-25,1.06810605057806,0.502,0.057,6.57447263871772e-20,"Cdc42ep5-201",6.57447263871772e-20,"Up"
8.574588691155e-25,1.36657317574325,0.43,0.028,6.58991439270026e-20,"Dmtf1-202",6.58991439270026e-20,"Up"
8.73146911268755e-25,1.2665148997166,0.4,0.016,6.71048327186489e-20,"Hsd17b12-201",6.71048327186489e-20,"Up"
8.74951647167151e-25,3.56933777857274,0.404,0.02,6.72435338913842e-20,"Anxa1-208",6.72435338913842e-20,"Up"
8.76109564250121e-25,1.78561943555671,0.419,0.024,6.73325244508788e-20,"Cant1-201",6.73325244508788e-20,"Up"
8.77427588805611e-25,3.13187618762086,0.408,0.02,6.74338199100664e-20,"Xrn1-202",6.74338199100664e-20,"Up"
8.81827279942657e-25,6.42741916108728,0.355,0,6.7771953772713e-20,"Tnfrsf1a-201",6.7771953772713e-20,"Up"
8.86172013976706e-25,1.41024155894828,0.487,0.053,6.81058639621658e-20,"Hexb-201",6.81058639621658e-20,"Up"
8.89104174215239e-25,-1.6475198599016,0.792,0.866,6.8331212205138e-20,"Tmed2-201",6.8331212205138e-20,"Down"
8.93140840443492e-25,2.67339288819373,0.389,0.012,6.86414461514442e-20,"Ptk2b-208",6.86414461514442e-20,"Up"
8.954825328006e-25,1.51514050060787,0.442,0.032,6.88214145758573e-20,"Cmtm7-201",6.88214145758573e-20,"Up"
9.01390057360864e-25,1.7874136657765,0.43,0.028,6.92754314684118e-20,"Sbno2-209",6.92754314684118e-20,"Up"
9.14306120391786e-25,2.16090357399314,0.453,0.04,7.02680825765903e-20,"Kmt2e-202",7.02680825765903e-20,"Up"
9.50042957194808e-25,1.19051542351006,0.438,0.032,7.30146014322497e-20,"Ehbp1l1-201",7.30146014322497e-20,"Up"
9.77891244943831e-25,3.72277627868344,0.396,0.016,7.51548537389132e-20,"Heg1-205",7.51548537389132e-20,"Up"
9.96051389109102e-25,1.37084850624545,0.43,0.028,7.65505334585909e-20,"Itch-202",7.65505334585909e-20,"Up"
1.01623099300145e-24,1.23390340914505,0.472,0.045,7.81014167361335e-20,"Arhgef28-201",7.81014167361335e-20,"Up"
1.01962083303699e-24,2.09915425014895,0.419,0.024,7.8361939502225e-20,"Smarcc2-201",7.8361939502225e-20,"Up"
1.02974383040164e-24,1.64275525627769,0.43,0.028,7.91399323416873e-20,"Tmem39a-201",7.91399323416873e-20,"Up"
1.0369386049102e-24,2.12791658183726,0.419,0.024,7.96928795417685e-20,"Dpp8-208",7.96928795417685e-20,"Up"
1.07148487962154e-24,1.67376534221034,0.509,0.065,8.23478989384342e-20,"Wdfy3-201",8.23478989384342e-20,"Up"
1.07238581205069e-24,1.70674901418494,0.562,0.093,8.24171391993435e-20,"Dst-220",8.24171391993435e-20,"Up"
1.10914347455304e-24,1.22457105182589,0.532,0.073,8.52421125932991e-20,"Gnb1-202",8.52421125932991e-20,"Up"
1.11777973590728e-24,1.20402658147079,0.506,0.061,8.59058438234179e-20,"Midn-201",8.59058438234179e-20,"Up"
1.14713679955163e-24,1.56171730245214,0.419,0.024,8.8162051592741e-20,"Maml2-202",8.8162051592741e-20,"Up"
1.1726444861535e-24,3.45912925827142,0.396,0.016,9.01224193388415e-20,"Srsf11-213",9.01224193388415e-20,"Up"
1.19295753877673e-24,3.07717769437481,0.408,0.02,9.16835586851465e-20,"Igbp1-201",9.16835586851465e-20,"Up"
1.20316591476896e-24,3.01637618563919,0.408,0.02,9.24681132136535e-20,"Minpp1-201",9.24681132136535e-20,"Up"
1.20316591476896e-24,2.24389764622786,0.408,0.02,9.24681132136535e-20,"Gprc5c-202",9.24681132136535e-20,"Up"
1.22588538585629e-24,3.83097668146037,0.385,0.012,9.4214195444599e-20,"Axl-202",9.4214195444599e-20,"Up"
1.2286051812172e-24,1.51922702295141,0.483,0.053,9.44232225972664e-20,"Cep170-215",9.44232225972664e-20,"Up"
1.2326026866236e-24,1.04034417486483,0.789,0.231,9.47304468777701e-20,"Pxdc1-202",9.47304468777701e-20,"Up"
1.25830587374261e-24,1.98528009601146,0.419,0.024,9.67058396206142e-20,"Togaram1-201",9.67058396206142e-20,"Up"
1.26245457861255e-24,2.33620610728957,0.426,0.028,9.70246841846893e-20,"Setd5-203",9.70246841846893e-20,"Up"
1.28078673623115e-24,3.46556319149333,0.385,0.012,9.84335838263092e-20,"Cfl2-201",9.84335838263092e-20,"Up"
1.32133251590567e-24,2.34104256513334,0.408,0.02,1.01549689177414e-19,"Tnrc18-201",1.01549689177414e-19,"Up"
1.32808391741209e-24,2.56925500708022,0.43,0.032,1.02068561388789e-19,"Rusc2-205",1.02068561388789e-19,"Up"
1.34268951222923e-24,2.17898894402146,0.415,0.024,1.03191059772865e-19,"Pwwp3b-204",1.03191059772865e-19,"Up"
1.37521009066613e-24,3.86154642888079,0.374,0.008,1.05690396308055e-19,"Rnf141-209",1.05690396308055e-19,"Up"
1.38013898842925e-24,1.21372937883276,0.419,0.024,1.06069201816742e-19,"Prl7a2-201",1.06069201816742e-19,"Up"
1.3901227568676e-24,1.52169901236315,0.951,0.522,1.06836494356302e-19,"Lars2-201",1.06836494356302e-19,"Up"
1.39873313975699e-24,1.06685583693138,0.694,0.162,1.07498236722884e-19,"Ep400-204",1.07498236722884e-19,"Up"
1.40121340011716e-24,1.02041192604519,0.672,0.146,1.07688854652604e-19,"Mtdh-201",1.07688854652604e-19,"Up"
1.40244294133741e-24,1.95712639419063,0.408,0.02,1.07783349813545e-19,"Smc5-201",1.07783349813545e-19,"Up"
1.41862247773893e-24,1.49372290358664,0.487,0.053,1.09026811904148e-19,"S100a6-201",1.09026811904148e-19,"Up"
1.42651019931726e-24,2.26157159380706,0.408,0.02,1.09633014858329e-19,"Kdm3a-214",1.09633014858329e-19,"Up"
1.45441366238761e-24,1.68841615374643,0.619,0.13,1.11777507609138e-19,"Ctnnb1-208",1.11777507609138e-19,"Up"
1.46338032439933e-24,1.44137240659671,0.408,0.02,1.12466631451386e-19,"Myo9a-206",1.12466631451386e-19,"Up"
1.46770478276328e-24,2.20698899322974,0.396,0.016,1.12798983374489e-19,"Lrch1-201",1.12798983374489e-19,"Up"
1.46799189849253e-24,1.02140137481996,0.494,0.057,1.12821049366745e-19,"Hip1-201",1.12821049366745e-19,"Up"
1.47500989587016e-24,1.05376178086318,0.506,0.061,1.13360410537206e-19,"Tmem140-201",1.13360410537206e-19,"Up"
1.47587894685144e-24,1.47343752804163,0.408,0.02,1.13427200581321e-19,"Inhba-201",1.13427200581321e-19,"Up"
1.53235759933721e-24,2.41878992144812,0.396,0.016,1.17767810939462e-19,"Atg2b-201",1.17767810939462e-19,"Up"
1.54562277781869e-24,1.48377668981228,0.396,0.016,1.18787292966477e-19,"Fbxw11-202",1.18787292966477e-19,"Up"
1.55052668105571e-24,1.39097705001223,0.808,0.259,1.19164177545856e-19,"Klf5-201",1.19164177545856e-19,"Up"
1.56638041716294e-24,1.41876514402597,0.408,0.02,1.20382600580641e-19,"Bsdc1-201",1.20382600580641e-19,"Up"
1.5861047173178e-24,1.75681266803912,0.396,0.016,1.21898491944742e-19,"Bcl10-201",1.21898491944742e-19,"Up"
1.66559010009416e-24,1.5112937350657,0.713,0.178,1.28007261552636e-19,"Son-203",1.28007261552636e-19,"Up"
1.68375458414129e-24,1.32456714387824,0.57,0.101,1.29403274809595e-19,"Foxp4-204",1.29403274809595e-19,"Up"
1.68482946913646e-24,1.11154744311986,0.566,0.089,1.29485884021014e-19,"Rab5c-202",1.29485884021014e-19,"Up"
1.69958684471942e-24,1.59253597097236,0.415,0.024,1.30620047364066e-19,"Inava-201",1.30620047364066e-19,"Up"
1.71557923715403e-24,2.03724206652817,0.445,0.036,1.31849126692236e-19,"Pprc1-203",1.31849126692236e-19,"Up"
1.72243030352343e-24,1.16210076705921,0.653,0.146,1.3237565854699e-19,"Csde1-211",1.3237565854699e-19,"Up"
1.73427621705093e-24,4.96556280105331,0.351,0,1.33286064385232e-19,"Itgb4-203",1.33286064385232e-19,"Up"
1.73959910314862e-24,2.05325497162703,0.385,0.012,1.33695149473384e-19,"Mindy3-201",1.33695149473384e-19,"Up"
1.82860351189991e-24,3.42843504349579,0.362,0.004,1.40535494303556e-19,"Msl1-201",1.40535494303556e-19,"Up"
1.82860351189991e-24,2.15742163601619,0.362,0.004,1.40535494303556e-19,"Map2k7-206",1.40535494303556e-19,"Up"
1.82860351189991e-24,3.36301899136806,0.362,0.004,1.40535494303556e-19,"Csf1r-206",1.40535494303556e-19,"Up"
1.8331855517086e-24,1.9694219337948,0.385,0.012,1.40887642391013e-19,"Ctsm-201",1.40887642391013e-19,"Up"
1.84862530368657e-24,2.168462852667,0.415,0.024,1.42074249089527e-19,"Smarcc2-203",1.42074249089527e-19,"Up"
1.85096038104623e-24,1.12825061458354,0.894,0.393,1.42253709124927e-19,"Pabpc1-201",1.42253709124927e-19,"Up"
1.85970419615294e-24,2.03259815844642,0.374,0.008,1.42925706291138e-19,"Ltbr-201",1.42925706291138e-19,"Up"
1.8958107068548e-24,1.24901556706733,0.415,0.024,1.45700636064619e-19,"Tollip-201",1.45700636064619e-19,"Up"
1.9497546919402e-24,1.0563882208671,0.547,0.081,1.49846447094372e-19,"Rabgef1-203",1.49846447094372e-19,"Up"
2.15205914330261e-24,1.61330158815138,0.453,0.04,1.65394353399379e-19,"Clock-205",1.65394353399379e-19,"Up"
2.16500502502447e-24,3.00793001952012,0.381,0.012,1.66389296193231e-19,"Il17rd-201",1.66389296193231e-19,"Up"
2.17238722377173e-24,2.33718520353603,0.574,0.126,1.66956647695752e-19,"Wnk1-203",1.66956647695752e-19,"Up"
2.18189556221767e-24,1.10695571443229,0.457,0.04,1.67687401538676e-19,"Gnptab-201",1.67687401538676e-19,"Up"
2.21538290088363e-24,1.03072918155068,0.491,0.057,1.70261037464511e-19,"Slc43a3-201",1.70261037464511e-19,"Up"
2.23566140361422e-24,2.26305350767545,0.442,0.036,1.71819521513367e-19,"Eps8-202",1.71819521513367e-19,"Up"
2.35494560471967e-24,2.20580816686157,0.404,0.02,1.80986989505126e-19,"Large1-204",1.80986989505126e-19,"Up"
2.46684826132262e-24,1.97616367786166,0.483,0.061,1.89587156275689e-19,"Tnnt2-209",1.89587156275689e-19,"Up"
2.46684826132262e-24,1.97616367786166,0.483,0.061,1.89587156275689e-19,"Tnnt2-207",1.89587156275689e-19,"Up"
2.59271416805968e-24,1.96100573385839,0.392,0.016,1.99260454672059e-19,"Cmip-201",1.99260454672059e-19,"Up"
2.64717330487571e-24,3.16685918836072,0.381,0.012,2.03445857172918e-19,"Sh3d19-204",2.03445857172918e-19,"Up"
2.67482325476349e-24,1.94223253841273,0.404,0.02,2.05570866421593e-19,"Igf1r-201",2.05570866421593e-19,"Up"
2.68352794642805e-24,2.7126156149272,0.392,0.016,2.06239856794782e-19,"Col6a2-202",2.06239856794782e-19,"Up"
2.78039315955573e-24,2.44866124109382,0.411,0.024,2.13684335884496e-19,"Csnk1e-201",2.13684335884496e-19,"Up"
2.79073412310255e-24,2.25583902814062,0.404,0.02,2.14479080296923e-19,"Marf1-201",2.14479080296923e-19,"Up"
2.81590769185042e-24,1.07464695148834,0.483,0.053,2.16413769749472e-19,"Kpna1-201",2.16413769749472e-19,"Up"
2.92016842307644e-24,1.80827250720508,0.453,0.04,2.24426623987117e-19,"Mef2a-204",2.24426623987117e-19,"Up"
2.94285253467835e-24,5.20602334955953,0.358,0.004,2.2616998870017e-19,"Ddr1-202",2.2616998870017e-19,"Up"
2.99126683733839e-24,2.85817585720864,0.381,0.012,2.29890821516805e-19,"Dcn-204",2.29890821516805e-19,"Up"
3.02849286011271e-24,1.79699332018428,0.423,0.028,2.32751790271102e-19,"Apaf1-201",2.32751790271102e-19,"Up"
3.27632234979802e-24,1.05135512351727,0.63,0.126,2.51798477871377e-19,"Arpc1b-201",2.51798477871377e-19,"Up"
3.30967054113411e-24,1.73599817585922,0.532,0.089,2.54361419768321e-19,"Tcf7l2-201",2.54361419768321e-19,"Up"
3.34484781798577e-24,1.26941856103082,0.423,0.028,2.57064934203478e-19,"Rapgef2-202",2.57064934203478e-19,"Up"
3.35263964679275e-24,4.03173887795966,0.389,0.016,2.5766376741461e-19,"Tm4sf1-205",2.5766376741461e-19,"Up"
3.40207502985329e-24,6.1217397123682,0.347,0,2.61463074344344e-19,"Nfatc2-202",2.61463074344344e-19,"Up"
3.49946723299015e-24,2.25106768603388,0.381,0.012,2.68948054724225e-19,"Tmtc3-201",2.68948054724225e-19,"Up"
3.52389062517741e-24,1.83507937571962,0.487,0.057,2.70825090107385e-19,"Nbr1-206",2.70825090107385e-19,"Up"
3.58268079868017e-24,2.30061724339783,0.37,0.008,2.75343350101766e-19,"Snx7-201",2.75343350101766e-19,"Up"
3.58268079868017e-24,2.84603217398237,0.37,0.008,2.75343350101766e-19,"Lrrc8a-202",2.75343350101766e-19,"Up"
3.64661426417745e-24,2.09497507330987,0.37,0.008,2.80256892659094e-19,"Pik3ca-201",2.80256892659094e-19,"Up"
3.75549088683748e-24,1.37836693167095,0.423,0.028,2.88624496617007e-19,"Arnt-202",2.88624496617007e-19,"Up"
3.78637372587707e-24,1.40585028425411,0.743,0.211,2.90997966328556e-19,"Brd2-201",2.90997966328556e-19,"Up"
3.96481214081864e-24,1.1115457658599,0.747,0.206,3.04711672270475e-19,"Ifrd1-201",3.04711672270475e-19,"Up"
4.03090957111118e-24,-1.08126049633071,0.532,0.073,3.09791524178178e-19,"Apoe-206",3.09791524178178e-19,"Down"
4.04545306081485e-24,1.59590464799731,0.423,0.028,3.10909249535865e-19,"Mapre2-201",3.10909249535865e-19,"Up"
4.08855426765316e-24,1.3320607639377,0.411,0.024,3.14221749686216e-19,"Sowahc-201",3.14221749686216e-19,"Up"
4.08855426765316e-24,1.56545064641112,0.411,0.024,3.14221749686216e-19,"Tfdp2-201",3.14221749686216e-19,"Up"
4.22302516684967e-24,1.50314723090717,0.947,0.518,3.24556376173065e-19,"Lars2-209",3.24556376173065e-19,"Up"
4.30331762050385e-24,2.01959799795063,0.389,0.016,3.30727172406203e-19,"B4galnt1-201",3.30727172406203e-19,"Up"
4.31169902982928e-24,1.30944226718301,0.479,0.053,3.313713172385e-19,"Tnks1bp1-203",3.313713172385e-19,"Up"
4.33049500360585e-24,1.56701656596939,0.438,0.036,3.32815863007124e-19,"Rnf111-204",3.32815863007124e-19,"Up"
4.38898190524558e-24,1.20886220206422,0.506,0.065,3.37310815345744e-19,"Ptpn11-202",3.37310815345744e-19,"Up"
4.51746378185982e-24,1.02781666968426,0.468,0.049,3.47185161491055e-19,"Erbin-201",3.47185161491055e-19,"Up"
4.54116329961251e-24,1.12568977967279,0.423,0.028,3.4900656422842e-19,"Gadd45b-201",3.4900656422842e-19,"Up"
4.67244634897841e-24,1.81630171009868,0.43,0.032,3.59096191704387e-19,"Micall1-201",3.59096191704387e-19,"Up"
4.68991771576971e-24,1.01702346122728,0.472,0.049,3.60438936127765e-19,"Bmp2-201",3.60438936127765e-19,"Up"
4.75261959856624e-24,1.38307377095829,0.411,0.024,3.65257826628209e-19,"Psg19-201",3.65257826628209e-19,"Up"
4.75557648579778e-24,2.31488801952566,0.4,0.02,3.65485075239503e-19,"Dlg1-203",3.65485075239503e-19,"Up"
4.82648945026352e-24,1.08729757006525,0.668,0.15,3.70935020210552e-19,"Serpinb9b-201",3.70935020210552e-19,"Up"
4.83667200434433e-24,1.34879263641457,0.713,0.202,3.71717590221879e-19,"Sec24a-204",3.71717590221879e-19,"Up"
4.85345233905094e-24,1.66187510704174,0.389,0.016,3.73007226065421e-19,"Ccng2-201",3.73007226065421e-19,"Up"
5.01998924019163e-24,1.45317937761766,0.475,0.053,3.85806253065687e-19,"ENSMUST00000249896.1",3.85806253065687e-19,"Up"
5.09371399571721e-24,1.16540695076022,0.74,0.227,3.9147229542685e-19,"Myl12a-206",3.9147229542685e-19,"Up"
5.26403095522817e-24,1.51745676039386,0.4,0.02,4.04561835033106e-19,"Arhgap12-208",4.04561835033106e-19,"Up"
5.3087562193322e-24,1.99639871872335,0.4,0.02,4.07999150480557e-19,"Mark3-201",4.07999150480557e-19,"Up"
5.47316401103817e-24,2.36983309024255,0.389,0.016,4.20634546904328e-19,"Prl2b1-201",4.20634546904328e-19,"Up"
5.49145231184352e-24,1.92789676533403,0.4,0.02,4.22040075974422e-19,"Mark3-202",4.22040075974422e-19,"Up"
5.704520692238e-24,1.6624026042348,0.509,0.069,4.38415233281259e-19,"Gldc-201",4.38415233281259e-19,"Up"
5.73058496956494e-24,1.46624442698127,0.43,0.032,4.40418377250944e-19,"Med1-203",4.40418377250944e-19,"Up"
6.09975054171769e-24,1.07008378849677,0.442,0.036,4.68790228133171e-19,"Ccser2-201",4.68790228133171e-19,"Up"
6.11850095322128e-24,1.14976678047147,0.389,0.016,4.70231272258868e-19,"Mertk-201",4.70231272258868e-19,"Up"
6.13448432043512e-24,4.62027006558938,0.355,0.004,4.71459657962721e-19,"Rbck1-202",4.71459657962721e-19,"Up"
6.49436068299861e-24,1.29008696034796,0.796,0.275,4.99117595931175e-19,"Tagln2-202",4.99117595931175e-19,"Up"
6.60348386094094e-24,1.19142353709494,0.46,0.045,5.07504148648755e-19,"Tnfaip1-201",5.07504148648755e-19,"Up"
6.60621171595749e-24,2.5305876298729,0.377,0.012,5.07713795218197e-19,"Atad1-207",5.07713795218197e-19,"Up"
6.60621171595749e-24,2.5305876298729,0.377,0.012,5.07713795218197e-19,"Atad1-201",5.07713795218197e-19,"Up"
6.60621171595749e-24,2.5305876298729,0.377,0.012,5.07713795218197e-19,"Atad1-204",5.07713795218197e-19,"Up"
6.65679611868398e-24,5.18543347890544,0.343,0,5.11601408905339e-19,"H2-Q1-203",5.11601408905339e-19,"Up"
6.65679611868398e-24,5.18543347890544,0.343,0,5.11601408905339e-19,"H2-Q1-202",5.11601408905339e-19,"Up"
6.65679611868398e-24,5.18543347890544,0.343,0,5.11601408905339e-19,"H2-Q1-201",5.11601408905339e-19,"Up"
6.76170347146914e-24,1.11835715366872,0.46,0.045,5.19663958596289e-19,"Mbtps1-201",5.19663958596289e-19,"Up"
6.80042036967077e-24,1.52337941515891,0.43,0.032,5.22639507090677e-19,"Nr3c1-204",5.22639507090677e-19,"Up"
6.8418478545613e-24,1.29764794719212,0.513,0.069,5.25823375014454e-19,"Arid4b-203",5.25823375014454e-19,"Up"
6.88624148535721e-24,3.03964696428286,0.396,0.02,5.29235203115643e-19,"Trpm6-201",5.29235203115643e-19,"Up"
6.96632641716885e-24,2.739857510321,0.438,0.04,5.35390050465095e-19,"Ephb2-202",5.35390050465095e-19,"Up"
6.96859754289683e-24,1.39537614819879,0.43,0.032,5.35564595561793e-19,"Cyfip1-202",5.35564595561793e-19,"Up"
7.11501029150897e-24,1.29970510642154,0.419,0.028,5.46817000943631e-19,"Ttll4-201",5.46817000943631e-19,"Up"
7.5592496898063e-24,1.01557881773617,0.577,0.101,5.80958575660373e-19,"Slc2a1-201",5.80958575660373e-19,"Up"
7.75006974184787e-24,1.71110975729723,0.438,0.036,5.95623859939976e-19,"Serinc5-201",5.95623859939976e-19,"Up"
7.81959957773288e-24,2.33142490988299,0.408,0.024,6.00967505947083e-19,"Rc3h2-203",6.00967505947083e-19,"Up"
7.84172283083437e-24,1.9166854886363,0.434,0.036,6.02667766440945e-19,"Tnpo3-201",6.02667766440945e-19,"Up"
7.91779771016607e-24,1.12906489834316,0.487,0.057,6.08514425217103e-19,"Smarcc1-201",6.08514425217103e-19,"Up"
7.9193331039215e-24,1.1491762356614,0.419,0.028,6.08632426368783e-19,"Gdpd5-201",6.08632426368783e-19,"Up"
7.95116811678599e-24,1.20372133242564,0.408,0.024,6.1107907444747e-19,"Slc36a4-201",6.1107907444747e-19,"Up"
8.1412141630324e-24,1.45044854822761,0.449,0.04,6.25684873285692e-19,"Nectin2-202",6.25684873285692e-19,"Up"
8.47096918500757e-24,1.01578968016384,0.43,0.032,6.51027865744572e-19,"Sh3pxd2b-203",6.51027865744572e-19,"Up"
8.55417360769938e-24,1.17386211415283,0.457,0.045,6.57422458446128e-19,"Puf60-204",6.57422458446128e-19,"Up"
8.58036897984763e-24,2.2120045682918,0.396,0.02,6.5943567757721e-19,"Prdm4-201",6.5943567757721e-19,"Up"
8.8189614694278e-24,1.03198681308343,0.8,0.235,6.77772464771405e-19,"Ctsb-201",6.77772464771405e-19,"Up"
9.10105042223699e-24,1.01421583966239,0.449,0.04,6.99452129150602e-19,"Ncstn-204",6.99452129150602e-19,"Up"
9.11172526333343e-24,1.43022347266943,0.457,0.045,7.00272533388228e-19,"Gtpbp2-201",7.00272533388228e-19,"Up"
9.12190718688309e-24,1.41902599615311,0.528,0.081,7.01055054940713e-19,"Leng8-201",7.01055054940713e-19,"Up"
9.87291269166445e-24,1.29469805384111,0.445,0.04,7.5877283200518e-19,"Frmd4a-202",7.5877283200518e-19,"Up"
9.89359900824688e-24,1.38353583586972,0.426,0.032,7.60362658179806e-19,"Azi2-201",7.60362658179806e-19,"Up"
1.02182216410535e-23,2.70082158276133,0.385,0.016,7.85311206001528e-19,"Col6a2-203",7.85311206001528e-19,"Up"
1.02824537200473e-23,5.42253387563183,0.351,0.004,7.90247698200513e-19,"Zfp236-201",7.90247698200513e-19,"Up"
1.02997166369433e-23,1.05931522525338,0.525,0.077,7.91574422415638e-19,"Tjp2-202",7.91574422415638e-19,"Up"
1.04671741004238e-23,1.01939893686035,0.408,0.024,8.04444198313967e-19,"Pip5k1c-210",8.04444198313967e-19,"Up"
1.0521899293884e-23,1.6340390727878,0.483,0.057,8.0865004833216e-19,"Tor1aip1-202",8.0865004833216e-19,"Up"
1.07978989905269e-23,1.07642612168472,0.506,0.065,8.29861729017957e-19,"Dlg5-202",8.29861729017957e-19,"Up"
1.1266195314451e-23,1.02386362272005,0.487,0.057,8.6585217469682e-19,"Nuak1-201",8.6585217469682e-19,"Up"
1.14516443320898e-23,1.33124585386961,0.457,0.045,8.80104673498431e-19,"Trim33-201",8.80104673498431e-19,"Up"
1.16170038043751e-23,2.07971822640903,0.385,0.016,8.92813210381444e-19,"Sin3a-208",8.92813210381444e-19,"Up"
1.16261793329266e-23,1.3213614233178,0.396,0.02,8.9351838645274e-19,"Ext1-201",8.9351838645274e-19,"Up"
1.184924920879e-23,1.47472232911737,0.46,0.049,9.10662198692347e-19,"Mkln1-201",9.10662198692347e-19,"Up"
1.20210164197589e-23,3.97440569237506,0.389,0.02,9.23863195924154e-19,"Cldn18-202",9.23863195924154e-19,"Up"
1.21964499298888e-23,3.52646647157699,0.381,0.016,9.37345962911676e-19,"Kif1b-201",9.37345962911676e-19,"Up"
1.25242407362317e-23,2.49265470454983,0.404,0.024,9.62537997542351e-19,"Dapk1-201",9.62537997542351e-19,"Up"
1.27688377498777e-23,2.34065793812278,0.374,0.012,9.81336256429102e-19,"Ptpn9-201",9.81336256429102e-19,"Up"
1.28331808121214e-23,1.46337214292454,0.426,0.032,9.86281278134782e-19,"Diaph1-204",9.86281278134782e-19,"Up"
1.2871213833755e-23,2.07513609426475,0.385,0.016,9.8920426797941e-19,"Mtmr6-201",9.8920426797941e-19,"Up"
1.30983363362958e-23,4.181099743857,0.351,0.004,1.00665954078968e-18,"Zkscan1-201",1.00665954078968e-18,"Up"
1.31182948295772e-23,1.17836993115004,0.415,0.028,1.00819343083233e-18,"Rapgef2-201",1.00819343083233e-18,"Up"
1.33144074922644e-23,2.94228070556777,0.362,0.008,1.02326547341049e-18,"Tmem33-201",1.02326547341049e-18,"Up"
1.33208404353178e-23,1.44805130791339,0.464,0.049,1.02375987081591e-18,"Pxk-205",1.02375987081591e-18,"Up"
1.3454912917422e-23,3.18538169987452,0.351,0.004,1.03406387735555e-18,"Prl8a6-201",1.03406387735555e-18,"Up"
1.36979541174617e-23,4.02775376318464,0.351,0.004,1.0527425657434e-18,"Per2-201",1.0527425657434e-18,"Up"
1.39559162175973e-23,1.15408194939252,0.487,0.057,1.07256798498722e-18,"Rbm27-203",1.07256798498722e-18,"Up"
1.44670507140379e-23,2.76487587926654,0.525,0.089,1.11185071557667e-18,"Fn1-216",1.11185071557667e-18,"Up"
1.46156908809116e-23,1.85735034151494,0.411,0.028,1.12327430696158e-18,"Flot1-201",1.12327430696158e-18,"Up"
1.481684265922e-23,1.25491631785845,0.472,0.053,1.1387336257317e-18,"Iws1-201",1.1387336257317e-18,"Up"
1.54654786353824e-23,1.0718135886123,0.426,0.032,1.18858389504368e-18,"Dip2b-202",1.18858389504368e-18,"Up"
1.69904542315359e-23,1.17577492739978,0.434,0.036,1.30578436951046e-18,"Ncoa2-202",1.30578436951046e-18,"Up"
1.70397435407003e-23,1.83036829075295,0.404,0.024,1.30957245007698e-18,"Iqschfp-201",1.30957245007698e-18,"Up"
1.70397435407003e-23,1.83036829041696,0.404,0.024,1.30957245007698e-18,"Schip1-201",1.30957245007698e-18,"Up"
1.71091876294657e-23,3.1087366069214,0.37,0.012,1.31490950607496e-18,"Efcab14-201",1.31490950607496e-18,"Up"
1.74658390958594e-23,1.79658405031061,0.423,0.032,1.34231959787318e-18,"Flcn-203",1.34231959787318e-18,"Up"
1.74658390958594e-23,1.61549124420053,0.423,0.032,1.34231959787318e-18,"Ggta1-202",1.34231959787318e-18,"Up"
1.75789219250334e-23,2.40727276824878,0.434,0.04,1.35101046562652e-18,"Nupr1-202",1.35101046562652e-18,"Up"
1.78023247105185e-23,1.77569389924669,0.442,0.04,1.36817986330219e-18,"Dusp9-201",1.36817986330219e-18,"Up"
1.79718093477695e-23,1.12781396654453,0.434,0.036,1.38120543561348e-18,"Ncoa2-203",1.38120543561348e-18,"Up"
1.83623005414777e-23,1.23641869739679,0.404,0.024,1.41121624581473e-18,"Usp46-201",1.41121624581473e-18,"Up"
1.91033503807655e-23,1.29221154544045,0.54,0.089,1.46816889016335e-18,"Papola-202",1.46816889016335e-18,"Up"
1.9242505793318e-23,1.255488680387,0.543,0.085,1.47886354023966e-18,"Mycbp2-209",1.47886354023966e-18,"Up"
1.92641075570001e-23,1.07435340282436,0.472,0.053,1.48052372218569e-18,"Puf60-201",1.48052372218569e-18,"Up"
1.92999706685361e-23,1.28110249798263,0.404,0.024,1.48327994575967e-18,"Synj1-203",1.48327994575967e-18,"Up"
2.12647035298444e-23,2.07185958608234,0.381,0.016,1.63427752508266e-18,"Slc16a3-201",1.63427752508266e-18,"Up"
2.16212110820939e-23,1.34372313094911,0.37,0.012,1.66167655650325e-18,"Xiap-204",1.66167655650325e-18,"Up"
2.21836676503785e-23,1.74067260787991,0.392,0.02,1.70490359360219e-18,"Tug1-202",1.70490359360219e-18,"Up"
2.21909808190544e-23,2.14363770784425,0.381,0.016,1.70546563986761e-18,"Rabgap1l-201",1.70546563986761e-18,"Up"
2.23708506017017e-23,1.21773647519144,0.392,0.02,1.71928935214319e-18,"Pip5k1c-201",1.71928935214319e-18,"Up"
2.24161223052019e-23,1.53251512541299,0.475,0.057,1.72276866364399e-18,"Rabep1-201",1.72276866364399e-18,"Up"
2.2671820348875e-23,1.01447660596205,0.498,0.065,1.74242008109244e-18,"Foxa2-201",1.74242008109244e-18,"Up"
2.28101709420826e-23,1.03083990338838,0.608,0.121,1.75305287758282e-18,"Abhd5-204",1.75305287758282e-18,"Up"
2.31353506617701e-23,1.48037290935086,0.392,0.02,1.77804423975968e-18,"Atp7a-201",1.77804423975968e-18,"Up"
2.3575965234925e-23,2.65870588814038,0.37,0.012,1.81190723216492e-18,"Dnajc14-201",1.81190723216492e-18,"Up"
2.36401327455557e-23,1.51830402811634,0.494,0.065,1.81683876202694e-18,"Tjp2-204",1.81683876202694e-18,"Up"
2.39855848323101e-23,1.43983060792995,0.494,0.069,1.84338813670236e-18,"Gata4-202",1.84338813670236e-18,"Up"
2.41562075976358e-23,1.09973760458103,0.423,0.032,1.8565011787087e-18,"Rab7b-202",1.8565011787087e-18,"Up"
2.42870122742674e-23,1.50533750367411,0.46,0.049,1.86655404132655e-18,"Usp19-204",1.86655404132655e-18,"Up"
2.50434348644744e-23,1.02371477504939,0.532,0.081,1.92468814307432e-18,"Rnase4-201",1.92468814307432e-18,"Up"
2.52938375792661e-23,6.5929462544604,0.336,0,1.94393259331691e-18,"Khnyn-202",1.94393259331691e-18,"Up"
2.54843038191573e-23,2.04507064718036,0.37,0.012,1.95857068571751e-18,"Camsap2-202",1.95857068571751e-18,"Up"
2.5849908468565e-23,1.33934868763313,0.442,0.04,1.9866688654431e-18,"Mmp14-201",1.9866688654431e-18,"Up"
2.59764005574449e-23,1.48195359994589,0.411,0.028,1.99639028844187e-18,"Snx30-201",1.99639028844187e-18,"Up"
2.63424811808655e-23,1.86892509827826,0.4,0.024,2.02452504867424e-18,"Wbp1l-204",2.02452504867424e-18,"Up"
2.66023729583937e-23,3.12181764632872,0.358,0.008,2.04449877134439e-18,"Chmp4c-201",2.04449877134439e-18,"Up"
2.66663042189407e-23,3.17987741074781,0.347,0.004,2.04941214444247e-18,"Bgn-201",2.04941214444247e-18,"Up"
2.68369923301672e-23,2.31691622464598,0.358,0.008,2.06253020854267e-18,"9930021J03Rik-204",2.06253020854267e-18,"Up"
2.72317543466716e-23,2.28116158748568,0.4,0.024,2.0928692485591e-18,"Sfxn3-203",2.0928692485591e-18,"Up"
2.79181568041817e-23,1.93011055008559,0.4,0.024,2.14562202302858e-18,"Setd1a-201",2.14562202302858e-18,"Up"
2.79181568041817e-23,1.9224350919007,0.4,0.024,2.14562202302858e-18,"Setd1a-202",2.14562202302858e-18,"Up"
2.82740862635e-23,1.90274626357177,0.43,0.036,2.17297662569503e-18,"Dennd1a-201",2.17297662569503e-18,"Up"
2.88537542253616e-23,1.74847018164024,0.475,0.057,2.21752642723594e-18,"Mitf-202",2.21752642723594e-18,"Up"
2.90920126154901e-23,1.10866901064571,0.815,0.287,2.23583753755087e-18,"Fbxo32-201",2.23583753755087e-18,"Up"
2.92548337456391e-23,1.50403930824592,0.449,0.045,2.24835099268734e-18,"Nav1-208",2.24835099268734e-18,"Up"
2.96121575095109e-23,1.50765454991037,0.411,0.028,2.27581275323595e-18,"Atp6v1e1-201",2.27581275323595e-18,"Up"
3.09512545938756e-23,2.43966183201612,0.389,0.02,2.37872772055772e-18,"Asxl2-207",2.37872772055772e-18,"Up"
3.2411410930077e-23,1.68368815483948,0.4,0.024,2.49094657562014e-18,"Rnf6-208",2.49094657562014e-18,"Up"
3.35032930851132e-23,1.88233041679884,0.4,0.024,2.57486208676329e-18,"Usp18-201",2.57486208676329e-18,"Up"
3.3600794154204e-23,2.92325991856249,0.377,0.016,2.5823554339272e-18,"Tpbpb-202",2.5823554339272e-18,"Up"
3.42731856405503e-23,1.07413280153491,0.57,0.101,2.63403140921885e-18,"Tgfbr2-202",2.63403140921885e-18,"Up"
3.43895225817641e-23,4.0988117074803,0.366,0.012,2.6429723684989e-18,"Atl3-202",2.6429723684989e-18,"Up"
3.52203355128423e-23,1.39453253404465,0.438,0.04,2.70682366550398e-18,"Frmd4a-219",2.70682366550398e-18,"Up"
3.53468762663328e-23,1.03164184591666,0.736,0.215,2.71654882857274e-18,"Aff1-202",2.71654882857274e-18,"Up"
3.55945087981141e-23,2.27185516740894,0.43,0.04,2.73558037917026e-18,"Eif4a2-201",2.73558037917026e-18,"Up"
3.68403666191552e-23,1.19657593811304,0.619,0.13,2.83132953614855e-18,"Sirt5-209",2.83132953614855e-18,"Up"
3.74966138722331e-23,3.32221711318199,0.366,0.012,2.8817647625366e-18,"Sfi1-216",2.8817647625366e-18,"Up"
3.80742803469978e-23,2.04847513249263,0.434,0.04,2.92616074178817e-18,"Cert1-206",2.92616074178817e-18,"Up"
3.85022238613814e-23,1.76589664619571,0.389,0.02,2.95904991264261e-18,"Chuk-201",2.95904991264261e-18,"Up"
3.85647639382987e-23,1.60465552384949,0.4,0.024,2.96385636771401e-18,"Rab31-201",2.96385636771401e-18,"Up"
4.15198929242685e-23,2.23131325963385,0.389,0.02,3.19096985080173e-18,"Ptk2b-203",3.19096985080173e-18,"Up"
4.26855351217614e-23,2.81646674237024,0.366,0.012,3.28055411624785e-18,"Mat2a-202",3.28055411624785e-18,"Up"
4.29240277812028e-23,1.53964817204445,0.438,0.04,3.29888323109656e-18,"Pigk-204",3.29888323109656e-18,"Up"
4.31474592239497e-23,1.71298753928052,0.853,0.421,3.31605483119743e-18,"Peg3-201",3.31605483119743e-18,"Up"
4.38056169236053e-23,2.34226724820266,0.366,0.012,3.36663688304676e-18,"Slc22a23-205",3.36663688304676e-18,"Up"
4.41200434069792e-23,2.14847679597919,0.377,0.016,3.39080181599998e-18,"Cacul1-201",3.39080181599998e-18,"Up"
4.43981558828425e-23,1.33530582690923,0.389,0.02,3.41217587221998e-18,"Yipf6-201",3.41217587221998e-18,"Up"
4.50001656563845e-23,-3.21398970049538,0.087,0.466,3.45844273135577e-18,"Nid1-202",3.45844273135577e-18,"Down"
4.68240100046787e-23,1.22111873877416,0.377,0.016,3.59861246489958e-18,"Inppl1-203",3.59861246489958e-18,"Up"
4.72696366103219e-23,2.15621728143488,0.408,0.028,3.63286065204968e-18,"Kmt5b-208",3.63286065204968e-18,"Up"
4.84425368152949e-23,2.33865777861948,0.408,0.028,3.72300272440267e-18,"Prickle2-201",3.72300272440267e-18,"Up"
4.8584439872582e-23,2.02413577357054,0.366,0.012,3.73390854196742e-18,"Tnrc6c-202",3.73390854196742e-18,"Up"
4.8584439872582e-23,2.02413577357054,0.366,0.012,3.73390854196742e-18,"Tnrc6c-201",3.73390854196742e-18,"Up"
4.91193459469664e-23,5.01002195816944,0.332,0,3.77501821340815e-18,"Prl8a8-204",3.77501821340815e-18,"Up"
4.95005584810169e-23,1.05498552487964,0.815,0.247,3.80431592150007e-18,"Tob1-201",3.80431592150007e-18,"Up"
5.17816059788755e-23,3.2658508350994,0.343,0.004,3.9796235459005e-18,"Dstyk-201",3.9796235459005e-18,"Up"
5.25478172442795e-23,1.67899591297467,0.355,0.008,4.03850994649186e-18,"Tirap-201",4.03850994649186e-18,"Up"
5.25478172442795e-23,1.9444937920173,0.355,0.008,4.03850994649186e-18,"Pik3ca-203",4.03850994649186e-18,"Up"
5.45174456417084e-23,1.55136302126527,0.415,0.032,4.18988376734786e-18,"Gucd1-201",4.18988376734786e-18,"Up"
5.56659078414874e-23,1.54087145894471,0.404,0.028,4.27814768124968e-18,"Zmynd11-203",4.27814768124968e-18,"Up"
5.61099838495156e-23,1.45858146552743,0.408,0.028,4.31227669877067e-18,"Rsbn1l-201",4.31227669877067e-18,"Up"
5.61099838495156e-23,1.19878038121411,0.408,0.028,4.31227669877067e-18,"Eif4h-203",4.31227669877067e-18,"Up"
5.61389381243994e-23,1.21291918059258,0.438,0.04,4.31450195061259e-18,"Neu1-201",4.31450195061259e-18,"Up"
5.70328071236315e-23,1.59070752819932,0.408,0.028,4.38319935867958e-18,"Shc1-201",4.38319935867958e-18,"Up"
5.95845825342827e-23,1.3280541814993,0.449,0.045,4.57931350608976e-18,"Anxa11-201",4.57931350608976e-18,"Up"
6.03090288557317e-23,1.86121697518044,0.385,0.02,4.6349901036784e-18,"Tm9sf4-201",4.6349901036784e-18,"Up"
6.15379726801154e-23,1.66075661287025,0.415,0.032,4.72943935235759e-18,"Samd4b-204",4.72943935235759e-18,"Up"
6.29655467492177e-23,1.89833174368212,0.442,0.045,4.83915412986438e-18,"Fdft1-204",4.83915412986438e-18,"Up"
6.3927059555923e-23,1.20827133379462,0.408,0.028,4.91305023511091e-18,"Tet2-201",4.91305023511091e-18,"Up"
6.44893429010265e-23,2.51281991508883,0.385,0.02,4.95626395931549e-18,"Denn2b-202",4.95626395931549e-18,"Up"
6.52906731481862e-23,1.08226002571051,0.491,0.065,5.0178493941307e-18,"Tmem214-202",5.0178493941307e-18,"Up"
6.61138179216228e-23,2.00033503706217,0.374,0.016,5.0811113625484e-18,"Cdkn2aip-201",5.0811113625484e-18,"Up"
6.74618149447502e-23,1.02933555031407,0.611,0.126,5.18471032576384e-18,"Nxf7-202",5.18471032576384e-18,"Up"
6.83993710673204e-23,2.22114569748416,0.374,0.016,5.25676526400784e-18,"Rbm20-203",5.25676526400784e-18,"Up"
6.84612094886542e-23,1.28665515744508,0.396,0.024,5.26151779404103e-18,"Clasp1-203",5.26151779404103e-18,"Up"
7.05413447731424e-23,1.33972718856948,0.506,0.077,5.42138451119509e-18,"Zyx-207",5.42138451119509e-18,"Up"
7.07092732431154e-23,2.22773640889102,0.385,0.02,5.43429048582639e-18,"Tpst2-201",5.43429048582639e-18,"Up"
7.07092732431154e-23,2.22773640889102,0.385,0.02,5.43429048582639e-18,"Tpst2-208",5.43429048582639e-18,"Up"
7.07582114431109e-23,1.48676911701056,0.396,0.024,5.43805158224884e-18,"Ibtk-201",5.43805158224884e-18,"Up"
7.56024264384542e-23,1.43379494431769,0.385,0.02,5.81034888150096e-18,"Arhgap12-202",5.81034888150096e-18,"Up"
7.56024264384542e-23,2.06328937701648,0.385,0.02,5.81034888150096e-18,"Zfp335-201",5.81034888150096e-18,"Up"
7.88293498480687e-23,2.02317932505452,0.385,0.02,6.05835085322347e-18,"Dennd5a-201",6.05835085322347e-18,"Up"
7.94729441365809e-23,1.28500053499009,0.426,0.036,6.10781364867279e-18,"Arhgef1-201",6.10781364867279e-18,"Up"
8.01524092400253e-23,1.1095365581153,0.683,0.174,6.1600332597329e-18,"Bnip3-201",6.1600332597329e-18,"Up"
8.05063497652829e-23,3.17347523666699,0.362,0.012,6.18723500486106e-18,"Npnt-206",6.18723500486106e-18,"Up"
8.17446118711207e-23,2.13170136149263,0.374,0.016,6.28240040074311e-18,"Gpc3-201",6.28240040074311e-18,"Up"
8.190535427631e-23,2.97835696886721,0.362,0.012,6.29475409755153e-18,"Sfi1-202",6.29475409755153e-18,"Up"
8.23132051877799e-23,1.04967424786359,0.755,0.223,6.32609907150163e-18,"Slc38a6-208",6.32609907150163e-18,"Up"
8.46901421455186e-23,1.12039720840168,0.426,0.036,6.50877618445169e-18,"Dok2-201",6.50877618445169e-18,"Up"
8.67422645090594e-23,1.34003520483378,0.374,0.016,6.66648999657925e-18,"Dnajc14-202",6.66648999657925e-18,"Up"
8.70161292699762e-23,1.05733560514769,0.415,0.032,6.68753759891475e-18,"Adamts1-201",6.68753759891475e-18,"Up"
8.8504629877536e-23,2.14650454424914,0.362,0.012,6.80193482460816e-18,"Scaf1-206",6.80193482460816e-18,"Up"
9.00411496633578e-23,2.30625275746951,0.362,0.012,6.9200225162277e-18,"Tnrc6c-205",6.9200225162277e-18,"Up"
9.08708377684254e-23,2.04602174967003,0.392,0.024,6.98378736585457e-18,"Wbp1l-202",6.98378736585457e-18,"Up"
9.39989439177836e-23,2.38161407068899,0.362,0.012,7.22419483585734e-18,"Tyro3-201",7.22419483585734e-18,"Up"
9.40371698710397e-23,2.73651715148906,0.351,0.008,7.22713265326888e-18,"Ifih1-201",7.22713265326888e-18,"Up"
9.4810926925186e-23,2.83378404244097,0.362,0.012,7.28659897790825e-18,"Map3k11-201",7.28659897790825e-18,"Up"
9.48588752864637e-23,1.17662288286164,0.445,0.045,7.29028400126588e-18,"Sertad2-201",7.29028400126588e-18,"Up"
9.64557802640413e-23,1.88382304527939,0.362,0.012,7.41301253641263e-18,"Ceacam3-201",7.41301253641263e-18,"Up"
9.65363483006112e-23,3.06404600294619,0.351,0.008,7.41920451229518e-18,"Ppp1r3f-201",7.41920451229518e-18,"Up"
9.76589658528425e-23,3.88903804163151,0.34,0.004,7.50548216165436e-18,"Sos2-206",7.50548216165436e-18,"Up"
9.77620048926174e-23,1.88434732521723,0.404,0.028,7.51340112401722e-18,"Prickle2-203",7.51340112401722e-18,"Up"
9.82556979006859e-23,2.2144037344876,0.717,0.275,7.55134340645931e-18,"Peg3-205",7.55134340645931e-18,"Up"
9.84769967313271e-23,2.20616914511944,0.679,0.251,7.56835110678941e-18,"H2-K1-201",7.56835110678941e-18,"Up"
9.8560887326497e-23,1.86604296924462,0.404,0.028,7.5747984345906e-18,"Prickle2-204",7.5747984345906e-18,"Up"
9.98306983559095e-23,1.2305773877991,0.362,0.012,7.67238849144507e-18,"Slc9a6-201",7.67238849144507e-18,"Up"
9.98306983559095e-23,1.69715588902394,0.362,0.012,7.67238849144507e-18,"Tlnrd1-201",7.67238849144507e-18,"Up"
1.00299457625981e-22,2.86911954785274,0.34,0.004,7.70841451638712e-18,"Fbxl3-206",7.70841451638712e-18,"Up"
1.01161843025389e-22,1.94479053471785,0.392,0.024,7.77469228387326e-18,"Zfp773-202",7.77469228387326e-18,"Up"
1.01733614278074e-22,1.94100139195796,0.351,0.008,7.81863519172709e-18,"Magt1-204",7.81863519172709e-18,"Up"
1.01733614278074e-22,1.94100139219848,0.351,0.008,7.81863519172709e-18,"Magt1-205",7.81863519172709e-18,"Up"
1.08333257345803e-22,1.42442805936003,0.857,0.389,8.32584416005438e-18,"Epcam-204",8.32584416005438e-18,"Up"
1.11470877358844e-22,1.45793697837019,0.381,0.02,8.56698280853662e-18,"Dusp16-201",8.56698280853662e-18,"Up"
1.12257993077706e-22,1.54968146429975,0.404,0.028,8.62747579999405e-18,"Shc1-210",8.62747579999405e-18,"Up"
1.1430122150436e-22,2.21436292766625,0.381,0.02,8.78450607749609e-18,"Fcho2-202",8.78450607749609e-18,"Up"
1.23509229700941e-22,1.93648037991918,0.423,0.036,9.49217833943612e-18,"Rab11fip4-201",9.49217833943612e-18,"Up"
1.26364275246673e-22,1.0327193987467,0.392,0.024,9.7116000098078e-18,"Abhd6-201",9.7116000098078e-18,"Up"
1.2869158364141e-22,1.41226429192223,0.63,0.138,9.89046296917694e-18,"Lgmn-202",9.89046296917694e-18,"Up"
1.29522459659117e-22,1.13650427341089,0.392,0.024,9.9543191146418e-18,"Asxl1-205",9.9543191146418e-18,"Up"
1.35165949176322e-22,2.36131189557207,0.389,0.024,1.03880438579971e-17,"Nt5c2-205",1.03880438579971e-17,"Up"
1.40684991697737e-22,2.13607550259888,0.411,0.032,1.08122043519379e-17,"Adk-201",1.08122043519379e-17,"Up"
1.4455470696121e-22,1.40453903317654,0.457,0.053,1.11096074487969e-17,"Myo1c-202",1.11096074487969e-17,"Up"
1.46653675774274e-22,1.43118142576011,0.43,0.04,1.12709215979561e-17,"Mindy1-202",1.12709215979561e-17,"Up"
1.48889985984223e-22,3.08040541516917,0.358,0.012,1.14427909828315e-17,"Rgs12-204",1.14427909828315e-17,"Up"
1.517734115853e-22,1.56357066343739,0.509,0.081,1.16643937739767e-17,"Crk-203",1.16643937739767e-17,"Up"
1.51800033996725e-22,1.69783689375747,0.381,0.02,1.16664398127843e-17,"Ripor1-201",1.16664398127843e-17,"Up"
1.51800033996725e-22,1.37700774500147,0.381,0.02,1.16664398127843e-17,"Myo9a-203",1.16664398127843e-17,"Up"
1.55427500191602e-22,3.82362071286082,0.358,0.012,1.19452250997254e-17,"Icmt-201",1.19452250997254e-17,"Up"
1.58256923802268e-22,1.38259393943722,0.381,0.02,1.21626776218995e-17,"Rab18-205",1.21626776218995e-17,"Up"
1.63648470393465e-22,2.81305928587631,0.358,0.012,1.25770395436194e-17,"Mat2a-201",1.25770395436194e-17,"Up"
1.71528780708051e-22,1.99897032888222,0.37,0.016,1.31826729125365e-17,"Lox-202",1.31826729125365e-17,"Up"
1.7182263912796e-22,1.20521595168495,0.483,0.065,1.32052571075402e-17,"Cast-207",1.32052571075402e-17,"Up"
1.73881036360941e-22,2.81750375241312,0.347,0.008,1.33634531684837e-17,"Galns-201",1.33634531684837e-17,"Up"
1.75585254354301e-22,1.84589177954238,0.4,0.028,1.34944291381455e-17,"Ulk2-201",1.34944291381455e-17,"Up"
1.75809779511873e-22,1.44022555718214,0.449,0.049,1.35116847946055e-17,"Usp19-210",1.35116847946055e-17,"Up"
1.80057013984159e-22,2.4341112373137,0.347,0.008,1.38381017527385e-17,"Tom1l2-206",1.38381017527385e-17,"Up"
1.80445965178247e-22,1.26047370061316,0.37,0.016,1.3867994207809e-17,"Phf20-201",1.3867994207809e-17,"Up"
1.86096454947684e-22,1.24734946014416,0.525,0.085,1.43022569485493e-17,"Uaca-201",1.43022569485493e-17,"Up"
1.86131903933453e-22,1.63890596579639,0.358,0.012,1.43049813449016e-17,"Wdr48-201",1.43049813449016e-17,"Up"
1.86450036913651e-22,2.90846230784014,0.347,0.008,1.43294311369617e-17,"Atosa-203",1.43294311369617e-17,"Up"
1.88701666414863e-22,4.06147692341438,0.336,0.004,1.45024778706479e-17,"Nemf-201",1.45024778706479e-17,"Up"
1.89227819857244e-22,1.06750342450333,0.725,0.227,1.45429148673086e-17,"Calu-201",1.45429148673086e-17,"Up"
1.90383712528076e-22,4.10597934618762,0.336,0.004,1.46317498426328e-17,"Tppp3-201",1.46317498426328e-17,"Up"
1.90986547009065e-22,1.80511412120659,0.438,0.045,1.46780800838347e-17,"Sema6d-203",1.46780800838347e-17,"Up"
1.9208059760357e-22,3.22363145878869,0.336,0.004,1.47621622482248e-17,"Sms-201",1.47621622482248e-17,"Up"
1.93792451160109e-22,2.72969284745703,0.336,0.004,1.4893725041459e-17,"Mib1-201",1.4893725041459e-17,"Up"
1.93792451160109e-22,3.0842591667585,0.336,0.004,1.4893725041459e-17,"Tulp4-212",1.4893725041459e-17,"Up"
2.01361164125847e-22,2.18853313444621,0.396,0.028,1.54754109077279e-17,"ENSMUST00000249889.1",1.54754109077279e-17,"Up"
2.01361164125847e-22,2.18853313444621,0.396,0.028,1.54754109077279e-17,"ENSMUST00000249890.1",1.54754109077279e-17,"Up"
2.06242565731903e-22,1.48348949582159,0.525,0.089,1.58505661467597e-17,"Aldoa-202",1.58505661467597e-17,"Up"
2.08728429448353e-22,1.28306955721776,0.442,0.045,1.60416147168237e-17,"Fmnl3-203",1.60416147168237e-17,"Up"
2.15920020714667e-22,5.19553485921705,0.351,0.012,1.6594317272005e-17,"Pcbp2-202",1.6594317272005e-17,"Up"
2.16114806498821e-22,1.93499118676414,0.415,0.036,1.66092873386604e-17,"Mtmr3-201",1.66092873386604e-17,"Up"
2.19934755119824e-22,3.16467866722353,0.366,0.016,1.6902865669979e-17,"Dock9-208",1.6902865669979e-17,"Up"
2.27503635752707e-22,2.89562543382206,0.366,0.016,1.74845644221386e-17,"Gpatch1-201",1.74845644221386e-17,"Up"
2.35081806466045e-22,1.17314272377713,0.4,0.028,1.80669771541415e-17,"Tet2-204",1.80669771541415e-17,"Up"
2.4101353877357e-22,1.37025944767092,0.438,0.045,1.8522854508904e-17,"Ino80d-204",1.8522854508904e-17,"Up"
2.4442870209599e-22,1.56606221797264,0.389,0.024,1.87853234708852e-17,"Natd1-201",1.87853234708852e-17,"Up"
2.47420642273635e-22,1.61466100162821,0.464,0.057,1.90152660412979e-17,"Sik3-204",1.90152660412979e-17,"Up"
2.57315526260778e-22,1.24092570966636,0.747,0.247,1.97757274552459e-17,"Fndc3b-201",1.97757274552459e-17,"Up"
2.58705999139565e-22,3.11225124666146,0.355,0.012,1.98825908578721e-17,"Fmr1-206",1.98825908578721e-17,"Up"
2.5901754486699e-22,1.25169263760602,0.909,0.538,1.99065343932077e-17,"Anxa2-201",1.99065343932077e-17,"Up"
2.59529749360777e-22,2.25172122580248,0.377,0.02,1.99458993573732e-17,"Large1-202",1.99458993573732e-17,"Up"
2.65315883343991e-22,1.60141480452324,0.389,0.024,2.03905868985191e-17,"Plxna1-202",2.03905868985191e-17,"Up"
2.70548870761753e-22,1.81612621359541,0.377,0.02,2.07927629135238e-17,"Mark3-211",2.07927629135238e-17,"Up"
2.83195536704392e-22,1.02665433002033,0.396,0.028,2.17647097778793e-17,"Mtfr1l-202",2.17647097778793e-17,"Up"
2.8904149645923e-22,1.06826425632631,0.585,0.113,2.22139951688777e-17,"Rbbp7-201",2.22139951688777e-17,"Up"
3.02867053838513e-22,1.73403141040837,0.408,0.032,2.32765445557051e-17,"Mamld1-201",2.32765445557051e-17,"Up"
3.03169685305288e-22,2.31010062956207,0.366,0.016,2.32998029944526e-17,"Nab2-201",2.32998029944526e-17,"Up"
3.03171202302809e-22,1.19904447092519,0.419,0.036,2.32999195817801e-17,"Arhgef1-203",2.32999195817801e-17,"Up"
3.04878376079978e-22,1.06254795125618,0.596,0.121,2.34311227152507e-17,"Rnf10-201",2.34311227152507e-17,"Up"
3.0573684115321e-22,2.18075818951836,0.366,0.016,2.34970991899888e-17,"Znfx1-201",2.34970991899888e-17,"Up"
3.12533115542211e-22,1.52103795536248,0.585,0.121,2.40194200618811e-17,"Sirt5-203",2.40194200618811e-17,"Up"
3.12704719687852e-22,1.5061217701329,0.408,0.032,2.40326085268902e-17,"Frmd4b-203",2.40326085268902e-17,"Up"
3.14648155193839e-22,1.93166863868922,0.396,0.028,2.41819693192673e-17,"Arid1b-201",2.41819693192673e-17,"Up"
3.27027568995058e-22,4.62018881101315,0.332,0.004,2.51333767875462e-17,"Zfp236-202",2.51333767875462e-17,"Up"
3.29265224446015e-22,3.36516900872371,0.343,0.008,2.5305349559574e-17,"Wars1-205",2.5305349559574e-17,"Up"
3.34567216452815e-22,2.81882189118577,0.355,0.012,2.57128288532646e-17,"Srgap1-202",2.57128288532646e-17,"Up"
3.55221103326964e-22,2.28453492665076,0.355,0.012,2.73001626750905e-17,"Ckap5-201",2.73001626750905e-17,"Up"
3.57327985978567e-22,4.43070930032248,0.332,0.004,2.74620850343968e-17,"Efna5-201",2.74620850343968e-17,"Up"
3.57327985978567e-22,4.18049498706896,0.332,0.004,2.74620850343968e-17,"Mark2-209",2.74620850343968e-17,"Up"
3.6234607777293e-22,2.4471813772202,0.343,0.008,2.78477454611608e-17,"Bcl9l-206",2.78477454611608e-17,"Up"
3.64088452175809e-22,1.4441946275091,0.445,0.049,2.79816539035196e-17,"Csnk1d-202",2.79816539035196e-17,"Up"
3.66948368204739e-22,4.2819751109932,0.332,0.004,2.8201449890007e-17,"Tdrd7-201",2.8201449890007e-17,"Up"
3.73503909467619e-22,3.16244168472836,0.332,0.004,2.87052694582244e-17,"AU040320-202",2.87052694582244e-17,"Up"
3.78450357730372e-22,1.71013735070722,0.343,0.008,2.908542379301e-17,"Wdr48-205",2.908542379301e-17,"Up"
3.87624911243141e-22,1.18028281506019,0.434,0.045,2.97905249286803e-17,"Zzz3-203",2.97905249286803e-17,"Up"
3.90632616509534e-22,1.46739389723468,0.385,0.024,3.00216791092237e-17,"Kidins220-201",3.00216791092237e-17,"Up"
4.075693443996e-22,1.56587907106162,0.396,0.028,3.13233343944868e-17,"Irf9-205",3.13233343944868e-17,"Up"
4.24189657250394e-22,1.18131528613889,0.887,0.587,3.26006719183218e-17,"Itgb1-201",3.26006719183218e-17,"Up"
4.27453746581253e-22,1.6557160034083,0.385,0.024,3.28515302397556e-17,"Chuk-202",3.28515302397556e-17,"Up"
4.29499364712326e-22,3.52459138007009,0.362,0.016,3.30087441756011e-17,"Akirin2-201",3.30087441756011e-17,"Up"
4.30966721848817e-22,1.35350176305736,0.385,0.024,3.3121516440969e-17,"Rsbn1-202",3.3121516440969e-17,"Up"
4.30966721848817e-22,1.5518762327944,0.385,0.024,3.3121516440969e-17,"Ppt1-203",3.3121516440969e-17,"Up"
4.31031425419737e-22,1.25517646677163,0.423,0.04,3.31264891692084e-17,"Mon2-202",3.31264891692084e-17,"Up"
4.38281527384008e-22,1.37510407985422,0.396,0.028,3.36836885055705e-17,"Chmp5-201",3.36836885055705e-17,"Up"
4.509210717166e-22,1.18076447400304,0.445,0.049,3.46550880457076e-17,"Slf2-201",3.46550880457076e-17,"Up"
4.58308457766035e-22,1.48334320517398,0.415,0.036,3.52228382131508e-17,"Gak-203",3.52228382131508e-17,"Up"
4.62562657381787e-22,1.67365513854303,0.411,0.036,3.55497904704199e-17,"Xpnpep1-214",3.55497904704199e-17,"Up"
4.67130225689787e-22,1.6480171032588,0.392,0.028,3.59008263651629e-17,"Abce1-201",3.59008263651629e-17,"Up"
4.76121549834092e-22,2.00303931867058,0.404,0.032,3.65918455909493e-17,"Trak1-212",3.65918455909493e-17,"Up"
4.77161366627495e-22,2.05376670680255,0.374,0.02,3.66717596707895e-17,"Arhgap23-202",3.66717596707895e-17,"Up"
4.84299103516703e-22,1.30912615512749,0.415,0.036,3.72203233016727e-17,"Scaf4-201",3.72203233016727e-17,"Up"
4.89289570147178e-22,1.90850655683628,0.4,0.032,3.76038606240912e-17,"R3hdm2-203",3.76038606240912e-17,"Up"
5.03881567220058e-22,1.41272891804072,0.423,0.04,3.87253139671303e-17,"Mapk14-201",3.87253139671303e-17,"Up"
5.15903781123624e-22,1.24723254426525,0.385,0.024,3.9649269194475e-17,"Psen1-201",3.9649269194475e-17,"Up"
5.27086856525155e-22,1.79664250451088,0.374,0.02,4.05087332713842e-17,"Cnppd1-202",4.05087332713842e-17,"Up"
5.29058803045861e-22,2.06990840216447,0.411,0.036,4.06602852492866e-17,"Clk1-212",4.06602852492866e-17,"Up"
5.2920054883093e-22,1.37417637869903,0.528,0.093,4.06711789798523e-17,"Myrf-201",4.06711789798523e-17,"Up"
5.33037234677452e-22,1.18476084959007,0.385,0.024,4.09660436339009e-17,"Slc30a7-201",4.09660436339009e-17,"Up"
5.39208615959648e-22,2.04492222514677,0.362,0.016,4.14403389709628e-17,"Agap1-201",4.14403389709628e-17,"Up"
5.44851149983501e-22,1.51647593083074,0.374,0.02,4.1873990280832e-17,"Ranbp9-201",4.1873990280832e-17,"Up"
5.70935166877108e-22,2.45309107551047,0.423,0.045,4.38786513151732e-17,"Adgrl2-205",4.38786513151732e-17,"Up"
5.76745611617621e-22,2.60479528777895,0.362,0.016,4.43252072352607e-17,"Abl1-202",4.43252072352607e-17,"Up"
5.98174750774058e-22,2.57270755691334,0.381,0.024,4.59721222959895e-17,"Fbxo34-211",4.59721222959895e-17,"Up"
6.00048952398358e-22,2.56540011759733,0.351,0.012,4.61161621876234e-17,"Parp14-201",4.61161621876234e-17,"Up"
6.0677751876007e-22,1.40377588005003,0.374,0.02,4.66332794267865e-17,"Ckap5-203",4.66332794267865e-17,"Up"
6.07822366259803e-22,1.12155871582671,0.585,0.121,4.67135801365309e-17,"Bclaf1-201",4.67135801365309e-17,"Up"
6.10389399848439e-22,2.48908594217417,0.351,0.012,4.69108669359519e-17,"Sh3d19-205",4.69108669359519e-17,"Up"
6.10389399848439e-22,2.93957287961783,0.351,0.012,4.69108669359519e-17,"Wnt7b-202",4.69108669359519e-17,"Up"
6.12640647845561e-22,1.08862910579598,0.736,0.215,4.70838843495227e-17,"Trip12-201",4.70838843495227e-17,"Up"
6.25234154167005e-22,1.17754816692317,0.434,0.045,4.8051745684351e-17,"Hexdc-205",4.8051745684351e-17,"Up"
6.34301490278988e-22,1.32524977646612,0.411,0.036,4.87486067339014e-17,"Brwd3-205",4.87486067339014e-17,"Up"
6.37018341113522e-22,2.07823584999124,0.351,0.012,4.89574075879386e-17,"Scaf1-201",4.89574075879386e-17,"Up"
6.37950555399667e-22,1.81974098057225,0.362,0.016,4.9029051984686e-17,"Inpp5e-205",4.9029051984686e-17,"Up"
6.38423471082232e-22,3.41801959234737,0.34,0.008,4.90653974465539e-17,"Adgre5-203",4.90653974465539e-17,"Up"
6.66196465874249e-22,1.15396411624807,0.638,0.178,5.11998631882996e-17,"Cobll1-204",5.11998631882996e-17,"Up"
6.67183432473273e-22,1.03486714196752,0.464,0.061,5.1275715519301e-17,"Yap1-201",5.1275715519301e-17,"Up"
7.04434225861102e-22,1.44032310308362,0.457,0.057,5.41385879943292e-17,"Fermt2-201",5.41385879943292e-17,"Up"
7.05709602486338e-22,1.54801650977957,0.351,0.012,5.4236605789485e-17,"Rreb1-207",5.4236605789485e-17,"Up"
7.12290991764981e-22,1.86370626606889,0.4,0.032,5.47424118811058e-17,"Tpp2-207",5.47424118811058e-17,"Up"
7.15351987912608e-22,1.36368173629483,0.423,0.04,5.49776616790356e-17,"Nsd1-207",5.49776616790356e-17,"Up"
7.39875987303511e-22,2.22360479600334,0.381,0.024,5.6862429128224e-17,"Pan3-209",5.6862429128224e-17,"Up"
7.47936623920464e-22,1.23389986145621,0.457,0.057,5.74819212947833e-17,"Sbno1-201",5.74819212947833e-17,"Up"
7.87234012823372e-22,1.62932478920071,0.502,0.085,6.05020828215274e-17,"Wdr31-206",6.05020828215274e-17,"Up"
8.02456321002588e-22,1.09169047944387,0.43,0.045,6.16719780943329e-17,"Elf2-212",6.16719780943329e-17,"Up"
8.11291148746286e-22,1.054822360985,0.574,0.113,6.23509699457471e-17,"Rnf10-203",6.23509699457471e-17,"Up"
8.41221545500976e-22,1.38067499324034,0.438,0.049,6.4651240657932e-17,"Dnmt3a-201",6.4651240657932e-17,"Up"
8.77145522385458e-22,1.12482344668829,0.626,0.154,6.74121419774119e-17,"Tcf25-203",6.74121419774119e-17,"Up"
8.88033463096028e-22,1.90359141055317,0.419,0.04,6.82489237727821e-17,"Pdxdc1-215",6.82489237727821e-17,"Up"
9.28815613535571e-22,3.38146884821872,0.347,0.012,7.13831951626628e-17,"Ache-201",7.13831951626628e-17,"Up"
9.77474550734955e-22,1.09546214431262,0.411,0.036,7.51228291221842e-17,"Egln2-202",7.51228291221842e-17,"Up"
9.89832848194661e-22,1.23470706455822,0.717,0.211,7.60726137151525e-17,"Brd2-203",7.60726137151525e-17,"Up"
9.90839127735467e-22,1.89839017209244,0.37,0.02,7.61499503229816e-17,"Bicd2-201",7.61499503229816e-17,"Up"
9.90839127735467e-22,1.53299090468274,0.37,0.02,7.61499503229816e-17,"Macf1-205",7.61499503229816e-17,"Up"
9.90839127735467e-22,2.03116807926703,0.37,0.02,7.61499503229816e-17,"Bok-201",7.61499503229816e-17,"Up"
1.0234174990662e-21,1.67703011256994,0.358,0.016,7.86537284732335e-17,"Efcab14-204",7.86537284732335e-17,"Up"
1.06274083311887e-21,1.94690875720923,0.453,0.061,8.16758839885177e-17,"Lmo7-216",8.16758839885177e-17,"Up"
1.07382849274188e-21,2.47902306076388,0.347,0.012,8.25280149811844e-17,"Spats2l-206",8.25280149811844e-17,"Up"
1.07617044772494e-21,1.26153563202109,0.37,0.02,8.27080035894525e-17,"Rin3-204",8.27080035894525e-17,"Up"
1.08560588696792e-21,2.45381433797691,0.377,0.024,8.34331548370322e-17,"Rfx1-201",8.34331548370322e-17,"Up"
1.09017545997228e-21,1.25022447755536,0.449,0.053,8.37843448007099e-17,"Ppp4r3a-201",8.37843448007099e-17,"Up"
1.11435794691877e-21,2.02200536052146,0.389,0.028,8.56428656524955e-17,"Usp53-201",8.56428656524955e-17,"Up"
1.13081814860352e-21,1.25399360193742,0.37,0.02,8.69078979927746e-17,"Ell-201",8.69078979927746e-17,"Up"
1.15080002601585e-21,1.98804883489878,0.389,0.028,8.84435851994223e-17,"Setd5-202",8.84435851994223e-17,"Up"
1.15773941354087e-21,1.20577904814212,0.449,0.053,8.89769048882698e-17,"Pxk-201",8.89769048882698e-17,"Up"
1.16061220638411e-21,1.8092555468881,0.358,0.016,8.91976905094447e-17,"Stat2-201",8.91976905094447e-17,"Up"
1.17272478320449e-21,1.11990530940197,0.408,0.036,9.01285904883978e-17,"Ppp2r5c-202",9.01285904883978e-17,"Up"
1.18091760570883e-21,1.14080106910442,0.46,0.057,9.07582416691462e-17,"Kif1c-204",9.07582416691462e-17,"Up"
1.18946371121072e-21,2.93538505646255,0.347,0.012,9.14150440613887e-17,"Mgat1-201",9.14150440613887e-17,"Up"
1.20017339186991e-21,1.03979473749839,0.358,0.016,9.22381258587697e-17,"Lhfpl2-201",9.22381258587697e-17,"Up"
1.20017339186991e-21,1.05848581103583,0.358,0.016,9.22381258587697e-17,"Ctdsp1-201",9.22381258587697e-17,"Up"
1.2051854823145e-21,1.03872512753723,0.442,0.053,9.26233250577983e-17,"Cited1-201",9.26233250577983e-17,"Up"
1.20989931684928e-21,2.40013830076775,0.347,0.012,9.29856020971348e-17,"Mfap3-203",9.29856020971348e-17,"Up"
1.27183434700695e-21,1.11299798493923,0.43,0.045,9.77455569048719e-17,"Vps26a-201",9.77455569048719e-17,"Up"
1.28419752358933e-21,1.82777265065883,0.347,0.012,9.8695716477934e-17,"Prkaa2-201",9.8695716477934e-17,"Up"
1.34642865857908e-21,1.50114379336432,0.336,0.008,1.03478428126437e-16,"Dusp7-201",1.03478428126437e-16,"Up"
1.34793221572084e-21,1.40605449116516,0.498,0.077,1.03593982507009e-16,"Arhgap17-202",1.03593982507009e-16,"Up"
1.36300689651895e-21,1.79832610469881,0.347,0.012,1.04752532025067e-16,"Dcp2-201",1.04752532025067e-16,"Up"
1.36605202052582e-21,1.84230478180721,0.434,0.049,1.04986561985491e-16,"Camk2d-226",1.04986561985491e-16,"Up"
1.38184534586597e-21,2.47952807671866,0.336,0.008,1.06200342211183e-16,"Tulp4-210",1.06200342211183e-16,"Up"
1.39274783512646e-21,1.42164609373269,0.521,0.093,1.07038242120809e-16,"Eno1b-202",1.07038242120809e-16,"Up"
1.39385451450551e-21,1.54889144285569,0.336,0.008,1.07123294857806e-16,"Usp38-201",1.07123294857806e-16,"Up"
1.46942844795355e-21,2.607007140543,0.355,0.016,1.12931453939022e-16,"Mboat7-201",1.12931453939022e-16,"Up"
1.50808256781035e-21,1.02603904902591,0.457,0.057,1.15902177666497e-16,"Syvn1-203",1.15902177666497e-16,"Up"
1.54062052071531e-21,1.40146474188744,0.464,0.061,1.18402849499054e-16,"Nbr1-204",1.18402849499054e-16,"Up"
1.54219967534219e-21,1.10522633265777,0.475,0.065,1.18524213848749e-16,"Tor1aip1-206",1.18524213848749e-16,"Up"
1.54408302688583e-21,1.12657853305233,0.483,0.069,1.18668956948284e-16,"Pcdh1-201",1.18668956948284e-16,"Up"
1.56961523311926e-21,1.27883593185897,0.509,0.085,1.20631209126148e-16,"Tsc22d2-201",1.20631209126148e-16,"Up"
1.60480304466223e-21,1.10032260806175,0.408,0.036,1.23335533194471e-16,"Itpk1-201",1.23335533194471e-16,"Up"
1.68239503042015e-21,1.31174678285394,0.453,0.057,1.2929878766791e-16,"Tbc1d1-201",1.2929878766791e-16,"Up"
1.70775535995468e-21,1.00500181571963,0.536,0.097,1.31247830433957e-16,"Tsc22d2-203",1.31247830433957e-16,"Up"
1.78401749582863e-21,1.37900649513056,0.377,0.024,1.37108880624413e-16,"Cic-201",1.37108880624413e-16,"Up"
1.81322969418338e-21,1.23396539982604,0.377,0.024,1.39353954916769e-16,"Mdm4-210",1.39353954916769e-16,"Up"
1.81779618878437e-21,1.35066105911483,0.423,0.045,1.39704908292834e-16,"Xpnpep1-216",1.39704908292834e-16,"Up"
1.90546293009378e-21,1.17164099000007,0.355,0.016,1.46442448029427e-16,"Ralgapb-202",1.46442448029427e-16,"Up"
1.92029510011617e-21,1.87492060172005,0.366,0.02,1.47582359624328e-16,"Bicd2-203",1.47582359624328e-16,"Up"
1.92035126690481e-21,1.99265670174764,0.385,0.028,1.47586676266702e-16,"Myzap-201",1.47586676266702e-16,"Up"
1.93072109108269e-21,1.22943921921508,0.796,0.324,1.48383638734069e-16,"Sgk1-201",1.48383638734069e-16,"Up"
1.94830775421555e-21,1.69974635821993,0.411,0.04,1.49735244142482e-16,"Myo18a-207",1.49735244142482e-16,"Up"
1.96880148474215e-21,1.88695122743889,0.472,0.069,1.51310269308373e-16,"Trrap-202",1.51310269308373e-16,"Up"
1.99420759124968e-21,1.8776951361342,0.411,0.04,1.53262830217903e-16,"Cblb-201",1.53262830217903e-16,"Up"
2.05107236381901e-21,1.95651513245049,0.366,0.02,1.57633115448946e-16,"Tug1-201",1.57633115448946e-16,"Up"
2.08079899288755e-21,2.00426393970155,0.385,0.028,1.59917725799379e-16,"Qki-202",1.59917725799379e-16,"Up"
2.11972689723824e-21,1.28268401727188,0.366,0.02,1.62909490960347e-16,"Ikbip-202",1.62909490960347e-16,"Up"
2.13065718689961e-21,2.19493413466641,0.6,0.206,1.63749527441983e-16,"ENSMUST00000249917.1",1.63749527441983e-16,"Up"
2.17932045372332e-21,1.20219982438893,0.638,0.182,1.67489494150452e-16,"Csnk1a1-204",1.67489494150452e-16,"Up"
2.18007352012881e-21,1.30678504707315,0.426,0.045,1.6754737031598e-16,"Fat1-201",1.6754737031598e-16,"Up"
2.19065399045293e-21,1.01552748874278,0.366,0.02,1.68360521782269e-16,"Lpgat1-201",1.68360521782269e-16,"Up"
2.2209157230453e-21,2.43301261959289,0.374,0.024,1.70686256978924e-16,"Fbxo34-202",1.70686256978924e-16,"Up"
2.23265708352575e-21,1.30746829178545,0.392,0.032,1.71588627497288e-16,"Specc1-213",1.71588627497288e-16,"Up"
2.25238220287592e-21,1.80304394120969,0.355,0.016,1.73104581819826e-16,"Xlr4b-205",1.73104581819826e-16,"Up"
2.25238220287592e-21,1.16116965207651,0.355,0.016,1.73104581819826e-16,"Mark2-206",1.73104581819826e-16,"Up"
2.26099262227656e-21,1.24949467296946,0.396,0.032,1.73766326992443e-16,"Dlk1-206",1.73766326992443e-16,"Up"
2.3316179975872e-21,2.0775188882023,0.343,0.012,1.79194169586567e-16,"Map3k5-201",1.79194169586567e-16,"Up"
2.3316179975872e-21,2.53891853967022,0.343,0.012,1.79194169586567e-16,"Cbx7-207",1.79194169586567e-16,"Up"
2.3681496561356e-21,1.98784875925813,0.355,0.016,1.82001773672645e-16,"Klc4-201",1.82001773672645e-16,"Up"
2.37155808316034e-21,2.496128068328,0.343,0.012,1.82263724923205e-16,"Ints6l-201",1.82263724923205e-16,"Up"
2.38800838104419e-21,2.10092877539041,0.355,0.016,1.8352799611677e-16,"Gpc6-202",1.8352799611677e-16,"Up"
2.40269477341723e-21,3.17023876395757,0.332,0.008,1.84656704116208e-16,"Wars1-201",1.84656704116208e-16,"Up"
2.45347962689719e-21,1.94202362382518,0.343,0.012,1.88559723245556e-16,"Dnajb14-201",1.88559723245556e-16,"Up"
2.45347962689719e-21,2.63868829033602,0.343,0.012,1.88559723245556e-16,"Ahdc1-204",1.88559723245556e-16,"Up"
2.46910408209105e-21,1.09320157582295,0.355,0.016,1.89760525125026e-16,"Synj1-210",1.89760525125026e-16,"Up"
2.47439361513006e-21,2.80866256348722,0.343,0.012,1.90167046897206e-16,"Cdkn2b-201",1.90167046897206e-16,"Up"
2.52904051514329e-21,1.59419079916173,0.404,0.036,1.94366879750823e-16,"Fam76b-201",1.94366879750823e-16,"Up"
2.53200217431396e-21,1.17208587512626,0.445,0.053,1.94594495104725e-16,"Sap130-208",1.94594495104725e-16,"Up"
2.56278988959014e-21,2.45554134041634,0.408,0.04,1.96960654174561e-16,"Tgfbr3-201",1.96960654174561e-16,"Up"
2.57460138988555e-21,2.90298661452166,0.332,0.008,1.97868415218264e-16,"Slc45a3-201",1.97868415218264e-16,"Up"
2.58163823246154e-21,1.49978722306398,0.343,0.012,1.98409224717599e-16,"Rreb1-201",1.98409224717599e-16,"Up"
2.63411322533915e-21,1.46100443293404,0.374,0.024,2.02442137820215e-16,"Ube3a-203",2.02442137820215e-16,"Up"
2.64905315623977e-21,2.41161042705906,0.362,0.02,2.03590331269651e-16,"Supt20-210",2.03590331269651e-16,"Up"
2.7551536475343e-21,2.44346412030347,0.4,0.036,2.11744578427601e-16,"Dag1-201",2.11744578427601e-16,"Up"
2.7655501968439e-21,1.65513986610167,0.374,0.024,2.12543594828241e-16,"Slc30a4-201",2.12543594828241e-16,"Up"
2.79841715897594e-21,1.12734577318043,0.385,0.028,2.15069552335937e-16,"Acta2-201",2.15069552335937e-16,"Up"
2.88814810056648e-21,1.4807433276913,0.404,0.036,2.21965734120937e-16,"Gak-206",2.21965734120937e-16,"Up"
2.91253051250854e-21,1.41329663821723,0.385,0.028,2.23839620008332e-16,"Shc1-203",2.23839620008332e-16,"Up"
2.92807179335905e-21,1.17442841960064,0.449,0.057,2.25034029606816e-16,"Pds5a-209",2.25034029606816e-16,"Up"
2.96958221974242e-21,3.30075638036448,0.351,0.016,2.28224271916084e-16,"Lpin2-204",2.28224271916084e-16,"Up"
2.98627467129837e-21,1.27293017884058,0.675,0.178,2.29507153587965e-16,"Son-202",2.29507153587965e-16,"Up"
2.99741041370593e-21,1.67450285765509,0.362,0.02,2.30362979934956e-16,"Arntl-201",2.30362979934956e-16,"Up"
3.02358643749517e-21,2.01129975053905,0.374,0.024,2.32374712067254e-16,"Cic-202",2.32374712067254e-16,"Up"
3.08577259193354e-21,1.75810048466944,0.438,0.053,2.3715396678046e-16,"Nr1h2-203",2.3715396678046e-16,"Up"
3.24661337622404e-21,1.3393445679093,0.404,0.036,2.49515224416322e-16,"Daam1-202",2.49515224416322e-16,"Up"
3.27875477198645e-21,1.51595830136484,0.374,0.024,2.51985419246247e-16,"Pcbp4-201",2.51985419246247e-16,"Up"
3.44196184881164e-21,1.54194149716012,0.374,0.024,2.6452853592857e-16,"Gba-201",2.6452853592857e-16,"Up"
3.50969133016655e-21,1.23837192360727,0.404,0.036,2.6973381748862e-16,"Acox1-201",2.6973381748862e-16,"Up"
3.52093439996756e-21,2.14977269584404,0.381,0.028,2.70597892375107e-16,"Mgat4a-201",2.70597892375107e-16,"Up"
3.59179480965361e-21,1.56063054233075,0.362,0.02,2.76043798301118e-16,"Cisd2-201",2.76043798301118e-16,"Up"
3.78936821444866e-21,1.00713550638498,0.43,0.049,2.91228104753238e-16,"Cert1-201",2.91228104753238e-16,"Up"
3.88620455553301e-21,1.27025070264954,0.442,0.053,2.98670364910934e-16,"ENSMUST00000381754.1",2.98670364910934e-16,"Up"
4.07855787798847e-21,1.95308615526698,0.351,0.016,3.13453487154926e-16,"Nhsl2-201",3.13453487154926e-16,"Up"
4.1528379546272e-21,2.32392092611436,0.34,0.012,3.19162208164919e-16,"Wdr7-204",3.19162208164919e-16,"Up"
4.17846559579339e-21,3.5704303699066,0.347,0.016,3.21131794899105e-16,"C1s1-204",3.21131794899105e-16,"Up"
4.18040901898888e-21,1.4624981671657,0.6,0.138,3.21281154745371e-16,"Birc6-202",3.21281154745371e-16,"Up"
4.19222729458594e-21,1.45779097482547,0.46,0.065,3.22189436498108e-16,"Exoc4-201",3.22189436498108e-16,"Up"
4.22383643062809e-21,2.22906005577172,0.34,0.012,3.24618725039491e-16,"Phactr2-203",3.24618725039491e-16,"Up"
4.25145512575512e-21,4.51211891086516,0.336,0.012,3.26741332234784e-16,"Phc3-209",3.26741332234784e-16,"Up"
4.3961921207122e-21,1.72656741993085,0.351,0.016,3.37864949245215e-16,"Sin3a-204",3.37864949245215e-16,"Up"
4.3961921207122e-21,1.90468308728284,0.351,0.016,3.37864949245215e-16,"Patl1-201",3.37864949245215e-16,"Up"
4.3961921207122e-21,1.24152344575942,0.351,0.016,3.37864949245215e-16,"Clasp1-212",3.37864949245215e-16,"Up"
4.45668567487831e-21,2.42641668543644,0.37,0.024,3.42514120857098e-16,"Scd2-201",3.42514120857098e-16,"Up"
4.5074137853345e-21,1.09149393889942,0.351,0.016,3.46412779058098e-16,"Kctd11-201",3.46412779058098e-16,"Up"
4.52003633637614e-21,2.56877619571272,0.34,0.012,3.47382872595852e-16,"Tmem33-204",3.47382872595852e-16,"Up"
4.52948126093607e-21,1.70847214762723,0.37,0.024,3.48108752827981e-16,"Taok3-210",3.48108752827981e-16,"Up"
4.54510262061975e-21,1.71249730727398,0.351,0.016,3.4930931680511e-16,"Oxr1-202",3.4930931680511e-16,"Up"
4.5711805053925e-21,1.90751564431713,0.525,0.105,3.51313506561435e-16,"Afdn-212",3.51313506561435e-16,"Up"
4.58310312533461e-21,1.45511956547598,0.351,0.016,3.52229807594466e-16,"AA986860-201",3.52229807594466e-16,"Up"
4.58789474184338e-21,1.92971878024016,0.449,0.061,3.52598062489631e-16,"Ddhd1-203",3.52598062489631e-16,"Up"
4.61962117098601e-21,3.65732559898704,0.347,0.016,3.55036365474959e-16,"Gas7-201",3.55036365474959e-16,"Up"
4.63633045124351e-21,2.63816946776887,0.34,0.012,3.56320540499869e-16,"Impact-201",3.56320540499869e-16,"Up"
4.67574898544162e-21,2.62213684100144,0.34,0.012,3.5935001252713e-16,"Ahdc1-201",3.5935001252713e-16,"Up"
4.71665578321556e-21,1.58866030689458,0.37,0.024,3.62493863563248e-16,"Smurf2-202",3.62493863563248e-16,"Up"
4.72667374747935e-21,1.35144675325503,0.498,0.085,3.63263784188778e-16,"Ermp1-203",3.63263784188778e-16,"Up"
4.7286865399012e-21,1.20130972379428,0.392,0.032,3.63418475337567e-16,"Frmd4b-204",3.63418475337567e-16,"Up"
4.95120458092704e-21,2.10054418586629,0.445,0.061,3.80519876862567e-16,"Trrap-215",3.80519876862567e-16,"Up"
5.04402037040043e-21,1.20046171279973,0.381,0.028,3.87653141546755e-16,"Pgs1-203",3.87653141546755e-16,"Up"
5.06182014457532e-21,1.27425608831738,0.464,0.065,3.89021125391192e-16,"Rnf20-210",3.89021125391192e-16,"Up"
5.08451931977984e-21,1.15764629557161,0.445,0.057,3.9076564780236e-16,"Ctnnal1-201",3.9076564780236e-16,"Up"
5.12161794973536e-21,1.12827226710921,0.468,0.065,3.93616825908961e-16,"Dnajc13-201",3.93616825908961e-16,"Up"
5.31655561644781e-21,2.11066156271093,0.377,0.028,4.0859856534648e-16,"ENSMUST00000249891.1",4.0859856534648e-16,"Up"
5.33179534439207e-21,2.19133266627743,0.525,0.121,4.09769799397908e-16,"Wnk1-223",4.09769799397908e-16,"Up"
5.33343558440497e-21,1.41575501248549,0.381,0.028,4.09895858403859e-16,"Rnf187-201",4.09895858403859e-16,"Up"
5.4691496792223e-21,1.95804740464511,0.426,0.049,4.2032602944695e-16,"Nfe2l1-203",4.2032602944695e-16,"Up"
5.69609749853957e-21,1.22539950845272,0.457,0.061,4.3776787715276e-16,"Anapc1-201",4.3776787715276e-16,"Up"
5.86827107117508e-21,1.38546160742247,0.381,0.028,4.5100010490409e-16,"Dnm1l-201",4.5100010490409e-16,"Up"
5.91869376604975e-21,2.27212255075689,0.408,0.045,4.54875290695987e-16,"Mprip-202",4.54875290695987e-16,"Up"
5.92197306512324e-21,2.10842653655674,0.415,0.049,4.55127317946981e-16,"Etl4-202",4.55127317946981e-16,"Up"
5.95109479578301e-21,1.75054839981983,0.408,0.04,4.57365439435108e-16,"Aldh3a2-202",4.57365439435108e-16,"Up"
5.98954001094677e-21,2.04265312296088,0.819,0.563,4.60320108001303e-16,"Plec-201",4.60320108001303e-16,"Up"
6.10940241448505e-21,1.51944820802665,0.37,0.024,4.69532013162834e-16,"Actr1a-201",4.69532013162834e-16,"Up"
6.49173989707926e-21,1.61358924546889,0.377,0.028,4.98916178050129e-16,"Cpt1a-201",4.98916178050129e-16,"Up"
6.53911568119587e-21,1.9600642005538,0.358,0.02,5.02557196562627e-16,"Cpe-201",5.02557196562627e-16,"Up"
6.54374531808846e-21,1.80527791217733,0.377,0.028,5.02913002676371e-16,"Fbxo34-203",5.02913002676371e-16,"Up"
6.91929120421382e-21,1.13918238452572,0.419,0.045,5.31775206208649e-16,"1600012H06Rik-202",5.31775206208649e-16,"Up"
6.95604467929859e-21,3.00879172103679,0.336,0.012,5.34599857782814e-16,"Cemip2-202",5.34599857782814e-16,"Up"
7.1275979435032e-21,2.62072032004916,0.347,0.016,5.47784412349995e-16,"Msl2-201",5.47784412349995e-16,"Up"
7.14481001712889e-21,1.85130490366863,0.389,0.032,5.49107229056424e-16,"Entpd7-201",5.49107229056424e-16,"Up"
7.57028388153617e-21,3.20521203941502,0.336,0.012,5.81806597431581e-16,"Rab11fip5-201",5.81806597431581e-16,"Up"
7.63958584229746e-21,1.7963963773092,0.358,0.02,5.87132730323929e-16,"Dennd5a-202",5.87132730323929e-16,"Up"
7.64471413314097e-21,1.22220544321629,0.755,0.247,5.87526859988416e-16,"Krt19-201",5.87526859988416e-16,"Up"
7.65240811158864e-21,1.00707896016684,0.54,0.101,5.88118173008033e-16,"Tnfaip3-201",5.88118173008033e-16,"Up"
7.70956537886128e-21,1.85049624409049,0.396,0.036,5.92510937627005e-16,"Qki-204",5.92510937627005e-16,"Up"
7.73060873806749e-21,1.22663235035496,0.426,0.049,5.94128203955439e-16,"Eps15-202",5.94128203955439e-16,"Up"
7.7737399105209e-21,2.72442105508864,0.468,0.085,5.97443007083173e-16,"Cd44-203",5.97443007083173e-16,"Up"
7.87550404304497e-21,2.58740327444779,0.347,0.016,6.05263987724178e-16,"Pik3ip1-201",6.05263987724178e-16,"Up"
7.96426305235523e-21,2.28006849498967,0.336,0.012,6.12085472625709e-16,"Wdr7-201",6.12085472625709e-16,"Up"
8.0318693377987e-21,3.45527949419605,0.336,0.012,6.17281286087182e-16,"Icmt-204",6.17281286087182e-16,"Up"
8.11472790502462e-21,2.28691628885322,0.377,0.028,6.23649298412762e-16,"Sema7a-201",6.23649298412762e-16,"Up"
8.16878911025517e-21,2.75477209840653,0.336,0.012,6.27804118279551e-16,"Fam43a-201",6.27804118279551e-16,"Up"
8.2381120535208e-21,2.5145208201768,0.336,0.012,6.33131863761288e-16,"Mfap3-201",6.33131863761288e-16,"Up"
8.3080167369695e-21,1.97262859915051,0.336,0.012,6.38504318303054e-16,"Slc4a1ap-209",6.38504318303054e-16,"Up"
8.37398562502381e-21,1.96380952930983,0.592,0.154,6.4357429122558e-16,"Nfat5-214",6.4357429122558e-16,"Up"
8.37850798618303e-21,1.8185053611561,0.336,0.012,6.4392185277011e-16,"Map2k7-202",6.4392185277011e-16,"Up"
8.416702447267e-21,1.09269947038156,0.347,0.016,6.46857249882258e-16,"Rbm15b-201",6.46857249882258e-16,"Up"
8.42678930920944e-21,2.36820194837289,0.366,0.024,6.47632465569982e-16,"Fbxo34-204",6.47632465569982e-16,"Up"
8.55765090087805e-21,1.07624781691949,0.347,0.016,6.57689702336081e-16,"Kctd11-202",6.57689702336081e-16,"Up"
8.59354997942616e-21,1.83321942318084,0.336,0.012,6.60448690118818e-16,"Irf2-201",6.60448690118818e-16,"Up"
8.59354997942616e-21,2.49988446461863,0.336,0.012,6.60448690118818e-16,"Smad4-201",6.60448690118818e-16,"Up"
8.62618975221751e-21,1.47683292027759,0.389,0.032,6.62957187216925e-16,"Fam20b-202",6.62957187216925e-16,"Up"
8.62899793819228e-21,1.70862406430943,0.347,0.016,6.63173007541829e-16,"Pld1-202",6.63173007541829e-16,"Up"
9.0103188553564e-21,2.02616035341533,0.449,0.061,6.9247904530956e-16,"Cystm1-208",6.9247904530956e-16,"Up"
9.02640810853523e-21,1.08000243492884,0.438,0.053,6.93715568773366e-16,"Ppp4r3a-202",6.93715568773366e-16,"Up"
9.7267003551602e-21,1.17882245099557,0.491,0.077,7.47535829095482e-16,"Ddx17-203",7.47535829095482e-16,"Up"
9.74411660892875e-21,2.23662163190613,0.366,0.024,7.4887433786261e-16,"Ern1-201",7.4887433786261e-16,"Up"
9.99359431426077e-21,1.20154892262561,0.675,0.206,7.68047697428197e-16,"Sdcbp-201",7.68047697428197e-16,"Up"
1.01570337912808e-20,1.60495072784249,0.438,0.057,7.80608674995098e-16,"Arhgef12-201",7.80608674995098e-16,"Up"
1.01680268467866e-20,1.26110201512241,0.355,0.02,7.81453535282938e-16,"Arhgef10-201",7.81453535282938e-16,"Up"
1.06601375081669e-20,1.9773407517835,0.457,0.073,8.1927420805266e-16,"Ktn1-220",8.1927420805266e-16,"Up"
1.14557855106621e-20,1.03661674180938,0.464,0.065,8.80422939636423e-16,"Enc1-201",8.80422939636423e-16,"Up"
1.18970883192667e-20,2.05387073788252,0.392,0.036,9.1433882568892e-16,"Bbx-208",9.1433882568892e-16,"Up"
1.20284478469283e-20,2.3742387802311,0.332,0.012,9.24434330827829e-16,"Arhgef10-202",9.24434330827829e-16,"Up"
1.22085968464419e-20,1.45943308501625,0.366,0.024,9.38279502036448e-16,"Nfil3-201",9.38279502036448e-16,"Up"
1.22194645579149e-20,1.18137029585805,0.385,0.032,9.39114729133991e-16,"Heatr5b-201",9.39114729133991e-16,"Up"
1.28496253081134e-20,2.70128688620564,0.343,0.016,9.8754510342975e-16,"Atl3-201",9.8754510342975e-16,"Up"
1.29941139893923e-20,1.74349409642121,0.355,0.02,9.9864963654076e-16,"Prdm4-207",9.9864963654076e-16,"Up"
1.3133398590471e-20,1.7082208536797,0.423,0.049,1.00935421527205e-15,"Hivep2-204",1.00935421527205e-15,"Up"
1.32079981132649e-20,1.90106241736569,0.355,0.02,1.01508748699686e-15,"Tpst2-202",1.01508748699686e-15,"Up"
1.32079981132649e-20,1.83608343456516,0.355,0.02,1.01508748699686e-15,"Vwa5a-202",1.01508748699686e-15,"Up"
1.33940031413226e-20,2.44791826311528,0.343,0.016,1.02938271742321e-15,"Nudt18-203",1.02938271742321e-15,"Up"
1.34668051236686e-20,1.02717412931916,0.487,0.077,1.03497784097442e-15,"Ubr5-204",1.03497784097442e-15,"Up"
1.37264883215876e-20,2.08936700507956,0.442,0.065,1.05493553346729e-15,"Nabp1-201",1.05493553346729e-15,"Up"
1.37688054682919e-20,3.2191987042306,0.332,0.012,1.0581877754601e-15,"Luzp1-202",1.0581877754601e-15,"Up"
1.38607105204112e-20,1.77799681361021,0.479,0.081,1.06525104633568e-15,"Sptan1-203",1.06525104633568e-15,"Up"
1.42414465124526e-20,2.79077927752713,0.332,0.012,1.09451213026804e-15,"Tbk1-204",1.09451213026804e-15,"Up"
1.43991161682593e-20,2.42305469044879,0.396,0.04,1.1066296739954e-15,"Hipk2-206",1.1066296739954e-15,"Up"
1.44353382852711e-20,-3.84305129682592,0.143,0.555,1.10941348857622e-15,"Tpt1-206",1.10941348857622e-15,"Down"
1.45663859422151e-20,1.45360459654407,0.355,0.02,1.119485025203e-15,"Tor2a-204",1.119485025203e-15,"Up"
1.46405520165122e-20,3.62768733497803,0.34,0.016,1.12518498467703e-15,"C1s1-203",1.12518498467703e-15,"Up"
1.51074793961062e-20,3.14475523939056,0.332,0.012,1.16107022150834e-15,"Fhip2a-202",1.16107022150834e-15,"Up"
1.51677130537077e-20,1.08019529573156,0.343,0.016,1.16569941902965e-15,"R3hdm1-201",1.16569941902965e-15,"Up"
1.51677130537077e-20,1.90741786200035,0.343,0.016,1.16569941902965e-15,"Cldn7-201",1.16569941902965e-15,"Up"
1.51677130537077e-20,1.75668898592095,0.343,0.016,1.16569941902965e-15,"Atp11a-202",1.16569941902965e-15,"Up"
1.54545968989099e-20,1.81299544913278,0.385,0.032,1.18774759006882e-15,"Gramd3-204",1.18774759006882e-15,"Up"
1.58090816841507e-20,1.91658620465505,0.343,0.016,1.21499116375372e-15,"Kansl3-204",1.21499116375372e-15,"Up"
1.58259678296814e-20,1.39251095949157,0.404,0.04,1.21628893158234e-15,"Septin8-201",1.21628893158234e-15,"Up"
1.60255512490899e-20,1.89043892353533,0.332,0.012,1.23162771569755e-15,"Slc4a1ap-201",1.23162771569755e-15,"Up"
1.61611303284901e-20,2.05385656086646,0.332,0.012,1.24204751026578e-15,"Tfe3-211",1.24204751026578e-15,"Up"
1.63079780939124e-20,2.0083058218909,0.351,0.02,1.25333334842955e-15,"Dcaf10-204",1.25333334842955e-15,"Up"
1.63453731136246e-20,1.47320896890949,0.392,0.036,1.25620730527451e-15,"Vsir-201",1.25620730527451e-15,"Up"
1.65081032373478e-20,1.71354070097141,0.4,0.04,1.26871376620312e-15,"Pik3c2a-204",1.26871376620312e-15,"Up"
1.70671051082656e-20,1.40573452839516,0.374,0.028,1.31167529599064e-15,"Stau1-202",1.31167529599064e-15,"Up"
1.73586208212214e-20,2.06624483240844,0.498,0.097,1.33407944459415e-15,"Nupr1-201",1.33407944459415e-15,"Up"
1.77193844999803e-20,1.65733648174946,0.525,0.105,1.36180557636148e-15,"Iqsec1-201",1.36180557636148e-15,"Up"
1.78792718859248e-20,1.34098639040036,0.332,0.012,1.37409356152086e-15,"Cnot4-206",1.37409356152086e-15,"Up"
1.86663042954878e-20,2.22203951215648,0.362,0.024,1.43458015032542e-15,"Igf2bp2-210",1.43458015032542e-15,"Up"
1.9678056845394e-20,2.70037920180224,0.351,0.02,1.51233738079591e-15,"Trpm6-202",1.51233738079591e-15,"Up"
1.97170505879541e-20,1.74301883739083,0.649,0.206,1.51533420588663e-15,"Cobll1-201",1.51533420588663e-15,"Up"
2.0065620559089e-20,1.05927395018926,0.362,0.024,1.54212320244822e-15,"Acbd5-203",1.54212320244822e-15,"Up"
2.0165576884215e-20,2.13244076688885,0.351,0.02,1.54980524585946e-15,"Arrdc3-201",1.54980524585946e-15,"Up"
2.04492006839908e-20,1.1678306573341,0.392,0.036,1.57160286936743e-15,"Sympk-201",1.57160286936743e-15,"Up"
2.07070158034047e-20,1.51835664937122,0.875,0.49,1.59141699255487e-15,"Thbs1-201",1.59141699255487e-15,"Up"
2.09329829530385e-20,1.82103570776215,0.468,0.077,1.60878347187282e-15,"Ptbp1-215",1.60878347187282e-15,"Up"
2.12252433554584e-20,1.94389389179685,0.362,0.024,1.6312448528404e-15,"Vill-209",1.6312448528404e-15,"Up"
2.14495033059822e-20,1.3534449716892,0.419,0.049,1.64848012707795e-15,"Ash1l-201",1.64848012707795e-15,"Up"
2.16313795374647e-20,1.0595207345114,0.404,0.04,1.66245804297231e-15,"Nek7-203",1.66245804297231e-15,"Up"
2.22717697948255e-20,1.45302332967406,0.362,0.024,1.71167459581152e-15,"Mtmr2-201",1.71167459581152e-15,"Up"
2.31623759729555e-20,2.16038985113021,0.351,0.02,1.78012124302552e-15,"Pam-201",1.78012124302552e-15,"Up"
2.35426871310811e-20,1.34636864361087,0.351,0.02,1.8093496767721e-15,"Plbd2-201",1.8093496767721e-15,"Up"
2.54649327460671e-20,1.02077205627172,0.419,0.049,1.95708194126624e-15,"Elf2-201",1.95708194126624e-15,"Up"
2.60791075573368e-20,1.54773366976765,0.37,0.028,2.00428373221156e-15,"Ints6-201",2.00428373221156e-15,"Up"
2.68255809630222e-20,2.00389114112603,0.34,0.016,2.06165319933211e-15,"Med25-210",2.06165319933211e-15,"Up"
2.72663435672783e-20,1.00007446195073,0.411,0.045,2.0955275685196e-15,"Setd3-201",2.0955275685196e-15,"Up"
2.7499109112601e-20,2.00802005656557,0.34,0.016,2.11341653173983e-15,"Gfpt2-201",2.11341653173983e-15,"Up"
2.79948826272115e-20,1.42115276949377,0.464,0.073,2.15151870943171e-15,"Dnaja1-210",2.15151870943171e-15,"Up"
2.80036808853228e-20,1.54174226139863,0.37,0.028,2.1521948907606e-15,"Ice1-201",2.1521948907606e-15,"Up"
2.80036808853228e-20,1.46882648599937,0.37,0.028,2.1521948907606e-15,"Kif1b-203",2.1521948907606e-15,"Up"
2.82779523257774e-20,1.03118031161881,0.381,0.032,2.1732737480453e-15,"Mdc1-201",2.1732737480453e-15,"Up"
2.83857926481619e-20,1.01607326787044,0.351,0.02,2.18156170818183e-15,"Oxr1-214",2.18156170818183e-15,"Up"
2.83857926481619e-20,1.01607326787044,0.351,0.02,2.18156170818183e-15,"Oxr1-207",2.18156170818183e-15,"Up"
2.83857926481619e-20,1.01607326787044,0.351,0.02,2.18156170818183e-15,"Oxr1-203",2.18156170818183e-15,"Up"
2.86590002468833e-20,1.78302885881159,0.34,0.016,2.20255880497397e-15,"Lrch1-205",2.20255880497397e-15,"Up"
2.88967172467795e-20,2.05526374234196,0.34,0.016,2.22082830728399e-15,"Cul3-202",2.22082830728399e-15,"Up"
2.97087105493494e-20,1.10773239983146,0.4,0.04,2.2832332405597e-15,"Ubr2-205",2.2832332405597e-15,"Up"
2.97943563384455e-20,1.00997476127776,0.483,0.081,2.28981546203489e-15,"Clk3-201",2.28981546203489e-15,"Up"
3.03645095230038e-20,1.12240804230962,0.34,0.016,2.33363401488093e-15,"Clasp1-204",2.33363401488093e-15,"Up"
3.31824081084216e-20,1.27051803889755,0.358,0.024,2.55020079276463e-15,"Pard3-209",2.55020079276463e-15,"Up"
3.41176871014491e-20,1.55270625592819,0.37,0.028,2.62208072449477e-15,"Esyt1-201",2.62208072449477e-15,"Up"
3.50964870549022e-20,2.20429698862919,0.358,0.024,2.69730541611745e-15,"Igf2bp2-207",2.69730541611745e-15,"Up"
3.50964870549022e-20,1.97952677667468,0.358,0.024,2.69730541611745e-15,"Zbtb41-201",2.69730541611745e-15,"Up"
3.55195475925183e-20,2.50822451797622,0.355,0.024,2.7298193106754e-15,"Masp1-203",2.7298193106754e-15,"Up"
3.89452429174564e-20,1.00892310362303,0.358,0.024,2.9930976991782e-15,"Acbd5-204",2.9930976991782e-15,"Up"
4.01238689483223e-20,1.43165632623375,0.483,0.093,3.08367982415436e-15,"Cd44-207",3.08367982415436e-15,"Up"
4.15180944631994e-20,1.42370023054127,0.358,0.024,3.19083163187473e-15,"Sypl-202",3.19083163187473e-15,"Up"
4.18282347506049e-20,2.85532182840783,0.336,0.016,3.21466715352299e-15,"Zfp652-202",3.21466715352299e-15,"Up"
4.20028507465299e-20,1.04949698479777,0.396,0.04,3.22808709127381e-15,"Celf1-202",3.22808709127381e-15,"Up"
4.24957897818654e-20,1.95929874658218,0.377,0.032,3.26597142789548e-15,"Gpc1-201",3.26597142789548e-15,"Up"
4.31444852450688e-20,1.49414006064604,0.475,0.077,3.31582626902452e-15,"Ipmk-201",3.31582626902452e-15,"Up"
4.31625475755013e-20,1.47802327754905,0.377,0.032,3.31721443136757e-15,"Pprc1-201",3.31721443136757e-15,"Up"
4.37690607352531e-20,2.10426372987504,0.37,0.032,3.36382739374714e-15,"Mia2-222",3.36382739374714e-15,"Up"
4.51947146424065e-20,1.76002116288491,0.849,0.486,3.47339459912751e-15,"Spc24-201",3.47339459912751e-15,"Up"
4.70188395203133e-20,1.08065794291213,0.377,0.032,3.61358589249416e-15,"Pan3-201",3.61358589249416e-15,"Up"
4.87572173733723e-20,1.33053478009229,0.419,0.053,3.74718718401315e-15,"Irf7-201",3.74718718401315e-15,"Up"
4.89297819754365e-20,1.74158523221666,0.336,0.016,3.76044946394019e-15,"Rnf44-218",3.76044946394019e-15,"Up"
4.97540635286164e-20,2.32619023439608,0.355,0.024,3.82379879842828e-15,"Hdac5-202",3.82379879842828e-15,"Up"
5.04618812259567e-20,1.95600149387616,0.347,0.02,3.87819741973968e-15,"Ptk2b-202",3.87819741973968e-15,"Up"
5.05702719451221e-20,2.18298874518073,0.336,0.016,3.88652768007041e-15,"Esam-201",3.88652768007041e-15,"Up"
5.08725084367503e-20,1.53227040660047,0.347,0.02,3.90975576339801e-15,"Zfp335-203",3.90975576339801e-15,"Up"
5.14489225272211e-20,1.01674642861816,0.385,0.036,3.95405549190705e-15,"Tpp2-201",3.95405549190705e-15,"Up"
5.14677029736368e-20,1.40136134180515,0.577,0.134,3.95549884433588e-15,"Birc6-218",3.95549884433588e-15,"Up"
5.17036970747055e-20,1.31146944484283,0.347,0.02,3.97363593497941e-15,"Oxr1-201",3.97363593497941e-15,"Up"
5.18362086922703e-20,2.17554950692589,0.336,0.016,3.98381998283574e-15,"Denn2b-201",3.98381998283574e-15,"Up"
5.19983007836106e-20,2.60393207295098,0.37,0.032,3.99627740842361e-15,"Fosb-206",3.99627740842361e-15,"Up"
5.22651094250886e-20,1.52015071081669,0.336,0.016,4.01678271975576e-15,"Rnf44-201",4.01678271975576e-15,"Up"
5.31334619822811e-20,1.80074691169721,0.336,0.016,4.08351908718623e-15,"Zfyve9-203",4.08351908718623e-15,"Up"
5.41227630510366e-20,1.70946949749966,0.366,0.028,4.15955083152436e-15,"Pias1-201",4.15955083152436e-15,"Up"
5.41227630510366e-20,1.39714675764593,0.366,0.028,4.15955083152436e-15,"Kif1b-212",4.15955083152436e-15,"Up"
5.44627970581535e-20,1.88576283973765,0.336,0.016,4.18568380510733e-15,"Ralgds-201",4.18568380510733e-15,"Up"
5.56179511054806e-20,1.08596322748577,0.396,0.04,4.27446201426061e-15,"Csk-201",4.27446201426061e-15,"Up"
5.58249976254762e-20,1.58737589216179,0.336,0.016,4.29037436750835e-15,"Ssbp2-203",4.29037436750835e-15,"Up"
5.68085420608922e-20,1.30445113013034,0.483,0.081,4.36596369154781e-15,"Larp4b-201",4.36596369154781e-15,"Up"
5.75150576695771e-20,1.01110331488663,0.415,0.049,4.42026224213768e-15,"Slc6a6-201",4.42026224213768e-15,"Up"
5.87391268697448e-20,1.33688646329864,0.464,0.073,4.51433685644737e-15,"Picalm-212",4.51433685644737e-15,"Up"
6.02809691124857e-20,1.19486692855308,0.377,0.032,4.63283360017098e-15,"Ammecr1l-201",4.63283360017098e-15,"Up"
6.05470498491594e-20,1.6954924328676,0.468,0.077,4.6532829691073e-15,"Picalm-205",4.6532829691073e-15,"Up"
6.14821444286958e-20,2.15481766119951,0.694,0.308,4.72514872792299e-15,"App-203",4.72514872792299e-15,"Up"
6.18218580470944e-20,1.50169695278864,0.457,0.069,4.75125707835139e-15,"Adar-203",4.75125707835139e-15,"Up"
6.28769247046201e-20,1.11447735135277,0.404,0.045,4.83234317124887e-15,"Dhx32-201",4.83234317124887e-15,"Up"
6.3244991165935e-20,1.44774815925837,0.355,0.024,4.86063055106677e-15,"Svil-203",4.86063055106677e-15,"Up"
6.47714740832617e-20,2.05298807405938,0.385,0.036,4.97794686919499e-15,"Atxn7-201",4.97794686919499e-15,"Up"
6.63004031593457e-20,1.27278234256586,0.468,0.073,5.09545118440836e-15,"ENSMUST00000250008.1",5.09545118440836e-15,"Up"
7.17835576018098e-20,1.4855404837584,0.438,0.061,5.51685353592949e-15,"Tjp2-201",5.51685353592949e-15,"Up"
7.21045999721996e-20,1.14032230610397,0.385,0.036,5.54152692626343e-15,"Ggta1-204",5.54152692626343e-15,"Up"
7.30980960090969e-20,1.95144827364522,0.419,0.057,5.61788107068314e-15,"ENSMUST00000249658.1",5.61788107068314e-15,"Up"
7.99256459054271e-20,1.36027967196785,0.343,0.02,6.1426055904157e-15,"Gcc2-207",6.1426055904157e-15,"Up"
8.05752630775083e-20,2.1357122746147,0.343,0.02,6.19253126855883e-15,"Fto-201",6.19253126855883e-15,"Up"
8.28116116981683e-20,1.03764037290876,0.46,0.069,6.36440360545103e-15,"Khdrbs1-201",6.36440360545103e-15,"Up"
8.39024523435808e-20,2.42104478136338,0.343,0.02,6.44823907241356e-15,"Tmem251-201",6.44823907241356e-15,"Up"
8.52710296008363e-20,2.07243549332421,0.343,0.02,6.55341970894267e-15,"Dlg1-205",6.55341970894267e-15,"Up"
8.53044515331253e-20,1.02033696248488,0.438,0.061,6.55598831812681e-15,"Osbpl9-202",6.55598831812681e-15,"Up"
8.69765041300284e-20,1.3845926164277,0.374,0.032,6.6844922484092e-15,"Nfkb2-202",6.6844922484092e-15,"Up"
8.88584240960549e-20,1.12525306736381,0.581,0.138,6.8291253254782e-15,"Zfhx3-204",6.8291253254782e-15,"Up"
8.95105280816669e-20,2.18279786368745,0.343,0.02,6.87924212518843e-15,"Igf2bp2-202",6.87924212518843e-15,"Up"
9.04115275452818e-20,1.72152855895004,0.374,0.032,6.94848753796509e-15,"Trak1-215",6.94848753796509e-15,"Up"
9.12674691171737e-20,2.34631419288146,0.332,0.016,7.01427007153127e-15,"Ulk1-201",7.01427007153127e-15,"Up"
9.17077328503992e-20,1.81391982294362,0.343,0.02,7.04810610048458e-15,"Plekhb2-201",7.04810610048458e-15,"Up"
9.24519142530782e-20,1.50679443024779,0.343,0.02,7.10529941800608e-15,"R3hdm4-201",7.10529941800608e-15,"Up"
9.47204546235976e-20,1.23249004271251,0.343,0.02,7.27964581964197e-15,"Smarcd2-201",7.27964581964197e-15,"Up"
9.64339888690811e-20,1.27694233356384,0.362,0.028,7.41133778054436e-15,"Gucd1-202",7.41133778054436e-15,"Up"
9.7019296146409e-20,1.04150023497042,0.392,0.04,7.45632098603611e-15,"Man1b1-201",7.45632098603611e-15,"Up"
9.78309553892418e-20,1.10458588885673,0.343,0.02,7.51870024548479e-15,"Zfp507-201",7.51870024548479e-15,"Up"
9.81655911161804e-20,1.71005473301734,0.404,0.049,7.54441833964293e-15,"Irf7-203",7.54441833964293e-15,"Up"
9.99024594887287e-20,1.6769038446493,0.332,0.016,7.67790362154675e-15,"Polg-201",7.67790362154675e-15,"Up"
1.00573990107174e-19,1.29805549631264,0.377,0.036,7.72951343569678e-15,"Tbc1d24-202",7.72951343569678e-15,"Up"
1.01557018079313e-19,2.18139511099135,0.332,0.016,7.80506306746752e-15,"Fam83b-202",7.80506306746752e-15,"Up"
1.0323865334967e-19,1.8743663077128,0.332,0.016,7.93430346453558e-15,"Piezo1-209",7.93430346453558e-15,"Up"
1.04155390415999e-19,1.51914153365948,0.389,0.04,8.00475837503117e-15,"Myo18a-203",8.00475837503117e-15,"Up"
1.0581283430338e-19,1.564717663529,0.332,0.016,8.13213956755198e-15,"Col12a1-201",8.13213956755198e-15,"Up"
1.10244819715604e-19,1.36161975142334,0.332,0.016,8.47275537442306e-15,"Ubqln4-201",8.47275537442306e-15,"Up"
1.14056412232835e-19,1.88380407341788,0.389,0.04,8.76569150574232e-15,"Srgap2-201",8.76569150574232e-15,"Up"
1.15757490248099e-19,1.24530756837454,0.381,0.036,8.89642615552741e-15,"Erbin-202",8.89642615552741e-15,"Up"
1.17859016282571e-19,1.0420499336187,0.4,0.045,9.05793683738074e-15,"Gtf2h1-201",9.05793683738074e-15,"Up"
1.2106851619895e-19,1.1662376610587,0.362,0.028,9.30459974395411e-15,"Cd68-201",9.30459974395411e-15,"Up"
1.25351372362735e-19,2.30238071703129,0.34,0.02,9.63375437156564e-15,"Mdfic-201",9.63375437156564e-15,"Up"
1.25351372362735e-19,2.30238071703129,0.34,0.02,9.63375437156564e-15,"Mdfic-206",9.63375437156564e-15,"Up"
1.26278665095194e-19,1.56699998473537,0.37,0.032,9.70502052722603e-15,"Ube2v2-203",9.70502052722603e-15,"Up"
1.40947770839325e-19,1.52536699161253,0.351,0.024,1.08323999800855e-14,"Smarcc2-202",1.08323999800855e-14,"Up"
1.52167274408512e-19,1.50058824627543,0.34,0.02,1.16946637073918e-14,"Mtus1-202",1.16946637073918e-14,"Up"
1.53278432948668e-19,1.71485168578751,0.377,0.036,1.17800606858369e-14,"Srrm1-212",1.17800606858369e-14,"Up"
1.55036308579531e-19,1.10830704274529,0.351,0.024,1.19151604595713e-14,"Swt1-201",1.19151604595713e-14,"Up"
1.55894849218853e-19,1.0707922585099,0.34,0.02,1.19811427418657e-14,"Tmcc1-202",1.19811427418657e-14,"Up"
1.57050912467388e-19,1.17956524175289,0.381,0.036,1.20699908267687e-14,"Nufip2-204",1.20699908267687e-14,"Up"
1.57516033229662e-19,1.10708362631364,0.351,0.024,1.21057372178324e-14,"Tex2-201",1.21057372178324e-14,"Up"
1.57616765283123e-19,1.40227501571547,0.589,0.162,1.21134788790691e-14,"Sptbn1-202",1.21134788790691e-14,"Up"
1.62285569587854e-19,2.09760417617875,0.358,0.028,1.2472295165105e-14,"Herpud2-202",1.2472295165105e-14,"Up"
1.65644696282612e-19,1.14543517302816,0.381,0.036,1.27304574881038e-14,"Arhgef28-206",1.27304574881038e-14,"Up"
1.66909724896245e-19,1.2101160112727,0.381,0.036,1.2827679997176e-14,"Sh3bp5-201",1.2827679997176e-14,"Up"
1.6745272041965e-19,2.23103089384994,0.358,0.028,1.28694113751318e-14,"Tpbpb-203",1.28694113751318e-14,"Up"
1.68983806648402e-19,1.05833936633922,0.34,0.02,1.29870814761563e-14,"Tcaf1-201",1.29870814761563e-14,"Up"
1.69140048726519e-19,-4.0975786520192,0.672,0.709,1.29990893048279e-14,"Prdx2-201",1.29990893048279e-14,"Down"
1.70350960212477e-19,1.77137317281197,0.34,0.02,1.30921526961697e-14,"Stk11-201",1.30921526961697e-14,"Up"
1.77352397557378e-19,1.4956117954872,0.34,0.02,1.36302411618748e-14,"Oas1a-201",1.36302411618748e-14,"Up"
1.86205053069544e-19,1.27023632020697,0.415,0.053,1.43106031486068e-14,"Mapk8ip3-208",1.43106031486068e-14,"Up"
1.86518274849304e-19,1.40592026721752,0.498,0.101,1.43346754952684e-14,"Cd151-203",1.43346754952684e-14,"Up"
1.91288209701624e-19,1.95986533514239,0.358,0.028,1.47012640684086e-14,"Dmxl1-201",1.47012640684086e-14,"Up"
1.92426659659985e-19,1.50895978545171,0.385,0.04,1.47887585015085e-14,"Myo18a-201",1.47887585015085e-14,"Up"
2.01065664389873e-19,2.70377673552621,0.336,0.02,1.54527005710193e-14,"Hdac5-201",1.54527005710193e-14,"Up"
2.03972159671264e-19,1.78345190332638,0.347,0.024,1.56760763593753e-14,"Mbnl1-201",1.56760763593753e-14,"Up"
2.15460199269867e-19,1.68415219987525,0.385,0.04,1.65589781546864e-14,"Dag1-203",1.65589781546864e-14,"Up"
2.21909488394808e-19,1.20381963642715,0.358,0.028,1.70546318210946e-14,"Sbno2-207",1.70546318210946e-14,"Up"
2.22715399105461e-19,1.24675384577196,0.377,0.036,1.71165692828511e-14,"Ctbp1-211",1.71165692828511e-14,"Up"
2.30487261502857e-19,1.05587025860553,0.408,0.049,1.77138679955405e-14,"Pxk-202",1.77138679955405e-14,"Up"
2.34408800872901e-19,1.15754159718436,0.366,0.032,1.80152539822859e-14,"Ttc3-234",1.80152539822859e-14,"Up"
2.41801396914645e-19,1.02148843584151,0.358,0.028,1.85834045584781e-14,"Ncln-201",1.85834045584781e-14,"Up"
2.50684446233996e-19,1.29145132754742,0.347,0.024,1.92661024308675e-14,"Rab15-201",1.92661024308675e-14,"Up"
2.66996088010756e-19,1.29008749987538,0.43,0.061,2.05197173479787e-14,"Qars-201",2.05197173479787e-14,"Up"
2.70721724841755e-19,1.24314837880112,0.566,0.154,2.08060474409882e-14,"Gsn-201",2.08060474409882e-14,"Up"
2.73495658150068e-19,1.81136565345969,0.347,0.024,2.10192353114653e-14,"Dvl3-201",2.10192353114653e-14,"Up"
2.82289358505908e-19,1.14980183939208,0.347,0.024,2.1695066358613e-14,"Rdh10-201",2.1695066358613e-14,"Up"
2.82945837279328e-19,1.33438899789952,0.498,0.097,2.17455193782655e-14,"Sf3b1-203",2.17455193782655e-14,"Up"
2.8343345748305e-19,1.97650677431302,0.355,0.028,2.17829949414023e-14,"Shc1-202",2.17829949414023e-14,"Up"
2.86790386485454e-19,1.12799958437968,0.347,0.024,2.20409883629531e-14,"Gabpb2-202",2.20409883629531e-14,"Up"
2.88351813244573e-19,1.00672939344435,0.377,0.036,2.21609902550985e-14,"Kctd3-201",2.21609902550985e-14,"Up"
2.91137812271423e-19,2.03387940978941,0.472,0.089,2.23751054243079e-14,"Dab2-202",2.23751054243079e-14,"Up"
2.98355535135715e-19,1.2003394203195,0.347,0.024,2.29298162973202e-14,"Dlst-201",2.29298162973202e-14,"Up"
2.99928969771056e-19,1.03924943056949,0.385,0.04,2.30507410427847e-14,"Tlk2-204",2.30507410427847e-14,"Up"
3.05678654889701e-19,1.16948394323531,0.336,0.02,2.34926273428931e-14,"Rsbn1-203",2.34926273428931e-14,"Up"
3.2077325884512e-19,1.5145622160369,0.336,0.02,2.46527080352829e-14,"Cnppd1-201",2.46527080352829e-14,"Up"
3.2335964466304e-19,1.84432796238163,0.336,0.02,2.48514821309332e-14,"Hdac4-202",2.48514821309332e-14,"Up"
3.33935510881395e-19,1.5141029070694,0.355,0.028,2.56642797532787e-14,"Kdm6a-201",2.56642797532787e-14,"Up"
3.39316303963218e-19,1.11971825939425,0.336,0.02,2.60778152247891e-14,"Rnf13-201",2.60778152247891e-14,"Up"
3.44806151499997e-19,1.21699071633332,0.336,0.02,2.64997319673808e-14,"Capn1-201",2.64997319673808e-14,"Up"
3.62792270156801e-19,2.34332941869585,0.358,0.032,2.78820371306308e-14,"Rusc2-207",2.78820371306308e-14,"Up"
3.64448753543759e-19,1.02544354728356,0.385,0.04,2.8009344504852e-14,"Vmn1r81-203",2.8009344504852e-14,"Up"
3.64448753543759e-19,1.02544354728356,0.385,0.04,2.8009344504852e-14,"Vmn1r81-205",2.8009344504852e-14,"Up"
3.64448753543759e-19,1.02544354728356,0.385,0.04,2.8009344504852e-14,"Vmn1r81-204",2.8009344504852e-14,"Up"
3.64448753543759e-19,1.02544354728356,0.385,0.04,2.8009344504852e-14,"Vmn1r81-202",2.8009344504852e-14,"Up"
3.69924431712644e-19,1.89822833033089,0.374,0.036,2.84301722748435e-14,"Nf1-201",2.84301722748435e-14,"Up"
3.96382807565083e-19,1.21201933796054,0.355,0.028,3.04636042926069e-14,"Apaf1-202",3.04636042926069e-14,"Up"
4.00145078488976e-19,2.76672781699577,0.332,0.02,3.07527498621918e-14,"Amot-203",3.07527498621918e-14,"Up"
4.14736507794039e-19,2.31427101572856,0.438,0.073,3.18741595700031e-14,"Ktn1-210",3.18741595700031e-14,"Up"
4.23680219564998e-19,1.00182308239683,0.423,0.057,3.25615195944484e-14,"Gtf3c2-201",3.25615195944484e-14,"Up"
4.25478225625145e-19,1.46264260205822,0.408,0.053,3.26997035521949e-14,"Cast-201",3.26997035521949e-14,"Up"
4.45440290492712e-19,1.06037924516188,0.355,0.028,3.42338680855269e-14,"Nadk-203",3.42338680855269e-14,"Up"
4.53935853838609e-19,1.33475476790366,0.374,0.036,3.48867861109125e-14,"Zzef1-201",3.48867861109125e-14,"Up"
4.59143139776765e-19,1.9967816485333,0.343,0.024,3.52869868644035e-14,"Rc3h2-205",3.52869868644035e-14,"Up"
4.59167211658584e-19,1.47561311091384,0.4,0.049,3.52888368848088e-14,"Smg7-202",3.52888368848088e-14,"Up"
4.6464656985808e-19,1.44884533972927,0.43,0.061,3.57099474798729e-14,"Ptpn11-201",3.57099474798729e-14,"Up"
4.96849237223664e-19,1.20550982541333,0.343,0.024,3.81848512775874e-14,"Dedd2-204",3.81848512775874e-14,"Up"
4.96849237223664e-19,1.75993701368041,0.343,0.024,3.81848512775874e-14,"Stk25-204",3.81848512775874e-14,"Up"
5.4727963675696e-19,1.90298713650089,0.332,0.02,4.20606292033194e-14,"Zranb1-202",4.20606292033194e-14,"Up"
5.52098976374133e-19,1.57415230302331,0.43,0.065,4.24310147302576e-14,"Exoc6b-203",4.24310147302576e-14,"Up"
5.5612102287019e-19,1.6962132910127,0.332,0.02,4.27401250916656e-14,"Cyld-210",4.27401250916656e-14,"Up"
5.74229219547932e-19,1.47959951767679,0.332,0.02,4.41318124391368e-14,"Cyld-203",4.41318124391368e-14,"Up"
6.22087490390231e-19,1.45103774921622,0.332,0.02,4.78099119864508e-14,"Snx13-201",4.78099119864508e-14,"Up"
6.47473251964222e-19,1.14397318025892,0.332,0.02,4.97609093064583e-14,"Capn1-202",4.97609093064583e-14,"Up"
6.52671856933556e-19,1.06565822664278,0.332,0.02,5.01604428927715e-14,"Gba-202",5.01604428927715e-14,"Up"
6.93000730146862e-19,1.13376947540211,0.645,0.178,5.32598781147069e-14,"Son-208",5.32598781147069e-14,"Up"
7.03019057098952e-19,1.75697985589155,0.408,0.057,5.40298266142829e-14,"Kalrn-210",5.40298266142829e-14,"Up"
7.23047038259911e-19,1.20658318096066,0.351,0.028,5.55690570784272e-14,"Ogt-201",5.55690570784272e-14,"Up"
7.71721843157667e-19,1.27652979772571,0.381,0.04,5.93099105340394e-14,"Vps13d-201",5.93099105340394e-14,"Up"
7.821606956595e-19,2.18159360277407,0.381,0.045,6.01121781042152e-14,"Adgrl2-217",6.01121781042152e-14,"Up"
8.12213323501967e-19,1.06000430144119,0.351,0.028,6.24218427644201e-14,"Gnb2-204",6.24218427644201e-14,"Up"
8.32772812775818e-19,1.4414034911422,0.358,0.032,6.40019217530727e-14,"Specc1-207",6.40019217530727e-14,"Up"
8.42263574024092e-19,1.1029977463481,0.37,0.036,6.47313247180476e-14,"Ube3b-201",6.47313247180476e-14,"Up"
8.98991754969548e-19,1.3907215144143,0.358,0.032,6.90911123364296e-14,"Arhgdib-201",6.90911123364296e-14,"Up"
9.07586477169208e-19,2.0686639109521,0.34,0.024,6.97516511163623e-14,"Kmt5b-213",6.97516511163623e-14,"Up"
9.55688855595265e-19,1.45391309733089,0.358,0.032,7.34485113079185e-14,"Alas1-207",7.34485113079185e-14,"Up"
1.00503064758079e-18,1.53482241074771,0.706,0.247,7.7240625389174e-14,"Tmsb4x-201",7.7240625389174e-14,"Up"
1.06199283071523e-18,1.07252020653463,0.34,0.024,8.16183970117881e-14,"Ccdc117-201",8.16183970117881e-14,"Up"
1.14783335583794e-18,1.02960708234295,0.358,0.032,8.82155847295689e-14,"Adnp-202",8.82155847295689e-14,"Up"
1.15353036330876e-18,1.47892853953872,0.347,0.028,8.86534225417312e-14,"Kdm6a-202",8.86534225417312e-14,"Up"
1.19590049737859e-18,1.03203434270262,0.517,0.105,9.1909736825534e-14,"Tnip1-202",9.1909736825534e-14,"Up"
1.23900591891665e-18,1.77755226375517,0.362,0.036,9.52225608924204e-14,"Cd82-201",9.52225608924204e-14,"Up"
1.28096346728643e-18,1.17433827599888,0.423,0.061,9.84471663148315e-14,"Cystm1-213",9.84471663148315e-14,"Up"
1.28096346728643e-18,1.17433827599888,0.423,0.061,9.84471663148315e-14,"Cystm1-206",9.84471663148315e-14,"Up"
1.28096346728643e-18,1.17433827599888,0.423,0.061,9.84471663148315e-14,"Cystm1-210",9.84471663148315e-14,"Up"
1.31915897225369e-18,1.63136646381722,0.411,0.057,1.01382643653585e-13,"Hyou1-204",1.01382643653585e-13,"Up"
1.37600261750646e-18,1.3896949689916,0.374,0.04,1.05751305165841e-13,"Tspan8-201",1.05751305165841e-13,"Up"
1.39429486162252e-18,1.30312551913966,0.385,0.045,1.07157137295137e-13,"Cramp1-201",1.07157137295137e-13,"Up"
1.40265109346021e-18,1.14768976231237,0.464,0.081,1.07799347136791e-13,"Pum1-203",1.07799347136791e-13,"Up"
1.46216588865328e-18,1.70609802324765,0.487,0.097,1.12373297206559e-13,"Pafah1b1-203",1.12373297206559e-13,"Up"
1.64669896966353e-18,1.36755083057971,0.4,0.053,1.26555402614521e-13,"Fkbp7-201",1.26555402614521e-13,"Up"
1.67051714159226e-18,1.23983552066122,0.4,0.053,1.28385924399931e-13,"Itgb5-201",1.28385924399931e-13,"Up"
1.71356828639629e-18,1.02563396206816,0.343,0.028,1.316945770827e-13,"Slc6a8-201",1.316945770827e-13,"Up"
1.73132888931829e-18,1.49789976826207,0.366,0.036,1.33059550459668e-13,"S100a6-203",1.33059550459668e-13,"Up"
1.74713422747944e-18,2.13660692498472,0.336,0.024,1.34274253918705e-13,"Osbpl8-202",1.34274253918705e-13,"Up"
1.75380391606731e-18,2.33876204686268,0.343,0.028,1.34786846165437e-13,"Arhgef3-204",1.34786846165437e-13,"Up"
1.75921539373032e-18,1.69888193623564,0.355,0.032,1.3520273986975e-13,"Nek6-201",1.3520273986975e-13,"Up"
1.86962815813879e-18,1.080707575488,0.8,0.312,1.43688402465598e-13,"Epas1-201",1.43688402465598e-13,"Up"
1.89477925732317e-18,1.79550440430098,0.343,0.028,1.45621365042315e-13,"Ncam1-204",1.45621365042315e-13,"Up"
1.89519217074271e-18,1.41500724109147,0.419,0.061,1.4565309909026e-13,"Adar-202",1.4565309909026e-13,"Up"
1.92603576040069e-18,1.14273087009932,0.46,0.081,1.48023552329835e-13,"ENSMUST00000249998.1",1.48023552329835e-13,"Up"
1.9769984805145e-18,1.35988051019153,0.434,0.069,1.51940241221462e-13,"Picalm-206",1.51940241221462e-13,"Up"
1.99601230793398e-18,1.91835919826329,0.381,0.049,1.53401529913958e-13,"Etl4-209",1.53401529913958e-13,"Up"
2.03275280642715e-18,1.28119445494145,0.355,0.032,1.56225184185152e-13,"Limk2-202",1.56225184185152e-13,"Up"
2.09548170040028e-18,1.28875882052013,0.355,0.032,1.61046150602563e-13,"Arhgef1-218",1.61046150602563e-13,"Up"
2.29432794267522e-18,1.20875771003499,0.351,0.032,1.76328279706361e-13,"Clk1-201",1.76328279706361e-13,"Up"
2.34381419249463e-18,1.0071249060701,0.381,0.045,1.80131495949982e-13,"Cdkn1b-201",1.80131495949982e-13,"Up"
2.40681332500722e-18,1.29400519515802,0.343,0.028,1.84973231280105e-13,"Heatr5a-201",1.84973231280105e-13,"Up"
2.51166508924561e-18,1.63855983471681,0.332,0.024,1.93031508768882e-13,"Setd5-212",1.93031508768882e-13,"Up"
2.57825098069331e-18,1.99536184787391,0.528,0.142,1.98148900870204e-13,"Phldb1-201",1.98148900870204e-13,"Up"
2.58830560119407e-18,1.91415592506194,0.415,0.065,1.98921638674169e-13,"Ctnnd1-218",1.98921638674169e-13,"Up"
2.58830560119407e-18,1.91415592506194,0.415,0.065,1.98921638674169e-13,"Ctnnd1-219",1.98921638674169e-13,"Up"
2.68456830726685e-18,1.49744253061361,0.415,0.061,2.06319812686687e-13,"Flnc-202",2.06319812686687e-13,"Up"
2.72979450559675e-18,1.09619637875637,0.362,0.036,2.09795626933133e-13,"Cep170-212",2.09795626933133e-13,"Up"
2.76451258380189e-18,1.25728929922989,0.343,0.028,2.1246385011551e-13,"Slc16a1-201",2.1246385011551e-13,"Up"
2.85403322972938e-18,1.10425449638469,0.396,0.053,2.19343869837621e-13,"Zmynd8-203",2.19343869837621e-13,"Up"
2.89503535920227e-18,1.17397291362955,0.343,0.028,2.22495047496131e-13,"Cyfip1-207",2.22495047496131e-13,"Up"
3.05900837145802e-18,1.81498857207479,0.34,0.028,2.35097029380034e-13,"Celf1-207",2.35097029380034e-13,"Up"
3.06146966218193e-18,2.2727360281297,0.604,0.182,2.3528618941733e-13,"Tfpi-204",2.3528618941733e-13,"Up"
3.06801146384324e-18,2.04129127482346,0.653,0.312,2.35788953042208e-13,"App-204",2.35788953042208e-13,"Up"
3.08172315148242e-18,1.09154363580752,0.913,0.664,2.3684275108403e-13,"Ccn1-201",2.3684275108403e-13,"Up"
3.1767842590092e-18,1.09424088253939,0.389,0.049,2.44148577441893e-13,"ENSMUST00000249877.1",2.44148577441893e-13,"Up"
3.22766211997712e-18,1.29800875347278,0.408,0.057,2.48058744568722e-13,"Eps15l1-205",2.48058744568722e-13,"Up"
3.27939029857433e-18,1.19170022840874,0.351,0.032,2.52034262006632e-13,"Magi3-202",2.52034262006632e-13,"Up"
3.30197852959058e-18,1.34928647302657,0.332,0.024,2.53770257913154e-13,"Crlf2-201",2.53770257913154e-13,"Up"
3.40664270575402e-18,1.51074964374587,0.332,0.024,2.61814118508019e-13,"Med17-201",2.61814118508019e-13,"Up"
3.43408414762795e-18,2.12534354958387,0.426,0.073,2.63923103081799e-13,"Ktn1-201",2.63923103081799e-13,"Up"
3.4601963157664e-18,1.22716689678024,0.332,0.024,2.65929927651911e-13,"Ppm1d-201",2.65929927651911e-13,"Up"
3.66561184632127e-18,2.08300867659884,0.396,0.057,2.81716932837175e-13,"Krt7-201",2.81716932837175e-13,"Up"
3.66955739297911e-18,1.83209689916088,0.347,0.032,2.82020163880017e-13,"Clip1-201",2.82020163880017e-13,"Up"
3.72887985449985e-18,2.47618768778979,0.596,0.182,2.86579332337731e-13,"Tfpi-202",2.86579332337731e-13,"Up"
3.85999838563545e-18,1.42551479989314,0.37,0.04,2.96656315929627e-13,"Fdft1-201",2.96656315929627e-13,"Up"
3.89644415797886e-18,1.72325011181694,0.385,0.049,2.99457319317307e-13,"Igfbp4-201",2.99457319317307e-13,"Up"
3.97444907380401e-18,1.53942530453699,0.34,0.028,3.05452309118133e-13,"Gtf3c1-204",3.05452309118133e-13,"Up"
4.21017666336145e-18,1.01883305717519,0.351,0.032,3.23568917285981e-13,"Ncstn-206",3.23568917285981e-13,"Up"
4.2574543554792e-18,1.64416449851267,0.411,0.065,3.27202397035998e-13,"Palld-204",3.27202397035998e-13,"Up"
4.35414516895385e-18,1.56367356131613,0.377,0.045,3.34633472814779e-13,"Gse1-201",3.34633472814779e-13,"Up"
4.36206264705567e-18,2.76960630386155,0.434,0.093,3.35241962676816e-13,"Mbnl2-203",3.35241962676816e-13,"Up"
4.75399367624282e-18,2.5378094655568,0.366,0.04,3.65363429993966e-13,"Arhgef3-202",3.65363429993966e-13,"Up"
4.88285221798381e-18,1.627848132676,0.374,0.045,3.75266724360928e-13,"Cgn-201",3.75266724360928e-13,"Up"
4.92216311678787e-18,1.02523678188871,0.453,0.081,3.78287924177615e-13,"Aldoa-203",3.78287924177615e-13,"Up"
5.48672431453709e-18,1.17813755679252,0.404,0.057,4.21676710469433e-13,"Eps15l1-203",4.21676710469433e-13,"Up"
5.5262834793779e-18,1.06908844921566,0.347,0.032,4.24716990524109e-13,"Gas7-203",4.24716990524109e-13,"Up"
5.6242656834464e-18,1.25387431162869,0.457,0.085,4.3224731483559e-13,"Eps8l2-206",4.3224731483559e-13,"Up"
5.66169190138332e-18,1.86421744621621,0.336,0.028,4.35123669388913e-13,"Celf1-214",4.35123669388913e-13,"Up"
5.79370084961202e-18,1.86191578695861,0.336,0.028,4.45269085096082e-13,"Cdk12-201",4.45269085096082e-13,"Up"
5.80263430310303e-18,-2.66794428162357,0.63,0.676,4.4595565673068e-13,"Smdt1-201",4.4595565673068e-13,"Down"
5.87080174726547e-18,1.59894181363557,0.347,0.032,4.5119459748434e-13,"Nedd4l-202",4.5119459748434e-13,"Up"
5.92055393254087e-18,1.03789293870069,0.358,0.036,4.55018251931496e-13,"Arhgef1-204",4.55018251931496e-13,"Up"
6.03928251344407e-18,2.337464656778,0.343,0.032,4.6414301828823e-13,"Ncor1-205",4.6414301828823e-13,"Up"
6.2002377642014e-18,1.04375367664265,0.468,0.089,4.76513073129935e-13,"Tm9sf3-201",4.76513073129935e-13,"Up"
6.3071030685129e-18,1.0915846667206,0.377,0.045,4.8472609922749e-13,"Fat1-206",4.8472609922749e-13,"Up"
6.45103338356034e-18,1.21032072741831,0.336,0.028,4.95787719660147e-13,"Rnf38-203",4.95787719660147e-13,"Up"
6.45652699904097e-18,1.14457091647866,0.543,0.138,4.96209925984295e-13,"Csde1-201",4.96209925984295e-13,"Up"
6.85564816916103e-18,1.77094144105282,0.37,0.045,5.26883984392702e-13,"Frmd4a-216",5.26883984392702e-13,"Up"
6.9489829648257e-18,1.49400496719338,0.445,0.081,5.34057136778714e-13,"Git2-204",5.34057136778714e-13,"Up"
7.44676740680531e-18,1.4054053998572,0.366,0.04,5.72313862282615e-13,"Nf1-202",5.72313862282615e-13,"Up"
8.00029641448514e-18,1.01502773254608,0.392,0.053,6.14854780638841e-13,"ENSMUST00000249933.1",6.14854780638841e-13,"Up"
8.05418126195462e-18,1.04809058619301,0.43,0.073,6.1899604670626e-13,"Ilrun-203",6.1899604670626e-13,"Up"
8.24266460172142e-18,1.31531992305329,0.336,0.028,6.33481745300698e-13,"Camsap1-202",6.33481745300698e-13,"Up"
8.30593201751462e-18,1.02416569898133,0.336,0.028,6.38344099274068e-13,"Baz2b-202",6.38344099274068e-13,"Up"
8.96556425803444e-18,1.13370667836182,0.336,0.028,6.89039475486979e-13,"Gnb2-212",6.89039475486979e-13,"Up"
9.31820784052984e-18,1.69994204165486,0.381,0.049,7.1614154537608e-13,"Gpc4-201",7.1614154537608e-13,"Up"
9.57599655984605e-18,1.18443061925871,0.445,0.085,7.35953639610408e-13,"Papola-214",7.35953639610408e-13,"Up"
1.02506414361851e-17,1.09139735642277,0.343,0.032,7.87802796936566e-13,"Erc1-209",7.87802796936566e-13,"Up"
1.04068925212965e-17,1.06441029334431,0.411,0.061,7.99811317831725e-13,"Nbr1-208",7.99811317831725e-13,"Up"
1.12196873843832e-17,1.51894459188702,0.343,0.032,8.62277854239383e-13,"Pnp-201",8.62277854239383e-13,"Up"
1.22523540634988e-17,1.38613718437213,0.377,0.049,9.41642419196133e-13,"Senp6-208",9.41642419196133e-13,"Up"
1.22580028981971e-17,1.26327567101086,0.37,0.045,9.42076554738038e-13,"Cgn-202",9.42076554738038e-13,"Up"
1.22580028981971e-17,1.26327567101086,0.37,0.045,9.42076554738038e-13,"Cgn-205",9.42076554738038e-13,"Up"
1.24592906103437e-17,1.05931523282225,0.796,0.328,9.57546320567353e-13,"Ubr4-201",9.57546320567353e-13,"Up"
1.25068543200551e-17,1.68707177534089,0.438,0.081,9.61201781913514e-13,"Huwe1-202",9.61201781913514e-13,"Up"
1.35333422741398e-17,1.86491923080042,0.351,0.036,1.04009148713674e-12,"Ggh-201",1.04009148713674e-12,"Up"
1.36113800453832e-17,2.15876937832114,0.408,0.073,1.04608900200788e-12,"Rc3h1-204",1.04608900200788e-12,"Up"
1.37898331645392e-17,1.37835877039996,0.419,0.069,1.05980383802749e-12,"Ythdc1-207",1.05980383802749e-12,"Up"
1.45800093311619e-17,1.25308835918319,0.37,0.045,1.12053203713712e-12,"Smg7-201",1.12053203713712e-12,"Up"
1.56649135823506e-17,1.29216040014278,0.332,0.028,1.20391126845798e-12,"Samd8-204",1.20391126845798e-12,"Up"
1.59152243919873e-17,2.15708450265022,0.377,0.053,1.22314865542179e-12,"Etl4-206",1.22314865542179e-12,"Up"
1.66040331093512e-17,1.23315158500564,0.358,0.04,1.27608636058607e-12,"ENSMUST00000381878.1",1.27608636058607e-12,"Up"
1.69840724078732e-17,1.2840165006094,0.46,0.093,1.30529390083469e-12,"Jmjd1c-206",1.30529390083469e-12,"Up"
1.70422981520174e-17,1.21809650293228,0.849,0.506,1.30976878217515e-12,"Dusp1-202",1.30976878217515e-12,"Up"
1.88213218405671e-17,1.23739943147023,0.34,0.032,1.44649386873494e-12,"Specc1-203",1.44649386873494e-12,"Up"
1.93945568762401e-17,1.1877677776409,0.34,0.032,1.49054927416655e-12,"Atp6v0a2-201",1.49054927416655e-12,"Up"
2.12802286460371e-17,1.55917078980738,0.453,0.093,1.63547069236253e-12,"Brd4-201",1.63547069236253e-12,"Up"
2.14603777289699e-17,1.41367130131988,0.434,0.077,1.64931586998225e-12,"Arid5b-203",1.64931586998225e-12,"Up"
2.8076782962117e-17,1.52029155498615,0.532,0.15,2.15781307777054e-12,"Sptbn1-203",2.15781307777054e-12,"Up"
2.96790790965665e-17,1.4536397359718,0.336,0.032,2.28095594488752e-12,"Slc12a7-201",2.28095594488752e-12,"Up"
3.17500994226788e-17,1.16260529082323,0.438,0.077,2.44012214103056e-12,"Myo1e-203",2.44012214103056e-12,"Up"
3.25326605608037e-17,1.38644370798783,0.385,0.057,2.50026509474001e-12,"Tspan9-202",2.50026509474001e-12,"Up"
3.33234032153351e-17,1.30855863732989,0.37,0.049,2.56103683071136e-12,"Foxn3-209",2.56103683071136e-12,"Up"
3.52752299121416e-17,1.190708236728,0.366,0.045,2.71104251966773e-12,"Mef2a-208",2.71104251966773e-12,"Up"
3.57797358742758e-17,1.64781519294015,0.336,0.032,2.7498158208816e-12,"Ccdc127-201",2.7498158208816e-12,"Up"
3.82661006876994e-17,1.10233991187825,0.336,0.032,2.94090290225245e-12,"Magi3-201",2.94090290225245e-12,"Up"
4.18480953137468e-17,1.17653097193861,0.336,0.032,3.2161935172427e-12,"Susd2-202",3.2161935172427e-12,"Up"
4.41271359550784e-17,1.75197210220294,0.343,0.036,3.3913469066916e-12,"Dag1-202",3.3913469066916e-12,"Up"
4.54069744539496e-17,1.03525328922996,0.411,0.069,3.48970761468384e-12,"Trappc6b-201",3.48970761468384e-12,"Up"
4.99882465533491e-17,1.67625199257405,0.43,0.085,3.84179670061109e-12,"Lifr-206",3.84179670061109e-12,"Up"
5.07407728466357e-17,1.11145566908429,0.343,0.036,3.89963135635534e-12,"Cdkn1b-202",3.89963135635534e-12,"Up"
5.13835285935306e-17,1.49989010009158,0.442,0.085,3.9490297065272e-12,"Foxp4-202",3.9490297065272e-12,"Up"
5.28796937816669e-17,1.05729623635643,0.389,0.057,4.06401598589623e-12,"Qars-218",4.06401598589623e-12,"Up"
5.52906891845706e-17,1.45228697581483,0.351,0.04,4.24931062659099e-12,"Cert1-204",4.24931062659099e-12,"Up"
6.53330065878505e-17,1.56851872086116,0.419,0.077,5.02110288830266e-12,"Sptan1-205",5.02110288830266e-12,"Up"
7.22656018020605e-17,1.12022766800938,0.351,0.04,5.55390056089555e-12,"Ccdc82-207",5.55390056089555e-12,"Up"
7.33170234625548e-17,1.12055329388595,0.351,0.04,5.63470652119119e-12,"Zfp91-201",5.63470652119119e-12,"Up"
7.36184381334201e-17,1.466671653214,0.37,0.049,5.65787144430587e-12,"Wasl-201",5.65787144430587e-12,"Up"
7.36649467128989e-17,1.26947599334376,0.853,0.494,5.66144581467313e-12,"Emp1-206",5.66144581467313e-12,"Up"
7.48715085821212e-17,1.73698702119793,0.377,0.053,5.75417492057034e-12,"Nr1h2-202",5.75417492057034e-12,"Up"
7.52523373543413e-17,1.70763599072016,0.332,0.032,5.78344313503055e-12,"Dop1b-201",5.78344313503055e-12,"Up"
8.46970170719637e-17,1.11864342589724,0.351,0.04,6.5093045500487e-12,"Usp25-201",6.5093045500487e-12,"Up"
8.57218771300706e-17,1.78352368207749,0.34,0.036,6.58806914495445e-12,"Srgap2-204",6.58806914495445e-12,"Up"
9.9400413094296e-17,1.12557917055848,0.411,0.069,7.63931934794902e-12,"Ryr2-201",7.63931934794902e-12,"Up"
1.03450545505425e-16,1.33457812924455,0.358,0.045,7.95058822427393e-12,"Pdxdc1-204",7.95058822427393e-12,"Up"
1.07518130546727e-16,1.25790940582402,0.34,0.036,8.26319840503816e-12,"Mtrex-201",8.26319840503816e-12,"Up"
1.1733652452746e-16,1.25883290358965,0.347,0.04,9.01778125603338e-12,"Ptgs2-201",9.01778125603338e-12,"Up"
1.39746780994114e-16,1.55893815567476,0.54,0.146,1.07400991065216e-11,"Apbb2-210",1.07400991065216e-11,"Up"
1.40453125389441e-16,1.13881648864724,0.347,0.04,1.07943844986801e-11,"Atp6ap1-202",1.07943844986801e-11,"Up"
1.67489081531415e-16,-4.66763679706626,0.17,0.445,1.28722058720154e-11,"Fam220a-207",1.28722058720154e-11,"Down"
2.1920888788263e-16,1.70283668117214,0.385,0.065,1.68470798693317e-11,"Nabp1-210",1.68470798693317e-11,"Up"
2.55279394899178e-16,1.67782454107771,0.389,0.065,1.96192426155814e-11,"Ctnnd1-221",1.96192426155814e-11,"Up"
2.66286853512412e-16,1.15221349943813,0.343,0.04,2.04652098398429e-11,"Dhx32-207",2.04652098398429e-11,"Up"
2.7823947067633e-16,1.45084821971687,0.34,0.04,2.13838162793587e-11,"Myo6-203",2.13838162793587e-11,"Up"
2.86489426628318e-16,1.41397578830874,0.687,0.324,2.20178583940928e-11,"Hdlbp-202",2.20178583940928e-11,"Up"
2.93659106252177e-16,1.49653899002292,0.332,0.036,2.25688769519048e-11,"Vsir-203",2.25688769519048e-11,"Up"
3.0667508283838e-16,-2.96635934793382,0.132,0.429,2.35692068164609e-11,"Cald1-214",2.35692068164609e-11,"Down"
3.21902970571115e-16,1.52634941345141,0.347,0.045,2.47395309002724e-11,"Irf7-210",2.47395309002724e-11,"Up"
3.38001008592272e-16,1.14521405313891,0.54,0.146,2.59767295143505e-11,"Slc39a8-206",2.59767295143505e-11,"Up"
4.23297353010626e-16,1.03725481031929,0.358,0.049,3.25320947682787e-11,"Rab3b-201",3.25320947682787e-11,"Up"
4.85345752629443e-16,2.45497676610888,0.438,0.113,3.73007624725832e-11,"Mbnl2-204",3.73007624725832e-11,"Up"
4.91429848640193e-16,1.07524723390912,0.347,0.045,3.77683495873934e-11,"Sec14l1-202",3.77683495873934e-11,"Up"
4.93108054915712e-16,1.65584530987039,0.336,0.04,3.78973264524921e-11,"Picalm-201",3.78973264524921e-11,"Up"
5.10521032323448e-16,1.48995375897498,0.392,0.069,3.92355834181863e-11,"Eif4g3-202",3.92355834181863e-11,"Up"
5.48041876131896e-16,1.70852758952107,0.347,0.049,4.21192103482407e-11,"Tns1-222",4.21192103482407e-11,"Up"
5.76220164138155e-16,1.16951176656467,0.419,0.081,4.42848244946737e-11,"Arhgap21-210",4.42848244946737e-11,"Up"
6.60243572549335e-16,1.47389698546372,0.332,0.04,5.07423595247066e-11,"Etl4-201",5.07423595247066e-11,"Up"
7.40776963270906e-16,-4.15624202983587,0.14,0.409,5.69316727352222e-11,"Gna13-202",5.69316727352222e-11,"Down"
7.5835190948452e-16,1.67655678606213,0.374,0.061,5.82823776515233e-11,"Ctnnd1-222",5.82823776515233e-11,"Up"
8.61816966710057e-16,-1.09836613096959,0.415,0.073,6.62340811595347e-11,"Anapc4-201",6.62340811595347e-11,"Down"
9.4618699208241e-16,2.21800952724658,0.438,0.117,7.27182550895016e-11,"Mbnl2-202",7.27182550895016e-11,"Up"
1.5220206767452e-15,1.20169930184816,0.789,0.417,1.16973377090575e-10,"Lgals3-204",1.16973377090575e-10,"Up"
2.07003466524434e-15,1.74873027355334,0.423,0.093,1.59090444162689e-10,"Afdn-214",1.59090444162689e-10,"Up"
2.38863246054827e-15,1.28429358388994,0.408,0.081,1.83575959122976e-10,"Kansl1-203",1.83575959122976e-10,"Up"
2.55872302081211e-15,1.19622426746819,0.336,0.045,1.96648099041494e-10,"Cd47-201",1.96648099041494e-10,"Up"
3.13294678901812e-15,1.61630342711406,0.566,0.178,2.40779492523198e-10,"Tfpi-205",2.40779492523198e-10,"Up"
4.26604152122702e-15,1.29085817707929,0.381,0.069,3.27862355072381e-10,"Leng8-204",3.27862355072381e-10,"Up"
4.27712176415361e-15,-1.6258235527039,0.623,0.761,3.28713916062262e-10,"Ywhaz-204",3.28713916062262e-10,"Down"
4.46479517315503e-15,1.68260573095157,0.37,0.065,3.43137368237657e-10,"Eif4g3-205",3.43137368237657e-10,"Up"
5.68526208112722e-15,1.17482814071835,0.404,0.081,4.36935131982951e-10,"Arhgap21-208",4.36935131982951e-10,"Up"
7.27936930665403e-15,1.13760943803006,0.438,0.101,5.59448648693589e-10,"Lamp2-201",5.59448648693589e-10,"Up"
8.34323100440813e-15,1.43584762085984,0.358,0.061,6.41210675612782e-10,"Sema6a-201",6.41210675612782e-10,"Up"
8.6820300507084e-15,1.51124607102134,0.506,0.15,6.67248737517143e-10,"Nfat5-206",6.67248737517143e-10,"Up"
9.58520852589209e-15,-1.01988751192171,0.913,0.874,7.3666161604891e-10,"P4hb-201",7.3666161604891e-10,"Down"
9.786775427071e-15,1.46763530971974,0.336,0.049,7.52152838672115e-10,"Tceal9-202",7.52152838672115e-10,"Up"
1.0003751750755e-14,1.16926993819633,0.845,0.494,7.68828337052523e-10,"Emp1-201",7.68828337052523e-10,"Up"
1.06230037018095e-14,-1.15033992179635,0.525,0.13,8.16420326498868e-10,"Arpc3-202",8.16420326498868e-10,"Down"
1.13744967846633e-14,2.39134201651215,0.381,0.081,8.74175575888511e-10,"Cd44-202",8.74175575888511e-10,"Up"
1.14517017585431e-14,1.1185702814461,0.457,0.113,8.80109086951075e-10,"Cited2-203",8.80109086951075e-10,"Up"
1.21122499267989e-14,1.31977764801165,0.445,0.113,9.30874855874203e-10,"Sdcbp-202",9.30874855874203e-10,"Up"
1.32051132154464e-14,-1.18308545432926,0.34,0.049,1.01486577105992e-09,"Gopc-201",1.01486577105992e-09,"Down"
1.72033922986305e-14,1.61902166212893,0.336,0.053,1.32214951171895e-09,"Sptan1-208",1.32214951171895e-09,"Up"
2.09821152142437e-14,1.01834385135277,0.479,0.121,1.61255948267548e-09,"Pacsin2-202",1.61255948267548e-09,"Up"
2.16302859620866e-14,2.4761162697266,0.343,0.061,1.6623739973302e-09,"Ctnnd1-202",1.6623739973302e-09,"Up"
3.23784415975449e-14,1.02133059835736,0.475,0.121,2.48841275053771e-09,"Pacsin2-210",2.48841275053771e-09,"Up"
3.34206186018399e-14,-5.15587001277721,0.151,0.421,2.56850822202581e-09,"Clic4-202",2.56850822202581e-09,"Down"
3.37892974087765e-14,1.61507889149334,0.355,0.065,2.59684266305411e-09,"Ctnnd1-203",2.59684266305411e-09,"Up"
4.46540407658187e-14,1.37956612981136,0.423,0.105,3.43184164901623e-09,"Macf1-214",3.43184164901623e-09,"Up"
5.2191704022081e-14,1.55896809769692,0.355,0.065,4.01114122091301e-09,"Ehmt1-210",4.01114122091301e-09,"Up"
5.7349550538462e-14,-1.05129337184312,0.392,0.077,4.40754235708296e-09,"Gem-202",4.40754235708296e-09,"Down"
8.34636826036808e-14,1.04556599371448,0.366,0.069,6.41451786282328e-09,"Fut8-202",6.41451786282328e-09,"Up"
1.44023769467566e-13,1.55403888570821,0.404,0.097,1.10688027786603e-08,"Afdn-210",1.10688027786603e-08,"Up"
1.4770703204872e-13,1.37604603945831,0.34,0.061,1.13518762410723e-08,"Eif4g3-215",1.13518762410723e-08,"Up"
1.75522708613642e-13,-1.2256739230291,0.347,0.061,1.34896222477929e-08,"Hnrnph2-203",1.34896222477929e-08,"Down"
1.9178777225063e-13,-1.12065974870181,0.34,0.057,1.47396574485499e-08,"Dhrs7-201",1.47396574485499e-08,"Down"
2.03721212714351e-13,-3.25432012837483,0.094,0.348,1.56567900819488e-08,"Lrpap1-203",1.56567900819488e-08,"Down"
2.48376660763325e-13,1.22777339272546,0.43,0.113,1.90887398863046e-08,"Bmp1-205",1.90887398863046e-08,"Up"
2.60778829761895e-13,-1.02663425307218,0.464,0.113,2.00418961825207e-08,"1810055G02Rik-201",2.00418961825207e-08,"Down"
3.03104114594783e-13,1.16392157873912,0.551,0.198,2.32947636230674e-08,"Eif4g1-205",2.32947636230674e-08,"Up"
3.23322391998436e-13,-1.39676580245982,0.464,0.113,2.48486191146478e-08,"Dhx8-201",2.48486191146478e-08,"Down"
3.25232534216461e-13,-1.26916303622964,0.374,0.073,2.49954211846719e-08,"Mrpl27-201",2.49954211846719e-08,"Down"
3.29337913509155e-13,1.24257105883574,0.377,0.081,2.53109360048326e-08,"Foxp4-201",2.53109360048326e-08,"Up"
3.30990108320467e-13,-1.03224781758922,0.336,0.057,2.54379137848612e-08,"Prkd3-208",2.54379137848612e-08,"Down"
3.46764809451554e-13,1.09457886025875,0.755,0.389,2.66502626655897e-08,"Calm2-201",2.66502626655897e-08,"Up"
3.7988201541001e-13,1.69001145920362,0.532,0.211,2.91954524123209e-08,"Lmo7-201",2.91954524123209e-08,"Up"
3.83760000763262e-13,1.03057061543968,0.562,0.202,2.94934910986597e-08,"Fndc3b-204",2.94934910986597e-08,"Up"
4.06278579935443e-13,1.44086769475833,0.34,0.065,3.12241339823585e-08,"Ctnnd1-220",3.12241339823585e-08,"Up"
4.30802843673987e-13,1.41326826174609,0.664,0.377,3.31089217477206e-08,"Aplp2-209",3.31089217477206e-08,"Up"
5.44045315599477e-13,-3.54132804567381,0.487,0.583,4.18120586850822e-08,"Atp5g1-202",4.18120586850822e-08,"Down"
7.96606618210055e-13,-1.15573941488718,0.423,0.105,6.12224050359155e-08,"Eif5a-210",6.12224050359155e-08,"Down"
8.33052356329135e-13,1.50205748465182,0.487,0.154,6.40234057933193e-08,"Apbb2-216",6.40234057933193e-08,"Up"
8.70685503721094e-13,-1.29603533407265,0.366,0.073,6.6915663702981e-08,"Smndc1-201",6.6915663702981e-08,"Down"
8.82017736238598e-13,1.18794523944621,0.664,0.332,6.77865911008812e-08,"Pakap-206",6.77865911008812e-08,"Up"
9.45233772162647e-13,1.01952068584628,0.37,0.081,7.26449963257881e-08,"Eno1b-201",7.26449963257881e-08,"Up"
1.57455433328827e-12,1.11306080050651,0.332,0.065,1.21010798730537e-07,"Ctnnd1-207",1.21010798730537e-07,"Up"
1.86039462393938e-12,-1.22069639169027,0.438,0.109,1.42978768428237e-07,"Atp6v0e-201",1.42978768428237e-07,"Down"
1.98291018591146e-12,1.23480695400392,0.472,0.162,1.52394579428039e-07,"Ube2d3-210",1.52394579428039e-07,"Up"
2.16489857080858e-12,1.09798880596117,0.377,0.089,1.66381114760923e-07,"Csrnp1-203",1.66381114760923e-07,"Up"
2.22850365258343e-12,-1.455017761877,0.434,0.109,1.71269419715647e-07,"Psma3-202",1.71269419715647e-07,"Down"
2.29798822193925e-12,-1.01342052276863,0.438,0.109,1.76609586808919e-07,"Tent2-205",1.76609586808919e-07,"Down"
2.3337599346856e-12,-1.09996568320566,0.358,0.073,1.79358786020327e-07,"Rp9-201",1.79358786020327e-07,"Down"
2.41806275043973e-12,1.30168355658337,0.509,0.194,1.85837794622295e-07,"Tpm1-213",1.85837794622295e-07,"Up"
2.68549896280235e-12,-1.48569876057495,0.404,0.093,2.06391337287212e-07,"Atg3-201",2.06391337287212e-07,"Down"
3.29598843191031e-12,-1.02657644594384,0.347,0.069,2.53309894946035e-07,"Ptpmt1-201",2.53309894946035e-07,"Down"
4.52319667984812e-12,-1.48671057041585,0.343,0.069,3.47625757633047e-07,"Xpo7-206",3.47625757633047e-07,"Down"
4.93161985495339e-12,1.58352108273786,0.487,0.166,3.79014712332588e-07,"Krt6a-201",3.79014712332588e-07,"Up"
5.60034254573624e-12,-1.38887730721999,0.517,0.146,4.30408726010013e-07,"Cnih1-201",4.30408726010013e-07,"Down"
5.60824417692638e-12,-1.68240224918642,0.366,0.081,4.310159979735e-07,"Brpf3-201",4.310159979735e-07,"Down"
5.9926122098585e-12,1.11022698634256,0.657,0.324,4.60556218776465e-07,"Pakap-207",4.60556218776465e-07,"Up"
6.75948225129288e-12,-1.0820551851483,0.502,0.142,5.19493248940863e-07,"Elavl1-201",5.19493248940863e-07,"Down"
7.34826910128277e-12,-1.2179746594992,0.404,0.097,5.64743873509986e-07,"Txndc17-201",5.64743873509986e-07,"Down"
8.38530021339243e-12,1.89150759911505,0.585,0.283,6.44443862600062e-07,"Cald1-204",6.44443862600062e-07,"Up"
9.19699312829552e-12,-1.537723663054,0.366,0.081,7.06825709882024e-07,"Spats2-201",7.06825709882024e-07,"Down"
1.53337807588673e-11,1.42809500226196,0.487,0.178,1.17846238644199e-06,"Gnas-211",1.17846238644199e-06,"Up"
1.97829716556378e-11,-1.08317134241258,0.438,0.117,1.52040050362239e-06,"Taf15-201",1.52040050362239e-06,"Down"
2.06674314914728e-11,1.15841113754541,0.649,0.324,1.58837477984565e-06,"Pakap-202",1.58837477984565e-06,"Up"
2.47432891400624e-11,-1.241815596306,0.404,0.101,1.90162074357035e-06,"Smim10l1-201",1.90162074357035e-06,"Down"
3.56216010774019e-11,-1.24307347079351,0.355,0.081,2.73766252920265e-06,"Dnajc8-202",2.73766252920265e-06,"Down"
3.62040743564065e-11,-1.15138611041326,0.464,0.134,2.78242793058726e-06,"Elob-201",2.78242793058726e-06,"Down"
4.04122660775119e-11,1.34831800301108,0.521,0.235,3.1058442971211e-06,"Dst-215",3.1058442971211e-06,"Up"
5.38468465861407e-11,-1.01846850708068,0.415,0.109,4.13834554753126e-06,"Tomm20-201",4.13834554753126e-06,"Down"
5.78497357407615e-11,-1.00353871753577,0.517,0.158,4.44598359062049e-06,"Usp12-201",4.44598359062049e-06,"Down"
5.87443993673859e-11,-1.13423224988408,0.445,0.126,4.51474206898108e-06,"Far1-201",4.51474206898108e-06,"Down"
5.94692026938393e-11,-1.14790477153162,0.502,0.15,4.57044610383233e-06,"Fam104a-201",4.57044610383233e-06,"Down"
6.12566582294779e-11,-1.21319383573745,0.377,0.093,4.7078192115683e-06,"Tsnax-201",4.7078192115683e-06,"Down"
7.33306758830585e-11,-2.5635885560537,0.143,0.36,5.63575576431658e-06,"P4ha1-202",5.63575576431658e-06,"Down"
8.09953607976884e-11,-1.67783861449583,0.785,0.806,6.22481745874554e-06,"Ppia-202",6.22481745874554e-06,"Down"
8.19392613337033e-11,-2.16014982127613,0.332,0.073,6.29735999054043e-06,"Gps2-201",6.29735999054043e-06,"Down"
8.89223546222686e-11,-1.15823418548577,0.491,0.15,6.83403864213983e-06,"Fbxo6-201",6.83403864213983e-06,"Down"
9.04306424832032e-11,-1.3363737133243,0.392,0.101,6.9499565974041e-06,"Snx5-202",6.9499565974041e-06,"Down"
9.37164367224019e-11,-1.06834554311914,0.532,0.166,7.20248302786348e-06,"Nono-201",7.20248302786348e-06,"Down"
1.02691169114732e-10,1.9842546538253,0.355,0.105,7.8922271111436e-06,"Wnk1-204",7.8922271111436e-06,"Up"
1.03017627162632e-10,-1.10491619350444,0.46,0.134,7.91731671795693e-06,"Aggf1-201",7.91731671795693e-06,"Down"
1.21492999736972e-10,1.31419681872754,0.438,0.158,9.33722300178527e-06,"Emp1-202",9.33722300178527e-06,"Up"
1.26441340218727e-10,1.42404067486114,0.34,0.089,9.71752276117004e-06,"Macf1-201",9.71752276117004e-06,"Up"
1.30185880592082e-10,-1.01671691505965,0.336,0.077,1.00053056670238e-05,"Ahsa1-201",1.00053056670238e-05,"Down"
1.88515721840018e-10,1.11708011500163,0.415,0.134,1.44881872862928e-05,"Nfat5-203",1.44881872862928e-05,"Up"
1.96375096974608e-10,-1.17287391226076,0.381,0.101,1.50922117028865e-05,"Fam220a-204",1.50922117028865e-05,"Down"
2.32899422509906e-10,-1.37283075337669,0.355,0.089,1.78992522175763e-05,"Pxn-210",1.78992522175763e-05,"Down"
2.92156942914218e-10,1.48849632754498,0.358,0.113,2.24534296907293e-05,"Wnk1-224",2.24534296907293e-05,"Up"
2.99980817357928e-10,-1.07169942273193,0.347,0.085,2.30547257372262e-05,"Tbcb-201",2.30547257372262e-05,"Down"
3.09429253498946e-10,-1.37301451368691,0.389,0.105,2.3780875848408e-05,"Ehmt2-204",2.3780875848408e-05,"Down"
3.63298003230279e-10,-1.11198270918111,0.453,0.138,2.79209047402599e-05,"Slc25a39-213",2.79209047402599e-05,"Down"
3.8529270708881e-10,-1.48120395486556,0.411,0.117,2.96112857106034e-05,"Uqcrc1-201",2.96112857106034e-05,"Down"
4.83471896272775e-10,-1.2010882639466,0.475,0.146,3.71567491161478e-05,"Eif3m-201",3.71567491161478e-05,"Down"
5.09938260320508e-10,-2.54520801153092,0.366,0.506,3.91907950586723e-05,"Myl6-202",3.91907950586723e-05,"Down"
5.26896582487271e-10,-3.35327643910335,0.132,0.336,4.04941099504767e-05,"Rcn3-204",4.04941099504767e-05,"Down"
5.59036342870236e-10,-3.07656109187392,0.143,0.34,4.29641790949491e-05,"Fus-204",4.29641790949491e-05,"Down"
5.59482137494953e-10,-2.75615413826572,0.151,0.352,4.29984401950371e-05,"Ankrd17-213",4.29984401950371e-05,"Down"
5.63160522283923e-10,1.33496235682494,0.358,0.121,4.32811387796086e-05,"Mbnl2-206",4.32811387796086e-05,"Up"
5.65654893821903e-10,-1.05008706104111,0.374,0.101,4.34728412097885e-05,"Trp53bp2-201",4.34728412097885e-05,"Down"
6.59871805508142e-10,-1.14153713917897,0.381,0.105,5.07137877405228e-05,"Htatsf1-201",5.07137877405228e-05,"Down"
6.80936166522926e-10,-1.01658359156256,0.513,0.174,5.23326681419529e-05,"Arhgap1-202",5.23326681419529e-05,"Down"
7.70185067368171e-10,-1.31354227994034,0.408,0.117,5.91918031675134e-05,"Tcea1-201",5.91918031675134e-05,"Down"
9.51493926882589e-10,1.17092834131282,0.438,0.162,7.31261142566345e-05,"Son-201",7.31261142566345e-05,"Up"
1.11299148120656e-09,-1.3923212937194,0.219,0.462,8.55378472966491e-05,"Tinagl1-201",8.55378472966491e-05,"Down"
1.13001241742798e-09,-1.3097249760656,0.834,0.729,8.68459743290101e-05,"Rhoa-201",8.68459743290101e-05,"Down"
1.13165017758741e-09,-3.47551069376958,0.185,0.368,8.69718427483031e-05,"Pdpn-202",8.69718427483031e-05,"Down"
1.32747612366571e-09,-1.11242476609815,0.343,0.089,0.000102021850008204,"Slc49a4-201",0.000102021850008204,"Down"
1.38062202468828e-09,-1.03822476033267,0.483,0.158,0.000106106325085393,"Timm23-201",0.000106106325085393,"Down"
1.51540489986432e-09,-1.06113748743361,0.366,0.101,0.000116464928174172,"Cops6-201",0.000116464928174172,"Down"
1.51556647835397e-09,-1.32365259352165,0.377,0.105,0.000116477346127416,"Rfxap-201",0.000116477346127416,"Down"
2.72569068724281e-09,-1.0952734275621,0.453,0.15,0.000209480232077359,"Glmp-209",0.000209480232077359,"Down"
3.44731977698388e-09,-1.5309687504124,0.362,0.101,0.000264940314140319,"Wwp1-202",0.000264940314140319,"Down"
3.94661967373797e-09,-1.44379607642672,0.366,0.105,0.000303313508405458,"Phf23-201",0.000303313508405458,"Down"
3.95398070920331e-09,-1.15018632723947,0.347,0.097,0.000303879233425112,"Acap2-203",0.000303879233425112,"Down"
4.05393544246925e-09,-2.30327178882819,0.442,0.53,0.000311561154495532,"Riok3-215",0.000311561154495532,"Down"
4.47302626097692e-09,-1.25736416936472,0.453,0.146,0.00034376996026112,"Pnrc2-201",0.00034376996026112,"Down"
4.52479696270612e-09,-2.37155682026814,0.483,0.534,0.000347748745771816,"Riok3-204",0.000347748745771816,"Down"
4.83221336085166e-09,-2.31866615486383,0.302,0.462,0.000371374925634894,"Fus-213",0.000371374925634894,"Down"
4.86004402485153e-09,-1.0330850480725,0.509,0.174,0.00037351382348594,"Rcn1-201",0.00037351382348594,"Down"
6.16081260073815e-09,-1.05801085264426,0.547,0.19,0.000473483091617129,"Reep5-201",0.000473483091617129,"Down"
6.2272128400722e-09,-1.8664473971392,0.332,0.51,0.000478586215610909,"Lamb1-205",0.000478586215610909,"Down"
6.70643720285544e-09,-3.13712452033892,0.245,0.405,0.000515416524788252,"Cdv3-205",0.000515416524788252,"Down"
7.02341395137647e-09,-2.43338209842784,0.366,0.49,0.000539777455819087,"Myl6-211",0.000539777455819087,"Down"
7.51435172754892e-09,-1.13494494997268,0.445,0.146,0.000577507987669045,"Map4k5-202",0.000577507987669045,"Down"
7.67130529628857e-09,-1.01370059200726,0.464,0.154,0.000589570497240962,"Snw1-201",0.000589570497240962,"Down"
8.79681669718051e-09,-1.4693330086249,0.411,0.13,0.000676070550445111,"Phax-201",0.000676070550445111,"Down"
8.87833518280473e-09,-3.78917809973131,0.208,0.377,0.000682335572139274,"Sox17-204",0.000682335572139274,"Down"
9.45592419649507e-09,-3.70747696463819,0.389,0.478,0.000726725598197432,"Cox6c-201",0.000726725598197432,"Down"
1.10354005840943e-08,-1.53448130119866,0.385,0.117,0.000848114676489983,"Snu13-202",0.000848114676489983,"Down"
1.29982310228038e-08,-1.2638508192354,0.381,0.117,0.000998966047026566,"Far1-202",0.000998966047026566,"Down"
1.590523887862e-08,-1.01027974858193,0.551,0.198,0.00122238122877746,"Creg1-202",0.00122238122877746,"Down"
1.90486831485155e-08,-1.07343159440185,0.37,0.113,0.00146396749469601,"Zc3h13-201",0.00146396749469601,"Down"
2.1003573831409e-08,-1.24829719516779,0.343,0.101,0.00161420866323911,"Fkbp4-201",0.00161420866323911,"Down"
2.23989265878397e-08,-1.23826115060861,0.381,0.121,0.00172144710398183,"Arpp19-201",0.00172144710398183,"Down"
2.72935181518577e-08,-1.35410867697149,0.351,0.105,0.00209761604404287,"Rnf114-202",0.00209761604404287,"Down"
2.73122718262396e-08,-1.02756527250759,0.509,0.182,0.00209905733893382,"Mfap1b-201",0.00209905733893382,"Down"
2.76748987684322e-08,-1.37609201619803,0.351,0.105,0.00212692666994909,"Rnf114-201",0.00212692666994909,"Down"
2.91520529155676e-08,-1.28465305975415,0.475,0.166,0.00224045187477303,"Gde1-201",0.00224045187477303,"Down"
3.19782090516667e-08,-1.31675558400975,0.366,0.113,0.00245765327845679,"Psmb2-201",0.00245765327845679,"Down"
3.44182872099693e-08,-1.0073847357474,0.275,0.494,0.00264518304523498,"Plec-208",0.00264518304523498,"Down"
3.76842948491474e-08,-1.40102890381076,0.389,0.126,0.00289618879633637,"Lamtor3-201",0.00289618879633637,"Down"
4.25049550869194e-08,-1.10142990000334,0.411,0.138,0.0032666758182501,"Uqcrc2-201",0.0032666758182501,"Down"
4.73676631605065e-08,-2.32148707649246,0.63,0.579,0.00364039438453757,"Erp29-203",0.00364039438453757,"Down"
4.83861094382408e-08,-1.47531306967401,0.762,0.672,0.00371866605476656,"Calm1-202",0.00371866605476656,"Down"
5.26790971725835e-08,-1.53141066702528,0.358,0.113,0.00404859933410173,"Mfsd11-201",0.00404859933410173,"Down"
5.33277748432906e-08,-3.25020420983464,0.457,0.494,0.00409845280780625,"Arf5-201",0.00409845280780625,"Down"
5.65856201775073e-08,-1.11840975468113,0.589,0.223,0.00434883125312214,"Cggbp1-201",0.00434883125312214,"Down"
5.83639140059055e-08,-1.24934784855196,0.321,0.514,0.00448550024700986,"Plec-215",0.00448550024700986,"Down"
6.36241770754914e-08,-1.70303328643509,0.336,0.101,0.00488977250495982,"Tlcd2-203",0.00488977250495982,"Down"
6.66548788323789e-08,-1.28801830782179,0.408,0.138,0.00512269405778365,"Rer1-201",0.00512269405778365,"Down"
6.80768366515711e-08,-1.1293382118301,0.408,0.138,0.00523197720401985,"Ube2a-210",0.00523197720401985,"Down"
6.80768366515711e-08,-1.1293382118301,0.408,0.138,0.00523197720401985,"Ube2a-201",0.00523197720401985,"Down"
7.63975308430916e-08,-1.16221005783656,0.457,0.162,0.00587145583541496,"Cript-201",0.00587145583541496,"Down"
7.7797174567295e-08,-1.12733149788332,0.396,0.134,0.00597902405419489,"Ramp2-203",0.00597902405419489,"Down"
7.83906963970671e-08,-2.23316479386793,0.196,0.364,0.00602463858090019,"Rrbp1-202",0.00602463858090019,"Down"
8.12394148042681e-08,-1.41855161369034,0.408,0.138,0.00624357398536722,"Metrnl-201",0.00624357398536722,"Down"
8.31155176088425e-08,-1.54298723962695,0.374,0.121,0.00638775999030998,"Mettl9-201",0.00638775999030998,"Down"
8.48031868935779e-08,-1.85536478778886,0.347,0.474,0.00651746412551903,"Ankrd17-202",0.00651746412551903,"Down"
8.84076807646478e-08,-1.32982093033286,0.332,0.101,0.00679448389748624,"Bcl7b-201",0.00679448389748624,"Down"
9.67210766477458e-08,-1.2304165107537,0.325,0.514,0.00743340162468585,"Plec-217",0.00743340162468585,"Down"
9.68165797118262e-08,-1.19286012119607,0.37,0.121,0.0074407414171727,"Prpsap1-201",0.0074407414171727,"Down"
9.78294617787808e-08,-1.45484334801644,0.502,0.182,0.00751858545554642,"Supt16-201",0.00751858545554642,"Down"
1.03209965047017e-07,-1.23867898096911,0.449,0.162,0.00793209865372341,"Dek-201",0.00793209865372341,"Down"
1.10492869658764e-07,-1.11844234250784,0.336,0.105,0.00849181900475462,"Ramp2-204",0.00849181900475462,"Down"
1.16601640961752e-07,-1.41154782097196,0.453,0.162,0.0089613025144745,"Zc3h13-203",0.0089613025144745,"Down"
1.21822216880752e-07,-1.07886904746308,0.366,0.121,0.00936252465615335,"Stard10-211",0.00936252465615335,"Down"
