"p_val","avg_log2FC","pct.1","pct.2","p_val_adj","gene","p_val_adj_plot","Significance"
8.13594505274547e-137,4.90592033773233,0.748,0.028,6.252799210837e-132,"Ctsj-202",6.252799210837e-132,"Up"
2.54889178859926e-121,7.40821344799279,0.605,0.004,1.95892529521008e-116,"Ctsq-201",1.95892529521008e-116,"Up"
1.55608389676725e-115,5.85416606824403,0.624,0.019,1.1959127180215e-110,"Hsd11b1-201",1.1959127180215e-110,"Up"
9.31190420367812e-112,3.00417219039044,0.729,0.053,7.15657085669478e-107,"Psg23-201",7.15657085669478e-107,"Up"
1.21001731617882e-109,9.89618484438769,0.539,0,9.2994670817607e-105,"Psg16-204",9.2994670817607e-105,"Up"
2.83784297751445e-109,5.02527308573893,0.595,0.017,2.18099584193895e-104,"Col5a3-201",2.18099584193895e-104,"Up"
6.84571956608568e-109,4.23828426805861,0.663,0.043,5.26120931531949e-104,"Anxa1-201",5.26120931531949e-104,"Up"
1.51049178612847e-108,5.53778807490936,0.556,0.005,1.16087335731118e-103,"Ltbp4-204",1.16087335731118e-103,"Up"
4.89570463473447e-105,4.6125747502778,0.536,0.004,3.76254483997883e-100,"Psg26-201",3.76254483997883e-100,"Up"
2.49390278704284e-104,5.40545233940062,0.565,0.014,1.9166640479539e-99,"Cav1-201",1.9166640479539e-99,"Up"
5.32430070325715e-104,3.90732387609595,0.542,0.006,4.09193806248125e-99,"Emp1-205",4.09193806248125e-99,"Up"
5.73483496272177e-103,4.0126692312173,0.614,0.033,4.40745006225019e-98,"Dpysl3-204",4.40745006225019e-98,"Up"
7.90214455564494e-103,2.8328647697794,0.778,0.108,6.07311417679537e-98,"Psg21-201",6.07311417679537e-98,"Up"
1.06160114975843e-102,3.00553225735898,0.572,0.015,8.15882947635342e-98,"Ceacam5-201",8.15882947635342e-98,"Up"
5.66267631780994e-101,3.74632013713511,0.582,0.023,4.35199325728965e-96,"Cd34-201",4.35199325728965e-96,"Up"
4.83412129776197e-100,2.97032945445138,0.575,0.019,3.71521558218198e-95,"Ceacam12-203",3.71521558218198e-95,"Up"
2.55366769482546e-99,3.10140655397525,0.706,0.079,1.96259577018116e-94,"Bgn-201",1.96259577018116e-94,"Up"
6.59487832712239e-99,2.05324098768581,0.686,0.052,5.06842778952664e-94,"Psg28-201",5.06842778952664e-94,"Up"
3.49633327921979e-98,4.29919135053955,0.526,0.009,2.68707197841158e-93,"Mmp19-201",2.68707197841158e-93,"Up"
1.35041439018208e-97,3.42377246876263,0.569,0.02,1.03784747543054e-92,"Ceacam12-201",1.03784747543054e-92,"Up"
2.74853500768909e-97,5.19470423924457,0.507,0.005,2.11235909480938e-92,"Ltbp4-203",2.11235909480938e-92,"Up"
3.41185549644847e-97,6.66711602237618,0.49,0.001,2.62214742324051e-92,"Psg16-202",2.62214742324051e-92,"Up"
3.6765589361709e-97,3.32086663649457,0.523,0.009,2.82558260480478e-92,"Adamtsl4-202",2.82558260480478e-92,"Up"
6.08310857327516e-97,2.80615767763109,0.663,0.066,4.67511226290489e-92,"Lama4-201",4.67511226290489e-92,"Up"
1.20328502968336e-96,3.55487345178521,0.552,0.018,9.24772676712851e-92,"Prelp-201",9.24772676712851e-92,"Up"
2.47770192441345e-96,3.03910975371862,0.529,0.011,1.90421303698871e-91,"Pappa2-202",1.90421303698871e-91,"Up"
7.27599841953089e-96,4.65247332946334,0.51,0.008,5.59189582534627e-91,"Ndufa4l2-201",5.59189582534627e-91,"Up"
1.93501501687953e-94,2.80787312344712,0.654,0.055,1.48713644107259e-89,"Spp1-201",1.48713644107259e-89,"Up"
2.70824878074771e-94,3.98974943084205,0.51,0.009,2.08139751795584e-89,"Aspn-201",2.08139751795584e-89,"Up"
4.28073458235121e-94,4.6220264423629,0.552,0.022,3.2899157559202e-89,"Apoa1-201",3.2899157559202e-89,"Up"
3.10705912820343e-92,4.03713671588754,0.5,0.009,2.38789922238946e-87,"Cts3-202",2.38789922238946e-87,"Up"
4.53475781645784e-92,3.10725122458265,0.556,0.024,3.48514277226051e-87,"Psg16-201",3.48514277226051e-87,"Up"
5.5120516723105e-92,2.50617491370947,0.719,0.088,4.23623219223751e-87,"Klf4-201",4.23623219223751e-87,"Up"
1.00721117827726e-91,2.35019410841134,0.592,0.038,7.74082078953206e-87,"Zbtb20-204",7.74082078953206e-87,"Up"
1.79588266727337e-91,3.37526027513388,0.497,0.009,1.38020766510628e-86,"Dnajb4-202",1.38020766510628e-86,"Up"
5.25374249482005e-91,2.01764162196526,0.761,0.098,4.037711256969e-86,"Ceacam11-201",4.037711256969e-86,"Up"
1.2188138462446e-90,4.24825135542792,0.497,0.01,9.36707193392827e-86,"Cts3-201",9.36707193392827e-86,"Up"
1.35793633933766e-90,2.37411097200704,0.706,0.074,1.04362839423457e-85,"Prl3b1-201",1.04362839423457e-85,"Up"
1.40281895922411e-90,3.77808094822406,0.477,0.005,1.0781224829221e-85,"Fbln7-202",1.0781224829221e-85,"Up"
1.98499037774335e-90,2.71763260929883,0.732,0.117,1.52554450491088e-85,"Serpine1-201",1.52554450491088e-85,"Up"
3.02657803757432e-90,4.1484885991635,0.493,0.01,2.32604628499737e-85,"Cspg4-201",2.32604628499737e-85,"Up"
3.78489953368083e-90,3.00729846094539,0.569,0.032,2.90884668761507e-85,"Pnp-201",2.90884668761507e-85,"Up"
4.1941455367233e-90,2.3672087967764,0.569,0.03,3.22336861079333e-85,"Pkd1-201",3.22336861079333e-85,"Up"
4.97689993566619e-90,2.01221672347517,0.588,0.034,3.82494667655689e-85,"BC005537-201",3.82494667655689e-85,"Up"
5.14516365334741e-90,2.34024424153496,0.595,0.038,3.95426407414362e-85,"Plxdc2-201",3.95426407414362e-85,"Up"
5.47197767417667e-90,1.9523587328472,0.801,0.117,4.20543372171174e-85,"Afp-201",4.20543372171174e-85,"Up"
6.15293481883957e-90,4.67590699029542,0.474,0.005,4.72877652567096e-85,"Sema3c-201",4.72877652567096e-85,"Up"
7.36851502318864e-90,3.7549369493328,0.474,0.005,5.6629985359214e-85,"Fbln7-201",5.6629985359214e-85,"Up"
8.83526576955502e-90,2.5243014544395,0.556,0.027,6.79025515453382e-85,"Rnase4-201",6.79025515453382e-85,"Up"
1.15596959242203e-89,3.68739268794773,0.516,0.017,8.88408870560028e-85,"Tnxb-204",8.88408870560028e-85,"Up"
1.35531264542609e-89,3.12187127576645,0.484,0.008,1.04161198051576e-84,"Adamtsl4-201",1.04161198051576e-84,"Up"
1.90949368933e-89,3.27204642864442,0.634,0.06,1.46752227999768e-84,"Ghr-201",1.46752227999768e-84,"Up"
2.52681061550363e-89,3.18916891213048,0.529,0.022,1.94195503043916e-84,"Cav1-202",1.94195503043916e-84,"Up"
1.83364921534424e-88,5.62051940495049,0.451,0.001,1.40923276796066e-83,"Dpt-201",1.40923276796066e-83,"Up"
2.28827811303936e-88,2.713048474661,0.598,0.048,1.75863326099527e-83,"Htra3-201",1.75863326099527e-83,"Up"
5.84242499257864e-88,3.83080862643711,0.542,0.028,4.49013730379639e-83,"Col15a1-202",4.49013730379639e-83,"Up"
9.68461824836398e-88,2.04780952706959,0.516,0.018,7.44301650859765e-83,"Nbeal1-203",7.44301650859765e-83,"Up"
1.1577750025147e-87,3.48096664791822,0.761,0.186,8.89796400432647e-83,"Lox-201",8.89796400432647e-83,"Up"
2.61330699815483e-87,3.92788058479936,0.503,0.017,2.00843096036191e-82,"Mgp-201",2.00843096036191e-82,"Up"
4.945650069138e-87,3.7247655696149,0.471,0.008,3.80092990413532e-82,"Atp10a-201",3.80092990413532e-82,"Up"
7.05765593294316e-87,3.06812083145308,0.516,0.022,5.42409089070413e-82,"Cd34-202",5.42409089070413e-82,"Up"
2.2965409836012e-86,1.66511497232528,0.601,0.044,1.76498360753687e-81,"Med13-201",1.76498360753687e-81,"Up"
2.54289067718803e-86,2.2211110889658,0.533,0.025,1.95431320104609e-81,"Sbf2-205",1.95431320104609e-81,"Up"
2.64361928413117e-86,2.99513887080608,0.69,0.089,2.03172716462617e-81,"Igfbp7-201",2.03172716462617e-81,"Up"
2.70047210451746e-86,2.59490018805452,0.663,0.078,2.07542083120585e-81,"Syne1-205",2.07542083120585e-81,"Up"
6.8677750475257e-86,3.87103971727715,0.48,0.011,5.2781598350254e-81,"Map3k6-201",5.2781598350254e-81,"Up"
7.14306368330464e-86,2.44481215701919,0.507,0.018,5.48973016316695e-81,"Ceacam12-202",5.48973016316695e-81,"Up"
1.15009095643411e-85,1.57152862761294,0.526,0.023,8.83890903657873e-81,"Psg17-201",8.83890903657873e-81,"Up"
1.97776104959124e-85,2.88580152096763,0.539,0.029,1.51998847705285e-80,"Thbs3-201",1.51998847705285e-80,"Up"
2.89682611952297e-85,2.7275586088062,0.647,0.072,2.22632674589818e-80,"Myadm-204",2.22632674589818e-80,"Up"
3.36164121781243e-85,2.68082846415574,0.631,0.067,2.58355574153756e-80,"Ndrg1-201",2.58355574153756e-80,"Up"
3.52108698418995e-85,2.87404730353104,0.667,0.09,2.70609619082935e-80,"Zim1-201",2.70609619082935e-80,"Up"
4.23567208608936e-85,2.15287108143871,0.523,0.024,3.25528342504311e-80,"Ugdh-202",3.25528342504311e-80,"Up"
5.40332794661649e-85,3.12739223910109,0.572,0.046,4.15267366009263e-80,"Cd47-201",4.15267366009263e-80,"Up"
1.1638410684596e-84,2.35523634649938,0.487,0.014,8.94458414753943e-80,"Pappa2-203",8.94458414753943e-80,"Up"
1.70629118356429e-84,2.09520736339865,0.601,0.048,1.3113530262165e-79,"Adgra2-201",1.3113530262165e-79,"Up"
1.8744336360074e-84,2.7504208776781,0.51,0.02,1.44057722661713e-79,"Mucl3-201",1.44057722661713e-79,"Up"
7.03436432363356e-84,2.8468524583903,0.497,0.018,5.40619035728534e-79,"Nbl1-201",5.40619035728534e-79,"Up"
7.23358901914024e-84,3.14843621998242,0.441,0.004,5.55930250477004e-79,"Fam102b-202",5.55930250477004e-79,"Up"
1.349413054938e-83,1.42129782147152,0.526,0.025,1.03707790924205e-78,"Kremen1-201",1.03707790924205e-78,"Up"
1.54719368802047e-83,3.93694780716502,0.444,0.005,1.18908023699125e-78,"Il1rl2-204",1.18908023699125e-78,"Up"
2.02114821993376e-83,2.08468265764037,0.49,0.017,1.55333325294789e-78,"Grk5-201",1.55333325294789e-78,"Up"
2.57061424679363e-83,2.63179209299414,0.49,0.017,1.97561987323077e-78,"Gfpt2-202",1.97561987323077e-78,"Up"
2.59977435376841e-83,2.99100774999121,0.493,0.018,1.99803058184518e-78,"Snx7-201",1.99803058184518e-78,"Up"
2.85101174351169e-83,2.42891349145803,0.529,0.028,2.19111656535848e-78,"Peak1-201",2.19111656535848e-78,"Up"
3.42031879609839e-83,2.63251622690305,0.559,0.039,2.62865180755345e-78,"Pls3-204",2.62865180755345e-78,"Up"
3.52410252484229e-83,2.50808607804154,0.507,0.022,2.70841375444229e-78,"Gprc5b-201",2.70841375444229e-78,"Up"
4.72498570970595e-83,2.26233272675289,0.493,0.018,3.63134051733741e-78,"Nr4a1-201",3.63134051733741e-78,"Up"
5.33203294806083e-83,3.02591834847398,0.605,0.06,4.09788060190267e-78,"Axl-201",4.09788060190267e-78,"Up"
5.86294617901239e-83,-3.49634390099245,0.441,0.85,4.50590865641819e-78,"Hnrnpab-202",4.50590865641819e-78,"Down"
1.43693813414263e-82,2.43386574109959,0.507,0.023,1.10434443361398e-77,"Sbf2-201",1.10434443361398e-77,"Up"
1.50484535009349e-82,-3.35711117886905,0.464,0.856,1.15653384536085e-77,"Hnrnpab-203",1.15653384536085e-77,"Down"
3.74240061441473e-82,1.63982155835864,0.739,0.099,2.8761845682023e-77,"Prl8a9-201",2.8761845682023e-77,"Up"
4.61702743294076e-82,2.59186497905598,0.559,0.043,3.5483702633123e-77,"Sorbs3-203",3.5483702633123e-77,"Up"
7.04191769005347e-82,9.67005051620021,0.415,0,5.4119954215137e-77,"Cts6-201",5.4119954215137e-77,"Up"
3.73360390206578e-81,1.52604725866732,0.493,0.02,2.86942394289363e-76,"2510009E07Rik-201",2.86942394289363e-76,"Up"
4.84786916429594e-81,3.00379102739993,0.428,0.004,3.725781367528e-76,"Fam102b-201",3.725781367528e-76,"Up"
7.24853604158705e-81,2.87334535192853,0.497,0.023,5.57078988940131e-76,"Psd3-201",5.57078988940131e-76,"Up"
7.66950655520479e-81,4.49726850079975,0.422,0.003,5.89432256793709e-76,"Ankrd28-209",5.89432256793709e-76,"Up"
8.64095151717053e-81,2.43148616513337,0.686,0.098,6.64091687900624e-76,"Ehd2-201",6.64091687900624e-76,"Up"
8.80316812525151e-81,3.62367428190378,0.507,0.029,6.76558683098079e-76,"Mast4-207",6.76558683098079e-76,"Up"
1.34768640544179e-80,2.38016049663524,0.51,0.025,1.03575091003823e-75,"Prl2b1-202",1.03575091003823e-75,"Up"
1.68100903965827e-80,1.93207302266188,0.516,0.028,1.29192268733896e-75,"Pvr-201",1.29192268733896e-75,"Up"
1.78307697071138e-80,2.72294303971621,0.493,0.022,1.37036597507052e-75,"Tead1-216",1.37036597507052e-75,"Up"
3.0118371352625e-80,3.43718790112529,0.467,0.015,2.31471731193464e-75,"Ptgis-201",2.31471731193464e-75,"Up"
3.67565950613847e-80,3.31420011403472,0.605,0.074,2.82489135684766e-75,"Myof-211",2.82489135684766e-75,"Up"
4.34742665885579e-80,1.74685716411033,0.52,0.029,3.34117128439703e-75,"Jak2-202",3.34117128439703e-75,"Up"
4.98819788857215e-80,1.4096924742526,0.52,0.029,3.83362960528324e-75,"Ulk2-201",3.83362960528324e-75,"Up"
6.96711480889219e-80,3.03030241583224,0.497,0.024,5.354506415226e-75,"Pam-201",5.354506415226e-75,"Up"
8.77025191073049e-80,1.94772043331836,0.559,0.042,6.74028940347281e-75,"H6pd-201",6.74028940347281e-75,"Up"
8.88066215178541e-80,1.35987538812606,0.578,0.046,6.82514409013316e-75,"Cpd-201",6.82514409013316e-75,"Up"
1.27287649651235e-79,2.91701920776453,0.448,0.01,9.78256502629605e-75,"Ogn-201",9.78256502629605e-75,"Up"
1.4675874468589e-79,3.26431031005322,0.48,0.02,1.12789965640894e-74,"Dnm1-202",1.12789965640894e-74,"Up"
1.49762415194267e-79,2.63549732661815,0.624,0.074,1.15098406573402e-74,"Adamts2-201",1.15098406573402e-74,"Up"
1.9220449534214e-79,2.38021156773025,0.572,0.05,1.47716842850249e-74,"Chd9-202",1.47716842850249e-74,"Up"
2.97316135254455e-79,3.33928492003406,0.516,0.033,2.28499342588459e-74,"Nfib-203",2.28499342588459e-74,"Up"
3.17394878783306e-79,3.84232276589376,0.454,0.013,2.43930660140122e-74,"Tnxb-203",2.43930660140122e-74,"Up"
3.55913197476274e-79,1.68273781835497,0.471,0.017,2.73533528788415e-74,"Adam15-202",2.73533528788415e-74,"Up"
9.9302010467047e-79,1.8145016742877,0.539,0.037,7.63175671243443e-74,"Pdzrn3-201",7.63175671243443e-74,"Up"
1.06268235397896e-78,2.02508850481271,0.454,0.013,8.1671389632699e-74,"Gpr153-202",8.1671389632699e-74,"Up"
4.96461965558419e-78,1.80849352127419,0.516,0.03,3.81550879010267e-73,"Cdon-202",3.81550879010267e-73,"Up"
4.98044471942668e-78,2.01144579016399,0.48,0.02,3.82767098466818e-73,"Epdr1-201",3.82767098466818e-73,"Up"
6.37833836158254e-78,2.69853004357778,0.474,0.019,4.90200816441065e-73,"Zc3h12a-201",4.90200816441065e-73,"Up"
6.70317289337487e-78,2.25431101434506,0.605,0.064,5.15165649547432e-73,"Capn6-201",5.15165649547432e-73,"Up"
8.12402030755798e-78,1.14714735650469,0.673,0.081,6.24363456717061e-73,"Psg27-201",6.24363456717061e-73,"Up"
9.48897707629288e-78,1.75387647046256,0.618,0.062,7.29265844221413e-73,"Tpbpb-201",7.29265844221413e-73,"Up"
1.39759043227762e-77,2.47446309655627,0.428,0.008,1.07410415082264e-72,"Bcl3-201",1.07410415082264e-72,"Up"
2.14497352213467e-77,2.39001005912496,0.526,0.037,1.64849795070138e-72,"Slc43a3-201",1.64849795070138e-72,"Up"
2.39782421840271e-77,4.46100580776645,0.425,0.008,1.84282382481122e-72,"Myocd-203",1.84282382481122e-72,"Up"
2.60828146180034e-77,2.81304310583502,0.51,0.032,2.00456863465203e-72,"Ecm1-202",2.00456863465203e-72,"Up"
3.1417486855157e-77,2.52669860336739,0.663,0.107,2.41455953476623e-72,"Ugdh-201",2.41455953476623e-72,"Up"
3.23721537729055e-77,1.69721039059395,0.516,0.032,2.48792950606288e-72,"Myo9a-205",2.48792950606288e-72,"Up"
3.4787276262149e-77,-4.09453562183083,0.588,0.832,2.6735413298512e-72,"Set-201",2.6735413298512e-72,"Down"
6.77419573400442e-77,2.09792087956802,0.634,0.084,5.20624038941176e-72,"Raph1-204",5.20624038941176e-72,"Up"
6.94368962040246e-77,2.51397038616786,0.477,0.022,5.33650322086411e-72,"Tead1-201",5.33650322086411e-72,"Up"
6.94368962040246e-77,2.51397038616786,0.477,0.022,5.33650322086411e-72,"Tead1-217",5.33650322086411e-72,"Up"
7.34522436215144e-77,2.82515601578581,0.536,0.042,5.64509873128787e-72,"Cthrc1-201",5.64509873128787e-72,"Up"
1.01679224513617e-76,2.00545871177867,0.601,0.065,7.81445512076951e-72,"Nufip2-201",7.81445512076951e-72,"Up"
1.14242036338636e-76,1.80943992402086,0.51,0.03,8.77995746076952e-72,"Tnks-201",8.77995746076952e-72,"Up"
1.34269678109205e-76,2.67942787424474,0.546,0.044,1.03191618414048e-71,"Nfia-202",1.03191618414048e-71,"Up"
1.34384507964797e-76,2.01307278839233,0.529,0.037,1.03279869751265e-71,"Thoc2-201",1.03279869751265e-71,"Up"
2.45936178715024e-76,2.51934633441515,0.578,0.056,1.89011790789644e-71,"Garre1-202",1.89011790789644e-71,"Up"
2.46720222443359e-76,1.36702858172568,0.569,0.048,1.89614359756619e-71,"Lamc2-201",1.89614359756619e-71,"Up"
2.54780583826968e-76,4.50846811381085,0.405,0.004,1.95809069894378e-71,"Aldh1a1-206",1.95809069894378e-71,"Up"
3.07604486491958e-76,1.41122229488709,0.556,0.044,2.36406352048529e-71,"Lamc2-203",2.36406352048529e-71,"Up"
3.1871809064279e-76,1.97248400460971,0.66,0.095,2.4494760138261e-71,"Zbed6-201",2.4494760138261e-71,"Up"
3.50865011485392e-76,2.24074010122524,0.451,0.015,2.69653795926983e-71,"Slco2a1-201",2.69653795926983e-71,"Up"
3.60263325720274e-76,1.62222719856354,0.592,0.058,2.7687677634906e-71,"Rb1cc1-201",2.7687677634906e-71,"Up"
3.90300292998697e-76,1.94164398680716,0.51,0.033,2.99961387181219e-71,"Serpine1-203",2.99961387181219e-71,"Up"
4.18724532398279e-76,2.15942651242411,0.569,0.056,3.21806552129373e-71,"Mical2-203",3.21806552129373e-71,"Up"
4.75475380050541e-76,2.47240853098933,0.451,0.015,3.65421848584043e-71,"Atf5-201",3.65421848584043e-71,"Up"
5.01235503945293e-76,2.20430196629882,0.529,0.039,3.85219534202115e-71,"Tpcn1-201",3.85219534202115e-71,"Up"
5.23057121112201e-76,2.6006354962337,0.575,0.058,4.01990319859571e-71,"Flt1-203",4.01990319859571e-71,"Up"
6.32648507117195e-76,2.48025170837835,0.464,0.019,4.86215683659849e-71,"Stx2-201",4.86215683659849e-71,"Up"
8.03888996933765e-76,3.57004665253273,0.454,0.018,6.17820849703476e-71,"Eci2-214",6.17820849703476e-71,"Up"
8.4916663532844e-76,2.54568425964336,0.425,0.009,6.52618525915319e-71,"Prl8a8-202",6.52618525915319e-71,"Up"
1.22527909184283e-75,2.88309202570433,0.788,0.262,9.41675993244888e-71,"Anxa2-201",9.41675993244888e-71,"Up"
1.24203051851873e-75,1.69254511415308,0.546,0.043,9.54550134702385e-71,"Eml1-203",9.54550134702385e-71,"Up"
1.39181628705564e-75,1.36370599542442,0.703,0.097,1.06966648925374e-70,"Lyz2-201",1.06966648925374e-70,"Up"
1.62088973659631e-75,1.81084629351855,0.608,0.066,1.24571859816373e-70,"Klf9-201",1.24571859816373e-70,"Up"
2.56502288432564e-75,1.4010381285069,0.552,0.044,1.97132268751962e-70,"Ptgfrn-201",1.97132268751962e-70,"Up"
2.77219013226158e-75,2.67933817105325,0.539,0.044,2.13053900424832e-70,"Cyfip1-201",2.13053900424832e-70,"Up"
2.94818298748041e-75,2.77121045469414,0.412,0.006,2.26579655319819e-70,"Vegfd-201",2.26579655319819e-70,"Up"
3.51184980053628e-75,3.01869679432934,0.454,0.018,2.69899704570416e-70,"Ampd3-201",2.69899704570416e-70,"Up"
5.12147949616033e-75,1.86383507245082,0.48,0.024,3.93606185197906e-70,"Sh3pxd2b-201",3.93606185197906e-70,"Up"
7.36757596096097e-75,3.23908308393439,0.425,0.01,5.66227682903694e-70,"Tppp3-201",5.66227682903694e-70,"Up"
7.67568148214642e-75,1.8012721662826,0.552,0.052,5.89906824628881e-70,"Cast-211",5.89906824628881e-70,"Up"
8.67913659559158e-75,1.61676084560871,0.5,0.03,6.67026363917595e-70,"Rnft1-201",6.67026363917595e-70,"Up"
1.12633851541831e-74,1.02198694799039,0.572,0.052,8.65636202639589e-70,"Taok1-202",8.65636202639589e-70,"Up"
1.41015910011231e-74,3.70233934273032,0.408,0.006,1.08376367480031e-69,"Igfbp6-201",1.08376367480031e-69,"Up"
1.74939923691762e-74,2.95750207760918,0.461,0.02,1.34448328954067e-69,"Gstm1-201",1.34448328954067e-69,"Up"
2.44203403589547e-74,1.29372998881827,0.565,0.051,1.8768008379471e-69,"Uhrf1bp1l-201",1.8768008379471e-69,"Up"
2.63226702440081e-74,1.9701444449974,0.569,0.053,2.023002498933e-69,"Cdkn1a-201",2.023002498933e-69,"Up"
2.93863114852042e-74,2.21774600630735,0.461,0.02,2.25845558288389e-69,"Ttc39b-203",2.25845558288389e-69,"Up"
3.29930914798322e-74,1.40029108336152,0.618,0.069,2.53565105259102e-69,"Usp34-208",2.53565105259102e-69,"Up"
4.18710434237308e-74,1.41291270816805,0.503,0.032,3.21795717128741e-69,"Lgals3bp-201",3.21795717128741e-69,"Up"
5.76024257680114e-74,1.61888699854792,0.634,0.081,4.42697682997475e-69,"Lnpep-201",4.42697682997475e-69,"Up"
5.82657847884972e-74,1.7693182897415,0.484,0.027,4.47795862413516e-69,"Prkca-201",4.47795862413516e-69,"Up"
7.0038044991312e-74,2.29911579956782,0.451,0.018,5.38270390976229e-69,"Zswim6-202",5.38270390976229e-69,"Up"
7.8192191316941e-74,1.39166564511045,0.516,0.037,6.00938267147218e-69,"Ptpn13-201",6.00938267147218e-69,"Up"
9.95520394731439e-74,4.25978775232506,0.399,0.005,7.650972441669e-69,"Thsd7a-206",7.650972441669e-69,"Up"
1.09776082816463e-73,1.48361725717484,0.598,0.062,8.43673106877648e-69,"Cd248-201",8.43673106877648e-69,"Up"
1.31706114289327e-73,2.68373061026338,0.575,0.07,1.01221417075919e-68,"Dlgap4-203",1.01221417075919e-68,"Up"
1.58275824744738e-73,3.19417371327126,0.418,0.01,1.21641302349321e-68,"Cxcl1-202",1.21641302349321e-68,"Up"
2.01751076974289e-73,3.14702459326598,0.408,0.008,1.5505377269782e-68,"Or5m3b-201",1.5505377269782e-68,"Up"
2.28454136414259e-73,1.26929295136688,0.477,0.025,1.75576141999815e-68,"Psg-ps1-201",1.75576141999815e-68,"Up"
2.37397423231518e-73,1.52312874816372,0.51,0.036,1.82449415650351e-68,"Qsox1-201",1.82449415650351e-68,"Up"
3.1809172511393e-73,1.69294646350565,0.484,0.028,2.4446621441906e-68,"Macf1-205",2.4446621441906e-68,"Up"
3.2081324886937e-73,1.97592815830343,0.578,0.062,2.46557814286066e-68,"Jcad-201",2.46557814286066e-68,"Up"
3.73257054767065e-73,2.54786652184342,0.536,0.05,2.8686297687068e-68,"Man1a-201",2.8686297687068e-68,"Up"
3.7687295211511e-73,1.15983123341367,0.539,0.044,2.89641938618547e-68,"Pals1-201",2.89641938618547e-68,"Up"
3.80758589381892e-73,2.58952783182662,0.454,0.02,2.9262820628356e-68,"Tead1-202",2.9262820628356e-68,"Up"
4.034579233942e-73,3.06251344118513,0.422,0.011,3.10073552445379e-68,"Adamts4-202",3.10073552445379e-68,"Up"
4.28328029296427e-73,1.50995692733789,0.471,0.024,3.29187223635476e-68,"Osbpl5-202",3.29187223635476e-68,"Up"
4.97899488032506e-73,1.67148782100417,0.477,0.027,3.82655672532502e-68,"Jak2-201",3.82655672532502e-68,"Up"
5.16709857713467e-73,1.65009406567919,0.477,0.027,3.97112194047108e-68,"Lrch3-201",3.97112194047108e-68,"Up"
6.88617940605502e-73,2.52952725316508,0.542,0.051,5.29230432072952e-68,"Gsn-201",5.29230432072952e-68,"Up"
7.36171129503075e-73,2.51157988813046,0.503,0.037,5.65776959868293e-68,"Pls3-201",5.65776959868293e-68,"Up"
9.35609704705271e-73,2.39468470161917,0.471,0.025,7.19053482454189e-68,"Snai1-201",7.19053482454189e-68,"Up"
9.60979644134629e-73,2.02326174785782,0.575,0.06,7.38551295703228e-68,"Rc3h1-202",7.38551295703228e-68,"Up"
1.05415724440631e-72,1.86113890779922,0.565,0.057,8.10162008616024e-68,"Pdlim5-201",8.10162008616024e-68,"Up"
1.63656408337506e-72,2.04590460866481,0.542,0.051,1.25776496063707e-67,"Chd9-201",1.25776496063707e-67,"Up"
1.84885591707101e-72,2.49340874850314,0.588,0.07,1.42091972650575e-67,"Esyt2-201",1.42091972650575e-67,"Up"
1.92689449293358e-72,1.59494340240577,0.497,0.033,1.48089549359917e-67,"Tgfbr1-201",1.48089549359917e-67,"Up"
2.05689069205348e-72,2.34190015572217,0.474,0.027,1.58080277247078e-67,"Mpdz-201",1.58080277247078e-67,"Up"
2.66903422499383e-72,1.74176481862273,0.458,0.022,2.05125956327676e-67,"Poglut3-201",2.05125956327676e-67,"Up"
3.59521270430246e-72,2.00883589839469,0.428,0.014,2.76306477176461e-67,"Togaram1-201",2.76306477176461e-67,"Up"
4.10273170780225e-72,1.97739978377796,0.507,0.037,3.15311342671434e-67,"Pde3a-201",3.15311342671434e-67,"Up"
4.89561733286222e-72,2.18330326313259,0.471,0.027,3.76247774499793e-67,"Tmem184b-201",3.76247774499793e-67,"Up"
6.30690248635492e-72,2.76478467071033,0.716,0.187,4.84710683686321e-67,"Tns1-217",4.84710683686321e-67,"Up"
7.09758047987894e-72,-2.63265695893221,0.572,0.863,5.45477450200616e-67,"Hnrnpab-201",5.45477450200616e-67,"Down"
7.78072528305285e-72,2.27732212164528,0.539,0.05,5.97979860903744e-67,"Abl2-202",5.97979860903744e-67,"Up"
8.49822402538507e-72,1.25007062123887,0.565,0.056,6.53122509246944e-67,"Lhfp-201",6.53122509246944e-67,"Up"
1.04859226467244e-71,1.9862095930857,0.51,0.038,8.05885099091357e-67,"Atp13a3-202",8.05885099091357e-67,"Up"
1.10158222634491e-71,2.65783636925733,0.647,0.111,8.46610004235116e-67,"Gfpt2-201",8.46610004235116e-67,"Up"
1.51219606622426e-71,2.46216345869492,0.51,0.042,1.16218316473599e-66,"Spp1-205",1.16218316473599e-66,"Up"
1.66762383878392e-71,2.25540672010281,0.425,0.014,1.281635625059e-66,"Togaram1-207",1.281635625059e-66,"Up"
1.69472141072607e-71,1.12651178434499,0.464,0.024,1.30246119299941e-66,"Pbxip1-201",1.30246119299941e-66,"Up"
1.70524463995681e-71,1.7902325041535,0.415,0.011,1.31054871559241e-66,"Gpr153-203",1.31054871559241e-66,"Up"
1.78257622885728e-71,1.1165373646348,0.533,0.044,1.36998113492597e-66,"Dse-201",1.36998113492597e-66,"Up"
2.59567081310177e-71,2.1906090370634,0.578,0.066,1.99487684670124e-66,"Anpep-202",1.99487684670124e-66,"Up"
2.6463182456189e-71,2.51819611277028,0.438,0.018,2.03380142448795e-66,"Ap3m1-206",2.03380142448795e-66,"Up"
2.69148460361155e-71,1.78776121461858,0.471,0.027,2.06851357725962e-66,"Ctss-202",2.06851357725962e-66,"Up"
3.35011138589925e-71,1.69589169989464,0.582,0.065,2.57469460451901e-66,"Mga-204",2.57469460451901e-66,"Up"
4.77102060441128e-71,2.96854150637343,0.412,0.011,3.66672017531424e-66,"Adamts4-203",3.66672017531424e-66,"Up"
5.55439536257422e-71,1.68605814316912,0.422,0.014,4.26877501195279e-66,"Slc25a51-201",4.26877501195279e-66,"Up"
5.55439536257422e-71,1.68605814316912,0.422,0.014,4.26877501195279e-66,"Slc25a51-202",4.26877501195279e-66,"Up"
5.87845209873079e-71,1.88574738723449,0.451,0.022,4.51782557595856e-66,"Osbpl5-201",4.51782557595856e-66,"Up"
6.12515698158028e-71,1.14500878610116,0.503,0.037,4.70742814662371e-66,"Appl1-201",4.70742814662371e-66,"Up"
6.37565920781647e-71,2.20943193111456,0.422,0.014,4.89994912757527e-66,"Glis2-201",4.89994912757527e-66,"Up"
7.80526184279108e-71,1.68351487394614,0.507,0.038,5.99865593665866e-66,"Cul3-201",5.99865593665866e-66,"Up"
7.8241245745011e-71,2.47019829880257,0.556,0.06,6.01315270048708e-66,"Cxcl1-201",6.01315270048708e-66,"Up"
8.12907664475038e-71,2.00944231444649,0.493,0.036,6.24752056455646e-66,"Mat2a-201",6.24752056455646e-66,"Up"
1.14837730957742e-70,2.19052122007012,0.471,0.028,8.82573897502631e-66,"Sgce-205",8.82573897502631e-66,"Up"
1.37964968010355e-70,1.83609063179521,0.526,0.046,1.06031596514678e-65,"Stim1-201",1.06031596514678e-65,"Up"
1.47932015689236e-70,3.03857342045806,0.431,0.018,1.13691671337806e-65,"Rhoj-201",1.13691671337806e-65,"Up"
1.62300274379527e-70,1.39602785583283,0.51,0.039,1.24734252871642e-65,"Tet2-201",1.24734252871642e-65,"Up"
1.99221986094265e-70,1.65630218307033,0.415,0.013,1.53110065192887e-65,"Ust-201",1.53110065192887e-65,"Up"
2.95058468264561e-70,2.13360860902669,0.624,0.085,2.26764235200046e-65,"Ier3-201",2.26764235200046e-65,"Up"
3.46470093249262e-70,1.74069733732781,0.438,0.019,2.66276125465788e-65,"Trim47-202",2.66276125465788e-65,"Up"
3.74316904552686e-70,1.46950796141079,0.523,0.044,2.87677513824922e-65,"Cyth3-202",2.87677513824922e-65,"Up"
3.8934653118328e-70,2.44939108597496,0.454,0.024,2.99228383075598e-65,"Map3k8-201",2.99228383075598e-65,"Up"
3.92108280827383e-70,1.77108240931948,0.408,0.011,3.01350898147077e-65,"Gpr153-201",3.01350898147077e-65,"Up"
3.98671910042143e-70,2.19246432813962,0.477,0.03,3.06395309743789e-65,"Clcn5-201",3.06395309743789e-65,"Up"
4.14318371724169e-70,1.29304901444816,0.471,0.028,3.18420241404893e-65,"Ctdsp1-201",3.18420241404893e-65,"Up"
4.60962943771554e-70,1.45584344894208,0.52,0.044,3.5426846080619e-65,"Serping1-201",3.5426846080619e-65,"Up"
6.15716103411484e-70,1.66904508483053,0.454,0.024,4.73202454115862e-65,"Lpar1-201",4.73202454115862e-65,"Up"
6.96806624256054e-70,1.61715545882133,0.477,0.03,5.35523763005748e-65,"Man2a1-201",5.35523763005748e-65,"Up"
7.47246149414588e-70,1.13892913973941,0.552,0.053,5.74288555671088e-65,"Ttc28-206",5.74288555671088e-65,"Up"
9.1530631286776e-70,1.88820396027043,0.425,0.017,7.03449513691389e-65,"Ubn2-205",7.03449513691389e-65,"Up"
9.58049210337982e-70,2.60104835650213,0.471,0.03,7.36299140113153e-65,"Atl3-202",7.36299140113153e-65,"Up"
9.84443600495009e-70,1.32664194988932,0.52,0.046,7.56584284724434e-65,"Tmem106b-201",7.56584284724434e-65,"Up"
9.91072274000645e-70,1.68837234198161,0.422,0.015,7.61678685460456e-65,"Adam15-204",7.61678685460456e-65,"Up"
1.09162966997507e-69,2.55238500092305,0.748,0.266,8.38961066562638e-65,"Col6a1-201",8.38961066562638e-65,"Up"
1.2165230019254e-69,1.82837587371437,0.663,0.103,9.34946587899746e-65,"Plac9-201",9.34946587899746e-65,"Up"
1.22294088792945e-69,1.2984042616056,0.454,0.024,9.39878990009296e-65,"Ndst1-205",9.39878990009296e-65,"Up"
1.24995369982885e-69,3.01314941969673,0.503,0.044,9.60639416466465e-65,"Enpp1-202",9.60639416466465e-65,"Up"
1.26410599601995e-69,2.30233580923222,0.556,0.065,9.71516022181176e-65,"Heg1-205",9.71516022181176e-65,"Up"
1.35086648102003e-69,1.29520545516994,0.542,0.051,1.03819492532313e-64,"Oat-201",1.03819492532313e-64,"Up"
1.375842791424e-69,1.58035596157241,0.516,0.044,1.057390218921e-64,"Cyp20a1-201",1.057390218921e-64,"Up"
1.48744299861845e-69,1.35061329537168,0.493,0.036,1.14315944215822e-64,"Yme1l1-201",1.14315944215822e-64,"Up"
1.60735498363926e-69,1.45910060894677,0.49,0.036,1.23531659912611e-64,"Slc38a10-201",1.23531659912611e-64,"Up"
1.87720320407468e-69,1.55571069620192,0.546,0.056,1.44270575045955e-64,"Atrx-202",1.44270575045955e-64,"Up"
2.15609025327893e-69,1.18693204957796,0.425,0.017,1.65704160325499e-64,"Adam15-201",1.65704160325499e-64,"Up"
2.20032970916005e-69,1.53335180080949,0.451,0.024,1.69104139467786e-64,"Large1-202",1.69104139467786e-64,"Up"
2.4702663950299e-69,1.80028520679614,0.464,0.028,1.89849853523628e-64,"Ddr2-205",1.89849853523628e-64,"Up"
2.54509899152108e-69,1.85786344308728,0.428,0.018,1.95601037894361e-64,"Oaz2-206",1.95601037894361e-64,"Up"
2.62335905549273e-69,1.53965913291372,0.467,0.029,2.01615636850838e-64,"Mapkbp1-201",2.01615636850838e-64,"Up"
3.19007324551453e-69,3.50073375852131,0.418,0.017,2.45169889210774e-64,"Corin-202",2.45169889210774e-64,"Up"
4.37876077973729e-69,1.45421259442439,0.565,0.062,3.36525280965929e-64,"Med13l-201",3.36525280965929e-64,"Up"
4.8115601530164e-69,2.80546180257639,0.729,0.24,3.69787643999922e-64,"Loxl2-201",3.69787643999922e-64,"Up"
5.01103913635263e-69,1.27988815634363,0.5,0.038,3.85118401785245e-64,"Zswim4-201",3.85118401785245e-64,"Up"
5.53750126457809e-69,1.53546532096954,0.611,0.079,4.25579122187885e-64,"Loxl1-201",4.25579122187885e-64,"Up"
6.05444704597198e-69,1.60086035757927,0.526,0.047,4.65308473271131e-64,"Ccnl2-205",4.65308473271131e-64,"Up"
6.29681428719823e-69,3.42284368530834,0.742,0.291,4.83935365228333e-64,"Col6a2-201",4.83935365228333e-64,"Up"
6.37107087591321e-69,1.47235569132034,0.539,0.052,4.89642281097434e-64,"Trf-201",4.89642281097434e-64,"Up"
7.57017924162997e-69,1.46440590992841,0.516,0.044,5.8179855543623e-64,"Diaph1-201",5.8179855543623e-64,"Up"
7.88537212810524e-69,3.56974719342308,0.386,0.008,6.060223895334e-64,"Tsc22d3-201",6.060223895334e-64,"Up"
8.49181652640998e-69,2.34256847635382,0.48,0.036,6.52630067320713e-64,"Pls3-202",6.52630067320713e-64,"Up"
1.13110251344713e-68,2.21396499910676,0.52,0.048,8.69297525684659e-64,"Cdkn1c-205",8.69297525684659e-64,"Up"
1.26602713251768e-68,2.6068729150885,0.415,0.015,9.72992492425134e-64,"Ctsm-201",9.72992492425134e-64,"Up"
1.29519110381785e-68,1.6376327177165,0.497,0.039,9.95406170928171e-64,"Capg-202",9.95406170928171e-64,"Up"
1.43141805953755e-68,1.80839959712474,0.477,0.033,1.10010203547699e-63,"Osmr-201",1.10010203547699e-63,"Up"
1.62528836154371e-68,3.02752117736027,0.529,0.057,1.2490991173808e-63,"Flt1-202",1.2490991173808e-63,"Up"
1.64216669981783e-68,1.11470781250407,0.536,0.05,1.26207079547799e-63,"Cercam-201",1.26207079547799e-63,"Up"
1.66154448616265e-68,2.28869286251867,0.415,0.015,1.27696339939544e-63,"Ceacam3-201",1.27696339939544e-63,"Up"
1.69867724975454e-68,3.54171259936457,0.693,0.21,1.30550141352635e-63,"Cd44-203",1.30550141352635e-63,"Up"
3.02189752947522e-68,1.7963450581232,0.621,0.094,2.32244912730289e-63,"Eea1-201",2.32244912730289e-63,"Up"
3.04627005072124e-68,1.31345290354386,0.516,0.044,2.3411803847813e-63,"Ak3-201",2.3411803847813e-63,"Up"
3.20410588514319e-68,1.90319793386439,0.474,0.033,2.46248353696795e-63,"Capg-201",2.46248353696795e-63,"Up"
4.13590182987947e-68,2.11298191449494,0.418,0.017,3.17860599233557e-63,"Ccdc88a-201",3.17860599233557e-63,"Up"
4.14117641678759e-68,1.08422914442774,0.477,0.033,3.18265972335793e-63,"Fbxo11-201",3.18265972335793e-63,"Up"
4.59844060637281e-68,1.71278746780363,0.484,0.036,3.53408554362176e-63,"Arhgap42-201",3.53408554362176e-63,"Up"
4.97125063662714e-68,2.06513594883518,0.644,0.111,3.82060496427342e-63,"Phactr2-203",3.82060496427342e-63,"Up"
5.00133262230052e-68,1.0615627128327,0.526,0.048,3.84372417354285e-63,"Nek7-202",3.84372417354285e-63,"Up"
5.73880272259092e-68,2.42046884975376,0.454,0.029,4.41049944442003e-63,"Rcan1-201",4.41049944442003e-63,"Up"
5.79757149832809e-68,2.06405441245415,0.621,0.097,4.45566559932507e-63,"Lamp2-202",4.45566559932507e-63,"Up"
6.22225946339197e-68,2.16502228078906,0.422,0.018,4.78205528799526e-63,"Abca1-201",4.78205528799526e-63,"Up"
6.3705818301765e-68,2.59502189349316,0.559,0.07,4.89604695976385e-63,"Actg2-201",4.89604695976385e-63,"Up"
9.96341362972863e-68,1.29087199565251,0.578,0.066,7.65728191099164e-63,"Zfp36l1-201",7.65728191099164e-63,"Up"
1.07278072382219e-67,1.59666098431741,0.562,0.062,8.24474897486308e-63,"Ap2a2-201",8.24474897486308e-63,"Up"
1.10637128008027e-67,1.4327573805629,0.444,0.024,8.50290583592887e-63,"Fads3-201",8.50290583592887e-63,"Up"
1.27231145971464e-67,2.66090814622826,0.503,0.048,9.77822249249092e-63,"Adamtsl1-203",9.77822249249092e-63,"Up"
1.31083514326503e-67,1.82884334692479,0.461,0.029,1.00742924100491e-62,"Selenoi-203",1.00742924100491e-62,"Up"
1.53744407872676e-67,1.39259211856286,0.471,0.032,1.18158727226466e-62,"Dennd4c-202",1.18158727226466e-62,"Up"
1.65962420532396e-67,1.07405476447944,0.487,0.037,1.27548758675967e-62,"Plcb3-201",1.27548758675967e-62,"Up"
1.70504261787974e-67,1.51838030154603,0.52,0.048,1.31039345354529e-62,"Ppp6r3-202",1.31039345354529e-62,"Up"
2.01922747098203e-67,2.78460102837104,0.722,0.189,1.55185708054853e-62,"Fbn1-201",1.55185708054853e-62,"Up"
2.06441208640137e-67,2.02330440389364,0.461,0.03,1.58658326488291e-62,"Btbd7-206",1.58658326488291e-62,"Up"
2.28740585710412e-67,2.46877816930083,0.572,0.069,1.7579628974188e-62,"Nupr1-201",1.7579628974188e-62,"Up"
2.40785603683888e-67,1.36823180702045,0.438,0.023,1.85053367855215e-62,"Cdc42ep4-202",1.85053367855215e-62,"Up"
3.7492179408673e-67,1.78088305415947,0.477,0.036,2.88142395627416e-62,"Npepps-201",2.88142395627416e-62,"Up"
4.63037537613315e-67,1.74528089761772,0.546,0.06,3.55862869157337e-62,"Mcc-202",3.55862869157337e-62,"Up"
6.03248172100258e-67,1.11693967368676,0.513,0.046,4.63620350185932e-62,"Dkk3-201",4.63620350185932e-62,"Up"
8.80783097532386e-67,1.32774135822248,0.422,0.019,6.7691704177754e-62,"Psg25-201",6.7691704177754e-62,"Up"
9.75324447023108e-67,1.43411351890416,0.487,0.038,7.4957585051514e-62,"Tet2-204",7.4957585051514e-62,"Up"
9.82856570182346e-67,2.15112330840217,0.448,0.028,7.55364588447941e-62,"Pard3b-202",7.55364588447941e-62,"Up"
1.1349154521839e-66,1.2236303974823,0.598,0.074,8.72227921621413e-62,"Nipbl-201",8.72227921621413e-62,"Up"
1.14202901139965e-66,2.83860515662851,0.428,0.022,8.77694976421091e-62,"Medag-201",8.77694976421091e-62,"Up"
1.26100568380779e-66,1.4274826447587,0.549,0.062,9.69133308233639e-62,"Fhl1-201",9.69133308233639e-62,"Up"
1.31445803284951e-66,1.7866639228225,0.516,0.05,1.01021357656616e-61,"Map2k3-201",1.01021357656616e-61,"Up"
1.46199645673927e-66,1.28353903931617,0.523,0.05,1.1236027568624e-61,"Sfxn3-201",1.1236027568624e-61,"Up"
1.5485267551805e-66,3.33093015859906,0.359,0.004,1.19010475242642e-61,"Pi15-201",1.19010475242642e-61,"Up"
1.94890007472217e-66,2.02134378279497,0.435,0.024,1.49780766342698e-61,"Sema3a-201",1.49780766342698e-61,"Up"
2.05364234368271e-66,1.65766063296655,0.467,0.033,1.57830628681391e-61,"Kctd11-201",1.57830628681391e-61,"Up"
2.25158292520147e-66,1.2303560101319,0.441,0.025,1.73043154133434e-61,"Psg19-201",1.73043154133434e-61,"Up"
2.47281646598133e-66,1.21504720502798,0.559,0.062,1.90045836676529e-61,"Nckap1-201",1.90045836676529e-61,"Up"
4.07840520235081e-66,2.81199342986071,0.405,0.017,3.13441753421469e-61,"Ube2v2-203",3.13441753421469e-61,"Up"
4.55467126250302e-66,2.79051406973478,0.402,0.015,3.50044705208407e-61,"Ankrd28-207",3.50044705208407e-61,"Up"
4.76810542597448e-66,2.25215911979296,0.621,0.089,3.66447974407843e-61,"Sparcl1-201",3.66447974407843e-61,"Up"
4.99733043303729e-66,2.35386094499184,0.471,0.036,3.84064833100648e-61,"Abi1-209",3.84064833100648e-61,"Up"
5.67513768861967e-66,1.18720435132599,0.454,0.029,4.36157031921176e-61,"Htt-201",4.36157031921176e-61,"Up"
7.57358283229964e-66,2.04858910919742,0.582,0.079,5.82060134993556e-61,"Sec14l1-202",5.82060134993556e-61,"Up"
8.19086517978104e-66,1.56815622323654,0.412,0.018,6.29500752526892e-61,"Wbp1l-201",6.29500752526892e-61,"Up"
9.10744379732796e-66,2.74360561195873,0.415,0.02,6.99943485599843e-61,"Slc39a14-202",6.99943485599843e-61,"Up"
9.76934482632144e-66,3.55844089972128,0.376,0.009,7.50813227282108e-61,"Ddx3y-201",7.50813227282108e-61,"Up"
9.97689499080453e-66,1.97636926171385,0.513,0.052,7.66764287623292e-61,"Zbtb38-212",7.66764287623292e-61,"Up"
9.98813214119251e-66,1.43674511516507,0.52,0.051,7.67627907579209e-61,"Trf-203",7.67627907579209e-61,"Up"
1.14294311527973e-65,1.35997415591974,0.461,0.032,8.78397501817083e-61,"Lzts2-202",8.78397501817083e-61,"Up"
1.15335088717846e-65,1.71549672734346,0.565,0.072,8.8639629083213e-61,"Mmp14-201",8.8639629083213e-61,"Up"
1.30257961843816e-65,1.30557807048407,0.471,0.034,1.00108453995446e-60,"B4galt5-201",1.00108453995446e-60,"Up"
1.64825023116104e-65,1.35577898130191,0.448,0.029,1.26674623265651e-60,"Cpq-201",1.26674623265651e-60,"Up"
1.66277837267058e-65,3.45999659060275,0.369,0.008,1.27791169053224e-60,"Nckap5-204",1.27791169053224e-60,"Up"
1.74032911592291e-65,1.34513496863129,0.467,0.034,1.33751253875139e-60,"Ssc5d-201",1.33751253875139e-60,"Up"
2.10872893161295e-65,1.99346579895565,0.359,0.005,1.62064253310181e-60,"Col24a1-201",1.62064253310181e-60,"Up"
2.88086692063698e-65,2.15267829289839,0.399,0.015,2.21406146318634e-60,"Prkg1-201",2.21406146318634e-60,"Up"
3.44470729069661e-65,2.31351125901901,0.69,0.15,2.64739534119197e-60,"S100a10-201",2.64739534119197e-60,"Up"
3.90143158112258e-65,2.38439511459468,0.415,0.02,2.99840622735594e-60,"Tmem184b-202",2.99840622735594e-60,"Up"
4.68819034131215e-65,2.77012031837521,0.592,0.1,3.60306180491204e-60,"Col12a1-201",3.60306180491204e-60,"Up"
4.69792478665615e-65,3.4125755916819,0.363,0.006,3.61054311553672e-60,"Ncs1-201",3.61054311553672e-60,"Up"
4.85659670106905e-65,1.43219981090878,0.389,0.013,3.73248882863961e-60,"Ldlrad4-201",3.73248882863961e-60,"Up"
5.36303776585462e-65,1.12135386698498,0.399,0.015,4.12170904456991e-60,"Csgalnact2-201",4.12170904456991e-60,"Up"
5.62430037572886e-65,1.19987335410951,0.533,0.055,4.32249981076266e-60,"Kank2-201",4.32249981076266e-60,"Up"
5.76461951690075e-65,1.91573984275681,0.363,0.006,4.43034068351891e-60,"Adamts14-201",4.43034068351891e-60,"Up"
5.79296520199271e-65,2.03529257795349,0.438,0.027,4.45212547633948e-60,"Has2-201",4.45212547633948e-60,"Up"
6.10605062597791e-65,1.55312275409228,0.533,0.058,4.69274414808906e-60,"Lats2-201",4.69274414808906e-60,"Up"
6.373315434179e-65,2.20410383673834,0.477,0.039,4.89814784378393e-60,"Zc3hav1-203",4.89814784378393e-60,"Up"
6.50247335842562e-65,1.81945649866176,0.402,0.017,4.99741087488443e-60,"Atg2a-201",4.99741087488443e-60,"Up"
6.67412969422313e-65,1.50347142132803,0.444,0.028,5.12933563519824e-60,"Fbh1-201",5.12933563519824e-60,"Up"
8.11063374200944e-65,1.37229645380788,0.536,0.058,6.23334645608393e-60,"Psmc6-201",6.23334645608393e-60,"Up"
8.22987141127643e-65,1.75607773873366,0.48,0.043,6.32498537442239e-60,"Tgfb1i1-201",6.32498537442239e-60,"Up"
8.45670054114551e-65,1.85515987774879,0.438,0.027,6.49931263389197e-60,"Plxna1-202",6.49931263389197e-60,"Up"
8.81718519457881e-65,2.01588415080446,0.425,0.023,6.7763595094416e-60,"Sowahc-201",6.7763595094416e-60,"Up"
8.85302180677426e-65,1.90217289263656,0.458,0.033,6.80390137937829e-60,"Tspan9-203",6.80390137937829e-60,"Up"
8.9164369702083e-65,1.28225899727892,0.435,0.025,6.85263846908389e-60,"Gpnmb-201",6.85263846908389e-60,"Up"
1.06676470613422e-64,2.59704323762438,0.458,0.033,8.19851347252391e-60,"Vps13d-202",8.19851347252391e-60,"Up"
1.2362479713904e-64,1.75373312603713,0.454,0.032,9.50106015932381e-60,"Kctd11-202",9.50106015932381e-60,"Up"
1.27584852183194e-64,1.63458981780374,0.565,0.075,9.80540622968716e-60,"Hipk2-206",9.80540622968716e-60,"Up"
1.29549263455232e-64,1.64833517559702,0.454,0.032,9.95637909358844e-60,"Qsox1-202",9.95637909358844e-60,"Up"
1.36007471860149e-64,2.03664781096977,0.405,0.018,1.04527182423399e-59,"Itch-201",1.04527182423399e-59,"Up"
1.51028489249071e-64,2.12340018864612,0.386,0.013,1.16071435127481e-59,"Mcc-205",1.16071435127481e-59,"Up"
1.67829461996729e-64,3.95223280663085,0.373,0.01,1.28983654722966e-59,"Steap2-204",1.28983654722966e-59,"Up"
1.8474271628481e-64,3.9438273842349,0.369,0.009,1.41982167173528e-59,"Apob-202",1.41982167173528e-59,"Up"
2.18034889495049e-64,1.35442341319163,0.493,0.043,1.67568533972525e-59,"Mmp23-201",1.67568533972525e-59,"Up"
2.34598959824355e-64,1.1544702583271,0.418,0.022,1.8029868458341e-59,"Ppt1-201",1.8029868458341e-59,"Up"
2.38163718400612e-64,2.38354781419814,0.69,0.183,1.83038344139607e-59,"Fbn2-201",1.83038344139607e-59,"Up"
2.7208353180189e-64,2.14478937531323,0.667,0.14,2.09107077531024e-59,"Glul-201",2.09107077531024e-59,"Up"
2.86085200960316e-64,1.40732662976432,0.444,0.029,2.19867920346041e-59,"Myo9a-206",2.19867920346041e-59,"Up"
2.90732289041489e-64,1.73039948715428,0.422,0.023,2.23439393419946e-59,"Sestd1-202",2.23439393419946e-59,"Up"
2.95106913182977e-64,1.51542659736926,0.51,0.05,2.26801467057645e-59,"Tut7-201",2.26801467057645e-59,"Up"
3.1872691245885e-64,1.06417378132306,0.497,0.044,2.44954381301125e-59,"Emp2-201",2.44954381301125e-59,"Up"
3.41229456189087e-64,3.72328705699876,0.363,0.008,2.62248486259561e-59,"Camkk2-201",2.62248486259561e-59,"Up"
3.4246573123041e-64,2.14057752682014,0.614,0.108,2.63198613079819e-59,"Utrn-205",2.63198613079819e-59,"Up"
3.51513359485037e-64,-1.73164774419688,0.81,0.973,2.7015207729863e-59,"Serpinh1-201",2.7015207729863e-59,"Down"
3.75192251058729e-64,1.71716186522751,0.477,0.039,2.88350252628675e-59,"Atp13a3-201",2.88350252628675e-59,"Up"
3.99501299655595e-64,2.35802927781172,0.412,0.02,3.07032728837311e-59,"Adamts5-201",3.07032728837311e-59,"Up"
3.99817369458696e-64,2.10824538594524,0.389,0.014,3.07275641123786e-59,"Cd55-201",3.07275641123786e-59,"Up"
4.34004829699597e-64,1.42748372041902,0.493,0.044,3.33550071817328e-59,"Maff-202",3.33550071817328e-59,"Up"
4.52377348973151e-64,1.33072138989941,0.431,0.025,3.47670087779826e-59,"Dhrs7-201",3.47670087779826e-59,"Up"
4.54419873053407e-64,1.98949830567193,0.461,0.036,3.49239849236466e-59,"Mat2a-202",3.49239849236466e-59,"Up"
5.09529093588849e-64,2.11358227161915,0.667,0.152,3.91593489586774e-59,"Calu-201",3.91593489586774e-59,"Up"
5.12110699560669e-64,2.95767601424149,0.552,0.08,3.93577557040357e-59,"Uap1-203",3.93577557040357e-59,"Up"
5.17196854406917e-64,3.18392922094199,0.458,0.037,3.97486470485892e-59,"Spp1-204",3.97486470485892e-59,"Up"
5.61656619773769e-64,1.88812769404141,0.412,0.02,4.31655578560933e-59,"Ctss-201",4.31655578560933e-59,"Up"
5.8524749574329e-64,2.24792938724376,0.48,0.043,4.49786110378548e-59,"Mef2a-204",4.49786110378548e-59,"Up"
6.9234929842753e-64,1.05456831360616,0.516,0.052,5.32098129813494e-59,"Me1-201",5.32098129813494e-59,"Up"
7.21900477198007e-64,1.10922448986499,0.48,0.041,5.54809392745756e-59,"Kctd10-202",5.54809392745756e-59,"Up"
8.22948750250557e-64,2.62560090685036,0.373,0.01,6.32469032517563e-59,"Itch-202",6.32469032517563e-59,"Up"
8.82215336562798e-64,1.43734189912283,0.412,0.02,6.78017774761973e-59,"Ube2d3-203",6.78017774761973e-59,"Up"
9.38479751510415e-64,1.40778595622278,0.529,0.058,7.21259228225814e-59,"Ankfy1-206",7.21259228225814e-59,"Up"
1.03486910345241e-63,1.48245606664675,0.542,0.062,7.95338300767317e-59,"Aak1-202",7.95338300767317e-59,"Up"
1.07781871190831e-63,1.17358329353014,0.556,0.067,8.2834679285001e-59,"Eif4e-201",8.2834679285001e-59,"Up"
1.3018692545484e-63,3.2031563285194,0.408,0.022,1.00053859689063e-58,"Pam-210",1.00053859689063e-58,"Up"
1.33726222940952e-63,1.18953761963732,0.608,0.086,1.02773951379039e-58,"Sash1-201",1.02773951379039e-58,"Up"
1.54445904385892e-63,1.24977150984037,0.464,0.036,1.18697855356733e-58,"Elk4-202",1.18697855356733e-58,"Up"
1.64912858281706e-63,1.97397346075629,0.569,0.079,1.26742128103822e-58,"Slc6a6-201",1.26742128103822e-58,"Up"
1.65874249339025e-63,1.46963539740301,0.458,0.034,1.27480995587014e-58,"Anxa3-201",1.27480995587014e-58,"Up"
1.84584455786071e-63,3.49381638382067,0.379,0.013,1.41860537649827e-58,"Sh3d19-205",1.41860537649827e-58,"Up"
1.9220869160098e-63,4.47081563330808,0.333,0.001,1.47720067843017e-58,"Kcnv2-201",1.47720067843017e-58,"Up"
2.05857931351579e-63,1.95606704031793,0.369,0.01,1.58210054560942e-58,"Ak1-202",1.58210054560942e-58,"Up"
2.17890266228365e-63,1.04516971999016,0.428,0.025,1.67457385207148e-58,"Ror1-201",1.67457385207148e-58,"Up"
2.28720618701821e-63,1.42553728979214,0.418,0.023,1.75780944297097e-58,"Marchf6-201",1.75780944297097e-58,"Up"
2.43761744558888e-63,1.08941764893815,0.611,0.088,1.87340651163287e-58,"Csrp1-201",1.87340651163287e-58,"Up"
2.46391031614252e-63,1.81333563206744,0.451,0.033,1.89361363436817e-58,"Thsd4-202",1.89361363436817e-58,"Up"
2.56752827410246e-63,1.10847029896221,0.552,0.065,1.97324817977871e-58,"Akap9-201",1.97324817977871e-58,"Up"
2.77070786657169e-63,1.1221849466612,0.48,0.042,2.129399823775e-58,"Hyou1-201",2.129399823775e-58,"Up"
2.8752685954993e-63,1.79062124084524,0.412,0.022,2.20975892638503e-58,"Large1-204",2.20975892638503e-58,"Up"
3.48097760425312e-63,1.29111266804359,0.48,0.042,2.67527052797269e-58,"Adk-207",2.67527052797269e-58,"Up"
3.53280106784975e-63,1.49309165759822,0.559,0.075,2.71509893268525e-58,"Tmbim6-201",2.71509893268525e-58,"Up"
4.07149577864862e-63,1.294196895597,0.5,0.048,3.12910736572261e-58,"C1qtnf1-201",3.12910736572261e-58,"Up"
4.3949344398109e-63,1.41722201922071,0.474,0.039,3.37768291437227e-58,"Fam91a1-201",3.37768291437227e-58,"Up"
4.6645898632687e-63,1.95540558606637,0.592,0.093,3.58492389351653e-58,"Myo1c-204",3.58492389351653e-58,"Up"
4.93815066314312e-63,1.2738464809945,0.448,0.032,3.79516631065202e-58,"Lzts2-203",3.79516631065202e-58,"Up"
5.19382658927259e-63,2.75239390760606,0.402,0.019,3.99166348691956e-58,"Zmym2-201",3.99166348691956e-58,"Up"
5.41743686932371e-63,3.90317170170465,0.366,0.01,4.16351693155005e-58,"Corin-201",4.16351693155005e-58,"Up"
5.41894797852673e-63,1.92005036331975,0.663,0.127,4.16467827941693e-58,"Rock2-201",4.16467827941693e-58,"Up"
6.18698294357502e-63,1.27403235435266,0.454,0.034,4.75494387145515e-58,"Inhba-201",4.75494387145515e-58,"Up"
7.0560596913857e-63,2.03296329165981,0.405,0.02,5.42286411521757e-58,"Fzd1-201",5.42286411521757e-58,"Up"
7.25110977537384e-63,1.14360673501019,0.435,0.028,5.57276790676581e-58,"Rhou-201",5.57276790676581e-58,"Up"
7.55506414670364e-63,1.65258219672208,0.373,0.011,5.80636899930762e-58,"Dsel-201",5.80636899930762e-58,"Up"
7.97620877519883e-63,4.08880699898707,0.356,0.008,6.13003549209131e-58,"Ak1-203",6.13003549209131e-58,"Up"
8.97503276141963e-63,1.15299847999002,0.507,0.052,6.89767167846144e-58,"Ssh1-204",6.89767167846144e-58,"Up"
9.55712820020521e-63,1.70803434938658,0.461,0.037,7.34503530698571e-58,"Fcgrt-201",7.34503530698571e-58,"Up"
1.12223188003197e-62,1.7410894999953,0.444,0.032,8.62480089079774e-58,"Bltp1-201",8.62480089079774e-58,"Up"
1.12302284408624e-62,1.41302822700987,0.562,0.072,8.63087976594035e-58,"Lrrc17-201",8.63087976594035e-58,"Up"
1.33145301232648e-62,1.33252823574263,0.578,0.078,1.02327489809339e-57,"Nfe2l2-201",1.02327489809339e-57,"Up"
1.63560909450707e-62,1.16942751825153,0.386,0.015,1.25703101349247e-57,"Bfar-201",1.25703101349247e-57,"Up"
1.77636851928274e-62,2.00797599205266,0.366,0.01,1.36521026180956e-57,"Trabd2b-201",1.36521026180956e-57,"Up"
1.78169933852449e-62,1.78928349055187,0.438,0.03,1.36930720962961e-57,"Pgm3-201",1.36930720962961e-57,"Up"
1.80243125936791e-62,2.52764791424775,0.719,0.194,1.38524052007462e-57,"Fbn1-202",1.38524052007462e-57,"Up"
1.84646369136369e-62,1.35474283825603,0.395,0.018,1.41908120536065e-57,"Plcd1-201",1.41908120536065e-57,"Up"
2.00225173935142e-62,3.51628501815597,0.359,0.009,1.53881055176114e-57,"Hycc1-201",1.53881055176114e-57,"Up"
2.03034084542096e-62,1.80191178933845,0.441,0.032,1.56039815333983e-57,"Cacna2d1-202",1.56039815333983e-57,"Up"
2.16095403064236e-62,1.85481472495166,0.608,0.102,1.66077961070988e-57,"Sh3pxd2a-201",1.66077961070988e-57,"Up"
2.2095311854448e-62,2.19576658124291,0.35,0.006,1.69811309726174e-57,"Tns1-211",1.69811309726174e-57,"Up"
2.36708439278303e-62,1.44041966290546,0.533,0.062,1.81919903922947e-57,"Pgk1-201",1.81919903922947e-57,"Up"
2.38077549960904e-62,1.510184585227,0.467,0.042,1.82972120246953e-57,"Zfp638-220",1.82972120246953e-57,"Up"
2.51060420286115e-62,1.27992034463557,0.614,0.094,1.92949975406691e-57,"Gfpt1-204",1.92949975406691e-57,"Up"
2.52565400269577e-62,1.64845804193066,0.585,0.083,1.9410661272318e-57,"Nsd1-201",1.9410661272318e-57,"Up"
2.70895933255196e-62,2.04262198968338,0.444,0.033,2.08194360543949e-57,"Clip1-205",2.08194360543949e-57,"Up"
2.80620173315248e-62,1.10550780130985,0.608,0.088,2.15667827999701e-57,"Adam9-204",2.15667827999701e-57,"Up"
2.82170525620625e-62,1.15204613798669,0.418,0.024,2.16859335760475e-57,"Ppp2r3a-202",2.16859335760475e-57,"Up"
3.10594189918885e-62,4.18242261108927,0.395,0.02,2.3870405872026e-57,"Hsd11b1-205",2.3870405872026e-57,"Up"
3.18671205471123e-62,1.69952871503669,0.412,0.023,2.44911568252777e-57,"Comt-204",2.44911568252777e-57,"Up"
3.47925875742847e-62,1.67147966779217,0.487,0.047,2.67394952543407e-57,"Myo5a-201",2.67394952543407e-57,"Up"
3.66372247757654e-62,1.96783325188236,0.412,0.023,2.81571727291667e-57,"Samd5-201",2.81571727291667e-57,"Up"
3.6829118556621e-62,1.81148212083503,0.389,0.017,2.83046507755055e-57,"Rab7b-202",2.83046507755055e-57,"Up"
4.07939645079078e-62,1.36302099365733,0.402,0.02,3.13517934829074e-57,"Fkbp5-201",3.13517934829074e-57,"Up"
4.27332810587488e-62,1.22010314976469,0.399,0.019,3.28422358248908e-57,"Ltbp3-201",3.28422358248908e-57,"Up"
4.51541755327851e-62,1.70442266042239,0.601,0.097,3.47027900639666e-57,"Glg1-204",3.47027900639666e-57,"Up"
5.47891288597272e-62,1.37363680140289,0.5,0.052,4.21076370938547e-57,"Crip2-201",4.21076370938547e-57,"Up"
5.48051478987043e-62,1.85177365731066,0.402,0.02,4.21199483660702e-57,"Pld2-201",4.21199483660702e-57,"Up"
6.92870723103764e-62,1.55128891368447,0.353,0.008,5.32498865534166e-57,"Zcchc24-201",5.32498865534166e-57,"Up"
7.05729821525358e-62,4.41586476453605,0.337,0.004,5.42381597035098e-57,"Prl8a8-201",5.42381597035098e-57,"Up"
7.17977732443803e-62,1.20468882074721,0.562,0.072,5.5179460649236e-57,"Cebpd-201",5.5179460649236e-57,"Up"
8.48618512417213e-62,1.56749163425722,0.418,0.025,6.52197271533125e-57,"Ddr2-202",6.52197271533125e-57,"Up"
8.49089014709118e-62,2.04831555913866,0.363,0.01,6.52558871364545e-57,"Dnajb4-204",6.52558871364545e-57,"Up"
9.39550441664831e-62,2.29842484244758,0.373,0.013,7.22082096437089e-57,"Zfp445-206",7.22082096437089e-57,"Up"
1.01439127460122e-61,2.19619988634003,0.435,0.03,7.79600270182022e-57,"Capg-203",7.79600270182022e-57,"Up"
1.10765229459304e-61,2.07070367834525,0.376,0.014,8.51275094486537e-57,"Sh3d19-204",8.51275094486537e-57,"Up"
1.22380897093195e-61,1.19811987916853,0.644,0.103,9.40546146520038e-57,"Sec24d-201",9.40546146520038e-57,"Up"
1.25086813541462e-61,1.1277379081485,0.405,0.022,9.61342196791555e-57,"Nr4a1-202",9.61342196791555e-57,"Up"
1.38203047633528e-61,1.91969222740774,0.471,0.046,1.06214570228272e-56,"Mbd1-205",1.06214570228272e-56,"Up"
1.38255937448943e-61,1.72743864966274,0.441,0.033,1.0625521816701e-56,"Fto-201",1.0625521816701e-56,"Up"
1.58128066729952e-61,1.05288347697269,0.431,0.029,1.21527744404637e-56,"Sigmar1-201",1.21527744404637e-56,"Up"
1.61894780561011e-61,1.05668197150218,0.5,0.051,1.24422614652359e-56,"Rabgef1-203",1.24422614652359e-56,"Up"
1.74329860647404e-61,1.48503410495149,0.474,0.043,1.33979471101956e-56,"Stim1-202",1.33979471101956e-56,"Up"
1.83763724576563e-61,2.64215842702712,0.5,0.058,1.41229772886072e-56,"Apbb2-210",1.41229772886072e-56,"Up"
1.97772724412839e-61,1.43163482855152,0.467,0.042,1.51996249620243e-56,"Edem3-201",1.51996249620243e-56,"Up"
2.09720284083518e-61,2.99506498468916,0.34,0.005,1.61178427129547e-56,"Bdkrb1-201",1.61178427129547e-56,"Up"
2.14065484447773e-61,1.48910327424535,0.386,0.017,1.64517887417491e-56,"Ireb2-201",1.64517887417491e-56,"Up"
2.24193194463475e-61,1.30278179391274,0.471,0.042,1.72301437672959e-56,"Mib1-201",1.72301437672959e-56,"Up"
2.26262718198774e-61,1.41074609827306,0.435,0.03,1.73891949444486e-56,"Dennd5a-202",1.73891949444486e-56,"Up"
2.26262718198774e-61,1.69598176217019,0.435,0.03,1.73891949444486e-56,"Usp24-201",1.73891949444486e-56,"Up"
2.2841676202547e-61,1.04294680957848,0.408,0.023,1.75547418287055e-56,"Tvp23b-201",1.75547418287055e-56,"Up"
2.52185855869984e-61,2.39951668241365,0.458,0.039,1.93814917670318e-56,"Cyfip1-203",1.93814917670318e-56,"Up"
2.70026258711081e-61,2.15719605070788,0.729,0.221,2.07525980869814e-56,"Emp1-206",2.07525980869814e-56,"Up"
2.70026258711081e-61,2.15719604975557,0.729,0.221,2.07525980869814e-56,"Emp1-201",2.07525980869814e-56,"Up"
2.80967516921714e-61,2.01421915274148,0.526,0.065,2.15934775455014e-56,"Dlc1-206",2.15934775455014e-56,"Up"
2.81153446801835e-61,2.14934151978721,0.451,0.037,2.16077670005083e-56,"Abi1-206",2.16077670005083e-56,"Up"
2.90124757323492e-61,3.08843737258061,0.373,0.014,2.22972480993397e-56,"Ptgis-202",2.22972480993397e-56,"Up"
3.22833971472707e-61,1.37425730120166,0.405,0.023,2.48110820435634e-56,"Mdm4-210",2.48110820435634e-56,"Up"
3.24016308266824e-61,2.0097229487308,0.379,0.015,2.49019493555385e-56,"Ctsm-202",2.49019493555385e-56,"Up"
3.26409811318619e-61,1.30283219982671,0.454,0.037,2.50858996390812e-56,"Rabgef1-201",2.50858996390812e-56,"Up"
3.33371341655462e-61,3.53232598065502,0.353,0.009,2.56209210915888e-56,"Pi16-202",2.56209210915888e-56,"Up"
3.41164915776544e-61,1.81470018410381,0.526,0.064,2.62198884370905e-56,"Trak1-209",2.62198884370905e-56,"Up"
3.81374729546912e-61,1.64547425644613,0.428,0.029,2.93101734645984e-56,"S100a6-201",2.93101734645984e-56,"Up"
4.24899464732221e-61,1.3271503447925,0.451,0.036,3.26552234625301e-56,"Kdm7a-201",3.26552234625301e-56,"Up"
4.3912749136529e-61,1.92867892968867,0.369,0.013,3.3748704221388e-56,"Stard9-203",3.3748704221388e-56,"Up"
4.51318895410875e-61,1.37929869792577,0.513,0.056,3.46856623879074e-56,"Herc2-202",3.46856623879074e-56,"Up"
4.76049024612148e-61,1.51696080637845,0.474,0.043,3.6586271737542e-56,"Maff-203",3.6586271737542e-56,"Up"
5.96274835363376e-61,2.00374984434218,0.487,0.051,4.58261061970169e-56,"Nfic-203",4.58261061970169e-56,"Up"
6.33625325275356e-61,1.53100831778662,0.631,0.102,4.86966407487122e-56,"Ncoa4-202",4.86966407487122e-56,"Up"
8.18503757331852e-61,1.08342412168008,0.565,0.075,6.29052877659822e-56,"Gadd45b-201",6.29052877659822e-56,"Up"
8.60346369109626e-61,1.95223037363621,0.395,0.02,6.61210598515512e-56,"Tulp4-201",6.61210598515512e-56,"Up"
8.93048087985689e-61,2.18170713293609,0.373,0.014,6.86343177540521e-56,"Zc3h3-201",6.86343177540521e-56,"Up"
9.28132400624551e-61,1.95981083567296,0.637,0.136,7.13306875175992e-56,"Atp2b4-206",7.13306875175992e-56,"Up"
1.07180679583963e-60,1.34037535192312,0.572,0.081,8.2372639487459e-56,"Nedd9-202",8.2372639487459e-56,"Up"
1.16319443299829e-60,1.12780115603539,0.5,0.052,8.93961449536505e-56,"Galnt1-206",8.93961449536505e-56,"Up"
1.20473650191481e-60,1.53228421624546,0.395,0.02,9.25888191181606e-56,"Zmym5-203",9.25888191181606e-56,"Up"
1.30916556502396e-60,2.61283304696154,0.454,0.044,1.00614610334352e-55,"Fosb-206",1.00614610334352e-55,"Up"
1.6340080872873e-60,1.92127347528694,0.556,0.081,1.25580057540378e-55,"Lifr-203",1.25580057540378e-55,"Up"
1.80476883898987e-60,3.65417319137891,0.369,0.015,1.38703704351728e-55,"Abi3bp-202",1.38703704351728e-55,"Up"
1.88580364586753e-60,1.11322120383729,0.49,0.052,1.44931553399503e-55,"Mtss1-201",1.44931553399503e-55,"Up"
2.24295966986129e-60,2.61414784396565,0.444,0.038,1.7238042246752e-55,"Nfkb1-201",1.7238042246752e-55,"Up"
2.42974461498274e-60,1.25164734513724,0.601,0.091,1.86735592639884e-55,"Pkd2-201",1.86735592639884e-55,"Up"
2.7391290103965e-60,1.94738737168323,0.402,0.023,2.10513020965012e-55,"Ndrg2-202",2.10513020965012e-55,"Up"
2.74270757219748e-60,2.13768888648481,0.379,0.017,2.10788047753665e-55,"Tiam2-201",2.10788047753665e-55,"Up"
2.87881434290485e-60,1.23882939215487,0.474,0.044,2.21248397509609e-55,"Dpysl2-201",2.21248397509609e-55,"Up"
3.01279344467385e-60,1.50992904581956,0.389,0.019,2.31545227396964e-55,"Reck-201",2.31545227396964e-55,"Up"
3.06851915247761e-60,1.59544645654923,0.686,0.136,2.35827970944514e-55,"Msn-201",2.35827970944514e-55,"Up"
3.23205059160979e-60,2.26317763732877,0.359,0.011,2.48396016167579e-55,"Pid1-201",2.48396016167579e-55,"Up"
3.2567708389823e-60,1.03051653725102,0.444,0.036,2.50295866059146e-55,"Lrrc8a-201",2.50295866059146e-55,"Up"
3.36452430553275e-60,3.74307163852468,0.366,0.014,2.58577150977414e-55,"Phc3-209",2.58577150977414e-55,"Up"
4.14924818877605e-60,1.14619711048691,0.425,0.029,3.18886320300194e-55,"Zfyve9-202",3.18886320300194e-55,"Up"
4.18535966637059e-60,2.95174326821009,0.333,0.005,3.21661631799245e-55,"Manea-201",3.21661631799245e-55,"Up"
4.22110944077462e-60,2.07684079827388,0.369,0.014,3.24409144961293e-55,"Pacs2-201",3.24409144961293e-55,"Up"
4.30598574576122e-60,1.29902956537046,0.418,0.028,3.30932228504733e-55,"Tspan5-201",3.30932228504733e-55,"Up"
4.34453622498744e-60,1.24703396546038,0.497,0.052,3.33894987035184e-55,"Galnt1-201",3.33894987035184e-55,"Up"
4.63236570838299e-60,2.13223690404354,0.418,0.029,3.56015834152066e-55,"Tln2-202",3.56015834152066e-55,"Up"
4.91911963613756e-60,2.45362146372527,0.732,0.271,3.78054020515716e-55,"Sptbn1-201",3.78054020515716e-55,"Up"
5.77983881198292e-60,1.06651885789956,0.415,0.027,4.44203732056135e-55,"Zfp644-204",4.44203732056135e-55,"Up"
6.31453831799101e-60,1.09992938970274,0.52,0.061,4.85297527890881e-55,"Itgb5-202",4.85297527890881e-55,"Up"
7.51696096474405e-60,1.84365484426612,0.366,0.014,5.77708517984439e-55,"Atf7-210",5.77708517984439e-55,"Up"
7.5193026274547e-60,2.10332416681013,0.663,0.154,5.77888484130403e-55,"Col4a5-202",5.77888484130403e-55,"Up"
7.54297634296183e-60,1.9394977460946,0.399,0.023,5.79707903861988e-55,"Itpr2-202",5.79707903861988e-55,"Up"
7.65508979108664e-60,1.0125497631364,0.382,0.018,5.88324270804172e-55,"Gmfb-202",5.88324270804172e-55,"Up"
8.22665254687576e-60,1.93854510289569,0.539,0.078,6.3225115483759e-55,"Ccdc50-203",6.3225115483759e-55,"Up"
8.88175403627933e-60,1.19663575326886,0.461,0.041,6.82598324704211e-55,"Pld3-202",6.82598324704211e-55,"Up"
9.42658868398161e-60,1.2830145401913,0.435,0.033,7.24471046718723e-55,"Hif3a-202",7.24471046718723e-55,"Up"
9.59944571589904e-60,1.51404327109825,0.395,0.022,7.37755801049705e-55,"Cdc42ep4-201",7.37755801049705e-55,"Up"
1.13634364343905e-59,1.15581755978071,0.487,0.05,8.73325543728648e-55,"Bod1l-204",8.73325543728648e-55,"Up"
1.20475903052242e-59,1.94431260956651,0.412,0.027,9.25905505317697e-55,"Mpdz-202",9.25905505317697e-55,"Up"
1.34869146293886e-59,1.69689099362241,0.386,0.019,1.03652333692703e-54,"Ankib1-201",1.03652333692703e-54,"Up"
1.44575846889284e-59,2.09321486248647,0.376,0.017,1.1111232136829e-54,"Pappa-201",1.1111232136829e-54,"Up"
1.48694026709585e-59,1.70033781260892,0.654,0.137,1.14277307287384e-54,"Itgav-201",1.14277307287384e-54,"Up"
1.63338053627313e-59,1.3823785912397,0.366,0.014,1.25531827734735e-54,"Rnf217-201",1.25531827734735e-54,"Up"
1.6437887902037e-59,1.73499947854272,0.366,0.014,1.26331743682315e-54,"Atad1-203",1.26331743682315e-54,"Up"
1.89450599062576e-59,1.01562997830853,0.412,0.027,1.45600363403552e-54,"Actr1a-201",1.45600363403552e-54,"Up"
1.97623177460198e-59,1.04530950481287,0.487,0.053,1.51881316805261e-54,"Samd4-206",1.51881316805261e-54,"Up"
2.12664213782672e-59,3.61394271742537,0.33,0.005,1.63440954860535e-54,"Nfkb1-208",1.63440954860535e-54,"Up"
2.2019078405546e-59,1.13968851241341,0.438,0.034,1.69225425177983e-54,"Fkbp7-201",1.69225425177983e-54,"Up"
2.22391291619135e-59,1.49609155216937,0.631,0.112,1.7091660326097e-54,"Capn2-201",1.7091660326097e-54,"Up"
2.50419427024781e-59,1.05165642275952,0.471,0.044,1.92457346445625e-54,"Ube2l3-205",1.92457346445625e-54,"Up"
2.50419427024781e-59,1.05165642275952,0.471,0.044,1.92457346445625e-54,"Ube2l3-201",1.92457346445625e-54,"Up"
2.6830568202854e-59,1.4730069347788,0.444,0.037,2.06203648866214e-54,"Irs1-201",2.06203648866214e-54,"Up"
2.77586804276426e-59,1.20281484730418,0.389,0.02,2.13336562558605e-54,"Trim47-201",2.13336562558605e-54,"Up"
2.86924512470867e-59,2.07316553944423,0.66,0.15,2.2051296481436e-54,"Lpp-201",2.2051296481436e-54,"Up"
3.10480527366074e-59,1.14630028436345,0.454,0.041,2.38616704501922e-54,"Pdxdc1-201",2.38616704501922e-54,"Up"
3.13270483110467e-59,3.41534298536723,0.369,0.017,2.40760897089718e-54,"Slc8a1-204",2.40760897089718e-54,"Up"
3.14986580267966e-59,1.44146644426645,0.49,0.053,2.42079786399142e-54,"Pdpk1-202",2.42079786399142e-54,"Up"
3.36247480275022e-59,1.56553691977233,0.415,0.028,2.58419638490566e-54,"Msrb3-201",2.58419638490566e-54,"Up"
3.63169712499358e-59,1.94186648813575,0.359,0.013,2.79110450844257e-54,"Mgll-201",2.79110450844257e-54,"Up"
3.63169712499358e-59,1.94186648813575,0.359,0.013,2.79110450844257e-54,"Mgll-207",2.79110450844257e-54,"Up"
3.7380888646777e-59,1.11206534854659,0.402,0.024,2.8728708160594e-54,"Cd68-201",2.8728708160594e-54,"Up"
4.08044230149959e-59,1.59393239256833,0.467,0.046,3.1359831263945e-54,"Tmbim1-202",3.1359831263945e-54,"Up"
4.17779088651973e-59,1.46291439322672,0.369,0.015,3.21079940792587e-54,"Sppl2a-201",3.21079940792587e-54,"Up"
4.42088731383303e-59,1.37160307564586,0.369,0.015,3.39762873617324e-54,"Cd55-205",3.39762873617324e-54,"Up"
5.02466883069034e-59,2.44056946115082,0.69,0.202,3.86165898313875e-54,"Gja1-201",3.86165898313875e-54,"Up"
6.97748730580507e-59,1.04933169166902,0.569,0.083,5.36247809400343e-54,"Nktr-201",5.36247809400343e-54,"Up"
7.41334372220856e-59,1.76163381378618,0.405,0.027,5.69745118426617e-54,"Slc7a6-201",5.69745118426617e-54,"Up"
7.42854079671279e-59,1.07656700290325,0.422,0.03,5.70913074390565e-54,"Gan-202",5.70913074390565e-54,"Up"
7.53300666715497e-59,2.49222734464378,0.343,0.009,5.78941694397528e-54,"Nuak2-202",5.78941694397528e-54,"Up"
8.19228460183614e-59,1.57801744447098,0.395,0.023,6.29609840789514e-54,"Stom-201",6.29609840789514e-54,"Up"
1.07195415685005e-58,1.02789122929592,0.467,0.044,8.23839647705539e-54,"Arhgap5-204",8.23839647705539e-54,"Up"
1.11804002404786e-58,1.29304452224387,0.611,0.105,8.59258480081745e-54,"Il6st-203",8.59258480081745e-54,"Up"
1.12076029681992e-58,1.82670311192135,0.415,0.029,8.61349118517983e-54,"Thsd4-206",8.61349118517983e-54,"Up"
1.25252972401154e-58,1.29875864044604,0.5,0.057,9.62619194091827e-54,"Wdfy3-201",9.62619194091827e-54,"Up"
1.57230749833275e-58,1.58528956455832,0.376,0.018,1.20838120476866e-53,"Jdp2-201",1.20838120476866e-53,"Up"
1.59514452568656e-58,1.2385758303747,0.471,0.047,1.22593237377115e-53,"Pdgfrb-201",1.22593237377115e-53,"Up"
1.7666321068243e-58,1.75643143371488,0.395,0.024,1.35772743937875e-53,"Alas1-207",1.35772743937875e-53,"Up"
2.0131888485003e-58,2.35526184764211,0.641,0.158,1.54721615762642e-53,"Tenm3-206",1.54721615762642e-53,"Up"
2.04005096957191e-58,1.56706143512527,0.552,0.083,1.56786077215479e-53,"Zim1-202",1.56786077215479e-53,"Up"
2.0719079100865e-58,1.88151138162182,0.585,0.098,1.59234410521788e-53,"Nav1-208",1.59234410521788e-53,"Up"
2.07450236327946e-58,1.18809456963941,0.444,0.038,1.59433804627479e-53,"Rnf19b-206",1.59433804627479e-53,"Up"
2.10814117550013e-58,1.18153566499812,0.464,0.044,1.62019081901887e-53,"Chst12-201",1.62019081901887e-53,"Up"
2.15072204962763e-58,1.59861329408685,0.529,0.071,1.65291592402082e-53,"Spata13-209",1.65291592402082e-53,"Up"
2.58531820862711e-58,1.49767447760877,0.405,0.027,1.98692045605828e-53,"Slc3a2-202",1.98692045605828e-53,"Up"
2.70709829885762e-58,1.05606434575307,0.458,0.042,2.08051332660404e-53,"Atp8b2-202",2.08051332660404e-53,"Up"
3.01867113887056e-58,1.30556531562407,0.444,0.039,2.31996951706758e-53,"Zbtb7a-201",2.31996951706758e-53,"Up"
3.02932510090168e-58,1.00381122139413,0.402,0.025,2.32815751304698e-53,"Prl2a1-201",2.32815751304698e-53,"Up"
3.04719665176969e-58,1.03208088720026,0.402,0.025,2.34189251475108e-53,"Rev3l-201",2.34189251475108e-53,"Up"
3.05818682409951e-58,4.60068344192826,0.337,0.009,2.35033890179344e-53,"Ildr2-201",2.35033890179344e-53,"Up"
3.17796185162605e-58,1.24757957781589,0.382,0.02,2.44239080144868e-53,"Hes1-201",2.44239080144868e-53,"Up"
3.65158496152708e-58,1.3487246987888,0.431,0.034,2.80638910633202e-53,"C1qtnf6-201",2.80638910633202e-53,"Up"
3.71247498768022e-58,1.35673816536106,0.588,0.093,2.85318552703175e-53,"Lmcd1-201",2.85318552703175e-53,"Up"
3.98865894935199e-58,2.6369847253999,0.592,0.112,3.06544394893498e-53,"Ccl2-201",3.06544394893498e-53,"Up"
4.08122843170736e-58,1.33327260057873,0.464,0.046,3.13658729890438e-53,"Dcbld2-201",3.13658729890438e-53,"Up"
4.10545286954863e-58,1.14666268634182,0.392,0.023,3.1552047483629e-53,"Setd7-201",3.1552047483629e-53,"Up"
4.97776250237558e-58,1.40862343413365,0.382,0.02,3.82560959357573e-53,"Esf1-201",3.82560959357573e-53,"Up"
5.0193920174779e-58,1.33959118697641,0.431,0.036,3.85760354111247e-53,"Rabgap1-203",3.85760354111247e-53,"Up"
5.27746992707174e-58,1.82941975591253,0.415,0.03,4.05594673775172e-53,"Fcho2-201",4.05594673775172e-53,"Up"
5.59837775197465e-58,2.11275960824286,0.886,0.684,4.30257723750259e-53,"Vim-201",4.30257723750259e-53,"Up"
6.00316232535305e-58,2.53628938737456,0.333,0.008,4.61367037352683e-53,"B3gnt9-201",4.61367037352683e-53,"Up"
7.20046923617842e-58,2.30276748909843,0.562,0.099,5.53384862677256e-53,"Utrn-201",5.53384862677256e-53,"Up"
7.32184493930168e-58,1.09816827514707,0.451,0.041,5.62713070965091e-53,"Ptprj-204",5.62713070965091e-53,"Up"
7.67127074747531e-58,1.2874124293944,0.353,0.013,5.89567842026467e-53,"Mcub-201",5.89567842026467e-53,"Up"
8.12825044928856e-58,1.69800142851449,0.376,0.019,6.24688560029623e-53,"Ccl7-201",6.24688560029623e-53,"Up"
8.4410554376832e-58,1.57167249133399,0.353,0.013,6.48728874607705e-53,"Birc2-204",6.48728874607705e-53,"Up"
8.49502847056084e-58,1.81644957147805,0.353,0.013,6.52876918076483e-53,"Stard9-206",6.52876918076483e-53,"Up"
8.61655942438373e-58,1.13083647058351,0.484,0.052,6.62217058001587e-53,"Dnajc10-201",6.62217058001587e-53,"Up"
8.88104997544445e-58,1.36811134242993,0.605,0.098,6.82544214812808e-53,"Ncoa4-201",6.82544214812808e-53,"Up"
9.61242491906001e-58,2.51372430265972,0.444,0.043,7.38753304729438e-53,"Itih5-201",7.38753304729438e-53,"Up"
1.0025678500647e-57,1.77789474664305,0.392,0.024,7.70513495488721e-53,"Srgap2-201",7.70513495488721e-53,"Up"
1.15867842036323e-57,1.40017031323243,0.386,0.022,8.90490713185959e-53,"Prkaca-201",8.90490713185959e-53,"Up"
1.16627971326936e-57,1.48371872164047,0.595,0.099,8.96332610836036e-53,"Rbbp6-201",8.96332610836036e-53,"Up"
1.17693979418602e-57,2.85999341640207,0.467,0.052,9.04525309423727e-53,"Fabp4-201",9.04525309423727e-53,"Up"
1.23650246858538e-57,1.51225735040973,0.366,0.017,9.50301607206606e-53,"Rerg-202",9.50301607206606e-53,"Up"
1.33961131815121e-57,1.38642421735866,0.451,0.042,1.02954488245193e-52,"Srp72-201",1.02954488245193e-52,"Up"
1.34999502889601e-57,1.4918939560088,0.402,0.027,1.03752517950774e-52,"Bace1-201",1.03752517950774e-52,"Up"
1.36967362278267e-57,2.25293784469071,0.379,0.02,1.05264896605339e-52,"Ints6-202",1.05264896605339e-52,"Up"
1.62265466771697e-57,1.93547301411464,0.379,0.02,1.2470750183272e-52,"Tspan18-202",1.2470750183272e-52,"Up"
1.69275067439575e-57,2.88602732483642,0.359,0.015,1.30094660330011e-52,"Alas1-202",1.30094660330011e-52,"Up"
1.70915102733561e-57,1.66698015449741,0.503,0.061,1.31355093054851e-52,"Sirpa-214",1.31355093054851e-52,"Up"
1.74685592016515e-57,3.20084480137751,0.363,0.017,1.34252864888373e-52,"Creb1-202",1.34252864888373e-52,"Up"
1.84974186327976e-57,3.80892919284868,0.33,0.008,1.42160061160503e-52,"Ak1-201",1.42160061160503e-52,"Up"
1.92464759742718e-57,1.07362889960333,0.552,0.078,1.47916866452668e-52,"Eif3e-201",1.47916866452668e-52,"Up"
2.09193981739482e-57,1.72607707093285,0.379,0.02,1.60773942726062e-52,"Nbas-201",1.60773942726062e-52,"Up"
2.37503510145181e-57,1.3282903447254,0.379,0.02,1.82530947686977e-52,"Zfp644-201",1.82530947686977e-52,"Up"
3.06204886420001e-57,2.09337891544958,0.33,0.008,2.35330703409228e-52,"Mst1r-204",2.35330703409228e-52,"Up"
3.12364710667195e-57,1.34532072910757,0.464,0.047,2.40064774736166e-52,"P4ha3-201",2.40064774736166e-52,"Up"
3.14737334785703e-57,2.17036602260408,0.592,0.107,2.41888231276204e-52,"Tnfaip3-201",2.41888231276204e-52,"Up"
3.35979344517156e-57,1.67176244664096,0.34,0.01,2.58213565435215e-52,"Lrrk1-201",2.58213565435215e-52,"Up"
3.40367987373186e-57,2.17431311666981,0.34,0.01,2.61586413015789e-52,"Ralgapb-203",2.61586413015789e-52,"Up"
3.64340906246431e-57,2.59130442976239,0.386,0.023,2.80010560086632e-52,"Rtl8a-201",2.80010560086632e-52,"Up"
3.82785138819949e-57,1.21148513619888,0.52,0.066,2.94185690588683e-52,"PTPRG-201",2.94185690588683e-52,"Up"
4.69858809015281e-57,2.53673283419341,0.392,0.025,3.61105289080604e-52,"Col15a1-201",3.61105289080604e-52,"Up"
5.04616794539636e-57,1.32908665596334,0.412,0.03,3.87818191275492e-52,"Myo9a-203",3.87818191275492e-52,"Up"
5.50886285146544e-57,1.01172689352018,0.395,0.025,4.23378145586525e-52,"Ino80-201",4.23378145586525e-52,"Up"
5.59068611124517e-57,1.75830423501225,0.402,0.028,4.29666590393636e-52,"Hk1-202",4.29666590393636e-52,"Up"
5.68413108937761e-57,1.80587037859191,0.582,0.1,4.36848210743027e-52,"Fbln2-202",4.36848210743027e-52,"Up"
5.92863524565986e-57,1.70747952482351,0.399,0.027,4.55639333169943e-52,"Tapbp-206",4.55639333169943e-52,"Up"
5.97271755442442e-57,-1.50486884752529,0.863,0.93,4.59027234927734e-52,"Ptma-201",4.59027234927734e-52,"Down"
6.06232483110625e-57,1.16089836578311,0.444,0.041,4.6591391256984e-52,"Cldnd1-201",4.6591391256984e-52,"Up"
6.21801156510525e-57,1.63193292609933,0.373,0.019,4.77879060824599e-52,"Chd6-201",4.77879060824599e-52,"Up"
6.35736553936031e-57,1.07272384900214,0.696,0.14,4.88588971161997e-52,"Ccn2-201",4.88588971161997e-52,"Up"
7.23580898643686e-57,2.3588116377953,0.595,0.13,5.56100863843619e-52,"Macf1-203",5.56100863843619e-52,"Up"
7.56288614763611e-57,2.39186481152834,0.408,0.03,5.81238051990426e-52,"Tpbpb-202",5.81238051990426e-52,"Up"
7.65906208939838e-57,1.68045108117155,0.353,0.014,5.88629557818623e-52,"Wbp1l-204",5.88629557818623e-52,"Up"
7.74294431236048e-57,2.21188636365351,0.343,0.011,5.95076242182153e-52,"Slc35b4-201",5.95076242182153e-52,"Up"
9.40496532189274e-57,1.00778122345237,0.431,0.037,7.22809204848744e-52,"Snx4-201",7.22809204848744e-52,"Up"
1.03582521451798e-56,1.02635436176715,0.441,0.041,7.96073110365651e-52,"Rabgap1-201",7.96073110365651e-52,"Up"
1.05142337470568e-56,2.25936628103513,0.402,0.029,8.08060920396305e-52,"Ecm1-201",8.08060920396305e-52,"Up"
1.07284997773814e-56,1.05686691382257,0.507,0.062,8.24528121890868e-52,"Egfr-201",8.24528121890868e-52,"Up"
1.11416965692222e-56,1.8026666660422,0.346,0.013,8.56283948131001e-52,"Nfix-204",8.56283948131001e-52,"Up"
1.26379232083322e-56,1.67565857351476,0.415,0.033,9.71274950253165e-52,"Rapgef6-203",9.71274950253165e-52,"Up"
1.5714139993873e-56,1.04165409428959,0.451,0.043,1.20769451508911e-51,"Sh3rf1-201",1.20769451508911e-51,"Up"
1.77525566308496e-56,1.99846212131587,0.386,0.024,1.36435498730732e-51,"Pam-202",1.36435498730732e-51,"Up"
1.95906147380889e-56,1.8383143935834,0.533,0.076,1.50561710508109e-51,"Tcim-201",1.50561710508109e-51,"Up"
2.02150014385257e-56,1.16920777531218,0.572,0.09,1.55360372055646e-51,"Col4a6-201",1.55360372055646e-51,"Up"
2.02256999162558e-56,1.14849381628278,0.497,0.062,1.55442594136392e-51,"Wls-201",1.55442594136392e-51,"Up"
2.06744747365875e-56,1.86427290753394,0.359,0.017,1.5889160814057e-51,"Mthfr-201",1.5889160814057e-51,"Up"
2.31857639739345e-56,2.11225697246192,0.431,0.039,1.78191870445276e-51,"Dpp8-208",1.78191870445276e-51,"Up"
2.45426318805438e-56,1.34011542628685,0.415,0.033,1.88619943054731e-51,"Slmap-203",1.88619943054731e-51,"Up"
2.8329290254777e-56,1.4152106494351,0.359,0.017,2.17721927324063e-51,"Arhgef11-201",2.17721927324063e-51,"Up"
2.88866093796248e-56,1.00194785131775,0.474,0.051,2.22005147726168e-51,"Galnt1-208",2.22005147726168e-51,"Up"
2.94452141283654e-56,1.03098123122952,0.369,0.019,2.26298248662139e-51,"Jdp2-203",2.26298248662139e-51,"Up"
3.02750447250092e-56,1.47757736135619,0.33,0.009,2.32675828729586e-51,"B3gnt9-202",2.32675828729586e-51,"Up"
3.11310265918797e-56,1.86818590485655,0.35,0.014,2.39254391769232e-51,"Mgll-204",2.39254391769232e-51,"Up"
3.40135021765056e-56,1.28386647465973,0.497,0.061,2.61407369627316e-51,"Mga-201",2.61407369627316e-51,"Up"
3.40896173455163e-56,1.16047102495546,0.477,0.055,2.61992345147231e-51,"Enah-211",2.61992345147231e-51,"Up"
3.45911965659055e-56,1.8040879906614,0.34,0.011,2.6584718208761e-51,"Pcnx3-202",2.6584718208761e-51,"Up"
3.53861728765952e-56,2.08783015717738,0.422,0.036,2.71956893025785e-51,"Abi1-211",2.71956893025785e-51,"Up"
3.70696769212243e-56,1.40722804713755,0.382,0.023,2.84895295010377e-51,"Mdfic-201",2.84895295010377e-51,"Up"
3.70696769212243e-56,1.40722804713755,0.382,0.023,2.84895295010377e-51,"Mdfic-206",2.84895295010377e-51,"Up"
3.88781752538647e-56,1.29182895603992,0.402,0.029,2.98794328096052e-51,"Tex264-202",2.98794328096052e-51,"Up"
4.02323313273391e-56,2.72473004902124,0.775,0.367,3.09201559183132e-51,"Dcn-201",3.09201559183132e-51,"Up"
4.0745745528847e-56,1.50342025377569,0.791,0.255,3.13147352687401e-51,"Ctsl-205",3.13147352687401e-51,"Up"
4.09773599072078e-56,1.772531572228,0.389,0.025,3.14927401830855e-51,"Dennd4a-201",3.14927401830855e-51,"Up"
4.64213180708392e-56,1.92066722360264,0.363,0.018,3.56766397901627e-51,"Fkbp5-202",3.56766397901627e-51,"Up"
4.86570107880453e-56,1.76700929858359,0.405,0.03,3.73948590710443e-51,"Irf2-201",3.73948590710443e-51,"Up"
4.87311220072108e-56,1.17702783995299,0.608,0.109,3.74518165074218e-51,"Copa-206",3.74518165074218e-51,"Up"
4.92550451689518e-56,3.1943950985711,0.405,0.032,3.78544724141462e-51,"Adgrf5-201",3.78544724141462e-51,"Up"
5.28874809903369e-56,1.30217568407648,0.65,0.13,4.06461446403136e-51,"B4galt1-201",4.06461446403136e-51,"Up"
5.88052281888014e-56,1.07878318163858,0.444,0.042,4.51941700722215e-51,"Prl7a2-201",4.51941700722215e-51,"Up"
5.88147088062289e-56,2.4276801044298,0.575,0.109,4.52014563059391e-51,"Palld-203",4.52014563059391e-51,"Up"
6.95463008015591e-56,2.17714261900567,0.448,0.048,5.34491140180303e-51,"Adamtsl1-209",5.34491140180303e-51,"Up"
7.64673388752145e-56,1.84944030178832,0.379,0.024,5.87682086191573e-51,"Gas7-203",5.87682086191573e-51,"Up"
9.4472667440329e-56,1.29231842141446,0.376,0.022,7.26060238345905e-51,"Lpar1-203",7.26060238345905e-51,"Up"
9.65841941962376e-56,3.21212373371056,0.337,0.011,7.42288166075764e-51,"Stk38l-201",7.42288166075764e-51,"Up"
9.70056054127327e-56,1.42413384195743,0.585,0.098,7.45526879839016e-51,"Emilin2-203",7.45526879839016e-51,"Up"
9.90821209587417e-56,1.22801892724588,0.376,0.022,7.61485732416313e-51,"Lpar1-205",7.61485732416313e-51,"Up"
1.05176488613508e-55,1.48794884598636,0.366,0.019,8.08323385590258e-51,"Ncln-201",8.08323385590258e-51,"Up"
1.09920425820567e-55,2.22513981696133,0.346,0.014,8.44782440601389e-51,"Arhgap42-204",8.44782440601389e-51,"Up"
1.14900379033594e-55,1.12488735538003,0.513,0.066,8.83055373024781e-51,"Golga3-202",8.83055373024781e-51,"Up"
1.28742291498687e-55,1.55485181053577,0.654,0.149,9.8943600708401e-51,"Parva-201",9.8943600708401e-51,"Up"
1.34884097925334e-55,1.35738264713923,0.356,0.017,1.03663824619536e-50,"Gkn1-201",1.03663824619536e-50,"Up"
1.39699049263528e-55,1.36756615753814,0.405,0.03,1.07364307320992e-50,"Galns-201",1.07364307320992e-50,"Up"
1.40128924300144e-55,1.36252201699751,0.467,0.052,1.07694683481633e-50,"Zfpm2-201",1.07694683481633e-50,"Up"
1.69554120102304e-55,1.49054435134556,0.395,0.028,1.30309123463425e-50,"Bmpr1a-201",1.30309123463425e-50,"Up"
1.79090077218451e-55,1.03634207634914,0.487,0.06,1.37637887945469e-50,"Ehbp1l1-201",1.37637887945469e-50,"Up"
1.98348173556223e-55,1.25393748232888,0.533,0.079,1.52438505304899e-50,"Rsu1-201",1.52438505304899e-50,"Up"
2.37315878554676e-55,1.28986674256458,0.415,0.034,1.8238674530441e-50,"Clasp1-203",1.8238674530441e-50,"Up"
2.57589041647671e-55,1.37493792403866,0.359,0.018,1.97967482067901e-50,"Tom1l2-206",1.97967482067901e-50,"Up"
2.65921455280807e-55,1.45937745813376,0.631,0.125,2.04371275241512e-50,"Bzw1-201",2.04371275241512e-50,"Up"
2.69352830854049e-55,1.85516819077045,0.48,0.06,2.07008424624571e-50,"Crispld2-203",2.07008424624571e-50,"Up"
3.68627797173073e-55,1.46374012262898,0.608,0.116,2.83305207239394e-50,"Ptprf-201",2.83305207239394e-50,"Up"
4.12654640354341e-55,1.2526504606743,0.373,0.022,3.17141597297925e-50,"Lpar1-204",3.17141597297925e-50,"Up"
4.1423598665265e-55,2.43412294203692,0.454,0.052,3.18356925182027e-50,"Eif4a2-201",3.18356925182027e-50,"Up"
5.84367022343032e-55,1.59339459605338,0.389,0.027,4.49109431351514e-50,"Slc7a8-201",4.49109431351514e-50,"Up"
6.15002074545567e-55,1.02125343346518,0.51,0.069,4.7265369437125e-50,"Zeb1-201",4.7265369437125e-50,"Up"
6.3908920404835e-55,1.69685156527685,0.343,0.014,4.91165616879319e-50,"Ptpn9-201",4.91165616879319e-50,"Up"
6.53825168974866e-55,1.22335036397538,0.601,0.111,5.02490795363944e-50,"Calu-202",5.02490795363944e-50,"Up"
6.72174399156777e-55,1.39209268401241,0.353,0.017,5.16592912727949e-50,"Jdp2-202",5.16592912727949e-50,"Up"
7.18866896642607e-55,1.18370803750673,0.458,0.05,5.52477964745709e-50,"Pigk-204",5.52477964745709e-50,"Up"
7.20170613384692e-55,1.80690398468954,0.369,0.022,5.53479923210671e-50,"Slc41a2-201",5.53479923210671e-50,"Up"
7.24933154781415e-55,1.57515276593381,0.474,0.057,5.57140126775709e-50,"Mbnl1-201",5.57140126775709e-50,"Up"
7.63229700740127e-55,1.05820611810358,0.402,0.03,5.86572554206817e-50,"Acadvl-202",5.86572554206817e-50,"Up"
8.9242179862108e-55,1.36512545361302,0.395,0.029,6.85861849112245e-50,"Ecpas-202",6.85861849112245e-50,"Up"
1.11737578180559e-54,1.38695046463842,0.644,0.135,8.58747983348867e-50,"Septin2-201",8.58747983348867e-50,"Up"
1.21368594418917e-54,2.39227071724801,0.337,0.013,9.32766195547147e-50,"Tmem254-204",9.32766195547147e-50,"Up"
1.21429793138829e-54,2.07337434222432,0.373,0.023,9.3323653218916e-50,"Pfkp-207",9.3323653218916e-50,"Up"
1.28988976737576e-54,1.09880215599328,0.346,0.015,9.91331881818963e-50,"BC034090-204",9.91331881818963e-50,"Up"
1.32047263862263e-54,1.33839879795249,0.395,0.029,1.01483604168704e-49,"Nek7-203",1.01483604168704e-49,"Up"
1.42418344250968e-54,1.17841533546606,0.346,0.015,1.09454194290639e-49,"Chmp5-201",1.09454194290639e-49,"Up"
1.44764568713752e-54,3.08988253438158,0.745,0.361,1.11257361639267e-49,"Col6a3-201",1.11257361639267e-49,"Up"
1.57964806022464e-54,1.21781410586264,0.408,0.033,1.21402272020504e-49,"Sypl-202",1.21402272020504e-49,"Up"
1.63862519545266e-54,1.07287159261755,0.444,0.044,1.25934900771319e-49,"Ralgapa1-201",1.25934900771319e-49,"Up"
1.64866545114464e-54,1.67855359629816,0.526,0.078,1.26706534582271e-49,"Serpinb6b-202",1.26706534582271e-49,"Up"
1.68496133346139e-54,1.70464745218875,0.337,0.013,1.29496018321841e-49,"Mcu-202",1.29496018321841e-49,"Up"
1.93406498382994e-54,1.21139269917063,0.35,0.017,1.48640630267266e-49,"Arhgap6-201",1.48640630267266e-49,"Up"
1.94020288709659e-54,1.36450544323157,0.369,0.022,1.49112352684921e-49,"Sh3pxd2b-203",1.49112352684921e-49,"Up"
2.06444826370361e-54,1.80264504306638,0.667,0.17,1.58661106858677e-49,"Pmp22-201",1.58661106858677e-49,"Up"
2.19794457186119e-54,1.40137663669355,0.379,0.025,1.6892083212582e-49,"Cetn3-201",1.6892083212582e-49,"Up"
2.31489571880562e-54,1.06293223595066,0.422,0.038,1.77908995573087e-49,"Ptpn14-202",1.77908995573087e-49,"Up"
2.95325729349953e-54,1.32871215211784,0.395,0.03,2.26969636034613e-49,"Rnf214-201",2.26969636034613e-49,"Up"
3.31207841159862e-54,1.67341290464689,0.33,0.011,2.54546474245e-49,"Hs3st3b1-201",2.54546474245e-49,"Up"
3.3710612384774e-54,1.41764720076912,0.48,0.06,2.59079540421942e-49,"Mga-202",2.59079540421942e-49,"Up"
3.45620298216986e-54,1.84878846090848,0.627,0.146,2.65623023991682e-49,"Fosb-201",2.65623023991682e-49,"Up"
3.59974235544149e-54,1.28389604613105,0.441,0.044,2.766545989851e-49,"Arhgef17-201",2.766545989851e-49,"Up"
3.63533123226317e-54,1.19854195353132,0.392,0.029,2.79389746524354e-49,"Heatr5a-201",2.79389746524354e-49,"Up"
3.98345530243649e-54,1.66595677305494,0.412,0.036,3.06144473813454e-49,"Triobp-203",3.06144473813454e-49,"Up"
4.22568538768157e-54,2.17007170312652,0.369,0.023,3.24760824784879e-49,"Col6a3-207",3.24760824784879e-49,"Up"
4.31187102522921e-54,1.54017989339133,0.637,0.135,3.31384535772966e-49,"Ahnak2-201",3.31384535772966e-49,"Up"
4.43174842267601e-54,1.42996033635549,0.379,0.025,3.40597593276342e-49,"Gpc6-202",3.40597593276342e-49,"Up"
4.60880768817232e-54,1.05236139961467,0.585,0.098,3.54205306066795e-49,"Ssb-201",3.54205306066795e-49,"Up"
5.27258138499346e-54,2.21616326211064,0.48,0.064,4.05218969762288e-49,"Antxr1-201",4.05218969762288e-49,"Up"
5.28330739684062e-54,1.36047431523131,0.425,0.039,4.06043306676789e-49,"Diaph1-204",4.06043306676789e-49,"Up"
5.76848786545836e-54,1.50862152120351,0.415,0.037,4.43331366411937e-49,"Triobp-204",4.43331366411937e-49,"Up"
6.12385042037041e-54,1.19566911138921,0.425,0.042,4.70642400207148e-49,"Cflar-205",4.70642400207148e-49,"Up"
6.42561337465925e-54,1.34010385931334,0.408,0.034,4.93834090296062e-49,"Srpk2-201",4.93834090296062e-49,"Up"
6.45711907080339e-54,1.63455723113395,0.484,0.064,4.96255429067524e-49,"Msx1-201",4.96255429067524e-49,"Up"
6.49552570112517e-54,1.81732429248583,0.386,0.028,4.99207132234274e-49,"Mcc-201",4.99207132234274e-49,"Up"
6.64301598888272e-54,1.31653209061456,0.379,0.025,5.10542350809593e-49,"Nadk-201",5.10542350809593e-49,"Up"
7.52346271410631e-54,1.59789525104526,0.598,0.112,5.78208203429927e-49,"Golim4-202",5.78208203429927e-49,"Up"
7.73259636092619e-54,2.44686610006563,0.346,0.017,5.94280960722621e-49,"Sgce-204",5.94280960722621e-49,"Up"
8.12081902289248e-54,1.07422087159508,0.542,0.081,6.24117425185379e-49,"Cct4-204",6.24117425185379e-49,"Up"
8.75604253544165e-54,1.23771066543281,0.431,0.042,6.72936893018832e-49,"Diaph1-205",6.72936893018832e-49,"Up"
9.25160916586627e-54,1.37676025832508,0.395,0.03,7.11023170833486e-49,"Tapbp-201",7.11023170833486e-49,"Up"
1.1036182282309e-53,2.05759963593131,0.386,0.028,8.48174753124577e-49,"Eml1-201",8.48174753124577e-49,"Up"
1.18659724175914e-53,1.31482457016101,0.346,0.017,9.1194744418157e-49,"Wbp1l-202",9.1194744418157e-49,"Up"
1.24043937808601e-53,1.02211472257848,0.552,0.086,9.53327279634221e-49,"Piezo1-209",9.53327279634221e-49,"Up"
1.24401746539247e-53,2.00996949243044,0.797,0.508,9.56077182852727e-49,"Fstl1-201",9.56077182852727e-49,"Up"
1.29955928651387e-53,1.12439332785581,0.425,0.041,9.98763294057373e-49,"Hyou1-204",9.98763294057373e-49,"Up"
1.32545001078333e-53,1.46417055748748,0.513,0.074,1.01866135128742e-48,"Sh3pxd2a-203",1.01866135128742e-48,"Up"
1.3461616266182e-53,1.16848931311827,0.451,0.048,1.03457905652115e-48,"Itpr3-201",1.03457905652115e-48,"Up"
1.43861705585071e-53,1.08492041019385,0.392,0.03,1.1056347521035e-48,"Clip1-204",1.1056347521035e-48,"Up"
1.45097408959485e-53,1.83687696684275,0.605,0.132,1.11513162681722e-48,"Dag1-204",1.11513162681722e-48,"Up"
1.49042724626794e-53,1.24599783629806,0.451,0.05,1.14545295584676e-48,"Cep170-201",1.14545295584676e-48,"Up"
1.58126288569582e-53,1.06717148840489,0.51,0.07,1.21526377817266e-48,"Limd1-201",1.21526377817266e-48,"Up"
1.84121505846074e-53,1.18276135997522,0.608,0.114,1.41504742102942e-48,"Colgalt1-201",1.41504742102942e-48,"Up"
1.92398906598601e-53,1.74051037852024,0.34,0.015,1.47866255677289e-48,"Gusb-201",1.47866255677289e-48,"Up"
2.20143680912091e-53,1.71486230622604,0.379,0.027,1.69189224528179e-48,"Ppard-201",1.69189224528179e-48,"Up"
2.24808759220339e-53,1.18195072815689,0.461,0.052,1.72774523811199e-48,"Antxr2-201",1.72774523811199e-48,"Up"
2.31865737830252e-53,1.53674216827582,0.389,0.029,1.78198094152062e-48,"Taok1-201",1.78198094152062e-48,"Up"
2.71667494312616e-53,1.72250403103716,0.33,0.013,2.08787336079018e-48,"Mrgprf-201",2.08787336079018e-48,"Up"
2.7429656144702e-53,1.96892634364134,0.703,0.187,2.10807879334493e-48,"Tmsb4x-201",2.10807879334493e-48,"Up"
2.95074491607095e-53,5.86006741601435,0.33,0.014,2.26776549779717e-48,"C3-201",2.26776549779717e-48,"Up"
3.00392807113788e-53,1.25963072422205,0.408,0.036,2.30863887979231e-48,"Arhgef1-201",2.30863887979231e-48,"Up"
3.2628249840758e-53,1.68094538228736,0.395,0.032,2.50761151326161e-48,"Qsox1-207",2.50761151326161e-48,"Up"
3.5618818609359e-53,1.2235331070286,0.353,0.019,2.73744868540368e-48,"Slc35e4-201",2.73744868540368e-48,"Up"
4.07714103465616e-53,1.67462545378906,0.346,0.018,3.13344597077464e-48,"Ndrg4-203",3.13344597077464e-48,"Up"
4.13010885642567e-53,1.29848219375519,0.598,0.109,3.17415386051738e-48,"Ndn-201",3.17415386051738e-48,"Up"
4.39322218006826e-53,1.25108448074278,0.343,0.017,3.37636697426966e-48,"Bahcc1-202",3.37636697426966e-48,"Up"
4.39322218006826e-53,1.25108448075558,0.343,0.017,3.37636697426966e-48,"Bahcc1-201",3.37636697426966e-48,"Up"
4.53088192086839e-53,1.32602942925562,0.683,0.147,3.48216399146419e-48,"Rnf10-202",3.48216399146419e-48,"Up"
4.54677813416077e-53,2.62567756700399,0.346,0.018,3.49438086722791e-48,"Dnm1-204",3.49438086722791e-48,"Up"
4.62121981830216e-53,1.13366974811092,0.575,0.107,3.55159227915794e-48,"Hipk1-203",3.55159227915794e-48,"Up"
4.63880622195822e-53,1.41238542703457,0.644,0.144,3.56510813382377e-48,"Hipk3-201",3.56510813382377e-48,"Up"
4.65781958702755e-53,1.0311833321488,0.395,0.032,3.57972066541415e-48,"Tcn2-203",3.57972066541415e-48,"Up"
4.86690855750963e-53,2.18861076164142,0.35,0.019,3.74041390278845e-48,"Tmx3-201",3.74041390278845e-48,"Up"
4.903097047492e-53,1.71709951518768,0.343,0.017,3.7682262048795e-48,"Tiam2-202",3.7682262048795e-48,"Up"
5.80561268759446e-53,1.32301567887396,0.712,0.155,4.46184557492385e-48,"Epas1-201",4.46184557492385e-48,"Up"
6.83638694724122e-53,1.32770255585854,0.359,0.022,5.25403682443277e-48,"Tmem87b-201",5.25403682443277e-48,"Up"
7.01339237284361e-53,1.77240447805198,0.454,0.055,5.39007257422523e-48,"Cd47-205",5.39007257422523e-48,"Up"
7.93934446921025e-53,1.03311170395689,0.634,0.119,6.10170379836685e-48,"Ago2-201",6.10170379836685e-48,"Up"
8.32441563094402e-53,1.6854381265717,0.346,0.018,6.39764638900572e-48,"Fkbp5-209",6.39764638900572e-48,"Up"
8.63586182898156e-53,2.98182683831884,0.359,0.023,6.63700525004549e-48,"Adgrf5-206",6.63700525004549e-48,"Up"
8.9811269671298e-53,1.65987633154779,0.582,0.108,6.90235531931794e-48,"Ccdc80-202",6.90235531931794e-48,"Up"
9.5851943164183e-53,1.55970226629947,0.337,0.015,7.36660523994012e-48,"Prkab2-201",7.36660523994012e-48,"Up"
9.98692846886319e-53,1.52285668730819,0.408,0.037,7.67535400546012e-48,"Wipi1-202",7.67535400546012e-48,"Up"
1.12470892830502e-52,1.91540015214675,0.337,0.015,8.6438379975954e-48,"Zmym5-201",8.6438379975954e-48,"Up"
1.25665858793198e-52,1.53427050172697,0.376,0.027,9.65792391169244e-48,"Rusc2-201",9.65792391169244e-48,"Up"
1.27599886408744e-52,1.18975771711305,0.477,0.061,9.80656167005758e-48,"Fyn-202",9.80656167005758e-48,"Up"
1.45529078837326e-52,1.79624121701348,0.353,0.02,1.11844918249639e-47,"Acvrl1-201",1.11844918249639e-47,"Up"
1.47526633777567e-52,1.14194984307171,0.389,0.03,1.13380119123412e-47,"Cbl-211",1.13380119123412e-47,"Up"
1.49116545345419e-52,1.45958712055286,0.873,0.428,1.14602029759768e-47,"Pabpc1-201",1.14602029759768e-47,"Up"
1.55992160948618e-52,1.20844607650847,0.389,0.03,1.19886215375451e-47,"Frs2-201",1.19886215375451e-47,"Up"
1.60359576162064e-52,1.21341009129198,0.503,0.07,1.23242748663593e-47,"Pxk-201",1.23242748663593e-47,"Up"
1.62408442842042e-52,1.76400317507789,0.422,0.042,1.24817384661823e-47,"Klf2-201",1.24817384661823e-47,"Up"
1.93890729697214e-52,1.24020017038257,0.405,0.036,1.49012781401497e-47,"St3gal4-201",1.49012781401497e-47,"Up"
2.25271740982462e-52,1.76126462805868,0.386,0.03,1.73130343814661e-47,"Vim-205",1.73130343814661e-47,"Up"
2.63511292600391e-52,1.02729352634829,0.366,0.024,2.02518968815104e-47,"Rgs12-201",2.02518968815104e-47,"Up"
2.87256460815594e-52,1.10539434136314,0.412,0.038,2.20768080395217e-47,"Col5a1-203",2.20768080395217e-47,"Up"
2.91617799991694e-52,1.19241039570627,0.405,0.037,2.24119944005616e-47,"Camk2d-226",2.24119944005616e-47,"Up"
2.93120918744837e-52,1.1166669287756,0.595,0.111,2.25275150892157e-47,"Aff1-202",2.25275150892157e-47,"Up"
3.33043397852502e-52,1.18591032590715,0.422,0.042,2.55957172985562e-47,"Eps15-202",2.55957172985562e-47,"Up"
3.58261149619615e-52,1.23099556623691,0.379,0.028,2.75338023928659e-47,"Arhgdib-201",2.75338023928659e-47,"Up"
3.68857834839086e-52,2.37590445461997,0.667,0.229,2.83482000387231e-47,"Cd44-201",2.83482000387231e-47,"Up"
3.92900093784099e-52,1.66567804527662,0.444,0.052,3.01959438076831e-47,"Pbx1-205",3.01959438076831e-47,"Up"
4.14084975504939e-52,1.88228010337424,0.592,0.133,3.18240867074565e-47,"Serpinb6a-202",3.18240867074565e-47,"Up"
4.35727053923913e-52,1.64877786755136,0.422,0.042,3.34873670022684e-47,"Rbms2-202",3.34873670022684e-47,"Up"
4.67153959948519e-52,1.07401410102297,0.471,0.058,3.59026504378835e-47,"Sptlc2-201",3.59026504378835e-47,"Up"
5.21062668487599e-52,1.16248334961578,0.369,0.025,4.00457503239459e-47,"Clcn4-201",4.00457503239459e-47,"Up"
6.24120985159004e-52,1.14098402464385,0.552,0.09,4.79661941934101e-47,"Peg3-204",4.79661941934101e-47,"Up"
7.28155349479052e-52,1.85277217064743,0.471,0.062,5.5961651228863e-47,"Erbin-201",5.5961651228863e-47,"Up"
7.32070484157399e-52,1.00063594100057,0.539,0.088,5.62625449894327e-47,"Camsap2-201",5.62625449894327e-47,"Up"
7.52433038119807e-52,1.81745085418963,0.363,0.024,5.78274887116596e-47,"Atxn7-201",5.78274887116596e-47,"Up"
9.18305509642957e-52,1.20822514263289,0.412,0.039,7.05754516380998e-47,"Agpat4-201",7.05754516380998e-47,"Up"
9.519621826697e-52,1.69153119688298,0.395,0.036,7.31621015868972e-47,"Ube3a-203",7.31621015868972e-47,"Up"
1.04146921464648e-51,1.48786542630518,0.376,0.028,8.00410750224405e-47,"Tcn2-201",8.00410750224405e-47,"Up"
1.1711537392497e-51,1.27767354011662,0.497,0.069,9.00078494762963e-47,"Eif2s3x-201",9.00078494762963e-47,"Up"
1.18223161825767e-51,1.01709305226481,0.373,0.027,9.08592287895752e-47,"Tnfrsf1b-201",9.08592287895752e-47,"Up"
1.18983600564607e-51,1.2236111366653,0.356,0.023,9.14436563779228e-47,"Adgrl1-207",9.14436563779228e-47,"Up"
1.21306808137773e-51,1.33342917233451,0.431,0.047,9.32291343262042e-47,"Tnfaip2-201",9.32291343262042e-47,"Up"
1.30920062977127e-51,1.01520609496333,0.363,0.024,1.00617305200441e-46,"Tpst2-202",1.00617305200441e-46,"Up"
1.31178238093744e-51,1.27537756695368,0.467,0.06,1.00815723104566e-46,"Mga-203",1.00815723104566e-46,"Up"
1.34645044309105e-51,1.13102809708803,0.35,0.02,1.0348010235332e-46,"Plscr3-203",1.0348010235332e-46,"Up"
1.37081691707033e-51,1.02056574615508,0.34,0.018,1.05352763344523e-46,"Vldlr-207",1.05352763344523e-46,"Up"
1.61734849905866e-51,1.51607614732561,0.366,0.025,1.24299701546654e-46,"Flot1-201",1.24299701546654e-46,"Up"
1.79030444212924e-51,1.21814130148351,0.451,0.053,1.37592057595401e-46,"Triobp-201",1.37592057595401e-46,"Up"
1.94706484755169e-51,1.06732024726718,0.461,0.056,1.49639721793737e-46,"Ifitm2-201",1.49639721793737e-46,"Up"
2.19880930282608e-51,1.3105250939904,0.33,0.015,1.68987290159395e-46,"Arhgef11-202",1.68987290159395e-46,"Up"
2.32324704445737e-51,1.34362460791633,0.33,0.015,1.78550828354726e-46,"Smad4-201",1.78550828354726e-46,"Up"
2.47856409219134e-51,1.08043103332843,0.503,0.071,1.90487564741273e-46,"Ifitm3-201",1.90487564741273e-46,"Up"
2.67003227366242e-51,1.22969240450796,0.621,0.127,2.05202660360052e-46,"Usp9x-201",2.05202660360052e-46,"Up"
2.72371458106834e-51,1.10657464379269,0.487,0.066,2.09328360413426e-46,"Pxk-205",2.09328360413426e-46,"Up"
2.96237264671293e-51,1.14348608149435,0.382,0.03,2.27670187390475e-46,"Rab3gap1-201",2.27670187390475e-46,"Up"
3.06253618042876e-51,1.06932838280696,0.382,0.03,2.35368155610672e-46,"Patl1-201",2.35368155610672e-46,"Up"
3.17371756234289e-51,1.02194275062227,0.552,0.091,2.439128895363e-46,"Pdlim1-201",2.439128895363e-46,"Up"
3.22133600070315e-51,1.41395756660394,0.343,0.019,2.4757255699804e-46,"Pld2-203",2.4757255699804e-46,"Up"
3.28191396696253e-51,1.42948257901185,0.392,0.034,2.52228216016938e-46,"Pik3c2a-201",2.52228216016938e-46,"Up"
3.46069369606633e-51,1.06527356602981,0.415,0.041,2.65968153317482e-46,"Pip5k1c-210",2.65968153317482e-46,"Up"
3.62803793527096e-51,2.09244864632111,0.703,0.25,2.78829227477314e-46,"Itm2a-201",2.78829227477314e-46,"Up"
4.21898071520486e-51,1.76685706290079,0.34,0.019,3.24245543886355e-46,"Csnk1g1-201",3.24245543886355e-46,"Up"
4.3553857526254e-51,1.47739556502865,0.373,0.028,3.34728816632272e-46,"Tcn2-205",3.34728816632272e-46,"Up"
4.418230162418e-51,1.53723637551113,0.598,0.122,3.39558660902473e-46,"Tnks1bp1-202",3.39558660902473e-46,"Up"
4.73415235945279e-51,2.20249737979806,0.458,0.061,3.63838545433385e-46,"Axl-202",3.63838545433385e-46,"Up"
4.76805558552428e-51,1.01024333108036,0.422,0.043,3.66444143969883e-46,"Mgat1-213",3.66444143969883e-46,"Up"
4.82483480751498e-51,1.1274582523635,0.369,0.027,3.70807854296756e-46,"Cdon-201",3.70807854296756e-46,"Up"
5.18313232916133e-51,1.24728445934014,0.376,0.029,3.98344452025365e-46,"Nup188-201",3.98344452025365e-46,"Up"
5.76769239036055e-51,1.1053648939944,0.373,0.028,4.43270230968769e-46,"F11r-201",4.43270230968769e-46,"Up"
5.93186691725829e-51,1.15005329219045,0.373,0.028,4.55887700058969e-46,"Arhgdib-203",4.55887700058969e-46,"Up"
6.01258839375571e-51,2.54905581542159,0.435,0.056,4.62091468413701e-46,"Svil-211",4.62091468413701e-46,"Up"
6.88850730794736e-51,1.40441824148467,0.376,0.029,5.29409340644987e-46,"Tcn2-204",5.29409340644987e-46,"Up"
6.88850730794736e-51,1.40441824148467,0.376,0.029,5.29409340644987e-46,"Tcn2-202",5.29409340644987e-46,"Up"
7.08317388717685e-51,2.29364101287743,0.373,0.03,5.44370245925089e-46,"Anxa1-208",5.44370245925089e-46,"Up"
7.16695943863203e-51,1.40305643468214,0.5,0.076,5.50809500696626e-46,"Pdgfra-201",5.50809500696626e-46,"Up"
8.07682795111653e-51,1.78397090887832,0.418,0.044,6.2073653535511e-46,"Tfpi-202",6.2073653535511e-46,"Up"
8.41004419615572e-51,1.24420531345965,0.366,0.027,6.46345536651351e-46,"Man2a2-201",6.46345536651351e-46,"Up"
9.6986660438791e-51,1.42819974520014,0.353,0.023,7.45381280136284e-46,"Mob4-205",7.45381280136284e-46,"Up"
1.03672290234286e-50,1.59027108073248,0.588,0.122,7.96763019366579e-46,"Tgfbr2-201",7.96763019366579e-46,"Up"
1.06364260597736e-50,1.92611172233528,0.33,0.017,8.17451888397842e-46,"Atxn1-201",8.17451888397842e-46,"Up"
1.07526660137558e-50,1.04979487086522,0.363,0.025,8.26385393821186e-46,"Etv3-203",8.26385393821186e-46,"Up"
1.10161496588844e-50,1.51836511573909,0.353,0.023,8.46635165883902e-46,"Impdh1-201",8.46635165883902e-46,"Up"
1.11518378344121e-50,1.17940116861596,0.523,0.084,8.57063344925906e-46,"Ncor1-204",8.57063344925906e-46,"Up"
1.14435201969333e-50,1.16895169435443,0.67,0.15,8.7948030121511e-46,"Ctsd-202",8.7948030121511e-46,"Up"
1.30926696581936e-50,1.1005502569909,0.412,0.041,1.00622403391081e-45,"Hivep3-202",1.00622403391081e-45,"Up"
1.3451307617307e-50,1.6236501974758,0.34,0.019,1.03378679562051e-45,"Cd109-201",1.03378679562051e-45,"Up"
1.34942299173812e-50,2.13124035575098,0.693,0.222,1.03708554607041e-45,"Ptn-201",1.03708554607041e-45,"Up"
1.3813574367742e-50,1.11573344770851,0.497,0.074,1.06162844445845e-45,"Stag1-206",1.06162844445845e-45,"Up"
1.4457891291963e-50,1.21868297091945,0.353,0.023,1.11114677735252e-45,"Pik3ca-203",1.11114677735252e-45,"Up"
1.46518824152576e-50,2.24822195221235,0.493,0.079,1.12605577114221e-45,"Mbd1-201",1.12605577114221e-45,"Up"
1.68020521588386e-50,1.13055690130046,0.353,0.023,1.29130491661538e-45,"Tob2-201",1.29130491661538e-45,"Up"
1.74609748098375e-50,1.98268013415277,0.33,0.017,1.34194575803525e-45,"Sh2b3-205",1.34194575803525e-45,"Up"
1.90748088532456e-50,1.07795327230892,0.415,0.043,1.46597535960734e-45,"Brwd3-205",1.46597535960734e-45,"Up"
2.09649564809645e-50,1.60332746258228,0.598,0.139,1.61124076538805e-45,"Mbnl2-201",1.61124076538805e-45,"Up"
2.11509862062944e-50,1.52724837249843,0.418,0.044,1.62553789389855e-45,"Arhgap17-202",1.62553789389855e-45,"Up"
2.36350920348199e-50,1.80157237436395,0.592,0.132,1.81645136324405e-45,"Angptl2-201",1.81645136324405e-45,"Up"
2.51309911895523e-50,1.09470551072714,0.412,0.042,1.93141719688185e-45,"Tor1aip1-202",1.93141719688185e-45,"Up"
2.55272668518327e-50,1.16125823480836,0.412,0.042,1.96187256663075e-45,"Ppp6r3-201",1.96187256663075e-45,"Up"
2.7204479681187e-50,1.91151252072769,0.359,0.025,2.09077308141795e-45,"Sgce-209",2.09077308141795e-45,"Up"
2.76053005392241e-50,2.73986506434179,0.624,0.188,2.12157776764153e-45,"Sptan1-201",2.12157776764153e-45,"Up"
2.96064013702582e-50,1.07092250795259,0.454,0.057,2.27537037090983e-45,"Exoc4-201",2.27537037090983e-45,"Up"
3.02193116046846e-50,1.02672274032689,0.431,0.048,2.32247497406643e-45,"Arap1-201",2.32247497406643e-45,"Up"
3.078079375105e-50,1.65577305671386,0.337,0.019,2.3656271229432e-45,"Akap13-208",2.3656271229432e-45,"Up"
3.15902698776921e-50,1.29650343854499,0.657,0.147,2.42783860118015e-45,"Adamts1-201",2.42783860118015e-45,"Up"
3.3303689242103e-50,1.13182792426426,0.333,0.018,2.55952173301258e-45,"Gtf2ird1-209",2.55952173301258e-45,"Up"
3.45412272254777e-50,1.2309302373945,0.346,0.022,2.65463147718687e-45,"Ankrd52-201",2.65463147718687e-45,"Up"
3.50296324757074e-50,1.53850088772693,0.725,0.226,2.69216737428802e-45,"Flnb-201",2.69216737428802e-45,"Up"
3.5561153523961e-50,1.302151629318,0.346,0.022,2.7330168929305e-45,"Adgre5-202",2.7330168929305e-45,"Up"
3.68631779656539e-50,1.32700687988162,0.333,0.018,2.83308267937236e-45,"Slc35b2-205",2.83308267937236e-45,"Up"
3.84366902555409e-50,1.219573432896,0.333,0.018,2.95401339289934e-45,"Tex261-201",2.95401339289934e-45,"Up"
3.99086881675766e-50,1.26067070984132,0.471,0.065,3.06714232043093e-45,"Tcf12-201",3.06714232043093e-45,"Up"
4.44236015163385e-50,2.14724065110631,0.441,0.058,3.41413147093668e-45,"Sema5a-201",3.41413147093668e-45,"Up"
5.26741452567351e-50,1.30179951072998,0.415,0.043,4.04821875956112e-45,"Tbc1d2b-201",4.04821875956112e-45,"Up"
5.60876616121133e-50,1.05276290000535,0.35,0.023,4.31056114553736e-45,"Rgs12-202",4.31056114553736e-45,"Up"
6.43163873418429e-50,1.48262947898078,0.474,0.066,4.94297163276999e-45,"Tpp2-207",4.94297163276999e-45,"Up"
7.13273555910963e-50,1.14404772768309,0.418,0.044,5.48179258659811e-45,"Tm9sf4-201",5.48179258659811e-45,"Up"
8.03592279417154e-50,2.74528055205953,0.425,0.055,6.1759281042326e-45,"Add3-203",6.1759281042326e-45,"Up"
9.69799645035385e-50,1.40073736923712,0.477,0.069,7.45329819195495e-45,"Erbin-203",7.45329819195495e-45,"Up"
1.40578195390723e-49,1.49494019927109,0.33,0.018,1.08039966285586e-44,"Dock7-214",1.08039966285586e-44,"Up"
1.44682910123034e-49,1.70852750362506,0.533,0.097,1.11194603745956e-44,"Fbln2-201",1.11194603745956e-44,"Up"
1.45614181975406e-49,1.9069984369119,0.461,0.062,1.11910323415379e-44,"Irf1-202",1.11910323415379e-44,"Up"
1.55217401283786e-49,1.73962195363729,0.363,0.028,1.19290781582641e-44,"Fcho2-202",1.19290781582641e-44,"Up"
1.58168332538442e-49,1.77701919981755,0.441,0.056,1.21558690289094e-44,"Sbno2-209",1.21558690289094e-44,"Up"
1.83919404235236e-49,1.0598758641349,0.389,0.036,1.41349418930948e-44,"Il6ra-202",1.41349418930948e-44,"Up"
1.96695300052065e-49,1.71630157070431,0.382,0.034,1.51168205902014e-44,"Il4ra-201",1.51168205902014e-44,"Up"
2.37848333546134e-49,1.42477397317738,0.641,0.152,1.82795958263546e-44,"Adamts9-201",1.82795958263546e-44,"Up"
2.38430861598595e-49,-1.54067965417701,0.925,0.95,1.83243654372984e-44,"Tpt1-201",1.83243654372984e-44,"Down"
2.39327655352483e-49,1.62606712112244,0.337,0.02,1.83932876244597e-44,"Acvrl1-205",1.83932876244597e-44,"Up"
2.47926340992791e-49,1.0330252453999,0.373,0.03,1.90541310106599e-44,"Fyco1-202",1.90541310106599e-44,"Up"
3.02450087823434e-49,1.61554070554137,0.337,0.02,2.32444990495822e-44,"Impdh1-207",2.32444990495822e-44,"Up"
3.27705935243643e-49,1.50672404629082,0.454,0.062,2.5185511947215e-44,"Nop56-202",2.5185511947215e-44,"Up"
3.62923148812877e-49,1.06962077291888,0.493,0.075,2.78920956788648e-44,"Ttc3-234",2.78920956788648e-44,"Up"
3.88882950940355e-49,1.36031998377245,0.337,0.02,2.98872103115701e-44,"Yes1-201",2.98872103115701e-44,"Up"
4.14632127814137e-49,1.46286764534226,0.422,0.048,3.18661375510277e-44,"Tmbim1-201",3.18661375510277e-44,"Up"
4.30421177461068e-49,1.41754794671054,0.363,0.028,3.30795891725929e-44,"Mfsd14a-201",3.30795891725929e-44,"Up"
4.42204033118447e-49,1.61517478327925,0.337,0.02,3.39851487612851e-44,"Zfyve9-203",3.39851487612851e-44,"Up"
4.504861681228e-49,2.10104359673774,0.542,0.121,3.46216639649097e-44,"Macf1-212",3.46216639649097e-44,"Up"
4.69214891855183e-49,1.23914366049918,0.546,0.099,3.60610412986382e-44,"Numbl-201",3.60610412986382e-44,"Up"
4.74597691655147e-49,1.06512254803337,0.582,0.112,3.64747309944647e-44,"Prrc2b-202",3.64747309944647e-44,"Up"
5.52436197519114e-49,1.02200635739137,0.382,0.034,4.2456931524134e-44,"Nav3-208",4.2456931524134e-44,"Up"
5.78155768679646e-49,1.44213325380444,0.366,0.029,4.44335834461055e-44,"Parp4-201",4.44335834461055e-44,"Up"
6.08235631748686e-49,1.47696939723051,0.34,0.022,4.67453412424136e-44,"Lnx2-201",4.67453412424136e-44,"Up"
6.35706023594769e-49,1.12204389181331,0.637,0.141,4.88565507373524e-44,"Tgfbr3-201",4.88565507373524e-44,"Up"
6.44715006748863e-49,1.13023910274641,0.399,0.039,4.95489271286771e-44,"Inppl1-201",4.95489271286771e-44,"Up"
6.47108664786531e-49,1.59070032781542,0.67,0.169,4.9732889323504e-44,"Arpc1b-201",4.9732889323504e-44,"Up"
6.63307150370164e-49,1.77183866112418,0.686,0.212,5.09778077345485e-44,"Akap13-205",5.09778077345485e-44,"Up"
7.00883112383449e-49,1.64320750624058,0.359,0.028,5.38656707191176e-44,"Luzp1-201",5.38656707191176e-44,"Up"
8.28215783985703e-49,1.14858929415476,0.359,0.028,6.36516958624372e-44,"Psat1-201",6.36516958624372e-44,"Up"
9.14328173641154e-49,1.84653442770102,0.356,0.027,7.02697774570173e-44,"Serpinb9b-201",7.02697774570173e-44,"Up"
9.88596637033181e-49,1.29594485891527,0.484,0.072,7.59776059425481e-44,"Smad5-201",7.59776059425481e-44,"Up"
1.0831110864896e-48,1.9284328011042,0.958,0.783,8.32414194410715e-44,"Igf2-205",8.32414194410715e-44,"Up"
1.22961489508465e-48,1.0510846940199,0.569,0.108,9.4500823146836e-44,"Metrnl-201",9.4500823146836e-44,"Up"
1.28482283405466e-48,1.22501530899451,0.415,0.046,9.87437740884366e-44,"Vps13b-201",9.87437740884366e-44,"Up"
1.40712662372463e-48,1.27972664666097,0.333,0.02,1.08143309539733e-43,"Impdh1-202",1.08143309539733e-43,"Up"
1.50323020809317e-48,1.23896071171555,0.346,0.024,1.15529254412793e-43,"Kat6b-208",1.15529254412793e-43,"Up"
1.52758049164594e-48,1.8922917778779,0.556,0.116,1.17400671104957e-43,"Pcdh7-203",1.17400671104957e-43,"Up"
1.68595606829264e-48,1.94868881413032,0.359,0.028,1.29572467672563e-43,"Vps13d-201",1.29572467672563e-43,"Up"
1.9746312516983e-48,1.07414163624084,0.363,0.029,1.51758310218021e-43,"Smurf1-201",1.51758310218021e-43,"Up"
2.02811183096159e-48,1.25029832621407,0.461,0.064,1.55868506656722e-43,"Leng8-201",1.55868506656722e-43,"Up"
2.27341993492398e-48,1.28242298858082,0.402,0.043,1.74721415678648e-43,"Mark2-202",1.74721415678648e-43,"Up"
2.45647558565149e-48,1.19807841752553,0.601,0.128,1.8878997465966e-43,"Cdh11-201",1.8878997465966e-43,"Up"
2.477484934023e-48,1.82991543996713,0.425,0.053,1.90404627119404e-43,"Slc4a7-201",1.90404627119404e-43,"Up"
2.54723619819394e-48,1.14956135480643,0.732,0.184,1.95765290775997e-43,"Ctsb-201",1.95765290775997e-43,"Up"
2.58181342787706e-48,1.66060129035974,0.359,0.029,1.98422689186063e-43,"Igsf10-201",1.98422689186063e-43,"Up"
2.78695929121822e-48,1.83545554135464,0.34,0.023,2.14188969367285e-43,"Adarb1-203",2.14188969367285e-43,"Up"
2.91010205192853e-48,1.19138733312834,0.634,0.146,2.23652983098915e-43,"Sec31a-201",2.23652983098915e-43,"Up"
3.06725581579154e-48,1.01474861678101,0.438,0.056,2.35730878466843e-43,"Ncoa2-202",2.35730878466843e-43,"Up"
3.2832658694254e-48,1.51936812155604,0.755,0.32,2.5233211512882e-43,"Nid1-201",2.5233211512882e-43,"Up"
3.36878556047444e-48,1.08436518333031,0.366,0.03,2.58904645464702e-43,"Tnrc6c-205",2.58904645464702e-43,"Up"
4.19432566071745e-48,1.22045706247576,0.408,0.046,3.22350704328779e-43,"Qki-204",3.22350704328779e-43,"Up"
4.22751582166928e-48,1.30113336170044,0.356,0.028,3.24901500958571e-43,"Pan3-209",3.24901500958571e-43,"Up"
4.55757929104997e-48,1.01130933700332,0.634,0.133,3.50268198834354e-43,"Mmp2-201",3.50268198834354e-43,"Up"
4.58187871878899e-48,1.41055055767681,0.343,0.024,3.52135707053809e-43,"Nsf-202",3.52135707053809e-43,"Up"
4.67970261444364e-48,1.02749378660467,0.598,0.119,3.59653864730451e-43,"Aebp1-201",3.59653864730451e-43,"Up"
5.26088998872015e-48,1.10457923651725,0.598,0.121,4.04320439193099e-43,"Tgfb2-201",4.04320439193099e-43,"Up"
5.74640552990005e-48,1.51534007648737,0.382,0.037,4.41634250594939e-43,"Wipi1-201",4.41634250594939e-43,"Up"
5.91409746386501e-48,1.82986011184672,0.373,0.034,4.54522046487882e-43,"Foxn3-201",4.54522046487882e-43,"Up"
5.97945279708303e-48,1.31627324474379,0.431,0.053,4.59544865267019e-43,"Pds5a-209",4.59544865267019e-43,"Up"
6.34799522900731e-48,1.12671465678319,0.66,0.159,4.87868825330128e-43,"Fermt2-201",4.87868825330128e-43,"Up"
7.16103673305194e-48,1.26735063414098,0.546,0.103,5.50354317081974e-43,"Syncrip-201",5.50354317081974e-43,"Up"
7.22358473976208e-48,1.43967951307937,0.359,0.029,5.55161381589675e-43,"Clip1-203",5.55161381589675e-43,"Up"
7.40366724231095e-48,1.62420078109916,0.35,0.027,5.69001442240566e-43,"Olr1-201",5.69001442240566e-43,"Up"
8.88950623718445e-48,1.76543421354724,0.333,0.022,6.83194112352574e-43,"Uba6-201",6.83194112352574e-43,"Up"
8.9874352182158e-48,1.49505235379457,0.454,0.062,6.90720346260757e-43,"Sirpa-203",6.90720346260757e-43,"Up"
1.02898450211565e-47,1.17638851849437,0.346,0.025,7.90815749255962e-43,"Tmem167b-202",7.90815749255962e-43,"Up"
1.03185489841993e-47,1.34280785232512,0.748,0.203,7.93021763631652e-43,"Dstn-201",7.93021763631652e-43,"Up"
1.09993317790865e-47,1.71712602791493,0.333,0.022,8.4534264454991e-43,"Clock-205",8.4534264454991e-43,"Up"
1.14809787544143e-47,1.3151516258101,0.647,0.159,8.8235914119176e-43,"Fndc3b-201",8.8235914119176e-43,"Up"
1.31933133850276e-47,1.24798673518733,0.444,0.058,1.01395890689291e-42,"Arhgef40-201",1.01395890689291e-42,"Up"
2.07661714640023e-47,1.33323711485006,0.353,0.028,1.59596334169443e-42,"Nemf-201",1.59596334169443e-42,"Up"
2.3467053215573e-47,1.01850755998475,0.392,0.041,1.80353690782965e-42,"Mapk9-201",1.80353690782965e-42,"Up"
2.48767853237214e-47,-2.35727954435573,0.768,0.834,1.91188045926928e-42,"Peg10-202",1.91188045926928e-42,"Down"
2.54866317776544e-47,1.89138301687916,0.444,0.067,1.95874959863985e-42,"Svil-203",1.95874959863985e-42,"Up"
2.58128938749962e-47,1.10449089472037,0.34,0.024,1.98382414586896e-42,"Rnf13-201",1.98382414586896e-42,"Up"
2.63495607958423e-47,1.89808179305464,0.33,0.022,2.02506914540367e-42,"Adarb1-206",2.02506914540367e-42,"Up"
2.807340671772e-47,2.7599564868114,0.69,0.283,2.15755359988366e-42,"Gnas-211",2.15755359988366e-42,"Up"
2.90550545620543e-47,1.76027448956433,0.33,0.022,2.23299716331212e-42,"Sacs-203",2.23299716331212e-42,"Up"
3.16423302763876e-47,1.08494717717476,0.435,0.056,2.4318396510615e-42,"Rabep1-201",2.4318396510615e-42,"Up"
3.46152486983292e-47,1.10025950930245,0.34,0.024,2.66032032346139e-42,"Capn7-203",2.66032032346139e-42,"Up"
3.46482250898652e-47,1.23070102781552,0.477,0.072,2.6628546910565e-42,"Slit3-201",2.6628546910565e-42,"Up"
4.6722669002219e-47,1.22167047270787,0.392,0.042,3.59082400349654e-42,"Srrm1-212",3.59082400349654e-42,"Up"
5.08446228336952e-47,1.55074218794694,0.755,0.273,3.90761264326081e-42,"Nfkbia-201",3.90761264326081e-42,"Up"
5.24892160490878e-47,1.18229019813947,0.451,0.062,4.03400621023659e-42,"Sntb2-203",4.03400621023659e-42,"Up"
5.7190316045815e-47,1.28422591966119,0.33,0.022,4.39530454938506e-42,"Rev3l-204",4.39530454938506e-42,"Up"
6.11588299391958e-47,1.82369614674348,0.559,0.123,4.70030071614695e-42,"P4ha2-202",4.70030071614695e-42,"Up"
6.73879202015842e-47,1.15858089257936,0.333,0.023,5.17903121917256e-42,"Gls-204",5.17903121917256e-42,"Up"
6.99215176652298e-47,1.88040278456745,0.337,0.024,5.37374831864357e-42,"Ralgapa1-212",5.37374831864357e-42,"Up"
7.39483382434958e-47,1.17221416545115,0.346,0.027,5.68322558736563e-42,"Usp32-202",5.68322558736563e-42,"Up"
7.86326633464365e-47,1.81599300340391,0.382,0.041,6.04323470882703e-42,"Sorbs1-206",6.04323470882703e-42,"Up"
8.72946144518711e-47,1.46500174442804,0.412,0.05,6.7089402990841e-42,"Tfpi-204",6.7089402990841e-42,"Up"
8.83829854671072e-47,1.41296049223479,0.647,0.177,6.79258596508906e-42,"Hk2-201",6.79258596508906e-42,"Up"
9.33082908300522e-47,1.08583898889179,0.346,0.027,7.17111538345283e-42,"Rbm15b-201",7.17111538345283e-42,"Up"
1.20472116021035e-46,1.10314708856467,0.474,0.076,9.25876400468064e-42,"Pbrm1-207",9.25876400468064e-42,"Up"
1.62203354892753e-46,1.04796393103291,0.379,0.038,1.24659766369277e-41,"Tpd52l2-201",1.24659766369277e-41,"Up"
1.91205942939173e-46,1.80047992511058,0.333,0.024,1.46949415386472e-41,"Nfatc2-204",1.46949415386472e-41,"Up"
1.9645182066261e-46,1.30061765589118,0.634,0.151,1.50981082252043e-41,"Lima1-202",1.50981082252043e-41,"Up"
2.04414778907855e-46,2.11515967965316,0.33,0.023,1.57100934181843e-41,"Srgap2-204",1.57100934181843e-41,"Up"
2.24090417165289e-46,1.55466481743462,0.373,0.036,1.72222449208211e-41,"Ncstn-204",1.72222449208211e-41,"Up"
2.31320768251949e-46,1.30513283196506,0.657,0.161,1.77779263232353e-41,"F2r-201",1.77779263232353e-41,"Up"
2.4305951946128e-46,2.16927167173394,0.392,0.044,1.86800963086772e-41,"Osbpl9-201",1.86800963086772e-41,"Up"
2.5479718152913e-46,1.44330747641459,0.333,0.024,1.95821825892397e-41,"Ctbp1-201",1.95821825892397e-41,"Up"
2.59364010159986e-46,1.03715982847108,0.418,0.051,1.99331616368356e-41,"Trpm7-201",1.99331616368356e-41,"Up"
2.96901965454695e-46,1.42455924859159,0.343,0.027,2.28181036530551e-41,"Rnf145-201",2.28181036530551e-41,"Up"
3.09945401824857e-46,1.9277191211832,0.542,0.133,2.38205439118475e-41,"Phldb1-210",2.38205439118475e-41,"Up"
3.41044532167649e-46,1.76166935443027,0.542,0.112,2.62106364752125e-41,"Zeb2-212",2.62106364752125e-41,"Up"
3.69595922066859e-46,1.07904134524722,0.464,0.071,2.84049249945264e-41,"Tcf12-202",2.84049249945264e-41,"Up"
4.15672371519646e-46,1.90927503542985,0.601,0.172,3.19460844407708e-41,"Dcn-202",3.19460844407708e-41,"Up"
7.04036635474725e-46,1.01504334431413,0.369,0.036,5.41080315827745e-41,"Fer-201",5.41080315827745e-41,"Up"
7.36679405783924e-46,1.21341195337954,0.461,0.07,5.66167590521177e-41,"Pbx1-208",5.66167590521177e-41,"Up"
7.51803380375029e-46,1.81276351944368,0.34,0.027,5.77790969953425e-41,"Trerf1-204",5.77790969953425e-41,"Up"
8.65921629834434e-46,1.61327661990873,0.781,0.398,6.65495409392956e-41,"Ddx5-201",6.65495409392956e-41,"Up"
8.76583303704465e-46,2.11374688756532,0.807,0.534,6.7368933222903e-41,"Plagl1-202",6.7368933222903e-41,"Up"
9.41903800525653e-46,1.04800567073131,0.405,0.048,7.23890746855986e-41,"Ctbp1-211",7.23890746855986e-41,"Up"
1.01122657162618e-45,1.06739572577386,0.49,0.08,7.77168069357584e-41,"Apoe-205",7.77168069357584e-41,"Up"
1.09447245145067e-45,1.02905538936554,0.366,0.036,8.41145857837895e-41,"Fam168a-201",8.41145857837895e-41,"Up"
1.18762372795488e-45,1.22480206757934,0.644,0.163,9.12736339882447e-41,"Tnfrsf12a-201",9.12736339882447e-41,"Up"
1.21989120207717e-45,1.27988362726962,0.474,0.074,9.37535184444389e-41,"Pten-201",9.37535184444389e-41,"Up"
1.44862083321828e-45,1.00924385077663,0.412,0.052,1.11332305516158e-40,"Ncoa2-203",1.11332305516158e-40,"Up"
1.53312093827041e-45,1.0594464177169,0.33,0.024,1.17826476589834e-40,"Zbtb41-201",1.17826476589834e-40,"Up"
2.06555942790123e-45,1.67038583677729,0.346,0.029,1.58746504271921e-40,"Rapgef1-203",1.58746504271921e-40,"Up"
3.52348688858506e-45,1.64112882641503,0.657,0.227,2.70794061335316e-40,"Nisch-201",2.70794061335316e-40,"Up"
3.63594963739286e-45,1.51628436779194,0.395,0.047,2.79437273432191e-40,"Tfpi-205",2.79437273432191e-40,"Up"
3.75311113007147e-45,1.01937996676607,0.333,0.025,2.88441602790513e-40,"Carmil1-201",2.88441602790513e-40,"Up"
4.18684127171372e-45,1.02870455003908,0.487,0.08,3.21775499096286e-40,"Apoe-201",3.21775499096286e-40,"Up"
4.31718110621364e-45,1.02200140649809,0.487,0.08,3.31792636736943e-40,"Apoe-209",3.31792636736943e-40,"Up"
5.48216935221027e-45,1.27041505580551,0.569,0.122,4.21326643394768e-40,"Ndfip1-204",4.21326643394768e-40,"Up"
5.76938345072609e-45,1.36714395203565,0.379,0.041,4.43400195722103e-40,"Mapk9-209",4.43400195722103e-40,"Up"
8.11822406212209e-45,1.09643245903448,0.34,0.028,6.23917992070331e-40,"Snx19-201",6.23917992070331e-40,"Up"
8.59568099531329e-45,1.18102777382219,0.448,0.066,6.60612467213808e-40,"Mical3-222",6.60612467213808e-40,"Up"
8.68824381736402e-45,1.12967839746227,0.343,0.029,6.67726290339694e-40,"Bcl2l11-205",6.67726290339694e-40,"Up"
9.68492634687143e-45,1.06764552437003,0.386,0.043,7.44325329462457e-40,"Cdkn1a-205",7.44325329462457e-40,"Up"
9.98840083944181e-45,1.37408739107621,0.513,0.1,7.67648558114461e-40,"Exoc6b-203",7.67648558114461e-40,"Up"
1.02400669580267e-44,1.45021547716314,0.33,0.025,7.86990105992185e-40,"Bltp1-217",7.86990105992185e-40,"Up"
1.16973652293577e-44,1.36378303670958,0.366,0.037,8.98989307337056e-40,"Yipf3-201",8.98989307337056e-40,"Up"
1.19467705489916e-44,1.00234885860369,0.454,0.069,9.18157103772204e-40,"Kdm2a-202",9.18157103772204e-40,"Up"
1.34174205365815e-44,1.06916615813523,0.363,0.036,1.03118243791843e-39,"Adk-201",1.03118243791843e-39,"Up"
1.64600723635489e-44,1.21512455244365,0.353,0.033,1.26502240142818e-39,"Abat-201",1.26502240142818e-39,"Up"
1.72212807871361e-44,1.41561135491995,0.461,0.078,1.32352431361456e-39,"Creb5-212",1.32352431361456e-39,"Up"
2.07041072046217e-44,1.00743279211802,0.559,0.111,1.59119345510399e-39,"Txlna-202",1.59119345510399e-39,"Up"
2.37444858591231e-44,2.10091223133451,0.824,0.428,1.82485871621704e-39,"Igf2-201",1.82485871621704e-39,"Up"
2.89229880778386e-44,1.41620264250005,0.399,0.051,2.2228473257342e-39,"Shc1-202",2.2228473257342e-39,"Up"
3.36359711115339e-44,1.08261069612856,0.337,0.028,2.58505892380583e-39,"Ppp1r12a-208",2.58505892380583e-39,"Up"
3.37522740936799e-44,1.45078104699911,0.392,0.048,2.59399727319568e-39,"Sox6-201",2.59399727319568e-39,"Up"
4.04829881861744e-44,1.14088041089509,0.376,0.043,3.11127957406025e-39,"Auts2-208",3.11127957406025e-39,"Up"
5.1145990101973e-44,2.02484216904619,0.333,0.029,3.93077392329703e-39,"Cast-201",3.93077392329703e-39,"Up"
8.99498656008085e-44,1.18265308193568,0.438,0.065,6.91300697088453e-39,"Tpp2-201",6.91300697088453e-39,"Up"
1.0332286634065e-43,1.06646285559096,0.477,0.083,7.94077556974434e-39,"Ociad1-201",7.94077556974434e-39,"Up"
1.1515814435013e-43,1.30175450305021,0.676,0.207,8.8503640258849e-39,"Cavin1-201",8.8503640258849e-39,"Up"
1.17619776765681e-43,1.63853561274805,0.395,0.051,9.03955032354968e-39,"Cd47-210",9.03955032354968e-39,"Up"
1.79859923716187e-43,1.23754407233439,0.732,0.25,1.38229545772838e-38,"Ctsl-201",1.38229545772838e-38,"Up"
2.03865370734072e-43,1.79289198827454,0.346,0.033,1.56678692023963e-38,"Abi1-204",1.56678692023963e-38,"Up"
2.19841790245291e-43,1.06131456650781,0.376,0.042,1.68957209475116e-38,"Rasa1-201",1.68957209475116e-38,"Up"
2.49163066065075e-43,1.21542157247027,0.366,0.039,1.91491782793652e-38,"Mt2-201",1.91491782793652e-38,"Up"
2.56907100088425e-43,1.2385573378363,0.618,0.163,1.97443382701958e-38,"Arid5b-204",1.97443382701958e-38,"Up"
3.27650986951099e-43,1.01390269414873,0.425,0.062,2.51812889511398e-38,"Stag1-201",2.51812889511398e-38,"Up"
3.89006767583623e-43,2.1515844549433,0.588,0.187,2.98967261158717e-38,"Tns1-201",2.98967261158717e-38,"Up"
4.1741149385292e-43,1.93931308392902,0.412,0.06,3.20797429485723e-38,"Myadm-201",3.20797429485723e-38,"Up"
4.80944057589001e-43,1.22113992698962,0.631,0.166,3.6962474601945e-38,"Adam12-201",3.6962474601945e-38,"Up"
4.90384812054357e-43,1.20619989823877,0.431,0.064,3.76880343456255e-38,"Rsad2-201",3.76880343456255e-38,"Up"
4.98559119072494e-43,1.17678439556699,0.333,0.029,3.83162625371974e-38,"Apaf1-201",3.83162625371974e-38,"Up"
5.2598837205241e-43,1.53418380740876,0.5,0.098,4.04243103457159e-38,"Skil-204",4.04243103457159e-38,"Up"
5.48078991670065e-43,-4.72644013476855,0.046,0.506,4.21220628258112e-38,"Sparc-209",4.21220628258112e-38,"Down"
5.8512337081585e-43,1.11823252271589,0.333,0.029,4.49690715406813e-38,"Pan3-201",4.49690715406813e-38,"Up"
5.97602650324281e-43,1.21921131128371,0.477,0.085,4.59281540880223e-38,"Klf10-201",4.59281540880223e-38,"Up"
9.05018685349188e-43,1.47438694585617,0.477,0.086,6.95543060438265e-38,"Eif4g3-203",6.95543060438265e-38,"Up"
9.40213281585357e-43,1.3238377059343,0.346,0.034,7.2259151542961e-38,"Arrdc3-201",7.2259151542961e-38,"Up"
9.79067596278796e-43,1.20785872650452,0.373,0.043,7.52452610444106e-38,"Zfhx4-201",7.52452610444106e-38,"Up"
1.16938261747136e-42,-4.7091289568713,0.049,0.507,8.98717316831441e-38,"Sparc-207",8.98717316831441e-38,"Down"
1.40753606140122e-42,1.13233066360903,0.359,0.038,1.0817477646293e-37,"Smcr8-201",1.0817477646293e-37,"Up"
1.42903631194746e-42,1.01433691755049,0.359,0.038,1.0982715671841e-37,"Inppl1-203",1.0982715671841e-37,"Up"
1.51762530047422e-42,1.00518006394228,0.438,0.066,1.16635574842646e-37,"Atp7a-201",1.16635574842646e-37,"Up"
1.90327319882721e-42,1.02770712943339,0.562,0.125,1.46274158422667e-37,"Pafah1b1-201",1.46274158422667e-37,"Up"
3.10740576357386e-42,2.04800735100149,0.484,0.102,2.38816562553706e-37,"Emp1-202",2.38816562553706e-37,"Up"
3.42133756463653e-42,1.7851610279705,0.578,0.163,2.62943477192576e-37,"Rbms3-206",2.62943477192576e-37,"Up"
3.87946517829055e-42,1.21363489021045,0.337,0.032,2.98152416812342e-37,"Zmynd11-201",2.98152416812342e-37,"Up"
3.90069707025751e-42,1.11496283949124,0.373,0.044,2.99784172637571e-37,"U2surp-202",2.99784172637571e-37,"Up"
4.59896048163496e-42,1.75183351460281,0.631,0.184,3.53448508855573e-37,"Tpm2-203",3.53448508855573e-37,"Up"
6.73335454978012e-42,1.09269263674144,0.346,0.036,5.17485230568801e-37,"Ptpn2-201",5.17485230568801e-37,"Up"
7.50378392537776e-42,1.08757273532503,0.33,0.03,5.76695809800982e-37,"Egln3-201",5.76695809800982e-37,"Up"
8.09010456525587e-42,1.33946485582108,0.353,0.038,6.21756896258174e-37,"Sbsn-201",6.21756896258174e-37,"Up"
9.49145420188461e-42,2.4989970456714,0.703,0.362,7.2945622123164e-37,"Col6a3-202",7.2945622123164e-37,"Up"
1.0354591496284e-41,1.01789739792509,0.376,0.046,7.95791774855409e-37,"Hip1-201",7.95791774855409e-37,"Up"
1.03980171628177e-41,1.83455158755259,0.408,0.064,7.99129211031188e-37,"Creb5-203",7.99129211031188e-37,"Up"
1.16824457235111e-41,2.09206257512918,0.379,0.05,8.97842683634722e-37,"Ccnl1-203",8.97842683634722e-37,"Up"
1.51690293183794e-41,-5.44588527886278,0.072,0.498,1.16580057923473e-36,"Gna13-202",1.16580057923473e-36,"Down"
1.52196521323908e-41,1.19659517371445,0.722,0.244,1.16969114498276e-36,"Tagln2-202",1.16969114498276e-36,"Up"
2.07397101661203e-41,1.16182180710814,0.337,0.033,1.59392968510701e-36,"Zmynd11-206",1.59392968510701e-36,"Up"
2.32363857739899e-41,1.20813418890523,0.363,0.042,1.78580919227422e-36,"Adgra2-202",1.78580919227422e-36,"Up"
2.37346514189337e-41,1.4604189565278,0.827,0.39,1.82410290015073e-36,"Ubc-202",1.82410290015073e-36,"Up"
3.19960186492408e-41,1.18793411540237,0.444,0.076,2.45902201726875e-36,"Tbx20-201",2.45902201726875e-36,"Up"
3.56622031365637e-41,1.05259113136287,0.34,0.034,2.74078295985747e-36,"Mtor-202",2.74078295985747e-36,"Up"
3.9374666760243e-41,1.01169601415496,0.412,0.061,3.02610063919171e-36,"Zdbf2-204",3.02610063919171e-36,"Up"
3.96637139016558e-41,1.48740401836557,0.386,0.052,3.04831506819786e-36,"Cd47-207",3.04831506819786e-36,"Up"
4.15470282262864e-41,1.21993403398982,0.376,0.047,3.19305530730301e-36,"Csnk1d-202",3.19305530730301e-36,"Up"
4.98253536036742e-41,1.36876668244852,0.592,0.154,3.82927772585678e-36,"Lman1-209",3.82927772585678e-36,"Up"
6.37366117776083e-41,1.49810025202286,0.35,0.039,4.89841356155631e-36,"Atl3-201",4.89841356155631e-36,"Up"
7.31594053030703e-41,1.90073746479385,0.454,0.088,5.62259293516216e-36,"Fgfr1-201",5.62259293516216e-36,"Up"
1.25678089868607e-40,1.83418676684613,0.546,0.145,9.65886391876192e-36,"Dst-201",9.65886391876192e-36,"Up"
1.44810244961828e-40,1.43084681856847,0.356,0.042,1.11292465662963e-35,"Rsad2-202",1.11292465662963e-35,"Up"
2.31494544041104e-40,1.24327477360112,0.614,0.16,1.7791281687735e-35,"Fabp5-201",1.7791281687735e-35,"Up"
2.38784679598774e-40,1.42887402716759,0.353,0.041,1.83515577658842e-35,"Paip2-205",1.83515577658842e-35,"Up"
2.9168205813697e-40,1.0937438986737,0.359,0.043,2.24169328960587e-35,"Arhgap17-203",2.24169328960587e-35,"Up"
3.93889310832642e-40,1.09784209948967,0.405,0.06,3.02719690947319e-35,"Sirpa-204",3.02719690947319e-35,"Up"
4.11507564641517e-40,1.64425615045249,0.49,0.104,3.16260023729592e-35,"Daam1-201",3.16260023729592e-35,"Up"
4.17017810280688e-40,1.20009020833912,0.572,0.145,3.2049486791312e-35,"Tgfbr2-202",3.2049486791312e-35,"Up"
4.40772645818515e-40,1.30080546231304,0.441,0.081,3.38751409217362e-35,"Fosb-204",3.38751409217362e-35,"Up"
4.68730250664126e-40,1.21010416254077,0.343,0.038,3.60237946845407e-35,"Rnf4-204",3.60237946845407e-35,"Up"
4.85926867223486e-40,1.34794438349666,0.605,0.179,3.73454234535938e-35,"Septin9-205",3.73454234535938e-35,"Up"
6.48310140841822e-40,1.61700459524386,0.376,0.053,4.98252275642574e-35,"Fgfr1-203",4.98252275642574e-35,"Up"
7.44424185592353e-40,1.49297283783774,0.559,0.137,5.72119763595147e-35,"Ncor2-206",5.72119763595147e-35,"Up"
8.47314389595443e-40,1.13019084976286,0.333,0.036,6.51195000979682e-35,"Dnajc5-201",6.51195000979682e-35,"Up"
8.99449687462145e-40,1.12581583880208,0.578,0.146,6.91263062802157e-35,"Arhgap29-201",6.91263062802157e-35,"Up"
9.07684482292174e-40,1.07214830951498,0.637,0.172,6.97591832020828e-35,"Cdc42-202",6.97591832020828e-35,"Up"
9.1422975294849e-40,1.99855216333407,0.337,0.037,7.02622134331032e-35,"Nfia-205",7.02622134331032e-35,"Up"
1.00292372587399e-39,1.20049248407494,0.35,0.041,7.70787000283192e-35,"Paip2-204",7.70787000283192e-35,"Up"
1.04855460960992e-39,1.6010759580656,0.34,0.038,8.05856159669604e-35,"Zdbf2-202",8.05856159669604e-35,"Up"
1.07239398275281e-39,1.39992185877571,0.454,0.085,8.24177671504842e-35,"Skil-201",8.24177671504842e-35,"Up"
1.80145359984744e-39,1.28667835435116,0.363,0.047,1.38448914962675e-34,"Sox6-210",1.38448914962675e-34,"Up"
2.63376571240424e-39,1.5326707659407,0.353,0.043,2.02415430061116e-34,"Cyfip1-202",2.02415430061116e-34,"Up"
3.07973374914013e-39,1.44907309859421,0.775,0.468,2.36689857556416e-34,"Ahnak-202",2.36689857556416e-34,"Up"
4.68490973523373e-39,1.39852799396017,0.337,0.038,3.60054052791653e-34,"Adm-201",3.60054052791653e-34,"Up"
7.5941238074675e-39,1.22544931394074,0.431,0.078,5.83638791099107e-34,"Myo1c-201",5.83638791099107e-34,"Up"
8.37546836986048e-39,1.10630707180487,0.33,0.036,6.43688246097257e-34,"Slc7a6os-201",6.43688246097257e-34,"Up"
1.25816727521977e-38,1.69613759575951,0.565,0.163,9.66951877697403e-34,"Mbnl3-202",9.66951877697403e-34,"Up"
1.29212210205888e-38,1.85363375797867,0.706,0.332,9.9304752031633e-34,"Cald1-203",9.9304752031633e-34,"Up"
1.74826889326413e-38,1.13750622780178,0.588,0.146,1.34361457522921e-33,"Rnf10-201",1.34361457522921e-33,"Up"
1.88399909919523e-38,1.08229108975981,0.379,0.056,1.4479286676955e-33,"Tcf7l2-201",1.4479286676955e-33,"Up"
2.92024035166697e-38,1.20971569407805,0.373,0.053,2.24432151987013e-33,"Sox6-204",2.24432151987013e-33,"Up"
3.03655852099294e-38,1.2980423161581,0.333,0.038,2.33371668572392e-33,"Serping1-202",2.33371668572392e-33,"Up"
3.15442039876918e-38,1.41037752912891,0.915,0.861,2.42429825327006e-33,"Sparc-201",2.42429825327006e-33,"Up"
6.08015718610074e-38,1.07429169181737,0.683,0.213,4.67284400380586e-33,"Anxa5-201",4.67284400380586e-33,"Up"
9.62285834539419e-38,1.85539177922833,0.422,0.08,7.39555155276925e-33,"Uap1-201",7.39555155276925e-33,"Up"
1.33569253822553e-37,1.65653017814301,0.542,0.152,1.02653314332785e-32,"Epb41l2-207",1.02653314332785e-32,"Up"
1.49250166322801e-37,1.07882927009333,0.507,0.126,1.14704722825726e-32,"Ktn1-220",1.14704722825726e-32,"Up"
1.72593498159706e-37,1.16162307843942,0.48,0.103,1.32645007075661e-32,"Ptk2-201",1.32645007075661e-32,"Up"
2.298904828564e-37,1.03864136311559,0.611,0.184,1.76680031694458e-32,"Smg1-201",1.76680031694458e-32,"Up"
2.64526839821716e-37,1.31505205441083,0.69,0.258,2.03299457476581e-32,"Actn4-201",2.03299457476581e-32,"Up"
3.39886040385934e-37,1.70887255601024,0.376,0.058,2.61216017478205e-32,"Myadm-202",2.61216017478205e-32,"Up"
4.83237101560455e-37,1.41428607096156,0.395,0.065,3.71387042033272e-32,"Etnk1-201",3.71387042033272e-32,"Up"
5.20436925024751e-37,2.03170745018701,0.458,0.103,3.99976594358522e-32,"Cd44-209",3.99976594358522e-32,"Up"
6.1259958920119e-37,1.25592598121504,0.353,0.048,4.70807288284683e-32,"Fam168a-202",4.70807288284683e-32,"Up"
6.32602189991643e-37,1.16478646133339,0.536,0.133,4.86180087096177e-32,"Mprip-204",4.86180087096177e-32,"Up"
7.63984954128391e-37,1.81979205183866,0.683,0.286,5.87152996645834e-32,"Csf1-201",5.87152996645834e-32,"Up"
1.64954645917083e-36,1.16433125464521,0.611,0.177,1.26774243573115e-31,"Vcl-201",1.26774243573115e-31,"Up"
2.23650587627742e-36,1.02469554850568,0.546,0.136,1.71884422615425e-31,"Rtn4-202",1.71884422615425e-31,"Up"
2.84396665869381e-36,1.54764013839028,0.533,0.15,2.18570213587254e-31,"Dst-211",2.18570213587254e-31,"Up"
3.26661152309548e-36,1.39959231250418,0.395,0.069,2.5105216199598e-31,"Ncor1-205",2.5105216199598e-31,"Up"
4.24298064508388e-36,1.50504317885204,0.536,0.152,3.26090034497277e-31,"Epb41l2-201",3.26090034497277e-31,"Up"
6.66650461588552e-36,1.34200448955299,0.454,0.1,5.12347545749266e-31,"Col12a1-202",5.12347545749266e-31,"Up"
7.12875645334172e-36,1.3091776193832,0.356,0.052,5.47873448465125e-31,"Leng8-203",5.47873448465125e-31,"Up"
1.26364862809882e-35,-2.33598201127197,0.278,0.682,9.71164516639071e-31,"Fn1-213",9.71164516639071e-31,"Down"
1.57691298192248e-35,1.43131308297141,0.565,0.179,1.2119207031267e-30,"Ube2d3-210",1.2119207031267e-30,"Up"
1.63259837246363e-35,1.26440431592583,0.458,0.1,1.2547171531732e-30,"Palld-202",1.2547171531732e-30,"Up"
1.64954360682397e-35,1.1122710184535,0.366,0.056,1.2677402435885e-30,"Hmg20a-201",1.2677402435885e-30,"Up"
1.69389557116778e-35,1.26298085100693,0.493,0.117,1.30182650226529e-30,"Dlk1-208",1.30182650226529e-30,"Up"
1.97443921987015e-35,-2.19197535484002,0.386,0.691,1.51743551803901e-30,"Sqstm1-201",1.51743551803901e-30,"Down"
2.26631316086488e-35,1.02207590154669,0.356,0.053,1.7417523166511e-30,"Samd4-201",1.7417523166511e-30,"Up"
2.58582150430941e-35,2.03365755555408,0.614,0.235,1.98730725892196e-30,"Akap12-205",1.98730725892196e-30,"Up"
4.10535230722844e-35,1.73432875770797,0.35,0.052,3.15512746219735e-30,"Sbno2-207",3.15512746219735e-30,"Up"
8.63191000992799e-35,1.3605131667876,0.539,0.151,6.63396811903005e-30,"Nfatc1-206",6.63396811903005e-30,"Up"
1.45536728156405e-34,1.57479324013825,0.523,0.141,1.11850797057323e-29,"Ncor2-202",1.11850797057323e-29,"Up"
1.92577660379469e-34,1.13827226977178,0.382,0.066,1.48003635108037e-29,"Myl9-201",1.48003635108037e-29,"Up"
2.64173987596563e-34,1.02071943510174,0.353,0.053,2.03028276427462e-29,"Rc3h1-204",2.03028276427462e-29,"Up"
3.02453632210111e-34,1.06220493542487,0.346,0.052,2.32447714498758e-29,"Leng8-204",2.32447714498758e-29,"Up"
4.46337670861148e-34,1.66135517174617,0.676,0.314,3.43028353563627e-29,"Pakap-205",3.43028353563627e-29,"Up"
5.85157713559872e-34,1.02504279090078,0.654,0.212,4.49717109179304e-29,"Trip12-201",4.49717109179304e-29,"Up"
8.03476904523901e-34,1.17431239377345,0.719,0.311,6.17504140202799e-29,"Timp2-201",6.17504140202799e-29,"Up"
1.01726410672507e-33,1.55035062006034,0.382,0.072,7.81808156582484e-29,"Fgfr1-202",7.81808156582484e-29,"Up"
1.11432899488736e-33,1.22227173124997,0.641,0.194,8.56406405730735e-29,"Epb41-203",8.56406405730735e-29,"Up"
1.36132917052754e-33,-7.56318337434705,0.059,0.424,1.04623592071723e-28,"Hsd3b6-201",1.04623592071723e-28,"Down"
1.55342075356498e-33,1.67779816835787,0.592,0.23,1.19386598594483e-28,"Cd44-207",1.19386598594483e-28,"Up"
1.5688664488419e-33,1.00062363803984,0.565,0.159,1.20573662059295e-28,"Ncam1-204",1.20573662059295e-28,"Up"
2.61607646880295e-33,1.12205124978984,0.601,0.191,2.01055940933382e-28,"Spon1-201",2.01055940933382e-28,"Up"
3.2520660446889e-33,1.01643147387674,0.353,0.057,2.49934283798521e-28,"Nedd9-201",2.49934283798521e-28,"Up"
4.05959454170269e-33,1.78357644413596,0.376,0.07,3.11996078908018e-28,"Myof-201",3.11996078908018e-28,"Up"
5.54086627480726e-33,-1.09835531183845,0.379,0.065,4.25837736684037e-28,"Nup62-201",4.25837736684037e-28,"Down"
6.56617119328625e-33,-1.09526945561875,0.363,0.058,5.04636520888821e-28,"Txndc15-201",5.04636520888821e-28,"Down"
7.1480010122668e-33,-1.84395391176492,0.366,0.723,5.49352469796752e-28,"Fn1-211",5.49352469796752e-28,"Down"
9.89750941610387e-33,1.16272871053149,0.706,0.329,7.60663188665247e-28,"Lrp1-201",7.60663188665247e-28,"Up"
1.41709683043389e-32,1.41660207445439,0.729,0.365,1.08909559806166e-27,"Lum-201",1.08909559806166e-27,"Up"
1.42216099966367e-32,1.15161350663758,0.542,0.155,1.09298761468152e-27,"Lman1-201",1.09298761468152e-27,"Up"
1.53596071691184e-32,1.7621108521441,0.34,0.056,1.18044724937542e-27,"Actg2-202",1.18044724937542e-27,"Up"
2.53185145529279e-32,1.12313282283534,0.529,0.15,1.94582911745072e-27,"Ubap2l-208",1.94582911745072e-27,"Up"
2.7558388694256e-32,1.15072013411923,0.386,0.074,2.11797240470835e-27,"Myo1c-202",2.11797240470835e-27,"Up"
2.97278221130239e-32,1.09676050751072,0.683,0.26,2.28470204067434e-27,"Sdc4-201",2.28470204067434e-27,"Up"
3.00310614662776e-32,-1.03387290411894,0.33,0.048,2.3080071979293e-27,"Commd8-201",2.3080071979293e-27,"Down"
3.58498078126983e-32,1.55596128615562,0.467,0.127,2.75520112963712e-27,"Phldb1-201",2.75520112963712e-27,"Up"
4.32442170434417e-32,1.4567094126962,0.778,0.388,3.32349105665666e-27,"Cdkn1c-201",3.32349105665666e-27,"Up"
5.80081074984184e-32,-2.59188243287332,0.206,0.579,4.45815509368345e-27,"Dlk1-204",4.45815509368345e-27,"Down"
6.09173641875157e-32,1.23858101134511,0.637,0.276,4.68174310726733e-27,"Septin11-201",4.68174310726733e-27,"Up"
7.90293198706208e-32,1.11254632701174,0.353,0.06,6.07371934933669e-27,"Irf1-203",6.07371934933669e-27,"Up"
9.56331256448203e-32,1.71680873207778,0.366,0.074,7.34978823830702e-27,"Pcbp2-201",7.34978823830702e-27,"Up"
1.24414852227029e-31,1.40231507364838,0.395,0.08,9.56177905305608e-27,"Myo1c-203",9.56177905305608e-27,"Up"
1.64867034177751e-31,1.44677978797057,0.441,0.111,1.26706910446968e-26,"Psg21-202",1.26706910446968e-26,"Up"
1.7671764707673e-31,1.26830003688959,0.65,0.273,1.3581458048435e-26,"Akap12-201",1.3581458048435e-26,"Up"
1.8620710831031e-31,-2.64734616927706,0.154,0.526,1.43107611020806e-26,"Sqstm1-205",1.43107611020806e-26,"Down"
2.38610031455297e-31,1.25730457477693,0.507,0.145,1.83381353574654e-26,"Nfatc1-202",1.83381353574654e-26,"Up"
4.5492556476855e-31,-1.29671578245237,0.415,0.084,3.49628493547221e-26,"Memo1-210",3.49628493547221e-26,"Down"
8.06050414472542e-31,1.533585653267,0.637,0.24,6.19481985538728e-26,"Tgfbi-201",6.19481985538728e-26,"Up"
8.32863732291251e-31,2.02818894995971,0.346,0.067,6.40089092815118e-26,"Mbnl2-203",6.40089092815118e-26,"Up"
1.0403995391815e-30,-1.15988154602138,0.392,0.075,7.99588661842546e-26,"Bag5-201",7.99588661842546e-26,"Down"
1.84871847509926e-30,1.16552877935739,0.373,0.072,1.42081409685278e-25,"Timp3-201",1.42081409685278e-25,"Up"
2.10037479363954e-30,1.9381374555396,0.526,0.188,1.61422204390373e-25,"Sptan1-202",1.61422204390373e-25,"Up"
2.76176157826642e-30,-1.14376908236767,0.376,0.07,2.12252424336088e-25,"Ctdnep1-201",2.12252424336088e-25,"Down"
3.54883232195331e-30,1.0488344474102,0.614,0.192,2.727419592714e-25,"Epb41-208",2.727419592714e-25,"Up"
3.65327248972231e-30,-1.02661675803977,0.431,0.091,2.80768603925118e-25,"Sppl3-201",2.80768603925118e-25,"Down"
4.03845788833056e-30,1.07458534953181,0.771,0.485,3.10371642549757e-25,"Psap-202",3.10371642549757e-25,"Up"
4.10028573773586e-30,1.00546022129353,0.356,0.066,3.15123360087952e-25,"Fth1-208",3.15123360087952e-25,"Up"
4.89271760661851e-30,1.52166163728171,0.601,0.215,3.76024918939059e-25,"Timp1-201",3.76024918939059e-25,"Up"
5.08985431419075e-30,-1.00485211637673,0.487,0.117,3.91175663462816e-25,"Zswim8-201",3.91175663462816e-25,"Down"
8.09053178347761e-30,-1.12835671532748,0.35,0.061,6.21789729687388e-25,"Cnpy4-202",6.21789729687388e-25,"Down"
1.443944329471e-29,1.35830337543551,0.562,0.169,1.10972897497164e-24,"Epb41-202",1.10972897497164e-24,"Up"
1.49467365486083e-29,1.36126517697636,0.748,0.54,1.14871649070674e-24,"Lmna-201",1.14871649070674e-24,"Up"
2.62073374387065e-29,1.16012938710171,0.35,0.066,2.01413871151435e-24,"Ncoa4-206",2.01413871151435e-24,"Up"
2.98348603311853e-29,1.39162186252904,0.376,0.083,2.29292835589291e-24,"Daam1-202",2.29292835589291e-24,"Up"
4.93193764328844e-29,1.54353784836709,0.725,0.451,3.7903913563729e-24,"Gpc3-201",3.7903913563729e-24,"Up"
5.23190557813015e-29,1.49975893883492,0.523,0.158,4.02092871301614e-24,"Tnip1-201",4.02092871301614e-24,"Up"
5.8062635362246e-29,1.98716060222577,0.448,0.118,4.46234577813005e-24,"Epb41-204",4.46234577813005e-24,"Up"
6.59705075131243e-29,1.66699469692659,0.392,0.095,5.07009738441365e-24,"Serpinb6a-206",5.07009738441365e-24,"Up"
7.04939906583741e-29,-1.27912847289915,0.369,0.071,5.41774515805868e-24,"Arl8a-201",5.41774515805868e-24,"Down"
9.25518895841404e-29,1.57389645287606,0.621,0.299,7.11298292209953e-24,"Nfat5-214",7.11298292209953e-24,"Up"
1.16829177082108e-28,1.0172094127225,0.663,0.258,8.97878957546832e-24,"Pdpn-201",8.97878957546832e-24,"Up"
1.38045591433807e-28,1.31460517055933,0.552,0.168,1.06093558840538e-23,"Epb41-201",1.06093558840538e-23,"Up"
1.91468376923339e-28,1.33432299167146,0.729,0.506,1.47151106400663e-23,"Col5a1-201",1.47151106400663e-23,"Up"
2.40979538395518e-28,1.70446803283451,0.65,0.309,1.85202414438491e-23,"Pakap-204",1.85202414438491e-23,"Up"
3.29653026426212e-28,-1.10291334297963,0.376,0.076,2.53351536929601e-23,"Rnps1-203",2.53351536929601e-23,"Down"
4.46910649620969e-28,-1.08854422298995,0.431,0.098,3.43468710659699e-23,"Gabarapl2-201",3.43468710659699e-23,"Down"
5.84556943952593e-28,-1.08802396231634,0.333,0.061,4.49255393705326e-23,"Brpf3-201",4.49255393705326e-23,"Down"
7.79502489973167e-28,-3.25319448677416,0.765,0.753,5.99078843643977e-23,"Prdx2-201",5.99078843643977e-23,"Down"
9.38267072848575e-28,1.5725186494712,0.363,0.081,7.21095776167044e-23,"Vcam1-201",7.21095776167044e-23,"Up"
9.56728542239858e-28,1.82076615334907,0.575,0.253,7.3528415385302e-23,"Wnk1-202",7.3528415385302e-23,"Up"
1.04588989454961e-27,-1.00251375444892,0.425,0.098,8.03808219557155e-23,"Zswim8-208",8.03808219557155e-23,"Down"
1.09752985033993e-27,1.04928204743823,0.605,0.229,8.43495591180246e-23,"Pcolce-201",8.43495591180246e-23,"Up"
1.16758373933764e-27,-1.92415742699363,0.454,0.705,8.97334807030546e-23,"Ywhaz-204",8.97334807030546e-23,"Down"
1.79529929666035e-27,1.5234143137724,0.68,0.41,1.37975932145535e-22,"Nrk-202",1.37975932145535e-22,"Up"
1.86685453773562e-27,-1.05258394277632,0.337,0.062,1.43475238643134e-22,"Bcl2l13-201",1.43475238643134e-22,"Down"
2.10972348850613e-27,1.50807759639243,0.627,0.3,1.6214068898565e-22,"Aplp2-201",1.6214068898565e-22,"Up"
3.49066521435859e-27,-1.12224961287049,0.415,0.095,2.68271584384315e-22,"Rassf1-201",2.68271584384315e-22,"Down"
3.81288947210764e-27,1.08457054527598,0.48,0.146,2.9303580748936e-22,"Ptbp1-216",2.9303580748936e-22,"Up"
4.46261649752923e-27,-1.24102714677068,0.343,0.066,3.42969928301111e-22,"Acad9-206",3.42969928301111e-22,"Down"
9.34432778605502e-27,-1.0107849150529,0.435,0.103,7.18148967669472e-22,"Ppa1-201",7.18148967669472e-22,"Down"
1.36150837303035e-26,1.71100153377794,0.84,0.844,1.04637364500875e-21,"Col3a1-201",1.04637364500875e-21,"Up"
2.73137465045676e-26,-3.10098195750701,0.121,0.433,2.09917067386204e-21,"Hif1a-203",2.09917067386204e-21,"Down"
2.84780413637206e-26,-3.36178321735675,0.222,0.614,2.18865139096739e-21,"Tpt1-208",2.18865139096739e-21,"Down"
3.39942140423911e-26,1.36072403812276,0.676,0.426,2.61259132601393e-21,"App-206",2.61259132601393e-21,"Up"
3.95793977470449e-26,-2.40226689663865,0.346,0.586,3.04183503445139e-21,"Ankrd17-202",3.04183503445139e-21,"Down"
4.03488684008079e-26,1.32815850777299,0.405,0.111,3.10097193207569e-21,"ENSMUST00000381763.1",3.10097193207569e-21,"Up"
6.38345132062223e-26,-1.20095026071696,0.448,0.111,4.90593767795101e-21,"Aggf1-201",4.90593767795101e-21,"Down"
6.56934232533294e-26,1.1480357303241,0.366,0.088,5.04880235071138e-21,"Ptk2-211",5.04880235071138e-21,"Up"
7.37565707832892e-26,-1.19452765196887,0.448,0.112,5.66848749097891e-21,"Srsf4-202",5.66848749097891e-21,"Down"
9.17874678080716e-26,1.2072493083543,0.405,0.112,7.05423405092154e-21,"Aldoa-203",7.05423405092154e-21,"Up"
1.19581758821722e-25,1.21712805405151,0.415,0.121,9.19033649248464e-21,"Mbnl2-202",9.19033649248464e-21,"Up"
1.24129238026373e-25,1.04430262932686,0.709,0.297,9.53982845927885e-21,"Cryab-206",9.53982845927885e-21,"Up"
1.2858119462348e-25,-1.11257717446413,0.386,0.088,9.88197913159293e-21,"Ilkap-201",9.88197913159293e-21,"Down"
1.30776657725495e-25,-1.08633786327896,0.356,0.075,1.00507092528352e-20,"Gid8-201",1.00507092528352e-20,"Down"
2.14295753809425e-25,1.36312322189021,0.343,0.079,1.64694858632695e-20,"Uap1-202",1.64694858632695e-20,"Up"
2.75878083085497e-25,-1.18426329659739,0.376,0.084,2.12023341974528e-20,"Zfp664-201",2.12023341974528e-20,"Down"
3.13647714446183e-25,-1.11826715777161,0.438,0.109,2.41050814460469e-20,"Trim28-201",2.41050814460469e-20,"Down"
3.32761469491256e-25,-3.03534407418976,0.173,0.558,2.5574049976281e-20,"Tpt1-206",2.5574049976281e-20,"Down"
4.84213436586634e-25,-1.1072142143431,0.386,0.089,3.72137394554292e-20,"Nup54-201",3.72137394554292e-20,"Down"
5.33708449885006e-25,1.05656341732557,0.52,0.174,4.10176292074622e-20,"Birc6-202",4.10176292074622e-20,"Up"
5.43999205647104e-25,1.11644202020159,0.65,0.267,4.18085149508025e-20,"Flnc-201",4.18085149508025e-20,"Up"
5.93711737344551e-25,-1.09113840257606,0.392,0.091,4.56291218618781e-20,"Srf-201",4.56291218618781e-20,"Down"
1.33748111336519e-24,-1.08150295431851,0.386,0.09,1.02790773486569e-19,"Nub1-201",1.02790773486569e-19,"Down"
1.55719777900066e-24,1.32017780702508,0.428,0.127,1.19676878107316e-19,"Col4a5-201",1.19676878107316e-19,"Up"
3.07479587870234e-24,-1.16414736740122,0.333,0.07,2.36310362461789e-19,"Ndufa10-201",2.36310362461789e-19,"Down"
3.1006022920918e-24,-1.03956294749672,0.346,0.075,2.38293688556423e-19,"Mnt-201",2.38293688556423e-19,"Down"
6.96892647340751e-24,-1.02476807762822,0.34,0.074,5.35589875187261e-19,"Smarcb1-202",5.35589875187261e-19,"Down"
7.60028007432711e-24,1.17084853056591,0.493,0.158,5.84111924832336e-19,"Maged2-204",5.84111924832336e-19,"Up"
7.63042139444459e-24,-1.09932206610426,0.359,0.081,5.86428405848645e-19,"Tusc3-202",5.86428405848645e-19,"Down"
7.91270498044554e-24,-4.09702501847146,0.052,0.349,6.08123028567162e-19,"Peg3-203",6.08123028567162e-19,"Down"
9.43679101075219e-24,-1.09709002098731,0.405,0.102,7.25255136340348e-19,"Armcx3-201",7.25255136340348e-19,"Down"
1.24825695772691e-23,1.00037351186114,0.912,0.811,9.59335402291442e-19,"Eef1a1-201",9.59335402291442e-19,"Up"
1.35997365372789e-23,-2.75325276273545,0.627,0.643,1.04519415183603e-18,"Smdt1-201",1.04519415183603e-18,"Down"
1.42060193097966e-23,1.50257333834276,0.644,0.386,1.09178940803511e-18,"App-204",1.09178940803511e-18,"Up"
2.00229266571181e-23,-1.23791622852984,0.405,0.102,1.53884200530616e-18,"Wdr5-201",1.53884200530616e-18,"Down"
2.18313187470822e-23,-1.24937815245563,0.458,0.123,1.67782417098826e-18,"Reep5-201",1.67782417098826e-18,"Down"
2.314664866866e-23,-1.04660749276368,0.369,0.088,1.77891253678119e-18,"Mgrn1-201",1.77891253678119e-18,"Down"
2.57757156366368e-23,-1.19531305177188,0.418,0.108,1.98096684953809e-18,"Ahsa1-201",1.98096684953809e-18,"Down"
2.57894147551148e-23,-1.06048138513457,0.507,0.145,1.98201968158959e-18,"Chic2-201",1.98201968158959e-18,"Down"
4.24337908854359e-23,1.59667960200617,0.536,0.243,3.26120656470929e-18,"Eif4g1-205",3.26120656470929e-18,"Up"
4.89722835173012e-23,-1.0937800951709,0.471,0.131,3.76371587743867e-18,"Atf1-201",3.76371587743867e-18,"Down"
5.65473686491393e-23,-1.5406996377004,0.337,0.075,4.34589147016095e-18,"Senp3-201",4.34589147016095e-18,"Down"
6.62320937986268e-23,-1.1272672449985,0.346,0.081,5.09020133679966e-18,"Mfsd11-201",5.09020133679966e-18,"Down"
6.90327643756775e-23,-1.20274576074222,0.359,0.085,5.30544407332832e-18,"Ptp4a3-201",5.30544407332832e-18,"Down"
7.12933676954664e-23,-1.15469974915219,0.425,0.112,5.47918048086738e-18,"Zpr1-206",5.47918048086738e-18,"Down"
7.91757577220146e-23,-1.23017510119285,0.458,0.126,6.08497368396771e-18,"Mxd1-201",6.08497368396771e-18,"Down"
9.24959994213964e-23,-1.10848708612723,0.399,0.102,7.108687539532e-18,"Kcmf1-201",7.108687539532e-18,"Down"
1.00182492116632e-22,-1.94570749907269,0.34,0.078,7.6994252491316e-18,"Atosb-204",7.6994252491316e-18,"Down"
1.61884565499232e-22,-1.2716458268517,0.422,0.112,1.2441476396878e-17,"Ube2e3-201",1.2441476396878e-17,"Down"
2.08678080177477e-22,1.02198323081397,0.399,0.122,1.60377451739598e-17,"Aldoa-202",1.60377451739598e-17,"Up"
2.65872377856742e-22,-1.15737035194289,0.35,0.083,2.0433355727802e-17,"Tmem11-201",2.0433355727802e-17,"Down"
2.81429750603278e-22,-1.49724509962607,0.333,0.076,2.16290020528643e-17,"Gps2-201",2.16290020528643e-17,"Down"
4.43363179620081e-22,-1.16370036589205,0.412,0.109,3.40742338065217e-17,"Dhx8-201",3.40742338065217e-17,"Down"
4.74220680061796e-22,-1.21592005135716,0.405,0.107,3.64457561454693e-17,"H2-Q4-202",3.64457561454693e-17,"Down"
6.23496534639348e-22,-1.09577008131048,0.412,0.111,4.79182026731725e-17,"Rragc-201",4.79182026731725e-17,"Down"
7.93289145826263e-22,-1.26787294189549,0.376,0.095,6.09674440133316e-17,"Cpox-201",6.09674440133316e-17,"Down"
1.09970404112248e-21,-1.03181913627967,0.529,0.16,8.45166543764271e-17,"Sde2-201",8.45166543764271e-17,"Down"
1.1172630183127e-21,-1.33360376963098,0.333,0.078,8.5866132009404e-17,"Tmem97-201",8.5866132009404e-17,"Down"
1.28727027874887e-21,-1.0513331188293,0.51,0.757,9.89318700029654e-17,"Fn1-214",9.89318700029654e-17,"Down"
1.46615697632066e-21,-1.06880111002604,0.48,0.142,1.12680028258148e-16,"Dynll2-201",1.12680028258148e-16,"Down"
1.51420939636559e-21,-1.14110942670817,0.353,0.086,1.16373048948281e-16,"Nuak1-201",1.16373048948281e-16,"Down"
1.61076566158284e-21,-1.43698313388733,0.353,0.088,1.23793784155287e-16,"Hmg20b-201",1.23793784155287e-16,"Down"
1.8588087644699e-21,-1.13118334081951,0.333,0.079,1.4285688878457e-16,"Ppp1r9b-201",1.4285688878457e-16,"Down"
2.07035266741926e-21,1.65988990323506,0.876,0.677,1.5911488390184e-16,"Gnas-202",1.5911488390184e-16,"Up"
2.33526837210054e-21,-1.31660734592671,0.467,0.136,1.79474715469415e-16,"Ythdf2-203",1.79474715469415e-16,"Down"
3.75114833556565e-21,-1.06247255836844,0.428,0.121,2.88290754181563e-16,"Pdcd4-201",2.88290754181563e-16,"Down"
3.79782711689431e-21,-1.35453852146126,0.418,0.117,2.91878205241796e-16,"Senp2-201",2.91878205241796e-16,"Down"
4.31970782222129e-21,-1.06001099853181,0.402,0.109,3.31986824968995e-16,"Nmd3-201",3.31986824968995e-16,"Down"
4.36024582369936e-21,-1.18200938581982,0.471,0.139,3.3510233253459e-16,"Usp12-201",3.3510233253459e-16,"Down"
4.77282869000463e-21,-1.30682666599899,0.33,0.079,3.66810976141616e-16,"Prex1-201",3.66810976141616e-16,"Down"
5.39360041952886e-21,-1.12656468157537,0.516,0.158,4.14519766642471e-16,"Amfr-201",4.14519766642471e-16,"Down"
5.80224581246294e-21,-1.16249983678365,0.471,0.139,4.45925799671027e-16,"Nom1-201",4.45925799671027e-16,"Down"
6.49892794017477e-21,-1.22033921320799,0.359,0.091,4.99468607914192e-16,"Or4a74-202",4.99468607914192e-16,"Down"
6.70035520731474e-21,-1.236203745607,0.382,0.102,5.14949099102967e-16,"Ndufv2-203",5.14949099102967e-16,"Down"
8.39442238262517e-21,-1.01088920374151,0.438,0.126,6.45144937794275e-16,"Ogfr-201",6.45144937794275e-16,"Down"
8.4121323276935e-21,-1.17863384123718,0.451,0.132,6.46506017912556e-16,"Prpf19-201",6.46506017912556e-16,"Down"
8.45378167127949e-21,-1.02981012740674,0.422,0.121,6.49706936564514e-16,"Per1-201",6.49706936564514e-16,"Down"
8.93599694023609e-21,-1.5862044790664,0.418,0.118,6.86767108844905e-16,"Rnf111-201",6.86767108844905e-16,"Down"
9.37865264665597e-21,-2.89246575646134,0.216,0.463,7.20786970506098e-16,"Fus-213",7.20786970506098e-16,"Down"
1.5379554107584e-20,-1.01069219808164,0.356,0.091,1.18198025138426e-15,"Lonp1-201",1.18198025138426e-15,"Down"
1.77997194971986e-20,-1.07320788789776,0.441,0.128,1.3679796422377e-15,"Lin7c-201",1.3679796422377e-15,"Down"
2.08352564384883e-20,-1.24197553827996,0.451,0.136,1.60127279832358e-15,"Psma3-202",1.60127279832358e-15,"Down"
2.09445660931928e-20,-3.17574136462938,0.141,0.399,1.60967368252624e-15,"Cdv3-205",1.60967368252624e-15,"Down"
2.34301350225318e-20,2.23447590842811,0.65,0.498,1.80069959702166e-15,"Plec-207",1.80069959702166e-15,"Up"
2.37013385254132e-20,-1.18980506486184,0.35,0.089,1.8215426710321e-15,"Sh3bgrl3-201",1.8215426710321e-15,"Down"
2.54107179104018e-20,-1.22960532780344,0.35,0.09,1.95291531428602e-15,"Naa60-211",1.95291531428602e-15,"Down"
3.00352468469089e-20,-1.01994296137665,0.467,0.142,2.30832886117234e-15,"Lamtor3-201",2.30832886117234e-15,"Down"
3.10543016492354e-20,-3.24648466726894,0.101,0.366,2.38664729895034e-15,"Fus-204",2.38664729895034e-15,"Down"
3.19832164901008e-20,-1.06766757203702,0.487,0.152,2.45803812013021e-15,"Fam220a-204",2.45803812013021e-15,"Down"
3.22787197100433e-20,-3.51430014440381,0.154,0.405,2.48074872459567e-15,"Ankrd17-213",2.48074872459567e-15,"Down"
3.63426117986721e-20,-2.00711379235181,0.448,0.132,2.79307508717514e-15,"Supt5-208",2.79307508717514e-15,"Down"
3.89535278935875e-20,-1.1589060762743,0.392,0.108,2.99373443273377e-15,"Ccng1-201",2.99373443273377e-15,"Down"
4.08786872269438e-20,-1.15108913688488,0.448,0.132,3.14169062813954e-15,"Upf1-202",3.14169062813954e-15,"Down"
4.75196726937896e-20,-1.21216006097398,0.343,0.088,3.65207692520851e-15,"Cwc15-201",3.65207692520851e-15,"Down"
5.07622834474233e-20,-1.16786873415491,0.35,0.09,3.90128453206827e-15,"Gnl1-201",3.90128453206827e-15,"Down"
5.25094975402604e-20,-1.11181249005217,0.35,0.09,4.03556492395917e-15,"Cdc26-203",4.03556492395917e-15,"Down"
5.47289825564459e-20,-1.03511340118402,0.333,0.084,4.2061412253931e-15,"Ccrl2-201",4.2061412253931e-15,"Down"
5.48593583027284e-20,-1.2645968456561,0.425,0.123,4.21616112299789e-15,"Zcrb1-201",4.21616112299789e-15,"Down"
6.13769819183733e-20,-1.11051166769214,0.363,0.097,4.71706656835466e-15,"Selenom-201",4.71706656835466e-15,"Down"
6.40544026649172e-20,1.39930260215029,0.837,0.912,4.92283706240955e-15,"Col1a1-201",4.92283706240955e-15,"Up"
6.66291255421736e-20,-1.18130308916053,0.376,0.103,5.12071481441821e-15,"Dnpep-201",5.12071481441821e-15,"Down"
6.66291255421736e-20,-1.18130308916053,0.376,0.103,5.12071481441821e-15,"Dnpep-204",5.12071481441821e-15,"Down"
7.47965503832314e-20,-1.25811291488363,0.382,0.105,5.74841408315286e-15,"Phax-201",5.74841408315286e-15,"Down"
7.65152771751842e-20,-1.95538776887397,0.33,0.586,5.8805051120216e-15,"Dlk1-203",5.8805051120216e-15,"Down"
7.70884636362379e-20,-1.50642524203635,0.382,0.104,5.92455678429943e-15,"Hnrnpa0-201",5.92455678429943e-15,"Down"
7.75194345688081e-20,1.05654635418171,0.644,0.365,5.95767862435118e-15,"Hdlbp-202",5.95767862435118e-15,"Up"
8.40813309570584e-20,-1.44698255492005,0.395,0.111,6.46198660937377e-15,"Wwp1-202",6.46198660937377e-15,"Down"
8.46392560816266e-20,-1.85338446771144,0.356,0.571,6.50486538689733e-15,"Hnrnpu-206",6.50486538689733e-15,"Down"
1.17621797355349e-19,-1.1240414923755,0.356,0.095,9.03970561394801e-15,"Acsl3-201",9.03970561394801e-15,"Down"
1.31062118220201e-19,-2.25302984244896,0.324,0.526,1.00726480336953e-14,"Riok3-215",1.00726480336953e-14,"Down"
1.44112288321585e-19,-1.11276170614078,0.461,0.142,1.10756058066671e-14,"Psmc4-201",1.10756058066671e-14,"Down"
1.47611367079209e-19,-1.08021400070789,0.386,0.108,1.13445240055055e-14,"Ndufs7-202",1.13445240055055e-14,"Down"
1.60189372515846e-19,-1.05187193778571,0.382,0.107,1.23111940353328e-14,"Ndufs7-201",1.23111940353328e-14,"Down"
1.7785868685738e-19,1.31114477696248,0.817,0.846,1.36691515197371e-14,"Col1a2-201",1.36691515197371e-14,"Up"
2.25237963912434e-19,-1.04821493906118,0.408,0.119,1.73104384785262e-14,"Rai1-201",1.73104384785262e-14,"Down"
2.34826828045083e-19,1.15049774101347,0.601,0.304,1.80473810425768e-14,"Pakap-206",1.80473810425768e-14,"Up"
2.90300108019144e-19,-1.23624245221717,0.33,0.085,2.23107245017033e-14,"Eapp-204",2.23107245017033e-14,"Down"
3.14851897024546e-19,-1.90177366013754,0.186,0.466,2.41976276939244e-14,"Lmna-203",2.41976276939244e-14,"Down"
3.34600508677913e-19,-1.30368550962562,0.422,0.125,2.57153874939323e-14,"Rtraf-201",2.57153874939323e-14,"Down"
3.40282001834942e-19,-2.2829647525823,0.245,0.497,2.61520329690227e-14,"Myl6-211",2.61520329690227e-14,"Down"
3.41013990341522e-19,-1.5385975351566,0.405,0.117,2.62082892137073e-14,"Trir-201",2.62082892137073e-14,"Down"
3.51209539831337e-19,1.43983017762845,0.386,0.123,2.69918579741976e-14,"Epb41-207",2.69918579741976e-14,"Up"
3.5816210834642e-19,-1.43885772608498,0.435,0.131,2.75261906748558e-14,"Selenok-201",2.75261906748558e-14,"Down"
4.0531233174594e-19,-1.12059075067793,0.418,0.123,3.11498739440025e-14,"Mdn1-211",3.11498739440025e-14,"Down"
5.63210447531923e-19,1.06919662146616,0.742,0.682,4.32849757346184e-14,"Col5a2-201",4.32849757346184e-14,"Up"
5.72209182558934e-19,-1.20555973518204,0.33,0.086,4.39765645163843e-14,"Rnf20-201",4.39765645163843e-14,"Down"
6.02522092034499e-19,-1.86344402337804,0.552,0.624,4.63062328612194e-14,"Ankrd17-203",4.63062328612194e-14,"Down"
8.58182634768332e-19,-1.17237899059753,0.912,0.869,6.59547682124854e-14,"Fth1-203",6.59547682124854e-14,"Down"
1.33406009196554e-18,-1.73387997742365,0.346,0.554,1.0252785430792e-13,"Ncl-202",1.0252785430792e-13,"Down"
1.45798274524276e-18,-1.18287157874616,0.451,0.14,1.12051805902887e-13,"ENSMUST00000177921",1.12051805902887e-13,"Down"
1.70122761775097e-18,1.1828793160221,0.337,0.105,1.30746147334633e-13,"Pmp22-204",1.30746147334633e-13,"Up"
1.8195736918488e-18,-1.41869150975604,0.438,0.135,1.39841516513347e-13,"Atp1b1-201",1.39841516513347e-13,"Down"
1.97203245195198e-18,1.13865860289347,0.748,0.476,1.51558582062317e-13,"Spc24-201",1.51558582062317e-13,"Up"
2.02049867245027e-18,-1.03328663438418,0.435,0.135,1.55283404972493e-13,"Gde1-201",1.55283404972493e-13,"Down"
2.51811781553773e-18,-1.57406056174501,0.34,0.093,1.93527426595337e-13,"Sgms2-203",1.93527426595337e-13,"Down"
2.5329156873637e-18,-1.69176728721876,0.369,0.107,1.9466470223665e-13,"Cd74-202",1.9466470223665e-13,"Down"
2.69589264248362e-18,1.62913221925993,0.67,0.54,2.07190133145436e-13,"Plec-201",2.07190133145436e-13,"Up"
2.82439706784623e-18,-1.17322748684911,0.389,0.114,2.17066212252254e-13,"H2ax-201",2.17066212252254e-13,"Down"
3.33892166152419e-18,-1.10953911461981,0.418,0.127,2.5660948537478e-13,"Phrf1-209",2.5660948537478e-13,"Down"
4.16241511811383e-18,-1.48779106469914,0.458,0.145,3.1989825148752e-13,"Kbtbd2-202",3.1989825148752e-13,"Down"
4.70279051091196e-18,-1.43861055176132,0.451,0.144,3.61428261925628e-13,"Szrd1-203",3.61428261925628e-13,"Down"
5.42955768069737e-18,-2.84526065679475,0.418,0.543,4.17283225992316e-13,"Hnrnpa2b1-201",4.17283225992316e-13,"Down"
6.37929120485086e-18,-1.2615830509802,0.379,0.113,4.90274046257608e-13,"Cenpx-202",4.90274046257608e-13,"Down"
7.2805977390231e-18,-1.38819871565742,0.408,0.125,5.59543058634881e-13,"Smyd2-201",5.59543058634881e-13,"Down"
8.26006056918505e-18,-2.68829342813929,0.278,0.485,6.34818694984148e-13,"Fam220a-207",6.34818694984148e-13,"Down"
8.63405467287362e-18,1.23243831461344,0.569,0.291,6.63561637829029e-13,"Tpm1-216",6.63561637829029e-13,"Up"
9.11645204547569e-18,-1.55480958009913,0.346,0.097,7.00635805502988e-13,"Aggf1-202",7.00635805502988e-13,"Down"
9.36886453479877e-18,-1.05337240997098,0.918,0.869,7.20034714957425e-13,"Fth1-201",7.20034714957425e-13,"Down"
1.05703034751654e-17,-1.06806064235285,0.379,0.113,8.12370103280359e-13,"Prpsap1-201",8.12370103280359e-13,"Down"
1.10353630231155e-17,-1.13628578634264,0.369,0.108,8.48111789778518e-13,"Cnot6-203",8.48111789778518e-13,"Down"
1.48639496355037e-17,-1.10091109167449,0.373,0.111,1.142353985287e-12,"Maf-202",1.142353985287e-12,"Down"
1.63665325102221e-17,-1.21201033075484,0.48,0.158,1.25783348954061e-12,"Epc2-201",1.25783348954061e-12,"Down"
1.64338989449674e-17,-1.8472739224377,0.268,0.51,1.26301086951652e-12,"Myl6-202",1.26301086951652e-12,"Down"
1.87561390148419e-17,-1.07635022829563,0.376,0.112,1.44148430784666e-12,"Rybp-201",1.44148430784666e-12,"Down"
1.88402877052516e-17,-1.0997423635237,0.422,0.133,1.44795147129941e-12,"Glce-203",1.44795147129941e-12,"Down"
1.91762662452028e-17,-1.06138351002993,0.552,0.194,1.47377276600881e-12,"Rnf2-201",1.47377276600881e-12,"Down"
2.14104969375549e-17,-1.06787445887277,0.464,0.152,1.64548233163884e-12,"Lsm12-201",1.64548233163884e-12,"Down"
2.38023756722377e-17,-1.37962096763633,0.454,0.146,1.82930777991416e-12,"Wrnip1-202",1.82930777991416e-12,"Down"
2.56073591987506e-17,-1.20665510409541,0.373,0.114,1.96802798386078e-12,"Manf-202",1.96802798386078e-12,"Down"
2.62854871291837e-17,-1.33090750156003,0.193,0.473,2.02014482782628e-12,"Plec-215",2.02014482782628e-12,"Down"
2.67868833608023e-17,-1.05946504331749,0.363,0.107,2.0586791338111e-12,"Prpf6-203",2.0586791338111e-12,"Down"
2.67868833608023e-17,-1.05946504331749,0.363,0.107,2.0586791338111e-12,"Prpf6-201",2.0586791338111e-12,"Down"
3.01343320122251e-17,-1.23290967916521,0.5,0.17,2.31594395246755e-12,"Sri-205",2.31594395246755e-12,"Down"
3.80802993942605e-17,-2.98732800360816,0.17,0.405,2.92662332964649e-12,"Rrbp1-202",2.92662332964649e-12,"Down"
3.99683638540522e-17,1.40704786755085,0.428,0.156,3.07172863563933e-12,"Tnc-204",3.07172863563933e-12,"Up"
4.41099132176902e-17,-2.68533366672276,0.105,0.343,3.39002327043236e-12,"Col5a2-203",3.39002327043236e-12,"Down"
4.49796890212508e-17,-1.02313941911467,0.415,0.131,3.45686902003921e-12,"Snw1-201",3.45686902003921e-12,"Down"
5.57567661452282e-17,-2.93937418449272,0.34,0.496,4.28513050532537e-12,"Hnrnpa2b1-209",4.28513050532537e-12,"Down"
6.11263537120673e-17,-1.32437117358619,0.369,0.111,4.69780478818722e-12,"Utp18-201",4.69780478818722e-12,"Down"
7.10691057478683e-17,-1.10893243970869,0.454,0.15,5.46194505314667e-12,"Clptm1-201",5.46194505314667e-12,"Down"
7.248628285541e-17,-1.16008435828883,0.461,0.156,5.57086078256968e-12,"Anp32a-201",5.57086078256968e-12,"Down"
8.19633137623583e-17,-1.19630165482411,0.415,0.132,6.29920851589229e-12,"Ncaph2-203",6.29920851589229e-12,"Down"
9.07911770532622e-17,-1.05596926316939,0.359,0.642,6.97766512125142e-12,"Fn1-216",6.97766512125142e-12,"Down"
9.5814216466663e-17,-1.05806347767299,0.366,0.111,7.36370579232892e-12,"Tmem248-201",7.36370579232892e-12,"Down"
1.07635054937366e-16,-1.51688912233653,0.425,0.136,8.27218451215632e-12,"Upf1-201",8.27218451215632e-12,"Down"
1.11427247210788e-16,-1.16969276442514,0.418,0.136,8.56362965713793e-12,"Noc2l-201",8.56362965713793e-12,"Down"
1.18134313789157e-16,1.21981800432632,0.67,0.48,9.07909455195185e-12,"Flna-203",9.07909455195185e-12,"Up"
1.51136633658832e-16,-1.02587646825595,0.454,0.151,1.16154548432159e-11,"Vmn2r53-202",1.16154548432159e-11,"Down"
1.51136633658832e-16,-1.02587646825595,0.454,0.151,1.16154548432159e-11,"Vmn2r53-203",1.16154548432159e-11,"Down"
1.65742937653798e-16,-1.27981222121851,0.448,0.149,1.2738007730445e-11,"Morc2a-202",1.2738007730445e-11,"Down"
1.70571902404886e-16,-1.07951763273146,0.373,0.114,1.31091329874251e-11,"Habp4-201",1.31091329874251e-11,"Down"
1.76878620906798e-16,-1.14497540819694,0.412,0.132,1.35938295311711e-11,"Wdr43-201",1.35938295311711e-11,"Down"
2.32333837451476e-16,-1.23253287337146,0.199,0.473,1.78557847434958e-11,"Plec-217",1.78557847434958e-11,"Down"
2.40029080597183e-16,-1.33720656286934,0.392,0.123,1.84471949602159e-11,"Xrcc1-205",1.84471949602159e-11,"Down"
2.40029080597183e-16,-1.3372065565714,0.392,0.123,1.84471949602159e-11,"Xrcc1-201",1.84471949602159e-11,"Down"
2.58893412795524e-16,-2.39992859186345,0.154,0.385,1.98969943469872e-11,"Pgam1-ps2-201",1.98969943469872e-11,"Down"
2.83139367026731e-16,1.24520517736628,0.35,0.117,2.17603929134724e-11,"Epb41-214",2.17603929134724e-11,"Up"
3.052606039998e-16,1.16631687399255,0.487,0.245,2.34604984598007e-11,"Col6a2-202",2.34604984598007e-11,"Up"
3.29922708862855e-16,-1.19309059484901,0.451,0.152,2.53558798669458e-11,"Uqcrc1-201",2.53558798669458e-11,"Down"
3.3368945097881e-16,-1.64565426656421,0.408,0.131,2.56453690655255e-11,"Creld2-201",2.56453690655255e-11,"Down"
3.43378490767572e-16,1.24874725218129,0.376,0.132,2.63900105294509e-11,"Epb41-206",2.63900105294509e-11,"Up"
3.6477925632252e-16,-1.09773129824591,0.448,0.152,2.80347449654109e-11,"Chd3-202",2.80347449654109e-11,"Down"
4.44785865050828e-16,-1.23063491662257,0.422,0.139,3.41835728726163e-11,"Rae1-201",3.41835728726163e-11,"Down"
4.53854917579863e-16,-1.64456014965733,0.392,0.125,3.48805658356828e-11,"Dhx16-201",3.48805658356828e-11,"Down"
4.6210339102395e-16,-1.32022644486677,0.461,0.155,3.55144940137546e-11,"Tmem14c-201",3.55144940137546e-11,"Down"
4.90379369045184e-16,-1.91459877509155,0.35,0.105,3.76876160285986e-11,"Tent2-205",3.76876160285986e-11,"Down"
5.11109644323388e-16,-1.58398592027812,0.461,0.155,3.92808206048297e-11,"Wrnip1-201",3.92808206048297e-11,"Down"
6.50335052634091e-16,-1.51978541143859,0.343,0.103,4.99808501351405e-11,"Phf13-201",4.99808501351405e-11,"Down"
8.08469125188523e-16,-1.46767228665741,0.35,0.108,6.21340861472387e-11,"Ilf3-201",6.21340861472387e-11,"Down"
9.71175793202868e-16,-1.01689745783755,0.337,0.102,7.46387444108133e-11,"Tra2a-201",7.46387444108133e-11,"Down"
9.81754964668074e-16,-1.22788305168138,0.209,0.476,7.54517960546002e-11,"Plec-221",7.54517960546002e-11,"Down"
1.18118724915247e-15,-1.30818201344287,0.431,0.145,9.07789648463639e-11,"Ddrgk1-201",9.07789648463639e-11,"Down"
1.19192117434215e-15,-1.04190874724392,0.405,0.135,9.16039099328914e-11,"Cebpz-201",9.16039099328914e-11,"Down"
1.23078092518955e-15,-1.027088118302,0.343,0.105,9.4590437224518e-11,"Sgta-201",9.4590437224518e-11,"Down"
1.27891735896923e-15,-1.03658081965891,0.588,0.217,9.82899147062211e-11,"Creg1-202",9.82899147062211e-11,"Down"
1.40174296108957e-15,-1.33109446591558,0.507,0.179,1.07729553531578e-10,"Rheb-201",1.07729553531578e-10,"Down"
1.58619465927366e-15,-2.04951088554828,0.346,0.107,1.21905404343818e-10,"Gtf2a2-202",1.21905404343818e-10,"Down"
1.72883667262282e-15,1.10376060239383,0.428,0.191,1.32868013637755e-10,"Sptan1-204",1.32868013637755e-10,"Up"
1.87045989095652e-15,-1.18344338407521,0.533,0.194,1.43752324459573e-10,"Oga-201",1.43752324459573e-10,"Down"
1.87633421005457e-15,-1.15577419802973,0.507,0.18,1.44203789379534e-10,"Cd164-201",1.44203789379534e-10,"Down"
2.0840895542535e-15,-1.01972465643595,0.366,0.117,1.60170618602598e-10,"Rer1-201",1.60170618602598e-10,"Down"
2.77047688229843e-15,-1.3624640840728,0.386,0.126,2.12922230312163e-10,"Rbm27-202",2.12922230312163e-10,"Down"
2.82294046893316e-15,-1.29613174389964,0.18,0.436,2.16954266799389e-10,"Plec-208",2.16954266799389e-10,"Down"
3.18505190720681e-15,-1.15087587718041,0.356,0.114,2.44783979276472e-10,"Hdgfl2-212",2.44783979276472e-10,"Down"
3.6598853462722e-15,1.14177590851938,0.5,0.253,2.81276828402404e-10,"Sptbn1-202",2.81276828402404e-10,"Up"
3.92483312899508e-15,-1.183739371628,0.412,0.14,3.01639125295788e-10,"Pfdn6-201",3.01639125295788e-10,"Down"
4.00469983067142e-15,-1.00220970638246,0.461,0.163,3.07777200786422e-10,"Ubap1-201",3.07777200786422e-10,"Down"
4.20051402395162e-15,-1.4468872364947,0.395,0.132,3.22826304796778e-10,"Brap-201",3.22826304796778e-10,"Down"
4.43502213562567e-15,-1.23224275765229,0.343,0.107,3.40849191211375e-10,"Jagn1-201",3.40849191211375e-10,"Down"
5.14101482404274e-15,-1.64130846324496,0.376,0.122,3.95107553286981e-10,"Dhx16-207",3.95107553286981e-10,"Down"
6.4131473928782e-15,-2.97307852532006,0.17,0.372,4.92876029732261e-10,"Clta-204",4.92876029732261e-10,"Down"
7.19403692253428e-15,-1.03932929630422,0.536,0.196,5.52890513644449e-10,"Ube2z-201",5.52890513644449e-10,"Down"
7.20109652130694e-15,-1.0095511756491,0.402,0.137,5.53433072048524e-10,"Ufc1-201",5.53433072048524e-10,"Down"
7.31679273662125e-15,-1.36326615272049,0.399,0.133,5.6232478898029e-10,"Rad54l2-201",5.6232478898029e-10,"Down"
7.48789406825067e-15,-1.16331090834061,0.761,0.714,5.75474610721337e-10,"Rhoa-201",5.75474610721337e-10,"Down"
8.72707085509348e-15,-2.95921233090878,0.17,0.371,6.70710303497355e-10,"Clta-205",6.70710303497355e-10,"Down"
9.94353046031781e-15,-1.9126346869551,0.448,0.548,7.64200089997265e-10,"Riok3-204",7.64200089997265e-10,"Down"
1.01796778604192e-14,-1.52941866882598,0.425,0.147,7.82348962284655e-10,"Commd4-204",7.82348962284655e-10,"Down"
1.22432558189087e-14,-1.49163655108233,0.369,0.122,9.4094318270641e-10,"Cdc42se2-201",9.4094318270641e-10,"Down"
1.28588978738224e-14,-1.00031199003856,0.549,0.205,9.88257737194746e-10,"Ppcdc-209",9.88257737194746e-10,"Down"
1.34384566553306e-14,-1.61508885255664,0.379,0.126,1.03279914778878e-09,"Rnf115-201",1.03279914778878e-09,"Down"
1.40414391524371e-14,-1.56452598102077,0.333,0.104,1.0791407646214e-09,"Mcmbp-202",1.0791407646214e-09,"Down"
1.57498843518506e-14,1.61815944699174,0.467,0.241,1.21044161197713e-09,"Gnas-223",1.21044161197713e-09,"Up"
1.59337864973625e-14,-1.31191320455089,0.503,0.184,1.2245752274683e-09,"Cct7-201",1.2245752274683e-09,"Down"
1.6435589467344e-14,-2.18507695393825,0.19,0.399,1.26314079292325e-09,"Eif4a1-201",1.26314079292325e-09,"Down"
1.83169684319527e-14,-1.38217574638322,0.353,0.114,1.4077322918693e-09,"Psmb5-201",1.4077322918693e-09,"Down"
1.84001535245889e-14,-1.63427872974058,0.412,0.142,1.41412539897876e-09,"Szrd1-202",1.41412539897876e-09,"Down"
1.84097994971988e-14,-1.21754348214249,0.376,0.126,1.41486673055772e-09,"Fam50a-201",1.41486673055772e-09,"Down"
1.86413520368379e-14,-1.33793272227556,0.235,0.482,1.43266246943914e-09,"Plec-203",1.43266246943914e-09,"Down"
1.89745515928464e-14,-1.20602023069161,0.471,0.169,1.45827018811662e-09,"0610012G03Rik-201",1.45827018811662e-09,"Down"
1.91305090433098e-14,-1.0057742862696,0.549,0.208,1.47025614201453e-09,"Sdhb-201",1.47025614201453e-09,"Down"
2.19861095554963e-14,-1.79634680340062,0.16,0.382,1.68972046377811e-09,"Vim-206",1.68972046377811e-09,"Down"
2.20012237064888e-14,-1.55777509502861,0.493,0.178,1.69088204673849e-09,"Arl8b-201",1.69088204673849e-09,"Down"
2.48888211612949e-14,-1.2257819178302,0.366,0.122,1.91280546153016e-09,"Smap2-201",1.91280546153016e-09,"Down"
2.60433556847238e-14,-2.1660208992084,0.19,0.402,2.00153605779376e-09,"Myl6-203",2.00153605779376e-09,"Down"
2.62424561801941e-14,-1.26779801422321,0.373,0.125,2.01683772727264e-09,"Tcof1-204",2.01683772727264e-09,"Down"
3.40762924099715e-14,-2.83708028613674,0.216,0.403,2.61889937687595e-09,"Clta-203",2.61889937687595e-09,"Down"
3.45139028999693e-14,-1.54492146015667,0.435,0.154,2.65253149347424e-09,"Ypel5-201",2.65253149347424e-09,"Down"
4.06210706947958e-14,-1.19234167370767,0.418,0.147,3.12189176717784e-09,"Kat7-205",3.12189176717784e-09,"Down"
4.41069800260222e-14,-1.0752603779082,0.801,0.85,3.38979784291991e-09,"Ppia-202",3.38979784291991e-09,"Down"
4.41123174103319e-14,-1.13793917117286,0.346,0.114,3.39020804225365e-09,"Pdcd6-203",3.39020804225365e-09,"Down"
4.85456352589671e-14,-1.36006195775817,0.333,0.108,3.73092625219265e-09,"Rab24-201",3.73092625219265e-09,"Down"
4.88872436712323e-14,-1.19103590402774,0.51,0.188,3.75718022510889e-09,"Smc3-201",3.75718022510889e-09,"Down"
5.74418234331559e-14,-1.07556475527299,0.52,0.197,4.41463389813177e-09,"Sp3-204",4.41463389813177e-09,"Down"
6.41473598190509e-14,-3.68193795294284,0.216,0.39,4.92998119153334e-09,"Clic4-202",4.92998119153334e-09,"Down"
6.58368759842492e-14,-1.26976276708224,0.477,0.178,5.05982726689349e-09,"Bcas2-201",5.05982726689349e-09,"Down"
8.12131438831e-14,-1.04425207335045,0.529,0.202,6.24155495999177e-09,"Pdcd6-201",6.24155495999177e-09,"Down"
9.31884405181498e-14,-1.54311263118975,0.356,0.119,7.16190440758189e-09,"Szrd1-201",7.16190440758189e-09,"Down"
9.53126084481477e-14,-1.26382319690458,0.405,0.144,7.32515520967395e-09,"Cks2-201",7.32515520967395e-09,"Down"
1.0089819589737e-13,-1.42479967425374,0.35,0.117,7.75442994749651e-09,"Mrto4-202",7.75442994749651e-09,"Down"
1.08859571518412e-13,-1.18511030581107,0.542,0.205,8.36629350947601e-09,"Pom121-201",8.36629350947601e-09,"Down"
1.10575803946655e-13,-1.08960700922755,0.448,0.164,8.49819283651622e-09,"Marchf5-201",8.49819283651622e-09,"Down"
1.31380779961286e-13,-1.3076486571426,0.461,0.173,1.00971384631447e-08,"Psme2-208",1.00971384631447e-08,"Down"
1.39959360186327e-13,-1.25594231150048,0.418,0.15,1.075643666776e-08,"Cript-201",1.075643666776e-08,"Down"
1.60968743611794e-13,-1.01882385177513,0.526,0.202,1.23710918215408e-08,"Mfap1a-201",1.23710918215408e-08,"Down"
1.67750852945538e-13,-1.24989025193476,0.353,0.122,1.28923240522764e-08,"Etfb-201",1.28923240522764e-08,"Down"
1.77210011654809e-13,-1.26971070371857,0.467,0.174,1.36192982357187e-08,"Naa12-205",1.36192982357187e-08,"Down"
1.80771092206262e-13,-1.12763174843016,0.395,0.14,1.38929815204201e-08,"Clptm1-208",1.38929815204201e-08,"Down"
3.42378680909569e-13,-1.18735300845188,0.356,0.123,2.6313171142624e-08,"Brpf1-202",2.6313171142624e-08,"Down"
3.91786581435576e-13,-1.25186260087271,0.343,0.117,3.01103659296497e-08,"Brpf1-203",3.01103659296497e-08,"Down"
4.08249803816946e-13,-2.03352953662266,0.203,0.389,3.13756304225476e-08,"Ywhag-205",3.13756304225476e-08,"Down"
5.58620264140974e-13,-1.79268461315682,0.405,0.146,4.29322017802904e-08,"Cebpg-202",4.29322017802904e-08,"Down"
6.5076267837142e-13,-1.62636039665856,0.395,0.142,5.00137148835571e-08,"Drg1-201",5.00137148835571e-08,"Down"
7.13327231751119e-13,-1.78458543182569,0.392,0.14,5.48220510690005e-08,"Prelid3b-201",5.48220510690005e-08,"Down"
9.68930984312339e-13,-1.74888961719785,0.333,0.113,7.44662218683405e-08,"Cnot9-201",7.44662218683405e-08,"Down"
9.76214699882041e-13,-1.44947316453045,0.435,0.163,7.50260045447344e-08,"Ap1m1-201",7.50260045447344e-08,"Down"
1.01148066552713e-12,-1.01862912699586,0.337,0.118,7.77363350684221e-08,"Srsf5-201",7.77363350684221e-08,"Down"
1.01516163448926e-12,-2.77558508037665,0.458,0.172,7.80192322570374e-08,"Cd74-201",7.80192322570374e-08,"Down"
1.07226255050755e-12,-1.24280008126757,0.441,0.166,8.24076660567072e-08,"Naa12-201",8.24076660567072e-08,"Down"
1.11010414014727e-12,-1.09333498810965,0.572,0.227,8.53159435868782e-08,"Slc4a1-201",8.53159435868782e-08,"Down"
1.15090727212373e-12,-1.02109694970228,0.389,0.142,8.8451827491797e-08,"Psmd13-207",8.8451827491797e-08,"Down"
1.28294512767489e-12,-1.47115727909012,0.51,0.196,9.8599464842326e-08,"Ppp3r1-201",9.8599464842326e-08,"Down"
1.33104620305026e-12,-1.61448111082046,0.399,0.145,1.02296224889224e-07,"Snap29-201",1.02296224889224e-07,"Down"
1.4190946144568e-12,-1.75061908030427,0.418,0.155,1.09063097499463e-07,"Zc3h13-203",1.09063097499463e-07,"Down"
1.51576252144058e-12,-1.61249600449102,0.389,0.14,1.16492412822795e-07,"Zfp488-201",1.16492412822795e-07,"Down"
1.67849723115827e-12,-1.43984326238583,0.366,0.131,1.28999226203438e-07,"ENSMUST00000249907.1",1.28999226203438e-07,"Down"
1.68428902569054e-12,-1.45476177348585,0.369,0.132,1.29444348780421e-07,"Dennd1a-201",1.29444348780421e-07,"Down"
2.20470369033299e-12,-1.31706647161354,0.353,0.126,1.69440297416851e-07,"Atp5g3-201",1.69440297416851e-07,"Down"
2.20858787200004e-12,1.00261638577231,0.477,0.253,1.69738812314691e-07,"Wnk1-203",1.69738812314691e-07,"Up"
2.4688838077954e-12,-1.07400848263737,0.363,0.131,1.89743596164308e-07,"Map4k5-202",1.89743596164308e-07,"Down"
2.51704157587255e-12,-1.54890588616833,0.369,0.133,1.93444713272109e-07,"Ypel5-202",1.93444713272109e-07,"Down"
2.60874541297655e-12,-1.33862115724786,0.395,0.146,2.004925199689e-07,"Ube2a-210",2.004925199689e-07,"Down"
2.60874541297655e-12,-1.33862115724786,0.395,0.146,2.004925199689e-07,"Ube2a-201",2.004925199689e-07,"Down"
2.69936791715235e-12,-1.90022924133483,0.422,0.158,2.07457221904826e-07,"Rell1-204",2.07457221904826e-07,"Down"
2.78129568923824e-12,1.07840574391889,0.559,0.324,2.13753698900715e-07,"Cald1-204",2.13753698900715e-07,"Up"
3.13695823460171e-12,-1.23964746471915,0.448,0.172,2.4108778816208e-07,"Hdac2-201",2.4108778816208e-07,"Down"
3.16445203963355e-12,-1.66048372950964,0.33,0.114,2.43200797053997e-07,"Skp1-201",2.43200797053997e-07,"Down"
3.37408769400517e-12,-1.60783467030407,0.33,0.114,2.59312135635074e-07,"Mrpl51-201",2.59312135635074e-07,"Down"
3.50646692131754e-12,-1.64706227851451,0.343,0.121,2.69486008770939e-07,"Gadd45gip1-201",2.69486008770939e-07,"Down"
3.5270947851344e-12,-1.56897572329448,0.389,0.144,2.71071342616719e-07,"Rwdd1-201",2.71071342616719e-07,"Down"
3.90170314757257e-12,-1.67109737990985,0.395,0.146,2.99861493703543e-07,"Cdc42ep1-201",2.99861493703543e-07,"Down"
4.04762609062542e-12,-1.45643767609319,0.48,0.189,3.11076255568926e-07,"Naa12-202",3.11076255568926e-07,"Down"
4.16003716022384e-12,-1.28458239095747,0.454,0.175,3.19715495911843e-07,"H1f0-201",3.19715495911843e-07,"Down"
4.55100625940051e-12,-1.92900004189367,0.35,0.125,3.49763035059967e-07,"Szrd1-205",3.49763035059967e-07,"Down"
4.7178603357154e-12,1.28113739951383,0.608,0.388,3.62586438241071e-07,"Gnas-207",3.62586438241071e-07,"Up"
4.97538805634434e-12,-1.13295308264918,0.366,0.133,3.82378473682288e-07,"Psmc5-201",3.82378473682288e-07,"Down"
4.99106895856555e-12,-1.5522103729004,0.487,0.192,3.83583613741597e-07,"Bcar1-201",3.83583613741597e-07,"Down"
6.26303891324473e-12,-1.49908296774566,0.412,0.156,4.8133959263851e-07,"Llph-202",4.8133959263851e-07,"Down"
6.33633842834928e-12,-1.39138862041652,0.461,0.178,4.86972953572355e-07,"Dhx38-201",4.86972953572355e-07,"Down"
6.61831809098562e-12,-1.08401211531956,0.408,0.156,5.08644218564609e-07,"Hcfc1-202",5.08644218564609e-07,"Down"
7.45862061789868e-12,-1.50642128901567,0.405,0.154,5.73224828967985e-07,"Ranbp1-202",5.73224828967985e-07,"Down"
8.53123083512528e-12,-1.69838708976527,0.529,0.21,6.55659214602718e-07,"Tmem248-202",6.55659214602718e-07,"Down"
1.40173760927336e-11,-2.16895843938957,0.343,0.123,1.07729142223095e-06,"Eed-201",1.07729142223095e-06,"Down"
1.40173760927336e-11,-2.16895843938957,0.343,0.123,1.07729142223095e-06,"Eed-212",1.07729142223095e-06,"Down"
1.44634714011546e-11,-1.02075530562491,0.389,0.147,1.11157563106433e-06,"Trim25-201",1.11157563106433e-06,"Down"
1.44972303968371e-11,-1.52347739235367,0.366,0.136,1.11417014491852e-06,"Ndfip2-206",1.11417014491852e-06,"Down"
1.62969347511468e-11,-1.15117047738203,0.49,0.196,1.25248462336464e-06,"Zfp622-201",1.25248462336464e-06,"Down"
2.23445708980773e-11,-1.13355580525181,0.458,0.184,1.71726965180083e-06,"Zdhhc20-201",1.71726965180083e-06,"Down"
3.51740032670986e-11,-1.60477702520683,0.389,0.149,2.70326284708959e-06,"Mcm4-201",2.70326284708959e-06,"Down"
3.75479785268527e-11,-1.17441616472981,0.748,0.67,2.88571234170274e-06,"Calm1-202",2.88571234170274e-06,"Down"
4.18972757110721e-11,-1.08227986596808,0.526,0.213,3.21997322749874e-06,"Supt16-201",3.21997322749874e-06,"Down"
4.20360666162675e-11,-1.32550231703317,0.379,0.145,3.23063986372662e-06,"Clptm1-205",3.23063986372662e-06,"Down"
5.08631383661698e-11,-1.37886502924292,0.369,0.141,3.90903563599361e-06,"Pmpca-201",3.90903563599361e-06,"Down"
5.31062206921096e-11,-3.43884362955655,0.31,0.414,4.08142548507139e-06,"Txnl1-201",4.08142548507139e-06,"Down"
5.31617621030784e-11,-1.68355002568953,0.441,0.174,4.08569406466999e-06,"Ndufb11-201",4.08569406466999e-06,"Down"
5.58217779596289e-11,1.00381703101536,0.588,0.394,4.29012692330932e-06,"App-203",4.29012692330932e-06,"Up"
5.77133969282589e-11,-1.22314770421381,0.402,0.161,4.43550540752441e-06,"Metap2-206",4.43550540752441e-06,"Down"
6.5600220419517e-11,-2.12202310755872,0.353,0.133,5.04163934012156e-06,"Prmt1-203",5.04163934012156e-06,"Down"
6.93794353584529e-11,-2.33131705038621,0.542,0.546,5.33208712503854e-06,"Atp5g1-201",5.33208712503854e-06,"Down"
7.08854014848473e-11,-1.15643509740691,0.507,0.207,5.44782664571646e-06,"Taf7-201",5.44782664571646e-06,"Down"
8.52604767239764e-11,-1.16870765610772,0.464,0.191,6.55260867814448e-06,"Ppp1r14b-201",6.55260867814448e-06,"Down"
9.57370108376808e-11,-1.28046247766642,0.549,0.227,7.35777223091912e-06,"Phb2-201",7.35777223091912e-06,"Down"
1.07819355619484e-10,-1.96133607644829,0.18,0.352,8.28634875677981e-06,"Colec12-201",8.28634875677981e-06,"Down"
1.17476140515474e-10,-1.03916047379006,0.438,0.194,9.02851130317623e-06,"Tle3-204",9.02851130317623e-06,"Down"
1.21499936814445e-10,-1.11988194569131,0.333,0.13,9.33775614393733e-06,"Dynlt1c-201",9.33775614393733e-06,"Down"
1.78427184573787e-10,1.03912641034003,0.611,0.461,1.37128428432338e-05,"Postn-201",1.37128428432338e-05,"Up"
2.00748966445062e-10,-1.51632646282434,0.513,0.219,1.54283610671688e-05,"Ssrp1-201",1.54283610671688e-05,"Down"
2.19200563012887e-10,-1.8896834437431,0.435,0.175,1.68464400697924e-05,"Aars-201",1.68464400697924e-05,"Down"
3.03529363901724e-10,-1.70772464593661,0.422,0.17,2.33274457333031e-05,"Galnt10-201",2.33274457333031e-05,"Down"
3.48654363472206e-10,-1.04190927288716,0.346,0.136,2.6795482450293e-05,"Vps25-202",2.6795482450293e-05,"Down"
4.03725610430655e-10,-1.83444939964776,0.464,0.191,3.10279280640376e-05,"Ppm1g-201",3.10279280640376e-05,"Down"
4.41798950700739e-10,-2.12205948537498,0.333,0.127,3.39540165571546e-05,"Thap11-201",3.39540165571546e-05,"Down"
4.75089849866714e-10,-1.29107508784636,0.546,0.23,3.65125553216564e-05,"Rbm17-201",3.65125553216564e-05,"Down"
4.87224719289041e-10,-1.36696972972782,0.552,0.233,3.744516857624e-05,"Nenf-201",3.744516857624e-05,"Down"
5.04535468301443e-10,-1.18692896335498,0.412,0.174,3.87755688808391e-05,"Nolc1-203",3.87755688808391e-05,"Down"
5.35107524583335e-10,-1.33402340680193,0.474,0.197,4.11251536943277e-05,"Idh3b-201",4.11251536943277e-05,"Down"
5.53905752725117e-10,-1.45741744414774,0.461,0.202,4.25698727199361e-05,"Gng12-201",4.25698727199361e-05,"Down"
6.01723589314337e-10,-1.02355157671995,0.569,0.244,4.62448647331641e-05,"Mta2-201",4.62448647331641e-05,"Down"
6.02688122231389e-10,-1.29489656237738,0.376,0.152,4.63189929459711e-05,"Srp14-201",4.63189929459711e-05,"Down"
8.61442421301114e-10,-2.00815450506876,0.366,0.147,6.62052958466758e-05,"Srp19-201",6.62052958466758e-05,"Down"
9.70331817200693e-10,-1.05225207469431,0.353,0.142,7.4573881479142e-05,"Ramp2-203",7.4573881479142e-05,"Down"
1.0351330271685e-09,-1.35543568146486,0.33,0.13,7.95541136700076e-05,"Pawr-201",7.95541136700076e-05,"Down"
1.307191797591e-09,-2.55882980108272,0.529,0.504,0.000100462918412059,"Txnl1-206",0.000100462918412059,"Down"
1.31358256075833e-09,-2.42530924787304,0.513,0.521,0.00010095407412452,"Atp5g1-202",0.00010095407412452,"Down"
1.79384432467737e-09,1.08584751066288,0.627,0.511,0.000137864111728755,"Postn-203",0.000137864111728755,"Up"
1.8599727799335e-09,-1.81088571827956,0.474,0.199,0.000142946348029009,"Or2y1-203",0.000142946348029009,"Down"
1.8599727799335e-09,-1.81088571837689,0.474,0.199,0.000142946348029009,"Or2y1-202",0.000142946348029009,"Down"
1.88581270818484e-09,-1.63299349921844,0.261,0.407,0.000144932249874838,"Eif4a1-204",0.000144932249874838,"Down"
2.13432875027865e-09,-1.52732054432619,0.415,0.174,0.000164031701773915,"Rnf7-201",0.000164031701773915,"Down"
2.55839930537371e-09,-1.38654242440093,0.49,0.213,0.000196623220215191,"Herpud1-205",0.000196623220215191,"Down"
2.86782480158204e-09,-1.41381050194429,0.346,0.141,0.000220403807300786,"Llph-201",0.000220403807300786,"Down"
2.91784583076611e-09,-1.56092718123296,0.369,0.151,0.000224248123477699,"Mrpl57-201",0.000224248123477699,"Down"
3.15788137689726e-09,-1.79996377563429,0.66,0.592,0.000242695815340062,"Plp2-201",0.000242695815340062,"Down"
3.17790194499968e-09,-1.22181757566048,0.739,0.623,0.000244234476081005,"Lamp1-201",0.000244234476081005,"Down"
3.31007255677445e-09,-1.24027121408393,0.68,0.629,0.000254392316278343,"Ankrd17-201",0.000254392316278343,"Down"
3.41470220099567e-09,-1.64695454866522,0.343,0.14,0.000262433522955321,"Net1-202",0.000262433522955321,"Down"
3.95952987704362e-09,-1.38884097085542,0.425,0.182,0.00030430570917031,"Bcar1-203",0.00030430570917031,"Down"
3.95990887912023e-09,-1.311657419095,0.441,0.188,0.000304334836995906,"Hexim1-201",0.000304334836995906,"Down"
4.28238985422047e-09,-1.22042850217308,0.48,0.208,0.00032911878985626,"Nap1l4-206",0.00032911878985626,"Down"
5.63295338874341e-09,-2.41121194853461,0.533,0.52,0.000432914999738486,"Cox6c-201",0.000432914999738486,"Down"
5.8191852790861e-09,-1.08661442420137,0.376,0.159,0.000447227665438883,"Nme1-203",0.000447227665438883,"Down"
7.37025914129476e-09,-1.5739712692062,0.402,0.172,0.000566433896045067,"Zrsr2-201",0.000566433896045067,"Down"
7.5663403182981e-09,-1.01424565895565,0.493,0.217,0.000581503518822482,"Nucks1-201",0.000581503518822482,"Down"
7.65732377969313e-09,-3.2913320090629,0.216,0.33,0.000588495961764536,"Adss-203",0.000588495961764536,"Down"
8.02695493757978e-09,-1.66662613343123,0.487,0.211,0.000616903594772756,"Clptm1l-201",0.000616903594772756,"Down"
9.45810311301973e-09,-1.06790373210844,0.35,0.149,0.000726893056648019,"Pxn-210",0.000726893056648019,"Down"
9.90833214125704e-09,-2.82634379329951,0.588,0.529,0.000761494958384169,"Gpx1-201",0.000761494958384169,"Down"
1.1700727704387e-08,-1.70647432397567,0.33,0.136,0.000899247726992959,"Chd3-201",0.000899247726992959,"Down"
1.5264594581593e-08,-1.34906050229813,0.219,0.379,0.00117314515197375,"Flna-202",0.00117314515197375,"Down"
1.52874611883106e-08,-1.19141313159657,0.435,0.577,0.00117490254216642,"Myl6-201",0.00117490254216642,"Down"
1.5588150942002e-08,-1.55698391231302,0.255,0.402,0.00119801175249662,"Hnrnpa3-201",0.00119801175249662,"Down"
1.67395295615559e-08,-1.36466575176348,0.422,0.186,0.00128649980492382,"Hcfc1r1-201",0.00128649980492382,"Down"
1.77481286931689e-08,-1.7667515158225,0.382,0.163,0.0013640146825848,"Uqcrfs1-201",0.0013640146825848,"Down"
2.07194415944993e-08,-1.27003776449483,0.418,0.187,0.00159237196430365,"Psma7-201",0.00159237196430365,"Down"
2.18659339400997e-08,-1.50647841696594,0.386,0.168,0.00168048448703242,"Jarid2-216",0.00168048448703242,"Down"
2.45527785967962e-08,-1.11286105947785,0.637,0.29,0.00188697924627818,"Rnf11-201",0.00188697924627818,"Down"
2.83722304008927e-08,-1.41657507384168,0.392,0.174,0.00218051939523021,"Dnmt1-201",0.00218051939523021,"Down"
2.87130492061093e-08,-1.37821337106512,0.539,0.243,0.00220671268368632,"Cdr2-201",0.00220671268368632,"Down"
2.9867374531068e-08,-1.74250461336629,0.343,0.146,0.0022954272022107,"Commd4-201",0.0022954272022107,"Down"
3.07863501639743e-08,-1.17498987011214,0.183,0.347,0.00236605415550208,"Psap-204",0.00236605415550208,"Down"
3.25973607763034e-08,-1.90877454897898,0.359,0.154,0.00250523756510202,"Ndufa13-201",0.00250523756510202,"Down"
3.38068617237627e-08,-1.1058242556111,0.399,0.18,0.00259819255091806,"Gclm-201",0.00259819255091806,"Down"
3.89652461078484e-08,-1.75040735450424,0.337,0.146,0.00299463502437258,"Atp5h-201",0.00299463502437258,"Down"
3.94318440541642e-08,-1.85986456294118,0.5,0.224,0.00303049494293873,"Taldo1-201",0.00303049494293873,"Down"
4.04555047819109e-08,-1.49571966518285,0.216,0.361,0.00310916736450898,"Myl6-207",0.00310916736450898,"Down"
4.46337727047786e-08,-1.2731122132858,0.343,0.151,0.00343028396745306,"Lrrfip2-202",0.00343028396745306,"Down"
5.60057899692012e-08,-1.27434519689821,0.739,0.659,0.00430426898229299,"Srrm2-210",0.00430426898229299,"Down"
5.77255589464125e-08,-2.30939548348775,0.333,0.141,0.00443644010726759,"Yeats4-201",0.00443644010726759,"Down"
6.75342023021493e-08,-1.92926933333522,0.513,0.525,0.00519027358372938,"Mkrn1-201",0.00519027358372938,"Down"
7.31570297592843e-08,-1.1451806613702,0.5,0.229,0.00562241036512003,"Lmnb1-201",0.00562241036512003,"Down"
7.65384976350986e-08,-1.38913402885175,0.376,0.166,0.00588228969724787,"Hcfc1r1-203",0.00588228969724787,"Down"
8.05809328938083e-08,-1.75536772525282,0.458,0.206,0.00619296701662074,"Psmc3-202",0.00619296701662074,"Down"
1.07347612440761e-07,-3.41946882751913,0.474,0.456,0.00825009340652224,"Ubxn1-204",0.00825009340652224,"Down"
1.10340471205814e-07,-1.11773064929097,0.343,0.151,0.00848010657405164,"Tcf3-201",0.00848010657405164,"Down"
1.14857521730053e-07,-1.07480520128657,0.448,0.207,0.00882725997504152,"Smarca4-204",0.00882725997504152,"Down"
1.1717230268008e-07,-1.09352763822329,0.467,0.22,0.00900516015017485,"Srsf6-203",0.00900516015017485,"Down"
1.20878347197371e-07,-1.53842451708483,0.51,0.23,0.00928998449550672,"Tomm70a-201",0.00928998449550672,"Down"
1.23167921349856e-07,-1.85037230315223,0.337,0.146,0.00946594742742184,"Hand1-201",0.00946594742742184,"Down"
