Ifnar1-201	52888bd610a8bf912e7b719247b499d5	590	SUPERFAMILY	SSF49265	Fibronectin type III	111	223	2.17E-26	T	03-04-2026	IPR036116	Fibronectin type III superfamily	-	-
Ifnar1-201	52888bd610a8bf912e7b719247b499d5	590	Phobius	TRANSMEMBRANE	Region of a membrane-bound protein predicted to be embedded in the membrane.	429	449	-	T	03-04-2026	-	-	-	-
Ifnar1-201	52888bd610a8bf912e7b719247b499d5	590	Phobius	SIGNAL_PEPTIDE_N_REGION	N-terminal region of a signal peptide.	1	1	-	T	03-04-2026	-	-	-	-
Ifnar1-201	52888bd610a8bf912e7b719247b499d5	590	PANTHER	PTHR20859	INTERFERON/INTERLEUKIN RECEPTOR	16	224	3.6E-84	T	03-04-2026	-	-	-	-
Ifnar1-201	52888bd610a8bf912e7b719247b499d5	590	Phobius	NON_CYTOPLASMIC_DOMAIN	Region of a membrane-bound protein predicted to be outside the membrane, in the extracellular region.	22	428	-	T	03-04-2026	-	-	-	-
Ifnar1-201	52888bd610a8bf912e7b719247b499d5	590	CDD	cd00063	FN3	31	121	5.13534E-4	T	03-04-2026	IPR003961	Fibronectin type III	-	-
Ifnar1-201	52888bd610a8bf912e7b719247b499d5	590	Phobius	SIGNAL_PEPTIDE_C_REGION	C-terminal region of a signal peptide.	14	21	-	T	03-04-2026	-	-	-	-
Ifnar1-201	52888bd610a8bf912e7b719247b499d5	590	Phobius	SIGNAL_PEPTIDE_H_REGION	Hydrophobic region of a signal peptide.	2	13	-	T	03-04-2026	-	-	-	-
Ifnar1-201	52888bd610a8bf912e7b719247b499d5	590	SUPERFAMILY	SSF49265	Fibronectin type III	30	135	3.73E-22	T	03-04-2026	IPR036116	Fibronectin type III superfamily	-	-
Ifnar1-201	52888bd610a8bf912e7b719247b499d5	590	PIRSF	PIRSF016567	IFNAR1	1	580	0.0	T	03-04-2026	IPR016669	Interferon alpha/beta receptor 1	-	-
Ifnar1-201	52888bd610a8bf912e7b719247b499d5	590	Pfam	PF01108	Tissue factor	12	114	4.8E-12	T	03-04-2026	IPR003961	Fibronectin type III	-	-
Ifnar1-201	52888bd610a8bf912e7b719247b499d5	590	MobiDBLite	mobidb-lite	consensus disorder prediction	518	530	-	T	03-04-2026	-	-	-	-
Ifnar1-201	52888bd610a8bf912e7b719247b499d5	590	FunFam	G3DSA:2.60.40.10:FF:000842	Interferon receptor 1 isoform 4	332	428	3.9E-29	T	03-04-2026	-	-	-	-
Ifnar1-201	52888bd610a8bf912e7b719247b499d5	590	FunFam	G3DSA:2.60.40.10:FF:000842	Interferon receptor 1 isoform 4	127	229	8.6E-34	T	03-04-2026	-	-	-	-
Ifnar1-201	52888bd610a8bf912e7b719247b499d5	590	SignalP_GRAM_NEGATIVE	SignalP-noTM	SignalP-noTM	1	25	-	T	03-04-2026	-	-	-	-
Ifnar1-201	52888bd610a8bf912e7b719247b499d5	590	FunFam	G3DSA:2.60.40.10:FF:001548	Interferon receptor 1 isoform 4	27	126	7.9E-43	T	03-04-2026	-	-	-	-
Ifnar1-201	52888bd610a8bf912e7b719247b499d5	590	Gene3D	G3DSA:2.60.40.10	Immunoglobulins	229	329	7.8E-24	T	03-04-2026	IPR013783	Immunoglobulin-like fold	-	-
Ifnar1-201	52888bd610a8bf912e7b719247b499d5	590	Gene3D	G3DSA:2.60.40.10	Immunoglobulins	128	228	8.3E-26	T	03-04-2026	IPR013783	Immunoglobulin-like fold	-	-
Ifnar1-201	52888bd610a8bf912e7b719247b499d5	590	Pfam	PF09294	Interferon-alpha/beta receptor, fibronectin type III	335	422	6.4E-8	T	03-04-2026	IPR015373	Interferon/interleukin receptor domain	-	-
Ifnar1-201	52888bd610a8bf912e7b719247b499d5	590	Pfam	PF09294	Interferon-alpha/beta receptor, fibronectin type III	127	224	2.6E-21	T	03-04-2026	IPR015373	Interferon/interleukin receptor domain	-	-
Ifnar1-201	52888bd610a8bf912e7b719247b499d5	590	Gene3D	G3DSA:2.60.40.10	Immunoglobulins	330	429	1.0E-26	T	03-04-2026	IPR013783	Immunoglobulin-like fold	-	-
Ifnar1-201	52888bd610a8bf912e7b719247b499d5	590	TMHMM	TMhelix	Region of a membrane-bound protein predicted to be embedded in the membrane.	427	449	-	T	03-04-2026	-	-	-	-
Ifnar1-201	52888bd610a8bf912e7b719247b499d5	590	Phobius	SIGNAL_PEPTIDE	Signal peptide region	1	21	-	T	03-04-2026	-	-	-	-
Ifnar1-201	52888bd610a8bf912e7b719247b499d5	590	MobiDBLite	mobidb-lite	consensus disorder prediction	514	545	-	T	03-04-2026	-	-	-	-
Ifnar1-201	52888bd610a8bf912e7b719247b499d5	590	Phobius	CYTOPLASMIC_DOMAIN	Region of a membrane-bound protein predicted to be outside the membrane, in the cytoplasm.	450	590	-	T	03-04-2026	-	-	-	-
Ifnar1-201	52888bd610a8bf912e7b719247b499d5	590	ProSiteProfiles	PS50853	Fibronectin type-III domain profile.	332	425	10.130556	T	03-04-2026	IPR003961	Fibronectin type III	-	-
Ifnar1-201	52888bd610a8bf912e7b719247b499d5	590	SUPERFAMILY	SSF49265	Fibronectin type III	230	340	4.92E-16	T	03-04-2026	IPR036116	Fibronectin type III superfamily	-	-
Ifnar1-201	52888bd610a8bf912e7b719247b499d5	590	Gene3D	G3DSA:2.60.40.10	Immunoglobulins	26	124	8.0E-24	T	03-04-2026	IPR013783	Immunoglobulin-like fold	-	-
Ifnar1-201	52888bd610a8bf912e7b719247b499d5	590	SignalP_GRAM_POSITIVE	SignalP-TM	SignalP-TM	1	23	-	T	03-04-2026	-	-	-	-
Ifnar1-201	52888bd610a8bf912e7b719247b499d5	590	SMART	SM00060	FN3_2	128	213	96.0	T	03-04-2026	IPR003961	Fibronectin type III	-	-
Ifnar1-201	52888bd610a8bf912e7b719247b499d5	590	SMART	SM00060	FN3_2	29	110	9.4	T	03-04-2026	IPR003961	Fibronectin type III	-	-
Ifnar1-201	52888bd610a8bf912e7b719247b499d5	590	SMART	SM00060	FN3_2	332	409	4.4	T	03-04-2026	IPR003961	Fibronectin type III	-	-
Ifnar1-201	52888bd610a8bf912e7b719247b499d5	590	SignalP_GRAM_NEGATIVE	SignalP-noTM	SignalP-noTM	1	24	-	T	03-04-2026	-	-	-	-
Ifnar1-201	52888bd610a8bf912e7b719247b499d5	590	SUPERFAMILY	SSF49265	Fibronectin type III	316	422	4.46E-19	T	03-04-2026	IPR036116	Fibronectin type III superfamily	-	-
Ifnar1-203	ab84e298381f92182d87170bac0a4192	283	Phobius	SIGNAL_PEPTIDE	Signal peptide region	1	21	-	T	03-04-2026	-	-	-	-
Ifnar1-203	ab84e298381f92182d87170bac0a4192	283	Phobius	SIGNAL_PEPTIDE_N_REGION	N-terminal region of a signal peptide.	1	1	-	T	03-04-2026	-	-	-	-
Ifnar1-203	ab84e298381f92182d87170bac0a4192	283	Pfam	PF09294	Interferon-alpha/beta receptor, fibronectin type III	127	224	7.0E-22	T	03-04-2026	IPR015373	Interferon/interleukin receptor domain	-	-
Ifnar1-203	ab84e298381f92182d87170bac0a4192	283	SUPERFAMILY	SSF49265	Fibronectin type III	111	223	5.5E-27	T	03-04-2026	IPR036116	Fibronectin type III superfamily	-	-
Ifnar1-203	ab84e298381f92182d87170bac0a4192	283	Gene3D	G3DSA:2.60.40.10	Immunoglobulins	128	229	2.2E-26	T	03-04-2026	IPR013783	Immunoglobulin-like fold	-	-
Ifnar1-203	ab84e298381f92182d87170bac0a4192	283	SignalP_GRAM_NEGATIVE	SignalP-noTM	SignalP-noTM	1	24	-	T	03-04-2026	-	-	-	-
Ifnar1-203	ab84e298381f92182d87170bac0a4192	283	Pfam	PF01108	Tissue factor	12	114	1.2E-12	T	03-04-2026	IPR003961	Fibronectin type III	-	-
Ifnar1-203	ab84e298381f92182d87170bac0a4192	283	CDD	cd00063	FN3	31	121	5.45003E-4	T	03-04-2026	IPR003961	Fibronectin type III	-	-
Ifnar1-203	ab84e298381f92182d87170bac0a4192	283	Phobius	SIGNAL_PEPTIDE_C_REGION	C-terminal region of a signal peptide.	14	21	-	T	03-04-2026	-	-	-	-
Ifnar1-203	ab84e298381f92182d87170bac0a4192	283	Phobius	SIGNAL_PEPTIDE_H_REGION	Hydrophobic region of a signal peptide.	2	13	-	T	03-04-2026	-	-	-	-
Ifnar1-203	ab84e298381f92182d87170bac0a4192	283	PANTHER	PTHR20859	INTERFERON/INTERLEUKIN RECEPTOR	16	224	1.3E-47	T	03-04-2026	-	-	-	-
Ifnar1-203	ab84e298381f92182d87170bac0a4192	283	SUPERFAMILY	SSF49265	Fibronectin type III	30	135	9.32E-23	T	03-04-2026	IPR036116	Fibronectin type III superfamily	-	-
Ifnar1-203	ab84e298381f92182d87170bac0a4192	283	FunFam	G3DSA:2.60.40.10:FF:001548	Interferon receptor 1 isoform 4	27	126	2.1E-43	T	03-04-2026	-	-	-	-
Ifnar1-203	ab84e298381f92182d87170bac0a4192	283	Gene3D	G3DSA:2.60.40.10	Immunoglobulins	26	124	2.2E-24	T	03-04-2026	IPR013783	Immunoglobulin-like fold	-	-
Ifnar1-203	ab84e298381f92182d87170bac0a4192	283	SignalP_GRAM_POSITIVE	SignalP-TM	SignalP-TM	1	23	-	T	03-04-2026	-	-	-	-
Ifnar1-203	ab84e298381f92182d87170bac0a4192	283	SignalP_GRAM_NEGATIVE	SignalP-noTM	SignalP-noTM	1	25	-	T	03-04-2026	-	-	-	-
Ifnar1-203	ab84e298381f92182d87170bac0a4192	283	Phobius	NON_CYTOPLASMIC_DOMAIN	Region of a membrane-bound protein predicted to be outside the membrane, in the extracellular region.	22	283	-	T	03-04-2026	-	-	-	-
Ifnar1-203	ab84e298381f92182d87170bac0a4192	283	FunFam	G3DSA:2.60.40.10:FF:000842	Interferon receptor 1 isoform 4	127	229	2.3E-34	T	03-04-2026	-	-	-	-
Ifnar1-202	52888bd610a8bf912e7b719247b499d5	590	SUPERFAMILY	SSF49265	Fibronectin type III	111	223	2.17E-26	T	03-04-2026	IPR036116	Fibronectin type III superfamily	-	-
Ifnar1-202	52888bd610a8bf912e7b719247b499d5	590	Phobius	TRANSMEMBRANE	Region of a membrane-bound protein predicted to be embedded in the membrane.	429	449	-	T	03-04-2026	-	-	-	-
Ifnar1-202	52888bd610a8bf912e7b719247b499d5	590	Phobius	SIGNAL_PEPTIDE_N_REGION	N-terminal region of a signal peptide.	1	1	-	T	03-04-2026	-	-	-	-
Ifnar1-202	52888bd610a8bf912e7b719247b499d5	590	PANTHER	PTHR20859	INTERFERON/INTERLEUKIN RECEPTOR	16	224	3.6E-84	T	03-04-2026	-	-	-	-
Ifnar1-202	52888bd610a8bf912e7b719247b499d5	590	Phobius	NON_CYTOPLASMIC_DOMAIN	Region of a membrane-bound protein predicted to be outside the membrane, in the extracellular region.	22	428	-	T	03-04-2026	-	-	-	-
Ifnar1-202	52888bd610a8bf912e7b719247b499d5	590	CDD	cd00063	FN3	31	121	5.13534E-4	T	03-04-2026	IPR003961	Fibronectin type III	-	-
Ifnar1-202	52888bd610a8bf912e7b719247b499d5	590	Phobius	SIGNAL_PEPTIDE_C_REGION	C-terminal region of a signal peptide.	14	21	-	T	03-04-2026	-	-	-	-
Ifnar1-202	52888bd610a8bf912e7b719247b499d5	590	Phobius	SIGNAL_PEPTIDE_H_REGION	Hydrophobic region of a signal peptide.	2	13	-	T	03-04-2026	-	-	-	-
Ifnar1-202	52888bd610a8bf912e7b719247b499d5	590	SUPERFAMILY	SSF49265	Fibronectin type III	30	135	3.73E-22	T	03-04-2026	IPR036116	Fibronectin type III superfamily	-	-
Ifnar1-202	52888bd610a8bf912e7b719247b499d5	590	PIRSF	PIRSF016567	IFNAR1	1	580	0.0	T	03-04-2026	IPR016669	Interferon alpha/beta receptor 1	-	-
Ifnar1-202	52888bd610a8bf912e7b719247b499d5	590	Pfam	PF01108	Tissue factor	12	114	4.8E-12	T	03-04-2026	IPR003961	Fibronectin type III	-	-
Ifnar1-202	52888bd610a8bf912e7b719247b499d5	590	MobiDBLite	mobidb-lite	consensus disorder prediction	518	530	-	T	03-04-2026	-	-	-	-
Ifnar1-202	52888bd610a8bf912e7b719247b499d5	590	FunFam	G3DSA:2.60.40.10:FF:000842	Interferon receptor 1 isoform 4	332	428	3.9E-29	T	03-04-2026	-	-	-	-
Ifnar1-202	52888bd610a8bf912e7b719247b499d5	590	FunFam	G3DSA:2.60.40.10:FF:000842	Interferon receptor 1 isoform 4	127	229	8.6E-34	T	03-04-2026	-	-	-	-
Ifnar1-202	52888bd610a8bf912e7b719247b499d5	590	FunFam	G3DSA:2.60.40.10:FF:001548	Interferon receptor 1 isoform 4	27	126	7.9E-43	T	03-04-2026	-	-	-	-
Ifnar1-202	52888bd610a8bf912e7b719247b499d5	590	Gene3D	G3DSA:2.60.40.10	Immunoglobulins	229	329	7.8E-24	T	03-04-2026	IPR013783	Immunoglobulin-like fold	-	-
Ifnar1-202	52888bd610a8bf912e7b719247b499d5	590	SignalP_GRAM_NEGATIVE	SignalP-noTM	SignalP-noTM	1	25	-	T	03-04-2026	-	-	-	-
Ifnar1-202	52888bd610a8bf912e7b719247b499d5	590	Gene3D	G3DSA:2.60.40.10	Immunoglobulins	128	228	8.3E-26	T	03-04-2026	IPR013783	Immunoglobulin-like fold	-	-
Ifnar1-202	52888bd610a8bf912e7b719247b499d5	590	Pfam	PF09294	Interferon-alpha/beta receptor, fibronectin type III	335	422	6.4E-8	T	03-04-2026	IPR015373	Interferon/interleukin receptor domain	-	-
Ifnar1-202	52888bd610a8bf912e7b719247b499d5	590	Pfam	PF09294	Interferon-alpha/beta receptor, fibronectin type III	127	224	2.6E-21	T	03-04-2026	IPR015373	Interferon/interleukin receptor domain	-	-
Ifnar1-202	52888bd610a8bf912e7b719247b499d5	590	Gene3D	G3DSA:2.60.40.10	Immunoglobulins	330	429	1.0E-26	T	03-04-2026	IPR013783	Immunoglobulin-like fold	-	-
Ifnar1-202	52888bd610a8bf912e7b719247b499d5	590	TMHMM	TMhelix	Region of a membrane-bound protein predicted to be embedded in the membrane.	427	449	-	T	03-04-2026	-	-	-	-
Ifnar1-202	52888bd610a8bf912e7b719247b499d5	590	Phobius	SIGNAL_PEPTIDE	Signal peptide region	1	21	-	T	03-04-2026	-	-	-	-
Ifnar1-202	52888bd610a8bf912e7b719247b499d5	590	MobiDBLite	mobidb-lite	consensus disorder prediction	514	545	-	T	03-04-2026	-	-	-	-
Ifnar1-202	52888bd610a8bf912e7b719247b499d5	590	SignalP_GRAM_NEGATIVE	SignalP-noTM	SignalP-noTM	1	24	-	T	03-04-2026	-	-	-	-
Ifnar1-202	52888bd610a8bf912e7b719247b499d5	590	Phobius	CYTOPLASMIC_DOMAIN	Region of a membrane-bound protein predicted to be outside the membrane, in the cytoplasm.	450	590	-	T	03-04-2026	-	-	-	-
Ifnar1-202	52888bd610a8bf912e7b719247b499d5	590	ProSiteProfiles	PS50853	Fibronectin type-III domain profile.	332	425	10.130556	T	03-04-2026	IPR003961	Fibronectin type III	-	-
Ifnar1-202	52888bd610a8bf912e7b719247b499d5	590	SUPERFAMILY	SSF49265	Fibronectin type III	230	340	4.92E-16	T	03-04-2026	IPR036116	Fibronectin type III superfamily	-	-
Ifnar1-202	52888bd610a8bf912e7b719247b499d5	590	Gene3D	G3DSA:2.60.40.10	Immunoglobulins	26	124	8.0E-24	T	03-04-2026	IPR013783	Immunoglobulin-like fold	-	-
Ifnar1-202	52888bd610a8bf912e7b719247b499d5	590	SignalP_GRAM_POSITIVE	SignalP-TM	SignalP-TM	1	23	-	T	03-04-2026	-	-	-	-
Ifnar1-202	52888bd610a8bf912e7b719247b499d5	590	SMART	SM00060	FN3_2	128	213	96.0	T	03-04-2026	IPR003961	Fibronectin type III	-	-
Ifnar1-202	52888bd610a8bf912e7b719247b499d5	590	SMART	SM00060	FN3_2	29	110	9.4	T	03-04-2026	IPR003961	Fibronectin type III	-	-
Ifnar1-202	52888bd610a8bf912e7b719247b499d5	590	SMART	SM00060	FN3_2	332	409	4.4	T	03-04-2026	IPR003961	Fibronectin type III	-	-
Ifnar1-202	52888bd610a8bf912e7b719247b499d5	590	SUPERFAMILY	SSF49265	Fibronectin type III	316	422	4.46E-19	T	03-04-2026	IPR036116	Fibronectin type III superfamily	-	-
Il7r-204	a6bb9f8bb6af5e94bf642c23aeff2fbf	286	Phobius	SIGNAL_PEPTIDE_N_REGION	N-terminal region of a signal peptide.	1	6	-	T	03-04-2026	-	-	-	-
Il7r-204	a6bb9f8bb6af5e94bf642c23aeff2fbf	286	Pfam	PF18447	Fibronectin type III domain	32	127	1.5E-36	T	03-04-2026	IPR040997	IL-7Ralpha, fibronectin type III domain	-	-
Il7r-204	a6bb9f8bb6af5e94bf642c23aeff2fbf	286	TMHMM	TMhelix	Region of a membrane-bound protein predicted to be embedded in the membrane.	241	263	-	T	03-04-2026	-	-	-	-
Il7r-204	a6bb9f8bb6af5e94bf642c23aeff2fbf	286	SignalP_EUK	SignalP-noTM	SignalP-noTM	1	20	-	T	03-04-2026	-	-	-	-
Il7r-204	a6bb9f8bb6af5e94bf642c23aeff2fbf	286	Phobius	SIGNAL_PEPTIDE_H_REGION	Hydrophobic region of a signal peptide.	7	15	-	T	03-04-2026	-	-	-	-
Il7r-204	a6bb9f8bb6af5e94bf642c23aeff2fbf	286	Phobius	CYTOPLASMIC_DOMAIN	Region of a membrane-bound protein predicted to be outside the membrane, in the cytoplasm.	265	286	-	T	03-04-2026	-	-	-	-
Il7r-204	a6bb9f8bb6af5e94bf642c23aeff2fbf	286	Phobius	TRANSMEMBRANE	Region of a membrane-bound protein predicted to be embedded in the membrane.	241	264	-	T	03-04-2026	-	-	-	-
Il7r-204	a6bb9f8bb6af5e94bf642c23aeff2fbf	286	SUPERFAMILY	SSF49265	Fibronectin type III	127	231	1.61E-13	T	03-04-2026	IPR036116	Fibronectin type III superfamily	-	-
Il7r-204	a6bb9f8bb6af5e94bf642c23aeff2fbf	286	ProSiteProfiles	PS50853	Fibronectin type-III domain profile.	131	232	15.589952	T	03-04-2026	IPR003961	Fibronectin type III	-	-
Il7r-204	a6bb9f8bb6af5e94bf642c23aeff2fbf	286	SignalP_GRAM_POSITIVE	SignalP-TM	SignalP-TM	1	25	-	T	03-04-2026	-	-	-	-
Il7r-204	a6bb9f8bb6af5e94bf642c23aeff2fbf	286	Gene3D	G3DSA:2.60.40.1870	-	36	128	1.5E-42	T	03-04-2026	-	-	-	-
Il7r-204	a6bb9f8bb6af5e94bf642c23aeff2fbf	286	Phobius	SIGNAL_PEPTIDE_C_REGION	C-terminal region of a signal peptide.	16	20	-	T	03-04-2026	-	-	-	-
Il7r-204	a6bb9f8bb6af5e94bf642c23aeff2fbf	286	Phobius	SIGNAL_PEPTIDE	Signal peptide region	1	20	-	T	03-04-2026	-	-	-	-
Il7r-204	a6bb9f8bb6af5e94bf642c23aeff2fbf	286	Gene3D	G3DSA:2.60.40.10	Immunoglobulins	129	239	8.5E-30	T	03-04-2026	IPR013783	Immunoglobulin-like fold	-	-
Il7r-204	a6bb9f8bb6af5e94bf642c23aeff2fbf	286	ProSitePatterns	PS01355	Short hematopoietin receptor family 1 signature.	195	227	-	T	03-04-2026	IPR003531	Short hematopoietin receptor, family 1, conserved site	-	-
Il7r-204	a6bb9f8bb6af5e94bf642c23aeff2fbf	286	PANTHER	PTHR23037	CYTOKINE RECEPTOR	38	286	3.7E-27	T	03-04-2026	-	-	-	-
Il7r-204	a6bb9f8bb6af5e94bf642c23aeff2fbf	286	FunFam	G3DSA:2.60.40.10:FF:001443	Interleukin-7 receptor subunit alpha	129	239	4.1E-61	T	03-04-2026	-	-	-	-
Il7r-204	a6bb9f8bb6af5e94bf642c23aeff2fbf	286	CDD	cd00063	FN3	130	229	3.25572E-4	T	03-04-2026	IPR003961	Fibronectin type III	-	-
Il7r-204	a6bb9f8bb6af5e94bf642c23aeff2fbf	286	Phobius	NON_CYTOPLASMIC_DOMAIN	Region of a membrane-bound protein predicted to be outside the membrane, in the extracellular region.	21	240	-	T	03-04-2026	-	-	-	-
Il7r-201	6a2958492e1484c4d2322ee22e17f77f	459	Phobius	SIGNAL_PEPTIDE_N_REGION	N-terminal region of a signal peptide.	1	6	-	T	03-04-2026	-	-	-	-
Il7r-201	6a2958492e1484c4d2322ee22e17f77f	459	SUPERFAMILY	SSF49265	Fibronectin type III	127	231	4.07E-13	T	03-04-2026	IPR036116	Fibronectin type III superfamily	-	-
Il7r-201	6a2958492e1484c4d2322ee22e17f77f	459	SignalP_GRAM_POSITIVE	SignalP-TM	SignalP-TM	1	25	-	T	03-04-2026	-	-	-	-
Il7r-201	6a2958492e1484c4d2322ee22e17f77f	459	TMHMM	TMhelix	Region of a membrane-bound protein predicted to be embedded in the membrane.	241	263	-	T	03-04-2026	-	-	-	-
Il7r-201	6a2958492e1484c4d2322ee22e17f77f	459	Pfam	PF18447	Fibronectin type III domain	32	127	3.7E-36	T	03-04-2026	IPR040997	IL-7Ralpha, fibronectin type III domain	-	-
Il7r-201	6a2958492e1484c4d2322ee22e17f77f	459	Gene3D	G3DSA:2.60.40.10	Immunoglobulins	129	239	2.1E-29	T	03-04-2026	IPR013783	Immunoglobulin-like fold	-	-
Il7r-201	6a2958492e1484c4d2322ee22e17f77f	459	Phobius	SIGNAL_PEPTIDE_H_REGION	Hydrophobic region of a signal peptide.	7	15	-	T	03-04-2026	-	-	-	-
Il7r-201	6a2958492e1484c4d2322ee22e17f77f	459	MobiDBLite	mobidb-lite	consensus disorder prediction	347	357	-	T	03-04-2026	-	-	-	-
Il7r-201	6a2958492e1484c4d2322ee22e17f77f	459	Phobius	TRANSMEMBRANE	Region of a membrane-bound protein predicted to be embedded in the membrane.	241	264	-	T	03-04-2026	-	-	-	-
Il7r-201	6a2958492e1484c4d2322ee22e17f77f	459	ProSitePatterns	PS01355	Short hematopoietin receptor family 1 signature.	195	227	-	T	03-04-2026	IPR003531	Short hematopoietin receptor, family 1, conserved site	-	-
Il7r-201	6a2958492e1484c4d2322ee22e17f77f	459	Gene3D	G3DSA:2.60.40.1870	-	36	128	3.6E-42	T	03-04-2026	-	-	-	-
Il7r-201	6a2958492e1484c4d2322ee22e17f77f	459	ProSiteProfiles	PS50853	Fibronectin type-III domain profile.	131	232	15.589952	T	03-04-2026	IPR003961	Fibronectin type III	-	-
Il7r-201	6a2958492e1484c4d2322ee22e17f77f	459	MobiDBLite	mobidb-lite	consensus disorder prediction	337	365	-	T	03-04-2026	-	-	-	-
Il7r-201	6a2958492e1484c4d2322ee22e17f77f	459	PANTHER	PTHR23037	CYTOKINE RECEPTOR	53	457	6.3E-33	T	03-04-2026	-	-	-	-
Il7r-201	6a2958492e1484c4d2322ee22e17f77f	459	Phobius	SIGNAL_PEPTIDE_C_REGION	C-terminal region of a signal peptide.	16	20	-	T	03-04-2026	-	-	-	-
Il7r-201	6a2958492e1484c4d2322ee22e17f77f	459	Phobius	SIGNAL_PEPTIDE	Signal peptide region	1	20	-	T	03-04-2026	-	-	-	-
Il7r-201	6a2958492e1484c4d2322ee22e17f77f	459	MobiDBLite	mobidb-lite	consensus disorder prediction	378	413	-	T	03-04-2026	-	-	-	-
Il7r-201	6a2958492e1484c4d2322ee22e17f77f	459	MobiDBLite	mobidb-lite	consensus disorder prediction	388	397	-	T	03-04-2026	-	-	-	-
Il7r-201	6a2958492e1484c4d2322ee22e17f77f	459	CDD	cd00063	FN3	130	229	0.00179374	T	03-04-2026	IPR003961	Fibronectin type III	-	-
Il7r-201	6a2958492e1484c4d2322ee22e17f77f	459	SignalP_EUK	SignalP-noTM	SignalP-noTM	1	20	-	T	03-04-2026	-	-	-	-
Il7r-201	6a2958492e1484c4d2322ee22e17f77f	459	Phobius	NON_CYTOPLASMIC_DOMAIN	Region of a membrane-bound protein predicted to be outside the membrane, in the extracellular region.	21	240	-	T	03-04-2026	-	-	-	-
Il7r-201	6a2958492e1484c4d2322ee22e17f77f	459	Phobius	CYTOPLASMIC_DOMAIN	Region of a membrane-bound protein predicted to be outside the membrane, in the cytoplasm.	265	459	-	T	03-04-2026	-	-	-	-
Il6st-203	a5c25306f9a089f227ef14018a274e18	917	Phobius	CYTOPLASMIC_DOMAIN	Region of a membrane-bound protein predicted to be outside the membrane, in the cytoplasm.	640	917	-	T	03-04-2026	-	-	-	-
Il6st-203	a5c25306f9a089f227ef14018a274e18	917	SUPERFAMILY	SSF49265	Fibronectin type III	24	123	3.34E-42	T	03-04-2026	IPR036116	Fibronectin type III superfamily	-	-
Il6st-203	a5c25306f9a089f227ef14018a274e18	917	Phobius	SIGNAL_PEPTIDE_C_REGION	C-terminal region of a signal peptide.	18	22	-	T	03-04-2026	-	-	-	-
Il6st-203	a5c25306f9a089f227ef14018a274e18	917	ProSiteProfiles	PS50853	Fibronectin type-III domain profile.	222	322	20.015848	T	03-04-2026	IPR003961	Fibronectin type III	-	-
Il6st-203	a5c25306f9a089f227ef14018a274e18	917	FunFam	G3DSA:2.60.40.10:FF:000855	Interleukin-6 receptor subunit beta	425	512	2.6E-42	T	03-04-2026	-	-	-	-
Il6st-203	a5c25306f9a089f227ef14018a274e18	917	SUPERFAMILY	SSF49265	Fibronectin type III	435	608	3.91E-20	T	03-04-2026	IPR036116	Fibronectin type III superfamily	-	-
Il6st-203	a5c25306f9a089f227ef14018a274e18	917	Gene3D	G3DSA:2.60.40.10	Immunoglobulins	23	122	6.3E-33	T	03-04-2026	IPR013783	Immunoglobulin-like fold	-	-
Il6st-203	a5c25306f9a089f227ef14018a274e18	917	MobiDBLite	mobidb-lite	consensus disorder prediction	729	753	-	T	03-04-2026	-	-	-	-
Il6st-203	a5c25306f9a089f227ef14018a274e18	917	Phobius	SIGNAL_PEPTIDE_N_REGION	N-terminal region of a signal peptide.	1	5	-	T	03-04-2026	-	-	-	-
Il6st-203	a5c25306f9a089f227ef14018a274e18	917	FunFam	G3DSA:2.60.40.10:FF:000542	Interleukin-6 receptor subunit beta	523	610	3.9E-40	T	03-04-2026	-	-	-	-
Il6st-203	a5c25306f9a089f227ef14018a274e18	917	SUPERFAMILY	SSF49265	Fibronectin type III	219	408	8.16E-21	T	03-04-2026	IPR036116	Fibronectin type III superfamily	-	-
Il6st-203	a5c25306f9a089f227ef14018a274e18	917	Pfam	PF25552	Leukemia inhibitory factor receptor D4 domain	125	207	1.6E-4	T	03-04-2026	-	-	-	-
Il6st-203	a5c25306f9a089f227ef14018a274e18	917	Gene3D	G3DSA:2.60.40.10	Immunoglobulins	123	220	6.4E-30	T	03-04-2026	IPR013783	Immunoglobulin-like fold	-	-
Il6st-203	a5c25306f9a089f227ef14018a274e18	917	FunFam	G3DSA:2.60.40.10:FF:000281	Cytokine receptor like factor 1	123	219	2.3E-38	T	03-04-2026	-	-	-	-
Il6st-203	a5c25306f9a089f227ef14018a274e18	917	Phobius	NON_CYTOPLASMIC_DOMAIN	Region of a membrane-bound protein predicted to be outside the membrane, in the extracellular region.	23	618	-	T	03-04-2026	-	-	-	-
Il6st-203	a5c25306f9a089f227ef14018a274e18	917	SignalP_EUK	SignalP-noTM	SignalP-noTM	1	22	-	T	03-04-2026	-	-	-	-
Il6st-203	a5c25306f9a089f227ef14018a274e18	917	Gene3D	G3DSA:2.60.40.10	Immunoglobulins	425	512	1.4E-23	T	03-04-2026	IPR013783	Immunoglobulin-like fold	-	-
Il6st-203	a5c25306f9a089f227ef14018a274e18	917	ProSitePatterns	PS01353	Long hematopoietin receptor, gp130 family signature.	402	455	-	T	03-04-2026	IPR003529	Long hematopoietin receptor, Gp130 family 2, conserved site	-	-
Il6st-203	a5c25306f9a089f227ef14018a274e18	917	MobiDBLite	mobidb-lite	consensus disorder prediction	898	917	-	T	03-04-2026	-	-	-	-
Il6st-203	a5c25306f9a089f227ef14018a274e18	917	FunFam	G3DSA:2.60.40.10:FF:000563	interleukin-6 receptor subunit beta	221	329	1.1E-48	T	03-04-2026	-	-	-	-
Il6st-203	a5c25306f9a089f227ef14018a274e18	917	Gene3D	G3DSA:2.60.40.10	Immunoglobulins	221	330	1.2E-24	T	03-04-2026	IPR013783	Immunoglobulin-like fold	-	-
Il6st-203	a5c25306f9a089f227ef14018a274e18	917	Pfam	PF00041	Fibronectin type III domain	523	599	1.9E-5	T	03-04-2026	IPR003961	Fibronectin type III	-	-
Il6st-203	a5c25306f9a089f227ef14018a274e18	917	Pfam	PF00041	Fibronectin type III domain	222	313	4.4E-6	T	03-04-2026	IPR003961	Fibronectin type III	-	-
Il6st-203	a5c25306f9a089f227ef14018a274e18	917	PANTHER	PTHR23036	CYTOKINE RECEPTOR	282	795	1.4E-55	T	03-04-2026	IPR050379	Type I Cytokine Receptor	-	-
Il6st-203	a5c25306f9a089f227ef14018a274e18	917	FunFam	G3DSA:2.60.40.10:FF:000524	Interleukin-6 receptor subunit beta	26	122	3.4E-34	T	03-04-2026	-	-	-	-
Il6st-203	a5c25306f9a089f227ef14018a274e18	917	FunFam	G3DSA:2.60.40.10:FF:000414	Interleukin-6 receptor subunit beta	330	415	3.5E-28	T	03-04-2026	-	-	-	-
Il6st-203	a5c25306f9a089f227ef14018a274e18	917	Phobius	SIGNAL_PEPTIDE_H_REGION	Hydrophobic region of a signal peptide.	6	17	-	T	03-04-2026	-	-	-	-
Il6st-203	a5c25306f9a089f227ef14018a274e18	917	SUPERFAMILY	SSF49265	Fibronectin type III	123	219	7.38E-27	T	03-04-2026	IPR036116	Fibronectin type III superfamily	-	-
Il6st-203	a5c25306f9a089f227ef14018a274e18	917	CDD	cd00063	FN3	220	319	7.37831E-13	T	03-04-2026	IPR003961	Fibronectin type III	-	-
Il6st-203	a5c25306f9a089f227ef14018a274e18	917	SMART	SM00060	FN3_2	324	407	14.0	T	03-04-2026	IPR003961	Fibronectin type III	-	-
Il6st-203	a5c25306f9a089f227ef14018a274e18	917	SMART	SM00060	FN3_2	220	306	9.8E-8	T	03-04-2026	IPR003961	Fibronectin type III	-	-
Il6st-203	a5c25306f9a089f227ef14018a274e18	917	SMART	SM00060	FN3_2	422	503	8.3	T	03-04-2026	IPR003961	Fibronectin type III	-	-
Il6st-203	a5c25306f9a089f227ef14018a274e18	917	SMART	SM00060	FN3_2	126	205	16.0	T	03-04-2026	IPR003961	Fibronectin type III	-	-
Il6st-203	a5c25306f9a089f227ef14018a274e18	917	SMART	SM00060	FN3_2	517	600	6.4E-4	T	03-04-2026	IPR003961	Fibronectin type III	-	-
Il6st-203	a5c25306f9a089f227ef14018a274e18	917	MobiDBLite	mobidb-lite	consensus disorder prediction	719	754	-	T	03-04-2026	-	-	-	-
Il6st-203	a5c25306f9a089f227ef14018a274e18	917	CDD	cd00063	FN3	517	608	1.58469E-9	T	03-04-2026	IPR003961	Fibronectin type III	-	-
Il6st-203	a5c25306f9a089f227ef14018a274e18	917	CDD	cd00063	FN3	437	503	0.00461247	T	03-04-2026	IPR003961	Fibronectin type III	-	-
Il6st-203	a5c25306f9a089f227ef14018a274e18	917	Gene3D	G3DSA:2.60.40.10	Immunoglobulins	331	415	1.3E-18	T	03-04-2026	IPR013783	Immunoglobulin-like fold	-	-
Il6st-203	a5c25306f9a089f227ef14018a274e18	917	MobiDBLite	mobidb-lite	consensus disorder prediction	658	678	-	T	03-04-2026	-	-	-	-
Il6st-203	a5c25306f9a089f227ef14018a274e18	917	Pfam	PF06328	Ig-like C2-type domain	26	119	2.0E-27	T	03-04-2026	IPR010457	Immunoglobulin C2-set-like, ligand-binding	-	-
Il6st-203	a5c25306f9a089f227ef14018a274e18	917	Phobius	TRANSMEMBRANE	Region of a membrane-bound protein predicted to be embedded in the membrane.	619	639	-	T	03-04-2026	-	-	-	-
Il6st-203	a5c25306f9a089f227ef14018a274e18	917	ProSiteProfiles	PS50853	Fibronectin type-III domain profile.	517	611	16.552446	T	03-04-2026	IPR003961	Fibronectin type III	-	-
Il6st-203	a5c25306f9a089f227ef14018a274e18	917	TMHMM	TMhelix	Region of a membrane-bound protein predicted to be embedded in the membrane.	618	640	-	T	03-04-2026	-	-	-	-
Il6st-203	a5c25306f9a089f227ef14018a274e18	917	Gene3D	G3DSA:2.60.40.10	Immunoglobulins	523	610	1.5E-21	T	03-04-2026	IPR013783	Immunoglobulin-like fold	-	-
Il6st-203	a5c25306f9a089f227ef14018a274e18	917	Phobius	SIGNAL_PEPTIDE	Signal peptide region	1	22	-	T	03-04-2026	-	-	-	-
Il6st-201	a5c25306f9a089f227ef14018a274e18	917	Phobius	CYTOPLASMIC_DOMAIN	Region of a membrane-bound protein predicted to be outside the membrane, in the cytoplasm.	640	917	-	T	03-04-2026	-	-	-	-
Il6st-201	a5c25306f9a089f227ef14018a274e18	917	SignalP_EUK	SignalP-noTM	SignalP-noTM	1	22	-	T	03-04-2026	-	-	-	-
Il6st-201	a5c25306f9a089f227ef14018a274e18	917	SUPERFAMILY	SSF49265	Fibronectin type III	24	123	3.34E-42	T	03-04-2026	IPR036116	Fibronectin type III superfamily	-	-
Il6st-201	a5c25306f9a089f227ef14018a274e18	917	Phobius	SIGNAL_PEPTIDE_C_REGION	C-terminal region of a signal peptide.	18	22	-	T	03-04-2026	-	-	-	-
Il6st-201	a5c25306f9a089f227ef14018a274e18	917	ProSitePatterns	PS01353	Long hematopoietin receptor, gp130 family signature.	402	455	-	T	03-04-2026	IPR003529	Long hematopoietin receptor, Gp130 family 2, conserved site	-	-
Il6st-201	a5c25306f9a089f227ef14018a274e18	917	ProSiteProfiles	PS50853	Fibronectin type-III domain profile.	222	322	20.015848	T	03-04-2026	IPR003961	Fibronectin type III	-	-
Il6st-201	a5c25306f9a089f227ef14018a274e18	917	FunFam	G3DSA:2.60.40.10:FF:000855	Interleukin-6 receptor subunit beta	425	512	2.6E-42	T	03-04-2026	-	-	-	-
Il6st-201	a5c25306f9a089f227ef14018a274e18	917	SUPERFAMILY	SSF49265	Fibronectin type III	435	608	3.91E-20	T	03-04-2026	IPR036116	Fibronectin type III superfamily	-	-
Il6st-201	a5c25306f9a089f227ef14018a274e18	917	Gene3D	G3DSA:2.60.40.10	Immunoglobulins	23	122	6.3E-33	T	03-04-2026	IPR013783	Immunoglobulin-like fold	-	-
Il6st-201	a5c25306f9a089f227ef14018a274e18	917	MobiDBLite	mobidb-lite	consensus disorder prediction	729	753	-	T	03-04-2026	-	-	-	-
Il6st-201	a5c25306f9a089f227ef14018a274e18	917	Phobius	SIGNAL_PEPTIDE_N_REGION	N-terminal region of a signal peptide.	1	5	-	T	03-04-2026	-	-	-	-
Il6st-201	a5c25306f9a089f227ef14018a274e18	917	FunFam	G3DSA:2.60.40.10:FF:000542	Interleukin-6 receptor subunit beta	523	610	3.9E-40	T	03-04-2026	-	-	-	-
Il6st-201	a5c25306f9a089f227ef14018a274e18	917	SUPERFAMILY	SSF49265	Fibronectin type III	219	408	8.16E-21	T	03-04-2026	IPR036116	Fibronectin type III superfamily	-	-
Il6st-201	a5c25306f9a089f227ef14018a274e18	917	Pfam	PF25552	Leukemia inhibitory factor receptor D4 domain	125	207	1.6E-4	T	03-04-2026	-	-	-	-
Il6st-201	a5c25306f9a089f227ef14018a274e18	917	Gene3D	G3DSA:2.60.40.10	Immunoglobulins	123	220	6.4E-30	T	03-04-2026	IPR013783	Immunoglobulin-like fold	-	-
Il6st-201	a5c25306f9a089f227ef14018a274e18	917	FunFam	G3DSA:2.60.40.10:FF:000281	Cytokine receptor like factor 1	123	219	2.3E-38	T	03-04-2026	-	-	-	-
Il6st-201	a5c25306f9a089f227ef14018a274e18	917	Phobius	NON_CYTOPLASMIC_DOMAIN	Region of a membrane-bound protein predicted to be outside the membrane, in the extracellular region.	23	618	-	T	03-04-2026	-	-	-	-
Il6st-201	a5c25306f9a089f227ef14018a274e18	917	Gene3D	G3DSA:2.60.40.10	Immunoglobulins	425	512	1.4E-23	T	03-04-2026	IPR013783	Immunoglobulin-like fold	-	-
Il6st-201	a5c25306f9a089f227ef14018a274e18	917	MobiDBLite	mobidb-lite	consensus disorder prediction	898	917	-	T	03-04-2026	-	-	-	-
Il6st-201	a5c25306f9a089f227ef14018a274e18	917	FunFam	G3DSA:2.60.40.10:FF:000563	interleukin-6 receptor subunit beta	221	329	1.1E-48	T	03-04-2026	-	-	-	-
Il6st-201	a5c25306f9a089f227ef14018a274e18	917	Gene3D	G3DSA:2.60.40.10	Immunoglobulins	221	330	1.2E-24	T	03-04-2026	IPR013783	Immunoglobulin-like fold	-	-
Il6st-201	a5c25306f9a089f227ef14018a274e18	917	Pfam	PF00041	Fibronectin type III domain	523	599	1.9E-5	T	03-04-2026	IPR003961	Fibronectin type III	-	-
Il6st-201	a5c25306f9a089f227ef14018a274e18	917	Pfam	PF00041	Fibronectin type III domain	222	313	4.4E-6	T	03-04-2026	IPR003961	Fibronectin type III	-	-
Il6st-201	a5c25306f9a089f227ef14018a274e18	917	PANTHER	PTHR23036	CYTOKINE RECEPTOR	282	795	1.4E-55	T	03-04-2026	IPR050379	Type I Cytokine Receptor	-	-
Il6st-201	a5c25306f9a089f227ef14018a274e18	917	FunFam	G3DSA:2.60.40.10:FF:000524	Interleukin-6 receptor subunit beta	26	122	3.4E-34	T	03-04-2026	-	-	-	-
Il6st-201	a5c25306f9a089f227ef14018a274e18	917	FunFam	G3DSA:2.60.40.10:FF:000414	Interleukin-6 receptor subunit beta	330	415	3.5E-28	T	03-04-2026	-	-	-	-
Il6st-201	a5c25306f9a089f227ef14018a274e18	917	Phobius	SIGNAL_PEPTIDE_H_REGION	Hydrophobic region of a signal peptide.	6	17	-	T	03-04-2026	-	-	-	-
Il6st-201	a5c25306f9a089f227ef14018a274e18	917	SUPERFAMILY	SSF49265	Fibronectin type III	123	219	7.38E-27	T	03-04-2026	IPR036116	Fibronectin type III superfamily	-	-
Il6st-201	a5c25306f9a089f227ef14018a274e18	917	CDD	cd00063	FN3	220	319	7.37831E-13	T	03-04-2026	IPR003961	Fibronectin type III	-	-
Il6st-201	a5c25306f9a089f227ef14018a274e18	917	SMART	SM00060	FN3_2	324	407	14.0	T	03-04-2026	IPR003961	Fibronectin type III	-	-
Il6st-201	a5c25306f9a089f227ef14018a274e18	917	SMART	SM00060	FN3_2	220	306	9.8E-8	T	03-04-2026	IPR003961	Fibronectin type III	-	-
Il6st-201	a5c25306f9a089f227ef14018a274e18	917	SMART	SM00060	FN3_2	422	503	8.3	T	03-04-2026	IPR003961	Fibronectin type III	-	-
Il6st-201	a5c25306f9a089f227ef14018a274e18	917	SMART	SM00060	FN3_2	126	205	16.0	T	03-04-2026	IPR003961	Fibronectin type III	-	-
Il6st-201	a5c25306f9a089f227ef14018a274e18	917	SMART	SM00060	FN3_2	517	600	6.4E-4	T	03-04-2026	IPR003961	Fibronectin type III	-	-
Il6st-201	a5c25306f9a089f227ef14018a274e18	917	MobiDBLite	mobidb-lite	consensus disorder prediction	719	754	-	T	03-04-2026	-	-	-	-
Il6st-201	a5c25306f9a089f227ef14018a274e18	917	CDD	cd00063	FN3	517	608	1.58469E-9	T	03-04-2026	IPR003961	Fibronectin type III	-	-
Il6st-201	a5c25306f9a089f227ef14018a274e18	917	CDD	cd00063	FN3	437	503	0.00461247	T	03-04-2026	IPR003961	Fibronectin type III	-	-
Il6st-201	a5c25306f9a089f227ef14018a274e18	917	Gene3D	G3DSA:2.60.40.10	Immunoglobulins	331	415	1.3E-18	T	03-04-2026	IPR013783	Immunoglobulin-like fold	-	-
Il6st-201	a5c25306f9a089f227ef14018a274e18	917	MobiDBLite	mobidb-lite	consensus disorder prediction	658	678	-	T	03-04-2026	-	-	-	-
Il6st-201	a5c25306f9a089f227ef14018a274e18	917	Pfam	PF06328	Ig-like C2-type domain	26	119	2.0E-27	T	03-04-2026	IPR010457	Immunoglobulin C2-set-like, ligand-binding	-	-
Il6st-201	a5c25306f9a089f227ef14018a274e18	917	Phobius	TRANSMEMBRANE	Region of a membrane-bound protein predicted to be embedded in the membrane.	619	639	-	T	03-04-2026	-	-	-	-
Il6st-201	a5c25306f9a089f227ef14018a274e18	917	ProSiteProfiles	PS50853	Fibronectin type-III domain profile.	517	611	16.552446	T	03-04-2026	IPR003961	Fibronectin type III	-	-
Il6st-201	a5c25306f9a089f227ef14018a274e18	917	TMHMM	TMhelix	Region of a membrane-bound protein predicted to be embedded in the membrane.	618	640	-	T	03-04-2026	-	-	-	-
Il6st-201	a5c25306f9a089f227ef14018a274e18	917	Gene3D	G3DSA:2.60.40.10	Immunoglobulins	523	610	1.5E-21	T	03-04-2026	IPR013783	Immunoglobulin-like fold	-	-
Il6st-201	a5c25306f9a089f227ef14018a274e18	917	Phobius	SIGNAL_PEPTIDE	Signal peptide region	1	22	-	T	03-04-2026	-	-	-	-
Csf2rb2-201	1661f6a3d8762317d801e5e51d63cc04	878	CDD	cd00063	FN3	354	438	1.91397E-6	T	03-04-2026	IPR003961	Fibronectin type III	-	-
Csf2rb2-201	1661f6a3d8762317d801e5e51d63cc04	878	PIRSF	PIRSF001956	IL3R_beta_c	5	877	0.0	T	03-04-2026	IPR011365	Cytokine IL-3/IL-5/GM-CSF receptor common beta chain	-	-
Csf2rb2-201	1661f6a3d8762317d801e5e51d63cc04	878	Phobius	SIGNAL_PEPTIDE_C_REGION	C-terminal region of a signal peptide.	18	22	-	T	03-04-2026	-	-	-	-
Csf2rb2-201	1661f6a3d8762317d801e5e51d63cc04	878	MobiDBLite	mobidb-lite	consensus disorder prediction	539	620	-	T	03-04-2026	-	-	-	-
Csf2rb2-201	1661f6a3d8762317d801e5e51d63cc04	878	Gene3D	G3DSA:2.60.40.10	Immunoglobulins	137	243	2.1E-22	T	03-04-2026	IPR013783	Immunoglobulin-like fold	-	-
Csf2rb2-201	1661f6a3d8762317d801e5e51d63cc04	878	MobiDBLite	mobidb-lite	consensus disorder prediction	223	244	-	T	03-04-2026	-	-	-	-
Csf2rb2-201	1661f6a3d8762317d801e5e51d63cc04	878	SMART	SM00060	FN3_2	343	425	3.8	T	03-04-2026	IPR003961	Fibronectin type III	-	-
Csf2rb2-201	1661f6a3d8762317d801e5e51d63cc04	878	SMART	SM00060	FN3_2	137	225	0.52	T	03-04-2026	IPR003961	Fibronectin type III	-	-
Csf2rb2-201	1661f6a3d8762317d801e5e51d63cc04	878	MobiDBLite	mobidb-lite	consensus disorder prediction	671	689	-	T	03-04-2026	-	-	-	-
Csf2rb2-201	1661f6a3d8762317d801e5e51d63cc04	878	Phobius	SIGNAL_PEPTIDE_N_REGION	N-terminal region of a signal peptide.	1	5	-	T	03-04-2026	-	-	-	-
Csf2rb2-201	1661f6a3d8762317d801e5e51d63cc04	878	Phobius	TRANSMEMBRANE	Region of a membrane-bound protein predicted to be embedded in the membrane.	445	469	-	T	03-04-2026	-	-	-	-
Csf2rb2-201	1661f6a3d8762317d801e5e51d63cc04	878	Phobius	CYTOPLASMIC_DOMAIN	Region of a membrane-bound protein predicted to be outside the membrane, in the cytoplasm.	470	878	-	T	03-04-2026	-	-	-	-
Csf2rb2-201	1661f6a3d8762317d801e5e51d63cc04	878	SUPERFAMILY	SSF49265	Fibronectin type III	29	131	1.33E-30	T	03-04-2026	IPR036116	Fibronectin type III superfamily	-	-
Csf2rb2-201	1661f6a3d8762317d801e5e51d63cc04	878	PANTHER	PTHR23037	CYTOKINE RECEPTOR	242	857	3.2E-81	T	03-04-2026	-	-	-	-
Csf2rb2-201	1661f6a3d8762317d801e5e51d63cc04	878	Pfam	PF09294	Interferon-alpha/beta receptor, fibronectin type III	346	431	0.29	T	03-04-2026	IPR015373	Interferon/interleukin receptor domain	-	-
Csf2rb2-201	1661f6a3d8762317d801e5e51d63cc04	878	Pfam	PF21460	GM-CSF/IL-3/IL-5 receptor common beta subunit, N-terminal	32	120	1.2E-27	T	03-04-2026	IPR048668	Cytokine receptor common subunit beta, N-terminal	-	-
Csf2rb2-201	1661f6a3d8762317d801e5e51d63cc04	878	ProSiteProfiles	PS50853	Fibronectin type-III domain profile.	343	438	14.422335	T	03-04-2026	IPR003961	Fibronectin type III	-	-
Csf2rb2-201	1661f6a3d8762317d801e5e51d63cc04	878	MobiDBLite	mobidb-lite	consensus disorder prediction	660	709	-	T	03-04-2026	-	-	-	-
Csf2rb2-201	1661f6a3d8762317d801e5e51d63cc04	878	Phobius	NON_CYTOPLASMIC_DOMAIN	Region of a membrane-bound protein predicted to be outside the membrane, in the extracellular region.	23	444	-	T	03-04-2026	-	-	-	-
Csf2rb2-201	1661f6a3d8762317d801e5e51d63cc04	878	MobiDBLite	mobidb-lite	consensus disorder prediction	554	570	-	T	03-04-2026	-	-	-	-
Csf2rb2-201	1661f6a3d8762317d801e5e51d63cc04	878	MobiDBLite	mobidb-lite	consensus disorder prediction	829	849	-	T	03-04-2026	-	-	-	-
Csf2rb2-201	1661f6a3d8762317d801e5e51d63cc04	878	SignalP_EUK	SignalP-noTM	SignalP-noTM	1	22	-	T	03-04-2026	-	-	-	-
Csf2rb2-201	1661f6a3d8762317d801e5e51d63cc04	878	Pfam	PF09067	Erythropoietin receptor, ligand binding	247	336	0.0037	T	03-04-2026	IPR015152	Growth hormone/erythropoietin receptor, ligand binding	-	-
Csf2rb2-201	1661f6a3d8762317d801e5e51d63cc04	878	Phobius	SIGNAL_PEPTIDE_H_REGION	Hydrophobic region of a signal peptide.	6	17	-	T	03-04-2026	-	-	-	-
Csf2rb2-201	1661f6a3d8762317d801e5e51d63cc04	878	TMHMM	TMhelix	Region of a membrane-bound protein predicted to be embedded in the membrane.	445	467	-	T	03-04-2026	-	-	-	-
Csf2rb2-201	1661f6a3d8762317d801e5e51d63cc04	878	SUPERFAMILY	SSF49265	Fibronectin type III	133	244	1.84E-21	T	03-04-2026	IPR036116	Fibronectin type III superfamily	-	-
Csf2rb2-201	1661f6a3d8762317d801e5e51d63cc04	878	Gene3D	G3DSA:2.60.40.10	Immunoglobulins	245	336	1.4E-30	T	03-04-2026	IPR013783	Immunoglobulin-like fold	-	-
Csf2rb2-201	1661f6a3d8762317d801e5e51d63cc04	878	ProSiteProfiles	PS50853	Fibronectin type-III domain profile.	139	244	10.027995	T	03-04-2026	IPR003961	Fibronectin type III	-	-
Csf2rb2-201	1661f6a3d8762317d801e5e51d63cc04	878	Gene3D	G3DSA:2.60.40.10	Immunoglobulins	29	123	1.9E-32	T	03-04-2026	IPR013783	Immunoglobulin-like fold	-	-
Csf2rb2-201	1661f6a3d8762317d801e5e51d63cc04	878	SUPERFAMILY	SSF49265	Fibronectin type III	345	438	1.46E-17	T	03-04-2026	IPR036116	Fibronectin type III superfamily	-	-
Csf2rb2-201	1661f6a3d8762317d801e5e51d63cc04	878	Gene3D	G3DSA:2.60.40.10	Immunoglobulins	342	439	3.0E-24	T	03-04-2026	IPR013783	Immunoglobulin-like fold	-	-
Csf2rb2-201	1661f6a3d8762317d801e5e51d63cc04	878	SUPERFAMILY	SSF49265	Fibronectin type III	244	328	9.74E-31	T	03-04-2026	IPR036116	Fibronectin type III superfamily	-	-
Csf2rb2-201	1661f6a3d8762317d801e5e51d63cc04	878	ProSitePatterns	PS01355	Short hematopoietin receptor family 1 signature.	405	436	-	T	03-04-2026	IPR003531	Short hematopoietin receptor, family 1, conserved site	-	-
Csf2rb2-201	1661f6a3d8762317d801e5e51d63cc04	878	Phobius	SIGNAL_PEPTIDE	Signal peptide region	1	22	-	T	03-04-2026	-	-	-	-
Csf2rb2-201	1661f6a3d8762317d801e5e51d63cc04	878	MobiDBLite	mobidb-lite	consensus disorder prediction	771	810	-	T	03-04-2026	-	-	-	-
Csf2rb2-202	85b20dd508b133ca00aa556164de6931	769	ProSitePatterns	PS01355	Short hematopoietin receptor family 1 signature.	296	327	-	T	03-04-2026	IPR003531	Short hematopoietin receptor, family 1, conserved site	-	-
Csf2rb2-202	85b20dd508b133ca00aa556164de6931	769	Phobius	SIGNAL_PEPTIDE_C_REGION	C-terminal region of a signal peptide.	18	22	-	T	03-04-2026	-	-	-	-
Csf2rb2-202	85b20dd508b133ca00aa556164de6931	769	Pfam	PF21460	GM-CSF/IL-3/IL-5 receptor common beta subunit, N-terminal	32	120	1.0E-27	T	03-04-2026	IPR048668	Cytokine receptor common subunit beta, N-terminal	-	-
Csf2rb2-202	85b20dd508b133ca00aa556164de6931	769	SUPERFAMILY	SSF49265	Fibronectin type III	29	131	1.11E-30	T	03-04-2026	IPR036116	Fibronectin type III superfamily	-	-
Csf2rb2-202	85b20dd508b133ca00aa556164de6931	769	MobiDBLite	mobidb-lite	consensus disorder prediction	430	511	-	T	03-04-2026	-	-	-	-
Csf2rb2-202	85b20dd508b133ca00aa556164de6931	769	Gene3D	G3DSA:2.60.40.10	Immunoglobulins	233	330	2.5E-24	T	03-04-2026	IPR013783	Immunoglobulin-like fold	-	-
Csf2rb2-202	85b20dd508b133ca00aa556164de6931	769	Phobius	SIGNAL_PEPTIDE_N_REGION	N-terminal region of a signal peptide.	1	5	-	T	03-04-2026	-	-	-	-
Csf2rb2-202	85b20dd508b133ca00aa556164de6931	769	SUPERFAMILY	SSF49265	Fibronectin type III	135	219	8.17E-31	T	03-04-2026	IPR036116	Fibronectin type III superfamily	-	-
Csf2rb2-202	85b20dd508b133ca00aa556164de6931	769	Gene3D	G3DSA:2.60.40.10	Immunoglobulins	29	123	1.6E-32	T	03-04-2026	IPR013783	Immunoglobulin-like fold	-	-
Csf2rb2-202	85b20dd508b133ca00aa556164de6931	769	Pfam	PF09294	Interferon-alpha/beta receptor, fibronectin type III	236	322	0.25	T	03-04-2026	IPR015373	Interferon/interleukin receptor domain	-	-
Csf2rb2-202	85b20dd508b133ca00aa556164de6931	769	TMHMM	TMhelix	Region of a membrane-bound protein predicted to be embedded in the membrane.	336	358	-	T	03-04-2026	-	-	-	-
Csf2rb2-202	85b20dd508b133ca00aa556164de6931	769	ProSiteProfiles	PS50853	Fibronectin type-III domain profile.	234	329	14.422335	T	03-04-2026	IPR003961	Fibronectin type III	-	-
Csf2rb2-202	85b20dd508b133ca00aa556164de6931	769	SUPERFAMILY	SSF49265	Fibronectin type III	236	329	1.28E-17	T	03-04-2026	IPR036116	Fibronectin type III superfamily	-	-
Csf2rb2-202	85b20dd508b133ca00aa556164de6931	769	MobiDBLite	mobidb-lite	consensus disorder prediction	562	580	-	T	03-04-2026	-	-	-	-
Csf2rb2-202	85b20dd508b133ca00aa556164de6931	769	MobiDBLite	mobidb-lite	consensus disorder prediction	445	461	-	T	03-04-2026	-	-	-	-
Csf2rb2-202	85b20dd508b133ca00aa556164de6931	769	Phobius	NON_CYTOPLASMIC_DOMAIN	Region of a membrane-bound protein predicted to be outside the membrane, in the extracellular region.	23	335	-	T	03-04-2026	-	-	-	-
Csf2rb2-202	85b20dd508b133ca00aa556164de6931	769	Phobius	SIGNAL_PEPTIDE_H_REGION	Hydrophobic region of a signal peptide.	6	17	-	T	03-04-2026	-	-	-	-
Csf2rb2-202	85b20dd508b133ca00aa556164de6931	769	Gene3D	G3DSA:2.60.40.10	Immunoglobulins	136	227	1.1E-30	T	03-04-2026	IPR013783	Immunoglobulin-like fold	-	-
Csf2rb2-202	85b20dd508b133ca00aa556164de6931	769	MobiDBLite	mobidb-lite	consensus disorder prediction	662	701	-	T	03-04-2026	-	-	-	-
Csf2rb2-202	85b20dd508b133ca00aa556164de6931	769	SignalP_EUK	SignalP-noTM	SignalP-noTM	1	22	-	T	03-04-2026	-	-	-	-
Csf2rb2-202	85b20dd508b133ca00aa556164de6931	769	Pfam	PF09067	Erythropoietin receptor, ligand binding	137	227	0.0027	T	03-04-2026	IPR015152	Growth hormone/erythropoietin receptor, ligand binding	-	-
Csf2rb2-202	85b20dd508b133ca00aa556164de6931	769	MobiDBLite	mobidb-lite	consensus disorder prediction	552	600	-	T	03-04-2026	-	-	-	-
Csf2rb2-202	85b20dd508b133ca00aa556164de6931	769	Phobius	CYTOPLASMIC_DOMAIN	Region of a membrane-bound protein predicted to be outside the membrane, in the cytoplasm.	361	769	-	T	03-04-2026	-	-	-	-
Csf2rb2-202	85b20dd508b133ca00aa556164de6931	769	MobiDBLite	mobidb-lite	consensus disorder prediction	720	740	-	T	03-04-2026	-	-	-	-
Csf2rb2-202	85b20dd508b133ca00aa556164de6931	769	Phobius	TRANSMEMBRANE	Region of a membrane-bound protein predicted to be embedded in the membrane.	336	360	-	T	03-04-2026	-	-	-	-
Csf2rb2-202	85b20dd508b133ca00aa556164de6931	769	PANTHER	PTHR23037	CYTOKINE RECEPTOR	132	748	8.7E-62	T	03-04-2026	-	-	-	-
Csf2rb2-202	85b20dd508b133ca00aa556164de6931	769	CDD	cd00063	FN3	245	329	1.32994E-6	T	03-04-2026	IPR003961	Fibronectin type III	-	-
Csf2rb2-202	85b20dd508b133ca00aa556164de6931	769	Phobius	SIGNAL_PEPTIDE	Signal peptide region	1	22	-	T	03-04-2026	-	-	-	-
Csf2rb-206	77d8366759a4eca566b1d07186b99cae	896	TMHMM	TMhelix	Region of a membrane-bound protein predicted to be embedded in the membrane.	446	468	-	T	03-04-2026	-	-	-	-
Csf2rb-206	77d8366759a4eca566b1d07186b99cae	896	Phobius	SIGNAL_PEPTIDE_C_REGION	C-terminal region of a signal peptide.	18	22	-	T	03-04-2026	-	-	-	-
Csf2rb-206	77d8366759a4eca566b1d07186b99cae	896	SUPERFAMILY	SSF49265	Fibronectin type III	29	130	3.0E-32	T	03-04-2026	IPR036116	Fibronectin type III superfamily	-	-
Csf2rb-206	77d8366759a4eca566b1d07186b99cae	896	SUPERFAMILY	SSF49265	Fibronectin type III	339	440	4.72E-18	T	03-04-2026	IPR036116	Fibronectin type III superfamily	-	-
Csf2rb-206	77d8366759a4eca566b1d07186b99cae	896	Gene3D	G3DSA:2.60.40.10	Immunoglobulins	29	122	9.7E-35	T	03-04-2026	IPR013783	Immunoglobulin-like fold	-	-
Csf2rb-206	77d8366759a4eca566b1d07186b99cae	896	MobiDBLite	mobidb-lite	consensus disorder prediction	716	725	-	T	03-04-2026	-	-	-	-
Csf2rb-206	77d8366759a4eca566b1d07186b99cae	896	ProSiteProfiles	PS50853	Fibronectin type-III domain profile.	343	439	13.641294	T	03-04-2026	IPR003961	Fibronectin type III	-	-
Csf2rb-206	77d8366759a4eca566b1d07186b99cae	896	Phobius	SIGNAL_PEPTIDE_N_REGION	N-terminal region of a signal peptide.	1	5	-	T	03-04-2026	-	-	-	-
Csf2rb-206	77d8366759a4eca566b1d07186b99cae	896	Phobius	CYTOPLASMIC_DOMAIN	Region of a membrane-bound protein predicted to be outside the membrane, in the cytoplasm.	472	896	-	T	03-04-2026	-	-	-	-
Csf2rb-206	77d8366759a4eca566b1d07186b99cae	896	Gene3D	G3DSA:2.60.40.10	Immunoglobulins	136	242	5.9E-22	T	03-04-2026	IPR013783	Immunoglobulin-like fold	-	-
Csf2rb-206	77d8366759a4eca566b1d07186b99cae	896	CDD	cd00063	FN3	346	439	4.18631E-6	T	03-04-2026	IPR003961	Fibronectin type III	-	-
Csf2rb-206	77d8366759a4eca566b1d07186b99cae	896	Gene3D	G3DSA:2.60.40.10	Immunoglobulins	244	336	5.1E-29	T	03-04-2026	IPR013783	Immunoglobulin-like fold	-	-
Csf2rb-206	77d8366759a4eca566b1d07186b99cae	896	MobiDBLite	mobidb-lite	consensus disorder prediction	543	620	-	T	03-04-2026	-	-	-	-
Csf2rb-206	77d8366759a4eca566b1d07186b99cae	896	MobiDBLite	mobidb-lite	consensus disorder prediction	658	725	-	T	03-04-2026	-	-	-	-
Csf2rb-206	77d8366759a4eca566b1d07186b99cae	896	Pfam	PF21460	GM-CSF/IL-3/IL-5 receptor common beta subunit, N-terminal	32	119	2.5E-29	T	03-04-2026	IPR048668	Cytokine receptor common subunit beta, N-terminal	-	-
Csf2rb-206	77d8366759a4eca566b1d07186b99cae	896	ProSiteProfiles	PS50853	Fibronectin type-III domain profile.	136	243	9.807095	T	03-04-2026	IPR003961	Fibronectin type III	-	-
Csf2rb-206	77d8366759a4eca566b1d07186b99cae	896	MobiDBLite	mobidb-lite	consensus disorder prediction	220	233	-	T	03-04-2026	-	-	-	-
Csf2rb-206	77d8366759a4eca566b1d07186b99cae	896	PANTHER	PTHR23037	CYTOKINE RECEPTOR	241	859	1.3E-83	T	03-04-2026	-	-	-	-
Csf2rb-206	77d8366759a4eca566b1d07186b99cae	896	MobiDBLite	mobidb-lite	consensus disorder prediction	555	571	-	T	03-04-2026	-	-	-	-
Csf2rb-206	77d8366759a4eca566b1d07186b99cae	896	Phobius	NON_CYTOPLASMIC_DOMAIN	Region of a membrane-bound protein predicted to be outside the membrane, in the extracellular region.	23	445	-	T	03-04-2026	-	-	-	-
Csf2rb-206	77d8366759a4eca566b1d07186b99cae	896	FunFam	G3DSA:2.60.40.10:FF:001654	Cytokine receptor common subunit beta	29	122	6.7E-51	T	03-04-2026	-	-	-	-
Csf2rb-206	77d8366759a4eca566b1d07186b99cae	896	MobiDBLite	mobidb-lite	consensus disorder prediction	220	243	-	T	03-04-2026	-	-	-	-
Csf2rb-206	77d8366759a4eca566b1d07186b99cae	896	SMART	SM00060	FN3_2	136	224	6.1	T	03-04-2026	IPR003961	Fibronectin type III	-	-
Csf2rb-206	77d8366759a4eca566b1d07186b99cae	896	SMART	SM00060	FN3_2	343	426	3.3	T	03-04-2026	IPR003961	Fibronectin type III	-	-
Csf2rb-206	77d8366759a4eca566b1d07186b99cae	896	SUPERFAMILY	SSF49265	Fibronectin type III	132	243	5.28E-20	T	03-04-2026	IPR036116	Fibronectin type III superfamily	-	-
Csf2rb-206	77d8366759a4eca566b1d07186b99cae	896	FunFam	G3DSA:2.60.40.10:FF:001517	Cytokine receptor common subunit beta	342	440	8.9E-52	T	03-04-2026	-	-	-	-
Csf2rb-206	77d8366759a4eca566b1d07186b99cae	896	Pfam	PF09067	Erythropoietin receptor, ligand binding	246	337	0.011	T	03-04-2026	IPR015152	Growth hormone/erythropoietin receptor, ligand binding	-	-
Csf2rb-206	77d8366759a4eca566b1d07186b99cae	896	Phobius	TRANSMEMBRANE	Region of a membrane-bound protein predicted to be embedded in the membrane.	446	471	-	T	03-04-2026	-	-	-	-
Csf2rb-206	77d8366759a4eca566b1d07186b99cae	896	Phobius	SIGNAL_PEPTIDE_H_REGION	Hydrophobic region of a signal peptide.	6	17	-	T	03-04-2026	-	-	-	-
Csf2rb-206	77d8366759a4eca566b1d07186b99cae	896	Pfam	PF09294	Interferon-alpha/beta receptor, fibronectin type III	343	431	0.006	T	03-04-2026	IPR015373	Interferon/interleukin receptor domain	-	-
Csf2rb-206	77d8366759a4eca566b1d07186b99cae	896	SUPERFAMILY	SSF49265	Fibronectin type III	243	328	9.21E-31	T	03-04-2026	IPR036116	Fibronectin type III superfamily	-	-
Csf2rb-206	77d8366759a4eca566b1d07186b99cae	896	Gene3D	G3DSA:2.60.40.10	Immunoglobulins	342	440	2.2E-26	T	03-04-2026	IPR013783	Immunoglobulin-like fold	-	-
Csf2rb-206	77d8366759a4eca566b1d07186b99cae	896	MobiDBLite	mobidb-lite	consensus disorder prediction	658	668	-	T	03-04-2026	-	-	-	-
Csf2rb-206	77d8366759a4eca566b1d07186b99cae	896	ProSitePatterns	PS01355	Short hematopoietin receptor family 1 signature.	406	437	-	T	03-04-2026	IPR003531	Short hematopoietin receptor, family 1, conserved site	-	-
Csf2rb-206	77d8366759a4eca566b1d07186b99cae	896	SignalP_EUK	SignalP-noTM	SignalP-noTM	1	22	-	T	03-04-2026	-	-	-	-
Csf2rb-206	77d8366759a4eca566b1d07186b99cae	896	PIRSF	PIRSF001956	IL3R_beta_c	5	896	0.0	T	03-04-2026	IPR011365	Cytokine IL-3/IL-5/GM-CSF receptor common beta chain	-	-
Csf2rb-206	77d8366759a4eca566b1d07186b99cae	896	Phobius	SIGNAL_PEPTIDE	Signal peptide region	1	22	-	T	03-04-2026	-	-	-	-
Csf2rb-206	77d8366759a4eca566b1d07186b99cae	896	MobiDBLite	mobidb-lite	consensus disorder prediction	771	810	-	T	03-04-2026	-	-	-	-
Csf2rb-201	77d8366759a4eca566b1d07186b99cae	896	TMHMM	TMhelix	Region of a membrane-bound protein predicted to be embedded in the membrane.	446	468	-	T	03-04-2026	-	-	-	-
Csf2rb-201	77d8366759a4eca566b1d07186b99cae	896	Phobius	SIGNAL_PEPTIDE_C_REGION	C-terminal region of a signal peptide.	18	22	-	T	03-04-2026	-	-	-	-
Csf2rb-201	77d8366759a4eca566b1d07186b99cae	896	SUPERFAMILY	SSF49265	Fibronectin type III	29	130	3.0E-32	T	03-04-2026	IPR036116	Fibronectin type III superfamily	-	-
Csf2rb-201	77d8366759a4eca566b1d07186b99cae	896	SUPERFAMILY	SSF49265	Fibronectin type III	339	440	4.72E-18	T	03-04-2026	IPR036116	Fibronectin type III superfamily	-	-
Csf2rb-201	77d8366759a4eca566b1d07186b99cae	896	Gene3D	G3DSA:2.60.40.10	Immunoglobulins	29	122	9.7E-35	T	03-04-2026	IPR013783	Immunoglobulin-like fold	-	-
Csf2rb-201	77d8366759a4eca566b1d07186b99cae	896	MobiDBLite	mobidb-lite	consensus disorder prediction	716	725	-	T	03-04-2026	-	-	-	-
Csf2rb-201	77d8366759a4eca566b1d07186b99cae	896	ProSiteProfiles	PS50853	Fibronectin type-III domain profile.	343	439	13.641294	T	03-04-2026	IPR003961	Fibronectin type III	-	-
Csf2rb-201	77d8366759a4eca566b1d07186b99cae	896	Phobius	SIGNAL_PEPTIDE_N_REGION	N-terminal region of a signal peptide.	1	5	-	T	03-04-2026	-	-	-	-
Csf2rb-201	77d8366759a4eca566b1d07186b99cae	896	SignalP_EUK	SignalP-noTM	SignalP-noTM	1	22	-	T	03-04-2026	-	-	-	-
Csf2rb-201	77d8366759a4eca566b1d07186b99cae	896	Phobius	CYTOPLASMIC_DOMAIN	Region of a membrane-bound protein predicted to be outside the membrane, in the cytoplasm.	472	896	-	T	03-04-2026	-	-	-	-
Csf2rb-201	77d8366759a4eca566b1d07186b99cae	896	Gene3D	G3DSA:2.60.40.10	Immunoglobulins	136	242	5.9E-22	T	03-04-2026	IPR013783	Immunoglobulin-like fold	-	-
Csf2rb-201	77d8366759a4eca566b1d07186b99cae	896	CDD	cd00063	FN3	346	439	4.18631E-6	T	03-04-2026	IPR003961	Fibronectin type III	-	-
Csf2rb-201	77d8366759a4eca566b1d07186b99cae	896	Gene3D	G3DSA:2.60.40.10	Immunoglobulins	244	336	5.1E-29	T	03-04-2026	IPR013783	Immunoglobulin-like fold	-	-
Csf2rb-201	77d8366759a4eca566b1d07186b99cae	896	MobiDBLite	mobidb-lite	consensus disorder prediction	543	620	-	T	03-04-2026	-	-	-	-
Csf2rb-201	77d8366759a4eca566b1d07186b99cae	896	MobiDBLite	mobidb-lite	consensus disorder prediction	658	725	-	T	03-04-2026	-	-	-	-
Csf2rb-201	77d8366759a4eca566b1d07186b99cae	896	Pfam	PF21460	GM-CSF/IL-3/IL-5 receptor common beta subunit, N-terminal	32	119	2.5E-29	T	03-04-2026	IPR048668	Cytokine receptor common subunit beta, N-terminal	-	-
Csf2rb-201	77d8366759a4eca566b1d07186b99cae	896	ProSiteProfiles	PS50853	Fibronectin type-III domain profile.	136	243	9.807095	T	03-04-2026	IPR003961	Fibronectin type III	-	-
Csf2rb-201	77d8366759a4eca566b1d07186b99cae	896	MobiDBLite	mobidb-lite	consensus disorder prediction	220	233	-	T	03-04-2026	-	-	-	-
Csf2rb-201	77d8366759a4eca566b1d07186b99cae	896	PANTHER	PTHR23037	CYTOKINE RECEPTOR	241	859	1.3E-83	T	03-04-2026	-	-	-	-
Csf2rb-201	77d8366759a4eca566b1d07186b99cae	896	MobiDBLite	mobidb-lite	consensus disorder prediction	555	571	-	T	03-04-2026	-	-	-	-
Csf2rb-201	77d8366759a4eca566b1d07186b99cae	896	Phobius	NON_CYTOPLASMIC_DOMAIN	Region of a membrane-bound protein predicted to be outside the membrane, in the extracellular region.	23	445	-	T	03-04-2026	-	-	-	-
Csf2rb-201	77d8366759a4eca566b1d07186b99cae	896	FunFam	G3DSA:2.60.40.10:FF:001654	Cytokine receptor common subunit beta	29	122	6.7E-51	T	03-04-2026	-	-	-	-
Csf2rb-201	77d8366759a4eca566b1d07186b99cae	896	MobiDBLite	mobidb-lite	consensus disorder prediction	220	243	-	T	03-04-2026	-	-	-	-
Csf2rb-201	77d8366759a4eca566b1d07186b99cae	896	SMART	SM00060	FN3_2	136	224	6.1	T	03-04-2026	IPR003961	Fibronectin type III	-	-
Csf2rb-201	77d8366759a4eca566b1d07186b99cae	896	SMART	SM00060	FN3_2	343	426	3.3	T	03-04-2026	IPR003961	Fibronectin type III	-	-
Csf2rb-201	77d8366759a4eca566b1d07186b99cae	896	SUPERFAMILY	SSF49265	Fibronectin type III	132	243	5.28E-20	T	03-04-2026	IPR036116	Fibronectin type III superfamily	-	-
Csf2rb-201	77d8366759a4eca566b1d07186b99cae	896	FunFam	G3DSA:2.60.40.10:FF:001517	Cytokine receptor common subunit beta	342	440	8.9E-52	T	03-04-2026	-	-	-	-
Csf2rb-201	77d8366759a4eca566b1d07186b99cae	896	Pfam	PF09067	Erythropoietin receptor, ligand binding	246	337	0.011	T	03-04-2026	IPR015152	Growth hormone/erythropoietin receptor, ligand binding	-	-
Csf2rb-201	77d8366759a4eca566b1d07186b99cae	896	Phobius	TRANSMEMBRANE	Region of a membrane-bound protein predicted to be embedded in the membrane.	446	471	-	T	03-04-2026	-	-	-	-
Csf2rb-201	77d8366759a4eca566b1d07186b99cae	896	Phobius	SIGNAL_PEPTIDE_H_REGION	Hydrophobic region of a signal peptide.	6	17	-	T	03-04-2026	-	-	-	-
Csf2rb-201	77d8366759a4eca566b1d07186b99cae	896	Pfam	PF09294	Interferon-alpha/beta receptor, fibronectin type III	343	431	0.006	T	03-04-2026	IPR015373	Interferon/interleukin receptor domain	-	-
Csf2rb-201	77d8366759a4eca566b1d07186b99cae	896	SUPERFAMILY	SSF49265	Fibronectin type III	243	328	9.21E-31	T	03-04-2026	IPR036116	Fibronectin type III superfamily	-	-
Csf2rb-201	77d8366759a4eca566b1d07186b99cae	896	Gene3D	G3DSA:2.60.40.10	Immunoglobulins	342	440	2.2E-26	T	03-04-2026	IPR013783	Immunoglobulin-like fold	-	-
Csf2rb-201	77d8366759a4eca566b1d07186b99cae	896	MobiDBLite	mobidb-lite	consensus disorder prediction	658	668	-	T	03-04-2026	-	-	-	-
Csf2rb-201	77d8366759a4eca566b1d07186b99cae	896	PIRSF	PIRSF001956	IL3R_beta_c	5	896	0.0	T	03-04-2026	IPR011365	Cytokine IL-3/IL-5/GM-CSF receptor common beta chain	-	-
Csf2rb-201	77d8366759a4eca566b1d07186b99cae	896	ProSitePatterns	PS01355	Short hematopoietin receptor family 1 signature.	406	437	-	T	03-04-2026	IPR003531	Short hematopoietin receptor, family 1, conserved site	-	-
Csf2rb-201	77d8366759a4eca566b1d07186b99cae	896	Phobius	SIGNAL_PEPTIDE	Signal peptide region	1	22	-	T	03-04-2026	-	-	-	-
Csf2rb-201	77d8366759a4eca566b1d07186b99cae	896	MobiDBLite	mobidb-lite	consensus disorder prediction	771	810	-	T	03-04-2026	-	-	-	-
Tgfb2-201	73f20ddf93371dbbc7ea112f48647af1	414	SignalP_GRAM_NEGATIVE	SignalP-noTM	SignalP-noTM	1	20	-	T	03-04-2026	-	-	-	-
Tgfb2-201	73f20ddf93371dbbc7ea112f48647af1	414	Phobius	NON_CYTOPLASMIC_DOMAIN	Region of a membrane-bound protein predicted to be outside the membrane, in the extracellular region.	21	414	-	T	03-04-2026	-	-	-	-
Tgfb2-201	73f20ddf93371dbbc7ea112f48647af1	414	ProSitePatterns	PS00250	TGF-beta family signature.	335	350	-	T	03-04-2026	IPR017948	Transforming growth factor beta, conserved site	-	-
Tgfb2-201	73f20ddf93371dbbc7ea112f48647af1	414	Gene3D	G3DSA:2.60.120.970	-	19	303	3.1E-77	T	03-04-2026	-	-	-	-
Tgfb2-201	73f20ddf93371dbbc7ea112f48647af1	414	FunFam	G3DSA:2.60.120.970:FF:000002	Transforming growth factor beta	19	303	0.0	T	03-04-2026	-	-	-	-
Tgfb2-201	73f20ddf93371dbbc7ea112f48647af1	414	SignalP_GRAM_POSITIVE	SignalP-TM	SignalP-TM	1	21	-	T	03-04-2026	-	-	-	-
Tgfb2-201	73f20ddf93371dbbc7ea112f48647af1	414	ProSiteProfiles	PS51362	TGF-beta family profile.	299	414	36.832333	T	03-04-2026	IPR001839	Transforming growth factor-beta, C-terminal	-	-
Tgfb2-201	73f20ddf93371dbbc7ea112f48647af1	414	Phobius	SIGNAL_PEPTIDE_C_REGION	C-terminal region of a signal peptide.	16	20	-	T	03-04-2026	-	-	-	-
Tgfb2-201	73f20ddf93371dbbc7ea112f48647af1	414	Phobius	SIGNAL_PEPTIDE	Signal peptide region	1	20	-	T	03-04-2026	-	-	-	-
Tgfb2-201	73f20ddf93371dbbc7ea112f48647af1	414	Gene3D	G3DSA:2.10.90.10	-	304	414	1.0E-35	T	03-04-2026	IPR029034	Cystine-knot cytokine	-	-
Tgfb2-201	73f20ddf93371dbbc7ea112f48647af1	414	Pfam	PF00019	Transforming growth factor beta like domain	316	413	3.9E-22	T	03-04-2026	IPR001839	Transforming growth factor-beta, C-terminal	-	-
Tgfb2-201	73f20ddf93371dbbc7ea112f48647af1	414	SignalP_GRAM_NEGATIVE	SignalP-noTM	SignalP-noTM	1	20	-	T	03-04-2026	-	-	-	-
Tgfb2-201	73f20ddf93371dbbc7ea112f48647af1	414	SMART	SM00204	TGFB_2	317	414	1.7E-37	T	03-04-2026	IPR001839	Transforming growth factor-beta, C-terminal	-	-
Tgfb2-201	73f20ddf93371dbbc7ea112f48647af1	414	CDD	cd19385	TGF_beta_TGFB2	317	413	9.01355E-75	T	03-04-2026	-	-	-	-
Tgfb2-201	73f20ddf93371dbbc7ea112f48647af1	414	Pfam	PF00688	TGF-beta propeptide	22	227	8.6E-36	T	03-04-2026	IPR001111	TGF-beta, propeptide	-	-
Tgfb2-201	73f20ddf93371dbbc7ea112f48647af1	414	SUPERFAMILY	SSF57501	Cystine-knot cytokines	307	413	4.73E-35	T	03-04-2026	IPR029034	Cystine-knot cytokine	-	-
Tgfb2-201	73f20ddf93371dbbc7ea112f48647af1	414	Phobius	SIGNAL_PEPTIDE_N_REGION	N-terminal region of a signal peptide.	1	3	-	T	03-04-2026	-	-	-	-
Tgfb2-201	73f20ddf93371dbbc7ea112f48647af1	414	NCBIfam	NF033679	DNRLRE domain	128	223	6.7E-5	T	03-04-2026	-	-	-	-
Tgfb2-201	73f20ddf93371dbbc7ea112f48647af1	414	PRINTS	PR01423	Transforming growth factor beta precursor signature	8	27	8.5E-34	T	03-04-2026	IPR016319	Transforming growth factor-beta	-	-
Tgfb2-201	73f20ddf93371dbbc7ea112f48647af1	414	PRINTS	PR01423	Transforming growth factor beta precursor signature	62	74	8.5E-34	T	03-04-2026	IPR016319	Transforming growth factor-beta	-	-
Tgfb2-201	73f20ddf93371dbbc7ea112f48647af1	414	PRINTS	PR01423	Transforming growth factor beta precursor signature	161	175	8.5E-34	T	03-04-2026	IPR016319	Transforming growth factor-beta	-	-
Tgfb2-201	73f20ddf93371dbbc7ea112f48647af1	414	PRINTS	PR01423	Transforming growth factor beta precursor signature	181	196	8.5E-34	T	03-04-2026	IPR016319	Transforming growth factor-beta	-	-
Tgfb2-201	73f20ddf93371dbbc7ea112f48647af1	414	PRINTS	PR01423	Transforming growth factor beta precursor signature	198	212	8.5E-34	T	03-04-2026	IPR016319	Transforming growth factor-beta	-	-
Tgfb2-201	73f20ddf93371dbbc7ea112f48647af1	414	PANTHER	PTHR11848	TGF-BETA FAMILY	5	414	4.0E-79	T	03-04-2026	IPR015615	Transforming growth factor-beta-like	-	-
Tgfb2-201	73f20ddf93371dbbc7ea112f48647af1	414	Phobius	SIGNAL_PEPTIDE_H_REGION	Hydrophobic region of a signal peptide.	4	15	-	T	03-04-2026	-	-	-	-
Tgfb2-201	73f20ddf93371dbbc7ea112f48647af1	414	PIRSF	PIRSF001787	TGF-beta	2	414	0.0	T	03-04-2026	IPR016319	Transforming growth factor-beta	-	-
Tgfb2-201	73f20ddf93371dbbc7ea112f48647af1	414	PRINTS	PR01425	Transforming growth factor beta 2 precursor signature	2	23	1.6E-84	T	03-04-2026	IPR003940	Transforming growth factor beta-2 proprotein	-	-
Tgfb2-201	73f20ddf93371dbbc7ea112f48647af1	414	PRINTS	PR01425	Transforming growth factor beta 2 precursor signature	50	69	1.6E-84	T	03-04-2026	IPR003940	Transforming growth factor beta-2 proprotein	-	-
Tgfb2-201	73f20ddf93371dbbc7ea112f48647af1	414	PRINTS	PR01425	Transforming growth factor beta 2 precursor signature	76	98	1.6E-84	T	03-04-2026	IPR003940	Transforming growth factor beta-2 proprotein	-	-
Tgfb2-201	73f20ddf93371dbbc7ea112f48647af1	414	PRINTS	PR01425	Transforming growth factor beta 2 precursor signature	116	131	1.6E-84	T	03-04-2026	IPR003940	Transforming growth factor beta-2 proprotein	-	-
Tgfb2-201	73f20ddf93371dbbc7ea112f48647af1	414	PRINTS	PR01425	Transforming growth factor beta 2 precursor signature	152	163	1.6E-84	T	03-04-2026	IPR003940	Transforming growth factor beta-2 proprotein	-	-
Tgfb2-201	73f20ddf93371dbbc7ea112f48647af1	414	PRINTS	PR01425	Transforming growth factor beta 2 precursor signature	172	184	1.6E-84	T	03-04-2026	IPR003940	Transforming growth factor beta-2 proprotein	-	-
Tgfb2-201	73f20ddf93371dbbc7ea112f48647af1	414	PRINTS	PR01425	Transforming growth factor beta 2 precursor signature	233	249	1.6E-84	T	03-04-2026	IPR003940	Transforming growth factor beta-2 proprotein	-	-
Tgfb2-201	73f20ddf93371dbbc7ea112f48647af1	414	PRINTS	PR01425	Transforming growth factor beta 2 precursor signature	268	280	1.6E-84	T	03-04-2026	IPR003940	Transforming growth factor beta-2 proprotein	-	-
Tgfb2-201	73f20ddf93371dbbc7ea112f48647af1	414	FunFam	G3DSA:2.10.90.10:FF:000004	Transforming growth factor beta	304	414	8.8E-65	T	03-04-2026	-	-	-	-
Tgfb2-206	1d0fdf4b2b470580b346f58cbb374878	442	PRINTS	PR01423	Transforming growth factor beta precursor signature	8	27	1.1E-33	T	03-04-2026	IPR016319	Transforming growth factor-beta	-	-
Tgfb2-206	1d0fdf4b2b470580b346f58cbb374878	442	PRINTS	PR01423	Transforming growth factor beta precursor signature	62	74	1.1E-33	T	03-04-2026	IPR016319	Transforming growth factor-beta	-	-
Tgfb2-206	1d0fdf4b2b470580b346f58cbb374878	442	PRINTS	PR01423	Transforming growth factor beta precursor signature	189	203	1.1E-33	T	03-04-2026	IPR016319	Transforming growth factor-beta	-	-
Tgfb2-206	1d0fdf4b2b470580b346f58cbb374878	442	PRINTS	PR01423	Transforming growth factor beta precursor signature	209	224	1.1E-33	T	03-04-2026	IPR016319	Transforming growth factor-beta	-	-
Tgfb2-206	1d0fdf4b2b470580b346f58cbb374878	442	PRINTS	PR01423	Transforming growth factor beta precursor signature	226	240	1.1E-33	T	03-04-2026	IPR016319	Transforming growth factor-beta	-	-
Tgfb2-206	1d0fdf4b2b470580b346f58cbb374878	442	PANTHER	PTHR11848	TGF-BETA FAMILY	5	442	5.3E-78	T	03-04-2026	IPR015615	Transforming growth factor-beta-like	-	-
Tgfb2-206	1d0fdf4b2b470580b346f58cbb374878	442	ProSitePatterns	PS00250	TGF-beta family signature.	363	378	-	T	03-04-2026	IPR017948	Transforming growth factor beta, conserved site	-	-
Tgfb2-206	1d0fdf4b2b470580b346f58cbb374878	442	NCBIfam	NF033679	DNRLRE domain	157	251	8.4E-5	T	03-04-2026	-	-	-	-
Tgfb2-206	1d0fdf4b2b470580b346f58cbb374878	442	ProSiteProfiles	PS51362	TGF-beta family profile.	327	442	36.832333	T	03-04-2026	IPR001839	Transforming growth factor-beta, C-terminal	-	-
Tgfb2-206	1d0fdf4b2b470580b346f58cbb374878	442	SignalP_GRAM_NEGATIVE	SignalP-noTM	SignalP-noTM	1	20	-	T	03-04-2026	-	-	-	-
Tgfb2-206	1d0fdf4b2b470580b346f58cbb374878	442	Phobius	NON_CYTOPLASMIC_DOMAIN	Region of a membrane-bound protein predicted to be outside the membrane, in the extracellular region.	21	442	-	T	03-04-2026	-	-	-	-
Tgfb2-206	1d0fdf4b2b470580b346f58cbb374878	442	Gene3D	G3DSA:2.60.120.970	-	19	331	5.1E-73	T	03-04-2026	-	-	-	-
Tgfb2-206	1d0fdf4b2b470580b346f58cbb374878	442	Phobius	SIGNAL_PEPTIDE_C_REGION	C-terminal region of a signal peptide.	16	20	-	T	03-04-2026	-	-	-	-
Tgfb2-206	1d0fdf4b2b470580b346f58cbb374878	442	FunFam	G3DSA:2.10.90.10:FF:000004	Transforming growth factor beta	332	442	9.9E-65	T	03-04-2026	-	-	-	-
Tgfb2-206	1d0fdf4b2b470580b346f58cbb374878	442	Phobius	SIGNAL_PEPTIDE	Signal peptide region	1	20	-	T	03-04-2026	-	-	-	-
Tgfb2-206	1d0fdf4b2b470580b346f58cbb374878	442	SUPERFAMILY	SSF57501	Cystine-knot cytokines	335	441	5.59E-35	T	03-04-2026	IPR029034	Cystine-knot cytokine	-	-
Tgfb2-206	1d0fdf4b2b470580b346f58cbb374878	442	SignalP_GRAM_NEGATIVE	SignalP-noTM	SignalP-noTM	1	20	-	T	03-04-2026	-	-	-	-
Tgfb2-206	1d0fdf4b2b470580b346f58cbb374878	442	Gene3D	G3DSA:2.10.90.10	-	332	442	1.2E-35	T	03-04-2026	IPR029034	Cystine-knot cytokine	-	-
Tgfb2-206	1d0fdf4b2b470580b346f58cbb374878	442	FunFam	G3DSA:2.60.120.970:FF:000002	Transforming growth factor beta	19	331	0.0	T	03-04-2026	-	-	-	-
Tgfb2-206	1d0fdf4b2b470580b346f58cbb374878	442	Phobius	SIGNAL_PEPTIDE_N_REGION	N-terminal region of a signal peptide.	1	3	-	T	03-04-2026	-	-	-	-
Tgfb2-206	1d0fdf4b2b470580b346f58cbb374878	442	SMART	SM00204	TGFB_2	345	442	1.7E-37	T	03-04-2026	IPR001839	Transforming growth factor-beta, C-terminal	-	-
Tgfb2-206	1d0fdf4b2b470580b346f58cbb374878	442	PIRSF	PIRSF001787	TGF-beta	2	442	0.0	T	03-04-2026	IPR016319	Transforming growth factor-beta	-	-
Tgfb2-206	1d0fdf4b2b470580b346f58cbb374878	442	SignalP_GRAM_POSITIVE	SignalP-TM	SignalP-TM	1	21	-	T	03-04-2026	-	-	-	-
Tgfb2-206	1d0fdf4b2b470580b346f58cbb374878	442	Pfam	PF00688	TGF-beta propeptide	22	255	6.9E-34	T	03-04-2026	IPR001111	TGF-beta, propeptide	-	-
Tgfb2-206	1d0fdf4b2b470580b346f58cbb374878	442	Phobius	SIGNAL_PEPTIDE_H_REGION	Hydrophobic region of a signal peptide.	4	15	-	T	03-04-2026	-	-	-	-
Tgfb2-206	1d0fdf4b2b470580b346f58cbb374878	442	PRINTS	PR01425	Transforming growth factor beta 2 precursor signature	2	23	1.5E-83	T	03-04-2026	IPR003940	Transforming growth factor beta-2 proprotein	-	-
Tgfb2-206	1d0fdf4b2b470580b346f58cbb374878	442	PRINTS	PR01425	Transforming growth factor beta 2 precursor signature	50	69	1.5E-83	T	03-04-2026	IPR003940	Transforming growth factor beta-2 proprotein	-	-
Tgfb2-206	1d0fdf4b2b470580b346f58cbb374878	442	PRINTS	PR01425	Transforming growth factor beta 2 precursor signature	76	98	1.5E-83	T	03-04-2026	IPR003940	Transforming growth factor beta-2 proprotein	-	-
Tgfb2-206	1d0fdf4b2b470580b346f58cbb374878	442	PRINTS	PR01425	Transforming growth factor beta 2 precursor signature	144	159	1.5E-83	T	03-04-2026	IPR003940	Transforming growth factor beta-2 proprotein	-	-
Tgfb2-206	1d0fdf4b2b470580b346f58cbb374878	442	PRINTS	PR01425	Transforming growth factor beta 2 precursor signature	180	191	1.5E-83	T	03-04-2026	IPR003940	Transforming growth factor beta-2 proprotein	-	-
Tgfb2-206	1d0fdf4b2b470580b346f58cbb374878	442	PRINTS	PR01425	Transforming growth factor beta 2 precursor signature	200	212	1.5E-83	T	03-04-2026	IPR003940	Transforming growth factor beta-2 proprotein	-	-
Tgfb2-206	1d0fdf4b2b470580b346f58cbb374878	442	PRINTS	PR01425	Transforming growth factor beta 2 precursor signature	261	277	1.5E-83	T	03-04-2026	IPR003940	Transforming growth factor beta-2 proprotein	-	-
Tgfb2-206	1d0fdf4b2b470580b346f58cbb374878	442	PRINTS	PR01425	Transforming growth factor beta 2 precursor signature	296	308	1.5E-83	T	03-04-2026	IPR003940	Transforming growth factor beta-2 proprotein	-	-
Tgfb2-206	1d0fdf4b2b470580b346f58cbb374878	442	Pfam	PF00019	Transforming growth factor beta like domain	344	441	4.3E-22	T	03-04-2026	IPR001839	Transforming growth factor-beta, C-terminal	-	-
Tgfb2-206	1d0fdf4b2b470580b346f58cbb374878	442	CDD	cd19385	TGF_beta_TGFB2	345	441	5.30067E-74	T	03-04-2026	-	-	-	-
Tnfaip3-201	0cdc1751d71f175abf06a8a302fd3e8f	775	Gene3D	G3DSA:3.90.70.80	-	68	261	3.9E-6	T	03-04-2026	-	-	-	-
Tnfaip3-201	0cdc1751d71f175abf06a8a302fd3e8f	775	ProSiteProfiles	PS51036	Zinc finger A20-type profile.	586	621	9.192687	T	03-04-2026	IPR002653	Zinc finger, A20-type	-	-
Tnfaip3-201	0cdc1751d71f175abf06a8a302fd3e8f	775	ProSiteProfiles	PS51036	Zinc finger A20-type profile.	464	499	7.929025	T	03-04-2026	IPR002653	Zinc finger, A20-type	-	-
Tnfaip3-201	0cdc1751d71f175abf06a8a302fd3e8f	775	SMART	SM00259	A20_3	503	526	8.2E-6	T	03-04-2026	IPR002653	Zinc finger, A20-type	-	-
Tnfaip3-201	0cdc1751d71f175abf06a8a302fd3e8f	775	SMART	SM00259	A20_3	639	664	2.7E-6	T	03-04-2026	IPR002653	Zinc finger, A20-type	-	-
Tnfaip3-201	0cdc1751d71f175abf06a8a302fd3e8f	775	SMART	SM00259	A20_3	698	723	3.0E-6	T	03-04-2026	IPR002653	Zinc finger, A20-type	-	-
Tnfaip3-201	0cdc1751d71f175abf06a8a302fd3e8f	775	SMART	SM00259	A20_3	589	614	1.1E-7	T	03-04-2026	IPR002653	Zinc finger, A20-type	-	-
Tnfaip3-201	0cdc1751d71f175abf06a8a302fd3e8f	775	SMART	SM00259	A20_3	467	492	6.7E-9	T	03-04-2026	IPR002653	Zinc finger, A20-type	-	-
Tnfaip3-201	0cdc1751d71f175abf06a8a302fd3e8f	775	SMART	SM00259	A20_3	384	409	1.4E-8	T	03-04-2026	IPR002653	Zinc finger, A20-type	-	-
Tnfaip3-201	0cdc1751d71f175abf06a8a302fd3e8f	775	SMART	SM00259	A20_3	744	769	5.0E-8	T	03-04-2026	IPR002653	Zinc finger, A20-type	-	-
Tnfaip3-201	0cdc1751d71f175abf06a8a302fd3e8f	775	FunFam	G3DSA:4.10.240.30:FF:000001	Tumor necrosis factor alpha-induced protein 3	467	496	7.0E-19	T	03-04-2026	-	-	-	-
Tnfaip3-201	0cdc1751d71f175abf06a8a302fd3e8f	775	Pfam	PF01754	A20-like zinc finger	468	491	0.015	T	03-04-2026	IPR002653	Zinc finger, A20-type	-	-
Tnfaip3-201	0cdc1751d71f175abf06a8a302fd3e8f	775	Pfam	PF01754	A20-like zinc finger	590	613	0.12	T	03-04-2026	IPR002653	Zinc finger, A20-type	-	-
Tnfaip3-201	0cdc1751d71f175abf06a8a302fd3e8f	775	Pfam	PF01754	A20-like zinc finger	641	663	0.0021	T	03-04-2026	IPR002653	Zinc finger, A20-type	-	-
Tnfaip3-201	0cdc1751d71f175abf06a8a302fd3e8f	775	Pfam	PF01754	A20-like zinc finger	745	769	1.8E-4	T	03-04-2026	IPR002653	Zinc finger, A20-type	-	-
Tnfaip3-201	0cdc1751d71f175abf06a8a302fd3e8f	775	Pfam	PF01754	A20-like zinc finger	385	407	3.0E-4	T	03-04-2026	IPR002653	Zinc finger, A20-type	-	-
Tnfaip3-201	0cdc1751d71f175abf06a8a302fd3e8f	775	FunFam	G3DSA:1.20.5.4770:FF:000005	tumor necrosis factor alpha-induced protein 3	581	637	6.5E-34	T	03-04-2026	-	-	-	-
Tnfaip3-201	0cdc1751d71f175abf06a8a302fd3e8f	775	PANTHER	PTHR13367	UBIQUITIN THIOESTERASE	33	622	9.6E-126	T	03-04-2026	IPR051346	OTU Domain-Containing Deubiquitinase	-	-
Tnfaip3-201	0cdc1751d71f175abf06a8a302fd3e8f	775	ProSiteProfiles	PS51036	Zinc finger A20-type profile.	741	775	8.673683	T	03-04-2026	IPR002653	Zinc finger, A20-type	-	-
Tnfaip3-201	0cdc1751d71f175abf06a8a302fd3e8f	775	FunFam	G3DSA:3.90.70.80:FF:000011	tumor necrosis factor alpha-induced protein 3	68	261	2.6E-127	T	03-04-2026	-	-	-	-
Tnfaip3-201	0cdc1751d71f175abf06a8a302fd3e8f	775	FunFam	G3DSA:4.10.240.30:FF:000002	Tumor necrosis factor, alpha-induced protein 3	380	415	4.2E-25	T	03-04-2026	-	-	-	-
Tnfaip3-201	0cdc1751d71f175abf06a8a302fd3e8f	775	ProSiteProfiles	PS51036	Zinc finger A20-type profile.	381	416	8.056895	T	03-04-2026	IPR002653	Zinc finger, A20-type	-	-
Tnfaip3-201	0cdc1751d71f175abf06a8a302fd3e8f	775	MobiDBLite	mobidb-lite	consensus disorder prediction	567	590	-	T	03-04-2026	-	-	-	-
Tnfaip3-201	0cdc1751d71f175abf06a8a302fd3e8f	775	ProSiteProfiles	PS51036	Zinc finger A20-type profile.	636	671	8.252462	T	03-04-2026	IPR002653	Zinc finger, A20-type	-	-
Tnfaip3-201	0cdc1751d71f175abf06a8a302fd3e8f	775	FunFam	G3DSA:4.10.240.30:FF:000003	Tumor necrosis factor alpha-induced protein 3	744	773	2.6E-19	T	03-04-2026	-	-	-	-
Tnfaip3-201	0cdc1751d71f175abf06a8a302fd3e8f	775	FunFam	G3DSA:4.10.240.30:FF:000004	tumor necrosis factor alpha-induced protein 3 isoform X2	589	621	6.5E-24	T	03-04-2026	-	-	-	-
Tnfaip3-201	0cdc1751d71f175abf06a8a302fd3e8f	775	MobiDBLite	mobidb-lite	consensus disorder prediction	567	580	-	T	03-04-2026	-	-	-	-
Tnfaip3-201	0cdc1751d71f175abf06a8a302fd3e8f	775	Gene3D	G3DSA:1.20.5.4770	-	579	636	4.3E-7	T	03-04-2026	-	-	-	-
Tnfaip3-201	0cdc1751d71f175abf06a8a302fd3e8f	775	ProSiteProfiles	PS50802	OTU domain profile.	92	263	27.285149	T	03-04-2026	IPR003323	OTU domain	-	-
Tnfaip3-201	0cdc1751d71f175abf06a8a302fd3e8f	775	MobiDBLite	mobidb-lite	consensus disorder prediction	415	455	-	T	03-04-2026	-	-	-	-
Tnfaip3-201	0cdc1751d71f175abf06a8a302fd3e8f	775	CDD	cd22766	OTU_TNFAIP3	41	261	0.0	T	03-04-2026	-	-	-	-
Tnfaip3-201	0cdc1751d71f175abf06a8a302fd3e8f	775	Pfam	PF02338	OTU-like cysteine protease	98	257	1.0E-21	T	03-04-2026	IPR003323	OTU domain	-	-
Tnfaip3-201	0cdc1751d71f175abf06a8a302fd3e8f	775	Gene3D	G3DSA:4.10.240.30	-	380	416	3.2E-19	T	03-04-2026	-	-	-	-
Tnfaip3-201	0cdc1751d71f175abf06a8a302fd3e8f	775	Gene3D	G3DSA:4.10.240.30	-	467	497	3.5E-10	T	03-04-2026	-	-	-	-
Tnfaip3-201	0cdc1751d71f175abf06a8a302fd3e8f	775	Gene3D	G3DSA:4.10.240.30	-	744	773	6.4E-7	T	03-04-2026	-	-	-	-
Tnfaip3-202	0cdc1751d71f175abf06a8a302fd3e8f	775	Gene3D	G3DSA:3.90.70.80	-	68	261	3.9E-6	T	03-04-2026	-	-	-	-
Tnfaip3-202	0cdc1751d71f175abf06a8a302fd3e8f	775	ProSiteProfiles	PS51036	Zinc finger A20-type profile.	586	621	9.192687	T	03-04-2026	IPR002653	Zinc finger, A20-type	-	-
Tnfaip3-202	0cdc1751d71f175abf06a8a302fd3e8f	775	ProSiteProfiles	PS51036	Zinc finger A20-type profile.	464	499	7.929025	T	03-04-2026	IPR002653	Zinc finger, A20-type	-	-
Tnfaip3-202	0cdc1751d71f175abf06a8a302fd3e8f	775	SMART	SM00259	A20_3	503	526	8.2E-6	T	03-04-2026	IPR002653	Zinc finger, A20-type	-	-
Tnfaip3-202	0cdc1751d71f175abf06a8a302fd3e8f	775	SMART	SM00259	A20_3	639	664	2.7E-6	T	03-04-2026	IPR002653	Zinc finger, A20-type	-	-
Tnfaip3-202	0cdc1751d71f175abf06a8a302fd3e8f	775	SMART	SM00259	A20_3	698	723	3.0E-6	T	03-04-2026	IPR002653	Zinc finger, A20-type	-	-
Tnfaip3-202	0cdc1751d71f175abf06a8a302fd3e8f	775	SMART	SM00259	A20_3	589	614	1.1E-7	T	03-04-2026	IPR002653	Zinc finger, A20-type	-	-
Tnfaip3-202	0cdc1751d71f175abf06a8a302fd3e8f	775	SMART	SM00259	A20_3	467	492	6.7E-9	T	03-04-2026	IPR002653	Zinc finger, A20-type	-	-
Tnfaip3-202	0cdc1751d71f175abf06a8a302fd3e8f	775	SMART	SM00259	A20_3	384	409	1.4E-8	T	03-04-2026	IPR002653	Zinc finger, A20-type	-	-
Tnfaip3-202	0cdc1751d71f175abf06a8a302fd3e8f	775	SMART	SM00259	A20_3	744	769	5.0E-8	T	03-04-2026	IPR002653	Zinc finger, A20-type	-	-
Tnfaip3-202	0cdc1751d71f175abf06a8a302fd3e8f	775	FunFam	G3DSA:4.10.240.30:FF:000001	Tumor necrosis factor alpha-induced protein 3	467	496	7.0E-19	T	03-04-2026	-	-	-	-
Tnfaip3-202	0cdc1751d71f175abf06a8a302fd3e8f	775	Pfam	PF01754	A20-like zinc finger	468	491	0.015	T	03-04-2026	IPR002653	Zinc finger, A20-type	-	-
Tnfaip3-202	0cdc1751d71f175abf06a8a302fd3e8f	775	Pfam	PF01754	A20-like zinc finger	590	613	0.12	T	03-04-2026	IPR002653	Zinc finger, A20-type	-	-
Tnfaip3-202	0cdc1751d71f175abf06a8a302fd3e8f	775	Pfam	PF01754	A20-like zinc finger	641	663	0.0021	T	03-04-2026	IPR002653	Zinc finger, A20-type	-	-
Tnfaip3-202	0cdc1751d71f175abf06a8a302fd3e8f	775	Pfam	PF01754	A20-like zinc finger	745	769	1.8E-4	T	03-04-2026	IPR002653	Zinc finger, A20-type	-	-
Tnfaip3-202	0cdc1751d71f175abf06a8a302fd3e8f	775	Pfam	PF01754	A20-like zinc finger	385	407	3.0E-4	T	03-04-2026	IPR002653	Zinc finger, A20-type	-	-
Tnfaip3-202	0cdc1751d71f175abf06a8a302fd3e8f	775	FunFam	G3DSA:1.20.5.4770:FF:000005	tumor necrosis factor alpha-induced protein 3	581	637	6.5E-34	T	03-04-2026	-	-	-	-
Tnfaip3-202	0cdc1751d71f175abf06a8a302fd3e8f	775	PANTHER	PTHR13367	UBIQUITIN THIOESTERASE	33	622	9.6E-126	T	03-04-2026	IPR051346	OTU Domain-Containing Deubiquitinase	-	-
Tnfaip3-202	0cdc1751d71f175abf06a8a302fd3e8f	775	ProSiteProfiles	PS51036	Zinc finger A20-type profile.	741	775	8.673683	T	03-04-2026	IPR002653	Zinc finger, A20-type	-	-
Tnfaip3-202	0cdc1751d71f175abf06a8a302fd3e8f	775	FunFam	G3DSA:3.90.70.80:FF:000011	tumor necrosis factor alpha-induced protein 3	68	261	2.6E-127	T	03-04-2026	-	-	-	-
Tnfaip3-202	0cdc1751d71f175abf06a8a302fd3e8f	775	FunFam	G3DSA:4.10.240.30:FF:000002	Tumor necrosis factor, alpha-induced protein 3	380	415	4.2E-25	T	03-04-2026	-	-	-	-
Tnfaip3-202	0cdc1751d71f175abf06a8a302fd3e8f	775	ProSiteProfiles	PS51036	Zinc finger A20-type profile.	381	416	8.056895	T	03-04-2026	IPR002653	Zinc finger, A20-type	-	-
Tnfaip3-202	0cdc1751d71f175abf06a8a302fd3e8f	775	MobiDBLite	mobidb-lite	consensus disorder prediction	567	590	-	T	03-04-2026	-	-	-	-
Tnfaip3-202	0cdc1751d71f175abf06a8a302fd3e8f	775	ProSiteProfiles	PS51036	Zinc finger A20-type profile.	636	671	8.252462	T	03-04-2026	IPR002653	Zinc finger, A20-type	-	-
Tnfaip3-202	0cdc1751d71f175abf06a8a302fd3e8f	775	FunFam	G3DSA:4.10.240.30:FF:000003	Tumor necrosis factor alpha-induced protein 3	744	773	2.6E-19	T	03-04-2026	-	-	-	-
Tnfaip3-202	0cdc1751d71f175abf06a8a302fd3e8f	775	FunFam	G3DSA:4.10.240.30:FF:000004	tumor necrosis factor alpha-induced protein 3 isoform X2	589	621	6.5E-24	T	03-04-2026	-	-	-	-
Tnfaip3-202	0cdc1751d71f175abf06a8a302fd3e8f	775	MobiDBLite	mobidb-lite	consensus disorder prediction	567	580	-	T	03-04-2026	-	-	-	-
Tnfaip3-202	0cdc1751d71f175abf06a8a302fd3e8f	775	Gene3D	G3DSA:1.20.5.4770	-	579	636	4.3E-7	T	03-04-2026	-	-	-	-
Tnfaip3-202	0cdc1751d71f175abf06a8a302fd3e8f	775	ProSiteProfiles	PS50802	OTU domain profile.	92	263	27.285149	T	03-04-2026	IPR003323	OTU domain	-	-
Tnfaip3-202	0cdc1751d71f175abf06a8a302fd3e8f	775	MobiDBLite	mobidb-lite	consensus disorder prediction	415	455	-	T	03-04-2026	-	-	-	-
Tnfaip3-202	0cdc1751d71f175abf06a8a302fd3e8f	775	CDD	cd22766	OTU_TNFAIP3	41	261	0.0	T	03-04-2026	-	-	-	-
Tnfaip3-202	0cdc1751d71f175abf06a8a302fd3e8f	775	Pfam	PF02338	OTU-like cysteine protease	98	257	1.0E-21	T	03-04-2026	IPR003323	OTU domain	-	-
Tnfaip3-202	0cdc1751d71f175abf06a8a302fd3e8f	775	Gene3D	G3DSA:4.10.240.30	-	380	416	3.2E-19	T	03-04-2026	-	-	-	-
Tnfaip3-202	0cdc1751d71f175abf06a8a302fd3e8f	775	Gene3D	G3DSA:4.10.240.30	-	467	497	3.5E-10	T	03-04-2026	-	-	-	-
Tnfaip3-202	0cdc1751d71f175abf06a8a302fd3e8f	775	Gene3D	G3DSA:4.10.240.30	-	744	773	6.4E-7	T	03-04-2026	-	-	-	-
Ifngr1-201	0dc2d557a182f2c229d93c2162f2b184	477	PANTHER	PTHR20859	INTERFERON/INTERLEUKIN RECEPTOR	15	452	6.5E-43	T	03-04-2026	-	-	-	-
Ifngr1-201	0dc2d557a182f2c229d93c2162f2b184	477	SignalP_EUK	SignalP-noTM	SignalP-noTM	1	20	-	T	03-04-2026	-	-	-	-
Ifngr1-201	0dc2d557a182f2c229d93c2162f2b184	477	Phobius	TRANSMEMBRANE	Region of a membrane-bound protein predicted to be embedded in the membrane.	255	277	-	T	03-04-2026	-	-	-	-
Ifngr1-201	0dc2d557a182f2c229d93c2162f2b184	477	MobiDBLite	mobidb-lite	consensus disorder prediction	402	446	-	T	03-04-2026	-	-	-	-
Ifngr1-201	0dc2d557a182f2c229d93c2162f2b184	477	SUPERFAMILY	SSF49265	Fibronectin type III	38	140	1.04E-22	T	03-04-2026	IPR036116	Fibronectin type III superfamily	-	-
Ifngr1-201	0dc2d557a182f2c229d93c2162f2b184	477	FunFam	G3DSA:2.60.40.10:FF:001244	Interferon gamma receptor 1	132	247	4.8E-43	T	03-04-2026	-	-	-	-
Ifngr1-201	0dc2d557a182f2c229d93c2162f2b184	477	Phobius	SIGNAL_PEPTIDE_H_REGION	Hydrophobic region of a signal peptide.	11	20	-	T	03-04-2026	-	-	-	-
Ifngr1-201	0dc2d557a182f2c229d93c2162f2b184	477	Phobius	SIGNAL_PEPTIDE_C_REGION	C-terminal region of a signal peptide.	21	25	-	T	03-04-2026	-	-	-	-
Ifngr1-201	0dc2d557a182f2c229d93c2162f2b184	477	Pfam	PF20634	Interferon gamma receptor 1, transmembrane region	271	323	6.3E-15	T	03-04-2026	-	-	-	-
Ifngr1-201	0dc2d557a182f2c229d93c2162f2b184	477	Phobius	SIGNAL_PEPTIDE_N_REGION	N-terminal region of a signal peptide.	1	10	-	T	03-04-2026	-	-	-	-
Ifngr1-201	0dc2d557a182f2c229d93c2162f2b184	477	MobiDBLite	mobidb-lite	consensus disorder prediction	402	416	-	T	03-04-2026	-	-	-	-
Ifngr1-201	0dc2d557a182f2c229d93c2162f2b184	477	Phobius	SIGNAL_PEPTIDE	Signal peptide region	1	25	-	T	03-04-2026	-	-	-	-
Ifngr1-201	0dc2d557a182f2c229d93c2162f2b184	477	Phobius	CYTOPLASMIC_DOMAIN	Region of a membrane-bound protein predicted to be outside the membrane, in the cytoplasm.	278	477	-	T	03-04-2026	-	-	-	-
Ifngr1-201	0dc2d557a182f2c229d93c2162f2b184	477	Gene3D	G3DSA:2.60.40.10	Immunoglobulins	28	131	1.7E-23	T	03-04-2026	IPR013783	Immunoglobulin-like fold	-	-
Ifngr1-201	0dc2d557a182f2c229d93c2162f2b184	477	SignalP_GRAM_POSITIVE	SignalP-TM	SignalP-TM	1	26	-	T	03-04-2026	-	-	-	-
Ifngr1-201	0dc2d557a182f2c229d93c2162f2b184	477	Pfam	PF01108	Tissue factor	10	118	3.1E-20	T	03-04-2026	IPR003961	Fibronectin type III	-	-
Ifngr1-201	0dc2d557a182f2c229d93c2162f2b184	477	Phobius	NON_CYTOPLASMIC_DOMAIN	Region of a membrane-bound protein predicted to be outside the membrane, in the extracellular region.	26	254	-	T	03-04-2026	-	-	-	-
Ifngr1-201	0dc2d557a182f2c229d93c2162f2b184	477	MobiDBLite	mobidb-lite	consensus disorder prediction	335	386	-	T	03-04-2026	-	-	-	-
Ifngr1-201	0dc2d557a182f2c229d93c2162f2b184	477	FunFam	G3DSA:2.60.40.10:FF:001425	Interferon gamma receptor 1	27	131	2.0E-46	T	03-04-2026	-	-	-	-
Ifngr1-201	0dc2d557a182f2c229d93c2162f2b184	477	TMHMM	TMhelix	Region of a membrane-bound protein predicted to be embedded in the membrane.	255	277	-	T	03-04-2026	-	-	-	-
Ifngr1-201	0dc2d557a182f2c229d93c2162f2b184	477	MobiDBLite	mobidb-lite	consensus disorder prediction	375	386	-	T	03-04-2026	-	-	-	-
Ifngr1-201	0dc2d557a182f2c229d93c2162f2b184	477	PRINTS	PR01777	Interferon-gamma receptor alpha chain signature	103	117	2.6E-30	T	03-04-2026	IPR008355	Interferon gamma receptor alpha subunit	-	-
Ifngr1-201	0dc2d557a182f2c229d93c2162f2b184	477	PRINTS	PR01777	Interferon-gamma receptor alpha chain signature	286	300	2.6E-30	T	03-04-2026	IPR008355	Interferon gamma receptor alpha subunit	-	-
Ifngr1-201	0dc2d557a182f2c229d93c2162f2b184	477	PRINTS	PR01777	Interferon-gamma receptor alpha chain signature	300	311	2.6E-30	T	03-04-2026	IPR008355	Interferon gamma receptor alpha subunit	-	-
Ifngr1-201	0dc2d557a182f2c229d93c2162f2b184	477	PRINTS	PR01777	Interferon-gamma receptor alpha chain signature	444	454	2.6E-30	T	03-04-2026	IPR008355	Interferon gamma receptor alpha subunit	-	-
Ifngr1-201	0dc2d557a182f2c229d93c2162f2b184	477	PRINTS	PR01777	Interferon-gamma receptor alpha chain signature	460	468	2.6E-30	T	03-04-2026	IPR008355	Interferon gamma receptor alpha subunit	-	-
Ifngr1-201	0dc2d557a182f2c229d93c2162f2b184	477	Pfam	PF07140	Interferon gamma receptor (IFNGR1), D2 domain	138	248	1.6E-33	T	03-04-2026	IPR021126	Interferon gamma receptor, D2 domain, poxvirus/mammal	-	-
Ifngr1-201	0dc2d557a182f2c229d93c2162f2b184	477	SUPERFAMILY	SSF49265	Fibronectin type III	133	247	2.9E-26	T	03-04-2026	IPR036116	Fibronectin type III superfamily	-	-
Ifngr1-201	0dc2d557a182f2c229d93c2162f2b184	477	Gene3D	G3DSA:2.60.40.10	Immunoglobulins	132	246	5.7E-35	T	03-04-2026	IPR013783	Immunoglobulin-like fold	-	-
Ifngr1-201	0dc2d557a182f2c229d93c2162f2b184	477	SignalP_EUK	SignalP-noTM	SignalP-noTM	1	25	-	T	03-04-2026	-	-	-	-
Ifngr1-203	451c23b537cae78e78950de5fc790169	75	SignalP_GRAM_NEGATIVE	SignalP-noTM	SignalP-noTM	1	20	-	T	03-04-2026	-	-	-	-
Ifngr1-203	451c23b537cae78e78950de5fc790169	75	Phobius	SIGNAL_PEPTIDE	Signal peptide region	1	25	-	T	03-04-2026	-	-	-	-
Ifngr1-203	451c23b537cae78e78950de5fc790169	75	Phobius	NON_CYTOPLASMIC_DOMAIN	Region of a membrane-bound protein predicted to be outside the membrane, in the extracellular region.	26	75	-	T	03-04-2026	-	-	-	-
Ifngr1-203	451c23b537cae78e78950de5fc790169	75	Pfam	PF01108	Tissue factor	10	71	1.3E-6	T	03-04-2026	IPR003961	Fibronectin type III	-	-
Ifngr1-203	451c23b537cae78e78950de5fc790169	75	Phobius	SIGNAL_PEPTIDE_H_REGION	Hydrophobic region of a signal peptide.	11	20	-	T	03-04-2026	-	-	-	-
Ifngr1-203	451c23b537cae78e78950de5fc790169	75	Gene3D	G3DSA:2.60.40.10	Immunoglobulins	28	73	5.6E-8	T	03-04-2026	IPR013783	Immunoglobulin-like fold	-	-
Ifngr1-203	451c23b537cae78e78950de5fc790169	75	SignalP_GRAM_NEGATIVE	SignalP-noTM	SignalP-noTM	1	25	-	T	03-04-2026	-	-	-	-
Ifngr1-203	451c23b537cae78e78950de5fc790169	75	Phobius	SIGNAL_PEPTIDE_C_REGION	C-terminal region of a signal peptide.	21	25	-	T	03-04-2026	-	-	-	-
Ifngr1-203	451c23b537cae78e78950de5fc790169	75	Phobius	SIGNAL_PEPTIDE_N_REGION	N-terminal region of a signal peptide.	1	10	-	T	03-04-2026	-	-	-	-
Ifngr1-203	451c23b537cae78e78950de5fc790169	75	SUPERFAMILY	SSF49265	Fibronectin type III	38	71	6.17E-5	T	03-04-2026	IPR036116	Fibronectin type III superfamily	-	-
Ifngr1-203	451c23b537cae78e78950de5fc790169	75	SignalP_GRAM_POSITIVE	SignalP-TM	SignalP-TM	1	26	-	T	03-04-2026	-	-	-	-
Csf3r-202	ebe2059178721dab64f67d3c7b9bc79a	837	PANTHER	PTHR48423	INTERLEUKIN-27 RECEPTOR SUBUNIT ALPHA	119	706	2.0E-49	T	03-04-2026	IPR052672	Type I Cytokine Receptor Family, Type 2 Subfamily	-	-
Csf3r-202	ebe2059178721dab64f67d3c7b9bc79a	837	Gene3D	G3DSA:2.60.40.10	Immunoglobulins	25	120	7.5E-29	T	03-04-2026	IPR013783	Immunoglobulin-like fold	-	-
Csf3r-202	ebe2059178721dab64f67d3c7b9bc79a	837	TMHMM	TMhelix	Region of a membrane-bound protein predicted to be embedded in the membrane.	627	649	-	T	03-04-2026	-	-	-	-
Csf3r-202	ebe2059178721dab64f67d3c7b9bc79a	837	SUPERFAMILY	SSF49265	Fibronectin type III	436	617	7.63E-16	T	03-04-2026	IPR036116	Fibronectin type III superfamily	-	-
Csf3r-202	ebe2059178721dab64f67d3c7b9bc79a	837	Phobius	SIGNAL_PEPTIDE_C_REGION	C-terminal region of a signal peptide.	20	25	-	T	03-04-2026	-	-	-	-
Csf3r-202	ebe2059178721dab64f67d3c7b9bc79a	837	SMART	SM00060	FN3_2	530	612	0.0027	T	03-04-2026	IPR003961	Fibronectin type III	-	-
Csf3r-202	ebe2059178721dab64f67d3c7b9bc79a	837	SMART	SM00060	FN3_2	432	518	3.3	T	03-04-2026	IPR003961	Fibronectin type III	-	-
Csf3r-202	ebe2059178721dab64f67d3c7b9bc79a	837	SMART	SM00060	FN3_2	358	420	190.0	T	03-04-2026	IPR003961	Fibronectin type III	-	-
Csf3r-202	ebe2059178721dab64f67d3c7b9bc79a	837	SMART	SM00060	FN3_2	124	213	73.0	T	03-04-2026	IPR003961	Fibronectin type III	-	-
Csf3r-202	ebe2059178721dab64f67d3c7b9bc79a	837	FunFam	G3DSA:2.60.40.10:FF:000997	Colony stimulating factor 3 receptor (Granulocyte)	436	524	4.1E-37	T	03-04-2026	-	-	-	-
Csf3r-202	ebe2059178721dab64f67d3c7b9bc79a	837	SUPERFAMILY	SSF49265	Fibronectin type III	229	328	9.46E-20	T	03-04-2026	IPR036116	Fibronectin type III superfamily	-	-
Csf3r-202	ebe2059178721dab64f67d3c7b9bc79a	837	Gene3D	G3DSA:2.60.40.10	Immunoglobulins	121	227	1.7E-33	T	03-04-2026	IPR013783	Immunoglobulin-like fold	-	-
Csf3r-202	ebe2059178721dab64f67d3c7b9bc79a	837	ProSiteProfiles	PS50853	Fibronectin type-III domain profile.	530	624	13.309944	T	03-04-2026	IPR003961	Fibronectin type III	-	-
Csf3r-202	ebe2059178721dab64f67d3c7b9bc79a	837	CDD	cd00063	FN3	433	524	0.00224392	T	03-04-2026	IPR003961	Fibronectin type III	-	-
Csf3r-202	ebe2059178721dab64f67d3c7b9bc79a	837	ProSiteProfiles	PS50853	Fibronectin type-III domain profile.	434	529	10.375124	T	03-04-2026	IPR003961	Fibronectin type III	-	-
Csf3r-202	ebe2059178721dab64f67d3c7b9bc79a	837	Gene3D	G3DSA:2.60.40.10	Immunoglobulins	228	334	4.1E-29	T	03-04-2026	IPR013783	Immunoglobulin-like fold	-	-
Csf3r-202	ebe2059178721dab64f67d3c7b9bc79a	837	SUPERFAMILY	SSF48726	Immunoglobulin	26	119	7.03E-26	T	03-04-2026	IPR036179	Immunoglobulin-like domain superfamily	-	-
Csf3r-202	ebe2059178721dab64f67d3c7b9bc79a	837	CDD	cd00063	FN3	531	621	4.68744E-7	T	03-04-2026	IPR003961	Fibronectin type III	-	-
Csf3r-202	ebe2059178721dab64f67d3c7b9bc79a	837	FunFam	G3DSA:2.60.40.10:FF:000465	Granulocyte colony-stimulating factor receptor	121	227	2.7E-40	T	03-04-2026	-	-	-	-
Csf3r-202	ebe2059178721dab64f67d3c7b9bc79a	837	Phobius	SIGNAL_PEPTIDE	Signal peptide region	1	25	-	T	03-04-2026	-	-	-	-
Csf3r-202	ebe2059178721dab64f67d3c7b9bc79a	837	ProSiteProfiles	PS50853	Fibronectin type-III domain profile.	334	433	9.286401	T	03-04-2026	IPR003961	Fibronectin type III	-	-
Csf3r-202	ebe2059178721dab64f67d3c7b9bc79a	837	SignalP_EUK	SignalP-noTM	SignalP-noTM	1	25	-	T	03-04-2026	-	-	-	-
Csf3r-202	ebe2059178721dab64f67d3c7b9bc79a	837	FunFam	G3DSA:2.60.40.10:FF:001234	Colony stimulating factor 3 receptor	25	120	4.6E-42	T	03-04-2026	-	-	-	-
Csf3r-202	ebe2059178721dab64f67d3c7b9bc79a	837	CDD	cd00063	FN3	354	426	8.6056E-5	T	03-04-2026	IPR003961	Fibronectin type III	-	-
Csf3r-202	ebe2059178721dab64f67d3c7b9bc79a	837	ProSitePatterns	PS01353	Long hematopoietin receptor, gp130 family signature.	415	466	-	T	03-04-2026	IPR003529	Long hematopoietin receptor, Gp130 family 2, conserved site	-	-
Csf3r-202	ebe2059178721dab64f67d3c7b9bc79a	837	Phobius	CYTOPLASMIC_DOMAIN	Region of a membrane-bound protein predicted to be outside the membrane, in the cytoplasm.	651	837	-	T	03-04-2026	-	-	-	-
Csf3r-202	ebe2059178721dab64f67d3c7b9bc79a	837	Phobius	NON_CYTOPLASMIC_DOMAIN	Region of a membrane-bound protein predicted to be outside the membrane, in the extracellular region.	26	628	-	T	03-04-2026	-	-	-	-
Csf3r-202	ebe2059178721dab64f67d3c7b9bc79a	837	Phobius	SIGNAL_PEPTIDE_N_REGION	N-terminal region of a signal peptide.	1	3	-	T	03-04-2026	-	-	-	-
Csf3r-202	ebe2059178721dab64f67d3c7b9bc79a	837	ProSiteProfiles	PS50853	Fibronectin type-III domain profile.	236	331	11.582188	T	03-04-2026	IPR003961	Fibronectin type III	-	-
Csf3r-202	ebe2059178721dab64f67d3c7b9bc79a	837	FunFam	G3DSA:2.60.40.10:FF:000879	Colony stimulating factor 3 receptor	229	334	4.1E-46	T	03-04-2026	-	-	-	-
Csf3r-202	ebe2059178721dab64f67d3c7b9bc79a	837	Gene3D	G3DSA:2.60.40.10	Immunoglobulins	525	617	3.9E-9	T	03-04-2026	IPR013783	Immunoglobulin-like fold	-	-
Csf3r-202	ebe2059178721dab64f67d3c7b9bc79a	837	Phobius	SIGNAL_PEPTIDE_H_REGION	Hydrophobic region of a signal peptide.	4	19	-	T	03-04-2026	-	-	-	-
Csf3r-202	ebe2059178721dab64f67d3c7b9bc79a	837	Gene3D	G3DSA:2.60.40.10	Immunoglobulins	342	427	1.6E-11	T	03-04-2026	IPR013783	Immunoglobulin-like fold	-	-
Csf3r-202	ebe2059178721dab64f67d3c7b9bc79a	837	SUPERFAMILY	SSF49265	Fibronectin type III	121	227	3.01E-31	T	03-04-2026	IPR036116	Fibronectin type III superfamily	-	-
Csf3r-202	ebe2059178721dab64f67d3c7b9bc79a	837	Phobius	TRANSMEMBRANE	Region of a membrane-bound protein predicted to be embedded in the membrane.	629	650	-	T	03-04-2026	-	-	-	-
Csf3r-202	ebe2059178721dab64f67d3c7b9bc79a	837	Gene3D	G3DSA:2.60.40.10	Immunoglobulins	435	524	2.0E-16	T	03-04-2026	IPR013783	Immunoglobulin-like fold	-	-
Csf3r-202	ebe2059178721dab64f67d3c7b9bc79a	837	FunFam	G3DSA:2.60.40.10:FF:000839	granulocyte colony-stimulating factor receptor isoform X1	525	625	2.7E-50	T	03-04-2026	-	-	-	-
Csf3r-202	ebe2059178721dab64f67d3c7b9bc79a	837	FunFam	G3DSA:2.60.40.10:FF:001209	Colony stimulating factor 3 receptor	342	426	3.0E-41	T	03-04-2026	-	-	-	-
Csf3r-202	ebe2059178721dab64f67d3c7b9bc79a	837	Pfam	PF06328	Ig-like C2-type domain	24	118	1.3E-25	T	03-04-2026	IPR010457	Immunoglobulin C2-set-like, ligand-binding	-	-
Csf3r-202	ebe2059178721dab64f67d3c7b9bc79a	837	SUPERFAMILY	SSF49265	Fibronectin type III	354	427	3.37E-8	T	03-04-2026	IPR036116	Fibronectin type III superfamily	-	-
Csf3r-201	ebe2059178721dab64f67d3c7b9bc79a	837	PANTHER	PTHR48423	INTERLEUKIN-27 RECEPTOR SUBUNIT ALPHA	119	706	2.0E-49	T	03-04-2026	IPR052672	Type I Cytokine Receptor Family, Type 2 Subfamily	-	-
Csf3r-201	ebe2059178721dab64f67d3c7b9bc79a	837	Gene3D	G3DSA:2.60.40.10	Immunoglobulins	25	120	7.5E-29	T	03-04-2026	IPR013783	Immunoglobulin-like fold	-	-
Csf3r-201	ebe2059178721dab64f67d3c7b9bc79a	837	TMHMM	TMhelix	Region of a membrane-bound protein predicted to be embedded in the membrane.	627	649	-	T	03-04-2026	-	-	-	-
Csf3r-201	ebe2059178721dab64f67d3c7b9bc79a	837	SUPERFAMILY	SSF49265	Fibronectin type III	436	617	7.63E-16	T	03-04-2026	IPR036116	Fibronectin type III superfamily	-	-
Csf3r-201	ebe2059178721dab64f67d3c7b9bc79a	837	Phobius	SIGNAL_PEPTIDE_C_REGION	C-terminal region of a signal peptide.	20	25	-	T	03-04-2026	-	-	-	-
Csf3r-201	ebe2059178721dab64f67d3c7b9bc79a	837	SMART	SM00060	FN3_2	530	612	0.0027	T	03-04-2026	IPR003961	Fibronectin type III	-	-
Csf3r-201	ebe2059178721dab64f67d3c7b9bc79a	837	SMART	SM00060	FN3_2	432	518	3.3	T	03-04-2026	IPR003961	Fibronectin type III	-	-
Csf3r-201	ebe2059178721dab64f67d3c7b9bc79a	837	SMART	SM00060	FN3_2	358	420	190.0	T	03-04-2026	IPR003961	Fibronectin type III	-	-
Csf3r-201	ebe2059178721dab64f67d3c7b9bc79a	837	SMART	SM00060	FN3_2	124	213	73.0	T	03-04-2026	IPR003961	Fibronectin type III	-	-
Csf3r-201	ebe2059178721dab64f67d3c7b9bc79a	837	FunFam	G3DSA:2.60.40.10:FF:000997	Colony stimulating factor 3 receptor (Granulocyte)	436	524	4.1E-37	T	03-04-2026	-	-	-	-
Csf3r-201	ebe2059178721dab64f67d3c7b9bc79a	837	SUPERFAMILY	SSF49265	Fibronectin type III	229	328	9.46E-20	T	03-04-2026	IPR036116	Fibronectin type III superfamily	-	-
Csf3r-201	ebe2059178721dab64f67d3c7b9bc79a	837	ProSitePatterns	PS01353	Long hematopoietin receptor, gp130 family signature.	415	466	-	T	03-04-2026	IPR003529	Long hematopoietin receptor, Gp130 family 2, conserved site	-	-
Csf3r-201	ebe2059178721dab64f67d3c7b9bc79a	837	Gene3D	G3DSA:2.60.40.10	Immunoglobulins	121	227	1.7E-33	T	03-04-2026	IPR013783	Immunoglobulin-like fold	-	-
Csf3r-201	ebe2059178721dab64f67d3c7b9bc79a	837	ProSiteProfiles	PS50853	Fibronectin type-III domain profile.	530	624	13.309944	T	03-04-2026	IPR003961	Fibronectin type III	-	-
Csf3r-201	ebe2059178721dab64f67d3c7b9bc79a	837	CDD	cd00063	FN3	433	524	0.00224392	T	03-04-2026	IPR003961	Fibronectin type III	-	-
Csf3r-201	ebe2059178721dab64f67d3c7b9bc79a	837	ProSiteProfiles	PS50853	Fibronectin type-III domain profile.	434	529	10.375124	T	03-04-2026	IPR003961	Fibronectin type III	-	-
Csf3r-201	ebe2059178721dab64f67d3c7b9bc79a	837	Gene3D	G3DSA:2.60.40.10	Immunoglobulins	228	334	4.1E-29	T	03-04-2026	IPR013783	Immunoglobulin-like fold	-	-
Csf3r-201	ebe2059178721dab64f67d3c7b9bc79a	837	SUPERFAMILY	SSF48726	Immunoglobulin	26	119	7.03E-26	T	03-04-2026	IPR036179	Immunoglobulin-like domain superfamily	-	-
Csf3r-201	ebe2059178721dab64f67d3c7b9bc79a	837	CDD	cd00063	FN3	531	621	4.68744E-7	T	03-04-2026	IPR003961	Fibronectin type III	-	-
Csf3r-201	ebe2059178721dab64f67d3c7b9bc79a	837	FunFam	G3DSA:2.60.40.10:FF:000465	Granulocyte colony-stimulating factor receptor	121	227	2.7E-40	T	03-04-2026	-	-	-	-
Csf3r-201	ebe2059178721dab64f67d3c7b9bc79a	837	Phobius	SIGNAL_PEPTIDE	Signal peptide region	1	25	-	T	03-04-2026	-	-	-	-
Csf3r-201	ebe2059178721dab64f67d3c7b9bc79a	837	ProSiteProfiles	PS50853	Fibronectin type-III domain profile.	334	433	9.286401	T	03-04-2026	IPR003961	Fibronectin type III	-	-
Csf3r-201	ebe2059178721dab64f67d3c7b9bc79a	837	FunFam	G3DSA:2.60.40.10:FF:001234	Colony stimulating factor 3 receptor	25	120	4.6E-42	T	03-04-2026	-	-	-	-
Csf3r-201	ebe2059178721dab64f67d3c7b9bc79a	837	CDD	cd00063	FN3	354	426	8.6056E-5	T	03-04-2026	IPR003961	Fibronectin type III	-	-
Csf3r-201	ebe2059178721dab64f67d3c7b9bc79a	837	SignalP_EUK	SignalP-noTM	SignalP-noTM	1	25	-	T	03-04-2026	-	-	-	-
Csf3r-201	ebe2059178721dab64f67d3c7b9bc79a	837	Phobius	CYTOPLASMIC_DOMAIN	Region of a membrane-bound protein predicted to be outside the membrane, in the cytoplasm.	651	837	-	T	03-04-2026	-	-	-	-
Csf3r-201	ebe2059178721dab64f67d3c7b9bc79a	837	Phobius	NON_CYTOPLASMIC_DOMAIN	Region of a membrane-bound protein predicted to be outside the membrane, in the extracellular region.	26	628	-	T	03-04-2026	-	-	-	-
Csf3r-201	ebe2059178721dab64f67d3c7b9bc79a	837	Phobius	SIGNAL_PEPTIDE_N_REGION	N-terminal region of a signal peptide.	1	3	-	T	03-04-2026	-	-	-	-
Csf3r-201	ebe2059178721dab64f67d3c7b9bc79a	837	ProSiteProfiles	PS50853	Fibronectin type-III domain profile.	236	331	11.582188	T	03-04-2026	IPR003961	Fibronectin type III	-	-
Csf3r-201	ebe2059178721dab64f67d3c7b9bc79a	837	FunFam	G3DSA:2.60.40.10:FF:000879	Colony stimulating factor 3 receptor	229	334	4.1E-46	T	03-04-2026	-	-	-	-
Csf3r-201	ebe2059178721dab64f67d3c7b9bc79a	837	Gene3D	G3DSA:2.60.40.10	Immunoglobulins	525	617	3.9E-9	T	03-04-2026	IPR013783	Immunoglobulin-like fold	-	-
Csf3r-201	ebe2059178721dab64f67d3c7b9bc79a	837	Phobius	SIGNAL_PEPTIDE_H_REGION	Hydrophobic region of a signal peptide.	4	19	-	T	03-04-2026	-	-	-	-
Csf3r-201	ebe2059178721dab64f67d3c7b9bc79a	837	Gene3D	G3DSA:2.60.40.10	Immunoglobulins	342	427	1.6E-11	T	03-04-2026	IPR013783	Immunoglobulin-like fold	-	-
Csf3r-201	ebe2059178721dab64f67d3c7b9bc79a	837	SUPERFAMILY	SSF49265	Fibronectin type III	121	227	3.01E-31	T	03-04-2026	IPR036116	Fibronectin type III superfamily	-	-
Csf3r-201	ebe2059178721dab64f67d3c7b9bc79a	837	Phobius	TRANSMEMBRANE	Region of a membrane-bound protein predicted to be embedded in the membrane.	629	650	-	T	03-04-2026	-	-	-	-
Csf3r-201	ebe2059178721dab64f67d3c7b9bc79a	837	Gene3D	G3DSA:2.60.40.10	Immunoglobulins	435	524	2.0E-16	T	03-04-2026	IPR013783	Immunoglobulin-like fold	-	-
Csf3r-201	ebe2059178721dab64f67d3c7b9bc79a	837	FunFam	G3DSA:2.60.40.10:FF:000839	granulocyte colony-stimulating factor receptor isoform X1	525	625	2.7E-50	T	03-04-2026	-	-	-	-
Csf3r-201	ebe2059178721dab64f67d3c7b9bc79a	837	FunFam	G3DSA:2.60.40.10:FF:001209	Colony stimulating factor 3 receptor	342	426	3.0E-41	T	03-04-2026	-	-	-	-
Csf3r-201	ebe2059178721dab64f67d3c7b9bc79a	837	Pfam	PF06328	Ig-like C2-type domain	24	118	1.3E-25	T	03-04-2026	IPR010457	Immunoglobulin C2-set-like, ligand-binding	-	-
Csf3r-201	ebe2059178721dab64f67d3c7b9bc79a	837	SUPERFAMILY	SSF49265	Fibronectin type III	354	427	3.37E-8	T	03-04-2026	IPR036116	Fibronectin type III superfamily	-	-
Tnfaip2-201	34accc042570e1f4133a8eac2ee37b55	691	MobiDBLite	mobidb-lite	consensus disorder prediction	91	107	-	T	03-04-2026	-	-	-	-
Tnfaip2-201	34accc042570e1f4133a8eac2ee37b55	691	Gene3D	G3DSA:1.10.357.50	-	349	517	1.5E-5	T	03-04-2026	-	-	-	-
Tnfaip2-201	34accc042570e1f4133a8eac2ee37b55	691	MobiDBLite	mobidb-lite	consensus disorder prediction	12	31	-	T	03-04-2026	-	-	-	-
Tnfaip2-201	34accc042570e1f4133a8eac2ee37b55	691	Pfam	PF06046	Exocyst complex component Sec6	158	660	6.8E-118	T	03-04-2026	IPR010326	Exocyst complex component EXOC3/Sec6	-	-
Tnfaip2-201	34accc042570e1f4133a8eac2ee37b55	691	FunFam	G3DSA:1.10.357.70:FF:000004	Tumor necrosis factor alpha-induced protein 2	518	690	5.6E-99	T	03-04-2026	-	-	-	-
Tnfaip2-201	34accc042570e1f4133a8eac2ee37b55	691	MobiDBLite	mobidb-lite	consensus disorder prediction	9	111	-	T	03-04-2026	-	-	-	-
Tnfaip2-201	34accc042570e1f4133a8eac2ee37b55	691	PANTHER	PTHR21292	EXOCYST COMPLEX COMPONENT SEC6-RELATED	52	689	0.0	T	03-04-2026	IPR010326	Exocyst complex component EXOC3/Sec6	-	-
Tnfaip2-201	34accc042570e1f4133a8eac2ee37b55	691	Gene3D	G3DSA:1.10.357.70	-	518	681	3.4E-12	T	03-04-2026	IPR042532	Exocyst complex component EXOC3/Sec6, C-terminal domain	-	-
Tnfaip2-201	34accc042570e1f4133a8eac2ee37b55	691	MobiDBLite	mobidb-lite	consensus disorder prediction	33	45	-	T	03-04-2026	-	-	-	-
Tnfaip2-202	670ed45dd8bd2ac99c8c2d6999ce7046	708	MobiDBLite	mobidb-lite	consensus disorder prediction	91	107	-	T	03-04-2026	-	-	-	-
Tnfaip2-202	670ed45dd8bd2ac99c8c2d6999ce7046	708	FunFam	G3DSA:1.10.357.70:FF:000004	Tumor necrosis factor alpha-induced protein 2	535	707	5.8E-99	T	03-04-2026	-	-	-	-
Tnfaip2-202	670ed45dd8bd2ac99c8c2d6999ce7046	708	MobiDBLite	mobidb-lite	consensus disorder prediction	12	31	-	T	03-04-2026	-	-	-	-
Tnfaip2-202	670ed45dd8bd2ac99c8c2d6999ce7046	708	Gene3D	G3DSA:1.10.357.70	-	534	698	3.6E-12	T	03-04-2026	IPR042532	Exocyst complex component EXOC3/Sec6, C-terminal domain	-	-
Tnfaip2-202	670ed45dd8bd2ac99c8c2d6999ce7046	708	MobiDBLite	mobidb-lite	consensus disorder prediction	9	111	-	T	03-04-2026	-	-	-	-
Tnfaip2-202	670ed45dd8bd2ac99c8c2d6999ce7046	708	Pfam	PF06046	Exocyst complex component Sec6	158	677	9.4E-111	T	03-04-2026	IPR010326	Exocyst complex component EXOC3/Sec6	-	-
Tnfaip2-202	670ed45dd8bd2ac99c8c2d6999ce7046	708	MobiDBLite	mobidb-lite	consensus disorder prediction	33	45	-	T	03-04-2026	-	-	-	-
Tnfaip2-202	670ed45dd8bd2ac99c8c2d6999ce7046	708	PANTHER	PTHR21292	EXOCYST COMPLEX COMPONENT SEC6-RELATED	52	706	0.0	T	03-04-2026	IPR010326	Exocyst complex component EXOC3/Sec6	-	-
Csf2ra-201	2feb717f7cc136edb3fe775e16097657	388	Pfam	PF18611	IL-3 receptor alpha chain N-terminal domain	42	110	2.0E-8	T	03-04-2026	IPR040907	IL-3 receptor alpha chain, N-terminal	-	-
Csf2ra-201	2feb717f7cc136edb3fe775e16097657	388	SUPERFAMILY	SSF49265	Fibronectin type III	226	317	8.92E-14	T	03-04-2026	IPR036116	Fibronectin type III superfamily	-	-
Csf2ra-201	2feb717f7cc136edb3fe775e16097657	388	SignalP_GRAM_POSITIVE	SignalP-TM	SignalP-TM	1	31	-	T	03-04-2026	-	-	-	-
Csf2ra-201	2feb717f7cc136edb3fe775e16097657	388	Phobius	SIGNAL_PEPTIDE_N_REGION	N-terminal region of a signal peptide.	1	11	-	T	03-04-2026	-	-	-	-
Csf2ra-201	2feb717f7cc136edb3fe775e16097657	388	TMHMM	TMhelix	Region of a membrane-bound protein predicted to be embedded in the membrane.	326	348	-	T	03-04-2026	-	-	-	-
Csf2ra-201	2feb717f7cc136edb3fe775e16097657	388	ProSitePatterns	PS01356	Short hematopoietin receptor family 2 signature.	143	174	-	T	03-04-2026	IPR003532	Short hematopoietin receptor, family 2, conserved site	-	-
Csf2ra-201	2feb717f7cc136edb3fe775e16097657	388	Phobius	SIGNAL_PEPTIDE_H_REGION	Hydrophobic region of a signal peptide.	12	24	-	T	03-04-2026	-	-	-	-
Csf2ra-201	2feb717f7cc136edb3fe775e16097657	388	Phobius	SIGNAL_PEPTIDE_C_REGION	C-terminal region of a signal peptide.	25	29	-	T	03-04-2026	-	-	-	-
Csf2ra-201	2feb717f7cc136edb3fe775e16097657	388	Phobius	CYTOPLASMIC_DOMAIN	Region of a membrane-bound protein predicted to be outside the membrane, in the cytoplasm.	351	388	-	T	03-04-2026	-	-	-	-
Csf2ra-201	2feb717f7cc136edb3fe775e16097657	388	Phobius	TRANSMEMBRANE	Region of a membrane-bound protein predicted to be embedded in the membrane.	329	350	-	T	03-04-2026	-	-	-	-
Csf2ra-201	2feb717f7cc136edb3fe775e16097657	388	Gene3D	G3DSA:2.60.40.10	Immunoglobulins	226	332	1.5E-17	T	03-04-2026	IPR013783	Immunoglobulin-like fold	-	-
Csf2ra-201	2feb717f7cc136edb3fe775e16097657	388	SignalP_GRAM_NEGATIVE	SignalP-noTM	SignalP-noTM	1	29	-	T	03-04-2026	-	-	-	-
Csf2ra-201	2feb717f7cc136edb3fe775e16097657	388	PANTHER	PTHR23037	CYTOKINE RECEPTOR	118	364	2.5E-11	T	03-04-2026	-	-	-	-
Csf2ra-201	2feb717f7cc136edb3fe775e16097657	388	FunFam	G3DSA:2.60.40.10:FF:002923	Granulocyte-macrophage colony-stimulating factor receptor subunit alpha	227	319	5.6E-40	T	03-04-2026	-	-	-	-
Csf2ra-201	2feb717f7cc136edb3fe775e16097657	388	Pfam	PF09240	Interleukin-6 receptor alpha chain, binding	132	222	1.7E-17	T	03-04-2026	IPR015321	Type I cytokine receptor, cytokine-binding domain	-	-
Csf2ra-201	2feb717f7cc136edb3fe775e16097657	388	SignalP_GRAM_NEGATIVE	SignalP-noTM	SignalP-noTM	1	31	-	T	03-04-2026	-	-	-	-
Csf2ra-201	2feb717f7cc136edb3fe775e16097657	388	ProSiteProfiles	PS50853	Fibronectin type-III domain profile.	228	324	13.996313	T	03-04-2026	IPR003961	Fibronectin type III	-	-
Csf2ra-201	2feb717f7cc136edb3fe775e16097657	388	CDD	cd00063	FN3	227	315	4.93073E-5	T	03-04-2026	IPR003961	Fibronectin type III	-	-
Csf2ra-201	2feb717f7cc136edb3fe775e16097657	388	Phobius	SIGNAL_PEPTIDE	Signal peptide region	1	29	-	T	03-04-2026	-	-	-	-
Csf2ra-201	2feb717f7cc136edb3fe775e16097657	388	Phobius	NON_CYTOPLASMIC_DOMAIN	Region of a membrane-bound protein predicted to be outside the membrane, in the extracellular region.	30	328	-	T	03-04-2026	-	-	-	-
Csf2ra-201	2feb717f7cc136edb3fe775e16097657	388	Gene3D	G3DSA:2.60.40.10	Immunoglobulins	116	223	1.2E-13	T	03-04-2026	IPR013783	Immunoglobulin-like fold	-	-
Csf2ra-201	2feb717f7cc136edb3fe775e16097657	388	SUPERFAMILY	SSF49265	Fibronectin type III	127	211	3.03E-12	T	03-04-2026	IPR036116	Fibronectin type III superfamily	-	-
Csf2ra-207	2feb717f7cc136edb3fe775e16097657	388	Pfam	PF18611	IL-3 receptor alpha chain N-terminal domain	42	110	2.0E-8	T	03-04-2026	IPR040907	IL-3 receptor alpha chain, N-terminal	-	-
Csf2ra-207	2feb717f7cc136edb3fe775e16097657	388	SUPERFAMILY	SSF49265	Fibronectin type III	226	317	8.92E-14	T	03-04-2026	IPR036116	Fibronectin type III superfamily	-	-
Csf2ra-207	2feb717f7cc136edb3fe775e16097657	388	ProSitePatterns	PS01356	Short hematopoietin receptor family 2 signature.	143	174	-	T	03-04-2026	IPR003532	Short hematopoietin receptor, family 2, conserved site	-	-
Csf2ra-207	2feb717f7cc136edb3fe775e16097657	388	Phobius	SIGNAL_PEPTIDE_N_REGION	N-terminal region of a signal peptide.	1	11	-	T	03-04-2026	-	-	-	-
Csf2ra-207	2feb717f7cc136edb3fe775e16097657	388	SignalP_GRAM_NEGATIVE	SignalP-noTM	SignalP-noTM	1	31	-	T	03-04-2026	-	-	-	-
Csf2ra-207	2feb717f7cc136edb3fe775e16097657	388	TMHMM	TMhelix	Region of a membrane-bound protein predicted to be embedded in the membrane.	326	348	-	T	03-04-2026	-	-	-	-
Csf2ra-207	2feb717f7cc136edb3fe775e16097657	388	Phobius	SIGNAL_PEPTIDE_H_REGION	Hydrophobic region of a signal peptide.	12	24	-	T	03-04-2026	-	-	-	-
Csf2ra-207	2feb717f7cc136edb3fe775e16097657	388	Phobius	SIGNAL_PEPTIDE_C_REGION	C-terminal region of a signal peptide.	25	29	-	T	03-04-2026	-	-	-	-
Csf2ra-207	2feb717f7cc136edb3fe775e16097657	388	Phobius	CYTOPLASMIC_DOMAIN	Region of a membrane-bound protein predicted to be outside the membrane, in the cytoplasm.	351	388	-	T	03-04-2026	-	-	-	-
Csf2ra-207	2feb717f7cc136edb3fe775e16097657	388	Phobius	TRANSMEMBRANE	Region of a membrane-bound protein predicted to be embedded in the membrane.	329	350	-	T	03-04-2026	-	-	-	-
Csf2ra-207	2feb717f7cc136edb3fe775e16097657	388	Gene3D	G3DSA:2.60.40.10	Immunoglobulins	226	332	1.5E-17	T	03-04-2026	IPR013783	Immunoglobulin-like fold	-	-
Csf2ra-207	2feb717f7cc136edb3fe775e16097657	388	PANTHER	PTHR23037	CYTOKINE RECEPTOR	118	364	2.5E-11	T	03-04-2026	-	-	-	-
Csf2ra-207	2feb717f7cc136edb3fe775e16097657	388	SignalP_GRAM_NEGATIVE	SignalP-noTM	SignalP-noTM	1	29	-	T	03-04-2026	-	-	-	-
Csf2ra-207	2feb717f7cc136edb3fe775e16097657	388	FunFam	G3DSA:2.60.40.10:FF:002923	Granulocyte-macrophage colony-stimulating factor receptor subunit alpha	227	319	5.6E-40	T	03-04-2026	-	-	-	-
Csf2ra-207	2feb717f7cc136edb3fe775e16097657	388	SignalP_GRAM_POSITIVE	SignalP-TM	SignalP-TM	1	31	-	T	03-04-2026	-	-	-	-
Csf2ra-207	2feb717f7cc136edb3fe775e16097657	388	Pfam	PF09240	Interleukin-6 receptor alpha chain, binding	132	222	1.7E-17	T	03-04-2026	IPR015321	Type I cytokine receptor, cytokine-binding domain	-	-
Csf2ra-207	2feb717f7cc136edb3fe775e16097657	388	ProSiteProfiles	PS50853	Fibronectin type-III domain profile.	228	324	13.996313	T	03-04-2026	IPR003961	Fibronectin type III	-	-
Csf2ra-207	2feb717f7cc136edb3fe775e16097657	388	CDD	cd00063	FN3	227	315	4.93073E-5	T	03-04-2026	IPR003961	Fibronectin type III	-	-
Csf2ra-207	2feb717f7cc136edb3fe775e16097657	388	Phobius	SIGNAL_PEPTIDE	Signal peptide region	1	29	-	T	03-04-2026	-	-	-	-
Csf2ra-207	2feb717f7cc136edb3fe775e16097657	388	Phobius	NON_CYTOPLASMIC_DOMAIN	Region of a membrane-bound protein predicted to be outside the membrane, in the extracellular region.	30	328	-	T	03-04-2026	-	-	-	-
Csf2ra-207	2feb717f7cc136edb3fe775e16097657	388	Gene3D	G3DSA:2.60.40.10	Immunoglobulins	116	223	1.2E-13	T	03-04-2026	IPR013783	Immunoglobulin-like fold	-	-
Csf2ra-207	2feb717f7cc136edb3fe775e16097657	388	SUPERFAMILY	SSF49265	Fibronectin type III	127	211	3.03E-12	T	03-04-2026	IPR036116	Fibronectin type III superfamily	-	-
Csf1r-201	f12fbe0efa381f5c491a043494b73e43	977	Phobius	TRANSMEMBRANE	Region of a membrane-bound protein predicted to be embedded in the membrane.	512	536	-	T	03-04-2026	-	-	-	-
Csf1r-201	f12fbe0efa381f5c491a043494b73e43	977	Gene3D	G3DSA:2.60.40.10	Immunoglobulins	103	201	7.1E-28	T	03-04-2026	IPR013783	Immunoglobulin-like fold	-	-
Csf1r-201	f12fbe0efa381f5c491a043494b73e43	977	FunFam	G3DSA:2.60.40.10:FF:001101	Macrophage colony-stimulating factor 1 receptor	301	398	7.9E-43	T	03-04-2026	-	-	-	-
Csf1r-201	f12fbe0efa381f5c491a043494b73e43	977	Gene3D	G3DSA:2.60.40.10	Immunoglobulins	18	102	3.4E-24	T	03-04-2026	IPR013783	Immunoglobulin-like fold	-	-
Csf1r-201	f12fbe0efa381f5c491a043494b73e43	977	ProSiteProfiles	PS50835	Ig-like domain profile.	203	294	8.592924	T	03-04-2026	IPR007110	Immunoglobulin-like domain	-	-
Csf1r-201	f12fbe0efa381f5c491a043494b73e43	977	TMHMM	TMhelix	Region of a membrane-bound protein predicted to be embedded in the membrane.	513	535	-	T	03-04-2026	-	-	-	-
Csf1r-201	f12fbe0efa381f5c491a043494b73e43	977	MobiDBLite	mobidb-lite	consensus disorder prediction	921	957	-	T	03-04-2026	-	-	-	-
Csf1r-201	f12fbe0efa381f5c491a043494b73e43	977	SMART	SM00409	IG_3c	209	296	3.4E-6	T	03-04-2026	IPR003599	Immunoglobulin domain subtype	-	-
Csf1r-201	f12fbe0efa381f5c491a043494b73e43	977	SMART	SM00409	IG_3c	112	196	9.1E-6	T	03-04-2026	IPR003599	Immunoglobulin domain subtype	-	-
Csf1r-201	f12fbe0efa381f5c491a043494b73e43	977	SMART	SM00409	IG_3c	27	102	5.4E-8	T	03-04-2026	IPR003599	Immunoglobulin domain subtype	-	-
Csf1r-201	f12fbe0efa381f5c491a043494b73e43	977	SMART	SM00409	IG_3c	402	504	200.0	T	03-04-2026	IPR003599	Immunoglobulin domain subtype	-	-
Csf1r-201	f12fbe0efa381f5c491a043494b73e43	977	SMART	SM00409	IG_3c	308	397	0.037	T	03-04-2026	IPR003599	Immunoglobulin domain subtype	-	-
Csf1r-201	f12fbe0efa381f5c491a043494b73e43	977	ProSitePatterns	PS00107	Protein kinases ATP-binding region signature.	586	614	-	T	03-04-2026	IPR017441	Protein kinase, ATP binding site	-	-
Csf1r-201	f12fbe0efa381f5c491a043494b73e43	977	ProSiteProfiles	PS50011	Protein kinase domain profile.	580	914	39.424686	T	03-04-2026	IPR000719	Protein kinase domain	-	-
Csf1r-201	f12fbe0efa381f5c491a043494b73e43	977	Pfam	PF00047	Immunoglobulin domain	214	290	6.0E-6	T	03-04-2026	IPR013151	Immunoglobulin-like beta-sandwich domain	-	-
Csf1r-201	f12fbe0efa381f5c491a043494b73e43	977	SUPERFAMILY	SSF48726	Immunoglobulin	312	408	1.97E-10	T	03-04-2026	IPR036179	Immunoglobulin-like domain superfamily	-	-
Csf1r-201	f12fbe0efa381f5c491a043494b73e43	977	SUPERFAMILY	SSF48726	Immunoglobulin	97	192	1.5E-10	T	03-04-2026	IPR036179	Immunoglobulin-like domain superfamily	-	-
Csf1r-201	f12fbe0efa381f5c491a043494b73e43	977	Phobius	NON_CYTOPLASMIC_DOMAIN	Region of a membrane-bound protein predicted to be outside the membrane, in the extracellular region.	20	511	-	T	03-04-2026	-	-	-	-
Csf1r-201	f12fbe0efa381f5c491a043494b73e43	977	FunFam	G3DSA:2.60.40.10:FF:001088	Macrophage colony-stimulating factor 1 receptor	103	201	1.7E-43	T	03-04-2026	-	-	-	-
Csf1r-201	f12fbe0efa381f5c491a043494b73e43	977	FunFam	G3DSA:2.60.40.10:FF:001169	Macrophage colony-stimulating factor 1 receptor	399	498	3.9E-46	T	03-04-2026	-	-	-	-
Csf1r-201	f12fbe0efa381f5c491a043494b73e43	977	SUPERFAMILY	SSF48726	Immunoglobulin	397	496	1.27E-5	T	03-04-2026	IPR036179	Immunoglobulin-like domain superfamily	-	-
Csf1r-201	f12fbe0efa381f5c491a043494b73e43	977	Pfam	PF07714	Protein tyrosine and serine/threonine kinase	580	905	2.1E-91	T	03-04-2026	IPR001245	Serine-threonine/tyrosine-protein kinase, catalytic domain	-	-
Csf1r-201	f12fbe0efa381f5c491a043494b73e43	977	ProSitePatterns	PS00109	Tyrosine protein kinases specific active-site signature.	772	784	-	T	03-04-2026	IPR008266	Tyrosine-protein kinase, active site	-	-
Csf1r-201	f12fbe0efa381f5c491a043494b73e43	977	Phobius	SIGNAL_PEPTIDE_H_REGION	Hydrophobic region of a signal peptide.	3	14	-	T	03-04-2026	-	-	-	-
Csf1r-201	f12fbe0efa381f5c491a043494b73e43	977	SUPERFAMILY	SSF48726	Immunoglobulin	21	102	2.23E-10	T	03-04-2026	IPR036179	Immunoglobulin-like domain superfamily	-	-
Csf1r-201	f12fbe0efa381f5c491a043494b73e43	977	SUPERFAMILY	SSF48726	Immunoglobulin	202	296	6.17E-13	T	03-04-2026	IPR036179	Immunoglobulin-like domain superfamily	-	-
Csf1r-201	f12fbe0efa381f5c491a043494b73e43	977	SUPERFAMILY	SSF56112	Protein kinase-like (PK-like)	550	905	7.75E-78	T	03-04-2026	IPR011009	Protein kinase-like domain superfamily	-	-
Csf1r-201	f12fbe0efa381f5c491a043494b73e43	977	FunFam	G3DSA:2.60.40.10:FF:001029	Macrophage colony-stimulating factor 1 receptor	202	300	8.4E-38	T	03-04-2026	-	-	-	-
Csf1r-201	f12fbe0efa381f5c491a043494b73e43	977	ProSiteProfiles	PS50835	Ig-like domain profile.	400	500	8.102882	T	03-04-2026	IPR007110	Immunoglobulin-like domain	-	-
Csf1r-201	f12fbe0efa381f5c491a043494b73e43	977	Gene3D	G3DSA:1.10.510.10	Transferase(Phosphotransferase) domain 1	723	920	2.2E-55	T	03-04-2026	-	-	-	-
Csf1r-201	f12fbe0efa381f5c491a043494b73e43	977	Gene3D	G3DSA:3.30.200.20	Phosphorylase Kinase; domain 1	534	663	4.4E-52	T	03-04-2026	-	-	-	-
Csf1r-201	f12fbe0efa381f5c491a043494b73e43	977	SMART	SM00408	igc2_5	215	285	1.5E-5	T	03-04-2026	IPR003598	Immunoglobulin subtype 2	-	-
Csf1r-201	f12fbe0efa381f5c491a043494b73e43	977	SMART	SM00408	igc2_5	33	91	2.1	T	03-04-2026	IPR003598	Immunoglobulin subtype 2	-	-
Csf1r-201	f12fbe0efa381f5c491a043494b73e43	977	Phobius	SIGNAL_PEPTIDE	Signal peptide region	1	19	-	T	03-04-2026	-	-	-	-
Csf1r-201	f12fbe0efa381f5c491a043494b73e43	977	Pfam	PF25305	Platelet-derived growth factor receptor Ig-like domain 4	410	531	4.4E-5	T	03-04-2026	-	-	-	-
Csf1r-201	f12fbe0efa381f5c491a043494b73e43	977	Gene3D	G3DSA:2.60.40.10	Immunoglobulins	301	398	4.9E-22	T	03-04-2026	IPR013783	Immunoglobulin-like fold	-	-
Csf1r-201	f12fbe0efa381f5c491a043494b73e43	977	FunFam	G3DSA:3.30.200.20:FF:000025	Platelet-derived growth factor receptor alpha	536	663	2.0E-68	T	03-04-2026	-	-	-	-
Csf1r-201	f12fbe0efa381f5c491a043494b73e43	977	MobiDBLite	mobidb-lite	consensus disorder prediction	929	941	-	T	03-04-2026	-	-	-	-
Csf1r-201	f12fbe0efa381f5c491a043494b73e43	977	Gene3D	G3DSA:2.60.40.10	Immunoglobulins	202	300	6.7E-22	T	03-04-2026	IPR013783	Immunoglobulin-like fold	-	-
Csf1r-201	f12fbe0efa381f5c491a043494b73e43	977	SignalP_EUK	SignalP-noTM	SignalP-noTM	1	19	-	T	03-04-2026	-	-	-	-
Csf1r-201	f12fbe0efa381f5c491a043494b73e43	977	Phobius	SIGNAL_PEPTIDE_C_REGION	C-terminal region of a signal peptide.	15	19	-	T	03-04-2026	-	-	-	-
Csf1r-201	f12fbe0efa381f5c491a043494b73e43	977	SMART	SM00219	tyrkin_6	580	908	0.0	T	03-04-2026	IPR020635	Tyrosine-protein kinase, catalytic domain	-	-
Csf1r-201	f12fbe0efa381f5c491a043494b73e43	977	ProSiteProfiles	PS50835	Ig-like domain profile.	21	85	10.353445	T	03-04-2026	IPR007110	Immunoglobulin-like domain	-	-
Csf1r-201	f12fbe0efa381f5c491a043494b73e43	977	Phobius	SIGNAL_PEPTIDE_N_REGION	N-terminal region of a signal peptide.	1	2	-	T	03-04-2026	-	-	-	-
Csf1r-201	f12fbe0efa381f5c491a043494b73e43	977	FunFam	G3DSA:2.60.40.10:FF:001160	Macrophage colony-stimulating factor 1 receptor	20	102	1.3E-41	T	03-04-2026	-	-	-	-
Csf1r-201	f12fbe0efa381f5c491a043494b73e43	977	ProSitePatterns	PS00240	Receptor tyrosine kinase class III signature.	639	652	-	T	03-04-2026	IPR001824	Tyrosine-protein kinase, receptor class III, conserved site	-	-
Csf1r-201	f12fbe0efa381f5c491a043494b73e43	977	Gene3D	G3DSA:2.60.40.10	Immunoglobulins	399	498	2.8E-25	T	03-04-2026	IPR013783	Immunoglobulin-like fold	-	-
Csf1r-201	f12fbe0efa381f5c491a043494b73e43	977	FunFam	G3DSA:1.10.510.10:FF:000177	Mast/stem cell growth factor receptor	722	921	8.8E-108	T	03-04-2026	-	-	-	-
Csf1r-201	f12fbe0efa381f5c491a043494b73e43	977	PIRSF	PIRSF500947	CSF-1_receptor	2	977	0.0	T	03-04-2026	IPR030658	Macrophage colony-stimulating factor 1 receptor	-	-
Csf1r-201	f12fbe0efa381f5c491a043494b73e43	977	Phobius	CYTOPLASMIC_DOMAIN	Region of a membrane-bound protein predicted to be outside the membrane, in the cytoplasm.	537	977	-	T	03-04-2026	-	-	-	-
Csf1r-201	f12fbe0efa381f5c491a043494b73e43	977	PIRSF	PIRSF000615	TyrPK_CSF1-R	7	977	0.0	T	03-04-2026	-	-	-	-
Csf1r-201	f12fbe0efa381f5c491a043494b73e43	977	CDD	cd05106	PTKc_CSF-1R	541	913	0.0	T	03-04-2026	-	-	-	-
Csf1r-201	f12fbe0efa381f5c491a043494b73e43	977	PANTHER	PTHR24416	TYROSINE-PROTEIN KINASE RECEPTOR	224	910	1.0E-128	T	03-04-2026	IPR050122	Receptor Tyrosine Kinase	-	-
Csf1r-201	f12fbe0efa381f5c491a043494b73e43	977	ProSiteProfiles	PS50835	Ig-like domain profile.	104	188	6.614606	T	03-04-2026	IPR007110	Immunoglobulin-like domain	-	-
Csf1r-202	f12fbe0efa381f5c491a043494b73e43	977	Phobius	TRANSMEMBRANE	Region of a membrane-bound protein predicted to be embedded in the membrane.	512	536	-	T	03-04-2026	-	-	-	-
Csf1r-202	f12fbe0efa381f5c491a043494b73e43	977	Gene3D	G3DSA:2.60.40.10	Immunoglobulins	103	201	7.1E-28	T	03-04-2026	IPR013783	Immunoglobulin-like fold	-	-
Csf1r-202	f12fbe0efa381f5c491a043494b73e43	977	FunFam	G3DSA:2.60.40.10:FF:001101	Macrophage colony-stimulating factor 1 receptor	301	398	7.9E-43	T	03-04-2026	-	-	-	-
Csf1r-202	f12fbe0efa381f5c491a043494b73e43	977	Gene3D	G3DSA:2.60.40.10	Immunoglobulins	18	102	3.4E-24	T	03-04-2026	IPR013783	Immunoglobulin-like fold	-	-
Csf1r-202	f12fbe0efa381f5c491a043494b73e43	977	ProSiteProfiles	PS50835	Ig-like domain profile.	203	294	8.592924	T	03-04-2026	IPR007110	Immunoglobulin-like domain	-	-
Csf1r-202	f12fbe0efa381f5c491a043494b73e43	977	TMHMM	TMhelix	Region of a membrane-bound protein predicted to be embedded in the membrane.	513	535	-	T	03-04-2026	-	-	-	-
Csf1r-202	f12fbe0efa381f5c491a043494b73e43	977	MobiDBLite	mobidb-lite	consensus disorder prediction	921	957	-	T	03-04-2026	-	-	-	-
Csf1r-202	f12fbe0efa381f5c491a043494b73e43	977	SMART	SM00409	IG_3c	209	296	3.4E-6	T	03-04-2026	IPR003599	Immunoglobulin domain subtype	-	-
Csf1r-202	f12fbe0efa381f5c491a043494b73e43	977	SMART	SM00409	IG_3c	112	196	9.1E-6	T	03-04-2026	IPR003599	Immunoglobulin domain subtype	-	-
Csf1r-202	f12fbe0efa381f5c491a043494b73e43	977	SMART	SM00409	IG_3c	27	102	5.4E-8	T	03-04-2026	IPR003599	Immunoglobulin domain subtype	-	-
Csf1r-202	f12fbe0efa381f5c491a043494b73e43	977	SMART	SM00409	IG_3c	402	504	200.0	T	03-04-2026	IPR003599	Immunoglobulin domain subtype	-	-
Csf1r-202	f12fbe0efa381f5c491a043494b73e43	977	SMART	SM00409	IG_3c	308	397	0.037	T	03-04-2026	IPR003599	Immunoglobulin domain subtype	-	-
Csf1r-202	f12fbe0efa381f5c491a043494b73e43	977	ProSiteProfiles	PS50011	Protein kinase domain profile.	580	914	39.424686	T	03-04-2026	IPR000719	Protein kinase domain	-	-
Csf1r-202	f12fbe0efa381f5c491a043494b73e43	977	Pfam	PF00047	Immunoglobulin domain	214	290	6.0E-6	T	03-04-2026	IPR013151	Immunoglobulin-like beta-sandwich domain	-	-
Csf1r-202	f12fbe0efa381f5c491a043494b73e43	977	SUPERFAMILY	SSF48726	Immunoglobulin	312	408	1.97E-10	T	03-04-2026	IPR036179	Immunoglobulin-like domain superfamily	-	-
Csf1r-202	f12fbe0efa381f5c491a043494b73e43	977	SUPERFAMILY	SSF48726	Immunoglobulin	97	192	1.5E-10	T	03-04-2026	IPR036179	Immunoglobulin-like domain superfamily	-	-
Csf1r-202	f12fbe0efa381f5c491a043494b73e43	977	Phobius	NON_CYTOPLASMIC_DOMAIN	Region of a membrane-bound protein predicted to be outside the membrane, in the extracellular region.	20	511	-	T	03-04-2026	-	-	-	-
Csf1r-202	f12fbe0efa381f5c491a043494b73e43	977	FunFam	G3DSA:2.60.40.10:FF:001088	Macrophage colony-stimulating factor 1 receptor	103	201	1.7E-43	T	03-04-2026	-	-	-	-
Csf1r-202	f12fbe0efa381f5c491a043494b73e43	977	ProSitePatterns	PS00109	Tyrosine protein kinases specific active-site signature.	772	784	-	T	03-04-2026	IPR008266	Tyrosine-protein kinase, active site	-	-
Csf1r-202	f12fbe0efa381f5c491a043494b73e43	977	ProSitePatterns	PS00107	Protein kinases ATP-binding region signature.	586	614	-	T	03-04-2026	IPR017441	Protein kinase, ATP binding site	-	-
Csf1r-202	f12fbe0efa381f5c491a043494b73e43	977	FunFam	G3DSA:2.60.40.10:FF:001169	Macrophage colony-stimulating factor 1 receptor	399	498	3.9E-46	T	03-04-2026	-	-	-	-
Csf1r-202	f12fbe0efa381f5c491a043494b73e43	977	SUPERFAMILY	SSF48726	Immunoglobulin	397	496	1.27E-5	T	03-04-2026	IPR036179	Immunoglobulin-like domain superfamily	-	-
Csf1r-202	f12fbe0efa381f5c491a043494b73e43	977	Pfam	PF07714	Protein tyrosine and serine/threonine kinase	580	905	2.1E-91	T	03-04-2026	IPR001245	Serine-threonine/tyrosine-protein kinase, catalytic domain	-	-
Csf1r-202	f12fbe0efa381f5c491a043494b73e43	977	Phobius	SIGNAL_PEPTIDE_H_REGION	Hydrophobic region of a signal peptide.	3	14	-	T	03-04-2026	-	-	-	-
Csf1r-202	f12fbe0efa381f5c491a043494b73e43	977	SUPERFAMILY	SSF48726	Immunoglobulin	21	102	2.23E-10	T	03-04-2026	IPR036179	Immunoglobulin-like domain superfamily	-	-
Csf1r-202	f12fbe0efa381f5c491a043494b73e43	977	SUPERFAMILY	SSF48726	Immunoglobulin	202	296	6.17E-13	T	03-04-2026	IPR036179	Immunoglobulin-like domain superfamily	-	-
Csf1r-202	f12fbe0efa381f5c491a043494b73e43	977	SUPERFAMILY	SSF56112	Protein kinase-like (PK-like)	550	905	7.75E-78	T	03-04-2026	IPR011009	Protein kinase-like domain superfamily	-	-
Csf1r-202	f12fbe0efa381f5c491a043494b73e43	977	FunFam	G3DSA:2.60.40.10:FF:001029	Macrophage colony-stimulating factor 1 receptor	202	300	8.4E-38	T	03-04-2026	-	-	-	-
Csf1r-202	f12fbe0efa381f5c491a043494b73e43	977	ProSiteProfiles	PS50835	Ig-like domain profile.	400	500	8.102882	T	03-04-2026	IPR007110	Immunoglobulin-like domain	-	-
Csf1r-202	f12fbe0efa381f5c491a043494b73e43	977	ProSitePatterns	PS00240	Receptor tyrosine kinase class III signature.	639	652	-	T	03-04-2026	IPR001824	Tyrosine-protein kinase, receptor class III, conserved site	-	-
Csf1r-202	f12fbe0efa381f5c491a043494b73e43	977	Gene3D	G3DSA:1.10.510.10	Transferase(Phosphotransferase) domain 1	723	920	2.2E-55	T	03-04-2026	-	-	-	-
Csf1r-202	f12fbe0efa381f5c491a043494b73e43	977	Gene3D	G3DSA:3.30.200.20	Phosphorylase Kinase; domain 1	534	663	4.4E-52	T	03-04-2026	-	-	-	-
Csf1r-202	f12fbe0efa381f5c491a043494b73e43	977	SMART	SM00408	igc2_5	215	285	1.5E-5	T	03-04-2026	IPR003598	Immunoglobulin subtype 2	-	-
Csf1r-202	f12fbe0efa381f5c491a043494b73e43	977	SMART	SM00408	igc2_5	33	91	2.1	T	03-04-2026	IPR003598	Immunoglobulin subtype 2	-	-
Csf1r-202	f12fbe0efa381f5c491a043494b73e43	977	Phobius	SIGNAL_PEPTIDE	Signal peptide region	1	19	-	T	03-04-2026	-	-	-	-
Csf1r-202	f12fbe0efa381f5c491a043494b73e43	977	Pfam	PF25305	Platelet-derived growth factor receptor Ig-like domain 4	410	531	4.4E-5	T	03-04-2026	-	-	-	-
Csf1r-202	f12fbe0efa381f5c491a043494b73e43	977	Gene3D	G3DSA:2.60.40.10	Immunoglobulins	301	398	4.9E-22	T	03-04-2026	IPR013783	Immunoglobulin-like fold	-	-
Csf1r-202	f12fbe0efa381f5c491a043494b73e43	977	FunFam	G3DSA:3.30.200.20:FF:000025	Platelet-derived growth factor receptor alpha	536	663	2.0E-68	T	03-04-2026	-	-	-	-
Csf1r-202	f12fbe0efa381f5c491a043494b73e43	977	MobiDBLite	mobidb-lite	consensus disorder prediction	929	941	-	T	03-04-2026	-	-	-	-
Csf1r-202	f12fbe0efa381f5c491a043494b73e43	977	Gene3D	G3DSA:2.60.40.10	Immunoglobulins	202	300	6.7E-22	T	03-04-2026	IPR013783	Immunoglobulin-like fold	-	-
Csf1r-202	f12fbe0efa381f5c491a043494b73e43	977	Phobius	SIGNAL_PEPTIDE_C_REGION	C-terminal region of a signal peptide.	15	19	-	T	03-04-2026	-	-	-	-
Csf1r-202	f12fbe0efa381f5c491a043494b73e43	977	SMART	SM00219	tyrkin_6	580	908	0.0	T	03-04-2026	IPR020635	Tyrosine-protein kinase, catalytic domain	-	-
Csf1r-202	f12fbe0efa381f5c491a043494b73e43	977	ProSiteProfiles	PS50835	Ig-like domain profile.	21	85	10.353445	T	03-04-2026	IPR007110	Immunoglobulin-like domain	-	-
Csf1r-202	f12fbe0efa381f5c491a043494b73e43	977	Phobius	SIGNAL_PEPTIDE_N_REGION	N-terminal region of a signal peptide.	1	2	-	T	03-04-2026	-	-	-	-
Csf1r-202	f12fbe0efa381f5c491a043494b73e43	977	FunFam	G3DSA:2.60.40.10:FF:001160	Macrophage colony-stimulating factor 1 receptor	20	102	1.3E-41	T	03-04-2026	-	-	-	-
Csf1r-202	f12fbe0efa381f5c491a043494b73e43	977	Gene3D	G3DSA:2.60.40.10	Immunoglobulins	399	498	2.8E-25	T	03-04-2026	IPR013783	Immunoglobulin-like fold	-	-
Csf1r-202	f12fbe0efa381f5c491a043494b73e43	977	SignalP_EUK	SignalP-noTM	SignalP-noTM	1	19	-	T	03-04-2026	-	-	-	-
Csf1r-202	f12fbe0efa381f5c491a043494b73e43	977	FunFam	G3DSA:1.10.510.10:FF:000177	Mast/stem cell growth factor receptor	722	921	8.8E-108	T	03-04-2026	-	-	-	-
Csf1r-202	f12fbe0efa381f5c491a043494b73e43	977	PIRSF	PIRSF500947	CSF-1_receptor	2	977	0.0	T	03-04-2026	IPR030658	Macrophage colony-stimulating factor 1 receptor	-	-
Csf1r-202	f12fbe0efa381f5c491a043494b73e43	977	Phobius	CYTOPLASMIC_DOMAIN	Region of a membrane-bound protein predicted to be outside the membrane, in the cytoplasm.	537	977	-	T	03-04-2026	-	-	-	-
Csf1r-202	f12fbe0efa381f5c491a043494b73e43	977	PIRSF	PIRSF000615	TyrPK_CSF1-R	7	977	0.0	T	03-04-2026	-	-	-	-
Csf1r-202	f12fbe0efa381f5c491a043494b73e43	977	CDD	cd05106	PTKc_CSF-1R	541	913	0.0	T	03-04-2026	-	-	-	-
Csf1r-202	f12fbe0efa381f5c491a043494b73e43	977	PANTHER	PTHR24416	TYROSINE-PROTEIN KINASE RECEPTOR	224	910	1.0E-128	T	03-04-2026	IPR050122	Receptor Tyrosine Kinase	-	-
Csf1r-202	f12fbe0efa381f5c491a043494b73e43	977	ProSiteProfiles	PS50835	Ig-like domain profile.	104	188	6.614606	T	03-04-2026	IPR007110	Immunoglobulin-like domain	-	-
Tnfrsf12a-201	11163cd8dee5cf5d3a6931856f57d594	129	Phobius	SIGNAL_PEPTIDE_N_REGION	N-terminal region of a signal peptide.	1	11	-	T	03-04-2026	-	-	-	-
Tnfrsf12a-201	11163cd8dee5cf5d3a6931856f57d594	129	TMHMM	TMhelix	Region of a membrane-bound protein predicted to be embedded in the membrane.	79	101	-	T	03-04-2026	-	-	-	-
Tnfrsf12a-201	11163cd8dee5cf5d3a6931856f57d594	129	CDD	cd13413	TNFRSF12A	9	126	9.95388E-47	T	03-04-2026	IPR022316	Tumour necrosis factor receptor 12	-	-
Tnfrsf12a-201	11163cd8dee5cf5d3a6931856f57d594	129	Gene3D	G3DSA:4.10.400.20	-	22	70	4.9E-22	T	03-04-2026	-	-	-	-
Tnfrsf12a-201	11163cd8dee5cf5d3a6931856f57d594	129	SignalP_EUK	SignalP-noTM	SignalP-noTM	1	27	-	T	03-04-2026	-	-	-	-
Tnfrsf12a-201	11163cd8dee5cf5d3a6931856f57d594	129	Phobius	NON_CYTOPLASMIC_DOMAIN	Region of a membrane-bound protein predicted to be outside the membrane, in the extracellular region.	28	77	-	T	03-04-2026	-	-	-	-
Tnfrsf12a-201	11163cd8dee5cf5d3a6931856f57d594	129	PANTHER	PTHR32037	TUMOR NECROSIS FACTOR RECEPTOR SUPERFAMILY MEMBER 12A	1	129	1.6E-65	T	03-04-2026	IPR022316	Tumour necrosis factor receptor 12	-	-
Tnfrsf12a-201	11163cd8dee5cf5d3a6931856f57d594	129	Phobius	TRANSMEMBRANE	Region of a membrane-bound protein predicted to be embedded in the membrane.	78	101	-	T	03-04-2026	-	-	-	-
Tnfrsf12a-201	11163cd8dee5cf5d3a6931856f57d594	129	Phobius	SIGNAL_PEPTIDE_H_REGION	Hydrophobic region of a signal peptide.	12	22	-	T	03-04-2026	-	-	-	-
Tnfrsf12a-201	11163cd8dee5cf5d3a6931856f57d594	129	Phobius	SIGNAL_PEPTIDE_C_REGION	C-terminal region of a signal peptide.	23	27	-	T	03-04-2026	-	-	-	-
Tnfrsf12a-201	11163cd8dee5cf5d3a6931856f57d594	129	FunFam	G3DSA:4.10.400.20:FF:000001	tumor necrosis factor receptor superfamily member 12A	23	70	1.4E-30	T	03-04-2026	-	-	-	-
Tnfrsf12a-201	11163cd8dee5cf5d3a6931856f57d594	129	Phobius	CYTOPLASMIC_DOMAIN	Region of a membrane-bound protein predicted to be outside the membrane, in the cytoplasm.	102	129	-	T	03-04-2026	-	-	-	-
Tnfrsf12a-201	11163cd8dee5cf5d3a6931856f57d594	129	Pfam	PF12191	Tumour necrosis factor receptor stn_TNFRSF12A_TNFR domain	7	129	9.0E-68	T	03-04-2026	IPR022316	Tumour necrosis factor receptor 12	-	-
Tnfrsf12a-201	11163cd8dee5cf5d3a6931856f57d594	129	PRINTS	PR01962	Tumour necrosis factor receptor 12 signature	36	51	3.0E-18	T	03-04-2026	IPR022316	Tumour necrosis factor receptor 12	-	-
Tnfrsf12a-201	11163cd8dee5cf5d3a6931856f57d594	129	PRINTS	PR01962	Tumour necrosis factor receptor 12 signature	57	67	3.0E-18	T	03-04-2026	IPR022316	Tumour necrosis factor receptor 12	-	-
Tnfrsf12a-201	11163cd8dee5cf5d3a6931856f57d594	129	PRINTS	PR01962	Tumour necrosis factor receptor 12 signature	106	117	3.0E-18	T	03-04-2026	IPR022316	Tumour necrosis factor receptor 12	-	-
Tnfrsf12a-201	11163cd8dee5cf5d3a6931856f57d594	129	Phobius	SIGNAL_PEPTIDE	Signal peptide region	1	27	-	T	03-04-2026	-	-	-	-
Tnfrsf12a-206	d0ca9100069e57d82b7a481c568a0ca4	83	FunFam	G3DSA:4.10.400.20:FF:000001	tumor necrosis factor receptor superfamily member 12A	23	70	1.6E-29	T	03-04-2026	-	-	-	-
Tnfrsf12a-206	d0ca9100069e57d82b7a481c568a0ca4	83	Phobius	SIGNAL_PEPTIDE_N_REGION	N-terminal region of a signal peptide.	1	11	-	T	03-04-2026	-	-	-	-
Tnfrsf12a-206	d0ca9100069e57d82b7a481c568a0ca4	83	Phobius	NON_CYTOPLASMIC_DOMAIN	Region of a membrane-bound protein predicted to be outside the membrane, in the extracellular region.	28	83	-	T	03-04-2026	-	-	-	-
Tnfrsf12a-206	d0ca9100069e57d82b7a481c568a0ca4	83	Gene3D	G3DSA:4.10.400.20	-	22	70	1.1E-20	T	03-04-2026	-	-	-	-
Tnfrsf12a-206	d0ca9100069e57d82b7a481c568a0ca4	83	Phobius	SIGNAL_PEPTIDE_H_REGION	Hydrophobic region of a signal peptide.	12	22	-	T	03-04-2026	-	-	-	-
Tnfrsf12a-206	d0ca9100069e57d82b7a481c568a0ca4	83	SignalP_EUK	SignalP-noTM	SignalP-noTM	1	27	-	T	03-04-2026	-	-	-	-
Tnfrsf12a-206	d0ca9100069e57d82b7a481c568a0ca4	83	PRINTS	PR01962	Tumour necrosis factor receptor 12 signature	36	51	5.0E-9	T	03-04-2026	IPR022316	Tumour necrosis factor receptor 12	-	-
Tnfrsf12a-206	d0ca9100069e57d82b7a481c568a0ca4	83	PRINTS	PR01962	Tumour necrosis factor receptor 12 signature	57	67	5.0E-9	T	03-04-2026	IPR022316	Tumour necrosis factor receptor 12	-	-
Tnfrsf12a-206	d0ca9100069e57d82b7a481c568a0ca4	83	Phobius	SIGNAL_PEPTIDE_C_REGION	C-terminal region of a signal peptide.	23	27	-	T	03-04-2026	-	-	-	-
Tnfrsf12a-206	d0ca9100069e57d82b7a481c568a0ca4	83	Pfam	PF12191	Tumour necrosis factor receptor stn_TNFRSF12A_TNFR domain	7	68	6.5E-26	T	03-04-2026	IPR022316	Tumour necrosis factor receptor 12	-	-
Tnfrsf12a-206	d0ca9100069e57d82b7a481c568a0ca4	83	PANTHER	PTHR32037	TUMOR NECROSIS FACTOR RECEPTOR SUPERFAMILY MEMBER 12A	1	66	1.9E-27	T	03-04-2026	IPR022316	Tumour necrosis factor receptor 12	-	-
Tnfrsf12a-206	d0ca9100069e57d82b7a481c568a0ca4	83	Phobius	SIGNAL_PEPTIDE	Signal peptide region	1	27	-	T	03-04-2026	-	-	-	-
Tnfrsf12a-202	809044e1fc773e925f8d70a7f3bfb06a	94	TMHMM	TMhelix	Region of a membrane-bound protein predicted to be embedded in the membrane.	42	64	-	T	03-04-2026	-	-	-	-
Tnfrsf12a-202	809044e1fc773e925f8d70a7f3bfb06a	94	SignalP_EUK	SignalP-TM	SignalP-TM	1	27	-	T	03-04-2026	-	-	-	-
Tnfrsf12a-202	809044e1fc773e925f8d70a7f3bfb06a	94	Phobius	SIGNAL_PEPTIDE	Signal peptide region	1	26	-	T	03-04-2026	-	-	-	-
Tnfrsf12a-202	809044e1fc773e925f8d70a7f3bfb06a	94	Phobius	SIGNAL_PEPTIDE_N_REGION	N-terminal region of a signal peptide.	1	11	-	T	03-04-2026	-	-	-	-
Tnfrsf12a-202	809044e1fc773e925f8d70a7f3bfb06a	94	Pfam	PF12191	Tumour necrosis factor receptor stn_TNFRSF12A_TNFR domain	33	94	1.6E-31	T	03-04-2026	IPR022316	Tumour necrosis factor receptor 12	-	-
Tnfrsf12a-202	809044e1fc773e925f8d70a7f3bfb06a	94	Phobius	SIGNAL_PEPTIDE_C_REGION	C-terminal region of a signal peptide.	23	26	-	T	03-04-2026	-	-	-	-
Tnfrsf12a-202	809044e1fc773e925f8d70a7f3bfb06a	94	Phobius	NON_CYTOPLASMIC_DOMAIN	Region of a membrane-bound protein predicted to be outside the membrane, in the extracellular region.	27	41	-	T	03-04-2026	-	-	-	-
Tnfrsf12a-202	809044e1fc773e925f8d70a7f3bfb06a	94	Phobius	TRANSMEMBRANE	Region of a membrane-bound protein predicted to be embedded in the membrane.	42	66	-	T	03-04-2026	-	-	-	-
Tnfrsf12a-202	809044e1fc773e925f8d70a7f3bfb06a	94	Phobius	SIGNAL_PEPTIDE_H_REGION	Hydrophobic region of a signal peptide.	12	22	-	T	03-04-2026	-	-	-	-
Tnfrsf12a-202	809044e1fc773e925f8d70a7f3bfb06a	94	TMHMM	TMhelix	Region of a membrane-bound protein predicted to be embedded in the membrane.	5	27	-	T	03-04-2026	-	-	-	-
Tnfrsf12a-202	809044e1fc773e925f8d70a7f3bfb06a	94	Phobius	CYTOPLASMIC_DOMAIN	Region of a membrane-bound protein predicted to be outside the membrane, in the cytoplasm.	67	94	-	T	03-04-2026	-	-	-	-
Tnfrsf12a-202	809044e1fc773e925f8d70a7f3bfb06a	94	PANTHER	PTHR32037	TUMOR NECROSIS FACTOR RECEPTOR SUPERFAMILY MEMBER 12A	33	94	2.5E-34	T	03-04-2026	IPR022316	Tumour necrosis factor receptor 12	-	-
Tgfbr1-201	0756b109408e9ddde903380f6debbd38	503	SUPERFAMILY	SSF57302	Snake toxin-like	28	109	3.57E-11	T	03-04-2026	IPR045860	Snake toxin-like superfamily	-	-
Tgfbr1-201	0756b109408e9ddde903380f6debbd38	503	FunFam	G3DSA:1.10.510.10:FF:000045	Receptor protein serine/threonine kinase	285	503	0.0	T	03-04-2026	-	-	-	-
Tgfbr1-201	0756b109408e9ddde903380f6debbd38	503	Phobius	NON_CYTOPLASMIC_DOMAIN	Region of a membrane-bound protein predicted to be outside the membrane, in the extracellular region.	30	125	-	T	03-04-2026	-	-	-	-
Tgfbr1-201	0756b109408e9ddde903380f6debbd38	503	Gene3D	G3DSA:1.10.510.10	Transferase(Phosphotransferase) domain 1	285	503	1.5E-64	T	03-04-2026	-	-	-	-
Tgfbr1-201	0756b109408e9ddde903380f6debbd38	503	TMHMM	TMhelix	Region of a membrane-bound protein predicted to be embedded in the membrane.	126	148	-	T	03-04-2026	-	-	-	-
Tgfbr1-201	0756b109408e9ddde903380f6debbd38	503	Pfam	PF08515	Transforming growth factor beta type I GS-motif	176	203	5.6E-12	T	03-04-2026	IPR003605	GS domain	-	-
Tgfbr1-201	0756b109408e9ddde903380f6debbd38	503	FunFam	G3DSA:3.30.200.20:FF:000023	Receptor protein serine/threonine kinase	162	284	2.9E-75	T	03-04-2026	-	-	-	-
Tgfbr1-201	0756b109408e9ddde903380f6debbd38	503	FunFam	G3DSA:2.10.60.10:FF:000005	Receptor protein serine/threonine kinase	29	107	4.2E-47	T	03-04-2026	-	-	-	-
Tgfbr1-201	0756b109408e9ddde903380f6debbd38	503	Phobius	SIGNAL_PEPTIDE	Signal peptide region	1	29	-	T	03-04-2026	-	-	-	-
Tgfbr1-201	0756b109408e9ddde903380f6debbd38	503	TMHMM	TMhelix	Region of a membrane-bound protein predicted to be embedded in the membrane.	13	35	-	T	03-04-2026	-	-	-	-
Tgfbr1-201	0756b109408e9ddde903380f6debbd38	503	ProSitePatterns	PS00108	Serine/Threonine protein kinases active-site signature.	329	341	-	T	03-04-2026	IPR008271	Serine/threonine-protein kinase, active site	-	-
Tgfbr1-201	0756b109408e9ddde903380f6debbd38	503	ProSiteProfiles	PS50011	Protein kinase domain profile.	205	495	37.092575	T	03-04-2026	IPR000719	Protein kinase domain	-	-
Tgfbr1-201	0756b109408e9ddde903380f6debbd38	503	Phobius	SIGNAL_PEPTIDE_C_REGION	C-terminal region of a signal peptide.	25	29	-	T	03-04-2026	-	-	-	-
Tgfbr1-201	0756b109408e9ddde903380f6debbd38	503	CDD	cd14143	STKc_TGFbR1_ACVR1b_ACVR1c	209	496	0.0	T	03-04-2026	-	-	-	-
Tgfbr1-201	0756b109408e9ddde903380f6debbd38	503	ProSitePatterns	PS00107	Protein kinases ATP-binding region signature.	211	232	-	T	03-04-2026	IPR017441	Protein kinase, ATP binding site	-	-
Tgfbr1-201	0756b109408e9ddde903380f6debbd38	503	SignalP_EUK	SignalP-noTM	SignalP-noTM	1	29	-	T	03-04-2026	-	-	-	-
Tgfbr1-201	0756b109408e9ddde903380f6debbd38	503	Pfam	PF01064	Activin types I and II receptor domain	30	108	2.8E-14	T	03-04-2026	IPR000472	Activin types I and II receptor domain	-	-
Tgfbr1-201	0756b109408e9ddde903380f6debbd38	503	SMART	SM00467	GS_4	175	205	1.4E-14	T	03-04-2026	IPR003605	GS domain	-	-
Tgfbr1-201	0756b109408e9ddde903380f6debbd38	503	Phobius	CYTOPLASMIC_DOMAIN	Region of a membrane-bound protein predicted to be outside the membrane, in the cytoplasm.	148	503	-	T	03-04-2026	-	-	-	-
Tgfbr1-201	0756b109408e9ddde903380f6debbd38	503	ProSiteProfiles	PS51256	GS domain profile.	175	204	18.109213	T	03-04-2026	IPR003605	GS domain	-	-
Tgfbr1-201	0756b109408e9ddde903380f6debbd38	503	Gene3D	G3DSA:2.10.60.10	CD59	29	107	5.6E-23	T	03-04-2026	IPR045860	Snake toxin-like superfamily	-	-
Tgfbr1-201	0756b109408e9ddde903380f6debbd38	503	SUPERFAMILY	SSF56112	Protein kinase-like (PK-like)	180	492	5.66E-71	T	03-04-2026	IPR011009	Protein kinase-like domain superfamily	-	-
Tgfbr1-201	0756b109408e9ddde903380f6debbd38	503	Phobius	SIGNAL_PEPTIDE_H_REGION	Hydrophobic region of a signal peptide.	13	24	-	T	03-04-2026	-	-	-	-
Tgfbr1-201	0756b109408e9ddde903380f6debbd38	503	Phobius	SIGNAL_PEPTIDE_N_REGION	N-terminal region of a signal peptide.	1	12	-	T	03-04-2026	-	-	-	-
Tgfbr1-201	0756b109408e9ddde903380f6debbd38	503	PANTHER	PTHR23255	TRANSFORMING GROWTH FACTOR-BETA RECEPTOR TYPE I AND II	14	498	0.0	T	03-04-2026	IPR000333	Ser/Thr protein kinase, TGFB receptor	-	-
Tgfbr1-201	0756b109408e9ddde903380f6debbd38	503	SMART	SM00220	serkin_6	205	471	4.0E-25	T	03-04-2026	IPR000719	Protein kinase domain	-	-
Tgfbr1-201	0756b109408e9ddde903380f6debbd38	503	CDD	cd23537	TFP_LU_ECD_ALK5	30	104	4.43366E-44	T	03-04-2026	-	-	-	-
Tgfbr1-201	0756b109408e9ddde903380f6debbd38	503	Pfam	PF00069	Protein kinase domain	208	489	6.6E-31	T	03-04-2026	IPR000719	Protein kinase domain	-	-
Tgfbr1-201	0756b109408e9ddde903380f6debbd38	503	Phobius	TRANSMEMBRANE	Region of a membrane-bound protein predicted to be embedded in the membrane.	126	147	-	T	03-04-2026	-	-	-	-
Tgfbr1-201	0756b109408e9ddde903380f6debbd38	503	Gene3D	G3DSA:3.30.200.20	Phosphorylase Kinase; domain 1	162	284	4.0E-57	T	03-04-2026	-	-	-	-
Tgfbr1-202	5687efb04551bc981260012a40598800	499	ProSitePatterns	PS00107	Protein kinases ATP-binding region signature.	207	228	-	T	03-04-2026	IPR017441	Protein kinase, ATP binding site	-	-
Tgfbr1-202	5687efb04551bc981260012a40598800	499	Gene3D	G3DSA:2.10.60.10	CD59	29	107	5.5E-23	T	03-04-2026	IPR045860	Snake toxin-like superfamily	-	-
Tgfbr1-202	5687efb04551bc981260012a40598800	499	Phobius	TRANSMEMBRANE	Region of a membrane-bound protein predicted to be embedded in the membrane.	122	143	-	T	03-04-2026	-	-	-	-
Tgfbr1-202	5687efb04551bc981260012a40598800	499	Phobius	SIGNAL_PEPTIDE	Signal peptide region	1	29	-	T	03-04-2026	-	-	-	-
Tgfbr1-202	5687efb04551bc981260012a40598800	499	TMHMM	TMhelix	Region of a membrane-bound protein predicted to be embedded in the membrane.	13	35	-	T	03-04-2026	-	-	-	-
Tgfbr1-202	5687efb04551bc981260012a40598800	499	ProSiteProfiles	PS51256	GS domain profile.	171	200	18.109213	T	03-04-2026	IPR003605	GS domain	-	-
Tgfbr1-202	5687efb04551bc981260012a40598800	499	FunFam	G3DSA:3.30.200.20:FF:000023	Receptor protein serine/threonine kinase	158	280	2.9E-75	T	03-04-2026	-	-	-	-
Tgfbr1-202	5687efb04551bc981260012a40598800	499	Pfam	PF08515	Transforming growth factor beta type I GS-motif	172	199	5.5E-12	T	03-04-2026	IPR003605	GS domain	-	-
Tgfbr1-202	5687efb04551bc981260012a40598800	499	Phobius	SIGNAL_PEPTIDE_C_REGION	C-terminal region of a signal peptide.	25	29	-	T	03-04-2026	-	-	-	-
Tgfbr1-202	5687efb04551bc981260012a40598800	499	FunFam	G3DSA:1.10.510.10:FF:000045	Receptor protein serine/threonine kinase	281	499	0.0	T	03-04-2026	-	-	-	-
Tgfbr1-202	5687efb04551bc981260012a40598800	499	SUPERFAMILY	SSF56112	Protein kinase-like (PK-like)	176	488	5.53E-71	T	03-04-2026	IPR011009	Protein kinase-like domain superfamily	-	-
Tgfbr1-202	5687efb04551bc981260012a40598800	499	ProSiteProfiles	PS50011	Protein kinase domain profile.	201	491	37.092575	T	03-04-2026	IPR000719	Protein kinase domain	-	-
Tgfbr1-202	5687efb04551bc981260012a40598800	499	Pfam	PF01064	Activin types I and II receptor domain	30	108	2.8E-14	T	03-04-2026	IPR000472	Activin types I and II receptor domain	-	-
Tgfbr1-202	5687efb04551bc981260012a40598800	499	SMART	SM00220	serkin_6	201	467	4.0E-25	T	03-04-2026	IPR000719	Protein kinase domain	-	-
Tgfbr1-202	5687efb04551bc981260012a40598800	499	SUPERFAMILY	SSF57302	Snake toxin-like	28	108	5.22E-11	T	03-04-2026	IPR045860	Snake toxin-like superfamily	-	-
Tgfbr1-202	5687efb04551bc981260012a40598800	499	FunFam	G3DSA:2.10.60.10:FF:000005	Receptor protein serine/threonine kinase	29	107	4.1E-47	T	03-04-2026	-	-	-	-
Tgfbr1-202	5687efb04551bc981260012a40598800	499	Phobius	NON_CYTOPLASMIC_DOMAIN	Region of a membrane-bound protein predicted to be outside the membrane, in the extracellular region.	30	121	-	T	03-04-2026	-	-	-	-
Tgfbr1-202	5687efb04551bc981260012a40598800	499	CDD	cd14143	STKc_TGFbR1_ACVR1b_ACVR1c	205	492	0.0	T	03-04-2026	-	-	-	-
Tgfbr1-202	5687efb04551bc981260012a40598800	499	Phobius	SIGNAL_PEPTIDE_H_REGION	Hydrophobic region of a signal peptide.	13	24	-	T	03-04-2026	-	-	-	-
Tgfbr1-202	5687efb04551bc981260012a40598800	499	Phobius	SIGNAL_PEPTIDE_N_REGION	N-terminal region of a signal peptide.	1	12	-	T	03-04-2026	-	-	-	-
Tgfbr1-202	5687efb04551bc981260012a40598800	499	Gene3D	G3DSA:1.10.510.10	Transferase(Phosphotransferase) domain 1	281	499	1.5E-64	T	03-04-2026	-	-	-	-
Tgfbr1-202	5687efb04551bc981260012a40598800	499	PANTHER	PTHR23255	TRANSFORMING GROWTH FACTOR-BETA RECEPTOR TYPE I AND II	14	494	0.0	T	03-04-2026	IPR000333	Ser/Thr protein kinase, TGFB receptor	-	-
Tgfbr1-202	5687efb04551bc981260012a40598800	499	Phobius	CYTOPLASMIC_DOMAIN	Region of a membrane-bound protein predicted to be outside the membrane, in the cytoplasm.	144	499	-	T	03-04-2026	-	-	-	-
Tgfbr1-202	5687efb04551bc981260012a40598800	499	CDD	cd23537	TFP_LU_ECD_ALK5	30	104	4.66498E-44	T	03-04-2026	-	-	-	-
Tgfbr1-202	5687efb04551bc981260012a40598800	499	SMART	SM00467	GS_4	171	201	1.4E-14	T	03-04-2026	IPR003605	GS domain	-	-
Tgfbr1-202	5687efb04551bc981260012a40598800	499	ProSitePatterns	PS00108	Serine/Threonine protein kinases active-site signature.	325	337	-	T	03-04-2026	IPR008271	Serine/threonine-protein kinase, active site	-	-
Tgfbr1-202	5687efb04551bc981260012a40598800	499	Pfam	PF00069	Protein kinase domain	204	485	6.5E-31	T	03-04-2026	IPR000719	Protein kinase domain	-	-
Tgfbr1-202	5687efb04551bc981260012a40598800	499	TMHMM	TMhelix	Region of a membrane-bound protein predicted to be embedded in the membrane.	122	144	-	T	03-04-2026	-	-	-	-
Tgfbr1-202	5687efb04551bc981260012a40598800	499	SignalP_EUK	SignalP-noTM	SignalP-noTM	1	29	-	T	03-04-2026	-	-	-	-
Tgfbr1-202	5687efb04551bc981260012a40598800	499	Gene3D	G3DSA:3.30.200.20	Phosphorylase Kinase; domain 1	158	280	4.0E-57	T	03-04-2026	-	-	-	-
Il6ra-202	378bf5ec6f9319a00d7af9ea3320cd20	459	SUPERFAMILY	SSF49265	Fibronectin type III	212	314	1.66E-17	T	03-04-2026	IPR036116	Fibronectin type III superfamily	-	-
Il6ra-202	378bf5ec6f9319a00d7af9ea3320cd20	459	FunFam	G3DSA:2.60.40.10:FF:000136	Ciliary neurotrophic factor receptor alpha	211	315	5.1E-36	T	03-04-2026	-	-	-	-
Il6ra-202	378bf5ec6f9319a00d7af9ea3320cd20	459	ProSitePatterns	PS01354	Long hematopoietin receptor, soluble alpha chains family signature.	211	252	-	T	03-04-2026	IPR003530	Long hematopoietin receptor, soluble alpha chain, conserved site	-	-
Il6ra-202	378bf5ec6f9319a00d7af9ea3320cd20	459	SUPERFAMILY	SSF48726	Immunoglobulin	34	113	5.17E-10	T	03-04-2026	IPR036179	Immunoglobulin-like domain superfamily	-	-
Il6ra-202	378bf5ec6f9319a00d7af9ea3320cd20	459	Phobius	TRANSMEMBRANE	Region of a membrane-bound protein predicted to be embedded in the membrane.	365	386	-	T	03-04-2026	-	-	-	-
Il6ra-202	378bf5ec6f9319a00d7af9ea3320cd20	459	SignalP_GRAM_POSITIVE	SignalP-TM	SignalP-TM	1	27	-	T	03-04-2026	-	-	-	-
Il6ra-202	378bf5ec6f9319a00d7af9ea3320cd20	459	Gene3D	G3DSA:2.60.40.10	Immunoglobulins	105	208	2.3E-37	T	03-04-2026	IPR013783	Immunoglobulin-like fold	-	-
Il6ra-202	378bf5ec6f9319a00d7af9ea3320cd20	459	CDD	cd00063	FN3	213	308	1.0653E-5	T	03-04-2026	IPR003961	Fibronectin type III	-	-
Il6ra-202	378bf5ec6f9319a00d7af9ea3320cd20	459	SUPERFAMILY	SSF49265	Fibronectin type III	109	211	8.13E-30	T	03-04-2026	IPR036116	Fibronectin type III superfamily	-	-
Il6ra-202	378bf5ec6f9319a00d7af9ea3320cd20	459	Phobius	CYTOPLASMIC_DOMAIN	Region of a membrane-bound protein predicted to be outside the membrane, in the cytoplasm.	387	459	-	T	03-04-2026	-	-	-	-
Il6ra-202	378bf5ec6f9319a00d7af9ea3320cd20	459	Gene3D	G3DSA:2.60.40.10	Immunoglobulins	212	315	8.9E-24	T	03-04-2026	IPR013783	Immunoglobulin-like fold	-	-
Il6ra-202	378bf5ec6f9319a00d7af9ea3320cd20	459	ProSiteProfiles	PS50835	Ig-like domain profile.	16	116	11.569475	T	03-04-2026	IPR007110	Immunoglobulin-like domain	-	-
Il6ra-202	378bf5ec6f9319a00d7af9ea3320cd20	459	FunFam	G3DSA:2.60.40.10:FF:000886	Interleukin-6 receptor subunit alpha	105	208	3.8E-48	T	03-04-2026	-	-	-	-
Il6ra-202	378bf5ec6f9319a00d7af9ea3320cd20	459	SMART	SM00408	igc2_5	38	99	1.5E-9	T	03-04-2026	IPR003598	Immunoglobulin subtype 2	-	-
Il6ra-202	378bf5ec6f9319a00d7af9ea3320cd20	459	PANTHER	PTHR23037	CYTOKINE RECEPTOR	89	391	1.2E-21	T	03-04-2026	-	-	-	-
Il6ra-202	378bf5ec6f9319a00d7af9ea3320cd20	459	Pfam	PF09240	Interleukin-6 receptor alpha chain, binding	114	209	7.8E-17	T	03-04-2026	IPR015321	Type I cytokine receptor, cytokine-binding domain	-	-
Il6ra-202	378bf5ec6f9319a00d7af9ea3320cd20	459	Phobius	SIGNAL_PEPTIDE_H_REGION	Hydrophobic region of a signal peptide.	4	22	-	T	03-04-2026	-	-	-	-
Il6ra-202	378bf5ec6f9319a00d7af9ea3320cd20	459	Gene3D	G3DSA:2.60.40.10	Immunoglobulins	33	104	2.2E-12	T	03-04-2026	IPR013783	Immunoglobulin-like fold	-	-
Il6ra-202	378bf5ec6f9319a00d7af9ea3320cd20	459	CDD	cd20939	IgC2_D1_IL-6RA	34	106	1.56166E-37	T	03-04-2026	-	-	-	-
Il6ra-202	378bf5ec6f9319a00d7af9ea3320cd20	459	TMHMM	TMhelix	Region of a membrane-bound protein predicted to be embedded in the membrane.	362	384	-	T	03-04-2026	-	-	-	-
Il6ra-202	378bf5ec6f9319a00d7af9ea3320cd20	459	SignalP_EUK	SignalP-noTM	SignalP-noTM	1	19	-	T	03-04-2026	-	-	-	-
Il6ra-202	378bf5ec6f9319a00d7af9ea3320cd20	459	Phobius	SIGNAL_PEPTIDE_N_REGION	N-terminal region of a signal peptide.	1	3	-	T	03-04-2026	-	-	-	-
Il6ra-202	378bf5ec6f9319a00d7af9ea3320cd20	459	SignalP_EUK	SignalP-noTM	SignalP-noTM	1	27	-	T	03-04-2026	-	-	-	-
Il6ra-202	378bf5ec6f9319a00d7af9ea3320cd20	459	SMART	SM00409	IG_3c	32	109	6.3E-8	T	03-04-2026	IPR003599	Immunoglobulin domain subtype	-	-
Il6ra-202	378bf5ec6f9319a00d7af9ea3320cd20	459	Phobius	NON_CYTOPLASMIC_DOMAIN	Region of a membrane-bound protein predicted to be outside the membrane, in the extracellular region.	28	364	-	T	03-04-2026	-	-	-	-
Il6ra-202	378bf5ec6f9319a00d7af9ea3320cd20	459	Phobius	SIGNAL_PEPTIDE_C_REGION	C-terminal region of a signal peptide.	23	27	-	T	03-04-2026	-	-	-	-
Il6ra-202	378bf5ec6f9319a00d7af9ea3320cd20	459	Pfam	PF00047	Immunoglobulin domain	34	99	3.9E-8	T	03-04-2026	IPR013151	Immunoglobulin-like beta-sandwich domain	-	-
Il6ra-202	378bf5ec6f9319a00d7af9ea3320cd20	459	Phobius	SIGNAL_PEPTIDE	Signal peptide region	1	27	-	T	03-04-2026	-	-	-	-
Il6ra-202	378bf5ec6f9319a00d7af9ea3320cd20	459	ProSiteProfiles	PS50853	Fibronectin type-III domain profile.	215	313	16.40255	T	03-04-2026	IPR003961	Fibronectin type III	-	-
Il6ra-201	08e1009c5620f5af152bc0d2f0d5a9ab	460	PANTHER	PTHR23037	CYTOKINE RECEPTOR	89	392	1.1E-21	T	03-04-2026	-	-	-	-
Il6ra-201	08e1009c5620f5af152bc0d2f0d5a9ab	460	CDD	cd00063	FN3	213	308	1.00709E-5	T	03-04-2026	IPR003961	Fibronectin type III	-	-
Il6ra-201	08e1009c5620f5af152bc0d2f0d5a9ab	460	SignalP_EUK	SignalP-noTM	SignalP-noTM	1	27	-	T	03-04-2026	-	-	-	-
Il6ra-201	08e1009c5620f5af152bc0d2f0d5a9ab	460	FunFam	G3DSA:2.60.40.10:FF:000886	Interleukin-6 receptor subunit alpha	105	208	3.8E-48	T	03-04-2026	-	-	-	-
Il6ra-201	08e1009c5620f5af152bc0d2f0d5a9ab	460	SUPERFAMILY	SSF49265	Fibronectin type III	212	310	1.99E-17	T	03-04-2026	IPR036116	Fibronectin type III superfamily	-	-
Il6ra-201	08e1009c5620f5af152bc0d2f0d5a9ab	460	ProSiteProfiles	PS50835	Ig-like domain profile.	16	116	11.569475	T	03-04-2026	IPR007110	Immunoglobulin-like domain	-	-
Il6ra-201	08e1009c5620f5af152bc0d2f0d5a9ab	460	SMART	SM00408	igc2_5	38	99	1.5E-9	T	03-04-2026	IPR003598	Immunoglobulin subtype 2	-	-
Il6ra-201	08e1009c5620f5af152bc0d2f0d5a9ab	460	Gene3D	G3DSA:2.60.40.10	Immunoglobulins	105	208	2.3E-37	T	03-04-2026	IPR013783	Immunoglobulin-like fold	-	-
Il6ra-201	08e1009c5620f5af152bc0d2f0d5a9ab	460	Pfam	PF09240	Interleukin-6 receptor alpha chain, binding	114	209	7.8E-17	T	03-04-2026	IPR015321	Type I cytokine receptor, cytokine-binding domain	-	-
Il6ra-201	08e1009c5620f5af152bc0d2f0d5a9ab	460	SUPERFAMILY	SSF49265	Fibronectin type III	109	211	5.81E-30	T	03-04-2026	IPR036116	Fibronectin type III superfamily	-	-
Il6ra-201	08e1009c5620f5af152bc0d2f0d5a9ab	460	Phobius	SIGNAL_PEPTIDE_H_REGION	Hydrophobic region of a signal peptide.	4	22	-	T	03-04-2026	-	-	-	-
Il6ra-201	08e1009c5620f5af152bc0d2f0d5a9ab	460	Gene3D	G3DSA:2.60.40.10	Immunoglobulins	33	104	2.2E-12	T	03-04-2026	IPR013783	Immunoglobulin-like fold	-	-
Il6ra-201	08e1009c5620f5af152bc0d2f0d5a9ab	460	SignalP_GRAM_POSITIVE	SignalP-TM	SignalP-TM	1	27	-	T	03-04-2026	-	-	-	-
Il6ra-201	08e1009c5620f5af152bc0d2f0d5a9ab	460	TMHMM	TMhelix	Region of a membrane-bound protein predicted to be embedded in the membrane.	363	385	-	T	03-04-2026	-	-	-	-
Il6ra-201	08e1009c5620f5af152bc0d2f0d5a9ab	460	CDD	cd20939	IgC2_D1_IL-6RA	34	106	1.53652E-37	T	03-04-2026	-	-	-	-
Il6ra-201	08e1009c5620f5af152bc0d2f0d5a9ab	460	Phobius	TRANSMEMBRANE	Region of a membrane-bound protein predicted to be embedded in the membrane.	366	387	-	T	03-04-2026	-	-	-	-
Il6ra-201	08e1009c5620f5af152bc0d2f0d5a9ab	460	Phobius	SIGNAL_PEPTIDE_N_REGION	N-terminal region of a signal peptide.	1	3	-	T	03-04-2026	-	-	-	-
Il6ra-201	08e1009c5620f5af152bc0d2f0d5a9ab	460	FunFam	G3DSA:2.60.40.10:FF:000136	Ciliary neurotrophic factor receptor alpha	211	315	7.2E-36	T	03-04-2026	-	-	-	-
Il6ra-201	08e1009c5620f5af152bc0d2f0d5a9ab	460	Phobius	CYTOPLASMIC_DOMAIN	Region of a membrane-bound protein predicted to be outside the membrane, in the cytoplasm.	388	460	-	T	03-04-2026	-	-	-	-
Il6ra-201	08e1009c5620f5af152bc0d2f0d5a9ab	460	Phobius	NON_CYTOPLASMIC_DOMAIN	Region of a membrane-bound protein predicted to be outside the membrane, in the extracellular region.	28	365	-	T	03-04-2026	-	-	-	-
Il6ra-201	08e1009c5620f5af152bc0d2f0d5a9ab	460	SUPERFAMILY	SSF48726	Immunoglobulin	34	113	5.32E-10	T	03-04-2026	IPR036179	Immunoglobulin-like domain superfamily	-	-
Il6ra-201	08e1009c5620f5af152bc0d2f0d5a9ab	460	SMART	SM00409	IG_3c	32	109	6.3E-8	T	03-04-2026	IPR003599	Immunoglobulin domain subtype	-	-
Il6ra-201	08e1009c5620f5af152bc0d2f0d5a9ab	460	SignalP_EUK	SignalP-noTM	SignalP-noTM	1	19	-	T	03-04-2026	-	-	-	-
Il6ra-201	08e1009c5620f5af152bc0d2f0d5a9ab	460	Phobius	SIGNAL_PEPTIDE_C_REGION	C-terminal region of a signal peptide.	23	27	-	T	03-04-2026	-	-	-	-
Il6ra-201	08e1009c5620f5af152bc0d2f0d5a9ab	460	Pfam	PF00047	Immunoglobulin domain	34	99	3.9E-8	T	03-04-2026	IPR013151	Immunoglobulin-like beta-sandwich domain	-	-
Il6ra-201	08e1009c5620f5af152bc0d2f0d5a9ab	460	ProSitePatterns	PS01354	Long hematopoietin receptor, soluble alpha chains family signature.	211	252	-	T	03-04-2026	IPR003530	Long hematopoietin receptor, soluble alpha chain, conserved site	-	-
Il6ra-201	08e1009c5620f5af152bc0d2f0d5a9ab	460	Gene3D	G3DSA:2.60.40.10	Immunoglobulins	212	315	9.2E-24	T	03-04-2026	IPR013783	Immunoglobulin-like fold	-	-
Il6ra-201	08e1009c5620f5af152bc0d2f0d5a9ab	460	Phobius	SIGNAL_PEPTIDE	Signal peptide region	1	27	-	T	03-04-2026	-	-	-	-
Il6ra-201	08e1009c5620f5af152bc0d2f0d5a9ab	460	ProSiteProfiles	PS50853	Fibronectin type-III domain profile.	215	313	16.40255	T	03-04-2026	IPR003961	Fibronectin type III	-	-
Tnfrsf9-204	25bff71c366b0d2bd0e8ef02f8be5c51	211	CDD	cd13410	TNFRSF9	23	160	5.13097E-64	T	03-04-2026	IPR034020	Tumour necrosis factor receptor 9, N-terminal	-	-
Tnfrsf9-204	25bff71c366b0d2bd0e8ef02f8be5c51	211	PANTHER	PTHR47139	TUMOR NECROSIS FACTOR RECEPTOR SUPERFAMILY MEMBER 9	1	170	1.5E-51	T	03-04-2026	-	-	-	-
Tnfrsf9-204	25bff71c366b0d2bd0e8ef02f8be5c51	211	Gene3D	G3DSA:2.10.50.10	Tumor Necrosis Factor Receptor, subunit A, domain 2	19	88	1.3E-5	T	03-04-2026	-	-	-	-
Tnfrsf9-204	25bff71c366b0d2bd0e8ef02f8be5c51	211	Phobius	SIGNAL_PEPTIDE	Signal peptide region	1	23	-	T	03-04-2026	-	-	-	-
Tnfrsf9-204	25bff71c366b0d2bd0e8ef02f8be5c51	211	SignalP_EUK	SignalP-noTM	SignalP-noTM	1	23	-	T	03-04-2026	-	-	-	-
Tnfrsf9-204	25bff71c366b0d2bd0e8ef02f8be5c51	211	Gene3D	G3DSA:2.10.50.10	Tumor Necrosis Factor Receptor, subunit A, domain 2	89	157	1.8E-10	T	03-04-2026	-	-	-	-
Tnfrsf9-204	25bff71c366b0d2bd0e8ef02f8be5c51	211	Pfam	PF00020	TNFR/NGFR cysteine-rich region	47	85	0.0053	T	03-04-2026	IPR001368	TNFR/NGFR cysteine-rich region	-	-
Tnfrsf9-204	25bff71c366b0d2bd0e8ef02f8be5c51	211	SMART	SM00208	TNFR_3	119	158	0.015	T	03-04-2026	IPR001368	TNFR/NGFR cysteine-rich region	-	-
Tnfrsf9-204	25bff71c366b0d2bd0e8ef02f8be5c51	211	SMART	SM00208	TNFR_3	47	85	3.1E-6	T	03-04-2026	IPR001368	TNFR/NGFR cysteine-rich region	-	-
Tnfrsf9-204	25bff71c366b0d2bd0e8ef02f8be5c51	211	Phobius	NON_CYTOPLASMIC_DOMAIN	Region of a membrane-bound protein predicted to be outside the membrane, in the extracellular region.	24	211	-	T	03-04-2026	-	-	-	-
Tnfrsf9-204	25bff71c366b0d2bd0e8ef02f8be5c51	211	Phobius	SIGNAL_PEPTIDE_N_REGION	N-terminal region of a signal peptide.	1	7	-	T	03-04-2026	-	-	-	-
Tnfrsf9-204	25bff71c366b0d2bd0e8ef02f8be5c51	211	Phobius	SIGNAL_PEPTIDE_H_REGION	Hydrophobic region of a signal peptide.	8	18	-	T	03-04-2026	-	-	-	-
Tnfrsf9-204	25bff71c366b0d2bd0e8ef02f8be5c51	211	SignalP_GRAM_POSITIVE	SignalP-TM	SignalP-TM	1	23	-	T	03-04-2026	-	-	-	-
Tnfrsf9-204	25bff71c366b0d2bd0e8ef02f8be5c51	211	Phobius	SIGNAL_PEPTIDE_C_REGION	C-terminal region of a signal peptide.	19	23	-	T	03-04-2026	-	-	-	-
Tnfrsf9-204	25bff71c366b0d2bd0e8ef02f8be5c51	211	SUPERFAMILY	SSF57586	TNF receptor-like	60	128	1.49E-6	T	03-04-2026	-	-	-	-
Tnfrsf9-201	a460de82e8524d3497c994f1a048f93a	256	TMHMM	TMhelix	Region of a membrane-bound protein predicted to be embedded in the membrane.	189	211	-	T	03-04-2026	-	-	-	-
Tnfrsf9-201	a460de82e8524d3497c994f1a048f93a	256	CDD	cd13410	TNFRSF9	23	160	3.50774E-68	T	03-04-2026	IPR034020	Tumour necrosis factor receptor 9, N-terminal	-	-
Tnfrsf9-201	a460de82e8524d3497c994f1a048f93a	256	Gene3D	G3DSA:2.10.50.10	Tumor Necrosis Factor Receptor, subunit A, domain 2	19	88	1.8E-5	T	03-04-2026	-	-	-	-
Tnfrsf9-201	a460de82e8524d3497c994f1a048f93a	256	Pfam	PF00020	TNFR/NGFR cysteine-rich region	47	85	0.0086	T	03-04-2026	IPR001368	TNFR/NGFR cysteine-rich region	-	-
Tnfrsf9-201	a460de82e8524d3497c994f1a048f93a	256	Phobius	CYTOPLASMIC_DOMAIN	Region of a membrane-bound protein predicted to be outside the membrane, in the cytoplasm.	215	256	-	T	03-04-2026	-	-	-	-
Tnfrsf9-201	a460de82e8524d3497c994f1a048f93a	256	SignalP_GRAM_POSITIVE	SignalP-TM	SignalP-TM	1	23	-	T	03-04-2026	-	-	-	-
Tnfrsf9-201	a460de82e8524d3497c994f1a048f93a	256	Phobius	SIGNAL_PEPTIDE	Signal peptide region	1	23	-	T	03-04-2026	-	-	-	-
Tnfrsf9-201	a460de82e8524d3497c994f1a048f93a	256	PANTHER	PTHR47139	TUMOR NECROSIS FACTOR RECEPTOR SUPERFAMILY MEMBER 9	1	252	1.7E-69	T	03-04-2026	-	-	-	-
Tnfrsf9-201	a460de82e8524d3497c994f1a048f93a	256	Phobius	TRANSMEMBRANE	Region of a membrane-bound protein predicted to be embedded in the membrane.	189	214	-	T	03-04-2026	-	-	-	-
Tnfrsf9-201	a460de82e8524d3497c994f1a048f93a	256	SMART	SM00208	TNFR_3	119	158	0.015	T	03-04-2026	IPR001368	TNFR/NGFR cysteine-rich region	-	-
Tnfrsf9-201	a460de82e8524d3497c994f1a048f93a	256	SMART	SM00208	TNFR_3	47	85	3.1E-6	T	03-04-2026	IPR001368	TNFR/NGFR cysteine-rich region	-	-
Tnfrsf9-201	a460de82e8524d3497c994f1a048f93a	256	Phobius	SIGNAL_PEPTIDE_N_REGION	N-terminal region of a signal peptide.	1	7	-	T	03-04-2026	-	-	-	-
Tnfrsf9-201	a460de82e8524d3497c994f1a048f93a	256	Phobius	SIGNAL_PEPTIDE_H_REGION	Hydrophobic region of a signal peptide.	8	18	-	T	03-04-2026	-	-	-	-
Tnfrsf9-201	a460de82e8524d3497c994f1a048f93a	256	SUPERFAMILY	SSF57586	TNF receptor-like	60	128	2.2E-6	T	03-04-2026	-	-	-	-
Tnfrsf9-201	a460de82e8524d3497c994f1a048f93a	256	PRINTS	PR01924	Tumour necrosis factor receptor 9 signature	202	215	6.2E-17	T	03-04-2026	IPR020413	Tumour necrosis factor receptor 9	-	-
Tnfrsf9-201	a460de82e8524d3497c994f1a048f93a	256	PRINTS	PR01924	Tumour necrosis factor receptor 9 signature	221	235	6.2E-17	T	03-04-2026	IPR020413	Tumour necrosis factor receptor 9	-	-
Tnfrsf9-201	a460de82e8524d3497c994f1a048f93a	256	PRINTS	PR01924	Tumour necrosis factor receptor 9 signature	237	247	6.2E-17	T	03-04-2026	IPR020413	Tumour necrosis factor receptor 9	-	-
Tnfrsf9-201	a460de82e8524d3497c994f1a048f93a	256	Phobius	SIGNAL_PEPTIDE_C_REGION	C-terminal region of a signal peptide.	19	23	-	T	03-04-2026	-	-	-	-
Tnfrsf9-201	a460de82e8524d3497c994f1a048f93a	256	SignalP_EUK	SignalP-noTM	SignalP-noTM	1	23	-	T	03-04-2026	-	-	-	-
Tnfrsf9-201	a460de82e8524d3497c994f1a048f93a	256	Phobius	NON_CYTOPLASMIC_DOMAIN	Region of a membrane-bound protein predicted to be outside the membrane, in the extracellular region.	24	188	-	T	03-04-2026	-	-	-	-
Tnfrsf9-201	a460de82e8524d3497c994f1a048f93a	256	Gene3D	G3DSA:2.10.50.10	Tumor Necrosis Factor Receptor, subunit A, domain 2	89	157	9.2E-11	T	03-04-2026	-	-	-	-
Tnfrsf9-203	a460de82e8524d3497c994f1a048f93a	256	TMHMM	TMhelix	Region of a membrane-bound protein predicted to be embedded in the membrane.	189	211	-	T	03-04-2026	-	-	-	-
Tnfrsf9-203	a460de82e8524d3497c994f1a048f93a	256	SignalP_GRAM_POSITIVE	SignalP-TM	SignalP-TM	1	23	-	T	03-04-2026	-	-	-	-
Tnfrsf9-203	a460de82e8524d3497c994f1a048f93a	256	CDD	cd13410	TNFRSF9	23	160	3.50774E-68	T	03-04-2026	IPR034020	Tumour necrosis factor receptor 9, N-terminal	-	-
Tnfrsf9-203	a460de82e8524d3497c994f1a048f93a	256	Gene3D	G3DSA:2.10.50.10	Tumor Necrosis Factor Receptor, subunit A, domain 2	19	88	1.8E-5	T	03-04-2026	-	-	-	-
Tnfrsf9-203	a460de82e8524d3497c994f1a048f93a	256	Pfam	PF00020	TNFR/NGFR cysteine-rich region	47	85	0.0086	T	03-04-2026	IPR001368	TNFR/NGFR cysteine-rich region	-	-
Tnfrsf9-203	a460de82e8524d3497c994f1a048f93a	256	Phobius	CYTOPLASMIC_DOMAIN	Region of a membrane-bound protein predicted to be outside the membrane, in the cytoplasm.	215	256	-	T	03-04-2026	-	-	-	-
Tnfrsf9-203	a460de82e8524d3497c994f1a048f93a	256	Phobius	SIGNAL_PEPTIDE	Signal peptide region	1	23	-	T	03-04-2026	-	-	-	-
Tnfrsf9-203	a460de82e8524d3497c994f1a048f93a	256	PANTHER	PTHR47139	TUMOR NECROSIS FACTOR RECEPTOR SUPERFAMILY MEMBER 9	1	252	1.7E-69	T	03-04-2026	-	-	-	-
Tnfrsf9-203	a460de82e8524d3497c994f1a048f93a	256	Phobius	TRANSMEMBRANE	Region of a membrane-bound protein predicted to be embedded in the membrane.	189	214	-	T	03-04-2026	-	-	-	-
Tnfrsf9-203	a460de82e8524d3497c994f1a048f93a	256	SMART	SM00208	TNFR_3	119	158	0.015	T	03-04-2026	IPR001368	TNFR/NGFR cysteine-rich region	-	-
Tnfrsf9-203	a460de82e8524d3497c994f1a048f93a	256	SMART	SM00208	TNFR_3	47	85	3.1E-6	T	03-04-2026	IPR001368	TNFR/NGFR cysteine-rich region	-	-
Tnfrsf9-203	a460de82e8524d3497c994f1a048f93a	256	Phobius	SIGNAL_PEPTIDE_N_REGION	N-terminal region of a signal peptide.	1	7	-	T	03-04-2026	-	-	-	-
Tnfrsf9-203	a460de82e8524d3497c994f1a048f93a	256	Phobius	SIGNAL_PEPTIDE_H_REGION	Hydrophobic region of a signal peptide.	8	18	-	T	03-04-2026	-	-	-	-
Tnfrsf9-203	a460de82e8524d3497c994f1a048f93a	256	SUPERFAMILY	SSF57586	TNF receptor-like	60	128	2.2E-6	T	03-04-2026	-	-	-	-
Tnfrsf9-203	a460de82e8524d3497c994f1a048f93a	256	PRINTS	PR01924	Tumour necrosis factor receptor 9 signature	202	215	6.2E-17	T	03-04-2026	IPR020413	Tumour necrosis factor receptor 9	-	-
Tnfrsf9-203	a460de82e8524d3497c994f1a048f93a	256	PRINTS	PR01924	Tumour necrosis factor receptor 9 signature	221	235	6.2E-17	T	03-04-2026	IPR020413	Tumour necrosis factor receptor 9	-	-
Tnfrsf9-203	a460de82e8524d3497c994f1a048f93a	256	PRINTS	PR01924	Tumour necrosis factor receptor 9 signature	237	247	6.2E-17	T	03-04-2026	IPR020413	Tumour necrosis factor receptor 9	-	-
Tnfrsf9-203	a460de82e8524d3497c994f1a048f93a	256	Phobius	SIGNAL_PEPTIDE_C_REGION	C-terminal region of a signal peptide.	19	23	-	T	03-04-2026	-	-	-	-
Tnfrsf9-203	a460de82e8524d3497c994f1a048f93a	256	SignalP_EUK	SignalP-noTM	SignalP-noTM	1	23	-	T	03-04-2026	-	-	-	-
Tnfrsf9-203	a460de82e8524d3497c994f1a048f93a	256	Phobius	NON_CYTOPLASMIC_DOMAIN	Region of a membrane-bound protein predicted to be outside the membrane, in the extracellular region.	24	188	-	T	03-04-2026	-	-	-	-
Tnfrsf9-203	a460de82e8524d3497c994f1a048f93a	256	Gene3D	G3DSA:2.10.50.10	Tumor Necrosis Factor Receptor, subunit A, domain 2	89	157	9.2E-11	T	03-04-2026	-	-	-	-
Tnfrsf9-205	a460de82e8524d3497c994f1a048f93a	256	TMHMM	TMhelix	Region of a membrane-bound protein predicted to be embedded in the membrane.	189	211	-	T	03-04-2026	-	-	-	-
Tnfrsf9-205	a460de82e8524d3497c994f1a048f93a	256	CDD	cd13410	TNFRSF9	23	160	3.50774E-68	T	03-04-2026	IPR034020	Tumour necrosis factor receptor 9, N-terminal	-	-
Tnfrsf9-205	a460de82e8524d3497c994f1a048f93a	256	Gene3D	G3DSA:2.10.50.10	Tumor Necrosis Factor Receptor, subunit A, domain 2	19	88	1.8E-5	T	03-04-2026	-	-	-	-
Tnfrsf9-205	a460de82e8524d3497c994f1a048f93a	256	Pfam	PF00020	TNFR/NGFR cysteine-rich region	47	85	0.0086	T	03-04-2026	IPR001368	TNFR/NGFR cysteine-rich region	-	-
Tnfrsf9-205	a460de82e8524d3497c994f1a048f93a	256	Phobius	CYTOPLASMIC_DOMAIN	Region of a membrane-bound protein predicted to be outside the membrane, in the cytoplasm.	215	256	-	T	03-04-2026	-	-	-	-
Tnfrsf9-205	a460de82e8524d3497c994f1a048f93a	256	SignalP_GRAM_POSITIVE	SignalP-TM	SignalP-TM	1	23	-	T	03-04-2026	-	-	-	-
Tnfrsf9-205	a460de82e8524d3497c994f1a048f93a	256	Phobius	SIGNAL_PEPTIDE	Signal peptide region	1	23	-	T	03-04-2026	-	-	-	-
Tnfrsf9-205	a460de82e8524d3497c994f1a048f93a	256	PANTHER	PTHR47139	TUMOR NECROSIS FACTOR RECEPTOR SUPERFAMILY MEMBER 9	1	252	1.7E-69	T	03-04-2026	-	-	-	-
Tnfrsf9-205	a460de82e8524d3497c994f1a048f93a	256	Phobius	TRANSMEMBRANE	Region of a membrane-bound protein predicted to be embedded in the membrane.	189	214	-	T	03-04-2026	-	-	-	-
Tnfrsf9-205	a460de82e8524d3497c994f1a048f93a	256	SMART	SM00208	TNFR_3	119	158	0.015	T	03-04-2026	IPR001368	TNFR/NGFR cysteine-rich region	-	-
Tnfrsf9-205	a460de82e8524d3497c994f1a048f93a	256	SMART	SM00208	TNFR_3	47	85	3.1E-6	T	03-04-2026	IPR001368	TNFR/NGFR cysteine-rich region	-	-
Tnfrsf9-205	a460de82e8524d3497c994f1a048f93a	256	Phobius	SIGNAL_PEPTIDE_N_REGION	N-terminal region of a signal peptide.	1	7	-	T	03-04-2026	-	-	-	-
Tnfrsf9-205	a460de82e8524d3497c994f1a048f93a	256	Phobius	SIGNAL_PEPTIDE_H_REGION	Hydrophobic region of a signal peptide.	8	18	-	T	03-04-2026	-	-	-	-
Tnfrsf9-205	a460de82e8524d3497c994f1a048f93a	256	SUPERFAMILY	SSF57586	TNF receptor-like	60	128	2.2E-6	T	03-04-2026	-	-	-	-
Tnfrsf9-205	a460de82e8524d3497c994f1a048f93a	256	PRINTS	PR01924	Tumour necrosis factor receptor 9 signature	202	215	6.2E-17	T	03-04-2026	IPR020413	Tumour necrosis factor receptor 9	-	-
Tnfrsf9-205	a460de82e8524d3497c994f1a048f93a	256	PRINTS	PR01924	Tumour necrosis factor receptor 9 signature	221	235	6.2E-17	T	03-04-2026	IPR020413	Tumour necrosis factor receptor 9	-	-
Tnfrsf9-205	a460de82e8524d3497c994f1a048f93a	256	PRINTS	PR01924	Tumour necrosis factor receptor 9 signature	237	247	6.2E-17	T	03-04-2026	IPR020413	Tumour necrosis factor receptor 9	-	-
Tnfrsf9-205	a460de82e8524d3497c994f1a048f93a	256	Phobius	SIGNAL_PEPTIDE_C_REGION	C-terminal region of a signal peptide.	19	23	-	T	03-04-2026	-	-	-	-
Tnfrsf9-205	a460de82e8524d3497c994f1a048f93a	256	Phobius	NON_CYTOPLASMIC_DOMAIN	Region of a membrane-bound protein predicted to be outside the membrane, in the extracellular region.	24	188	-	T	03-04-2026	-	-	-	-
Tnfrsf9-205	a460de82e8524d3497c994f1a048f93a	256	Gene3D	G3DSA:2.10.50.10	Tumor Necrosis Factor Receptor, subunit A, domain 2	89	157	9.2E-11	T	03-04-2026	-	-	-	-
Tnfrsf9-205	a460de82e8524d3497c994f1a048f93a	256	SignalP_EUK	SignalP-noTM	SignalP-noTM	1	23	-	T	03-04-2026	-	-	-	-
Tgfbr2-202	07492d3f5aadb9b9f5fd403accb170d6	592	SUPERFAMILY	SSF57302	Snake toxin-like	65	182	4.4E-51	T	03-04-2026	IPR045860	Snake toxin-like superfamily	-	-
Tgfbr2-202	07492d3f5aadb9b9f5fd403accb170d6	592	Phobius	NON_CYTOPLASMIC_DOMAIN	Region of a membrane-bound protein predicted to be outside the membrane, in the extracellular region.	1	184	-	T	03-04-2026	-	-	-	-
Tgfbr2-202	07492d3f5aadb9b9f5fd403accb170d6	592	Gene3D	G3DSA:1.10.510.10	Transferase(Phosphotransferase) domain 1	355	573	7.4E-64	T	03-04-2026	-	-	-	-
Tgfbr2-202	07492d3f5aadb9b9f5fd403accb170d6	592	Pfam	PF08917	Transforming growth factor beta receptor 2 ectodomain	74	182	1.5E-40	T	03-04-2026	IPR015013	Transforming growth factor beta receptor 2 ectodomain	-	-
Tgfbr2-202	07492d3f5aadb9b9f5fd403accb170d6	592	CDD	cd23538	TFP_LU_ECD_TGFR2	74	174	5.28039E-51	T	03-04-2026	IPR015013	Transforming growth factor beta receptor 2 ectodomain	-	-
Tgfbr2-202	07492d3f5aadb9b9f5fd403accb170d6	592	Phobius	TRANSMEMBRANE	Region of a membrane-bound protein predicted to be embedded in the membrane.	185	214	-	T	03-04-2026	-	-	-	-
Tgfbr2-202	07492d3f5aadb9b9f5fd403accb170d6	592	PIRSF	PIRSF037393	TGFRII	1	592	0.0	T	03-04-2026	IPR017194	Transforming growth factor-beta receptor, type II	-	-
Tgfbr2-202	07492d3f5aadb9b9f5fd403accb170d6	592	ProSitePatterns	PS00107	Protein kinases ATP-binding region signature.	275	302	-	T	03-04-2026	IPR017441	Protein kinase, ATP binding site	-	-
Tgfbr2-202	07492d3f5aadb9b9f5fd403accb170d6	592	CDD	cd14055	STKc_TGFbR2_like	273	567	0.0	T	03-04-2026	-	-	-	-
Tgfbr2-202	07492d3f5aadb9b9f5fd403accb170d6	592	MobiDBLite	mobidb-lite	consensus disorder prediction	570	592	-	T	03-04-2026	-	-	-	-
Tgfbr2-202	07492d3f5aadb9b9f5fd403accb170d6	592	PRINTS	PR00653	Activin type II receptor signature	149	172	7.6E-14	T	03-04-2026	IPR000333	Ser/Thr protein kinase, TGFB receptor	-	-
Tgfbr2-202	07492d3f5aadb9b9f5fd403accb170d6	592	PRINTS	PR00653	Activin type II receptor signature	413	434	7.6E-14	T	03-04-2026	IPR000333	Ser/Thr protein kinase, TGFB receptor	-	-
Tgfbr2-202	07492d3f5aadb9b9f5fd403accb170d6	592	PRINTS	PR00653	Activin type II receptor signature	534	553	7.6E-14	T	03-04-2026	IPR000333	Ser/Thr protein kinase, TGFB receptor	-	-
Tgfbr2-202	07492d3f5aadb9b9f5fd403accb170d6	592	FunFam	G3DSA:3.30.200.20:FF:000213	TGF-beta receptor type-2	259	354	1.7E-52	T	03-04-2026	-	-	-	-
Tgfbr2-202	07492d3f5aadb9b9f5fd403accb170d6	592	FunFam	G3DSA:1.10.510.10:FF:000260	TGF-beta receptor type-2	355	573	0.0	T	03-04-2026	-	-	-	-
Tgfbr2-202	07492d3f5aadb9b9f5fd403accb170d6	592	Pfam	PF07714	Protein tyrosine and serine/threonine kinase	269	562	2.9E-31	T	03-04-2026	IPR001245	Serine-threonine/tyrosine-protein kinase, catalytic domain	-	-
Tgfbr2-202	07492d3f5aadb9b9f5fd403accb170d6	592	SMART	SM00220	serkin_6	269	564	1.4E-24	T	03-04-2026	IPR000719	Protein kinase domain	-	-
Tgfbr2-202	07492d3f5aadb9b9f5fd403accb170d6	592	SUPERFAMILY	SSF56112	Protein kinase-like (PK-like)	269	562	7.19E-62	T	03-04-2026	IPR011009	Protein kinase-like domain superfamily	-	-
Tgfbr2-202	07492d3f5aadb9b9f5fd403accb170d6	592	FunFam	G3DSA:2.10.60.10:FF:000009	TGF-beta receptor type-2	63	178	8.1E-60	T	03-04-2026	-	-	-	-
Tgfbr2-202	07492d3f5aadb9b9f5fd403accb170d6	592	TMHMM	TMhelix	Region of a membrane-bound protein predicted to be embedded in the membrane.	189	211	-	T	03-04-2026	-	-	-	-
Tgfbr2-202	07492d3f5aadb9b9f5fd403accb170d6	592	SignalP_EUK	SignalP-noTM	SignalP-noTM	1	23	-	T	03-04-2026	-	-	-	-
Tgfbr2-202	07492d3f5aadb9b9f5fd403accb170d6	592	Gene3D	G3DSA:3.30.200.20	Phosphorylase Kinase; domain 1	259	354	1.5E-39	T	03-04-2026	-	-	-	-
Tgfbr2-202	07492d3f5aadb9b9f5fd403accb170d6	592	PANTHER	PTHR23255	TRANSFORMING GROWTH FACTOR-BETA RECEPTOR TYPE I AND II	72	568	0.0	T	03-04-2026	IPR000333	Ser/Thr protein kinase, TGFB receptor	-	-
Tgfbr2-202	07492d3f5aadb9b9f5fd403accb170d6	592	Gene3D	G3DSA:2.10.60.10	CD59	63	178	1.9E-47	T	03-04-2026	IPR045860	Snake toxin-like superfamily	-	-
Tgfbr2-202	07492d3f5aadb9b9f5fd403accb170d6	592	ProSitePatterns	PS00108	Serine/Threonine protein kinases active-site signature.	400	412	-	T	03-04-2026	IPR008271	Serine/threonine-protein kinase, active site	-	-
Tgfbr2-202	07492d3f5aadb9b9f5fd403accb170d6	592	Phobius	CYTOPLASMIC_DOMAIN	Region of a membrane-bound protein predicted to be outside the membrane, in the cytoplasm.	215	592	-	T	03-04-2026	-	-	-	-
Tgfbr2-202	07492d3f5aadb9b9f5fd403accb170d6	592	ProSiteProfiles	PS50011	Protein kinase domain profile.	269	571	39.650829	T	03-04-2026	IPR000719	Protein kinase domain	-	-
Tgfbr2-201	46678ad063d1a074b40ad3375dab5e1a	567	Gene3D	G3DSA:3.30.200.20	Phosphorylase Kinase; domain 1	234	329	1.4E-39	T	03-04-2026	-	-	-	-
Tgfbr2-201	46678ad063d1a074b40ad3375dab5e1a	567	CDD	cd14055	STKc_TGFbR2_like	248	542	0.0	T	03-04-2026	-	-	-	-
Tgfbr2-201	46678ad063d1a074b40ad3375dab5e1a	567	Phobius	NON_CYTOPLASMIC_DOMAIN	Region of a membrane-bound protein predicted to be outside the membrane, in the extracellular region.	1	159	-	T	03-04-2026	-	-	-	-
Tgfbr2-201	46678ad063d1a074b40ad3375dab5e1a	567	ProSiteProfiles	PS50011	Protein kinase domain profile.	244	546	39.650829	T	03-04-2026	IPR000719	Protein kinase domain	-	-
Tgfbr2-201	46678ad063d1a074b40ad3375dab5e1a	567	MobiDBLite	mobidb-lite	consensus disorder prediction	545	567	-	T	03-04-2026	-	-	-	-
Tgfbr2-201	46678ad063d1a074b40ad3375dab5e1a	567	FunFam	G3DSA:3.30.200.20:FF:000213	TGF-beta receptor type-2	234	329	1.6E-52	T	03-04-2026	-	-	-	-
Tgfbr2-201	46678ad063d1a074b40ad3375dab5e1a	567	Gene3D	G3DSA:2.10.60.10	CD59	38	153	1.7E-47	T	03-04-2026	IPR045860	Snake toxin-like superfamily	-	-
Tgfbr2-201	46678ad063d1a074b40ad3375dab5e1a	567	PANTHER	PTHR23255	TRANSFORMING GROWTH FACTOR-BETA RECEPTOR TYPE I AND II	47	543	0.0	T	03-04-2026	IPR000333	Ser/Thr protein kinase, TGFB receptor	-	-
Tgfbr2-201	46678ad063d1a074b40ad3375dab5e1a	567	SignalP_EUK	SignalP-noTM	SignalP-noTM	1	23	-	T	03-04-2026	-	-	-	-
Tgfbr2-201	46678ad063d1a074b40ad3375dab5e1a	567	Pfam	PF08917	Transforming growth factor beta receptor 2 ectodomain	49	157	1.4E-40	T	03-04-2026	IPR015013	Transforming growth factor beta receptor 2 ectodomain	-	-
Tgfbr2-201	46678ad063d1a074b40ad3375dab5e1a	567	SUPERFAMILY	SSF56112	Protein kinase-like (PK-like)	244	537	6.52E-62	T	03-04-2026	IPR011009	Protein kinase-like domain superfamily	-	-
Tgfbr2-201	46678ad063d1a074b40ad3375dab5e1a	567	ProSitePatterns	PS00107	Protein kinases ATP-binding region signature.	250	277	-	T	03-04-2026	IPR017441	Protein kinase, ATP binding site	-	-
Tgfbr2-201	46678ad063d1a074b40ad3375dab5e1a	567	Phobius	CYTOPLASMIC_DOMAIN	Region of a membrane-bound protein predicted to be outside the membrane, in the cytoplasm.	190	567	-	T	03-04-2026	-	-	-	-
Tgfbr2-201	46678ad063d1a074b40ad3375dab5e1a	567	SMART	SM00220	serkin_6	244	539	1.4E-24	T	03-04-2026	IPR000719	Protein kinase domain	-	-
Tgfbr2-201	46678ad063d1a074b40ad3375dab5e1a	567	FunFam	G3DSA:1.10.510.10:FF:000260	TGF-beta receptor type-2	330	548	0.0	T	03-04-2026	-	-	-	-
Tgfbr2-201	46678ad063d1a074b40ad3375dab5e1a	567	ProSitePatterns	PS00108	Serine/Threonine protein kinases active-site signature.	375	387	-	T	03-04-2026	IPR008271	Serine/threonine-protein kinase, active site	-	-
Tgfbr2-201	46678ad063d1a074b40ad3375dab5e1a	567	Gene3D	G3DSA:1.10.510.10	Transferase(Phosphotransferase) domain 1	330	548	6.8E-64	T	03-04-2026	-	-	-	-
Tgfbr2-201	46678ad063d1a074b40ad3375dab5e1a	567	PRINTS	PR00653	Activin type II receptor signature	124	147	6.8E-14	T	03-04-2026	IPR000333	Ser/Thr protein kinase, TGFB receptor	-	-
Tgfbr2-201	46678ad063d1a074b40ad3375dab5e1a	567	PRINTS	PR00653	Activin type II receptor signature	388	409	6.8E-14	T	03-04-2026	IPR000333	Ser/Thr protein kinase, TGFB receptor	-	-
Tgfbr2-201	46678ad063d1a074b40ad3375dab5e1a	567	PRINTS	PR00653	Activin type II receptor signature	509	528	6.8E-14	T	03-04-2026	IPR000333	Ser/Thr protein kinase, TGFB receptor	-	-
Tgfbr2-201	46678ad063d1a074b40ad3375dab5e1a	567	FunFam	G3DSA:2.10.60.10:FF:000009	TGF-beta receptor type-2	38	153	7.5E-60	T	03-04-2026	-	-	-	-
Tgfbr2-201	46678ad063d1a074b40ad3375dab5e1a	567	SUPERFAMILY	SSF57302	Snake toxin-like	40	157	4.12E-51	T	03-04-2026	IPR045860	Snake toxin-like superfamily	-	-
Tgfbr2-201	46678ad063d1a074b40ad3375dab5e1a	567	Phobius	TRANSMEMBRANE	Region of a membrane-bound protein predicted to be embedded in the membrane.	160	189	-	T	03-04-2026	-	-	-	-
Tgfbr2-201	46678ad063d1a074b40ad3375dab5e1a	567	PIRSF	PIRSF037393	TGFRII	1	567	0.0	T	03-04-2026	IPR017194	Transforming growth factor-beta receptor, type II	-	-
Tgfbr2-201	46678ad063d1a074b40ad3375dab5e1a	567	TMHMM	TMhelix	Region of a membrane-bound protein predicted to be embedded in the membrane.	164	186	-	T	03-04-2026	-	-	-	-
Tgfbr2-201	46678ad063d1a074b40ad3375dab5e1a	567	Pfam	PF07714	Protein tyrosine and serine/threonine kinase	244	537	2.6E-31	T	03-04-2026	IPR001245	Serine-threonine/tyrosine-protein kinase, catalytic domain	-	-
Tgfbr2-201	46678ad063d1a074b40ad3375dab5e1a	567	CDD	cd23538	TFP_LU_ECD_TGFR2	49	149	3.30052E-51	T	03-04-2026	IPR015013	Transforming growth factor beta receptor 2 ectodomain	-	-
Csf1-201	01f800bc45963a1f219785435b62bd86	552	Gene3D	G3DSA:1.20.1250.10	-	26	179	1.6E-64	T	03-04-2026	IPR009079	Four-helical cytokine-like, core	-	-
Csf1-201	01f800bc45963a1f219785435b62bd86	552	MobiDBLite	mobidb-lite	consensus disorder prediction	254	267	-	T	03-04-2026	-	-	-	-
Csf1-201	01f800bc45963a1f219785435b62bd86	552	PANTHER	PTHR10058	MACROPHAGE COLONY STIMULATING FACTOR	1	552	0.0	T	03-04-2026	IPR008001	Macrophage colony stimulating factor-1	-	-
Csf1-201	01f800bc45963a1f219785435b62bd86	552	Coils	Coil	Coil	105	125	-	T	03-04-2026	-	-	-	-
Csf1-201	01f800bc45963a1f219785435b62bd86	552	Phobius	SIGNAL_PEPTIDE_H_REGION	Hydrophobic region of a signal peptide.	20	27	-	T	03-04-2026	-	-	-	-
Csf1-201	01f800bc45963a1f219785435b62bd86	552	SUPERFAMILY	SSF47266	4-helical cytokines	36	182	1.18E-72	T	03-04-2026	IPR009079	Four-helical cytokine-like, core	-	-
Csf1-201	01f800bc45963a1f219785435b62bd86	552	MobiDBLite	mobidb-lite	consensus disorder prediction	197	207	-	T	03-04-2026	-	-	-	-
Csf1-201	01f800bc45963a1f219785435b62bd86	552	Phobius	TRANSMEMBRANE	Region of a membrane-bound protein predicted to be embedded in the membrane.	494	515	-	T	03-04-2026	-	-	-	-
Csf1-201	01f800bc45963a1f219785435b62bd86	552	MobiDBLite	mobidb-lite	consensus disorder prediction	543	552	-	T	03-04-2026	-	-	-	-
Csf1-201	01f800bc45963a1f219785435b62bd86	552	MobiDBLite	mobidb-lite	consensus disorder prediction	525	552	-	T	03-04-2026	-	-	-	-
Csf1-201	01f800bc45963a1f219785435b62bd86	552	Phobius	CYTOPLASMIC_DOMAIN	Region of a membrane-bound protein predicted to be outside the membrane, in the cytoplasm.	516	552	-	T	03-04-2026	-	-	-	-
Csf1-201	01f800bc45963a1f219785435b62bd86	552	SignalP_EUK	SignalP-noTM	SignalP-noTM	1	32	-	T	03-04-2026	-	-	-	-
Csf1-201	01f800bc45963a1f219785435b62bd86	552	PIRSF	PIRSF001948	MCSF	1	552	0.0	T	03-04-2026	IPR008001	Macrophage colony stimulating factor-1	-	-
Csf1-201	01f800bc45963a1f219785435b62bd86	552	MobiDBLite	mobidb-lite	consensus disorder prediction	350	364	-	T	03-04-2026	-	-	-	-
Csf1-201	01f800bc45963a1f219785435b62bd86	552	MobiDBLite	mobidb-lite	consensus disorder prediction	382	396	-	T	03-04-2026	-	-	-	-
Csf1-201	01f800bc45963a1f219785435b62bd86	552	MobiDBLite	mobidb-lite	consensus disorder prediction	197	293	-	T	03-04-2026	-	-	-	-
Csf1-201	01f800bc45963a1f219785435b62bd86	552	Phobius	SIGNAL_PEPTIDE	Signal peptide region	1	32	-	T	03-04-2026	-	-	-	-
Csf1-201	01f800bc45963a1f219785435b62bd86	552	MobiDBLite	mobidb-lite	consensus disorder prediction	439	465	-	T	03-04-2026	-	-	-	-
Csf1-201	01f800bc45963a1f219785435b62bd86	552	Phobius	SIGNAL_PEPTIDE_C_REGION	C-terminal region of a signal peptide.	28	32	-	T	03-04-2026	-	-	-	-
Csf1-201	01f800bc45963a1f219785435b62bd86	552	MobiDBLite	mobidb-lite	consensus disorder prediction	439	450	-	T	03-04-2026	-	-	-	-
Csf1-201	01f800bc45963a1f219785435b62bd86	552	MobiDBLite	mobidb-lite	consensus disorder prediction	268	278	-	T	03-04-2026	-	-	-	-
Csf1-201	01f800bc45963a1f219785435b62bd86	552	Pfam	PF05337	Macrophage colony stimulating factor-1 (CSF-1)	41	180	4.2E-88	T	03-04-2026	IPR008001	Macrophage colony stimulating factor-1	-	-
Csf1-201	01f800bc45963a1f219785435b62bd86	552	Phobius	NON_CYTOPLASMIC_DOMAIN	Region of a membrane-bound protein predicted to be outside the membrane, in the extracellular region.	33	493	-	T	03-04-2026	-	-	-	-
Csf1-201	01f800bc45963a1f219785435b62bd86	552	FunFam	G3DSA:1.20.1250.10:FF:000010	Macrophage colony-stimulating factor 1	26	179	9.3E-91	T	03-04-2026	-	-	-	-
Csf1-201	01f800bc45963a1f219785435b62bd86	552	TMHMM	TMhelix	Region of a membrane-bound protein predicted to be embedded in the membrane.	493	515	-	T	03-04-2026	-	-	-	-
Csf1-201	01f800bc45963a1f219785435b62bd86	552	MobiDBLite	mobidb-lite	consensus disorder prediction	321	412	-	T	03-04-2026	-	-	-	-
Csf1-201	01f800bc45963a1f219785435b62bd86	552	Phobius	SIGNAL_PEPTIDE_N_REGION	N-terminal region of a signal peptide.	1	19	-	T	03-04-2026	-	-	-	-
Csf1-203	01f800bc45963a1f219785435b62bd86	552	SignalP_EUK	SignalP-noTM	SignalP-noTM	1	32	-	T	03-04-2026	-	-	-	-
Csf1-203	01f800bc45963a1f219785435b62bd86	552	Gene3D	G3DSA:1.20.1250.10	-	26	179	1.6E-64	T	03-04-2026	IPR009079	Four-helical cytokine-like, core	-	-
Csf1-203	01f800bc45963a1f219785435b62bd86	552	MobiDBLite	mobidb-lite	consensus disorder prediction	254	267	-	T	03-04-2026	-	-	-	-
Csf1-203	01f800bc45963a1f219785435b62bd86	552	PANTHER	PTHR10058	MACROPHAGE COLONY STIMULATING FACTOR	1	552	0.0	T	03-04-2026	IPR008001	Macrophage colony stimulating factor-1	-	-
Csf1-203	01f800bc45963a1f219785435b62bd86	552	Coils	Coil	Coil	105	125	-	T	03-04-2026	-	-	-	-
Csf1-203	01f800bc45963a1f219785435b62bd86	552	Phobius	SIGNAL_PEPTIDE_H_REGION	Hydrophobic region of a signal peptide.	20	27	-	T	03-04-2026	-	-	-	-
Csf1-203	01f800bc45963a1f219785435b62bd86	552	SUPERFAMILY	SSF47266	4-helical cytokines	36	182	1.18E-72	T	03-04-2026	IPR009079	Four-helical cytokine-like, core	-	-
Csf1-203	01f800bc45963a1f219785435b62bd86	552	MobiDBLite	mobidb-lite	consensus disorder prediction	197	207	-	T	03-04-2026	-	-	-	-
Csf1-203	01f800bc45963a1f219785435b62bd86	552	Phobius	TRANSMEMBRANE	Region of a membrane-bound protein predicted to be embedded in the membrane.	494	515	-	T	03-04-2026	-	-	-	-
Csf1-203	01f800bc45963a1f219785435b62bd86	552	MobiDBLite	mobidb-lite	consensus disorder prediction	543	552	-	T	03-04-2026	-	-	-	-
Csf1-203	01f800bc45963a1f219785435b62bd86	552	MobiDBLite	mobidb-lite	consensus disorder prediction	525	552	-	T	03-04-2026	-	-	-	-
Csf1-203	01f800bc45963a1f219785435b62bd86	552	Phobius	CYTOPLASMIC_DOMAIN	Region of a membrane-bound protein predicted to be outside the membrane, in the cytoplasm.	516	552	-	T	03-04-2026	-	-	-	-
Csf1-203	01f800bc45963a1f219785435b62bd86	552	PIRSF	PIRSF001948	MCSF	1	552	0.0	T	03-04-2026	IPR008001	Macrophage colony stimulating factor-1	-	-
Csf1-203	01f800bc45963a1f219785435b62bd86	552	MobiDBLite	mobidb-lite	consensus disorder prediction	350	364	-	T	03-04-2026	-	-	-	-
Csf1-203	01f800bc45963a1f219785435b62bd86	552	MobiDBLite	mobidb-lite	consensus disorder prediction	382	396	-	T	03-04-2026	-	-	-	-
Csf1-203	01f800bc45963a1f219785435b62bd86	552	MobiDBLite	mobidb-lite	consensus disorder prediction	197	293	-	T	03-04-2026	-	-	-	-
Csf1-203	01f800bc45963a1f219785435b62bd86	552	Phobius	SIGNAL_PEPTIDE	Signal peptide region	1	32	-	T	03-04-2026	-	-	-	-
Csf1-203	01f800bc45963a1f219785435b62bd86	552	MobiDBLite	mobidb-lite	consensus disorder prediction	439	465	-	T	03-04-2026	-	-	-	-
Csf1-203	01f800bc45963a1f219785435b62bd86	552	Phobius	SIGNAL_PEPTIDE_C_REGION	C-terminal region of a signal peptide.	28	32	-	T	03-04-2026	-	-	-	-
Csf1-203	01f800bc45963a1f219785435b62bd86	552	MobiDBLite	mobidb-lite	consensus disorder prediction	439	450	-	T	03-04-2026	-	-	-	-
Csf1-203	01f800bc45963a1f219785435b62bd86	552	MobiDBLite	mobidb-lite	consensus disorder prediction	268	278	-	T	03-04-2026	-	-	-	-
Csf1-203	01f800bc45963a1f219785435b62bd86	552	Pfam	PF05337	Macrophage colony stimulating factor-1 (CSF-1)	41	180	4.2E-88	T	03-04-2026	IPR008001	Macrophage colony stimulating factor-1	-	-
Csf1-203	01f800bc45963a1f219785435b62bd86	552	Phobius	NON_CYTOPLASMIC_DOMAIN	Region of a membrane-bound protein predicted to be outside the membrane, in the extracellular region.	33	493	-	T	03-04-2026	-	-	-	-
Csf1-203	01f800bc45963a1f219785435b62bd86	552	FunFam	G3DSA:1.20.1250.10:FF:000010	Macrophage colony-stimulating factor 1	26	179	9.3E-91	T	03-04-2026	-	-	-	-
Csf1-203	01f800bc45963a1f219785435b62bd86	552	TMHMM	TMhelix	Region of a membrane-bound protein predicted to be embedded in the membrane.	493	515	-	T	03-04-2026	-	-	-	-
Csf1-203	01f800bc45963a1f219785435b62bd86	552	MobiDBLite	mobidb-lite	consensus disorder prediction	321	412	-	T	03-04-2026	-	-	-	-
Csf1-203	01f800bc45963a1f219785435b62bd86	552	Phobius	SIGNAL_PEPTIDE_N_REGION	N-terminal region of a signal peptide.	1	19	-	T	03-04-2026	-	-	-	-
Il10ra-201	a5401ba0df91e69a4835fcbb82176f37	575	FunFam	G3DSA:2.60.40.10:FF:001488	Interleukin-10 receptor subunit alpha	128	238	1.9E-46	T	03-04-2026	-	-	-	-
Il10ra-201	a5401ba0df91e69a4835fcbb82176f37	575	Phobius	SIGNAL_PEPTIDE	Signal peptide region	1	23	-	T	03-04-2026	-	-	-	-
Il10ra-201	a5401ba0df91e69a4835fcbb82176f37	575	Phobius	CYTOPLASMIC_DOMAIN	Region of a membrane-bound protein predicted to be outside the membrane, in the cytoplasm.	263	575	-	T	03-04-2026	-	-	-	-
Il10ra-201	a5401ba0df91e69a4835fcbb82176f37	575	Gene3D	G3DSA:2.60.40.10	Immunoglobulins	22	127	7.4E-30	T	03-04-2026	IPR013783	Immunoglobulin-like fold	-	-
Il10ra-201	a5401ba0df91e69a4835fcbb82176f37	575	SUPERFAMILY	SSF49265	Fibronectin type III	125	229	1.36E-45	T	03-04-2026	IPR036116	Fibronectin type III superfamily	-	-
Il10ra-201	a5401ba0df91e69a4835fcbb82176f37	575	FunFam	G3DSA:2.60.40.10:FF:000348	Interleukin 20 receptor subunit alpha	22	127	7.7E-32	T	03-04-2026	-	-	-	-
Il10ra-201	a5401ba0df91e69a4835fcbb82176f37	575	Phobius	SIGNAL_PEPTIDE_H_REGION	Hydrophobic region of a signal peptide.	5	15	-	T	03-04-2026	-	-	-	-
Il10ra-201	a5401ba0df91e69a4835fcbb82176f37	575	SignalP_EUK	SignalP-noTM	SignalP-noTM	1	23	-	T	03-04-2026	-	-	-	-
Il10ra-201	a5401ba0df91e69a4835fcbb82176f37	575	Pfam	PF01108	Tissue factor	7	114	2.4E-25	T	03-04-2026	IPR003961	Fibronectin type III	-	-
Il10ra-201	a5401ba0df91e69a4835fcbb82176f37	575	TMHMM	TMhelix	Region of a membrane-bound protein predicted to be embedded in the membrane.	239	261	-	T	03-04-2026	-	-	-	-
Il10ra-201	a5401ba0df91e69a4835fcbb82176f37	575	Phobius	TRANSMEMBRANE	Region of a membrane-bound protein predicted to be embedded in the membrane.	239	262	-	T	03-04-2026	-	-	-	-
Il10ra-201	a5401ba0df91e69a4835fcbb82176f37	575	Phobius	NON_CYTOPLASMIC_DOMAIN	Region of a membrane-bound protein predicted to be outside the membrane, in the extracellular region.	24	238	-	T	03-04-2026	-	-	-	-
Il10ra-201	a5401ba0df91e69a4835fcbb82176f37	575	Phobius	SIGNAL_PEPTIDE_C_REGION	C-terminal region of a signal peptide.	16	23	-	T	03-04-2026	-	-	-	-
Il10ra-201	a5401ba0df91e69a4835fcbb82176f37	575	SUPERFAMILY	SSF49265	Fibronectin type III	26	118	1.27E-18	T	03-04-2026	IPR036116	Fibronectin type III superfamily	-	-
Il10ra-201	a5401ba0df91e69a4835fcbb82176f37	575	Gene3D	G3DSA:2.60.40.10	Immunoglobulins	128	238	2.7E-37	T	03-04-2026	IPR013783	Immunoglobulin-like fold	-	-
Il10ra-201	a5401ba0df91e69a4835fcbb82176f37	575	Phobius	SIGNAL_PEPTIDE_N_REGION	N-terminal region of a signal peptide.	1	4	-	T	03-04-2026	-	-	-	-
Il10ra-201	a5401ba0df91e69a4835fcbb82176f37	575	PANTHER	PTHR20859	INTERFERON/INTERLEUKIN RECEPTOR	11	424	1.2E-40	T	03-04-2026	-	-	-	-
Il10ra-202	252495af988545de450957c63fb4eee8	573	FunFam	G3DSA:2.60.40.10:FF:000348	Interleukin 20 receptor subunit alpha	20	125	1.1E-31	T	03-04-2026	-	-	-	-
Il10ra-202	252495af988545de450957c63fb4eee8	573	Phobius	SIGNAL_PEPTIDE_H_REGION	Hydrophobic region of a signal peptide.	5	17	-	T	03-04-2026	-	-	-	-
Il10ra-202	252495af988545de450957c63fb4eee8	573	Phobius	SIGNAL_PEPTIDE	Signal peptide region	1	21	-	T	03-04-2026	-	-	-	-
Il10ra-202	252495af988545de450957c63fb4eee8	573	TMHMM	TMhelix	Region of a membrane-bound protein predicted to be embedded in the membrane.	237	259	-	T	03-04-2026	-	-	-	-
Il10ra-202	252495af988545de450957c63fb4eee8	573	Phobius	TRANSMEMBRANE	Region of a membrane-bound protein predicted to be embedded in the membrane.	237	260	-	T	03-04-2026	-	-	-	-
Il10ra-202	252495af988545de450957c63fb4eee8	573	Phobius	NON_CYTOPLASMIC_DOMAIN	Region of a membrane-bound protein predicted to be outside the membrane, in the extracellular region.	22	236	-	T	03-04-2026	-	-	-	-
Il10ra-202	252495af988545de450957c63fb4eee8	573	FunFam	G3DSA:2.60.40.10:FF:001488	Interleukin-10 receptor subunit alpha	126	236	1.9E-46	T	03-04-2026	-	-	-	-
Il10ra-202	252495af988545de450957c63fb4eee8	573	Pfam	PF01108	Tissue factor	16	112	1.2E-23	T	03-04-2026	IPR003961	Fibronectin type III	-	-
Il10ra-202	252495af988545de450957c63fb4eee8	573	SignalP_EUK	SignalP-noTM	SignalP-noTM	1	21	-	T	03-04-2026	-	-	-	-
Il10ra-202	252495af988545de450957c63fb4eee8	573	PANTHER	PTHR20859	INTERFERON/INTERLEUKIN RECEPTOR	11	422	4.3E-40	T	03-04-2026	-	-	-	-
Il10ra-202	252495af988545de450957c63fb4eee8	573	SUPERFAMILY	SSF49265	Fibronectin type III	24	116	1.01E-18	T	03-04-2026	IPR036116	Fibronectin type III superfamily	-	-
Il10ra-202	252495af988545de450957c63fb4eee8	573	Gene3D	G3DSA:2.60.40.10	Immunoglobulins	21	125	2.7E-29	T	03-04-2026	IPR013783	Immunoglobulin-like fold	-	-
Il10ra-202	252495af988545de450957c63fb4eee8	573	Gene3D	G3DSA:2.60.40.10	Immunoglobulins	126	236	2.6E-37	T	03-04-2026	IPR013783	Immunoglobulin-like fold	-	-
Il10ra-202	252495af988545de450957c63fb4eee8	573	SUPERFAMILY	SSF49265	Fibronectin type III	123	227	1.33E-45	T	03-04-2026	IPR036116	Fibronectin type III superfamily	-	-
Il10ra-202	252495af988545de450957c63fb4eee8	573	Phobius	SIGNAL_PEPTIDE_C_REGION	C-terminal region of a signal peptide.	18	21	-	T	03-04-2026	-	-	-	-
Il10ra-202	252495af988545de450957c63fb4eee8	573	Phobius	CYTOPLASMIC_DOMAIN	Region of a membrane-bound protein predicted to be outside the membrane, in the cytoplasm.	261	573	-	T	03-04-2026	-	-	-	-
Il10ra-202	252495af988545de450957c63fb4eee8	573	Phobius	SIGNAL_PEPTIDE_N_REGION	N-terminal region of a signal peptide.	1	4	-	T	03-04-2026	-	-	-	-
Il17ra-201	6f5d0cc0f7f25eac81b5215e18f63ee8	864	ProSiteProfiles	PS51534	SEFIR domain profile.	379	537	37.002869	T	03-04-2026	IPR013568	SEFIR domain	-	-
Il17ra-201	6f5d0cc0f7f25eac81b5215e18f63ee8	864	FunFam	G3DSA:2.60.40.2160:FF:000001	Interleukin 17 receptor A	33	198	3.8E-98	T	03-04-2026	-	-	-	-
Il17ra-201	6f5d0cc0f7f25eac81b5215e18f63ee8	864	Phobius	SIGNAL_PEPTIDE_H_REGION	Hydrophobic region of a signal peptide.	15	26	-	T	03-04-2026	-	-	-	-
Il17ra-201	6f5d0cc0f7f25eac81b5215e18f63ee8	864	Phobius	SIGNAL_PEPTIDE_C_REGION	C-terminal region of a signal peptide.	27	44	-	T	03-04-2026	-	-	-	-
Il17ra-201	6f5d0cc0f7f25eac81b5215e18f63ee8	864	SignalP_EUK	SignalP-noTM	SignalP-noTM	1	31	-	T	03-04-2026	-	-	-	-
Il17ra-201	6f5d0cc0f7f25eac81b5215e18f63ee8	864	Gene3D	G3DSA:3.40.50.11530	-	377	544	1.7E-42	T	03-04-2026	-	-	-	-
Il17ra-201	6f5d0cc0f7f25eac81b5215e18f63ee8	864	Phobius	TRANSMEMBRANE	Region of a membrane-bound protein predicted to be embedded in the membrane.	321	347	-	T	03-04-2026	-	-	-	-
Il17ra-201	6f5d0cc0f7f25eac81b5215e18f63ee8	864	Phobius	NON_CYTOPLASMIC_DOMAIN	Region of a membrane-bound protein predicted to be outside the membrane, in the extracellular region.	45	320	-	T	03-04-2026	-	-	-	-
Il17ra-201	6f5d0cc0f7f25eac81b5215e18f63ee8	864	MobiDBLite	mobidb-lite	consensus disorder prediction	787	800	-	T	03-04-2026	-	-	-	-
Il17ra-201	6f5d0cc0f7f25eac81b5215e18f63ee8	864	TMHMM	TMhelix	Region of a membrane-bound protein predicted to be embedded in the membrane.	321	343	-	T	03-04-2026	-	-	-	-
Il17ra-201	6f5d0cc0f7f25eac81b5215e18f63ee8	864	Gene3D	G3DSA:2.60.40.2160	-	33	198	6.7E-60	T	03-04-2026	IPR038683	Interleukin-17 receptor A/B, FnIII-like domain 1 superfamily	-	-
Il17ra-201	6f5d0cc0f7f25eac81b5215e18f63ee8	864	PANTHER	PTHR15583	INTERLEUKIN-17 RECEPTOR	16	615	0.0	T	03-04-2026	IPR039465	Interleukin-17 receptor-like	-	-
Il17ra-201	6f5d0cc0f7f25eac81b5215e18f63ee8	864	MobiDBLite	mobidb-lite	consensus disorder prediction	807	817	-	T	03-04-2026	-	-	-	-
Il17ra-201	6f5d0cc0f7f25eac81b5215e18f63ee8	864	FunFam	G3DSA:2.60.40.2150:FF:000002	Interleukin 17 receptor A	199	303	3.5E-52	T	03-04-2026	-	-	-	-
Il17ra-201	6f5d0cc0f7f25eac81b5215e18f63ee8	864	Pfam	PF16556	IL17RA/B, N-terminal domain	36	187	3.9E-60	T	03-04-2026	IPR032356	IL17RA/B, N-terminal domain	-	-
Il17ra-201	6f5d0cc0f7f25eac81b5215e18f63ee8	864	FunFam	G3DSA:3.40.50.11530:FF:000002	Interleukin 17 receptor A	377	545	1.2E-91	T	03-04-2026	-	-	-	-
Il17ra-201	6f5d0cc0f7f25eac81b5215e18f63ee8	864	Gene3D	G3DSA:2.60.40.2150	-	199	303	2.5E-36	T	03-04-2026	IPR043046	Interleukin-17 receptor A/B, FnIII-like domain 2 superfamily	-	-
Il17ra-201	6f5d0cc0f7f25eac81b5215e18f63ee8	864	Pfam	PF16578	IL17RD, second fnIII domain	199	303	5.4E-48	T	03-04-2026	-	-	-	-
Il17ra-201	6f5d0cc0f7f25eac81b5215e18f63ee8	864	Phobius	SIGNAL_PEPTIDE_N_REGION	N-terminal region of a signal peptide.	1	14	-	T	03-04-2026	-	-	-	-
Il17ra-201	6f5d0cc0f7f25eac81b5215e18f63ee8	864	Pfam	PF08357	SEFIR domain	380	538	7.7E-45	T	03-04-2026	IPR013568	SEFIR domain	-	-
Il17ra-201	6f5d0cc0f7f25eac81b5215e18f63ee8	864	Phobius	SIGNAL_PEPTIDE	Signal peptide region	1	44	-	T	03-04-2026	-	-	-	-
Il17ra-201	6f5d0cc0f7f25eac81b5215e18f63ee8	864	MobiDBLite	mobidb-lite	consensus disorder prediction	778	824	-	T	03-04-2026	-	-	-	-
Il17ra-201	6f5d0cc0f7f25eac81b5215e18f63ee8	864	Phobius	CYTOPLASMIC_DOMAIN	Region of a membrane-bound protein predicted to be outside the membrane, in the cytoplasm.	348	864	-	T	03-04-2026	-	-	-	-
Il4ra-201	02f4bd466a716a53adf4c1be66883f7f	810	Phobius	SIGNAL_PEPTIDE_C_REGION	C-terminal region of a signal peptide.	20	30	-	T	03-04-2026	-	-	-	-
Il4ra-201	02f4bd466a716a53adf4c1be66883f7f	810	SignalP_EUK	SignalP-noTM	SignalP-noTM	1	30	-	T	03-04-2026	-	-	-	-
Il4ra-201	02f4bd466a716a53adf4c1be66883f7f	810	Phobius	NON_CYTOPLASMIC_DOMAIN	Region of a membrane-bound protein predicted to be outside the membrane, in the extracellular region.	31	233	-	T	03-04-2026	-	-	-	-
Il4ra-201	02f4bd466a716a53adf4c1be66883f7f	810	Gene3D	G3DSA:2.60.40.10	Immunoglobulins	26	122	9.5E-27	T	03-04-2026	IPR013783	Immunoglobulin-like fold	-	-
Il4ra-201	02f4bd466a716a53adf4c1be66883f7f	810	MobiDBLite	mobidb-lite	consensus disorder prediction	510	546	-	T	03-04-2026	-	-	-	-
Il4ra-201	02f4bd466a716a53adf4c1be66883f7f	810	MobiDBLite	mobidb-lite	consensus disorder prediction	635	647	-	T	03-04-2026	-	-	-	-
Il4ra-201	02f4bd466a716a53adf4c1be66883f7f	810	PANTHER	PTHR23037	CYTOKINE RECEPTOR	21	664	1.9E-56	T	03-04-2026	-	-	-	-
Il4ra-201	02f4bd466a716a53adf4c1be66883f7f	810	Phobius	TRANSMEMBRANE	Region of a membrane-bound protein predicted to be embedded in the membrane.	234	256	-	T	03-04-2026	-	-	-	-
Il4ra-201	02f4bd466a716a53adf4c1be66883f7f	810	ProSiteProfiles	PS50853	Fibronectin type-III domain profile.	126	224	11.077272	T	03-04-2026	IPR003961	Fibronectin type III	-	-
Il4ra-201	02f4bd466a716a53adf4c1be66883f7f	810	MobiDBLite	mobidb-lite	consensus disorder prediction	586	672	-	T	03-04-2026	-	-	-	-
Il4ra-201	02f4bd466a716a53adf4c1be66883f7f	810	Pfam	PF09238	Interleukin-4 receptor alpha chain, N-terminal	28	122	9.2E-36	T	03-04-2026	IPR015319	Interleukin-4 receptor alpha, N-terminal	-	-
Il4ra-201	02f4bd466a716a53adf4c1be66883f7f	810	Phobius	SIGNAL_PEPTIDE	Signal peptide region	1	30	-	T	03-04-2026	-	-	-	-
Il4ra-201	02f4bd466a716a53adf4c1be66883f7f	810	MobiDBLite	mobidb-lite	consensus disorder prediction	460	482	-	T	03-04-2026	-	-	-	-
Il4ra-201	02f4bd466a716a53adf4c1be66883f7f	810	MobiDBLite	mobidb-lite	consensus disorder prediction	766	810	-	T	03-04-2026	-	-	-	-
Il4ra-201	02f4bd466a716a53adf4c1be66883f7f	810	CDD	cd00063	FN3	124	221	3.01651E-4	T	03-04-2026	IPR003961	Fibronectin type III	-	-
Il4ra-201	02f4bd466a716a53adf4c1be66883f7f	810	Phobius	SIGNAL_PEPTIDE_N_REGION	N-terminal region of a signal peptide.	1	7	-	T	03-04-2026	-	-	-	-
Il4ra-201	02f4bd466a716a53adf4c1be66883f7f	810	ProSitePatterns	PS01355	Short hematopoietin receptor family 1 signature.	192	222	-	T	03-04-2026	IPR003531	Short hematopoietin receptor, family 1, conserved site	-	-
Il4ra-201	02f4bd466a716a53adf4c1be66883f7f	810	Phobius	SIGNAL_PEPTIDE_H_REGION	Hydrophobic region of a signal peptide.	8	19	-	T	03-04-2026	-	-	-	-
Il4ra-201	02f4bd466a716a53adf4c1be66883f7f	810	Phobius	CYTOPLASMIC_DOMAIN	Region of a membrane-bound protein predicted to be outside the membrane, in the cytoplasm.	257	810	-	T	03-04-2026	-	-	-	-
Il4ra-201	02f4bd466a716a53adf4c1be66883f7f	810	Gene3D	G3DSA:2.60.40.10	Immunoglobulins	123	232	1.0E-22	T	03-04-2026	IPR013783	Immunoglobulin-like fold	-	-
Il4ra-201	02f4bd466a716a53adf4c1be66883f7f	810	SUPERFAMILY	SSF49265	Fibronectin type III	120	222	7.46E-14	T	03-04-2026	IPR036116	Fibronectin type III superfamily	-	-
Il4ra-201	02f4bd466a716a53adf4c1be66883f7f	810	SUPERFAMILY	SSF49265	Fibronectin type III	26	122	2.35E-36	T	03-04-2026	IPR036116	Fibronectin type III superfamily	-	-
Il4ra-205	2225f944868d66fd009a69571432fccc	230	Phobius	SIGNAL_PEPTIDE_C_REGION	C-terminal region of a signal peptide.	20	30	-	T	03-04-2026	-	-	-	-
Il4ra-205	2225f944868d66fd009a69571432fccc	230	ProSiteProfiles	PS50853	Fibronectin type-III domain profile.	126	226	11.140387	T	03-04-2026	IPR003961	Fibronectin type III	-	-
Il4ra-205	2225f944868d66fd009a69571432fccc	230	PANTHER	PTHR23037	CYTOKINE RECEPTOR	21	226	6.4E-38	T	03-04-2026	-	-	-	-
Il4ra-205	2225f944868d66fd009a69571432fccc	230	Gene3D	G3DSA:2.60.40.10	Immunoglobulins	123	229	3.9E-23	T	03-04-2026	IPR013783	Immunoglobulin-like fold	-	-
Il4ra-205	2225f944868d66fd009a69571432fccc	230	Phobius	NON_CYTOPLASMIC_DOMAIN	Region of a membrane-bound protein predicted to be outside the membrane, in the extracellular region.	31	230	-	T	03-04-2026	-	-	-	-
Il4ra-205	2225f944868d66fd009a69571432fccc	230	SUPERFAMILY	SSF49265	Fibronectin type III	120	223	8.96E-15	T	03-04-2026	IPR036116	Fibronectin type III superfamily	-	-
Il4ra-205	2225f944868d66fd009a69571432fccc	230	ProSitePatterns	PS01355	Short hematopoietin receptor family 1 signature.	192	222	-	T	03-04-2026	IPR003531	Short hematopoietin receptor, family 1, conserved site	-	-
Il4ra-205	2225f944868d66fd009a69571432fccc	230	Phobius	SIGNAL_PEPTIDE	Signal peptide region	1	30	-	T	03-04-2026	-	-	-	-
Il4ra-205	2225f944868d66fd009a69571432fccc	230	CDD	cd00063	FN3	124	221	1.95354E-4	T	03-04-2026	IPR003961	Fibronectin type III	-	-
Il4ra-205	2225f944868d66fd009a69571432fccc	230	Phobius	SIGNAL_PEPTIDE_N_REGION	N-terminal region of a signal peptide.	1	7	-	T	03-04-2026	-	-	-	-
Il4ra-205	2225f944868d66fd009a69571432fccc	230	Pfam	PF09238	Interleukin-4 receptor alpha chain, N-terminal	28	122	1.0E-36	T	03-04-2026	IPR015319	Interleukin-4 receptor alpha, N-terminal	-	-
Il4ra-205	2225f944868d66fd009a69571432fccc	230	SignalP_EUK	SignalP-noTM	SignalP-noTM	1	30	-	T	03-04-2026	-	-	-	-
Il4ra-205	2225f944868d66fd009a69571432fccc	230	Phobius	SIGNAL_PEPTIDE_H_REGION	Hydrophobic region of a signal peptide.	8	19	-	T	03-04-2026	-	-	-	-
Il4ra-205	2225f944868d66fd009a69571432fccc	230	SUPERFAMILY	SSF49265	Fibronectin type III	26	122	4.69E-38	T	03-04-2026	IPR036116	Fibronectin type III superfamily	-	-
Il4ra-205	2225f944868d66fd009a69571432fccc	230	Gene3D	G3DSA:2.60.40.10	Immunoglobulins	26	122	1.0E-27	T	03-04-2026	IPR013783	Immunoglobulin-like fold	-	-
Il1rn-204	a6173179ae758ddff328fbcbb75678ee	159	FunFam	G3DSA:2.80.10.50:FF:000013	Interleukin-1	13	158	3.0E-57	T	03-04-2026	-	-	-	-
Il1rn-204	a6173179ae758ddff328fbcbb75678ee	159	SMART	SM00125	IL1_2	15	156	3.9E-70	T	03-04-2026	-	-	-	-
Il1rn-204	a6173179ae758ddff328fbcbb75678ee	159	Pfam	PF00340	Interleukin-1 / 18	42	155	2.3E-37	T	03-04-2026	IPR000975	Interleukin-1 family	-	-
Il1rn-204	a6173179ae758ddff328fbcbb75678ee	159	PRINTS	PR01360	Interleukin-1 receptor antagonist precursor IL-1RA signature	16	36	6.4E-83	T	03-04-2026	IPR003297	Interleukin-1 receptor antagonist/Interleukin-36	-	-
Il1rn-204	a6173179ae758ddff328fbcbb75678ee	159	PRINTS	PR01360	Interleukin-1 receptor antagonist precursor IL-1RA signature	37	57	6.4E-83	T	03-04-2026	IPR003297	Interleukin-1 receptor antagonist/Interleukin-36	-	-
Il1rn-204	a6173179ae758ddff328fbcbb75678ee	159	PRINTS	PR01360	Interleukin-1 receptor antagonist precursor IL-1RA signature	64	81	6.4E-83	T	03-04-2026	IPR003297	Interleukin-1 receptor antagonist/Interleukin-36	-	-
Il1rn-204	a6173179ae758ddff328fbcbb75678ee	159	PRINTS	PR01360	Interleukin-1 receptor antagonist precursor IL-1RA signature	84	99	6.4E-83	T	03-04-2026	IPR003297	Interleukin-1 receptor antagonist/Interleukin-36	-	-
Il1rn-204	a6173179ae758ddff328fbcbb75678ee	159	PRINTS	PR01360	Interleukin-1 receptor antagonist precursor IL-1RA signature	102	122	6.4E-83	T	03-04-2026	IPR003297	Interleukin-1 receptor antagonist/Interleukin-36	-	-
Il1rn-204	a6173179ae758ddff328fbcbb75678ee	159	PRINTS	PR01360	Interleukin-1 receptor antagonist precursor IL-1RA signature	123	141	6.4E-83	T	03-04-2026	IPR003297	Interleukin-1 receptor antagonist/Interleukin-36	-	-
Il1rn-204	a6173179ae758ddff328fbcbb75678ee	159	PRINTS	PR01360	Interleukin-1 receptor antagonist precursor IL-1RA signature	141	158	6.4E-83	T	03-04-2026	IPR003297	Interleukin-1 receptor antagonist/Interleukin-36	-	-
Il1rn-204	a6173179ae758ddff328fbcbb75678ee	159	ProSitePatterns	PS00253	Interleukin-1 signature.	118	138	-	T	03-04-2026	IPR020877	Interleukin-1 conserved site	-	-
Il1rn-204	a6173179ae758ddff328fbcbb75678ee	159	PANTHER	PTHR10078	INTERLEUKIN-1 FAMILY MEMBER	4	159	2.1E-63	T	03-04-2026	IPR000975	Interleukin-1 family	-	-
Il1rn-204	a6173179ae758ddff328fbcbb75678ee	159	Gene3D	G3DSA:2.80.10.50	-	8	159	8.4E-58	T	03-04-2026	-	-	-	-
Il1rn-204	a6173179ae758ddff328fbcbb75678ee	159	PRINTS	PR00264	Interleukin-1 precursor family signature	61	81	7.8E-17	T	03-04-2026	IPR000975	Interleukin-1 family	-	-
Il1rn-204	a6173179ae758ddff328fbcbb75678ee	159	PRINTS	PR00264	Interleukin-1 precursor family signature	101	114	7.8E-17	T	03-04-2026	IPR000975	Interleukin-1 family	-	-
Il1rn-204	a6173179ae758ddff328fbcbb75678ee	159	PRINTS	PR00264	Interleukin-1 precursor family signature	115	130	7.8E-17	T	03-04-2026	IPR000975	Interleukin-1 family	-	-
Il1rn-204	a6173179ae758ddff328fbcbb75678ee	159	SUPERFAMILY	SSF50353	Cytokine	15	158	4.32E-49	T	03-04-2026	IPR008996	Cytokine IL1/FGF	-	-
Il1rn-201	4fda9de7c3552ca692bb859025cfca93	178	SMART	SM00125	IL1_2	34	175	3.9E-70	T	03-04-2026	-	-	-	-
Il1rn-201	4fda9de7c3552ca692bb859025cfca93	178	Phobius	SIGNAL_PEPTIDE_C_REGION	C-terminal region of a signal peptide.	21	24	-	T	03-04-2026	-	-	-	-
Il1rn-201	4fda9de7c3552ca692bb859025cfca93	178	Phobius	SIGNAL_PEPTIDE_H_REGION	Hydrophobic region of a signal peptide.	10	20	-	T	03-04-2026	-	-	-	-
Il1rn-201	4fda9de7c3552ca692bb859025cfca93	178	ProSitePatterns	PS00253	Interleukin-1 signature.	137	157	-	T	03-04-2026	IPR020877	Interleukin-1 conserved site	-	-
Il1rn-201	4fda9de7c3552ca692bb859025cfca93	178	Gene3D	G3DSA:2.80.10.50	-	27	178	1.3E-57	T	03-04-2026	-	-	-	-
Il1rn-201	4fda9de7c3552ca692bb859025cfca93	178	FunFam	G3DSA:2.80.10.50:FF:000013	Interleukin-1	32	177	4.5E-57	T	03-04-2026	-	-	-	-
Il1rn-201	4fda9de7c3552ca692bb859025cfca93	178	PRINTS	PR01360	Interleukin-1 receptor antagonist precursor IL-1RA signature	35	55	1.1E-82	T	03-04-2026	IPR003297	Interleukin-1 receptor antagonist/Interleukin-36	-	-
Il1rn-201	4fda9de7c3552ca692bb859025cfca93	178	PRINTS	PR01360	Interleukin-1 receptor antagonist precursor IL-1RA signature	56	76	1.1E-82	T	03-04-2026	IPR003297	Interleukin-1 receptor antagonist/Interleukin-36	-	-
Il1rn-201	4fda9de7c3552ca692bb859025cfca93	178	PRINTS	PR01360	Interleukin-1 receptor antagonist precursor IL-1RA signature	83	100	1.1E-82	T	03-04-2026	IPR003297	Interleukin-1 receptor antagonist/Interleukin-36	-	-
Il1rn-201	4fda9de7c3552ca692bb859025cfca93	178	PRINTS	PR01360	Interleukin-1 receptor antagonist precursor IL-1RA signature	103	118	1.1E-82	T	03-04-2026	IPR003297	Interleukin-1 receptor antagonist/Interleukin-36	-	-
Il1rn-201	4fda9de7c3552ca692bb859025cfca93	178	PRINTS	PR01360	Interleukin-1 receptor antagonist precursor IL-1RA signature	121	141	1.1E-82	T	03-04-2026	IPR003297	Interleukin-1 receptor antagonist/Interleukin-36	-	-
Il1rn-201	4fda9de7c3552ca692bb859025cfca93	178	PRINTS	PR01360	Interleukin-1 receptor antagonist precursor IL-1RA signature	142	160	1.1E-82	T	03-04-2026	IPR003297	Interleukin-1 receptor antagonist/Interleukin-36	-	-
Il1rn-201	4fda9de7c3552ca692bb859025cfca93	178	PRINTS	PR01360	Interleukin-1 receptor antagonist precursor IL-1RA signature	160	177	1.1E-82	T	03-04-2026	IPR003297	Interleukin-1 receptor antagonist/Interleukin-36	-	-
Il1rn-201	4fda9de7c3552ca692bb859025cfca93	178	SignalP_EUK	SignalP-noTM	SignalP-noTM	1	26	-	T	03-04-2026	-	-	-	-
Il1rn-201	4fda9de7c3552ca692bb859025cfca93	178	Phobius	NON_CYTOPLASMIC_DOMAIN	Region of a membrane-bound protein predicted to be outside the membrane, in the extracellular region.	25	178	-	T	03-04-2026	-	-	-	-
Il1rn-201	4fda9de7c3552ca692bb859025cfca93	178	Pfam	PF00340	Interleukin-1 / 18	61	174	3.2E-37	T	03-04-2026	IPR000975	Interleukin-1 family	-	-
Il1rn-201	4fda9de7c3552ca692bb859025cfca93	178	PRINTS	PR00264	Interleukin-1 precursor family signature	80	100	9.9E-17	T	03-04-2026	IPR000975	Interleukin-1 family	-	-
Il1rn-201	4fda9de7c3552ca692bb859025cfca93	178	PRINTS	PR00264	Interleukin-1 precursor family signature	120	133	9.9E-17	T	03-04-2026	IPR000975	Interleukin-1 family	-	-
Il1rn-201	4fda9de7c3552ca692bb859025cfca93	178	PRINTS	PR00264	Interleukin-1 precursor family signature	134	149	9.9E-17	T	03-04-2026	IPR000975	Interleukin-1 family	-	-
Il1rn-201	4fda9de7c3552ca692bb859025cfca93	178	Phobius	SIGNAL_PEPTIDE	Signal peptide region	1	24	-	T	03-04-2026	-	-	-	-
Il1rn-201	4fda9de7c3552ca692bb859025cfca93	178	Phobius	SIGNAL_PEPTIDE_N_REGION	N-terminal region of a signal peptide.	1	9	-	T	03-04-2026	-	-	-	-
Il1rn-201	4fda9de7c3552ca692bb859025cfca93	178	PANTHER	PTHR10078	INTERLEUKIN-1 FAMILY MEMBER	22	178	1.9E-63	T	03-04-2026	IPR000975	Interleukin-1 family	-	-
Il1rn-201	4fda9de7c3552ca692bb859025cfca93	178	SUPERFAMILY	SSF50353	Cytokine	34	177	6.67E-49	T	03-04-2026	IPR008996	Cytokine IL1/FGF	-	-
Il16-201	cd9dce5ca5b83340101e3913f377c5d3	1322	MobiDBLite	mobidb-lite	consensus disorder prediction	480	493	-	T	03-04-2026	-	-	-	-
Il16-201	cd9dce5ca5b83340101e3913f377c5d3	1322	CDD	cd06759	PDZ3_PDZD2-PDZ1_hPro-IL-16-like	212	290	2.74841E-42	T	03-04-2026	-	-	-	-
Il16-201	cd9dce5ca5b83340101e3913f377c5d3	1322	MobiDBLite	mobidb-lite	consensus disorder prediction	896	907	-	T	03-04-2026	-	-	-	-
Il16-201	cd9dce5ca5b83340101e3913f377c5d3	1322	MobiDBLite	mobidb-lite	consensus disorder prediction	104	147	-	T	03-04-2026	-	-	-	-
Il16-201	cd9dce5ca5b83340101e3913f377c5d3	1322	Gene3D	G3DSA:2.30.42.10	-	1081	1199	2.9E-27	T	03-04-2026	IPR036034	PDZ superfamily	-	-
Il16-201	cd9dce5ca5b83340101e3913f377c5d3	1322	SMART	SM00228	pdz_new	361	438	5.1E-12	T	03-04-2026	IPR001478	PDZ domain	-	-
Il16-201	cd9dce5ca5b83340101e3913f377c5d3	1322	SMART	SM00228	pdz_new	1234	1310	5.6E-11	T	03-04-2026	IPR001478	PDZ domain	-	-
Il16-201	cd9dce5ca5b83340101e3913f377c5d3	1322	SMART	SM00228	pdz_new	222	300	9.0E-23	T	03-04-2026	IPR001478	PDZ domain	-	-
Il16-201	cd9dce5ca5b83340101e3913f377c5d3	1322	SMART	SM00228	pdz_new	1115	1192	4.8E-16	T	03-04-2026	IPR001478	PDZ domain	-	-
Il16-201	cd9dce5ca5b83340101e3913f377c5d3	1322	Gene3D	G3DSA:2.30.42.10	-	340	450	5.8E-17	T	03-04-2026	IPR036034	PDZ superfamily	-	-
Il16-201	cd9dce5ca5b83340101e3913f377c5d3	1322	Gene3D	G3DSA:2.30.42.10	-	1200	1322	3.0E-37	T	03-04-2026	IPR036034	PDZ superfamily	-	-
Il16-201	cd9dce5ca5b83340101e3913f377c5d3	1322	Gene3D	G3DSA:2.30.42.10	-	189	305	4.7E-33	T	03-04-2026	IPR036034	PDZ superfamily	-	-
Il16-201	cd9dce5ca5b83340101e3913f377c5d3	1322	ProSiteProfiles	PS50106	PDZ domain profile.	352	422	14.094	T	03-04-2026	IPR001478	PDZ domain	-	-
Il16-201	cd9dce5ca5b83340101e3913f377c5d3	1322	SUPERFAMILY	SSF50156	PDZ domain-like	330	440	1.25E-19	T	03-04-2026	IPR036034	PDZ superfamily	-	-
Il16-201	cd9dce5ca5b83340101e3913f377c5d3	1322	MobiDBLite	mobidb-lite	consensus disorder prediction	569	588	-	T	03-04-2026	-	-	-	-
Il16-201	cd9dce5ca5b83340101e3913f377c5d3	1322	ProSiteProfiles	PS50106	PDZ domain profile.	213	299	21.4506	T	03-04-2026	IPR001478	PDZ domain	-	-
Il16-201	cd9dce5ca5b83340101e3913f377c5d3	1322	PRINTS	PR01931	Interleukin-16 signature	781	797	1.6E-31	T	03-04-2026	IPR020450	Interleukin-16	-	-
Il16-201	cd9dce5ca5b83340101e3913f377c5d3	1322	PRINTS	PR01931	Interleukin-16 signature	1094	1110	1.6E-31	T	03-04-2026	IPR020450	Interleukin-16	-	-
Il16-201	cd9dce5ca5b83340101e3913f377c5d3	1322	PRINTS	PR01931	Interleukin-16 signature	1118	1142	1.6E-31	T	03-04-2026	IPR020450	Interleukin-16	-	-
Il16-201	cd9dce5ca5b83340101e3913f377c5d3	1322	ProSiteProfiles	PS50106	PDZ domain profile.	1226	1309	14.1945	T	03-04-2026	IPR001478	PDZ domain	-	-
Il16-201	cd9dce5ca5b83340101e3913f377c5d3	1322	SUPERFAMILY	SSF50156	PDZ domain-like	1101	1193	1.16E-21	T	03-04-2026	IPR036034	PDZ superfamily	-	-
Il16-201	cd9dce5ca5b83340101e3913f377c5d3	1322	MobiDBLite	mobidb-lite	consensus disorder prediction	651	672	-	T	03-04-2026	-	-	-	-
Il16-201	cd9dce5ca5b83340101e3913f377c5d3	1322	MobiDBLite	mobidb-lite	consensus disorder prediction	827	839	-	T	03-04-2026	-	-	-	-
Il16-201	cd9dce5ca5b83340101e3913f377c5d3	1322	MobiDBLite	mobidb-lite	consensus disorder prediction	856	865	-	T	03-04-2026	-	-	-	-
Il16-201	cd9dce5ca5b83340101e3913f377c5d3	1322	SUPERFAMILY	SSF50156	PDZ domain-like	207	307	2.63E-27	T	03-04-2026	IPR036034	PDZ superfamily	-	-
Il16-201	cd9dce5ca5b83340101e3913f377c5d3	1322	MobiDBLite	mobidb-lite	consensus disorder prediction	651	695	-	T	03-04-2026	-	-	-	-
Il16-201	cd9dce5ca5b83340101e3913f377c5d3	1322	FunFam	G3DSA:2.30.42.10:FF:000147	Pro-interleukin-16	1199	1321	2.3E-60	T	03-04-2026	-	-	-	-
Il16-201	cd9dce5ca5b83340101e3913f377c5d3	1322	MobiDBLite	mobidb-lite	consensus disorder prediction	729	963	-	T	03-04-2026	-	-	-	-
Il16-201	cd9dce5ca5b83340101e3913f377c5d3	1322	FunFam	G3DSA:2.30.42.10:FF:000127	Pro-interleukin-16	340	450	1.2E-62	T	03-04-2026	-	-	-	-
Il16-201	cd9dce5ca5b83340101e3913f377c5d3	1322	MobiDBLite	mobidb-lite	consensus disorder prediction	507	526	-	T	03-04-2026	-	-	-	-
Il16-201	cd9dce5ca5b83340101e3913f377c5d3	1322	MobiDBLite	mobidb-lite	consensus disorder prediction	729	741	-	T	03-04-2026	-	-	-	-
Il16-201	cd9dce5ca5b83340101e3913f377c5d3	1322	SUPERFAMILY	SSF50156	PDZ domain-like	1211	1309	3.29E-19	T	03-04-2026	IPR036034	PDZ superfamily	-	-
Il16-201	cd9dce5ca5b83340101e3913f377c5d3	1322	Pfam	PF00595	PDZ domain	214	296	8.2E-14	T	03-04-2026	IPR001478	PDZ domain	-	-
Il16-201	cd9dce5ca5b83340101e3913f377c5d3	1322	Pfam	PF00595	PDZ domain	1108	1180	1.4E-8	T	03-04-2026	IPR001478	PDZ domain	-	-
Il16-201	cd9dce5ca5b83340101e3913f377c5d3	1322	Pfam	PF00595	PDZ domain	1226	1306	0.03	T	03-04-2026	IPR001478	PDZ domain	-	-
Il16-201	cd9dce5ca5b83340101e3913f377c5d3	1322	Pfam	PF00595	PDZ domain	353	418	0.013	T	03-04-2026	IPR001478	PDZ domain	-	-
Il16-201	cd9dce5ca5b83340101e3913f377c5d3	1322	MobiDBLite	mobidb-lite	consensus disorder prediction	480	633	-	T	03-04-2026	-	-	-	-
Il16-201	cd9dce5ca5b83340101e3913f377c5d3	1322	CDD	cd06760	PDZ4_PDZD2-PDZ2_hPro-IL-16-like	347	436	1.82637E-49	T	03-04-2026	-	-	-	-
Il16-201	cd9dce5ca5b83340101e3913f377c5d3	1322	CDD	cd06763	PDZ7_PDZD2-PDZ4_hPro-IL-16-like	1224	1307	6.55296E-47	T	03-04-2026	-	-	-	-
Il16-201	cd9dce5ca5b83340101e3913f377c5d3	1322	PANTHER	PTHR48484	PRO-INTERLEUKIN-16	1	1319	0.0	T	03-04-2026	IPR055287	Interleukin-16-like	-	-
Il16-201	cd9dce5ca5b83340101e3913f377c5d3	1322	ProSiteProfiles	PS50106	PDZ domain profile.	1105	1190	18.737101	T	03-04-2026	IPR001478	PDZ domain	-	-
Il16-201	cd9dce5ca5b83340101e3913f377c5d3	1322	MobiDBLite	mobidb-lite	consensus disorder prediction	604	621	-	T	03-04-2026	-	-	-	-
Il16-201	cd9dce5ca5b83340101e3913f377c5d3	1322	FunFam	G3DSA:2.30.42.10:FF:000102	Putative pro-interleukin-16	185	306	2.8E-66	T	03-04-2026	-	-	-	-
Il16-201	cd9dce5ca5b83340101e3913f377c5d3	1322	CDD	cd06762	PDZ6_PDZD2-PDZ3_hPro-IL-16-like	1104	1189	1.5818E-52	T	03-04-2026	-	-	-	-
Il16-201	cd9dce5ca5b83340101e3913f377c5d3	1322	FunFam	G3DSA:2.30.42.10:FF:000122	Pro-interleukin-16	1081	1197	3.5E-66	T	03-04-2026	-	-	-	-
Il16-203	daf2e2ab233d44ab9c2e46ce0439f98a	624	MobiDBLite	mobidb-lite	consensus disorder prediction	129	141	-	T	03-04-2026	-	-	-	-
Il16-203	daf2e2ab233d44ab9c2e46ce0439f98a	624	Gene3D	G3DSA:2.30.42.10	-	502	624	1.0E-37	T	03-04-2026	IPR036034	PDZ superfamily	-	-
Il16-203	daf2e2ab233d44ab9c2e46ce0439f98a	624	FunFam	G3DSA:2.30.42.10:FF:000122	Pro-interleukin-16	383	499	1.2E-66	T	03-04-2026	-	-	-	-
Il16-203	daf2e2ab233d44ab9c2e46ce0439f98a	624	ProSiteProfiles	PS50106	PDZ domain profile.	407	492	18.737101	T	03-04-2026	IPR001478	PDZ domain	-	-
Il16-203	daf2e2ab233d44ab9c2e46ce0439f98a	624	CDD	cd06763	PDZ7_PDZD2-PDZ4_hPro-IL-16-like	526	609	2.64424E-47	T	03-04-2026	-	-	-	-
Il16-203	daf2e2ab233d44ab9c2e46ce0439f98a	624	CDD	cd06762	PDZ6_PDZD2-PDZ3_hPro-IL-16-like	406	491	2.50352E-53	T	03-04-2026	-	-	-	-
Il16-203	daf2e2ab233d44ab9c2e46ce0439f98a	624	SMART	SM00228	pdz_new	417	494	4.8E-16	T	03-04-2026	IPR001478	PDZ domain	-	-
Il16-203	daf2e2ab233d44ab9c2e46ce0439f98a	624	SMART	SM00228	pdz_new	536	612	5.6E-11	T	03-04-2026	IPR001478	PDZ domain	-	-
Il16-203	daf2e2ab233d44ab9c2e46ce0439f98a	624	MobiDBLite	mobidb-lite	consensus disorder prediction	158	167	-	T	03-04-2026	-	-	-	-
Il16-203	daf2e2ab233d44ab9c2e46ce0439f98a	624	MobiDBLite	mobidb-lite	consensus disorder prediction	31	265	-	T	03-04-2026	-	-	-	-
Il16-203	daf2e2ab233d44ab9c2e46ce0439f98a	624	FunFam	G3DSA:2.30.42.10:FF:000147	Pro-interleukin-16	501	623	7.8E-61	T	03-04-2026	-	-	-	-
Il16-203	daf2e2ab233d44ab9c2e46ce0439f98a	624	Gene3D	G3DSA:2.30.42.10	-	383	501	9.9E-28	T	03-04-2026	IPR036034	PDZ superfamily	-	-
Il16-203	daf2e2ab233d44ab9c2e46ce0439f98a	624	Pfam	PF00595	PDZ domain	528	608	0.011	T	03-04-2026	IPR001478	PDZ domain	-	-
Il16-203	daf2e2ab233d44ab9c2e46ce0439f98a	624	Pfam	PF00595	PDZ domain	410	482	5.3E-9	T	03-04-2026	IPR001478	PDZ domain	-	-
Il16-203	daf2e2ab233d44ab9c2e46ce0439f98a	624	MobiDBLite	mobidb-lite	consensus disorder prediction	198	209	-	T	03-04-2026	-	-	-	-
Il16-203	daf2e2ab233d44ab9c2e46ce0439f98a	624	SUPERFAMILY	SSF50156	PDZ domain-like	512	611	1.16E-19	T	03-04-2026	IPR036034	PDZ superfamily	-	-
Il16-203	daf2e2ab233d44ab9c2e46ce0439f98a	624	PANTHER	PTHR48484	PRO-INTERLEUKIN-16	1	621	0.0	T	03-04-2026	IPR055287	Interleukin-16-like	-	-
Il16-203	daf2e2ab233d44ab9c2e46ce0439f98a	624	SUPERFAMILY	SSF50156	PDZ domain-like	403	495	3.94E-22	T	03-04-2026	IPR036034	PDZ superfamily	-	-
Il16-203	daf2e2ab233d44ab9c2e46ce0439f98a	624	ProSiteProfiles	PS50106	PDZ domain profile.	528	611	14.1945	T	03-04-2026	IPR001478	PDZ domain	-	-
Il16-203	daf2e2ab233d44ab9c2e46ce0439f98a	624	MobiDBLite	mobidb-lite	consensus disorder prediction	31	43	-	T	03-04-2026	-	-	-	-
Il16-203	daf2e2ab233d44ab9c2e46ce0439f98a	624	PRINTS	PR01931	Interleukin-16 signature	83	99	4.0E-32	T	03-04-2026	IPR020450	Interleukin-16	-	-
Il16-203	daf2e2ab233d44ab9c2e46ce0439f98a	624	PRINTS	PR01931	Interleukin-16 signature	396	412	4.0E-32	T	03-04-2026	IPR020450	Interleukin-16	-	-
Il16-203	daf2e2ab233d44ab9c2e46ce0439f98a	624	PRINTS	PR01931	Interleukin-16 signature	420	444	4.0E-32	T	03-04-2026	IPR020450	Interleukin-16	-	-
Il1b-201	ba826e8fa1ea13bba0fbab9c551c4376	269	Pfam	PF00340	Interleukin-1 / 18	148	264	2.9E-42	T	03-04-2026	IPR000975	Interleukin-1 family	-	-
Il1b-201	ba826e8fa1ea13bba0fbab9c551c4376	269	SUPERFAMILY	SSF50353	Cytokine	122	266	3.41E-55	T	03-04-2026	IPR008996	Cytokine IL1/FGF	-	-
Il1b-201	ba826e8fa1ea13bba0fbab9c551c4376	269	SMART	SM00125	IL1_2	120	265	2.4E-87	T	03-04-2026	-	-	-	-
Il1b-201	ba826e8fa1ea13bba0fbab9c551c4376	269	CDD	cd23296	beta-trefoil_IL1B	119	265	3.18029E-74	T	03-04-2026	-	-	-	-
Il1b-201	ba826e8fa1ea13bba0fbab9c551c4376	269	PRINTS	PR01359	Interleukin-1 beta precursor signature	18	32	2.6E-112	T	03-04-2026	-	-	-	-
Il1b-201	ba826e8fa1ea13bba0fbab9c551c4376	269	PRINTS	PR01359	Interleukin-1 beta precursor signature	44	58	2.6E-112	T	03-04-2026	-	-	-	-
Il1b-201	ba826e8fa1ea13bba0fbab9c551c4376	269	PRINTS	PR01359	Interleukin-1 beta precursor signature	58	74	2.6E-112	T	03-04-2026	-	-	-	-
Il1b-201	ba826e8fa1ea13bba0fbab9c551c4376	269	PRINTS	PR01359	Interleukin-1 beta precursor signature	85	108	2.6E-112	T	03-04-2026	-	-	-	-
Il1b-201	ba826e8fa1ea13bba0fbab9c551c4376	269	PRINTS	PR01359	Interleukin-1 beta precursor signature	129	149	2.6E-112	T	03-04-2026	-	-	-	-
Il1b-201	ba826e8fa1ea13bba0fbab9c551c4376	269	PRINTS	PR01359	Interleukin-1 beta precursor signature	155	172	2.6E-112	T	03-04-2026	-	-	-	-
Il1b-201	ba826e8fa1ea13bba0fbab9c551c4376	269	PRINTS	PR01359	Interleukin-1 beta precursor signature	172	192	2.6E-112	T	03-04-2026	-	-	-	-
Il1b-201	ba826e8fa1ea13bba0fbab9c551c4376	269	PRINTS	PR01359	Interleukin-1 beta precursor signature	195	216	2.6E-112	T	03-04-2026	-	-	-	-
Il1b-201	ba826e8fa1ea13bba0fbab9c551c4376	269	PRINTS	PR01359	Interleukin-1 beta precursor signature	216	231	2.6E-112	T	03-04-2026	-	-	-	-
Il1b-201	ba826e8fa1ea13bba0fbab9c551c4376	269	PRINTS	PR01359	Interleukin-1 beta precursor signature	234	252	2.6E-112	T	03-04-2026	-	-	-	-
Il1b-201	ba826e8fa1ea13bba0fbab9c551c4376	269	PRINTS	PR01359	Interleukin-1 beta precursor signature	257	268	2.6E-112	T	03-04-2026	-	-	-	-
Il1b-201	ba826e8fa1ea13bba0fbab9c551c4376	269	Pfam	PF02394	Interleukin-1 propeptide	1	102	4.6E-34	T	03-04-2026	IPR003502	Interleukin-1 propeptide	-	-
Il1b-201	ba826e8fa1ea13bba0fbab9c551c4376	269	Gene3D	G3DSA:2.80.10.50	-	118	269	4.1E-58	T	03-04-2026	-	-	-	-
Il1b-201	ba826e8fa1ea13bba0fbab9c551c4376	269	FunFam	G3DSA:2.80.10.50:FF:000027	Interleukin-1 beta	118	268	1.1E-74	T	03-04-2026	-	-	-	-
Il1b-201	ba826e8fa1ea13bba0fbab9c551c4376	269	PRINTS	PR01357	Interleukin-1 alpha/beta precursor family signature	52	71	2.8E-44	T	03-04-2026	-	-	-	-
Il1b-201	ba826e8fa1ea13bba0fbab9c551c4376	269	PRINTS	PR01357	Interleukin-1 alpha/beta precursor family signature	120	136	2.8E-44	T	03-04-2026	-	-	-	-
Il1b-201	ba826e8fa1ea13bba0fbab9c551c4376	269	PRINTS	PR01357	Interleukin-1 alpha/beta precursor family signature	153	169	2.8E-44	T	03-04-2026	-	-	-	-
Il1b-201	ba826e8fa1ea13bba0fbab9c551c4376	269	PRINTS	PR01357	Interleukin-1 alpha/beta precursor family signature	172	193	2.8E-44	T	03-04-2026	-	-	-	-
Il1b-201	ba826e8fa1ea13bba0fbab9c551c4376	269	PRINTS	PR01357	Interleukin-1 alpha/beta precursor family signature	212	225	2.8E-44	T	03-04-2026	-	-	-	-
Il1b-201	ba826e8fa1ea13bba0fbab9c551c4376	269	PRINTS	PR01357	Interleukin-1 alpha/beta precursor family signature	226	241	2.8E-44	T	03-04-2026	-	-	-	-
Il1b-201	ba826e8fa1ea13bba0fbab9c551c4376	269	PRINTS	PR00264	Interleukin-1 precursor family signature	173	193	3.0E-21	T	03-04-2026	IPR000975	Interleukin-1 family	-	-
Il1b-201	ba826e8fa1ea13bba0fbab9c551c4376	269	PRINTS	PR00264	Interleukin-1 precursor family signature	212	225	3.0E-21	T	03-04-2026	IPR000975	Interleukin-1 family	-	-
Il1b-201	ba826e8fa1ea13bba0fbab9c551c4376	269	PRINTS	PR00264	Interleukin-1 precursor family signature	226	241	3.0E-21	T	03-04-2026	IPR000975	Interleukin-1 family	-	-
Il1b-201	ba826e8fa1ea13bba0fbab9c551c4376	269	PANTHER	PTHR10078	INTERLEUKIN-1 FAMILY MEMBER	1	266	4.0E-64	T	03-04-2026	IPR000975	Interleukin-1 family	-	-
Il1b-201	ba826e8fa1ea13bba0fbab9c551c4376	269	PRINTS	PR00262	IL1/HBGF family signature	172	199	1.2E-5	T	03-04-2026	-	-	-	-
Il1b-201	ba826e8fa1ea13bba0fbab9c551c4376	269	PRINTS	PR00262	IL1/HBGF family signature	215	235	1.2E-5	T	03-04-2026	-	-	-	-
Il1b-201	ba826e8fa1ea13bba0fbab9c551c4376	269	PRINTS	PR00262	IL1/HBGF family signature	255	264	1.2E-5	T	03-04-2026	-	-	-	-
Il1b-201	ba826e8fa1ea13bba0fbab9c551c4376	269	ProSitePatterns	PS00253	Interleukin-1 signature.	229	249	-	T	03-04-2026	IPR020877	Interleukin-1 conserved site	-	-
