"p_val","avg_log2FC","pct.1","pct.2","p_val_adj","gene","p_val_adj_plot","Significance"
1.71424428853331e-65,-2.35755993907757,0.208,0.931,1.31746530550939e-60,"Serpinb9b-201",1.31746530550939e-60,"Down"
2.11727145544165e-65,2.41249276263249,0.95,0.898,1.62720780436513e-60,"Set-201",1.62720780436513e-60,"Up"
2.36156493882885e-65,-1.40789117970695,0.827,1,1.81495711808753e-60,"Eef1a1-201",1.81495711808753e-60,"Down"
1.06858028073346e-63,-2.22383458490287,0.434,0.971,8.21246688954895e-59,"Huwe1-201",8.21246688954895e-59,"Down"
2.70985037022146e-62,-2.69098605473373,0.261,0.869,2.08262840353e-57,"Tacc2-203",2.08262840353e-57,"Down"
1.10617823638103e-58,-3.11968852078574,0.063,0.686,8.50142221788275e-54,"Syna-201",8.50142221788275e-54,"Down"
1.66415760086953e-56,-2.03411647876683,0.466,0.971,1.27897168257227e-51,"Serpinb9e-201",1.27897168257227e-51,"Down"
1.27493118644921e-55,-2.24193394367993,0.125,0.784,9.79835614033673e-51,"Lgalsl-201",9.79835614033673e-51,"Down"
1.88017454779274e-55,-2.39385981005362,0.168,0.816,1.44498934696063e-50,"Ankrd13a-201",1.44498934696063e-50,"Down"
5.39153863066915e-55,-1.97935566301955,0.175,0.857,4.14361309921447e-50,"Baiap2l1-201",4.14361309921447e-50,"Down"
2.90115126399511e-54,-2.10194462346418,0.261,0.898,2.2296507924308e-49,"Arhgef6-201",2.2296507924308e-49,"Down"
1.02315607655254e-52,-2.25229933613511,0.115,0.759,7.86336371073693e-48,"Arhgap5-204",7.86336371073693e-48,"Down"
4.50375226192717e-52,1.96540080838829,0.965,0.971,3.46131376338151e-47,"Tpt1-201",3.46131376338151e-47,"Up"
7.61885850774732e-52,-2.13513203754133,0.175,0.816,5.85539751754413e-47,"Atp11a-201",5.85539751754413e-47,"Down"
9.03258943022382e-52,-2.25031143393616,0.165,0.796,6.94190628070421e-47,"Atp11a-202",6.94190628070421e-47,"Down"
4.96048683412391e-51,-1.89822476609617,0.278,0.922,3.81233255149759e-46,"Cep170b-202",3.81233255149759e-46,"Down"
8.95314316302304e-51,-1.70001033025942,0.341,0.947,6.88084864650972e-46,"Slc16a1-201",6.88084864650972e-46,"Down"
1.2274201224221e-50,-2.0255785157771,0.068,0.653,9.43321460886277e-46,"Mark3-201",9.43321460886277e-46,"Down"
1.6962536435866e-50,-2.37050920566219,0.103,0.706,1.30363877524205e-45,"Dvl3-203",1.30363877524205e-45,"Down"
5.07126228584127e-50,-1.90783123360774,0.068,0.649,3.89746791716045e-45,"Mark3-202",3.89746791716045e-45,"Down"
1.16750771763473e-49,-1.93514426838678,0.316,0.922,8.97276381310993e-45,"Akap13-205",8.97276381310993e-45,"Down"
2.14348833127607e-49,-2.12178843275323,0.065,0.637,1.64735652211891e-44,"Ptpn13-201",1.64735652211891e-44,"Down"
7.8396344457757e-49,-2.2187045345324,0.15,0.771,6.02507265695645e-44,"Nsd1-201",6.02507265695645e-44,"Down"
1.2163162494521e-48,-2.42709706456114,0.198,0.796,9.34787690353913e-44,"Etl4-202",9.34787690353913e-44,"Down"
6.80749710836951e-48,-2.08314253300397,0.469,0.939,5.2318338276663e-43,"Tfrc-201",5.2318338276663e-43,"Down"
1.14760155351015e-47,-1.7440901126821,0.216,0.886,8.8197769793469e-43,"Dlx3-201",8.8197769793469e-43,"Down"
1.82244977534677e-47,-2.59224798287294,0.198,0.771,1.400625550345e-42,"Amot-202",1.400625550345e-42,"Down"
1.92037046390732e-47,-1.76849587900109,0.429,0.959,1.47588151633133e-42,"Gjb2-201",1.47588151633133e-42,"Down"
2.76067629894248e-47,-1.99565246813785,0.158,0.771,2.12169016278925e-42,"Arid5b-204",2.12169016278925e-42,"Down"
5.78263744094642e-47,-1.89354485981181,0.318,0.906,4.44418817886496e-42,"Helz-203",4.44418817886496e-42,"Down"
6.85852581387526e-47,-1.84780605230886,0.095,0.682,5.27105142899569e-42,"Mtor-202",5.27105142899569e-42,"Down"
7.08233659888911e-47,-2.29700352122737,0.1,0.669,5.44305896971024e-42,"Tnpo1-201",5.44305896971024e-42,"Down"
7.11949789055173e-47,-1.75301857968969,0.278,0.898,5.47161890880463e-42,"Cep170b-211",5.47161890880463e-42,"Down"
8.04279012412486e-47,-2.32496670461328,0.088,0.657,6.18120592199492e-42,"Slc22a23-201",6.18120592199492e-42,"Down"
1.7414463541564e-46,-2.78501992767197,0.123,0.694,1.33837118102336e-41,"Nhsl1-201",1.33837118102336e-41,"Down"
2.37732087305354e-46,-1.4418035191813,0.566,0.976,1.82706618377657e-41,"Calr-201",1.82706618377657e-41,"Down"
3.20453758867361e-46,-2.1327308770246,0.12,0.706,2.46281531839921e-41,"Eif2s3x-201",2.46281531839921e-41,"Down"
3.58219832259188e-46,2.03379820860198,0.875,0.812,2.75306269884476e-41,"Hnrnpab-202",2.75306269884476e-41,"Up"
4.39049133275868e-46,-2.53910616284378,0.075,0.629,3.37426820887835e-41,"Zc3h12c-202",3.37426820887835e-41,"Down"
4.92556993739924e-46,-1.96071192003199,0.113,0.698,3.78549751968881e-41,"Virma-202",3.78549751968881e-41,"Down"
5.28072282476713e-46,-2.30984206207088,0.07,0.612,4.05844671974653e-41,"Exoc3l4-201",4.05844671974653e-41,"Down"
8.69638658720112e-46,-1.6341620213536,0.103,0.698,6.68352094772754e-41,"Lnx2-201",6.68352094772754e-41,"Down"
9.13873744635256e-46,-1.97284289230314,0.08,0.633,7.0234852770198e-41,"Exoc3l4-210",7.0234852770198e-41,"Down"
1.24128392030315e-45,1.91990778556738,0.882,0.82,9.53976344109781e-41,"Hnrnpab-201",9.53976344109781e-41,"Up"
2.10218820645674e-45,-1.80729968356097,0.281,0.865,1.61561572419026e-40,"Plekha6-202",1.61561572419026e-40,"Down"
4.07003381648888e-45,-1.56301063880196,0.118,0.722,3.12798378932436e-40,"Aco2-201",3.12798378932436e-40,"Down"
4.50311055233935e-45,-1.97563512648109,0.12,0.698,3.46082058389488e-40,"Tnpo1-202",3.46082058389488e-40,"Down"
4.67846236922217e-45,-1.90201832777475,0.178,0.792,3.59558546924201e-40,"Nrip1-202",3.59558546924201e-40,"Down"
5.98990484394648e-45,-1.89723671990984,0.083,0.641,4.60348146876662e-40,"Taok1-202",4.60348146876662e-40,"Down"
9.04377096534777e-45,-1.97505106788878,0.125,0.718,6.95049973770837e-40,"Ppfia1-201",6.95049973770837e-40,"Down"
9.52233112096149e-45,-2.15990221310839,0.201,0.796,7.31829235970374e-40,"Clip1-205",7.31829235970374e-40,"Down"
2.00983217316607e-44,-2.01526350130533,0.163,0.751,1.54463641836505e-39,"Plat-201",1.54463641836505e-39,"Down"
2.21344653564548e-44,-2.19447473548863,0.073,0.616,1.70112220050498e-39,"Caskin1-201",1.70112220050498e-39,"Down"
2.69683017519067e-44,-2.2018254472001,0.098,0.653,2.07262186284104e-39,"Virma-203",2.07262186284104e-39,"Down"
3.31569812879131e-44,-1.88630621991858,0.128,0.714,2.54824663990127e-39,"Dlg5-203",2.54824663990127e-39,"Down"
3.53049998869795e-44,-1.83133516774412,0.298,0.869,2.71333046131393e-39,"Akap13-201",2.71333046131393e-39,"Down"
3.59503106741459e-44,-2.57714840607465,0.043,0.535,2.76292517655081e-39,"Atp13a3-202",2.76292517655081e-39,"Down"
4.95273477784104e-44,-1.63599617376541,0.175,0.788,3.80637478616195e-39,"Usp9x-201",3.80637478616195e-39,"Down"
6.96095875775766e-44,-1.61196950254834,0.19,0.829,5.34977524368707e-39,"Mtmr4-202",5.34977524368707e-39,"Down"
7.50042861220815e-44,-1.72915025383925,0.211,0.837,5.76437940562645e-39,"Kdm5c-203",5.76437940562645e-39,"Down"
1.21491390471549e-43,-2.55503358749539,0.043,0.531,9.33709932330042e-39,"Atp13a3-201",9.33709932330042e-39,"Down"
1.70330413195277e-43,-1.99952071480779,0.058,0.571,1.30905735757098e-38,"Mark3-211",1.30905735757098e-38,"Down"
2.03086579393503e-43,-1.74929975017442,0.173,0.784,1.56080159727082e-38,"Olr1-201",1.56080159727082e-38,"Down"
3.06354888192592e-43,-2.1764937380887,0.203,0.771,2.35445985771535e-38,"Bbx-208",2.35445985771535e-38,"Down"
3.57029808351988e-43,-1.94287431124357,0.075,0.608,2.74391688910837e-38,"Zc3h12c-201",2.74391688910837e-38,"Down"
3.99967036725251e-43,-1.66826124217182,0.464,0.918,3.07390666404824e-38,"Ddx5-201",3.07390666404824e-38,"Down"
4.52091297657707e-43,-1.61239534159576,0.093,0.665,3.47450245901854e-38,"Adnp2-201",3.47450245901854e-38,"Down"
6.49140856376431e-43,-2.06149431533689,0.093,0.641,4.98890713759542e-38,"Khsrp-201",4.98890713759542e-38,"Down"
7.86895595179609e-43,-1.46568533418564,0.331,0.898,6.04760740719337e-38,"Trip12-206",6.04760740719337e-38,"Down"
8.51286771803285e-43,1.84694840764228,0.88,0.853,6.54247935601697e-38,"Hnrnpab-203",6.54247935601697e-38,"Up"
1.03683830384545e-42,-2.36926568829517,0.053,0.551,7.9685171003738e-38,"Parp4-201",7.9685171003738e-38,"Down"
1.26455879688078e-42,-1.84754198865097,0.223,0.824,9.71864017754752e-38,"Rbbp6-201",9.71864017754752e-38,"Down"
1.92302178244906e-42,-1.91469432061232,0.135,0.706,1.4779191606834e-37,"Gab1-201",1.4779191606834e-37,"Down"
2.14019264866084e-42,-1.72817859575954,0.16,0.743,1.6448236582018e-37,"Fhdc1-201",1.6448236582018e-37,"Down"
2.45784742620085e-42,-1.66655652269913,0.128,0.718,1.8889540609324e-37,"Rassf6-201",1.8889540609324e-37,"Down"
2.9721129510827e-42,-1.56457511935168,0.155,0.751,2.2841876874251e-37,"Ranbp2-201",2.2841876874251e-37,"Down"
9.31475382986743e-42,-1.59972110893339,0.08,0.6,7.15876090840632e-37,"Ptbp3-201",7.15876090840632e-37,"Down"
9.32993869957826e-42,-2.30595437891757,0.065,0.576,7.17043108817388e-37,"Hsd11b2-201",7.17043108817388e-37,"Down"
1.08123324178177e-41,-1.6921783033949,0.281,0.841,8.30970995638962e-37,"Plekha6-203",8.30970995638962e-37,"Down"
1.2320753900082e-41,-1.65696910330777,0.188,0.784,9.46899220236899e-37,"Cdc42-202",9.46899220236899e-37,"Down"
1.2403730250664e-41,-1.31417611124146,0.113,0.678,9.53276284684535e-37,"Ppp2r3a-202",9.53276284684535e-37,"Down"
1.39330855249492e-41,-1.62332561932305,0.045,0.527,1.07081335493445e-36,"Setd1b-204",1.07081335493445e-36,"Down"
2.11279002758989e-41,-1.63309555891514,0.19,0.796,1.62376364780393e-36,"Rapgef2-206",1.62376364780393e-36,"Down"
2.40022882487528e-41,-1.99660097271098,0.063,0.567,1.84467186106964e-36,"Uba6-201",1.84467186106964e-36,"Down"
2.96967653504812e-41,-1.46411014674558,0.366,0.959,2.28231520424588e-36,"Jup-201",2.28231520424588e-36,"Down"
3.33726175007582e-41,-1.71720654363855,0.17,0.767,2.56481914540327e-36,"Maoa-201",2.56481914540327e-36,"Down"
3.37664172344559e-41,-1.65535141930593,0.118,0.678,2.59508423013687e-36,"ENSMUST00000249998.1",2.59508423013687e-36,"Down"
3.82892291961955e-41,-1.56793113654761,0.336,0.922,2.94268042064441e-36,"Wnk3-206",2.94268042064441e-36,"Down"
4.06457367917001e-41,-1.96850464925345,0.095,0.633,3.12378745538932e-36,"Daam1-202",3.12378745538932e-36,"Down"
4.18884398277128e-41,-1.87564155166987,0.078,0.596,3.21929415451904e-36,"Kif16b-201",3.21929415451904e-36,"Down"
5.16854486593101e-41,-2.08952173663196,0.09,0.616,3.97223347126262e-36,"Ppl-201",3.97223347126262e-36,"Down"
5.33932676031079e-41,-2.04455103457486,0.14,0.698,4.10348618836926e-36,"Zxdc-202",4.10348618836926e-36,"Down"
5.55875936958765e-41,-1.60036018188976,0.286,0.857,4.27212892590289e-36,"Lonrf3-201",4.27212892590289e-36,"Down"
5.62447452768174e-41,-2.12283611751208,0.088,0.612,4.32263365350452e-36,"Rab11fip4-201",4.32263365350452e-36,"Down"
6.39827360135199e-41,-2.14349278360309,0.075,0.58,4.91732919358306e-36,"Wnk3-203",4.91732919358306e-36,"Down"
7.2751160472966e-41,-1.74488647486398,0.175,0.755,5.59121768698933e-36,"Car4-201",5.59121768698933e-36,"Down"
8.97494708955965e-41,-1.64751655438487,0.128,0.686,6.89760583621018e-36,"Slc39a10-201",6.89760583621018e-36,"Down"
9.53809458146323e-41,-1.24557599060042,0.153,0.751,7.33040720963775e-36,"Faf2-203",7.33040720963775e-36,"Down"
2.20541324837304e-40,-2.25267298042309,0.246,0.788,1.69494829790461e-35,"Wnk1-202",1.69494829790461e-35,"Down"
2.23213696469624e-40,-1.42028092237188,0.201,0.804,1.71548654284765e-35,"Fhdc1-202",1.71548654284765e-35,"Down"
2.28167418692884e-40,-2.12284518601749,0.128,0.669,1.75355787962229e-35,"Tead3-205",1.75355787962229e-35,"Down"
3.10751735046832e-40,-2.29833424450607,0.043,0.502,2.38825138452892e-35,"Ippk-203",2.38825138452892e-35,"Down"
3.22257288092403e-40,-1.59901614625447,0.409,0.931,2.47667616190536e-35,"Ctnnb1-201",2.47667616190536e-35,"Down"
3.47044791431437e-40,-2.36801886203839,0.155,0.698,2.66717804006716e-35,"Dlgap4-203",2.66717804006716e-35,"Down"
5.29434650946788e-40,-2.15425551455085,0.125,0.661,4.06891706638644e-35,"Tead3-201",4.06891706638644e-35,"Down"
5.4066406238795e-40,-3.88063117113508,0.018,0.433,4.15521958507635e-35,"Fblim1-203",4.15521958507635e-35,"Down"
5.53871139005457e-40,-1.46000776658587,0.419,0.931,4.25672125171254e-35,"Tgm2-201",4.25672125171254e-35,"Down"
9.77058128998703e-40,-1.49233024088419,0.155,0.739,7.50908254460663e-35,"Pex14-201",7.50908254460663e-35,"Down"
1.11059318124959e-39,-1.95942582014256,0.226,0.771,8.53535283517558e-35,"Ubap2l-208",8.53535283517558e-35,"Down"
1.13151771614598e-39,-1.76067008954773,0.185,0.747,8.69616625566829e-35,"Ahnak-202",8.69616625566829e-35,"Down"
1.24433801571064e-39,-2.08266443380275,0.098,0.616,9.56323538594255e-35,"Dvl3-201",9.56323538594255e-35,"Down"
1.31967139547057e-39,-2.97063279294207,0.033,0.465,1.01422025427495e-34,"Lims2-201",1.01422025427495e-34,"Down"
1.56045046830361e-39,-1.51699680785363,0.088,0.616,1.19926860291006e-34,"F2r-201",1.19926860291006e-34,"Down"
2.00319554338451e-39,-1.83123535969377,0.078,0.58,1.53953590291273e-34,"Bcl9l-206",1.53953590291273e-34,"Down"
2.75595349435576e-39,-1.49255164793567,0.123,0.673,2.11806049855218e-34,"Kitl-202",2.11806049855218e-34,"Down"
2.84576451697899e-39,-2.13648235593213,0.193,0.722,2.18708386187904e-34,"Etl4-209",2.18708386187904e-34,"Down"
3.18315637320586e-39,-1.92453803201097,0.163,0.718,2.44638299906363e-34,"Arid1b-202",2.44638299906363e-34,"Down"
3.73235959971e-39,-1.5813321255314,0.098,0.624,2.86846764676113e-34,"Ep300-201",2.86846764676113e-34,"Down"
4.06672225287261e-39,-1.35960830752336,0.07,0.559,3.12543872022272e-34,"Tec-203",3.12543872022272e-34,"Down"
4.08248247071202e-39,-1.4849038821557,0.135,0.698,3.13755107804101e-34,"Setd2-201",3.13755107804101e-34,"Down"
4.37255387656668e-39,-1.41548572494811,0.108,0.645,3.36048255629656e-34,"Bcl9l-203",3.36048255629656e-34,"Down"
4.70778042880813e-39,-2.04783654432793,0.073,0.567,3.6181175707562e-34,"Copa-201",3.6181175707562e-34,"Down"
4.96933810556417e-39,-3.83270702781075,0.018,0.424,3.81913510765029e-34,"Fblim1-201",3.81913510765029e-34,"Down"
5.55895273496609e-39,-1.40293842539581,0.356,0.89,4.27227753493084e-34,"Hdlbp-202",4.27227753493084e-34,"Down"
6.563347007853e-39,-1.70230245387656,0.183,0.755,5.04419470941534e-34,"Gigyf2-201",5.04419470941534e-34,"Down"
6.70355626677777e-39,-1.42219243462593,0.201,0.8,5.15195113326939e-34,"Tead3-206",5.15195113326939e-34,"Down"
7.29734195273352e-39,-1.91367202589219,0.266,0.8,5.60829918435382e-34,"Sptbn1-202",5.60829918435382e-34,"Down"
8.93523654118976e-39,-1.42194290404446,0.173,0.755,6.86708669136598e-34,"Ube2q2-201",6.86708669136598e-34,"Down"
8.97943011230569e-39,-1.29358610490945,0.454,0.943,6.90105121851142e-34,"Pabpc1-201",6.90105121851142e-34,"Down"
9.0862625470035e-39,-2.21053519911872,0.043,0.49,6.98315621787407e-34,"Ippk-201",6.98315621787407e-34,"Down"
9.87478377354474e-39,-1.67328577107856,0.178,0.755,7.58916632132008e-34,"E2f8-201",7.58916632132008e-34,"Down"
1.09653194357394e-38,-2.01621786293393,0.073,0.559,8.4272865991432e-34,"Pgk1-201",8.4272865991432e-34,"Down"
1.23986892922117e-38,-2.38153475638716,0.04,0.486,9.52888866863639e-34,"Uba6-202",9.52888866863639e-34,"Down"
1.32190367169255e-38,-1.59548363883602,0.09,0.608,1.0159358478426e-33,"Usp34-208",1.0159358478426e-33,"Down"
1.43775404657896e-38,-1.4171355036795,0.183,0.78,1.10497149495779e-33,"Bptf-201",1.10497149495779e-33,"Down"
1.56503286251079e-38,-3.157288032352,0.04,0.473,1.20279035615404e-33,"Trerf1-204",1.20279035615404e-33,"Down"
2.30891051223885e-38,-1.88102043234799,0.103,0.62,1.77449008507604e-33,"Ppfia1-202",1.77449008507604e-33,"Down"
2.38099893496418e-38,-2.12380912417953,0.053,0.51,1.82989292147737e-33,"Taok1-201",1.82989292147737e-33,"Down"
2.50460157124875e-38,-1.65672422624894,0.108,0.641,1.92488649156752e-33,"Rock2-201",1.92488649156752e-33,"Down"
3.12054111653731e-38,-1.74432793546978,0.085,0.592,2.39826066970359e-33,"Usp34-205",2.39826066970359e-33,"Down"
3.16643546710344e-38,-1.85434379480501,0.268,0.8,2.43353231388768e-33,"Sptbn1-201",2.43353231388768e-33,"Down"
4.18138615077823e-38,-2.76580039697475,0.02,0.424,3.2135625123191e-33,"Fblim1-202",3.2135625123191e-33,"Down"
4.48696592091745e-38,-1.15149235463384,0.221,0.833,3.4484127888619e-33,"Rgl1-201",3.4484127888619e-33,"Down"
4.74798484704913e-38,-2.12593430794315,0.068,0.543,3.64901627435114e-33,"Erc1-210",3.64901627435114e-33,"Down"
5.91204186295054e-38,-1.27246644447967,0.115,0.649,4.54364065335201e-33,"Tec-201",4.54364065335201e-33,"Down"
6.8189027335899e-38,-1.53257675193926,0.06,0.531,5.24059950687318e-33,"Senp5-201",5.24059950687318e-33,"Down"
7.57928332781072e-38,-1.3913360254089,0.083,0.571,5.82498240875565e-33,"Ptbp3-212",5.82498240875565e-33,"Down"
8.45743694679277e-38,-2.45871014223707,0.073,0.543,6.49987859108811e-33,"Mtus1-205",6.49987859108811e-33,"Down"
1.31028984897745e-37,-1.22963481349908,0.203,0.784,1.00701016053313e-32,"Crebbp-201",1.00701016053313e-32,"Down"
1.43505337031221e-37,-1.32363969597144,0.276,0.869,1.10289591721975e-32,"Fermt2-201",1.10289591721975e-32,"Down"
1.76490049227938e-37,-1.44962133131693,0.17,0.743,1.35639662433639e-32,"Ap2a2-201",1.35639662433639e-32,"Down"
1.82231879985845e-37,-1.60904674436089,0.128,0.665,1.40052489044321e-32,"Plxnb1-201",1.40052489044321e-32,"Down"
1.92064003124837e-37,-1.33918377883413,0.138,0.702,1.47608868961563e-32,"Inppl1-201",1.47608868961563e-32,"Down"
2.17754890534744e-37,-2.26642858049899,0.055,0.51,1.67353343571572e-32,"Fkbp3-203",1.67353343571572e-32,"Down"
2.51082214817874e-37,-1.8896948365279,0.063,0.535,1.92966725376129e-32,"Caskin1-204",1.92966725376129e-32,"Down"
2.75270368204955e-37,-1.735200489766,0.13,0.657,2.11556288780236e-32,"Gab1-202",2.11556288780236e-32,"Down"
2.91348666896081e-37,-1.65604003395395,0.178,0.731,2.23913104456314e-32,"Cnot1-202",2.23913104456314e-32,"Down"
2.984189617794e-37,-3.05159164237425,0.055,0.498,2.2934690888594e-32,"Cux1-204",2.2934690888594e-32,"Down"
3.67118688090593e-37,-1.409535750192,0.414,0.902,2.82145396545144e-32,"Ctnna1-201",2.82145396545144e-32,"Down"
4.12800310011269e-37,-2.50261757601528,0.05,0.494,3.17253550256061e-32,"Ogt-201",3.17253550256061e-32,"Down"
5.20067111307888e-37,-1.76271917741294,0.053,0.502,3.99692377724564e-32,"Tnks2-201",3.99692377724564e-32,"Down"
5.40039840073417e-37,-1.37198614978434,0.213,0.792,4.15042218690024e-32,"Kdm5c-202",4.15042218690024e-32,"Down"
5.98998416338218e-37,-1.798423093835,0.068,0.535,4.60354242892574e-32,"Stxbp2-207",4.60354242892574e-32,"Down"
6.45968337704302e-37,-1.32601552853094,0.223,0.792,4.96452506259264e-32,"Smg1-201",4.96452506259264e-32,"Down"
6.79017286344431e-37,-1.73089692218773,0.163,0.702,5.21851945247149e-32,"Arid1b-207",5.21851945247149e-32,"Down"
6.80583021125574e-37,-1.77215341473012,0.1,0.604,5.23055275055849e-32,"Prrc2b-202",5.23055275055849e-32,"Down"
7.08429117461354e-37,-1.35426695893894,0.331,0.906,5.44456113933749e-32,"Nacad-201",5.44456113933749e-32,"Down"
7.84507332035287e-37,-1.76131572222825,0.098,0.608,6.02925264962399e-32,"Rassf6-206",6.02925264962399e-32,"Down"
8.10629730707002e-37,-1.38991052559669,0.163,0.718,6.23001373237559e-32,"Rgl1-203",6.23001373237559e-32,"Down"
1.09293256644132e-36,-1.21249924172729,0.211,0.816,8.39962394612814e-32,"Rap2c-201",8.39962394612814e-32,"Down"
1.20398199276342e-36,-2.10526193506845,0.093,0.58,9.25308320718403e-32,"Zbed6-201",9.25308320718403e-32,"Down"
1.25784939673864e-36,-1.27181155213692,0.221,0.8,9.66707575369514e-32,"Xpo1-202",9.66707575369514e-32,"Down"
1.30080892702858e-36,-1.13969486118043,0.12,0.661,9.99723692778543e-32,"Copa-206",9.99723692778543e-32,"Down"
1.30861074649537e-36,-1.12293230511725,0.143,0.706,1.00571970311155e-31,"Inppl1-202",1.00571970311155e-31,"Down"
1.39679416016368e-36,-1.81954267501242,0.068,0.535,1.07349218385219e-31,"Gtf2h1-202",1.07349218385219e-31,"Down"
1.43711214390519e-36,-2.1765339655962,0.1,0.592,1.10447816707689e-31,"Mtus1-202",1.10447816707689e-31,"Down"
1.46998944405402e-36,-1.55971779507977,0.218,0.788,1.12974568733327e-31,"Ep400-201",1.12974568733327e-31,"Down"
1.60308285429956e-36,-1.24994204773485,0.108,0.624,1.23203329684339e-31,"Bcl9l-201",1.23203329684339e-31,"Down"
1.84618528639836e-36,-1.95495428826176,0.1,0.6,1.4188672400086e-31,"Zcchc2-202",1.4188672400086e-31,"Down"
1.85599473906884e-36,-1.80877866533555,0.16,0.686,1.42640619676397e-31,"Ndrg1-201",1.42640619676397e-31,"Down"
1.93214029326088e-36,-1.39507774084524,0.216,0.796,1.48492710098272e-31,"Golga4-201",1.48492710098272e-31,"Down"
1.9949273950247e-36,-1.93364311372465,0.07,0.535,1.53318150017228e-31,"Erc1-201",1.53318150017228e-31,"Down"
2.21357309783206e-36,-2.42011125304677,0.063,0.514,1.70121946860785e-31,"Vgll4-201",1.70121946860785e-31,"Down"
2.45517310382154e-36,-1.48626603274359,0.243,0.816,1.88689873721101e-31,"Tns1-217",1.88689873721101e-31,"Down"
2.84856219829382e-36,-1.31372175528476,0.158,0.702,2.18923399187673e-31,"Sfmbt2-201",2.18923399187673e-31,"Down"
3.48845664182962e-36,-1.84985572607183,0.236,0.759,2.68101846751174e-31,"Ubap2l-202",2.68101846751174e-31,"Down"
3.538474709419e-36,-1.38388425732245,0.155,0.722,2.71945935317688e-31,"Gaa-203",2.71945935317688e-31,"Down"
3.60767548481415e-36,-1.20553194886873,0.125,0.661,2.77264291709907e-31,"Larp4-202",2.77264291709907e-31,"Down"
3.9569449415552e-36,-1.83669557399042,0.103,0.604,3.04107046538284e-31,"Kdm2b-202",3.04107046538284e-31,"Down"
3.9569449415552e-36,-1.83669557399042,0.103,0.604,3.04107046538284e-31,"Kdm2b-203",3.04107046538284e-31,"Down"
4.3164830858777e-36,-1.42801134710997,0.058,0.51,3.31738991082045e-31,"Cdc27-201",3.31738991082045e-31,"Down"
4.32021943811188e-36,-2.80554420543839,0.053,0.482,3.32026144696651e-31,"Phc3-209",3.32026144696651e-31,"Down"
5.92884656980135e-36,-1.41909474009908,0.08,0.563,4.55655574275513e-31,"Ippk-202",4.55655574275513e-31,"Down"
5.98147929375885e-36,-2.34845701928867,0.113,0.596,4.59700609642542e-31,"Macf1-203",4.59700609642542e-31,"Down"
7.10061055516501e-36,-1.2335009769511,0.133,0.678,5.45710323606651e-31,"Uggt1-201",5.45710323606651e-31,"Down"
7.25190902650347e-36,-2.21041704739955,0.063,0.506,5.57338216322897e-31,"Zfyve26-201",5.57338216322897e-31,"Down"
7.68044976317384e-36,-1.57301222119834,0.108,0.608,5.90273286098962e-31,"Mtss1-201",5.90273286098962e-31,"Down"
8.03650099427821e-36,-1.43374037313492,0.231,0.804,6.17637247414257e-31,"Slco4a1-201",6.17637247414257e-31,"Down"
9.39417729801163e-36,-2.31304198708187,0.055,0.494,7.21980102061386e-31,"Fkbp1a-205",7.21980102061386e-31,"Down"
9.42074607154005e-36,-1.94937710726564,0.053,0.49,7.24022018582139e-31,"Stxbp2-201",7.24022018582139e-31,"Down"
9.81173110261677e-36,-2.05438608880438,0.048,0.478,7.54070782160509e-31,"Erbin-203",7.54070782160509e-31,"Down"
1.09055785027552e-35,-1.14982350407503,0.346,0.902,8.38137330250746e-31,"Eef1g-201",8.38137330250746e-31,"Down"
1.15763404769315e-35,-1.23287418611234,0.163,0.743,8.89688071014091e-31,"Vps35-201",8.89688071014091e-31,"Down"
1.20387642025714e-35,-1.83475766692665,0.108,0.604,9.25227184024424e-31,"Dlg5-202",9.25227184024424e-31,"Down"
1.5120596564524e-35,-2.46402758262375,0.045,0.469,1.16207832836993e-30,"Irf9-205",1.16207832836993e-30,"Down"
1.52382289040409e-35,-1.19010111042615,0.173,0.743,1.17111884419116e-30,"Cds1-201",1.17111884419116e-30,"Down"
1.55660987685057e-35,-1.4888120080014,0.125,0.657,1.19631695475474e-30,"Inppl1-203",1.19631695475474e-30,"Down"
1.63004838793194e-35,-2.02285876570772,0.17,0.682,1.25275738806121e-30,"Clip1-203",1.25275738806121e-30,"Down"
1.63149525305211e-35,-1.69502339405021,0.075,0.547,1.25386936178067e-30,"Yme1l1-201",1.25386936178067e-30,"Down"
1.65088905686234e-35,-1.92178222341568,0.125,0.624,1.26877427576098e-30,"Zxdc-203",1.26877427576098e-30,"Down"
1.84555925287695e-35,-1.36685792009245,0.351,0.902,1.41838610820605e-30,"Spen-202",1.41838610820605e-30,"Down"
2.00098006272788e-35,-1.8230818495999,0.058,0.498,1.53783321740889e-30,"Cse1l-201",1.53783321740889e-30,"Down"
2.72008650449607e-35,-1.40730373505828,0.13,0.629,2.09049528216541e-30,"Septin2-201",2.09049528216541e-30,"Down"
2.98481015083013e-35,-1.84536751818547,0.163,0.678,2.29394599331898e-30,"Yap1-201",2.29394599331898e-30,"Down"
3.10280007591167e-35,-1.74533203546921,0.19,0.731,2.38462597034116e-30,"Son-203",2.38462597034116e-30,"Down"
3.10280007591167e-35,-1.72909852773418,0.19,0.731,2.38462597034116e-30,"Son-202",2.38462597034116e-30,"Down"
3.37857652996101e-35,-1.72776669182551,0.088,0.567,2.59657120633624e-30,"Daam1-205",2.59657120633624e-30,"Down"
3.68624336074493e-35,-1.98320877392449,0.063,0.506,2.83302547246691e-30,"Exoc3l4-209",2.83302547246691e-30,"Down"
3.77800379087652e-35,-1.35930072918064,0.165,0.718,2.90354703344024e-30,"Pcm1-204",2.90354703344024e-30,"Down"
3.87351908584622e-35,-1.38799518215173,0.208,0.771,2.97695435823625e-30,"Slc25a4-201",2.97695435823625e-30,"Down"
4.04201744130881e-35,-1.47154798567072,0.125,0.645,3.10645208434347e-30,"Cct4-204",3.10645208434347e-30,"Down"
4.46143870156367e-35,-2.02694251680966,0.073,0.518,3.42879409969974e-30,"Slc39a14-202",3.42879409969974e-30,"Down"
4.57348315928414e-35,-1.53453824803588,0.098,0.592,3.51490474723624e-30,"Abce1-201",3.51490474723624e-30,"Down"
4.90671926957774e-35,-1.59791427941061,0.13,0.649,3.77101002744128e-30,"Steap3-203",3.77101002744128e-30,"Down"
5.8102308309266e-35,-1.92406372087679,0.06,0.502,4.46539480280033e-30,"Prr12-201",4.46539480280033e-30,"Down"
5.85019708819909e-35,-1.91132600457226,0.213,0.731,4.49611047016453e-30,"Bcor-204",4.49611047016453e-30,"Down"
5.95700354332049e-35,-2.44984602815157,0.043,0.457,4.57819550318353e-30,"Mapre2-209",4.57819550318353e-30,"Down"
6.53173160927372e-35,-1.72540898777251,0.088,0.563,5.01989701099122e-30,"Chd8-212",5.01989701099122e-30,"Down"
7.28696986811721e-35,-1.1448784825835,0.133,0.657,5.6003278224428e-30,"Ubr5-201",5.6003278224428e-30,"Down"
9.07344548872045e-35,-1.45697669590121,0.361,0.861,6.97330579590122e-30,"Dynlt1b-201",6.97330579590122e-30,"Down"
9.23862967978888e-35,-1.72488894446592,0.063,0.51,7.10025645410495e-30,"Fam91a1-201",7.10025645410495e-30,"Down"
1.07369607339549e-34,-1.54417205051835,0.411,0.906,8.25178380247373e-30,"Plbd1-201",8.25178380247373e-30,"Down"
1.12119332558171e-34,-1.78162043092825,0.195,0.71,8.61681918442571e-30,"Nap1l1-203",8.61681918442571e-30,"Down"
1.18790621365711e-34,-1.1781556830336,0.358,0.931,9.12953441444031e-30,"Tln1-201",9.12953441444031e-30,"Down"
1.21625328398122e-34,-2.34834607996164,0.053,0.478,9.34739298870925e-30,"Arfgef1-201",9.34739298870925e-30,"Down"
1.21728238002609e-34,-2.06482532627964,0.048,0.473,9.35530200345248e-30,"Tnfaip1-201",9.35530200345248e-30,"Down"
1.50439990035641e-34,-1.2632181474652,0.346,0.894,1.15619149941991e-29,"Spen-201",1.15619149941991e-29,"Down"
1.63767606089656e-34,-1.1219034853201,0.15,0.698,1.25861955984144e-29,"Eps15-202",1.25861955984144e-29,"Down"
1.72603765085811e-34,-1.27178993098296,0.216,0.776,1.32652897619049e-29,"Canx-205",1.32652897619049e-29,"Down"
1.78101119988797e-34,-1.27032874646255,0.088,0.571,1.3687783475619e-29,"Psma1-201",1.3687783475619e-29,"Down"
1.98163183746313e-34,-1.56000718979437,0.1,0.588,1.52296333236391e-29,"Zcchc2-201",1.52296333236391e-29,"Down"
2.04687921351791e-34,-1.37347366983392,0.13,0.641,1.57310855075706e-29,"Zfp207-201",1.57310855075706e-29,"Down"
2.18229045310296e-34,-1.43148532005359,0.185,0.731,1.67717750482775e-29,"Syncrip-201",1.67717750482775e-29,"Down"
2.19384233460158e-34,-1.50657597555901,0.15,0.669,1.6860555878347e-29,"Stt3a-201",1.6860555878347e-29,"Down"
2.39315242557477e-34,-1.33697826458622,0.368,0.918,1.83923336515123e-29,"Ubc-202",1.83923336515123e-29,"Down"
3.0281766405952e-34,-2.04902721664943,0.095,0.563,2.32727487536303e-29,"Fam107b-209",2.32727487536303e-29,"Down"
3.09097150025553e-34,-1.25734420160699,0.246,0.8,2.37553523680639e-29,"Sf3b2-201",2.37553523680639e-29,"Down"
3.19511859577281e-34,-1.22751256537064,0.456,0.959,2.45557644559524e-29,"Tcf20-201",2.45557644559524e-29,"Down"
3.39634468108309e-34,-1.12823129972969,0.401,0.927,2.6102267411996e-29,"Trip12-201",2.6102267411996e-29,"Down"
3.46976438273731e-34,-1.66345386985801,0.188,0.718,2.66665271870893e-29,"Son-208",2.66665271870893e-29,"Down"
3.74029318463018e-34,-1.25287257584707,0.17,0.718,2.87456492411568e-29,"Pcm1-201",2.87456492411568e-29,"Down"
3.87176986799734e-34,-1.79781852126623,0.063,0.498,2.97561001435068e-29,"Ppp1r10-202",2.97561001435068e-29,"Down"
4.34282045793103e-34,-1.60948690270887,0.075,0.531,3.33763123473831e-29,"Gpr137b-201",3.33763123473831e-29,"Down"
4.62631090096511e-34,-1.68501284043285,0.075,0.527,3.55550497982772e-29,"Hyou1-206",3.55550497982772e-29,"Down"
4.88622899127829e-34,-1.69445207453364,0.06,0.502,3.75526242895702e-29,"Supt5-202",3.75526242895702e-29,"Down"
5.52612155506812e-34,-1.77017939577807,0.085,0.543,4.24704545993205e-29,"Slc6a8-201",4.24704545993205e-29,"Down"
5.8149314111948e-34,-1.97341418392487,0.055,0.482,4.46900738675965e-29,"Irf9-202",4.46900738675965e-29,"Down"
5.88728450444526e-34,-1.31066679986476,0.07,0.527,4.52461363304636e-29,"Supt5-201",4.52461363304636e-29,"Down"
6.01564025480704e-34,-1.81881043804891,0.088,0.559,4.6232601614294e-29,"Git2-217",4.6232601614294e-29,"Down"
6.09465534561314e-34,-2.43858265737406,0.058,0.482,4.68398641931752e-29,"Erc1-207",4.68398641931752e-29,"Down"
6.60803671261477e-34,-1.69403775307691,0.195,0.706,5.07854053511296e-29,"Kmt2c-201",5.07854053511296e-29,"Down"
7.03863071240739e-34,-1.27437023131451,0.13,0.641,5.40946924771357e-29,"Ubr5-204",5.40946924771357e-29,"Down"
7.14595453927106e-34,-2.39418188696748,0.13,0.612,5.49195190161138e-29,"Srcap-207",5.49195190161138e-29,"Down"
7.32226424014023e-34,-1.55165635970781,0.223,0.751,5.62745295911737e-29,"Ctsa-202",5.62745295911737e-29,"Down"
7.83259338768568e-34,-1.46319774505385,0.113,0.6,6.01966132217195e-29,"Polg-201",6.01966132217195e-29,"Down"
8.13980116271505e-34,-1.34891496324627,0.17,0.722,6.25576278559303e-29,"Pard6g-201",6.25576278559303e-29,"Down"
8.15802212495842e-34,-1.59208760987806,0.11,0.596,6.26976632391555e-29,"Tpp2-207",6.26976632391555e-29,"Down"
8.27175810052732e-34,-1.79705139013028,0.045,0.457,6.35717697057927e-29,"Sgce-204",6.35717697057927e-29,"Down"
8.31690995494252e-34,-1.17222116341148,0.12,0.633,6.39187797677153e-29,"Crkl-201",6.39187797677153e-29,"Down"
8.44306225963383e-34,-2.13467732061094,0.083,0.539,6.48883106901898e-29,"Dmxl2-202",6.48883106901898e-29,"Down"
9.45133405007288e-34,-1.12755352760215,0.148,0.69,7.26372827084301e-29,"Lgmn-202",7.26372827084301e-29,"Down"
9.53552448803153e-34,-2.02689092141915,0.055,0.482,7.32843199003175e-29,"Ankrd50-204",7.32843199003175e-29,"Down"
9.99262578102751e-34,-1.7899240368555,0.065,0.498,7.67973261775088e-29,"Ppp1r10-201",7.67973261775088e-29,"Down"
1.11308029385109e-33,-1.10689403970187,0.165,0.702,8.55446729036318e-29,"Sbno1-201",8.55446729036318e-29,"Down"
1.11947205933775e-33,-1.10754530896488,0.183,0.743,8.60359056483434e-29,"Bptf-203",8.60359056483434e-29,"Down"
1.19621254476961e-33,-2.07259042392525,0.045,0.453,9.19337189157233e-29,"Irf9-203",9.19337189157233e-29,"Down"
1.54962146638299e-33,-1.36280048407289,0.358,0.89,1.19094608177398e-28,"Cul4b-203",1.19094608177398e-28,"Down"
1.59847595052624e-33,-1.30002859521521,0.113,0.612,1.22849270701743e-28,"Drosha-207",1.22849270701743e-28,"Down"
1.65273302249451e-33,-1.52504759516854,0.188,0.714,1.27019143710793e-28,"Trrap-203",1.27019143710793e-28,"Down"
1.79468734192949e-33,-1.49725917543866,0.103,0.604,1.37928900976649e-28,"Kat6a-204",1.37928900976649e-28,"Down"
1.90610788694126e-33,-2.19375407868229,0.045,0.449,1.46492015542984e-28,"Mapre2-202",1.46492015542984e-28,"Down"
1.9506561883813e-33,-1.49865493468322,0.293,0.816,1.49915730701856e-28,"Wnk3-205",1.49915730701856e-28,"Down"
2.0467135864757e-33,-1.30867426652689,0.188,0.739,1.57298125975004e-28,"Bnip3l-201",1.57298125975004e-28,"Down"
2.09592652569769e-33,-1.18984370594291,0.098,0.584,1.6108033720597e-28,"Gaa-201",1.6108033720597e-28,"Down"
2.27445605923483e-33,-2.11379638787951,0.128,0.608,1.74801045976434e-28,"Anxa2-201",1.74801045976434e-28,"Down"
2.37629807305481e-33,-2.08288385231906,0.193,0.661,1.82628012106554e-28,"Amot-203",1.82628012106554e-28,"Down"
2.42401073418217e-33,-1.63549178027781,0.165,0.669,1.86294920964837e-28,"Arhgap31-201",1.86294920964837e-28,"Down"
2.46180395854128e-33,-1.21580322655729,0.211,0.796,1.89199481429732e-28,"Zfp36l3-201",1.89199481429732e-28,"Down"
2.47669064240877e-33,-1.51916473712298,0.291,0.837,1.90343582631684e-28,"Sptan1-202",1.90343582631684e-28,"Down"
2.49325399239803e-33,-1.51427235075703,0.16,0.686,1.91616542331758e-28,"Nktr-201",1.91616542331758e-28,"Down"
2.60914843631767e-33,-1.14165283602679,0.118,0.612,2.00523493924758e-28,"Phf3-205",2.00523493924758e-28,"Down"
2.60914843631767e-33,-1.14165283602679,0.118,0.612,2.00523493924758e-28,"Phf3-201",2.00523493924758e-28,"Down"
2.87397969438578e-33,-1.66267824980616,0.06,0.486,2.20876835432325e-28,"Mapre2-201",2.20876835432325e-28,"Down"
3.00065492736079e-33,-1.47406410434296,0.108,0.612,2.30612333787386e-28,"Kat6a-202",2.30612333787386e-28,"Down"
3.09116281222725e-33,-1.17806163576777,0.11,0.604,2.37568226770913e-28,"Rars-201",2.37568226770913e-28,"Down"
3.24279049010987e-33,-3.59002215584228,0.023,0.384,2.49221420326904e-28,"Rdh12-204",2.49221420326904e-28,"Down"
3.3138006742431e-33,-1.96175522754462,0.03,0.412,2.54678837018279e-28,"Setd1b-206",2.54678837018279e-28,"Down"
3.58746465162848e-33,-1.95954203902793,0.068,0.502,2.75711008336255e-28,"Zfp106-211",2.75711008336255e-28,"Down"
3.78772232564538e-33,-1.50351307548005,0.316,0.824,2.9110161161515e-28,"Cul4b-202",2.9110161161515e-28,"Down"
3.85834269981374e-33,-2.01377180215493,0.075,0.51,2.96529069851485e-28,"Dvl3-204",2.96529069851485e-28,"Down"
4.04959894544555e-33,-1.14789561618814,0.113,0.62,3.11227877353272e-28,"Otud4-203",3.11227877353272e-28,"Down"
4.0629959237319e-33,-1.21429130948751,0.243,0.837,3.12257488722491e-28,"Copb2-201",3.12257488722491e-28,"Down"
4.46838991725871e-33,-1.21591118539786,0.12,0.624,3.43413638701001e-28,"Drosha-201",3.43413638701001e-28,"Down"
4.47334282941177e-33,-1.32192156414882,0.203,0.747,3.43794289811612e-28,"Mycbp2-201",3.43794289811612e-28,"Down"
4.75538072110586e-33,-1.50744294051533,0.103,0.584,3.6547002993987e-28,"Daam1-201",3.6547002993987e-28,"Down"
5.02315904206383e-33,-2.25997012597813,0.043,0.441,3.86049865018773e-28,"Itm2a-201",3.86049865018773e-28,"Down"
5.0585940871744e-33,-1.6983445248985,0.113,0.588,3.88773189975701e-28,"Pknox1-201",3.88773189975701e-28,"Down"
5.58559849071122e-33,-1.00766223625475,0.145,0.678,4.2927558640512e-28,"Vps26a-201",4.2927558640512e-28,"Down"
6.00259760265778e-33,-1.13613396413557,0.201,0.755,4.61323636154661e-28,"Jade3-202",4.61323636154661e-28,"Down"
6.14886561080351e-33,-1.49291396666113,0.058,0.482,4.72564917652693e-28,"Gpr137b-206",4.72564917652693e-28,"Down"
6.49565893115094e-33,-1.43647338012487,0.185,0.698,4.99217371494674e-28,"Serpine2-201",4.99217371494674e-28,"Down"
6.6476648532251e-33,-2.10573840902311,0.063,0.486,5.10899634629762e-28,"Fam83g-202",5.10899634629762e-28,"Down"
6.8083934888471e-33,-1.92188867442576,0.058,0.478,5.23252273191855e-28,"Ap1g1-201",5.23252273191855e-28,"Down"
6.93577088830671e-33,-1.29901625514263,0.133,0.641,5.33041735849924e-28,"Naa15-205",5.33041735849924e-28,"Down"
7.59782867274195e-33,-2.10035957639042,0.13,0.616,5.8392352481491e-28,"Ube4b-202",5.8392352481491e-28,"Down"
8.29719141064703e-33,-1.38571611086449,0.236,0.776,6.37672348673867e-28,"Tns1-201",6.37672348673867e-28,"Down"
8.41249495255047e-33,-2.13117450351875,0.1,0.539,6.46533887083314e-28,"Tead3-202",6.46533887083314e-28,"Down"
9.90443984260559e-33,-1.59418717561345,0.148,0.645,7.6119581966361e-28,"Cnot1-201",7.6119581966361e-28,"Down"
1.02212277747315e-32,-2.02624276977175,0.246,0.735,7.85542239399216e-28,"Wnk1-203",7.85542239399216e-28,"Down"
1.06297218911808e-32,-1.56803360130566,0.08,0.527,8.16936646224812e-28,"Hyou1-201",8.16936646224812e-28,"Down"
1.11848674348015e-32,-1.57099523443774,0.19,0.698,8.59601801834238e-28,"Fam90a1b-201",8.59601801834238e-28,"Down"
1.30481764326562e-32,-1.12995383446824,0.509,0.976,1.00280455155536e-27,"Ddb1-201",1.00280455155536e-27,"Down"
1.41509656983454e-32,-1.41501141377282,0.063,0.49,1.08755831778064e-27,"Sgce-205",1.08755831778064e-27,"Down"
1.42106264517981e-32,-1.63350840731047,0.251,0.776,1.09214348532649e-27,"Septin9-205",1.09214348532649e-27,"Down"
1.45968535648619e-32,-1.80597796313676,0.115,0.588,1.12182658387389e-27,"Rbmx-201",1.12182658387389e-27,"Down"
1.49875210075263e-32,-1.33916181515123,0.125,0.624,1.15185093951243e-27,"Ino80d-201",1.15185093951243e-27,"Down"
1.50477881221207e-32,-1.31093231023959,0.133,0.629,1.15648270833746e-27,"Zfp207-207",1.15648270833746e-27,"Down"
1.77157130517532e-32,-1.5006725963698,0.12,0.612,1.36152341087944e-27,"Pbrm1-207",1.36152341087944e-27,"Down"
1.83133992055129e-32,-1.63291577468831,0.055,0.465,1.40745798254049e-27,"Slc3a2-202",1.40745798254049e-27,"Down"
1.89516856850565e-32,2.42805597124988,0.787,0.751,1.45651285163933e-27,"Txnl1-206",1.45651285163933e-27,"Up"
1.90974966954477e-32,-1.27126524521151,0.13,0.641,1.46771901103194e-27,"Rere-202",1.46771901103194e-27,"Down"
2.03317865617011e-32,-1.28098896546327,0.133,0.637,1.56257912441297e-27,"Naa15-201",1.56257912441297e-27,"Down"
2.30431078440233e-32,-1.95255139562977,0.03,0.408,1.77095501024457e-27,"Zfp148-201",1.77095501024457e-27,"Down"
2.34205169200316e-32,-1.73110179918872,0.085,0.522,1.79996040737211e-27,"Aldoa-203",1.79996040737211e-27,"Down"
2.34205169200316e-32,-1.73110179918872,0.085,0.522,1.79996040737211e-27,"ENSMUST00000381763.1",1.79996040737211e-27,"Down"
2.36599515120273e-32,-1.59803275392284,0.09,0.547,1.81836191350535e-27,"Dnajc13-203",1.81836191350535e-27,"Down"
2.47822277886452e-32,-1.31849540235937,0.065,0.498,1.90461333446853e-27,"Mta3-204",1.90461333446853e-27,"Down"
2.59274440018227e-32,-1.92602990623321,0.03,0.404,1.99262778131608e-27,"Setd1b-201",1.99262778131608e-27,"Down"
2.69800115171743e-32,-1.41468053707707,0.128,0.62,2.07352180514092e-27,"Steap3-201",2.07352180514092e-27,"Down"
2.82840924569276e-32,-1.64517368364204,0.078,0.514,2.17374564168471e-27,"Arih1-207",2.17374564168471e-27,"Down"
2.94651054301474e-32,-1.99531482000542,0.045,0.441,2.26451121272855e-27,"Rnf111-202",2.26451121272855e-27,"Down"
2.95858044599383e-32,-1.81596372017605,0.15,0.633,2.2737874159641e-27,"Cnot1-216",2.2737874159641e-27,"Down"
3.19866809534241e-32,-1.28008539520131,0.125,0.624,2.45830437799446e-27,"Vmp1-201",2.45830437799446e-27,"Down"
3.24862288737047e-32,-1.43627868519702,0.08,0.527,2.4966966338597e-27,"Baz2a-208",2.4966966338597e-27,"Down"
3.25272801879205e-32,-1.42121058813226,0.095,0.563,2.49985159156244e-27,"Akap9-201",2.49985159156244e-27,"Down"
3.30579414485504e-32,-1.230267257494,0.118,0.608,2.5406350320869e-27,"Nufip2-201",2.5406350320869e-27,"Down"
3.33879140957108e-32,-1.87651430613875,0.085,0.522,2.56599474991176e-27,"Lamp2-202",2.56599474991176e-27,"Down"
3.34745038388177e-32,-1.7987585653643,0.053,0.461,2.57264951802849e-27,"Psma1-203",2.57264951802849e-27,"Down"
3.61262077935862e-32,-1.52859533607085,0.178,0.698,2.77644357376827e-27,"Fndc3b-204",2.77644357376827e-27,"Down"
3.72711423559414e-32,-1.30721136980982,0.223,0.767,2.86443637462352e-27,"Herc1-201",2.86443637462352e-27,"Down"
3.87198438961141e-32,-3.03690961134612,0.045,0.433,2.97577488279195e-27,"L1td1-204",2.97577488279195e-27,"Down"
4.14893946182619e-32,-1.41009159156569,0.163,0.669,3.1886259339919e-27,"Prpf8-202",3.1886259339919e-27,"Down"
4.51487705666429e-32,-1.33845520735146,0.063,0.486,3.46986361312877e-27,"Arhgef3-201",3.46986361312877e-27,"Down"
4.98279308313677e-32,-1.82229935054936,0.095,0.543,3.82947579611393e-27,"Frmd4a-202",3.82947579611393e-27,"Down"
5.38457009761318e-32,-1.55250631134125,0.078,0.518,4.13825750281964e-27,"Baz2a-201",4.13825750281964e-27,"Down"
5.59242725923254e-32,-1.50024933912515,0.203,0.731,4.29800404581057e-27,"Wdfy3-201",4.29800404581057e-27,"Down"
5.82015432534558e-32,-1.10949111991784,0.165,0.698,4.47302140520109e-27,"Tab2-204",4.47302140520109e-27,"Down"
6.01788943593836e-32,-1.13278410649572,0.14,0.657,4.62498874709606e-27,"Hibadh-201",4.62498874709606e-27,"Down"
6.18694743782e-32,-1.11694352108989,0.103,0.571,4.75491658386218e-27,"Erc1-203",4.75491658386218e-27,"Down"
6.28345332426378e-32,-2.85649046068801,0.023,0.38,4.82908521782968e-27,"Capns1-208",4.82908521782968e-27,"Down"
6.29821808088343e-32,-2.31405691634199,0.043,0.429,4.84043252388215e-27,"Cpd-201",4.84043252388215e-27,"Down"
6.38835806748747e-32,-1.69724508086702,0.063,0.482,4.90970870918682e-27,"Rapgef1-203",4.90970870918682e-27,"Down"
6.62170891653687e-32,-1.12081153317199,0.16,0.69,5.08904817071525e-27,"Prdm2-201",5.08904817071525e-27,"Down"
6.81341991956075e-32,-1.39673567263814,0.218,0.743,5.23638574497922e-27,"Golgb1-203",5.23638574497922e-27,"Down"
6.95858252647946e-32,-2.39130544636122,0.035,0.412,5.34794901490053e-27,"Ap2a1-202",5.34794901490053e-27,"Down"
7.03203241641636e-32,-1.69519081114192,0.07,0.498,5.40439819331263e-27,"Kif16b-205",5.40439819331263e-27,"Down"
7.05712273139601e-32,-1.28900154103828,0.065,0.494,5.42368110398709e-27,"Mta3-203",5.42368110398709e-27,"Down"
7.31451425670729e-32,-1.5334109680719,0.103,0.563,5.62149678684982e-27,"Pepd-201",5.62149678684982e-27,"Down"
7.34933647341701e-32,-1.14547592301397,0.188,0.722,5.64825905327991e-27,"Mtmr4-203",5.64825905327991e-27,"Down"
7.49645740537452e-32,-1.5018372345004,0.133,0.616,5.76132737432653e-27,"Rbmx-203",5.76132737432653e-27,"Down"
8.14209188783144e-32,-1.72814238382412,0.103,0.547,6.25752329947398e-27,"Rtn4-205",6.25752329947398e-27,"Down"
8.17886662579962e-32,-1.11812167361298,0.18,0.706,6.28578615659204e-27,"Ppp1cb-201",6.28578615659204e-27,"Down"
9.55924341769551e-32,-2.51492402311369,0.033,0.404,7.3466609362357e-27,"Asap2-201",7.3466609362357e-27,"Down"
1.00255444084689e-31,-2.17946850503083,0.033,0.4,7.70503189968469e-27,"Mgat4a-205",7.70503189968469e-27,"Down"
1.0805081388407e-31,-2.13082649017602,0.1,0.547,8.30413725024635e-27,"Morc4-202",8.30413725024635e-27,"Down"
1.0918298264961e-31,-1.00475081395814,0.183,0.727,8.39114894855316e-27,"Bptf-202",8.39114894855316e-27,"Down"
1.1777534728601e-31,-1.71501114909262,0.103,0.563,9.051506540319e-27,"Kdm2b-205",9.051506540319e-27,"Down"
1.2375404334162e-31,-1.19026313777855,0.103,0.576,9.5109932469769e-27,"Larp4-201",9.5109932469769e-27,"Down"
1.24006434605725e-31,-1.43725368403877,0.113,0.58,9.5303905251884e-27,"Cops2-203",9.5303905251884e-27,"Down"
1.46510738496166e-31,-1.04001124887212,0.331,0.906,1.12599362963844e-26,"Tax1bp1-201",1.12599362963844e-26,"Down"
1.50713591446846e-31,-2.84165331479932,0.02,0.367,1.15829423570559e-26,"Pacs1-201",1.15829423570559e-26,"Down"
1.54245834629987e-31,-1.22466880913724,0.06,0.478,1.1854409374653e-26,"Slc22a5-201",1.1854409374653e-26,"Down"
1.57091386039162e-31,-2.15680588468827,0.125,0.588,1.20731013826537e-26,"Akap12-201",1.20731013826537e-26,"Down"
1.59563926556835e-31,-1.94153491154794,0.048,0.441,1.2263126011599e-26,"Arhgef3-204",1.2263126011599e-26,"Down"
1.71236576655752e-31,-1.53111345553864,0.075,0.51,1.31602158623012e-26,"Hadhb-202",1.31602158623012e-26,"Down"
1.76982714753235e-31,-1.39079671163551,0.183,0.69,1.36018295596451e-26,"Trrap-201",1.36018295596451e-26,"Down"
1.83454387431126e-31,-2.81165525871008,0.023,0.376,1.40992034916318e-26,"Capns1-202",1.40992034916318e-26,"Down"
2.12719332771371e-31,-1.36944357194446,0.128,0.612,1.63483316008109e-26,"Steap3-204",1.63483316008109e-26,"Down"
2.26093686711724e-31,-1.09366775393857,0.148,0.653,1.73762041985428e-26,"Cycs-202",1.73762041985428e-26,"Down"
2.36519422796448e-31,-1.22198042976786,0.065,0.49,1.81774637195982e-26,"Tnfaip1-202",1.81774637195982e-26,"Down"
2.60684207694006e-31,-1.5926657774347,0.153,0.637,2.00346240981151e-26,"Ptbp1-215",2.00346240981151e-26,"Down"
2.87288872684981e-31,-1.40545598242643,0.163,0.665,2.20792990213315e-26,"Rbmx-202",2.20792990213315e-26,"Down"
2.88906802428512e-31,-1.8873500696374,0.03,0.396,2.22036433938409e-26,"Dusp3-206",2.22036433938409e-26,"Down"
2.90769298557328e-31,-1.2023406325557,0.08,0.518,2.23467836713249e-26,"Ergic2-208",2.23467836713249e-26,"Down"
2.96120438895377e-31,-1.20903253771561,0.128,0.62,2.27580402108653e-26,"Ap3b1-201",2.27580402108653e-26,"Down"
3.07022455219945e-31,-2.18276753392214,0.476,0.841,2.35959037734737e-26,"Eif4g1-202",2.35959037734737e-26,"Down"
3.07178770452546e-31,-1.72122865059788,0.073,0.498,2.36079172243599e-26,"Baz2a-202",2.36079172243599e-26,"Down"
3.3340512407838e-31,-1.37313948534934,0.095,0.535,2.56235174059198e-26,"Aldoa-202",2.56235174059198e-26,"Down"
3.35735905229489e-31,-1.01148176705475,0.1,0.563,2.58026472605072e-26,"Smarcb1-201",2.58026472605072e-26,"Down"
3.38098612551129e-31,-1.09461672357159,0.153,0.661,2.59842307690045e-26,"Ncoa4-202",2.59842307690045e-26,"Down"
4.07220886191226e-31,-1.50335985982475,0.098,0.551,3.12965539873405e-26,"Bace1-201",3.12965539873405e-26,"Down"
4.29598305920385e-31,-1.8934487773144,0.063,0.465,3.30163482032053e-26,"Lcp1-206",3.30163482032053e-26,"Down"
4.58373182043545e-31,-1.16339461479836,0.449,0.935,3.52278125327746e-26,"Tcf20-202",3.52278125327746e-26,"Down"
4.62511772316178e-31,-1.03277940407489,0.175,0.702,3.55458797495876e-26,"Stam2-201",3.55458797495876e-26,"Down"
4.84784237626425e-31,-1.73618466046082,0.093,0.522,3.72576077985413e-26,"Sdk2-201",3.72576077985413e-26,"Down"
4.98325340537844e-31,-1.69537554367214,0.095,0.535,3.82982957216955e-26,"Frmd4a-219",3.82982957216955e-26,"Down"
4.98325340537844e-31,-1.69537554367214,0.095,0.535,3.82982957216955e-26,"Frmd4a-201",3.82982957216955e-26,"Down"
5.03830191513007e-31,-1.58967201180834,0.045,0.429,3.87213655385406e-26,"Med13-201",3.87213655385406e-26,"Down"
6.04347316323743e-31,-2.97068213215062,0.04,0.408,4.6446508648745e-26,"Bltp1-217",4.6446508648745e-26,"Down"
6.2114926816555e-31,-1.29121772655215,0.138,0.633,4.77378058555952e-26,"Bod1l-201",4.77378058555952e-26,"Down"
6.24614372522236e-31,-1.52319116075079,0.148,0.624,4.80041129858239e-26,"Trrap-202",4.80041129858239e-26,"Down"
6.27075774344818e-31,-1.25786420195003,0.075,0.494,4.81932815614966e-26,"Lcp1-209",4.81932815614966e-26,"Down"
6.55117805487138e-31,-1.13647689769899,0.113,0.588,5.03484238229085e-26,"Uggt1-209",5.03484238229085e-26,"Down"
8.03531963509729e-31,-1.63953984887138,0.063,0.473,6.17546455235767e-26,"Gatad2a-202",6.17546455235767e-26,"Down"
8.1694056926171e-31,-1.16515272086319,0.165,0.673,6.27851505100395e-26,"Mtmr4-201",6.27851505100395e-26,"Down"
8.31166265295277e-31,-1.1081625265987,0.078,0.51,6.38784521530032e-26,"Hadhb-203",6.38784521530032e-26,"Down"
8.36235948562838e-31,-1.03676718616797,0.165,0.698,6.42680775908483e-26,"Mvp-201",6.42680775908483e-26,"Down"
8.81190772650598e-31,-1.49087635898541,0.118,0.58,6.7723035641289e-26,"Hexb-201",6.7723035641289e-26,"Down"
8.98596133459005e-31,-1.20124991379329,0.301,0.845,6.90607072408584e-26,"Ctsa-201",6.90607072408584e-26,"Down"
9.51156743277819e-31,-1.64367369986509,0.03,0.388,7.31002003478735e-26,"Tmcc3-203",7.31002003478735e-26,"Down"
1.01965350048434e-30,-1.25023743506537,0.093,0.543,7.83644501262238e-26,"Nipbl-201",7.83644501262238e-26,"Down"
1.22299105029972e-30,-1.59913357174267,0.06,0.461,9.39917541797348e-26,"Tasor2-201",9.39917541797348e-26,"Down"
1.25576967258331e-30,-1.50111516676638,0.038,0.408,9.65109224167175e-26,"Megf9-202",9.65109224167175e-26,"Down"
1.35837689538692e-30,-1.97850722177528,0.058,0.453,1.04396697918066e-25,"Phlpp2-203",1.04396697918066e-25,"Down"
1.39894304237719e-30,-1.83556046054931,0.07,0.478,1.07514368578857e-25,"Exoc3-201",1.07514368578857e-25,"Down"
1.57017601980401e-30,-1.75764640132969,0.085,0.514,1.20674307826017e-25,"Prrc2b-201",1.20674307826017e-25,"Down"
1.57138182493547e-30,-1.78604294462968,0.12,0.576,1.20766978773591e-25,"Mtmr10-201",1.20766978773591e-25,"Down"
1.66281421455306e-30,-1.65245600914627,0.075,0.494,1.27793923645261e-25,"Brd3-210",1.27793923645261e-25,"Down"
1.72348453238821e-30,-1.07184896322166,0.286,0.837,1.32456680252163e-25,"Plin2-201",1.32456680252163e-25,"Down"
1.73627677524554e-30,-1.40387664949582,0.125,0.592,1.33439815284721e-25,"Stag1-206",1.33439815284721e-25,"Down"
2.04529703347676e-30,-1.01839492592476,0.323,0.906,1.57189258210823e-25,"Rad21-201",1.57189258210823e-25,"Down"
2.07464606069149e-30,-1.37001538700424,0.083,0.522,1.59444848348384e-25,"Sec16a-202",1.59444848348384e-25,"Down"
2.07464606069149e-30,-1.37001538700424,0.083,0.522,1.59444848348384e-25,"Sec16a-201",1.59444848348384e-25,"Down"
2.10353797378416e-30,-1.44935526282732,0.075,0.498,1.61665307437208e-25,"Baz2a-209",1.61665307437208e-25,"Down"
2.20676689412723e-30,-1.41312020006945,0.153,0.624,1.69598862881254e-25,"Slc6a6-201",1.69598862881254e-25,"Down"
2.21217303572281e-30,-1.3610795339747,0.088,0.531,1.70014346487441e-25,"Kdm4a-203",1.70014346487441e-25,"Down"
2.3931398171089e-30,-1.43483843562069,0.093,0.535,1.83922367504088e-25,"Dyrk1a-202",1.83922367504088e-25,"Down"
2.41833591017776e-30,-1.73247575200813,0.065,0.465,1.85858788040802e-25,"Bltp1-201",1.85858788040802e-25,"Down"
2.425514371915e-30,-1.74639300749791,0.05,0.437,1.86410481539155e-25,"Rnf111-207",1.86410481539155e-25,"Down"
2.49809038222977e-30,-1.20615576892561,0.296,0.784,1.91988238235887e-25,"Helz-201",1.91988238235887e-25,"Down"
2.56419990066497e-30,-1.04315943338152,0.158,0.665,1.97069019165706e-25,"Wdr26-209",1.97069019165706e-25,"Down"
2.56419990066497e-30,-1.04315943511833,0.158,0.665,1.97069019165706e-25,"Wdr26-207",1.97069019165706e-25,"Down"
2.81288031726073e-30,-1.29313380181495,0.163,0.669,2.16181103902756e-25,"Serpinb9d-201",2.16181103902756e-25,"Down"
3.20768032008816e-30,-1.31058122536121,0.093,0.535,2.46523063320055e-25,"Psd4-202",2.46523063320055e-25,"Down"
3.53962412347159e-30,-1.97255177059884,0.058,0.449,2.72034272385286e-25,"Phlpp2-201",2.72034272385286e-25,"Down"
3.81757425046005e-30,-1.25245564301897,0.113,0.58,2.93395851444857e-25,"Stk10-201",2.93395851444857e-25,"Down"
3.99938464082008e-30,-1.10075311132812,0.449,0.935,3.07368707185587e-25,"Ddx3x-201",3.07368707185587e-25,"Down"
4.07910981151002e-30,-2.25670615231967,0.035,0.396,3.13495905453791e-25,"Sgce-211",3.13495905453791e-25,"Down"
4.17072453296385e-30,-1.4345412227671,0.113,0.563,3.20536863256404e-25,"Stag1-201",3.20536863256404e-25,"Down"
4.52831205444992e-30,-2.03963624639684,0.073,0.478,3.48018894632694e-25,"Scap-201",3.48018894632694e-25,"Down"
4.66273578367534e-30,-1.82971557129706,0.221,0.678,3.58349895918585e-25,"Amot-201",3.58349895918585e-25,"Down"
4.90501919820046e-30,-2.8517230814345,0.023,0.359,3.76970345458498e-25,"Fkbp3-205",3.76970345458498e-25,"Down"
5.18374066469965e-30,-1.15642674081312,0.14,0.629,3.98391205044827e-25,"Sp3-201",3.98391205044827e-25,"Down"
5.63663849204777e-30,-1.44705797162963,0.085,0.514,4.3319821466784e-25,"Dyrk1a-201",4.3319821466784e-25,"Down"
5.9192742313773e-30,-1.58721091228568,0.063,0.465,4.54919901778271e-25,"Rsl1d1-201",4.54919901778271e-25,"Down"
6.12814014056704e-30,-1.93161719338536,0.17,0.637,4.70972082363139e-25,"Clip1-204",4.70972082363139e-25,"Down"
6.17627904104277e-30,-1.56546272148476,0.103,0.547,4.74671749420301e-25,"Zfp516-202",4.74671749420301e-25,"Down"
6.20809179536381e-30,-1.15629387464149,0.185,0.706,4.77116686840891e-25,"Vezf1-201",4.77116686840891e-25,"Down"
6.93060699976204e-30,-1.00207927161776,0.175,0.702,5.32644870359712e-25,"Slk-202",5.32644870359712e-25,"Down"
7.25014419076077e-30,-2.82713542182571,0.043,0.404,5.57202581636728e-25,"Plagl1-202",5.57202581636728e-25,"Down"
7.38568815751497e-30,-1.84094748283498,0.19,0.653,5.67619677657655e-25,"Ctnnd1-219",5.67619677657655e-25,"Down"
7.93702736119042e-30,-1.13706391286119,0.115,0.571,6.09992300816929e-25,"Tinagl1-203",6.09992300816929e-25,"Down"
8.22598075340103e-30,-1.20814213598868,0.085,0.518,6.32199524821883e-25,"Hadhb-201",6.32199524821883e-25,"Down"
8.27983112462615e-30,-1.50419549490618,0.08,0.502,6.36338141252018e-25,"Eif3e-204",6.36338141252018e-25,"Down"
8.39891335264092e-30,-1.2644245408822,0.17,0.653,6.45490086803865e-25,"Zmiz1-208",6.45490086803865e-25,"Down"
9.3639262019672e-30,-1.19690984282606,0.178,0.698,7.19655184325987e-25,"Ltv1-201",7.19655184325987e-25,"Down"
9.95956473763085e-30,-1.0266610877991,0.14,0.629,7.65432388345881e-25,"Sesn1-202",7.65432388345881e-25,"Down"
1.01013987946024e-29,-1.24990322667446,0.353,0.878,7.76332902960369e-25,"Lonp2-201",7.76332902960369e-25,"Down"
1.08194489918149e-29,-1.75873363588751,0.063,0.457,8.31517932816942e-25,"Gpr137b-202",8.31517932816942e-25,"Down"
1.08803973277966e-29,-1.79320430113793,0.058,0.449,8.3620205623048e-25,"Rapgef1-201",8.3620205623048e-25,"Down"
1.10133853021553e-29,-1.61815027822619,0.135,0.588,8.46422714011843e-25,"Trrap-215",8.46422714011843e-25,"Down"
1.10746140463647e-29,-1.22866863607173,0.095,0.539,8.51128387919312e-25,"Larp4-209",8.51128387919312e-25,"Down"
1.121885502349e-29,-1.99814598795233,0.113,0.555,8.62213883975297e-25,"Esrp1-203",8.62213883975297e-25,"Down"
1.13938128921827e-29,-2.09872663865196,0.035,0.392,8.75660096015811e-25,"Plekha7-203",8.75660096015811e-25,"Down"
1.17559172904367e-29,-1.26878252971225,0.213,0.718,9.03489267439226e-25,"Ncoa6-201",9.03489267439226e-25,"Down"
1.19502905906786e-29,-1.61489727164317,0.07,0.478,9.18427633056011e-25,"Baz2a-203",9.18427633056011e-25,"Down"
1.22574557134922e-29,-1.26482032390197,0.105,0.535,9.42034501404732e-25,"Eps8-202",9.42034501404732e-25,"Down"
1.22836533129779e-29,-2.63541655402026,0.028,0.367,9.44047891715604e-25,"Cse1l-210",9.44047891715604e-25,"Down"
1.23255666464006e-29,-1.26934239972764,0.11,0.559,9.47269099042471e-25,"Tpp2-201",9.47269099042471e-25,"Down"
1.266798992386e-29,-1.46990181884163,0.175,0.665,9.7358569760834e-25,"Jarid2-216",9.7358569760834e-25,"Down"
1.27132016205165e-29,-1.22028445707526,0.138,0.62,9.77060397343178e-25,"Bod1l-204",9.77060397343178e-25,"Down"
1.37715924493005e-29,-1.28895498555671,0.173,0.673,1.05840196609854e-24,"Bclaf1-201",1.05840196609854e-24,"Down"
1.41023311379093e-29,-1.55951839536901,0.085,0.506,1.08382055727288e-24,"Ppfibp2-202",1.08382055727288e-24,"Down"
1.45595703337273e-29,-2.44730710463842,0.023,0.355,1.11896121842828e-24,"Tmcc3-202",1.11896121842828e-24,"Down"
1.45844893677285e-29,-1.74702694030982,0.063,0.457,1.12087634586741e-24,"Kmt2a-201",1.12087634586741e-24,"Down"
1.4614228624098e-29,-1.40335441169971,0.058,0.449,1.12316192667643e-24,"Sgce-209",1.12316192667643e-24,"Down"
1.4728624763549e-29,-1.19664366796697,0.326,0.849,1.13195372757779e-24,"Eif4b-201",1.13195372757779e-24,"Down"
1.47782097165254e-29,-1.10191731139815,0.351,0.873,1.13576452955384e-24,"Cyb5r3-203",1.13576452955384e-24,"Down"
1.48508015163308e-29,-2.22946194473347,0.02,0.351,1.14134349973609e-24,"Parn-201",1.14134349973609e-24,"Down"
1.48528458144017e-29,-2.01210806172596,0.293,0.718,1.14150061222003e-24,"Mbnl3-202",1.14150061222003e-24,"Down"
1.54179424626009e-29,-1.60393145419919,0.063,0.461,1.18493055002073e-24,"Pparg-201",1.18493055002073e-24,"Down"
1.54723270171972e-29,-1.32971477516321,0.088,0.522,1.18911022057967e-24,"Kdm4a-202",1.18911022057967e-24,"Down"
1.57056047713121e-29,-1.65635712122288,0.343,0.833,1.20703854909442e-24,"Bin2-207",1.20703854909442e-24,"Down"
1.59552783976859e-29,-1.2979844422391,0.095,0.539,1.22622696597576e-24,"Tns3-206",1.22622696597576e-24,"Down"
1.59552783976859e-29,-1.2979844237179,0.095,0.539,1.22622696597576e-24,"Tns3-201",1.22622696597576e-24,"Down"
1.60127727025687e-29,-1.45468369563229,0.05,0.429,1.23064563328322e-24,"Sgce-208",1.23064563328322e-24,"Down"
1.82865304424344e-29,-2.12562444156946,0.025,0.363,1.40539301062285e-24,"Plekha7-210",1.40539301062285e-24,"Down"
1.9488802650633e-29,-1.3712866318215,0.158,0.637,1.49779243891175e-24,"Prrc2a-206",1.49779243891175e-24,"Down"
2.07830264353968e-29,-1.10315792430562,0.055,0.445,1.59725871366599e-24,"Ezh1-201",1.59725871366599e-24,"Down"
2.167790739326e-29,-1.84968528951656,0.088,0.502,1.6660338948016e-24,"Morc4-201",1.6660338948016e-24,"Down"
2.18927577319954e-29,-1.01735132557115,0.386,0.922,1.68254600273478e-24,"Cyb5r3-201",1.68254600273478e-24,"Down"
2.2722380291865e-29,-1.34403758695182,0.183,0.669,1.746305814951e-24,"Ptbp1-206",1.746305814951e-24,"Down"
2.28085145096625e-29,-1.00613289416657,0.08,0.502,1.7529255741256e-24,"Nckap1-201",1.7529255741256e-24,"Down"
2.30056112108275e-29,-1.78768289164951,0.06,0.449,1.76807324399694e-24,"Kmt2a-202",1.76807324399694e-24,"Down"
2.60782423023081e-29,-1.01323221394173,0.15,0.641,2.00421723390159e-24,"Epn1-202",2.00421723390159e-24,"Down"
2.61605404525923e-29,-1.45731634309704,0.098,0.531,2.01054217594353e-24,"Gfpt1-204",2.01054217594353e-24,"Down"
2.68087051340108e-29,-1.95288233041217,0.038,0.392,2.06035622436926e-24,"Oas1a-201",2.06035622436926e-24,"Down"
2.72224273904441e-29,-1.06055684922913,0.188,0.698,2.09215243466519e-24,"Smarcc1-207",2.09215243466519e-24,"Down"
2.90648237781003e-29,-1.12622948847894,0.163,0.653,2.23374796664212e-24,"E2f8-202",2.23374796664212e-24,"Down"
2.9543969681235e-29,-1.30133841577926,0.288,0.8,2.27057224588164e-24,"Brd4-203",2.27057224588164e-24,"Down"
3.10189342586584e-29,-2.4360037261449,0.023,0.351,2.38392917351494e-24,"Eci2-211",2.38392917351494e-24,"Down"
3.24010187692112e-29,-1.53332794968653,0.291,0.771,2.49014789648895e-24,"Jade1-202",2.49014789648895e-24,"Down"
3.34452889668862e-29,-1.7000658338943,0.113,0.539,2.57040423826107e-24,"Zfp655-205",2.57040423826107e-24,"Down"
3.40732273570981e-29,-1.45492154964828,0.198,0.678,2.61866381530242e-24,"Qrich1-201",2.61866381530242e-24,"Down"
3.58017946729423e-29,-1.45714947139299,0.068,0.469,2.7515111277943e-24,"Smc4-202",2.7515111277943e-24,"Down"
3.62741407550212e-29,-1.22354562178592,0.083,0.506,2.7878128135864e-24,"Pparg-204",2.7878128135864e-24,"Down"
3.6362488714521e-29,-1.31591976885509,0.1,0.535,2.7946027076658e-24,"Ppfibp2-201",2.7946027076658e-24,"Down"
3.7094926119376e-29,-1.39352921047495,0.153,0.629,2.85089345197853e-24,"Matr3-202",2.85089345197853e-24,"Down"
3.7735362631744e-29,-1.44153146536069,0.133,0.588,2.90011355970005e-24,"Sfmbt2-205",2.90011355970005e-24,"Down"
3.87279784127045e-29,-1.30138586411486,0.195,0.694,2.97640005292999e-24,"Wipf2-201",2.97640005292999e-24,"Down"
3.91738671875749e-29,-1.05107962998621,0.03,0.371,3.01066838883388e-24,"Eci2-201",3.01066838883388e-24,"Down"
4.0380328475951e-29,-2.52293627655285,0.023,0.351,3.10338976469074e-24,"Tmcc3-204",3.10338976469074e-24,"Down"
4.23265831727883e-29,-1.31204736350163,0.371,0.829,3.25296722316147e-24,"Igf2-205",3.25296722316147e-24,"Down"
4.26029991595586e-29,-2.0259362406423,0.06,0.441,3.27421089740871e-24,"Smg1-204",3.27421089740871e-24,"Down"
4.36219529412183e-29,-1.71342634029872,0.06,0.449,3.35252157134439e-24,"Pja2-201",3.35252157134439e-24,"Down"
4.42287059201886e-29,-1.24263484753347,0.073,0.482,3.39915296479017e-24,"Tmcc3-201",3.39915296479017e-24,"Down"
4.46817628894113e-29,-1.27319734029722,0.095,0.535,3.43397220510281e-24,"Tns3-205",3.43397220510281e-24,"Down"
4.47939176075081e-29,-1.75876098008649,0.055,0.437,3.44259174380743e-24,"Pja2-202",3.44259174380743e-24,"Down"
4.51543342463894e-29,-1.11595595298848,0.17,0.669,3.47029120417201e-24,"Psmd2-206",3.47029120417201e-24,"Down"
4.79556539153084e-29,-1.18666607615701,0.218,0.722,3.68558382600711e-24,"Ncoa6-203",3.68558382600711e-24,"Down"
4.83065087670964e-29,-1.24343683095829,0.1,0.539,3.71254842478643e-24,"Brd3-201",3.71254842478643e-24,"Down"
4.96721878506556e-29,-1.27730092749396,0.138,0.608,3.81750632507429e-24,"Tubb2a-201",3.81750632507429e-24,"Down"
4.99271848607776e-29,-1.7975154657633,0.053,0.429,3.8371038652902e-24,"Csk-201",3.8371038652902e-24,"Down"
5.31257937650308e-29,-1.10072703995,0.231,0.763,4.08292975401768e-24,"Clip2-201",4.08292975401768e-24,"Down"
5.97604317965627e-29,-1.25214044780787,0.088,0.51,4.59282822529303e-24,"Rbms2-201",4.59282822529303e-24,"Down"
6.12432143559386e-29,-1.19410605894741,0.276,0.792,4.7067859961113e-24,"Lgals9-202",4.7067859961113e-24,"Down"
6.58766555716947e-29,-1.46881474507887,0.103,0.543,5.06288448730702e-24,"Bltp2-201",5.06288448730702e-24,"Down"
6.67718661406192e-29,-1.0803821308076,0.441,0.914,5.13168500037115e-24,"Flnb-201",5.13168500037115e-24,"Down"
7.02858371876797e-29,-2.88126066156373,0.023,0.347,5.40174773122194e-24,"Mgat4a-201",5.40174773122194e-24,"Down"
7.23234376250421e-29,-1.17581959607272,0.1,0.539,5.55834547523499e-24,"Rpn2-205",5.55834547523499e-24,"Down"
7.25894198890078e-29,-1.34053090404879,0.088,0.518,5.57878727614981e-24,"Ptpn23-201",5.57878727614981e-24,"Down"
7.40246005874459e-29,-1.53275449768435,0.15,0.6,5.68908665354757e-24,"Yap1-202",5.68908665354757e-24,"Down"
7.6541817989907e-29,-1.80173633580138,0.19,0.645,5.88254487979631e-24,"Ctnnd1-218",5.88254487979631e-24,"Down"
8.01759308545726e-29,-1.19827977710029,0.338,0.841,6.16184098989732e-24,"Ubc-203",6.16184098989732e-24,"Down"
8.02878384498741e-29,-1.36665875457229,0.183,0.661,6.17044153622663e-24,"Ptbp1-216",6.17044153622663e-24,"Down"
8.48207908405203e-29,-1.88671399559518,0.055,0.433,6.51881705925735e-24,"Plekhh1-204",6.51881705925735e-24,"Down"
8.64889530901227e-29,-2.41917679362257,0.023,0.347,6.64702200078829e-24,"Eci2-203",6.64702200078829e-24,"Down"
8.64889530901227e-29,-2.41917679362257,0.023,0.347,6.64702200078829e-24,"Eci2-213",6.64702200078829e-24,"Down"
9.09321740481482e-29,-1.24901538892071,0.286,0.8,6.98850130429638e-24,"Sptan1-201",6.98850130429638e-24,"Down"
9.15659711506286e-29,-1.27313096989408,0.1,0.531,7.03721114681041e-24,"Tinagl1-202",7.03721114681041e-24,"Down"
9.4266084266886e-29,-1.78062544749522,0.055,0.437,7.24472564024725e-24,"Sri-201",7.24472564024725e-24,"Down"
9.7762482989903e-29,-1.76879174291565,0.045,0.408,7.513437867706e-24,"Ap2a1-203",7.513437867706e-24,"Down"
1.01221051425793e-28,-1.38909023971714,0.113,0.559,7.77924268627786e-24,"Magea9-201",7.77924268627786e-24,"Down"
1.07389608579907e-28,-1.1303645154255,0.236,0.763,8.2533209778002e-24,"Prpf8-201",8.2533209778002e-24,"Down"
1.22987553666746e-28,-1.71757077835063,0.058,0.437,9.45208544950413e-24,"Sik3-204",9.45208544950413e-24,"Down"
1.27964075102847e-28,-1.47914856182511,0.088,0.51,9.83455102795423e-24,"Ppp1r3g-203",9.83455102795423e-24,"Down"
1.2906412109294e-28,-1.35411685838756,0.058,0.445,9.91909396247683e-24,"Adnp-201",9.91909396247683e-24,"Down"
1.30499449237328e-28,-2.15402450900146,0.113,0.531,1.00294046716856e-23,"Macf1-212",1.00294046716856e-23,"Down"
1.4355023313108e-28,-2.12716251381101,0.045,0.4,1.1032409617056e-23,"Trerf1-202",1.1032409617056e-23,"Down"
1.44165549492582e-28,-1.31578562948983,0.058,0.445,1.10796991407029e-23,"Adnp-202",1.10796991407029e-23,"Down"
1.46463324170826e-28,-1.50165645929272,0.088,0.51,1.12562923158247e-23,"Copb1-201",1.12562923158247e-23,"Down"
1.46782415942143e-28,-1.71656850366701,0.03,0.371,1.12808157948175e-23,"Ergic2-201",1.12808157948175e-23,"Down"
1.58257311950318e-28,-1.08886873577947,0.208,0.722,1.21627074526297e-23,"Fndc3b-201",1.21627074526297e-23,"Down"
1.73125330580621e-28,-1.69906058947479,0.125,0.567,1.33053741564431e-23,"Usp47-202",1.33053741564431e-23,"Down"
1.78312476531007e-28,-1.4433338389595,0.06,0.445,1.3704027071314e-23,"Nckap1-202",1.3704027071314e-23,"Down"
1.79347492897966e-28,-2.53069146856969,0.025,0.351,1.37835722191803e-23,"Zim1-201",1.37835722191803e-23,"Down"
1.7990199233029e-28,-1.36308571675563,0.208,0.714,1.38261877185521e-23,"Polr2a-201",1.38261877185521e-23,"Down"
2.07586230427565e-28,-2.42044542669044,0.03,0.363,1.59538321532801e-23,"Plac1-203",1.59538321532801e-23,"Down"
2.11066333275314e-28,-1.56738280981687,0.125,0.563,1.6221291977541e-23,"Syncrip-208",1.6221291977541e-23,"Down"
2.15835967832217e-28,-1.55034045785304,0.158,0.62,1.65878574717772e-23,"Cnot1-203",1.65878574717772e-23,"Down"
2.22404558900953e-28,-1.97089554940164,0.043,0.396,1.70926799697739e-23,"Atp6v0c-205",1.70926799697739e-23,"Down"
2.36087221347997e-28,-1.17649030981094,0.073,0.473,1.81442473094789e-23,"Ap3m1-206",1.81442473094789e-23,"Down"
2.44858944814687e-28,-1.36234371870321,0.15,0.616,1.88183893447879e-23,"Matr3-217",1.88183893447879e-23,"Down"
2.50336779513432e-28,-1.48724188802473,0.068,0.457,1.92393828527253e-23,"Gas2l3-201",1.92393828527253e-23,"Down"
2.5810684072856e-28,-1.15981694408801,0.073,0.461,1.98365431373528e-23,"Cux1-201",1.98365431373528e-23,"Down"
2.65292191044337e-28,-1.47284338432948,0.178,0.653,2.03887660505214e-23,"Dhx9-201",2.03887660505214e-23,"Down"
2.81439104530234e-28,-1.29961253608098,0.158,0.629,2.16297209395666e-23,"Frmd4a-216",2.16297209395666e-23,"Down"
2.87971838428033e-28,-1.16660189031278,0.095,0.522,2.2131787670548e-23,"Rbm47-204",2.2131787670548e-23,"Down"
2.87971838428033e-28,-1.16660189031278,0.095,0.522,2.2131787670548e-23,"Rbm47-209",2.2131787670548e-23,"Down"
2.87971838428033e-28,-1.16660189484118,0.095,0.522,2.2131787670548e-23,"Rbm47-205",2.2131787670548e-23,"Down"
2.92968866159583e-28,-1.98402334890394,0.04,0.392,2.25158292398286e-23,"Erbin-202",2.25158292398286e-23,"Down"
3.00554417199406e-28,-1.54540160810062,0.063,0.449,2.30988091794432e-23,"Pbrm1-204",2.30988091794432e-23,"Down"
3.02018508563309e-28,-1.03103384630379,0.105,0.551,2.32113304571245e-23,"Kdm4a-204",2.32113304571245e-23,"Down"
3.06613051616968e-28,-1.15201262870475,0.088,0.498,2.35644394689705e-23,"Gse1-201",2.35644394689705e-23,"Down"
3.3575226404033e-28,-1.0037841370664,0.308,0.861,2.58039045005555e-23,"Slco4a1-202",2.58039045005555e-23,"Down"
3.43784971255068e-28,-1.10871434332638,0.386,0.878,2.6421250180837e-23,"Lima1-201",2.6421250180837e-23,"Down"
3.50250736925044e-28,-1.73217124206531,0.045,0.4,2.69181701356373e-23,"Rdh12-201",2.69181701356373e-23,"Down"
3.63747198451548e-28,-1.0532852614288,0.175,0.682,2.79554271897953e-23,"Pdha1-201",2.79554271897953e-23,"Down"
3.75288987945929e-28,-1.19083786118534,0.088,0.502,2.88424598795964e-23,"Eps15-207",2.88424598795964e-23,"Down"
3.77974928629458e-28,-1.26499793422783,0.073,0.473,2.90488851648883e-23,"Wapl-205",2.90488851648883e-23,"Down"
3.81965181741316e-28,-2.17653073041688,0.045,0.4,2.93555520775471e-23,"Rbms2-202",2.93555520775471e-23,"Down"
4.0745736086223e-28,-1.71115426415431,0.04,0.392,3.13147280117058e-23,"C1ql2-201",3.13147280117058e-23,"Down"
4.30501651201404e-28,-1.96292277535517,0.05,0.412,3.30857739014327e-23,"Myo1b-204",3.30857739014327e-23,"Down"
4.44980606428337e-28,-1.50779466480526,0.073,0.469,3.41985395264434e-23,"Pdpk1-202",3.41985395264434e-23,"Down"
4.50977848060621e-28,-2.16126287269495,0.115,0.531,3.4659451534851e-23,"Tns1-208",3.4659451534851e-23,"Down"
4.949593152657e-28,-1.53798287417571,0.053,0.424,3.80396032154301e-23,"Igbp1-201",3.80396032154301e-23,"Down"
5.1367416435444e-28,-1.34153491064269,0.043,0.396,3.94779142272962e-23,"Cdc27-203",3.94779142272962e-23,"Down"
5.24785864269054e-28,-1.54589554387194,0.263,0.718,4.03318928125339e-23,"Git2-202",4.03318928125339e-23,"Down"
5.45877737520223e-28,-1.00684787254502,0.228,0.771,4.19528876393792e-23,"Fam136a-201",4.19528876393792e-23,"Down"
5.93756793817607e-28,-1.40145294751504,0.083,0.49,4.56325846320584e-23,"Chd8-201",4.56325846320584e-23,"Down"
6.44680655362397e-28,-1.12949246062226,0.148,0.62,4.95462870872217e-23,"Myo10-202",4.95462870872217e-23,"Down"
6.49893688646718e-28,-1.26643137021221,0.075,0.482,4.99469295472549e-23,"Commd8-205",4.99469295472549e-23,"Down"
6.59316988388972e-28,-1.9451670312734,0.04,0.388,5.0671147825646e-23,"Pes1-202",5.0671147825646e-23,"Down"
6.63049677786281e-28,-1.08578509968408,0.103,0.531,5.09580199365869e-23,"ENSMUST00000381878.1",5.09580199365869e-23,"Down"
6.66959033128882e-28,-1.52868454289757,0.095,0.51,5.12584695320871e-23,"Rtn3-202",5.12584695320871e-23,"Down"
6.66959033128882e-28,-1.52868454289757,0.095,0.51,5.12584695320871e-23,"Rtn3-204",5.12584695320871e-23,"Down"
7.0649150910463e-28,-1.74673148200956,0.038,0.384,5.42966984407272e-23,"Sema4d-202",5.42966984407272e-23,"Down"
7.20678663339185e-28,-1.3997214958638,0.058,0.433,5.53870379922697e-23,"Erbin-201",5.53870379922697e-23,"Down"
7.27551825822253e-28,-1.16916813778551,0.095,0.518,5.59152680217435e-23,"Psmc6-201",5.59152680217435e-23,"Down"
8.10793609204037e-28,-1.28511803481667,0.095,0.514,6.23127320417671e-23,"Usp14-201",6.23127320417671e-23,"Down"
8.72011507443362e-28,-2.20758921548694,0.048,0.404,6.70175723930522e-23,"Gpr137b-207",6.70175723930522e-23,"Down"
8.81398339779077e-28,-1.48658467019602,0.063,0.445,6.77389880053812e-23,"Ckap5-202",6.77389880053812e-23,"Down"
9.0012206046173e-28,-1.54677147696859,0.14,0.58,6.91779808347258e-23,"Nxf7-201",6.91779808347258e-23,"Down"
9.02845134416005e-28,-1.25383213524172,0.05,0.416,6.93872599604077e-23,"Mta3-208",6.93872599604077e-23,"Down"
9.59640529081234e-28,-1.00275802897267,0.288,0.837,7.37522132220092e-23,"Got2-201",7.37522132220092e-23,"Down"
9.88480378062525e-28,-1.35425217964658,0.11,0.547,7.59686709756173e-23,"Ash2l-210",7.59686709756173e-23,"Down"
1.07195971355681e-27,-1.1042834532421,0.125,0.571,8.23843918256952e-23,"Tox4-201",8.23843918256952e-23,"Down"
1.09419469208138e-27,-1.09792340718439,0.261,0.784,8.40932388652221e-23,"Nxf7-202",8.40932388652221e-23,"Down"
1.11676448107455e-27,-1.57423295754988,0.1,0.518,8.58278174285036e-23,"Polg-203",8.58278174285036e-23,"Down"
1.19473116803139e-27,-1.16888437125486,0.16,0.633,9.18198691878848e-23,"Ipo7-201",9.18198691878848e-23,"Down"
1.1956306461275e-27,-1.20574878932132,0.078,0.478,9.18889976774826e-23,"Anxa7-207",9.18889976774826e-23,"Down"
1.21272801376988e-27,-1.15513644221135,0.178,0.661,9.32029987702702e-23,"Septin7-201",9.32029987702702e-23,"Down"
1.28360998942789e-27,-1.68872167874255,0.03,0.359,9.8650562127491e-23,"Mta3-201",9.8650562127491e-23,"Down"
1.31189080693354e-27,-1.51102907424787,0.218,0.682,1.00824056076071e-22,"Dnaja1-210",1.00824056076071e-22,"Down"
1.34116965025761e-27,-1.2629322545881,0.073,0.461,1.03074252300898e-22,"Setd5-203",1.03074252300898e-22,"Down"
1.38380264185667e-27,-1.5458823705658,0.188,0.661,1.06350768237253e-22,"Son-204",1.06350768237253e-22,"Down"
1.42915634354536e-27,-1.3568015918679,0.065,0.449,1.09836381626835e-22,"Ckap5-204",1.09836381626835e-22,"Down"
1.5438925216527e-27,-2.19416747525522,0.103,0.486,1.18654315859097e-22,"Wnk3-204",1.18654315859097e-22,"Down"
1.60972782017357e-27,-1.05390233106879,0.095,0.518,1.2371402189162e-22,"Nup214-201",1.2371402189162e-22,"Down"
1.66297887284888e-27,-1.89465284152933,0.04,0.384,1.27806578293927e-22,"Mark3-206",1.27806578293927e-22,"Down"
1.7038627120381e-27,-1.32795062682534,0.06,0.437,1.30948664870976e-22,"Rapgef1-202",1.30948664870976e-22,"Down"
1.7506877581125e-27,-1.76157980776432,0.053,0.412,1.34547356961978e-22,"Sec23a-201",1.34547356961978e-22,"Down"
1.81130287792344e-27,-1.73179024069509,0.06,0.437,1.39205871379928e-22,"Oxr1-214",1.39205871379928e-22,"Down"
1.81130287792344e-27,-1.73179024069509,0.06,0.437,1.39205871379928e-22,"Oxr1-207",1.39205871379928e-22,"Down"
1.85110158110891e-27,-1.69136431899221,0.048,0.404,1.42264560914544e-22,"Pbrm1-201",1.42264560914544e-22,"Down"
2.00352580162858e-27,-1.5838368342806,0.128,0.555,1.53978971958363e-22,"Pum2-207",1.53978971958363e-22,"Down"
2.04480279074841e-27,-1.55058614129949,0.07,0.453,1.57151273680178e-22,"Itsn2-211",1.57151273680178e-22,"Down"
2.19759826364363e-27,-2.25250704912748,0.03,0.351,1.68894216954067e-22,"Tulp4-201",1.68894216954067e-22,"Down"
2.22991329283037e-27,-1.48313953755994,0.153,0.596,1.71377756207185e-22,"Arid1b-201",1.71377756207185e-22,"Down"
2.27294412837752e-27,-1.34263740807715,0.401,0.833,1.74684848042326e-22,"Ctnnb1-208",1.74684848042326e-22,"Down"
2.32938698803577e-27,-2.18345662649116,0.045,0.396,1.79022707578501e-22,"Pbrm1-205",1.79022707578501e-22,"Down"
2.41324827963009e-27,-1.49980265415116,0.07,0.453,1.85467783282691e-22,"Zfp568-202",1.85467783282691e-22,"Down"
2.50172679272994e-27,-1.77625812543946,0.045,0.396,1.92267710928467e-22,"Erbin-207",1.92267710928467e-22,"Down"
2.58996510326006e-27,-1.01470655032731,0.123,0.571,1.99049178045948e-22,"Capg-202",1.99049178045948e-22,"Down"
2.64524171096278e-27,-1.43691200395197,0.228,0.698,2.03297406454334e-22,"Bcor-202",2.03297406454334e-22,"Down"
2.86179894641639e-27,-1.47698482794806,0.18,0.637,2.19940696227885e-22,"Fam90a1b-203",2.19940696227885e-22,"Down"
3.03574528082267e-27,-2.59825958020579,0.023,0.335,2.33309167812345e-22,"Cmklr1-201",2.33309167812345e-22,"Down"
3.15792344523641e-27,-1.59391542359692,0.055,0.416,2.42699048460199e-22,"Mrps18b-201",2.42699048460199e-22,"Down"
3.16892155661027e-27,-1.56514863354813,0.1,0.514,2.43544297311726e-22,"Ncoa4-206",2.43544297311726e-22,"Down"
3.4308170346735e-27,-2.17989905329957,0.055,0.416,2.63672012382797e-22,"Usp8-202",2.63672012382797e-22,"Down"
3.65641286264358e-27,-1.20865762445954,0.11,0.531,2.8100995414561e-22,"Wbp11-201",2.8100995414561e-22,"Down"
3.78361300649419e-27,-1.25854070991353,0.103,0.531,2.90785794001105e-22,"Ppp1r3g-201",2.90785794001105e-22,"Down"
4.1788661561554e-27,-1.32133508613925,0.073,0.461,3.21162579565168e-22,"Pacsin2-206",3.21162579565168e-22,"Down"
4.29887747782056e-27,-1.64989529818251,0.065,0.441,3.30385929680421e-22,"Bcl2l13-201",3.30385929680421e-22,"Down"
4.44429997713867e-27,-1.22285182773595,0.12,0.559,3.41562230443015e-22,"Zfp516-201",3.41562230443015e-22,"Down"
4.51571852662513e-27,-1.43424448224958,0.063,0.433,3.47051031645248e-22,"Marchf7-202",3.47051031645248e-22,"Down"
4.83073624626133e-27,-1.94075312816517,0.033,0.359,3.71261403470169e-22,"Idh3a-203",3.71261403470169e-22,"Down"
5.00555351027226e-27,-1.78148392038483,0.06,0.424,3.84696809478465e-22,"Nav1-208",3.84696809478465e-22,"Down"
5.09516102223466e-27,-1.20154247597596,0.108,0.527,3.91583505202823e-22,"Gon4l-202",3.91583505202823e-22,"Down"
5.18353998249279e-27,-1.68894256561004,0.06,0.433,3.98375781814501e-22,"Oxr1-202",3.98375781814501e-22,"Down"
5.19952895912109e-27,-1.04494346622836,0.083,0.482,3.99604598624292e-22,"Maml3-202",3.99604598624292e-22,"Down"
5.43703353001549e-27,-1.28260137148554,0.348,0.784,4.17857774915811e-22,"Hdlbp-201",4.17857774915811e-22,"Down"
5.88355822775051e-27,-1.46401012160219,0.045,0.392,4.52174984035538e-22,"Idh3a-204",4.52174984035538e-22,"Down"
6.00078369418322e-27,-1.61862691766153,0.033,0.359,4.61184230032757e-22,"Ireb2-201",4.61184230032757e-22,"Down"
6.06140739343937e-27,-1.67079683907401,0.06,0.429,4.65843403815389e-22,"Setd1a-202",4.65843403815389e-22,"Down"
6.17610021150431e-27,-1.05222135138246,0.098,0.527,4.74658005654953e-22,"Tmem248-201",4.74658005654953e-22,"Down"
6.32683134525694e-27,-2.25866886934634,0.05,0.4,4.86242296208377e-22,"Ccdc186-201",4.86242296208377e-22,"Down"
6.35227381299824e-27,-1.30511422557743,0.048,0.4,4.88197651624166e-22,"Acly-203",4.88197651624166e-22,"Down"
6.64500142506879e-27,-1.09630909086852,0.19,0.669,5.10694939522237e-22,"Arhgef16-201",5.10694939522237e-22,"Down"
6.65920371676775e-27,-1.53702756329485,0.078,0.461,5.11786442448468e-22,"Hmgcr-201",5.11786442448468e-22,"Down"
6.94892036093856e-27,3.16392352418554,0.619,0.318,5.34052325419572e-22,"Gna13-202",5.34052325419572e-22,"Up"
6.97768183795925e-27,-1.29030703169226,0.053,0.412,5.3626275997452e-22,"Acly-201",5.3626275997452e-22,"Down"
7.02614917990951e-27,-1.58008327105003,0.05,0.404,5.39987669072766e-22,"Fam122b-202",5.39987669072766e-22,"Down"
7.29382715602101e-27,-1.4915248122792,0.073,0.453,5.60559792248839e-22,"Hyou1-204",5.60559792248839e-22,"Down"
7.42929622333336e-27,-1.55151726231466,0.065,0.433,5.70971131948062e-22,"Las1l-205",5.70971131948062e-22,"Down"
8.25830603916287e-27,-1.83370470310659,0.043,0.384,6.34683852333823e-22,"Ralgds-202",6.34683852333823e-22,"Down"
8.35018208828213e-27,-1.2176742375412,0.078,0.469,6.41744894212835e-22,"Ash1l-201",6.41744894212835e-22,"Down"
8.40800275744967e-27,-1.43068285316902,0.063,0.437,6.46188643921037e-22,"Oxr1-203",6.46188643921037e-22,"Down"
8.90696976584103e-27,-1.10806463290833,0.093,0.502,6.84536254383946e-22,"Rbm47-202",6.84536254383946e-22,"Down"
8.99344832144128e-27,-2.00528940127556,0.04,0.376,6.91182477296048e-22,"Ints6-202",6.91182477296048e-22,"Down"
9.07518988220068e-27,-2.27830934415912,0.025,0.339,6.97464643206651e-22,"Rev3l-204",6.97464643206651e-22,"Down"
9.20302464379042e-27,-1.07220655116762,0.208,0.71,7.07289255973869e-22,"Birc6-218",7.07289255973869e-22,"Down"
9.2726034738992e-27,-1.02067348512839,0.098,0.514,7.1263666738305e-22,"Golga2-213",7.1263666738305e-22,"Down"
9.66764177153735e-27,-1.75037132676617,0.043,0.384,7.42996940709731e-22,"Rapgef1-208",7.42996940709731e-22,"Down"
9.8200621003354e-27,-1.51319079082178,0.088,0.486,7.54711052659177e-22,"Myo1b-202",7.54711052659177e-22,"Down"
9.97035016951113e-27,-1.67205444949601,0.058,0.424,7.66261291927608e-22,"Oxr1-201",7.66261291927608e-22,"Down"
1.01755566171393e-26,-1.07393009453814,0.113,0.543,7.82032228253625e-22,"Ash2l-203",7.82032228253625e-22,"Down"
1.03847158845186e-26,-1.53912525063599,0.043,0.384,7.98106954588794e-22,"Acly-207",7.98106954588794e-22,"Down"
1.13700995416818e-26,-1.18813505782295,0.341,0.869,8.73837630176411e-22,"Trim25-203",8.73837630176411e-22,"Down"
1.14448286508363e-26,-1.2612553107307,0.118,0.547,8.79580861131374e-22,"Slc26a2-202",8.79580861131374e-22,"Down"
1.20345761172335e-26,-1.21846077731299,0.075,0.457,9.24905312913866e-22,"Slc12a7-201",9.24905312913866e-22,"Down"
1.23066462039144e-26,-1.4026726892239,0.063,0.429,9.45814987355637e-22,"Marchf7-201",9.45814987355637e-22,"Down"
1.33461170382959e-26,-1.29969536474334,0.035,0.367,1.02570247886119e-21,"Cul3-202",1.02570247886119e-21,"Down"
1.41059284808502e-26,-1.02951134340112,0.155,0.62,1.08409702746726e-21,"Gtf2a1-201",1.08409702746726e-21,"Down"
1.43099505082031e-26,-1.71302827536907,0.185,0.62,1.09977693635744e-21,"Ctnnd1-221",1.09977693635744e-21,"Down"
1.53859935126582e-26,-1.65792731186243,0.06,0.424,1.18247514542183e-21,"Setd1a-201",1.18247514542183e-21,"Down"
1.55766016531002e-26,-1.08622423622943,0.103,0.531,1.19712414344736e-21,"Arhgap10-202",1.19712414344736e-21,"Down"
1.56363562147144e-26,-1.37468625156111,0.09,0.49,1.20171652052566e-21,"Ankfy1-202",1.20171652052566e-21,"Down"
1.60027597697997e-26,-1.0199318831388,0.12,0.559,1.22987609934818e-21,"Prkcz-201",1.22987609934818e-21,"Down"
1.6057720264317e-26,-1.11040219325239,0.11,0.535,1.23410003319382e-21,"Nr6a1-201",1.23410003319382e-21,"Down"
1.63174073478551e-26,-1.40991400553033,0.06,0.429,1.25405802431206e-21,"Oxr1-204",1.25405802431206e-21,"Down"
1.76069170134943e-26,-1.1240700214206,0.093,0.502,1.35316200015509e-21,"Usp32-202",1.35316200015509e-21,"Down"
1.80792314066284e-26,-1.26217897088132,0.236,0.714,1.38946125052502e-21,"Zwint-201",1.38946125052502e-21,"Down"
1.8296658138172e-26,-1.11507151999004,0.143,0.584,1.40617136455107e-21,"Rapgef2-201",1.40617136455107e-21,"Down"
1.8296658138172e-26,-1.11507151999004,0.143,0.584,1.40617136455107e-21,"Rapgef2-202",1.40617136455107e-21,"Down"
1.84306929562662e-26,-1.02370602007251,0.165,0.653,1.41647247646088e-21,"Dld-201",1.41647247646088e-21,"Down"
1.88588601620755e-26,-2.31315460788122,0.025,0.335,1.44937883889615e-21,"Glis1-201",1.44937883889615e-21,"Down"
2.01535851217613e-26,-1.26196639011398,0.053,0.408,1.54888363094785e-21,"Mfn2-201",1.54888363094785e-21,"Down"
2.02964579512709e-26,-1.31599086546706,0.165,0.612,1.55986397938697e-21,"Auts2-209",1.55986397938697e-21,"Down"
2.21895998923012e-26,-1.00094436283805,0.138,0.596,1.70535951012292e-21,"Nup153-201",1.70535951012292e-21,"Down"
2.22069347819782e-26,-1.35761666901777,0.063,0.424,1.70669176573416e-21,"ENSMUST00000249860.1",1.70669176573416e-21,"Down"
2.25258302714673e-26,-1.2619380768674,0.075,0.457,1.73120015968334e-21,"Ktn1-210",1.73120015968334e-21,"Down"
2.27260518057574e-26,-1.19925148903044,0.048,0.396,1.74658798547968e-21,"Sema4d-203",1.74658798547968e-21,"Down"
2.27647458278895e-26,-1.80972629821337,0.028,0.343,1.74956177585662e-21,"Snapin-204",1.74956177585662e-21,"Down"
2.28698759318604e-26,-1.20291114353632,0.088,0.49,1.7576414448672e-21,"Src-205",1.7576414448672e-21,"Down"
2.41432231352777e-26,-1.51433833601371,0.195,0.653,1.85550327083863e-21,"Rbbp6-202",1.85550327083863e-21,"Down"
2.4629651176196e-26,-1.04844295017499,0.185,0.657,1.89288721149536e-21,"Mycbp2-209",1.89288721149536e-21,"Down"
2.48697335610971e-26,-1.832816362355,0.048,0.392,1.91133850310456e-21,"Ogt-202",1.91133850310456e-21,"Down"
2.67448822898415e-26,-1.84267391954305,0.05,0.4,2.05545118350348e-21,"Uba6-203",2.05545118350348e-21,"Down"
2.72880484386147e-26,-1.34742540747077,0.08,0.469,2.09719567470129e-21,"Atp5o-203",2.09719567470129e-21,"Down"
2.79298712402202e-26,-1.3582790844862,0.028,0.343,2.14652232429588e-21,"Tnk2-205",2.14652232429588e-21,"Down"
3.45873388350838e-26,-1.23415053750626,0.098,0.502,2.65817533883153e-21,"Shoc2-202",2.65817533883153e-21,"Down"
3.59721376098806e-26,-1.51630536361114,0.331,0.816,2.76460266386977e-21,"Maged1-201",2.76460266386977e-21,"Down"
3.72083874799732e-26,-1.48533522715548,0.075,0.453,2.85961341138586e-21,"ENSMUST00000381824.1",2.85961341138586e-21,"Down"
3.76300973612368e-26,-2.1832207213052,0.025,0.331,2.89202350260049e-21,"Amt-202",2.89202350260049e-21,"Down"
3.85901811114981e-26,-1.57643954230368,0.103,0.51,2.96580977914307e-21,"Kdm2b-204",2.96580977914307e-21,"Down"
3.88687417107199e-26,-1.05352262288189,0.065,0.433,2.98721827543567e-21,"Sars-201",2.98721827543567e-21,"Down"
3.93597561848693e-26,-1.5969467568556,0.048,0.388,3.02495470183195e-21,"Kdm6a-202",3.02495470183195e-21,"Down"
4.00387682402496e-26,-1.85001325730893,0.105,0.498,3.07713949433615e-21,"Macf1-201",3.07713949433615e-21,"Down"
4.0513292231792e-26,-2.03986839840924,0.028,0.339,3.11360856118215e-21,"Zmynd8-220",3.11360856118215e-21,"Down"
4.11886926088577e-26,-1.02285947247937,0.11,0.535,3.16551578176115e-21,"Pbrm1-208",3.16551578176115e-21,"Down"
4.29535346200298e-26,-2.78232245573428,0.028,0.335,3.30115094968777e-21,"Rbms2-206",3.30115094968777e-21,"Down"
4.32541152285371e-26,-1.34042333644719,0.043,0.376,3.32425177177399e-21,"Ino80-201",3.32425177177399e-21,"Down"
4.36938003811191e-26,-1.11827706041418,0.12,0.551,3.35804333449053e-21,"Epha4-205",3.35804333449053e-21,"Down"
4.36938003811191e-26,-1.11827706041418,0.12,0.551,3.35804333449053e-21,"Epha4-201",3.35804333449053e-21,"Down"
4.46139694566794e-26,-1.03737113318333,0.113,0.543,3.42876200862364e-21,"Pbrm1-206",3.42876200862364e-21,"Down"
4.58910049550509e-26,-1.59159045937736,0.08,0.461,3.52690729481548e-21,"Gas2l3-202",3.52690729481548e-21,"Down"
4.60353656574373e-26,-1.13407209080081,0.118,0.547,3.53800199223668e-21,"Rnf2-204",3.53800199223668e-21,"Down"
4.63221385990155e-26,-1.8366808512153,0.05,0.396,3.56004163988874e-21,"Wapl-202",3.56004163988874e-21,"Down"
4.72198824302218e-26,-1.42998080398929,0.043,0.38,3.62903684429227e-21,"Ube3a-201",3.62903684429227e-21,"Down"
4.75758850284631e-26,-1.54994398593979,0.063,0.42,3.6563970679775e-21,"Gbf1-201",3.6563970679775e-21,"Down"
4.82750841854525e-26,-1.11864362337622,0.093,0.502,3.71013331998877e-21,"Lrrc8b-201",3.71013331998877e-21,"Down"
5.16443987676715e-26,-1.35922405384312,0.138,0.567,3.96907862289062e-21,"Nsd1-207",3.96907862289062e-21,"Down"
5.17262093625997e-26,-1.6528305600529,0.068,0.441,3.97536609435324e-21,"Luzp1-203",3.97536609435324e-21,"Down"
5.22072214218805e-26,-1.2890938827289,0.06,0.42,4.0123337951572e-21,"Kif16b-203",4.0123337951572e-21,"Down"
5.25586106343359e-26,-1.08574410685359,0.068,0.433,4.03933946169125e-21,"Tm9sf3-202",4.03933946169125e-21,"Down"
5.44073625641018e-26,-1.24228651943158,0.085,0.473,4.18142344250148e-21,"Mprip-204",4.18142344250148e-21,"Down"
5.84437185341648e-26,-1.64816896749802,0.07,0.441,4.4916335442247e-21,"Arhgef6-204",4.4916335442247e-21,"Down"
5.95482457757264e-26,-1.16190844536839,0.09,0.482,4.57652088084768e-21,"Tec-202",4.57652088084768e-21,"Down"
6.17613708576688e-26,-2.38015770523845,0.469,0.796,4.74660839589528e-21,"Eif4g1-205",4.74660839589528e-21,"Down"
6.50389019530458e-26,-1.16378047350943,0.075,0.453,4.99849977069938e-21,"Ktn1-201",4.99849977069938e-21,"Down"
6.5426559189829e-26,-3.0679852246169,0.028,0.331,5.02829277997512e-21,"Calu-209",5.02829277997512e-21,"Down"
6.73910317171781e-26,-2.38412891049489,0.043,0.371,5.179270351592e-21,"Pgk1-rs7-201",5.179270351592e-21,"Down"
6.78183701282063e-26,-1.43139334907906,0.446,0.833,5.21211301783316e-21,"Uaca-201",5.21211301783316e-21,"Down"
6.9351971460093e-26,-1.19835857079108,0.068,0.441,5.32997641459399e-21,"Dusp11-201",5.32997641459399e-21,"Down"
7.32445684723779e-26,-1.06421971379457,0.098,0.506,5.62913806537613e-21,"Capg-201",5.62913806537613e-21,"Down"
7.41796995880349e-26,-1.04107881332846,0.168,0.624,5.70100663213883e-21,"Ppp1ca-204",5.70100663213883e-21,"Down"
7.72070998668957e-26,-1.53542318513426,0.04,0.367,5.9336744531704e-21,"Cd320-202",5.9336744531704e-21,"Down"
9.02069099149013e-26,-1.61200978706244,0.048,0.388,6.93276185459983e-21,"Pbrm1-202",6.93276185459983e-21,"Down"
9.41851494121471e-26,-1.69259498271486,0.055,0.404,7.23850547292116e-21,"Ttll5-202",7.23850547292116e-21,"Down"
9.44783818831937e-26,-1.63686441880522,0.063,0.416,7.26104156125097e-21,"Tpp1-201",7.26104156125097e-21,"Down"
9.85069891052944e-26,-1.38887103707582,0.05,0.392,7.5706561406983e-21,"Plac1-201",7.5706561406983e-21,"Down"
9.99421907479274e-26,-1.7729772230382,0.035,0.355,7.68095712774121e-21,"Picalm-201",7.68095712774121e-21,"Down"
1.07854069541462e-25,-1.63981602926709,0.05,0.388,8.28901666053952e-21,"Coro1b-211",8.28901666053952e-21,"Down"
1.10721384747502e-25,-2.18342766653386,0.028,0.335,8.5093813033845e-21,"Ints3-202",8.5093813033845e-21,"Down"
1.10741102380176e-25,-1.6856128512986,0.05,0.392,8.51089668232601e-21,"Kif13a-201",8.51089668232601e-21,"Down"
1.12062778499642e-25,-1.34155969982043,0.058,0.412,8.61247277881148e-21,"Ckap5-203",8.61247277881148e-21,"Down"
1.13816123857683e-25,-1.26782681851528,0.065,0.42,8.74722438295838e-21,"Exoc4-201",8.74722438295838e-21,"Down"
1.14439349250999e-25,-2.34191340733667,0.048,0.38,8.79512174733625e-21,"C2cd2-201",8.79512174733625e-21,"Down"
1.2967344758796e-25,-1.15015572430354,0.241,0.706,9.96592314092505e-21,"Septin9-202",9.96592314092505e-21,"Down"
1.31074808535495e-25,-1.71059520128438,0.065,0.424,1.00736233351869e-20,"Khsrp-205",1.00736233351869e-20,"Down"
1.384063163791e-25,-1.46999645807252,0.03,0.343,1.06370790389993e-20,"Farsb-204",1.06370790389993e-20,"Down"
1.40795272398148e-25,-2.04885320014105,0.028,0.331,1.08206798648873e-20,"Numb-204",1.08206798648873e-20,"Down"
1.5274083178798e-25,-1.08329049296548,0.18,0.653,1.17387438862334e-20,"Dsc2-202",1.17387438862334e-20,"Down"
1.56903008205596e-25,-1.60715227512307,0.1,0.49,1.20586237926328e-20,"Virma-201",1.20586237926328e-20,"Down"
1.57369017968059e-25,-1.2069244437358,0.083,0.469,1.20944385069172e-20,"Nfe2l1-202",1.20944385069172e-20,"Down"
1.59537790974924e-25,-1.82780095373897,0.063,0.416,1.22611173875868e-20,"Setd5-202",1.22611173875868e-20,"Down"
1.68747286045086e-25,-1.65768018335022,0.033,0.347,1.2968903921709e-20,"Cnih1-203",1.2968903921709e-20,"Down"
1.7468215188317e-25,-2.00454476761803,0.055,0.396,1.34250221008292e-20,"Zfp638-201",1.34250221008292e-20,"Down"
1.78163045326233e-25,-1.04099634349502,0.175,0.641,1.36925426855023e-20,"Birc6-220",1.36925426855023e-20,"Down"
1.87832838505926e-25,-1.05670447816796,0.075,0.449,1.44357049705344e-20,"Myh10-203",1.44357049705344e-20,"Down"
1.98344953849018e-25,-1.79837540559406,0.033,0.347,1.52436030831124e-20,"Zcchc17-204",1.52436030831124e-20,"Down"
2.00109155855527e-25,-1.09716957429682,0.569,0.943,1.53791890641207e-20,"Dio3-202",1.53791890641207e-20,"Down"
2.03473461724931e-25,-1.04241118531652,0.088,0.482,1.56377494274078e-20,"Ube2i-202",1.56377494274078e-20,"Down"
2.09927146514747e-25,-1.08739181555744,0.09,0.486,1.61337409182443e-20,"Rock1-201",1.61337409182443e-20,"Down"
2.11193872588423e-25,-1.51864791128171,0.053,0.4,1.62310938839107e-20,"Luzp1-201",1.62310938839107e-20,"Down"
2.14063099202557e-25,-1.63506053708736,0.035,0.351,1.64516054261134e-20,"Sgce-207",1.64516054261134e-20,"Down"
2.26759075653463e-25,-1.21482996318169,0.07,0.437,1.74273420002712e-20,"Ttll5-201",1.74273420002712e-20,"Down"
2.2791037767863e-25,-1.09222799744257,0.03,0.339,1.75158241661134e-20,"Zmynd8-221",1.75158241661134e-20,"Down"
2.32376062701373e-25,-2.09825124840158,0.053,0.392,1.78590299228513e-20,"Srpk2-201",1.78590299228513e-20,"Down"
2.35150026160092e-25,-1.3762996799023,0.11,0.518,1.80722201105077e-20,"Larp4b-201",1.80722201105077e-20,"Down"
2.47192061242166e-25,-1.78875848968981,0.065,0.42,1.89976986747054e-20,"Marf1-201",1.89976986747054e-20,"Down"
2.5672048149358e-25,-1.22686928641802,0.083,0.457,1.97299958847076e-20,"Abhd5-201",1.97299958847076e-20,"Down"
2.60486958394736e-25,-1.04140162989239,0.063,0.424,2.0019464700469e-20,"Luzp1-207",2.0019464700469e-20,"Down"
2.63323515449158e-25,-1.13205059615157,0.09,0.478,2.02374654563296e-20,"Rnf126-201",2.02374654563296e-20,"Down"
2.66753588950586e-25,-1.31494091550304,0.201,0.637,2.05010803252083e-20,"Bcor-203",2.05010803252083e-20,"Down"
2.72099197563599e-25,-1.09592894230549,0.08,0.453,2.09119117295528e-20,"Gse1-202",2.09119117295528e-20,"Down"
2.95046112104981e-25,-1.55376289667212,0.05,0.392,2.26754738997162e-20,"AI661453-202",2.26754738997162e-20,"Down"
3.02638255926132e-25,-1.73228807167213,0.133,0.543,2.32589605209469e-20,"Dnm2-206",2.32589605209469e-20,"Down"
3.08543258141971e-25,-1.77817417362837,0.083,0.449,2.3712783561243e-20,"Bag6-213",2.3712783561243e-20,"Down"
3.11082631108437e-25,-1.33615036621916,0.346,0.796,2.39079445312078e-20,"Serpinb9f-201",2.39079445312078e-20,"Down"
3.22785896439826e-25,-1.00907085980449,0.419,0.931,2.48073872849864e-20,"Krt19-201",2.48073872849864e-20,"Down"
3.24568272177918e-25,-1.21891147172649,0.138,0.567,2.49443699899617e-20,"ENSMUST00000381754.1",2.49443699899617e-20,"Down"
3.3068717601283e-25,-1.37403978530316,0.06,0.412,2.54146322252901e-20,"Ktn1-209",2.54146322252901e-20,"Down"
3.39272259323199e-25,-1.03772394585318,0.105,0.51,2.60744302180252e-20,"Setd5-201",2.60744302180252e-20,"Down"
3.40148854442419e-25,-1.48331685476585,0.083,0.469,2.61418000593177e-20,"Nfyc-203",2.61418000593177e-20,"Down"
3.40148854442419e-25,-1.48331685476585,0.083,0.469,2.61418000593177e-20,"Nfyc-204",2.61418000593177e-20,"Down"
3.52663406474379e-25,-1.40860296624415,0.078,0.449,2.71035934411819e-20,"Map1b-201",2.71035934411819e-20,"Down"
3.79671930553179e-25,-2.09893389012454,0.058,0.4,2.9179306550734e-20,"Rsu1-201",2.9179306550734e-20,"Down"
3.91439325254608e-25,-1.11365818773895,0.446,0.865,3.00836779031176e-20,"Mfge8-201",3.00836779031176e-20,"Down"
4.00803970747639e-25,-2.12746881503184,0.04,0.359,3.0803388367839e-20,"Stard8-201",3.0803388367839e-20,"Down"
4.06883442349777e-25,-1.00724363026739,0.16,0.612,3.12706200783498e-20,"Glyr1-202",3.12706200783498e-20,"Down"
4.07895689601669e-25,-1.27067691487934,0.043,0.371,3.13484153286467e-20,"Pwp2-201",3.13484153286467e-20,"Down"
4.09557209587438e-25,-2.38458737955976,0.03,0.335,3.14761097856329e-20,"Agps-203",3.14761097856329e-20,"Down"
4.73794807277399e-25,-1.02043838612781,0.218,0.706,3.64130261184973e-20,"Dennd2a-201",3.64130261184973e-20,"Down"
4.96855003918315e-25,-1.55364385611447,0.133,0.543,3.81852944711381e-20,"Atp5pb-203",3.81852944711381e-20,"Down"
5.16197441219018e-25,-1.36385932902034,0.085,0.461,3.96718381474464e-20,"Lcor-206",3.96718381474464e-20,"Down"
5.19513401642284e-25,-1.04629414079833,0.085,0.465,3.99266829698161e-20,"Smarcc2-203",3.99266829698161e-20,"Down"
5.21592867405468e-25,-1.33146933687828,0.063,0.416,4.00864982315799e-20,"Ktn1-225",4.00864982315799e-20,"Down"
5.47564253229019e-25,-1.67756905164804,0.043,0.367,4.2082503117663e-20,"Erbin-204",4.2082503117663e-20,"Down"
5.60289533368602e-25,-2.12240424263132,0.035,0.347,4.30604917975105e-20,"Rapgef1-207",4.30604917975105e-20,"Down"
5.66302443912417e-25,-1.59283797830245,0.103,0.494,4.35226080244449e-20,"Esrp1-202",4.35226080244449e-20,"Down"
6.42002870010334e-25,-1.50020943125268,0.063,0.412,4.93404885717742e-20,"Camsap2-202",4.93404885717742e-20,"Down"
6.46069760529351e-25,-1.33946794271086,0.045,0.376,4.96530453757227e-20,"Supt5-203",4.96530453757227e-20,"Down"
6.52937451119809e-25,-1.04815225911836,0.07,0.433,5.01808548683618e-20,"Tmed7-202",5.01808548683618e-20,"Down"
7.14081398904668e-25,-1.04610508280757,0.07,0.433,5.48800118314194e-20,"Nbr1-203",5.48800118314194e-20,"Down"
7.32709499616775e-25,-1.03327181309145,0.063,0.416,5.63116558835476e-20,"Apbb1-219",5.63116558835476e-20,"Down"
7.32709499616775e-25,-1.03327181309145,0.063,0.416,5.63116558835476e-20,"Apbb1-214",5.63116558835476e-20,"Down"
7.90288976879769e-25,-1.51602425608325,0.055,0.396,6.07368690291177e-20,"Dmxl1-201",6.07368690291177e-20,"Down"
8.06314683019767e-25,-1.22930830618472,0.055,0.396,6.19685086488012e-20,"Akt2-204",6.19685086488012e-20,"Down"
8.22714770617592e-25,-1.15838205413699,0.058,0.404,6.32289209810444e-20,"Zbtb21-202",6.32289209810444e-20,"Down"
8.3982122864284e-25,-1.55624975202005,0.035,0.347,6.45436207061168e-20,"Cnih1-202",6.45436207061168e-20,"Down"
8.89701315548503e-25,-1.78033306863722,0.035,0.347,6.83771049051647e-20,"Mapk1ip1l-201",6.83771049051647e-20,"Down"
8.98564089227365e-25,-1.46125680841284,0.098,0.486,6.90582445134799e-20,"Polr1a-201",6.90582445134799e-20,"Down"
9.41123312573967e-25,-1.1573498137284,0.261,0.731,7.23290910645596e-20,"Csde1-206",7.23290910645596e-20,"Down"
9.52611621609271e-25,-1.05076708762363,0.18,0.633,7.32120135671589e-20,"Gigyf2-205",7.32120135671589e-20,"Down"
9.68667514723098e-25,-1.21403136294956,0.073,0.437,7.4445973176529e-20,"Zc3h14-204",7.4445973176529e-20,"Down"
9.87946972886853e-25,-2.10646079626837,0.03,0.331,7.59276766542462e-20,"Abcd3-205",7.59276766542462e-20,"Down"
1.01878444110316e-24,-1.03477600174022,0.09,0.478,7.82976594365421e-20,"Zfx-203",7.82976594365421e-20,"Down"
1.01878444110316e-24,-1.03477600174022,0.09,0.478,7.82976594365421e-20,"Zfx-204",7.82976594365421e-20,"Down"
1.02304846689277e-24,-1.18135107008081,0.053,0.392,7.86253668745766e-20,"Supt20-210",7.86253668745766e-20,"Down"
1.05209033422127e-24,-2.59447351360312,0.038,0.347,8.08573505462417e-20,"Cux1-206",8.08573505462417e-20,"Down"
1.0923514022793e-24,-1.63375064308857,0.123,0.527,8.39515746707732e-20,"Akap12-205",8.39515746707732e-20,"Down"
1.09639157454373e-24,-1.76821552750529,0.035,0.347,8.42620780699836e-20,"Rev3l-201",8.42620780699836e-20,"Down"
1.2536066111315e-24,-1.25099000933918,0.085,0.461,9.63446824919006e-20,"Myo1b-203",9.63446824919006e-20,"Down"
1.29157908748749e-24,-1.40792860371005,0.063,0.412,9.92630191897635e-20,"Ktn1-221",9.92630191897635e-20,"Down"
1.46694624726845e-24,-1.08705563188848,0.055,0.392,1.1274068688757e-19,"Kdm6a-201",1.1274068688757e-19,"Down"
1.48668585488478e-24,-1.63953827519898,0.04,0.355,1.14257754691315e-19,"Apbb1-217",1.14257754691315e-19,"Down"
1.5342094457363e-24,-1.3299047821989,0.058,0.4,1.17910132742617e-19,"Ktn1-214",1.17910132742617e-19,"Down"
1.66583862502101e-24,-1.24723360321525,0.093,0.469,1.28026361687365e-19,"Mprip-201",1.28026361687365e-19,"Down"
1.76161921727197e-24,-2.290368033621,0.035,0.343,1.3538748332422e-19,"Wnk2-205",1.3538748332422e-19,"Down"
1.8178563618486e-24,-1.82507544439633,0.123,0.506,1.39709532833512e-19,"Clip1-201",1.39709532833512e-19,"Down"
1.84627575377566e-24,-1.39026361197717,0.085,0.457,1.41893676780675e-19,"Mprip-202",1.41893676780675e-19,"Down"
1.93313186377865e-24,-1.11584830035994,0.05,0.384,1.48568916258845e-19,"Rbm26-202",1.48568916258845e-19,"Down"
1.93627902456812e-24,-1.81334923949366,0.175,0.563,1.48810788154158e-19,"Morf4l2-212",1.48810788154158e-19,"Down"
1.98453841392295e-24,-1.36464472695068,0.058,0.4,1.52519715263634e-19,"Ap1b1-201",1.52519715263634e-19,"Down"
2.03527334181109e-24,-1.06108341179632,0.09,0.469,1.5641889741155e-19,"Heatr1-201",1.5641889741155e-19,"Down"
2.05246814477019e-24,-1.13148665605393,0.07,0.433,1.57740386798168e-19,"Pard3-224",1.57740386798168e-19,"Down"
2.06129211488384e-24,-1.62343402557801,0.048,0.371,1.58418544197283e-19,"Fam122b-201",1.58418544197283e-19,"Down"
2.18813937305158e-24,-1.17506541063453,0.055,0.392,1.68167263376506e-19,"Akt2-201",1.68167263376506e-19,"Down"
2.25295261377303e-24,-1.22162381467076,0.075,0.441,1.73148420178913e-19,"Tmem131-201",1.73148420178913e-19,"Down"
2.32513383955491e-24,-1.34105015682982,0.045,0.367,1.78695836105153e-19,"Mllt10-201",1.78695836105153e-19,"Down"
2.43301904444829e-24,-1.00674753777628,0.085,0.465,1.86987245642029e-19,"ENSMUST00000249699.1",1.86987245642029e-19,"Down"
2.4541957889418e-24,-1.22973666300127,0.371,0.816,1.88614763163333e-19,"Washc2-201",1.88614763163333e-19,"Down"
2.50437004380375e-24,-1.20827701360266,0.063,0.412,1.92470855346494e-19,"Ankrd13c-201",1.92470855346494e-19,"Down"
2.51146677366504e-24,-1.39715529300478,0.07,0.42,1.93016267423253e-19,"Rbm5-214",1.93016267423253e-19,"Down"
2.58332773784036e-24,-1.67427880950386,0.075,0.433,1.98539069963983e-19,"Fxr1-201",1.98539069963983e-19,"Down"
2.61502797649232e-24,-1.39078269352564,0.09,0.465,2.0097536010534e-19,"Tceanc-202",2.0097536010534e-19,"Down"
2.88737589893741e-24,-1.04897006419608,0.083,0.457,2.21906387336936e-19,"Nbr1-206",2.21906387336936e-19,"Down"
2.89228296291456e-24,-1.28814527508486,0.075,0.433,2.22283514831836e-19,"Smtn-210",2.22283514831836e-19,"Down"
2.92662717526934e-24,-1.88735376076332,0.04,0.351,2.2492300492815e-19,"Adgrg1-201",2.2492300492815e-19,"Down"
2.97013494402034e-24,-1.11312459698617,0.055,0.392,2.28266750987739e-19,"Eif2a-201",2.28266750987739e-19,"Down"
3.05291162138976e-24,-1.51986740933857,0.04,0.351,2.34628469750288e-19,"Pgk1-203",2.34628469750288e-19,"Down"
3.06673389439525e-24,-1.15955736739124,0.143,0.555,2.35690766719853e-19,"Pum2-209",2.35690766719853e-19,"Down"
3.16597803438474e-24,3.11620593146464,0.496,0.127,2.43318075854605e-19,"Ankrd17-213",2.43318075854605e-19,"Up"
3.19995860632851e-24,-1.99247536330089,0.05,0.376,2.45929618730772e-19,"Mfn1-202",2.45929618730772e-19,"Down"
3.29416755162687e-24,-1.16263225739598,0.05,0.38,2.53169953012731e-19,"Amt-201",2.53169953012731e-19,"Down"
3.30251880454813e-24,-1.39653941052379,0.053,0.38,2.53811780204742e-19,"Slc12a7-202",2.53811780204742e-19,"Down"
3.38714921667763e-24,-1.15533891347088,0.07,0.42,2.60315965898543e-19,"Slc35f2-201",2.60315965898543e-19,"Down"
3.44727016464144e-24,-1.68326310828317,0.05,0.376,2.64936501233353e-19,"Sik3-202",2.64936501233353e-19,"Down"
3.45299119798704e-24,-1.20361673126014,0.12,0.527,2.65376185530096e-19,"Tnrc18-202",2.65376185530096e-19,"Down"
3.5020869306631e-24,-1.09255638224198,0.048,0.376,2.69149388969182e-19,"Rlf-203",2.69149388969182e-19,"Down"
3.57209006401356e-24,-1.27358894841638,0.193,0.633,2.74529409779698e-19,"Golgb1-202",2.74529409779698e-19,"Down"
3.59322347098459e-24,-1.67906202692849,0.033,0.335,2.76153596639049e-19,"Zbtb21-204",2.76153596639049e-19,"Down"
3.65126436622182e-24,-1.41056877656757,0.043,0.359,2.80614271601612e-19,"Rabep1-206",2.80614271601612e-19,"Down"
3.74554118078039e-24,-1.18968804919394,0.078,0.437,2.87859821907696e-19,"Gse1-203",2.87859821907696e-19,"Down"
3.9940234956707e-24,-1.3046832560647,0.058,0.396,3.06956681736276e-19,"Ktn1-202",3.06956681736276e-19,"Down"
4.22114353940276e-24,-1.46090950891817,0.063,0.4,3.2441176557726e-19,"Mpc1-205",3.2441176557726e-19,"Down"
4.43014228233219e-24,-1.17854582540439,0.078,0.437,3.40474154966358e-19,"Kctd20-208",3.40474154966358e-19,"Down"
4.62876696503342e-24,-1.91625986055444,0.06,0.396,3.55739256330679e-19,"Kctd20-202",3.55739256330679e-19,"Down"
4.81206341568382e-24,-1.68585481488596,0.055,0.388,3.69826321748964e-19,"Psma3-206",3.69826321748964e-19,"Down"
5.06400335153815e-24,-1.15068269878205,0.088,0.457,3.89188913579113e-19,"Srp72-201",3.89188913579113e-19,"Down"
5.17878335906248e-24,-1.06428631154786,0.193,0.649,3.98010216277388e-19,"Ik-202",3.98010216277388e-19,"Down"
5.23815902052467e-24,-1.22316134008114,0.063,0.408,4.02573473363403e-19,"Lrba-201",4.02573473363403e-19,"Down"
5.23894456041136e-24,-1.0153479496791,0.381,0.784,4.02633845245854e-19,"Mbnl3-203",4.02633845245854e-19,"Down"
5.55212269207542e-24,-1.99873987957086,0.033,0.331,4.26702837376765e-19,"Kars-201",4.26702837376765e-19,"Down"
6.0354757554618e-24,-1.29601952130606,0.088,0.457,4.63850453710261e-19,"Ythdc1-208",4.63850453710261e-19,"Down"
6.10890248961022e-24,-1.33411134032363,0.088,0.457,4.69493591936504e-19,"Rtn3-201",4.69493591936504e-19,"Down"
6.26837485816169e-24,-1.26106875067463,0.06,0.4,4.81749681349158e-19,"Ktn1-226",4.81749681349158e-19,"Down"
6.50404230617122e-24,-1.0616827523537,0.045,0.363,4.99861667398483e-19,"Asxl2-202",4.99861667398483e-19,"Down"
6.51720431906195e-24,-1.59079493102049,0.048,0.371,5.00873220737187e-19,"Rc3h2-201",5.00873220737187e-19,"Down"
6.52823833354817e-24,-1.71211705060942,0.038,0.343,5.01721228886511e-19,"Tkt-209",5.01721228886511e-19,"Down"
6.92242993040746e-24,-1.08505718326632,0.128,0.539,5.32016429871535e-19,"Kdm5b-201",5.32016429871535e-19,"Down"
7.06118937246693e-24,-1.32497286152182,0.045,0.363,5.42680648031573e-19,"Usp38-201",5.42680648031573e-19,"Down"
7.1159346793324e-24,-1.31901253735746,0.085,0.453,5.46888043845412e-19,"Bace1-202",5.46888043845412e-19,"Down"
7.12649610902932e-24,-1.87200161428979,0.05,0.371,5.4769973196334e-19,"Mtrex-201",5.4769973196334e-19,"Down"
7.15924723209204e-24,-1.43124440051735,0.085,0.453,5.50216786775202e-19,"Tjp1-201",5.50216786775202e-19,"Down"
7.78486750928274e-24,-1.74343709742197,0.055,0.384,5.98298207558416e-19,"Smtn-204",5.98298207558416e-19,"Down"
8.15624854206482e-24,-1.10631143009995,0.148,0.547,6.2684032545185e-19,"Nop56-202",6.2684032545185e-19,"Down"
8.5075254286225e-24,-2.40750809482163,0.035,0.335,6.53837359291353e-19,"Wnk2-202",6.53837359291353e-19,"Down"
8.82682660505686e-24,-1.08283682162842,0.068,0.42,6.7837693190504e-19,"Pard3-201",6.7837693190504e-19,"Down"
9.30388502270061e-24,-1.79459407246606,0.063,0.404,7.15040779534632e-19,"Ktn1-224",7.15040779534632e-19,"Down"
9.47024764485713e-24,-1.40829216999803,0.035,0.335,7.2782641249785e-19,"Gbf1-213",7.2782641249785e-19,"Down"
1.03020463245653e-23,-1.56381031742748,0.048,0.363,7.91753468228138e-19,"Tpp1-206",7.91753468228138e-19,"Down"
1.07592470540165e-23,-1.4485340446487,0.115,0.502,8.26891173089384e-19,"Brd1-203",8.26891173089384e-19,"Down"
1.07919246556897e-23,-1.34295520542034,0.078,0.441,8.29402577488379e-19,"Gtf2b-201",8.29402577488379e-19,"Down"
1.12018155681455e-23,-1.01922013989858,0.145,0.571,8.60904333674252e-19,"Sap130-208",8.60904333674252e-19,"Down"
1.21132996680535e-23,-1.11203100230907,0.16,0.584,9.30955532688586e-19,"Gigyf2-217",9.30955532688586e-19,"Down"
1.23427422119149e-23,-1.14601397487346,0.063,0.404,9.48589109954504e-19,"Pdzd11-203",9.48589109954504e-19,"Down"
1.27585372089573e-23,-1.29770178954468,0.073,0.416,9.80544618657207e-19,"Pds5a-209",9.80544618657207e-19,"Down"
1.28065808739709e-23,-1.13841658679734,0.053,0.38,9.84236966488159e-19,"Wasf2-202",9.84236966488159e-19,"Down"
1.29346433520907e-23,-1.46849266472582,0.078,0.429,9.94079080181578e-19,"Cdk12-202",9.94079080181578e-19,"Down"
1.30955920380168e-23,-1.31542062648926,0.078,0.429,1.00644863048975e-18,"Kdm5a-201",1.00644863048975e-18,"Down"
1.31002477024081e-23,-2.01350650289247,0.175,0.555,1.00680643692087e-18,"Morf4l2-201",1.00680643692087e-18,"Down"
1.33058194384695e-23,-1.23462294317755,0.1,0.482,1.02260544712413e-18,"Fxr1-208",1.02260544712413e-18,"Down"
1.61433923128095e-23,-1.45919934387498,0.065,0.408,1.24068427280866e-18,"Pno1-201",1.24068427280866e-18,"Down"
1.66361369981315e-23,-1.66653778171212,0.053,0.376,1.2785536728544e-18,"Prcc-201",1.2785536728544e-18,"Down"
1.73121584028952e-23,-1.80275875447286,0.053,0.376,1.3305086218961e-18,"Psma3-201",1.3305086218961e-18,"Down"
1.74488762648324e-23,-1.90694472734778,0.043,0.351,1.34101593645743e-18,"Mllt1-201",1.34101593645743e-18,"Down"
1.74894872618153e-23,-1.90042080079661,0.038,0.339,1.34413705401955e-18,"Erbin-205",1.34413705401955e-18,"Down"
1.76672967242601e-23,-2.25890219990763,0.038,0.335,1.35780242244628e-18,"Jade3-201",1.35780242244628e-18,"Down"
1.90519925412057e-23,-1.01755114172003,0.053,0.38,1.46422183476182e-18,"Ilk-212",1.46422183476182e-18,"Down"
1.91609237553354e-23,-2.0221607938605,0.035,0.331,1.47259363429255e-18,"Mark3-208",1.47259363429255e-18,"Down"
1.9443673107516e-23,-2.15017966619503,0.04,0.343,1.49432405300503e-18,"Adgrg1-202",1.49432405300503e-18,"Down"
1.96818855024046e-23,-1.36295946266471,0.07,0.412,1.51263162840181e-18,"Ythdc1-207",1.51263162840181e-18,"Down"
1.99951229643033e-23,-1.58062461034689,0.035,0.335,1.53670518029856e-18,"Med9-201",1.53670518029856e-18,"Down"
2.00773711198132e-23,1.90035957228961,0.747,0.763,1.54302628004212e-18,"Ftl1-ps1-202",1.54302628004212e-18,"Up"
2.02742413518526e-23,-1.82501398507632,0.04,0.343,1.55815654485528e-18,"Ecpas-202",1.55815654485528e-18,"Down"
2.04639945533211e-23,-1.11872132313698,0.093,0.461,1.57273983740094e-18,"Calu-201",1.57273983740094e-18,"Down"
2.14822089426329e-23,-1.21083330551773,0.11,0.494,1.65099368607711e-18,"Cherp-201",1.65099368607711e-18,"Down"
2.17506922803699e-23,-1.33859126228254,0.045,0.359,1.67162770451555e-18,"Ap1b1-203",1.67162770451555e-18,"Down"
2.20553195087193e-23,-1.05843264123252,0.16,0.58,1.69503952552311e-18,"Tpcn1-201",1.69503952552311e-18,"Down"
2.2117936826019e-23,-1.42697487217589,0.06,0.396,1.69985191682687e-18,"Igsf8-202",1.69985191682687e-18,"Down"
2.24992850517809e-23,-2.3167526126438,0.053,0.363,1.72916005336957e-18,"H3f3a-201",1.72916005336957e-18,"Down"
2.44486306739781e-23,-2.30615622372135,0.043,0.347,1.87897506181791e-18,"Hipk1-203",1.87897506181791e-18,"Down"
2.46389720866992e-23,-1.72016287850302,0.04,0.343,1.89360356075118e-18,"Ints6-201",1.89360356075118e-18,"Down"
2.49235767969434e-23,-1.8130558732043,0.055,0.371,1.91547657115229e-18,"Hbp1-202",1.91547657115229e-18,"Down"
2.58338245717648e-23,-1.47997878330615,0.058,0.388,1.98543275363841e-18,"Tfdp1-203",1.98543275363841e-18,"Down"
2.58737474805109e-23,-1.81799228003666,0.08,0.433,1.98850098886718e-18,"Enah-211",1.98850098886718e-18,"Down"
2.63142110297115e-23,1.56540047160598,0.845,0.841,2.02235237447745e-18,"Fth1-201",2.02235237447745e-18,"Up"
2.66462494488989e-23,-2.06579153391461,0.058,0.376,2.04787085514568e-18,"Cct8-209",2.04787085514568e-18,"Down"
2.66702936547565e-23,-1.02731226927408,0.123,0.518,2.04971874854266e-18,"Atp6v1a-201",2.04971874854266e-18,"Down"
2.68298168861163e-23,-1.77294170857504,0.045,0.355,2.06197874696558e-18,"Aak1-202",2.06197874696558e-18,"Down"
2.73240009154253e-23,-1.27148115269525,0.068,0.412,2.09995876635409e-18,"Nfe2l2-201",2.09995876635409e-18,"Down"
2.78494979783049e-23,-1.21934943645111,0.065,0.408,2.14034531762464e-18,"Fbxo22-205",2.14034531762464e-18,"Down"
2.85146303363444e-23,-1.426756714286,0.075,0.424,2.19146339986941e-18,"Rbmxl1-202",2.19146339986941e-18,"Down"
2.90553746196978e-23,-1.39945708310191,0.08,0.433,2.23302176102226e-18,"Gucd1-202",2.23302176102226e-18,"Down"
2.93574086634244e-23,-1.58507814173353,0.035,0.331,2.25623428541882e-18,"Uevld-201",2.25623428541882e-18,"Down"
2.97886414425283e-23,-2.06059791964591,0.043,0.343,2.28937624942407e-18,"Phc3-201",2.28937624942407e-18,"Down"
2.99098600732704e-23,-1.23019867289918,0.063,0.4,2.29869238607112e-18,"Ckap5-201",2.29869238607112e-18,"Down"
3.08159238107089e-23,-1.02144869137166,0.103,0.482,2.36832700854822e-18,"Gucd1-201",2.36832700854822e-18,"Down"
3.24813881313055e-23,-1.13560490539992,0.125,0.522,2.49632460344336e-18,"Atp6v1a-202",2.49632460344336e-18,"Down"
3.33141165301726e-23,-1.46198976813062,0.038,0.335,2.56032311180988e-18,"Pan3-209",2.56032311180988e-18,"Down"
3.37389132537982e-23,-1.47916716220056,0.09,0.453,2.5929704392074e-18,"Polg-213",2.5929704392074e-18,"Down"
3.40432057710591e-23,-1.72279537642692,0.045,0.355,2.61635653632898e-18,"Asap2-204",2.61635653632898e-18,"Down"
3.44403237095529e-23,-1.51649075924514,0.185,0.567,2.64687663837398e-18,"Morf4l2-214",2.64687663837398e-18,"Down"
3.44453175439599e-23,-1.90647610570411,0.055,0.371,2.64726043452349e-18,"Tinagl1-209",2.64726043452349e-18,"Down"
3.45012694502087e-23,-1.4212374565247,0.043,0.347,2.65156056232634e-18,"Zfat-204",2.65156056232634e-18,"Down"
3.49576824537537e-23,-1.28140075690922,0.138,0.551,2.68663772730079e-18,"Atxn2-201",2.68663772730079e-18,"Down"
3.57426729684299e-23,-1.8322967870172,0.053,0.367,2.74696738831571e-18,"Usp53-201",2.74696738831571e-18,"Down"
3.58572212508469e-23,-1.28142360320417,0.404,0.784,2.75577088201259e-18,"Rlim-202",2.75577088201259e-18,"Down"
3.62574562663236e-23,-1.18308003289899,0.163,0.58,2.78653054389203e-18,"Epb41-201",2.78653054389203e-18,"Down"
3.65428857911519e-23,-1.39932665939948,0.058,0.384,2.80846694459319e-18,"Tatdn2-201",2.80846694459319e-18,"Down"
3.69750385656527e-23,-1.05186921724786,0.055,0.38,2.84167961392467e-18,"Ttll5-209",2.84167961392467e-18,"Down"
3.79087249251257e-23,-1.6883237052973,0.053,0.371,2.91343714539561e-18,"Prkcz-202",2.91343714539561e-18,"Down"
3.89566318130805e-23,-1.49911085780896,0.04,0.343,2.99397298136249e-18,"Gid8-202",2.99397298136249e-18,"Down"
4.0015087122694e-23,-1.71080176172244,0.06,0.384,3.07531950572752e-18,"1110004F10Rik-203",3.07531950572752e-18,"Down"
4.1149496513155e-23,-1.07376693016479,0.168,0.608,3.16250340502202e-18,"Fn1-217",3.16250340502202e-18,"Down"
4.26226198294489e-23,-1.12899540789535,0.06,0.392,3.27571882437247e-18,"Tatdn2-205",3.27571882437247e-18,"Down"
4.63610091238274e-23,-1.29320428127185,0.08,0.437,3.56302899520263e-18,"Slc7a5-201",3.56302899520263e-18,"Down"
4.86263174877859e-23,1.55640998109753,0.845,0.845,3.7371270042063e-18,"Fth1-203",3.7371270042063e-18,"Up"
4.92362171657291e-23,-1.24072522860928,0.083,0.437,3.78400023405494e-18,"ENSMUST00000249896.1",3.78400023405494e-18,"Down"
4.94679306086045e-23,-1.16531363861186,0.053,0.376,3.80180833899369e-18,"Cdc16-201",3.80180833899369e-18,"Down"
5.05416818292415e-23,-1.09082398625658,0.09,0.457,3.88433041530453e-18,"Nufip2-204",3.88433041530453e-18,"Down"
5.0671491088196e-23,-1.70735689044573,0.043,0.347,3.89430677609222e-18,"Abhd6-202",3.89430677609222e-18,"Down"
5.12540036350415e-23,-1.30687479745906,0.05,0.367,3.93907519536748e-18,"Taf9-205",3.93907519536748e-18,"Down"
5.30773386168063e-23,-1.65789214910595,0.053,0.371,4.07920578205603e-18,"Psma3-204",4.07920578205603e-18,"Down"
5.88383663543594e-23,-1.18633951546459,0.288,0.739,4.52196380779794e-18,"Csnk1a1-204",4.52196380779794e-18,"Down"
5.90328052054992e-23,-1.42059073910389,0.058,0.384,4.53690721126344e-18,"Kif13b-203",4.53690721126344e-18,"Down"
6.05751802104581e-23,-1.53989904731204,0.043,0.343,4.65544489989455e-18,"Cse1l-211",4.65544489989455e-18,"Down"
6.07238524548336e-23,-1.91444522942112,0.038,0.331,4.66687095656378e-18,"Sec24c-201",4.66687095656378e-18,"Down"
6.21357960441845e-23,-1.69128154557058,0.038,0.335,4.77538446917976e-18,"Apoo-203",4.77538446917976e-18,"Down"
6.48357063434956e-23,-1.08929861548192,0.288,0.706,4.98288337532301e-18,"Git2-204",4.98288337532301e-18,"Down"
6.63145386888715e-23,-1.79624502472447,0.06,0.38,5.09653755639453e-18,"Stag1-203",5.09653755639453e-18,"Down"
6.92306467860887e-23,-1.03486052127379,0.085,0.445,5.32065212809806e-18,"Tpst2-202",5.32065212809806e-18,"Down"
7.18290412840967e-23,-1.26761898836326,0.153,0.567,5.52034913884796e-18,"Kmt5a-201",5.52034913884796e-18,"Down"
7.88876278087289e-23,-1.17768580075621,0.068,0.404,6.06282974761205e-18,"Pnpla8-204",6.06282974761205e-18,"Down"
7.90610215043091e-23,-1.1171495065321,0.09,0.449,6.07615574669217e-18,"Stx6-201",6.07615574669217e-18,"Down"
8.01532661898505e-23,-1.74284742845868,0.083,0.424,6.16009911975477e-18,"Slc40a1-201",6.16009911975477e-18,"Down"
8.09251789326835e-23,-1.54131362434682,0.103,0.469,6.21942370169245e-18,"Dpp7-201",6.21942370169245e-18,"Down"
8.18972533622246e-23,-1.07379612078703,0.073,0.416,6.29413150990041e-18,"2900026A02Rik-202",6.29413150990041e-18,"Down"
8.4893276987127e-23,-1.24834148025794,0.12,0.498,6.52438790956866e-18,"Mbnl2-203",6.52438790956866e-18,"Down"
8.98704752659707e-23,-1.78299818438656,0.038,0.331,6.90690550609091e-18,"Ralgds-211",6.90690550609091e-18,"Down"
9.69376445649088e-23,-1.23566468344354,0.043,0.347,7.4500457353915e-18,"Pard3-221",7.4500457353915e-18,"Down"
9.83613702022666e-23,-1.67300786147547,0.053,0.363,7.559464745525e-18,"Stra6-202",7.559464745525e-18,"Down"
9.83613702022666e-23,-1.67300786147547,0.053,0.363,7.559464745525e-18,"Stra6-214",7.559464745525e-18,"Down"
9.96041915127133e-23,-1.1903719939523,0.073,0.408,7.65498053451807e-18,"Cdk12-201",7.65498053451807e-18,"Down"
1.02986843146116e-22,-1.08165622077993,0.105,0.486,7.9149508431516e-18,"Pcgf3-201",7.9149508431516e-18,"Down"
1.03444485491193e-22,-1.06971061807973,0.058,0.384,7.95012248794018e-18,"Lrba-204",7.95012248794018e-18,"Down"
1.04556679347487e-22,-1.12830122414489,0.103,0.478,8.0355990345718e-18,"Adam10-201",8.0355990345718e-18,"Down"
1.07219420896253e-22,-1.41328741591772,0.048,0.355,8.24024137356063e-18,"Rimoc1-201",8.24024137356063e-18,"Down"
1.16461144354709e-22,-1.22630240404411,0.06,0.388,8.9505047882368e-18,"Mga-204",8.9505047882368e-18,"Down"
1.18967666473264e-22,-1.03826684723755,0.053,0.371,9.14314103913626e-18,"Ndufv2-202",9.14314103913626e-18,"Down"
1.23828409963745e-22,-1.18662820793044,0.06,0.38,9.51670861935364e-18,"Faf2-201",9.51670861935364e-18,"Down"
1.25171103936799e-22,-1.04671326479189,0.073,0.42,9.61990002195875e-18,"Rdh11-201",9.61990002195875e-18,"Down"
1.2572098171842e-22,-1.66990641030924,0.063,0.384,9.66216032898741e-18,"Ass1-201",9.66216032898741e-18,"Down"
1.27671282579672e-22,-2.18268241121572,0.058,0.38,9.81204875137812e-18,"Ktn1-205",9.81204875137812e-18,"Down"
1.29027529432393e-22,-1.21807686792199,0.206,0.624,9.91628174699712e-18,"Bcor-206",9.91628174699712e-18,"Down"
1.34773235953635e-22,-1.48993360958154,0.058,0.376,1.03578622759807e-17,"Cdc34-205",1.03578622759807e-17,"Down"
1.3705566703193e-22,-1.86823504526076,0.063,0.38,1.05332762340719e-17,"Mycbp2-202",1.05332762340719e-17,"Down"
1.44394640265259e-22,-1.164745156573,0.216,0.616,1.10973056829462e-17,"Morf4l2-202",1.10973056829462e-17,"Down"
1.46294044233827e-22,-1.44886591026934,0.06,0.38,1.12432824755466e-17,"Rbm5-201",1.12432824755466e-17,"Down"
1.5203707669258e-22,-1.56896940348573,0.04,0.335,1.16846574921315e-17,"Rbm6-201",1.16846574921315e-17,"Down"
1.52293981833065e-22,-1.13383236255134,0.073,0.416,1.17044016797984e-17,"Nfe2l1-203",1.17044016797984e-17,"Down"
1.53880687365806e-22,-1.44950691808696,0.053,0.363,1.18263463468116e-17,"Rabgap1-203",1.18263463468116e-17,"Down"
1.53954415156569e-22,-1.27801432027963,0.055,0.367,1.18320126224429e-17,"Stra6-201",1.18320126224429e-17,"Down"
1.54170263547246e-22,-1.24858084752491,0.075,0.412,1.18486014346601e-17,"Ptbp1-202",1.18486014346601e-17,"Down"
1.65092152846079e-22,-1.56201081873807,0.183,0.58,1.26879923148326e-17,"Ctnnd1-222",1.26879923148326e-17,"Down"
1.68019365186648e-22,-1.40867688252072,0.05,0.359,1.29129602920546e-17,"Sars-202",1.29129602920546e-17,"Down"
1.68657266157687e-22,-1.38335409779972,0.055,0.367,1.29619855332829e-17,"Stra6-213",1.29619855332829e-17,"Down"
1.76958206211055e-22,-1.38022213731355,0.078,0.42,1.35999459801444e-17,"Pten-201",1.35999459801444e-17,"Down"
1.79049220947101e-22,-1.74913348262858,0.038,0.331,1.37606488266685e-17,"Ankrd13c-204",1.37606488266685e-17,"Down"
1.79646258553658e-22,-1.01979184663797,0.073,0.416,1.38065335548828e-17,"Patj-214",1.38065335548828e-17,"Down"
1.79646258553658e-22,-1.01979184663797,0.073,0.416,1.38065335548828e-17,"Patj-202",1.38065335548828e-17,"Down"
1.83174857959986e-22,-1.22540174693117,0.045,0.347,1.40777205336568e-17,"Lzts2-201",1.40777205336568e-17,"Down"
1.87854158393723e-22,-1.19897919222703,0.088,0.445,1.44373434891912e-17,"Fxr1-206",1.44373434891912e-17,"Down"
1.90727108117857e-22,-1.03965091210218,0.045,0.347,1.46581411672898e-17,"Dap3-207",1.46581411672898e-17,"Down"
1.94587950705218e-22,-1.57772115463778,0.038,0.331,1.49548623634988e-17,"BC005537-201",1.49548623634988e-17,"Down"
2.01743842532937e-22,-1.39985496309008,0.133,0.518,1.55048212740263e-17,"Septin11-201",1.55048212740263e-17,"Down"
2.13457729752195e-22,-1.36311492159221,0.06,0.384,1.64050803623752e-17,"Ktn1-223",1.64050803623752e-17,"Down"
2.24614776734629e-22,-1.15760394149206,0.058,0.38,1.72625440511631e-17,"Klf10-202",1.72625440511631e-17,"Down"
2.2498995446675e-22,-1.72184177540698,0.04,0.335,1.72913779605876e-17,"Rprd1b-201",1.72913779605876e-17,"Down"
2.36312040092179e-22,-1.00479629682413,0.06,0.384,1.81615255292443e-17,"Ktn1-207",1.81615255292443e-17,"Down"
2.40787183995226e-22,-1.2465733885863,0.175,0.584,1.85054582387691e-17,"Rab7-204",1.85054582387691e-17,"Down"
2.49069167404474e-22,-1.0894194645482,0.083,0.433,1.91419617917034e-17,"Myo1b-201",1.91419617917034e-17,"Down"
2.49741969057012e-22,-1.20074136340694,0.123,0.506,1.91936692899076e-17,"Bdp1-204",1.91936692899076e-17,"Down"
2.55271119052961e-22,-1.05960020464242,0.058,0.38,1.96186065836963e-17,"Lrba-202",1.96186065836963e-17,"Down"
2.5713250921247e-22,-1.20865233090597,0.055,0.371,1.97616618630152e-17,"Ktn1-213",1.97616618630152e-17,"Down"
2.6388246481676e-22,-1.13666136597941,0.065,0.396,2.02804229510273e-17,"Nudt2-201",2.02804229510273e-17,"Down"
2.6697028143283e-22,-1.17993354874123,0.075,0.42,2.05177340092387e-17,"Pi4kb-203",2.05177340092387e-17,"Down"
2.71958130549525e-22,-1.17305399805943,0.048,0.351,2.09010701652532e-17,"Ralgds-208",2.09010701652532e-17,"Down"
2.81704618343254e-22,-1.34326624591912,0.213,0.629,2.16501267381525e-17,"Dsp-201",2.16501267381525e-17,"Down"
2.93315860343386e-22,-1.74267621480837,0.048,0.347,2.25424971308306e-17,"Ttc3-201",2.25424971308306e-17,"Down"
2.98499401349259e-22,-1.62470753178187,0.048,0.351,2.2940872991296e-17,"Zfyve16-201",2.2940872991296e-17,"Down"
3.15898461617202e-22,-1.57746653380502,0.058,0.371,2.42780603691285e-17,"Srek1-204",2.42780603691285e-17,"Down"
3.17604896516852e-22,-1.16263028916064,0.263,0.71,2.44092067169061e-17,"Sptan1-203",2.44092067169061e-17,"Down"
3.22040725044325e-22,-1.15442015915861,0.123,0.51,2.47501178825566e-17,"Anapc2-201",2.47501178825566e-17,"Down"
3.26429393308912e-22,-1.3885432089929,0.08,0.424,2.50874045933632e-17,"Tjp1-207",2.50874045933632e-17,"Down"
3.4365130564436e-22,-1.11575843587652,0.063,0.388,2.64109774439916e-17,"Ktn1-219",2.64109774439916e-17,"Down"
3.45216818984995e-22,-1.62390491156774,0.043,0.339,2.65312934062728e-17,"Ranbp3-206",2.65312934062728e-17,"Down"
3.51185573659257e-22,-1.38498073292794,0.073,0.408,2.69900160780086e-17,"Pik3c2a-201",2.69900160780086e-17,"Down"
3.52898216471025e-22,-1.13776268426062,0.1,0.461,2.71216395286642e-17,"Csnk2a1-201",2.71216395286642e-17,"Down"
3.75916432365352e-22,-1.02633575618114,0.04,0.335,2.88906814930068e-17,"Ube3a-216",2.88906814930068e-17,"Down"
3.9135149167544e-22,-1.05464887957878,0.088,0.437,3.00769275412243e-17,"Zc3h18-205",3.00769275412243e-17,"Down"
3.96404193013921e-22,-1.1655174754407,0.058,0.376,3.04652478498919e-17,"Ktn1-216",3.04652478498919e-17,"Down"
4.00541374322964e-22,-1.20751518638213,0.065,0.396,3.07832067822171e-17,"Dctn1-204",3.07832067822171e-17,"Down"
4.00653076007424e-22,-1.73032999712061,0.043,0.339,3.07917915034746e-17,"Ralgapb-201",3.07917915034746e-17,"Down"
4.21449117610316e-22,-1.842502040115,0.17,0.527,3.23900504848232e-17,"Naca-202",3.23900504848232e-17,"Down"
4.29781890322582e-22,-1.54484246327174,0.058,0.371,3.30304573988518e-17,"Camsap2-203",3.30304573988518e-17,"Down"
4.59984694430712e-22,-1.02633901025297,0.083,0.416,3.53516637057779e-17,"Ankrd12-201",3.53516637057779e-17,"Down"
4.60734821758272e-22,-1.75158214797074,0.05,0.351,3.54093139914103e-17,"Ttc3-235",3.54093139914103e-17,"Down"
4.62101255656995e-22,-1.23646190964913,0.073,0.412,3.55143299022627e-17,"Dctn1-203",3.55143299022627e-17,"Down"
4.7873459701896e-22,-1.09265448570328,0.326,0.731,3.67926687192952e-17,"Trip12-207",3.67926687192952e-17,"Down"
4.79531241162427e-22,-1.12370674989439,0.123,0.51,3.68538940082972e-17,"Phrf1-202",3.68538940082972e-17,"Down"
4.83048535304832e-22,-1.06182058900092,0.416,0.873,3.71242121323176e-17,"Lipg-201",3.71242121323176e-17,"Down"
4.83089711113816e-22,-1.30737059009399,0.058,0.376,3.71273766579412e-17,"Mga-201",3.71273766579412e-17,"Down"
4.90095139842891e-22,-1.02358723251976,0.1,0.465,3.76657718774856e-17,"Zzz3-203",3.76657718774856e-17,"Down"
4.99364988399178e-22,-1.68088088416581,0.188,0.576,3.83781968184304e-17,"Ctnnd1-203",3.83781968184304e-17,"Down"
5.08351603116251e-22,-1.28861386333284,0.058,0.376,3.90688541058964e-17,"Sh3gl1-201",3.90688541058964e-17,"Down"
5.24382846090238e-22,-1.47991268599979,0.048,0.351,4.03009192534191e-17,"Usp24-201",4.03009192534191e-17,"Down"
5.43023855230991e-22,-1.41550020187954,0.083,0.424,4.17335553699226e-17,"Polg-205",4.17335553699226e-17,"Down"
5.47047752390734e-22,-1.68472298619167,0.045,0.343,4.20428079622375e-17,"Rprd1b-203",4.20428079622375e-17,"Down"
5.50425577958272e-22,-1.31599306577658,0.045,0.339,4.2302407368405e-17,"Rbm25-206",4.2302407368405e-17,"Down"
5.63359803873583e-22,-1.57527507681138,0.175,0.559,4.32964543669004e-17,"Ctnnd1-214",4.32964543669004e-17,"Down"
5.69923251136909e-22,-1.17619129051899,0.063,0.384,4.3800881542876e-17,"Ktn1-217",4.3800881542876e-17,"Down"
5.74297306886477e-22,-1.31914414450034,0.14,0.522,4.41370452234533e-17,"Acin1-201",4.41370452234533e-17,"Down"
5.74506574091482e-22,-1.48262725997668,0.065,0.388,4.41531282452268e-17,"Aimp1-206",4.41531282452268e-17,"Down"
5.88784853963524e-22,-1.83844726937325,0.045,0.343,4.52504711665127e-17,"Metrnl-202",4.52504711665127e-17,"Down"
5.93758778839859e-22,-1.49351176989562,0.04,0.331,4.56327371889585e-17,"Zfat-202",4.56327371889585e-17,"Down"
6.06881070769326e-22,-1.62756027735653,0.068,0.392,4.66412378129058e-17,"Zc3h4-202",4.66412378129058e-17,"Down"
6.07166775024101e-22,-1.2845098286517,0.055,0.367,4.66631953277023e-17,"Golga2-204",4.66631953277023e-17,"Down"
6.36616463472139e-22,-1.06096259113362,0.263,0.706,4.89265216836878e-17,"Pakap-211",4.89265216836878e-17,"Down"
6.55823554289e-22,-1.17907294889129,0.055,0.367,5.04026634413268e-17,"Ktn1-215",5.04026634413268e-17,"Down"
6.72688696353197e-22,-1.11102896218121,0.06,0.38,5.16988170695286e-17,"Ndc1-201",5.16988170695286e-17,"Down"
6.83550121456543e-22,-1.50049129143863,0.065,0.38,5.25335610344211e-17,"Brap-202",5.25335610344211e-17,"Down"
7.35689292144231e-22,-1.63616567458664,0.103,0.453,5.65406648584528e-17,"Macf1-215",5.65406648584528e-17,"Down"
7.53690435482201e-22,-1.54831651369664,0.04,0.331,5.7924124728549e-17,"Apoo-201",5.7924124728549e-17,"Down"
7.72142459083639e-22,-1.3391672689779,0.1,0.457,5.9342236550414e-17,"Nisch-201",5.9342236550414e-17,"Down"
7.9373451671988e-22,-1.51355924773406,0.06,0.376,6.10016725479897e-17,"Wdr7-204",6.10016725479897e-17,"Down"
7.97469269705813e-22,-1.51869654385621,0.053,0.355,6.12887032539706e-17,"Wac-201",6.12887032539706e-17,"Down"
8.47954781479403e-22,-2.01588722556798,0.078,0.4,6.51687167758181e-17,"Eif5-212",6.51687167758181e-17,"Down"
8.84546537497565e-22,-1.39055134963808,0.068,0.392,6.79809395928379e-17,"Ythdc1-201",6.79809395928379e-17,"Down"
8.91189268669123e-22,-1.1619318528862,0.098,0.457,6.84914600542968e-17,"Ash2l-202",6.84914600542968e-17,"Down"
9.02286923934854e-22,-1.0043227829599,0.226,0.665,6.93443592520893e-17,"Usp48-205",6.93443592520893e-17,"Down"
9.05925738605425e-22,-1.21902567499786,0.12,0.49,6.96240167147814e-17,"Arhgef16-207",6.96240167147814e-17,"Down"
9.16294177434088e-22,-1.54255035417377,0.043,0.335,7.04208727125194e-17,"Nadk-203",7.04208727125194e-17,"Down"
9.36450338952782e-22,-1.85713247459632,0.05,0.347,7.19699543498771e-17,"Luc7l2-209",7.19699543498771e-17,"Down"
9.40381574911633e-22,-1.50272454320356,0.045,0.339,7.22720855582586e-17,"G3bp2-202",7.22720855582586e-17,"Down"
9.55482072694329e-22,-1.35897724054761,0.073,0.4,7.34326192148499e-17,"Igf2bp2-201",7.34326192148499e-17,"Down"
1.00342546153773e-21,-1.13710925073289,0.058,0.371,7.71172604210207e-17,"Ktn1-203",7.71172604210207e-17,"Down"
1.00342546153773e-21,-1.13710925133817,0.058,0.371,7.71172604210207e-17,"Ktn1-208",7.71172604210207e-17,"Down"
1.00683536225913e-21,-1.34287273358705,0.043,0.335,7.73793249310631e-17,"Pcyox1-201",7.73793249310631e-17,"Down"
1.02292876901081e-21,-1.05809692807319,0.115,0.49,7.86161676135568e-17,"Plcg2-201",7.86161676135568e-17,"Down"
1.09957418037909e-21,1.83241140501946,0.799,0.669,8.45066740588543e-17,"Hnrnpa2b1-201",8.45066740588543e-17,"Up"
1.21130869617498e-21,-1.06739525243475,0.17,0.588,9.30939185358316e-17,"Ada-201",9.30939185358316e-17,"Down"
1.34233823326536e-21,-1.54203552743509,0.058,0.367,1.03164062579376e-16,"Wdr7-201",1.03164062579376e-16,"Down"
1.39295732386466e-21,-1.38279971644029,0.053,0.355,1.07054342168295e-16,"Me1-201",1.07054342168295e-16,"Down"
1.43951940248057e-21,-1.02369898212264,0.682,0.943,1.10632824158241e-16,"Serpinb9g-201",1.10632824158241e-16,"Down"
1.50503605477248e-21,-1.06861465819631,0.095,0.441,1.15668040953484e-16,"Gnl2-201",1.15668040953484e-16,"Down"
1.56924228115381e-21,-1.6156254116554,0.065,0.384,1.20602546275795e-16,"Ncor2-203",1.20602546275795e-16,"Down"
1.58878822214729e-21,-1.11863567475025,0.17,0.58,1.22104730024907e-16,"Mbnl2-201",1.22104730024907e-16,"Down"
1.6280855975686e-21,-1.53306811684515,0.068,0.388,1.25124890515537e-16,"Snap91-211",1.25124890515537e-16,"Down"
1.66012136321897e-21,1.30362873510898,0.88,0.759,1.27586967248831e-16,"Ywhaz-204",1.27586967248831e-16,"Up"
1.67564733247856e-21,-1.00868709595237,0.068,0.392,1.28780200090307e-16,"Cyfip1-201",1.28780200090307e-16,"Down"
1.75168932707064e-21,-1.45741506959168,0.078,0.408,1.34624331542687e-16,"Lamp2-201",1.34624331542687e-16,"Down"
1.77627154859286e-21,-1.10271150772444,0.115,0.494,1.36513573595555e-16,"Ralbp1-202",1.36513573595555e-16,"Down"
1.787789197265e-21,-1.21290771138672,0.055,0.367,1.37398750966604e-16,"Cd2bp2-206",1.37398750966604e-16,"Down"
2.0035992459997e-21,-1.24498889772187,0.093,0.441,1.53984616452061e-16,"Zfp207-202",1.53984616452061e-16,"Down"
2.05798920603557e-21,-1.07319125132595,0.063,0.38,1.58164702440657e-16,"Cyfip1-203",1.58164702440657e-16,"Down"
2.10725200935801e-21,-1.64496538376603,0.09,0.424,1.619507459272e-16,"Znfx1-201",1.619507459272e-16,"Down"
2.11792720885122e-21,-1.10907690922912,0.075,0.404,1.62771177709051e-16,"Rnf44-218",1.62771177709051e-16,"Down"
2.11877904990142e-21,-1.13949687275168,0.368,0.784,1.62836645101124e-16,"Bsg-201",1.62836645101124e-16,"Down"
2.12551301389567e-21,-2.19698323947288,0.055,0.351,1.63354177169938e-16,"Anxa2-205",1.63354177169938e-16,"Down"
2.16512174506932e-21,-1.13550826645238,0.351,0.767,1.66398266595558e-16,"Bsg-202",1.66398266595558e-16,"Down"
2.18716161296305e-21,-1.5312037921779,0.045,0.339,1.68092118602662e-16,"Luzp1-202",1.68092118602662e-16,"Down"
2.37879564385552e-21,-1.29700974820715,0.053,0.355,1.82819960412872e-16,"Ttll5-214",1.82819960412872e-16,"Down"
2.48290990652394e-21,4.76165900508084,0.353,0.029,1.90821557955991e-16,"Peg3-203",1.90821557955991e-16,"Up"
2.49592245457346e-21,-1.05654386671922,0.058,0.367,1.91821624323789e-16,"Tatdn2-202",1.91821624323789e-16,"Down"
2.50330353313519e-21,-1.27428535730318,0.065,0.388,1.92388889735572e-16,"Nfyc-202",1.92388889735572e-16,"Down"
2.5591385724183e-21,-1.32470638037971,0.088,0.429,1.96680035844636e-16,"Septin8-201",1.96680035844636e-16,"Down"
2.58114401319359e-21,-1.30114533648286,0.075,0.4,1.9837124198998e-16,"Phip-201",1.9837124198998e-16,"Down"
2.71176849063792e-21,-1.3377485390876,0.043,0.331,2.08410255579487e-16,"Rabep1-204",2.08410255579487e-16,"Down"
2.7876486031011e-21,-1.04305608428582,0.048,0.343,2.14241945742732e-16,"Klc1-203",2.14241945742732e-16,"Down"
2.80549795783666e-21,-1.02609623849088,0.05,0.347,2.15613740051578e-16,"Ext2-201",2.15613740051578e-16,"Down"
2.89928090377714e-21,-1.58592778565624,0.048,0.343,2.22821334578888e-16,"Ralgapb-203",2.22821334578888e-16,"Down"
3.02902151790272e-21,-1.25358957423191,0.18,0.576,2.32792419736895e-16,"Amotl2-211",2.32792419736895e-16,"Down"
3.11526637548881e-21,-1.20990036378074,0.06,0.376,2.39420682021817e-16,"Osbpl2-201",2.39420682021817e-16,"Down"
3.13422342146603e-21,-1.08840675772982,0.075,0.408,2.4087760683335e-16,"Akap11-201",2.4087760683335e-16,"Down"
3.24735316900842e-21,-1.02669573309672,0.06,0.371,2.49572080450973e-16,"Ubn1-203",2.49572080450973e-16,"Down"
3.25927680914598e-21,-1.1918359275308,0.053,0.351,2.50488459890105e-16,"Rnf44-217",2.50488459890105e-16,"Down"
3.28030762266299e-21,-1.57517717944051,0.053,0.351,2.52104762032141e-16,"Dnmt3a-218",2.52104762032141e-16,"Down"
3.38022792065233e-21,-1.37254879918143,0.043,0.331,2.59784036613814e-16,"Cramp1-201",2.59784036613814e-16,"Down"
3.5027491525767e-21,-1.09624121873399,0.108,0.457,2.6920028337213e-16,"Macf1-214",2.6920028337213e-16,"Down"
3.59162198904343e-21,-1.31187517408019,0.058,0.359,2.76030516345944e-16,"Lcp1-202",2.76030516345944e-16,"Down"
3.81915767854915e-21,-1.5325843599914,0.068,0.384,2.93517544227216e-16,"Snap91-204",2.93517544227216e-16,"Down"
3.84795636377427e-21,-1.07511739776303,0.053,0.355,2.95730838381507e-16,"Esco1-201",2.95730838381507e-16,"Down"
3.89144480901947e-21,-1.31518269981973,0.06,0.371,2.99073099352382e-16,"Psd4-210",2.99073099352382e-16,"Down"
3.92249556216186e-21,-1.31208711341788,0.053,0.355,3.01459473934387e-16,"Mga-202",3.01459473934387e-16,"Down"
3.98316105239538e-21,-1.09697038008189,0.103,0.461,3.06121859520794e-16,"Rbm33-204",3.06121859520794e-16,"Down"
4.03285967839889e-21,-2.03028338989749,0.053,0.343,3.09941397723669e-16,"Setd5-212",3.09941397723669e-16,"Down"
4.12795741592504e-21,-1.21161644093581,0.048,0.339,3.17250039243503e-16,"Vldlr-207",3.17250039243503e-16,"Down"
4.30589678458599e-21,-1.64847159853837,0.045,0.335,3.30925391482572e-16,"Spcs2-207",3.30925391482572e-16,"Down"
4.37353387628617e-21,-1.21977859411987,0.145,0.527,3.36123572528097e-16,"Pum2-216",3.36123572528097e-16,"Down"
4.49664784535259e-21,-1.02313788284636,0.125,0.51,3.45585373506728e-16,"Vcl-201",3.45585373506728e-16,"Down"
4.74299280160447e-21,-1.36010254560667,0.058,0.359,3.6451796877451e-16,"Tec-205",3.6451796877451e-16,"Down"
4.94538291214252e-21,-1.51141929408672,0.055,0.355,3.80072458329801e-16,"Rnf44-201",3.80072458329801e-16,"Down"
5.07176580176354e-21,-1.00823681646703,0.108,0.465,3.89785488928735e-16,"Dlg3-206",3.89785488928735e-16,"Down"
5.23761488595879e-21,-1.74202307951232,0.053,0.347,4.02531654445476e-16,"Setd5-210",4.02531654445476e-16,"Down"
5.27699001513574e-21,-1.47003840627728,0.175,0.551,4.05557790623242e-16,"Ctnnd1-216",4.05557790623242e-16,"Down"
5.42179551480332e-21,-1.24147999621784,0.048,0.343,4.16686672494694e-16,"Ei24-211",4.16686672494694e-16,"Down"
5.53731079411317e-21,-1.9063847686594,0.155,0.502,4.25564483770774e-16,"Ubap2l-204",4.25564483770774e-16,"Down"
5.53785513967188e-21,-1.80248538292971,0.058,0.355,4.25606318904342e-16,"Hif1a-202",4.25606318904342e-16,"Down"
5.94056043221376e-21,-1.20376724193631,0.14,0.506,4.56555831457356e-16,"Kat7-202",4.56555831457356e-16,"Down"
6.04409048720227e-21,-1.03499789666206,0.09,0.433,4.64512530303443e-16,"Eps15l1-205",4.64512530303443e-16,"Down"
6.26645047428475e-21,-1.66639581596646,0.048,0.335,4.8160178475068e-16,"Trim26-205",4.8160178475068e-16,"Down"
6.42016484295062e-21,-1.46531124842534,0.07,0.388,4.93415348840127e-16,"Trp53bp1-201",4.93415348840127e-16,"Down"
6.91239593621866e-21,-1.56693100479314,0.048,0.339,5.31245277282149e-16,"Spcs2-210",5.31245277282149e-16,"Down"
7.34813263224702e-21,-1.28738175928355,0.115,0.461,5.64733385318712e-16,"Hnrnpc-210",5.64733385318712e-16,"Down"
7.41067795022582e-21,-1.06107608896858,0.065,0.384,5.69540243186655e-16,"Dctn1-205",5.69540243186655e-16,"Down"
7.78298480590417e-21,-1.27678400048856,0.108,0.461,5.98153514272959e-16,"Akap12-203",5.98153514272959e-16,"Down"
7.78298480590417e-21,-1.27678400048856,0.108,0.461,5.98153514272959e-16,"Akap12-202",5.98153514272959e-16,"Down"
8.31797428298113e-21,-1.92980507506051,0.06,0.359,6.39269595544231e-16,"Dnm2-212",6.39269595544231e-16,"Down"
8.42530497517794e-21,-1.93923556490904,0.05,0.339,6.47518388562326e-16,"Igf2bp2-206",6.47518388562326e-16,"Down"
8.71303405618197e-21,-1.4345050054279,0.07,0.384,6.69631519353809e-16,"Herpud2-201",6.69631519353809e-16,"Down"
8.90165435679945e-21,-1.21821646527125,0.326,0.755,6.84127743937465e-16,"Tardbp-202",6.84127743937465e-16,"Down"
9.57393865659444e-21,-1.05373038627474,0.15,0.535,7.35795481513909e-16,"Pum2-203",7.35795481513909e-16,"Down"
9.73614992141631e-21,-1.29140302343264,0.055,0.355,7.48262066060529e-16,"Lsr-205",7.48262066060529e-16,"Down"
9.7461920432757e-21,-1.06270343876041,0.065,0.376,7.49033843293911e-16,"Nhlrc2-201",7.49033843293911e-16,"Down"
1.05505110194421e-20,-1.24585733051221,0.095,0.433,8.108489738882e-16,"Gcn1-201",8.108489738882e-16,"Down"
1.10010470951185e-20,-1.12908537190254,0.053,0.347,8.45474473448237e-16,"G3bp2-204",8.45474473448237e-16,"Down"
1.18093719063e-20,-1.8736411565977,0.05,0.343,9.07597468486781e-16,"Oxr1-215",9.07597468486781e-16,"Down"
1.19948312834535e-20,-1.20878555516924,0.06,0.363,9.21850763458533e-16,"Impact-201",9.21850763458533e-16,"Down"
1.22404952857594e-20,-1.46142882523721,0.175,0.547,9.40731024691753e-16,"Ctnnd1-212",9.40731024691753e-16,"Down"
1.2303145005558e-20,-1.01405570899116,0.09,0.433,9.45545906257157e-16,"Arid1a-202",9.45545906257157e-16,"Down"
1.25797161097846e-20,-1.23684581147786,0.103,0.445,9.66801501901386e-16,"Gdi2-201",9.66801501901386e-16,"Down"
1.31269820373156e-20,-1.08274614942188,0.075,0.396,1.00886107749585e-15,"Ppan-201",1.00886107749585e-15,"Down"
1.32108761527318e-20,-1.26042844733231,0.045,0.331,1.01530867584205e-15,"Ttll5-216",1.01530867584205e-15,"Down"
1.3870100415078e-20,-1.25209503631319,0.048,0.335,1.0659726973004e-15,"Ncstn-204",1.0659726973004e-15,"Down"
1.50500363916498e-20,-1.26347688665235,0.05,0.339,1.15665549684385e-15,"Kctd20-204",1.15665549684385e-15,"Down"
1.66874408185243e-20,-1.43331919049964,0.068,0.376,1.28249657666687e-15,"Pcbp2-212",1.28249657666687e-15,"Down"
1.93201775719011e-20,-1.00393666435902,0.113,0.465,1.48483292711088e-15,"Brpf3-201",1.48483292711088e-15,"Down"
1.94241009682895e-20,-1.06357364008443,0.085,0.42,1.49281985581692e-15,"Wdr48-201",1.49281985581692e-15,"Down"
1.98837118232341e-20,-1.43231442904259,0.09,0.42,1.52814278846284e-15,"Naa12-207",1.52814278846284e-15,"Down"
2.00564433431481e-20,-1.23531012858277,0.048,0.335,1.54141789669431e-15,"Ambra1-201",1.54141789669431e-15,"Down"
2.00975944861959e-20,-1.0515313444326,0.063,0.371,1.5445805266421e-15,"Cox7a2-203",1.5445805266421e-15,"Down"
2.1876608921694e-20,-1.0135913031019,0.065,0.376,1.68130490206787e-15,"Abhd6-201",1.68130490206787e-15,"Down"
2.19445587787001e-20,-1.19237657879297,0.093,0.429,1.68652712037822e-15,"Kdm5c-201",1.68652712037822e-15,"Down"
2.21567143968638e-20,-1.02178771554513,0.063,0.371,1.70283212825657e-15,"Hnrnph2-204",1.70283212825657e-15,"Down"
2.32147926507796e-20,-1.58816244711806,0.183,0.555,1.78414967438302e-15,"Ctnnd1-220",1.78414967438302e-15,"Down"
2.35814387073189e-20,-1.46053553747563,0.063,0.363,1.81232789041229e-15,"Dcaf12l1-201",1.81232789041229e-15,"Down"
2.42039387997454e-20,-1.32918265463504,0.211,0.616,1.86016951251563e-15,"Papola-214",1.86016951251563e-15,"Down"
2.57363573913692e-20,-1.04744092031772,0.05,0.335,1.97794201095629e-15,"Trim26-201",1.97794201095629e-15,"Down"
2.60813600691589e-20,-1.04607384929714,0.075,0.392,2.00445684675514e-15,"Mprip-203",2.00445684675514e-15,"Down"
2.67331572920163e-20,-1.00220935873674,0.078,0.4,2.05455007052062e-15,"Fyco1-202",2.05455007052062e-15,"Down"
2.74805690562683e-20,-1.07139935942451,0.063,0.367,2.11199165425045e-15,"Cyfip1-202",2.11199165425045e-15,"Down"
2.85470494592929e-20,-1.02854778035732,0.098,0.437,2.1939549391445e-15,"Zc3h18-202",2.1939549391445e-15,"Down"
2.94234474415598e-20,-1.64734488653289,0.048,0.331,2.26130962967364e-15,"Sin3a-207",2.26130962967364e-15,"Down"
3.04230571173267e-20,-1.04049196828954,0.058,0.355,2.33813363169503e-15,"Ncstn-201",2.33813363169503e-15,"Down"
3.1292836736674e-20,-1.05334791530035,0.105,0.449,2.40497967456035e-15,"Iqgap2-201",2.40497967456035e-15,"Down"
3.39080529410007e-20,-1.05839711742995,0.05,0.339,2.60596950072767e-15,"Supt20-203",2.60596950072767e-15,"Down"
3.41246089006045e-20,-1.28971973274204,0.05,0.339,2.62261269244706e-15,"Bmpr2-201",2.62261269244706e-15,"Down"
3.47584729489403e-20,-1.14829527780114,0.243,0.653,2.67132768001786e-15,"Pakap-207",2.67132768001786e-15,"Down"
3.47584729489403e-20,-1.14829527780114,0.243,0.653,2.67132768001786e-15,"Pakap-202",2.67132768001786e-15,"Down"
3.50107705415694e-20,-1.11783830802828,0.068,0.376,2.69071775920178e-15,"Ncor2-205",2.69071775920178e-15,"Down"
3.50149192261585e-20,-1.14574377978963,0.055,0.351,2.69103660220719e-15,"Mga-203",2.69103660220719e-15,"Down"
3.59369454909915e-20,-1.42546785661599,0.075,0.384,2.76189800876466e-15,"Ptprs-201",2.76189800876466e-15,"Down"
4.14452175679229e-20,-1.26380044654474,0.138,0.498,3.18523075096514e-15,"Dlgap4-212",3.18523075096514e-15,"Down"
4.21582825450869e-20,-1.24618096396508,0.068,0.376,3.24003264672011e-15,"Ncor2-206",3.24003264672011e-15,"Down"
4.29208555633935e-20,-1.13169126355054,0.123,0.482,3.29863943346905e-15,"Srrm1-201",3.29863943346905e-15,"Down"
4.66836592706551e-20,-1.34487030689362,0.09,0.42,3.58782594958693e-15,"Slf2-201",3.58782594958693e-15,"Down"
5.13095434677251e-20,-1.27015466337136,0.238,0.62,3.94334365366854e-15,"Jup-202",3.94334365366854e-15,"Down"
5.13532872722219e-20,-1.38513612212657,0.058,0.347,3.94670554001934e-15,"Rbm5-210",3.94670554001934e-15,"Down"
5.35145704845044e-20,-1.58818819753065,0.053,0.339,4.1128088000161e-15,"Erlin1-201",4.1128088000161e-15,"Down"
5.48769983165339e-20,1.77598020150331,0.774,0.812,4.21751682861889e-15,"Smdt1-201",4.21751682861889e-15,"Up"
5.57684863290401e-20,-1.44707122361507,0.063,0.359,4.28603124833205e-15,"Dcaf12l1-202",4.28603124833205e-15,"Down"
5.77083821954933e-20,-1.27990508344889,0.095,0.429,4.43512000525244e-15,"Limd1-201",4.43512000525244e-15,"Down"
5.86293371286547e-20,-1.44265658758801,0.05,0.335,4.50589907568562e-15,"Tpi1-203",4.50589907568562e-15,"Down"
6.65067728643636e-20,-1.13072968754383,0.055,0.335,5.1113115217178e-15,"Zfp655-206",5.1113115217178e-15,"Down"
6.778376120423e-20,-1.47570190342494,0.123,0.473,5.20945318358989e-15,"Rbbp6-210",5.20945318358989e-15,"Down"
6.83864573901424e-20,-1.19988196785738,0.07,0.38,5.25577279626201e-15,"Tsr1-201",5.25577279626201e-15,"Down"
7.0474956135048e-20,-1.01416162416355,0.05,0.335,5.41628227880298e-15,"Eif4enif1-202",5.41628227880298e-15,"Down"
8.76079163683545e-20,-1.19703007804648,0.055,0.343,6.73301880457352e-15,"Hmgcl-204",6.73301880457352e-15,"Down"
8.77041673879116e-20,-1.18200437213933,0.175,0.527,6.74041608043056e-15,"Ubap2l-220",6.74041608043056e-15,"Down"
9.07548178135858e-20,-1.11872620831083,0.246,0.653,6.97487076824533e-15,"Pakap-206",6.97487076824533e-15,"Down"
9.43268095805473e-20,-1.04711040915942,0.06,0.359,7.24939262350338e-15,"Ccdc6-203",7.24939262350338e-15,"Down"
9.59098818797768e-20,-1.46629728342872,0.075,0.38,7.37105806198837e-15,"Knop1-204",7.37105806198837e-15,"Down"
1.04857871691721e-19,-1.26314048052534,0.063,0.359,8.05874687099552e-15,"Prdx5-203",8.05874687099552e-15,"Down"
1.13338952902115e-19,-1.48644796131924,0.058,0.347,8.71055188633918e-15,"Atf3-203",8.71055188633918e-15,"Down"
1.17187828926533e-19,-1.45207188428622,0.068,0.363,9.00635340431974e-15,"Ptprs-202",9.00635340431974e-15,"Down"
1.1880158680807e-19,-1.21396783257951,0.083,0.396,9.13037715254742e-15,"Srsf3-201",9.13037715254742e-15,"Down"
1.30563744636706e-19,-1.10278843791081,0.058,0.347,1.00343460303094e-14,"Etfdh-201",1.00343460303094e-14,"Down"
1.31960838382465e-19,-1.26772886904577,0.06,0.355,1.0141718273046e-14,"Rc3h1-202",1.0141718273046e-14,"Down"
1.37170207679613e-19,-1.25380095491348,0.09,0.412,1.0542079141009e-14,"Garre1-202",1.0542079141009e-14,"Down"
1.49818072261917e-19,-1.47692920256989,0.053,0.331,1.15141181256173e-14,"Dst-202",1.15141181256173e-14,"Down"
1.50761408579689e-19,2.29614019284391,0.744,0.837,1.15866172949834e-14,"Ubxn1-204",1.15866172949834e-14,"Up"
1.51687973600553e-19,-1.24518363368921,0.05,0.331,1.16578275230969e-14,"Sugt1-205",1.16578275230969e-14,"Down"
1.61998254334572e-19,-1.05588845634581,0.273,0.69,1.24502138386292e-14,"Pakap-204",1.24502138386292e-14,"Down"
1.62205042707033e-19,-1.6808839912498,0.063,0.351,1.24661063522063e-14,"Prrc2b-206",1.24661063522063e-14,"Down"
1.77939999554171e-19,-1.23348663453194,0.113,0.457,1.36754007257363e-14,"Esrp1-204",1.36754007257363e-14,"Down"
1.86546795849113e-19,-1.08685898698482,0.055,0.343,1.43368674481877e-14,"Arhgef1-203",1.43368674481877e-14,"Down"
1.88013557569543e-19,-1.12707713106008,0.11,0.453,1.44495939534496e-14,"Mov10-206",1.44495939534496e-14,"Down"
1.89160182422618e-19,-1.32374644367962,0.055,0.339,1.45377166599078e-14,"Usp14-202",1.45377166599078e-14,"Down"
1.92705804929458e-19,-1.39992562946141,0.055,0.339,1.48102119320486e-14,"Hnrnpl-202",1.48102119320486e-14,"Down"
1.94387754446254e-19,-1.7334437274885,0.198,0.555,1.49394764802124e-14,"Agfg1-201",1.49394764802124e-14,"Down"
2.13320564728746e-19,-1.20163469234852,0.06,0.351,1.6394538681663e-14,"Golga5-201",1.6394538681663e-14,"Down"
2.13335975047731e-19,-1.06781809670725,0.095,0.424,1.63957230263183e-14,"Triobp-203",1.63957230263183e-14,"Down"
2.13335975047731e-19,-1.06781809670725,0.095,0.424,1.63957230263183e-14,"Triobp-204",1.63957230263183e-14,"Down"
2.41365222014864e-19,-1.16042542638429,0.08,0.392,1.85498827727303e-14,"Btg2-201",1.85498827727303e-14,"Down"
2.91493662619081e-19,-1.1472034630008,0.138,0.494,2.24024539469269e-14,"Dido1-202",2.24024539469269e-14,"Down"
3.09512588867843e-19,-1.67165473636026,0.063,0.351,2.37872805048492e-14,"Snap91-203",2.37872805048492e-14,"Down"
3.12512067734616e-19,-1.57798650182235,0.085,0.396,2.40178024536762e-14,"Enah-202",2.40178024536762e-14,"Down"
3.17613365169286e-19,-1.22851000409792,0.053,0.335,2.44098575667203e-14,"Pprc1-201",2.44098575667203e-14,"Down"
3.33856381709572e-19,-1.06516954517556,0.063,0.355,2.56581983599075e-14,"Ube4b-213",2.56581983599075e-14,"Down"
3.33856381709572e-19,-1.06516954517556,0.063,0.355,2.56581983599075e-14,"Ube4b-214",2.56581983599075e-14,"Down"
3.35753475688064e-19,-1.04494812606704,0.055,0.339,2.58039976205305e-14,"Kifap3-201",2.58039976205305e-14,"Down"
3.75529428969349e-19,-1.25283910787618,0.058,0.343,2.88609387340104e-14,"Vdac2-209",2.88609387340104e-14,"Down"
3.75529428969349e-19,-1.25283910787618,0.058,0.343,2.88609387340104e-14,"Vdac2-208",2.88609387340104e-14,"Down"
3.88252935099983e-19,-1.03602448492205,0.276,0.69,2.98387910741741e-14,"Pakap-205",2.98387910741741e-14,"Down"
3.92262211904283e-19,-1.05428190313477,0.055,0.335,3.01469200336917e-14,"Ddhd2-201",3.01469200336917e-14,"Down"
4.00672259961497e-19,-1.42168668417929,0.065,0.351,3.07932658670809e-14,"Blvra-201",3.07932658670809e-14,"Down"
4.06980394888925e-19,-1.22529360350807,0.053,0.331,3.12780712687934e-14,"Mkln1-201",3.12780712687934e-14,"Down"
4.28315104442979e-19,-1.01384503913754,0.075,0.38,3.29177290368607e-14,"Cdk4-207",3.29177290368607e-14,"Down"
4.50300038789836e-19,-1.0904743185636,0.065,0.363,3.4607359181154e-14,"Gmps-201",3.4607359181154e-14,"Down"
4.59045166090131e-19,-1.1358177355902,0.058,0.343,3.5279457194691e-14,"Msl2-201",3.5279457194691e-14,"Down"
4.71805892934411e-19,-1.51202762309104,0.055,0.335,3.62601700955812e-14,"Erlin1-206",3.62601700955812e-14,"Down"
5.03937551094864e-19,-1.14720265493867,0.388,0.759,3.87296165518447e-14,"Anxa4-202",3.87296165518447e-14,"Down"
5.70641563194575e-19,-1.00064056708894,0.095,0.42,4.38560866977559e-14,"Kmt5a-213",4.38560866977559e-14,"Down"
6.279184946198e-19,-1.15358984227436,0.281,0.669,4.82580479855101e-14,"Jade1-203",4.82580479855101e-14,"Down"
6.58445117634443e-19,-1.0400321618118,0.075,0.38,5.06041410706775e-14,"Usp25-201",5.06041410706775e-14,"Down"
6.67475440849595e-19,-1.4407438725634,0.123,0.453,5.12981575310547e-14,"Ncoa2-203",5.12981575310547e-14,"Down"
6.81710205452412e-19,-1.21075276893473,0.055,0.335,5.23921561298397e-14,"Plcb3-201",5.23921561298397e-14,"Down"
7.03639675844334e-19,-1.1571065984086,0.441,0.788,5.40775236473405e-14,"Uaca-202",5.40775236473405e-14,"Down"
8.15930235728848e-19,-1.41144564276794,0.055,0.331,6.27075023367049e-14,"Mprip-206",6.27075023367049e-14,"Down"
8.67858359238354e-19,-1.25634710612681,0.13,0.469,6.66983863409044e-14,"Dlgap4-206",6.66983863409044e-14,"Down"
9.19246923154727e-19,-1.68232744585698,0.211,0.551,7.06478030321334e-14,"Map4k4-209",7.06478030321334e-14,"Down"
1.00715453924157e-18,-1.31475492897558,0.06,0.343,7.74038549588715e-14,"Erlin1-202",7.74038549588715e-14,"Down"
1.30004747983906e-18,-1.26456622469807,0.058,0.335,9.9913849015551e-14,"Fuca2-203",9.9913849015551e-14,"Down"
1.3531445901421e-18,-1.23672200494893,0.063,0.343,1.03994574330781e-13,"Dst-215",1.03994574330781e-13,"Down"
1.44019852191977e-18,-1.10090700500125,0.058,0.339,1.10685017203622e-13,"Sin3a-201",1.10685017203622e-13,"Down"
1.5490693576229e-18,-1.10732400144308,0.073,0.367,1.19052176410751e-13,"Errfi1-202",1.19052176410751e-13,"Down"
1.70564421548753e-18,-1.08339017920535,0.068,0.355,1.31085580537078e-13,"4933434E20Rik-205",1.31085580537078e-13,"Down"
1.78808718276713e-18,-1.52340482206714,0.058,0.331,1.37421652344385e-13,"Hmgcr-209",1.37421652344385e-13,"Down"
1.79062330184867e-18,-1.07654333933906,0.221,0.608,1.37616563240278e-13,"Slc38a4-205",1.37616563240278e-13,"Down"
1.93950606688217e-18,-1.42517221279094,0.075,0.367,1.49058799264163e-13,"Dst-211",1.49058799264163e-13,"Down"
1.96593821877354e-18,-1.06322050343531,0.06,0.343,1.51090215865621e-13,"Ndufs2-202",1.51090215865621e-13,"Down"
1.98302317542753e-18,-1.0570738068852,0.058,0.335,1.52403263124307e-13,"Eif2b1-201",1.52403263124307e-13,"Down"
2.36108838809447e-18,-1.31791840245295,0.065,0.347,1.81459086978612e-13,"Afg3l2-201",1.81459086978612e-13,"Down"
2.38904808313215e-18,-1.21362917614924,0.058,0.335,1.83607901381039e-13,"Ppp6r3-203",1.83607901381039e-13,"Down"
2.55736896239699e-18,-1.10210317031273,0.085,0.392,1.96544034236058e-13,"Cab39-201",1.96544034236058e-13,"Down"
2.63565895807288e-18,-1.27903255245663,0.075,0.363,2.02560933563733e-13,"Tfeb-204",2.02560933563733e-13,"Down"
2.85636220929002e-18,-1.27080564100412,0.12,0.449,2.19522861232775e-13,"Afap1-202",2.19522861232775e-13,"Down"
2.85636653954071e-18,-1.31787026933925,0.12,0.449,2.19523194029862e-13,"Srrm1-202",2.19523194029862e-13,"Down"
2.88239827826662e-18,-1.48699416876506,0.063,0.339,2.21523837277903e-13,"Clint1-203",2.21523837277903e-13,"Down"
2.93940626835431e-18,-1.07620638657189,0.063,0.347,2.25905129348102e-13,"Acot9-201",2.25905129348102e-13,"Down"
3.00279935411383e-18,-1.2630681856051,0.058,0.331,2.30777141561064e-13,"Fuca2-201",2.30777141561064e-13,"Down"
3.0873473845276e-18,-1.2702072997074,0.17,0.518,2.37274995890484e-13,"Ctnnd1-213",2.37274995890484e-13,"Down"
3.14352100811532e-18,-1.29525841352268,0.075,0.367,2.41592163557695e-13,"Dst-201",2.41592163557695e-13,"Down"
3.23494187062019e-18,-1.2137206607817,0.115,0.437,2.48618222524644e-13,"Acin1-218",2.48618222524644e-13,"Down"
3.36296311031116e-18,-1.08652758859698,0.068,0.355,2.58457166879854e-13,"Med8-202",2.58457166879854e-13,"Down"
3.51791271153832e-18,-1.02130346008743,0.183,0.531,2.70365663532566e-13,"Ctnnd1-202",2.70365663532566e-13,"Down"
3.84046546001643e-18,-1.00699302102851,0.068,0.355,2.95155132464103e-13,"Fbxw11-202",2.95155132464103e-13,"Down"
3.84404506000824e-18,-1.34436013464458,0.173,0.527,2.95430239041874e-13,"Csnk1a1-210",2.95430239041874e-13,"Down"
3.91202483140537e-18,-1.76445382218722,0.083,0.371,3.00654756392828e-13,"Eml4-205",3.00654756392828e-13,"Down"
3.94192203456778e-18,-1.11037992799777,0.063,0.339,3.02952476044672e-13,"Calu-202",3.02952476044672e-13,"Down"
4.31075400186274e-18,-1.16722410516235,0.065,0.347,3.31298688059159e-13,"Snap91-202",3.31298688059159e-13,"Down"
5.02663789500172e-18,-1.54033033258312,0.206,0.551,3.86317228782462e-13,"Agfg1-204",3.86317228782462e-13,"Down"
5.07315350918485e-18,-1.11651335999286,0.065,0.347,3.89892139794892e-13,"Gatad2b-204",3.89892139794892e-13,"Down"
5.37653149331724e-18,-1.03399968153392,0.065,0.347,4.13207951387403e-13,"Tnpo3-202",4.13207951387403e-13,"Down"
5.46792134822796e-18,-1.09294601092478,0.14,0.49,4.20231627296712e-13,"Septin7-210",4.20231627296712e-13,"Down"
5.62568675347138e-18,-1.09148661838142,0.291,0.694,4.3235652975129e-13,"Rdx-203",4.3235652975129e-13,"Down"
6.10863239482184e-18,-1.23206097261676,0.09,0.392,4.69472834071638e-13,"Dennd1a-201",4.69472834071638e-13,"Down"
6.44705676661778e-18,-1.15518703272973,0.06,0.335,4.95482100741643e-13,"Gatad2b-201",4.95482100741643e-13,"Down"
6.66932609372809e-18,-1.35533905446367,0.073,0.355,5.12564387607378e-13,"Lig3-211",5.12564387607378e-13,"Down"
7.02231042487067e-18,-1.05077016493817,0.383,0.743,5.3969264539301e-13,"Psap-203",5.3969264539301e-13,"Down"
7.05504439148453e-18,-1.13082711116984,0.218,0.6,5.42208381663152e-13,"Sptan1-208",5.42208381663152e-13,"Down"
7.0985090815314e-18,-1.04659515859764,0.073,0.359,5.45548816952014e-13,"Nras-203",5.45548816952014e-13,"Down"
8.1037648737649e-18,-1.13118918300014,0.353,0.698,6.22806745608328e-13,"Mfge8-202",6.22806745608328e-13,"Down"
8.48695859952273e-18,-1.14558848579333,0.158,0.506,6.5225671620772e-13,"Rab1a-206",6.5225671620772e-13,"Down"
8.89508170393345e-18,-1.07494223335504,0.068,0.343,6.83622609274101e-13,"Bag6-211",6.83622609274101e-13,"Down"
9.78942250543767e-18,-1.1751482148815,0.068,0.351,7.52356277232907e-13,"Adpgk-203",7.52356277232907e-13,"Down"
9.82201489818975e-18,-1.12260644603346,0.574,0.91,7.54861132985475e-13,"Npm1-201",7.54861132985475e-13,"Down"
1.06911311986387e-17,-1.099713866475,0.08,0.371,8.21656197140179e-13,"Wdfy3-205",8.21656197140179e-13,"Down"
1.08166122886587e-17,-1.12820626890468,0.078,0.367,8.31299920832574e-13,"Ogdh-203",8.31299920832574e-13,"Down"
1.10417305440566e-17,2.08717582055555,0.704,0.547,8.48601159232927e-13,"Hnrnpa2b1-209",8.48601159232927e-13,"Up"
1.11763822264887e-17,-1.08893430179067,0.075,0.363,8.5894967963456e-13,"Tsc22d2-201",8.5894967963456e-13,"Down"
1.12813720947735e-17,-1.1458142955268,0.08,0.367,8.67018570971721e-13,"ENSMUST00000249879.1",8.67018570971721e-13,"Down"
1.42018506117948e-17,-1.03120816327865,0.125,0.457,1.09146902691887e-12,"Dhx9-202",1.09146902691887e-12,"Down"
1.52897953374541e-17,-1.07896474823106,0.06,0.331,1.1750819308647e-12,"Ncor2-204",1.1750819308647e-12,"Down"
1.66317440848603e-17,-1.74921515316644,0.07,0.347,1.27821605989786e-12,"Mtmr10-202",1.27821605989786e-12,"Down"
1.69379811116789e-17,-1.02009108869585,0.068,0.347,1.30175160035697e-12,"Med8-208",1.30175160035697e-12,"Down"
1.97541614645191e-17,-1.18553146142101,0.153,0.482,1.51818632519415e-12,"Bcor-201",1.51818632519415e-12,"Down"
2.10245368392144e-17,-1.06151025532696,0.486,0.78,1.61581975424098e-12,"Prrc2c-210",1.61581975424098e-12,"Down"
2.29186723925907e-17,-1.13176680285528,0.193,0.567,1.76139164806017e-12,"H1f3-201",1.76139164806017e-12,"Down"
2.36912304660113e-17,-1.5353823208184,0.19,0.522,1.82076582623483e-12,"Wnk1-204",1.82076582623483e-12,"Down"
2.37109640431834e-17,-1.03905404809899,0.078,0.367,1.82228243057481e-12,"Necap1-201",1.82228243057481e-12,"Down"
2.6100181306736e-17,-1.07142271091897,0.12,0.449,2.00590333414789e-12,"Gab2-201",2.00590333414789e-12,"Down"
2.67464196422927e-17,-1.38953378986293,0.168,0.514,2.05556933518877e-12,"Son-201",2.05556933518877e-12,"Down"
3.17558047054503e-17,-1.0851225616577,0.065,0.339,2.44056061483268e-12,"E2f7-204",2.44056061483268e-12,"Down"
3.90178925464038e-17,-1.04090517340307,0.168,0.514,2.99868111376132e-12,"Rab7-201",2.99868111376132e-12,"Down"
4.05884619927671e-17,-1.13594685053526,0.213,0.571,3.11938565799212e-12,"Ctnnd1-205",3.11938565799212e-12,"Down"
5.29886576712041e-17,-1.4910086986144,0.08,0.359,4.07239029666272e-12,"Lypla1-201",4.07239029666272e-12,"Down"
5.80844219098073e-17,-1.61657282856861,0.138,0.453,4.46402016145633e-12,"Mbnl2-206",4.46402016145633e-12,"Down"
5.90432449237225e-17,-1.42416705162175,0.068,0.335,4.53770954536777e-12,"Tox4-203",4.53770954536777e-12,"Down"
6.3553954682308e-17,-1.48725194362977,0.068,0.335,4.8843756331541e-12,"Nhsl1-202",4.8843756331541e-12,"Down"
7.16998955814114e-17,-1.12692270783726,0.486,0.763,5.51042377501379e-12,"Prrc2c-202",5.51042377501379e-12,"Down"
8.96881999575197e-17,-1.39157958155444,0.068,0.335,6.89289691953522e-12,"Pcbp2-202",6.89289691953522e-12,"Down"
9.0212711303822e-17,-1.01608878887645,0.158,0.51,6.93320771454394e-12,"Papola-215",6.93320771454394e-12,"Down"
1.07433176087289e-16,-1.04565825847719,0.118,0.424,8.2566693150125e-12,"Rac1-202",8.2566693150125e-12,"Down"
1.14800263150261e-16,-1.24882966187072,0.288,0.633,8.82285942415015e-12,"Sptbn1-203",8.82285942415015e-12,"Down"
1.20149673405833e-16,-1.36383405334026,0.135,0.449,9.23398299993185e-12,"Nabp1-205",9.23398299993185e-12,"Down"
1.29598353529237e-16,-1.24144353992268,0.353,0.657,9.96015186213596e-12,"Hnrnpk-202",9.96015186213596e-12,"Down"
1.67825521858028e-16,-1.09189247319279,0.218,0.563,1.28980626568769e-11,"Dnmt1-207",1.28980626568769e-11,"Down"
1.99324264531523e-16,-1.23240135498873,0.115,0.412,1.53188670263057e-11,"Tns1-223",1.53188670263057e-11,"Down"
2.01341364921007e-16,-1.24030613841769,0.193,0.522,1.54738892596391e-11,"Ubap2l-201",1.54738892596391e-11,"Down"
2.40486049467038e-16,-1.03792849747556,0.228,0.588,1.84823148457397e-11,"Pakap-213",1.84823148457397e-11,"Down"
2.63907009090937e-16,-1.2445887637838,0.073,0.343,2.02823092766749e-11,"Brms1l-201",2.02823092766749e-11,"Down"
2.67298777244267e-16,-1.20476636042514,0.341,0.694,2.05429802263309e-11,"Tle3-204",2.05429802263309e-11,"Down"
2.71869524336413e-16,-1.48909060247052,0.386,0.8,2.08942604233507e-11,"Plec-201",2.08942604233507e-11,"Down"
2.82671285395982e-16,1.03425610301654,0.083,0.371,2.17244189678228e-11,"Pbrm1-203",2.17244189678228e-11,"Up"
2.82992993937186e-16,-1.49131119050259,0.093,0.371,2.17491435560485e-11,"Arid1b-203",2.17491435560485e-11,"Down"
2.84129194122502e-16,-1.04127496460468,0.163,0.49,2.18364650850908e-11,"U2af2-209",2.18364650850908e-11,"Down"
3.08365504659287e-16,-1.41322999155093,0.098,0.38,2.36991224950849e-11,"Kif23-201",2.36991224950849e-11,"Down"
3.2606519346457e-16,-1.02926931972277,0.075,0.347,2.50594143785261e-11,"Gatad2b-202",2.50594143785261e-11,"Down"
3.2655109499243e-16,-1.48871614000773,0.185,0.506,2.50967578545482e-11,"Ubap2l-215",2.50967578545482e-11,"Down"
3.53095987643219e-16,-1.21124473813171,0.12,0.424,2.7136839034332e-11,"Auts2-207",2.7136839034332e-11,"Down"
3.94091651862484e-16,-1.11338195730628,0.13,0.441,3.02875198122393e-11,"U2af2-206",3.02875198122393e-11,"Down"
3.97115036052231e-16,-1.1097569387155,0.188,0.514,3.05198789807581e-11,"Hmgb1-203",3.05198789807581e-11,"Down"
4.06690920721238e-16,-1.00494188421709,0.07,0.335,3.125582402111e-11,"Nras-205",3.125582402111e-11,"Down"
4.3798218428958e-16,-1.50670833612402,0.08,0.351,3.36606827913914e-11,"Mical3-216",3.36606827913914e-11,"Down"
4.3798218428958e-16,-1.50670833612402,0.08,0.351,3.36606827913914e-11,"Mical3-222",3.36606827913914e-11,"Down"
4.3798218428958e-16,-1.50670833612402,0.08,0.351,3.36606827913914e-11,"Mical3-221",3.36606827913914e-11,"Down"
4.3798218428958e-16,-1.50670833580183,0.08,0.351,3.36606827913914e-11,"Mical3-223",3.36606827913914e-11,"Down"
4.38832372542342e-16,-1.41140006228898,0.078,0.343,3.37260231593692e-11,"Iqsec1-201",3.37260231593692e-11,"Down"
6.77433232290945e-16,-1.20464815184315,0.133,0.437,5.20634536344883e-11,"Trrap-207",5.20634536344883e-11,"Down"
8.77676130078074e-16,-1.06771748150451,0.08,0.351,6.74529213010203e-11,"Zzz3-201",6.74529213010203e-11,"Down"
9.50883403903282e-16,-1.09864596218538,0.105,0.392,7.30791931235829e-11,"Ptbp1-205",7.30791931235829e-11,"Down"
9.70272139025995e-16,-1.17930631867346,0.073,0.335,7.45692949727038e-11,"Ralbp1-205",7.45692949727038e-11,"Down"
1.04227432946708e-15,-1.6231821186681,0.073,0.331,8.0102951316863e-11,"Auts2-204",8.0102951316863e-11,"Down"
1.13051153154727e-15,-1.01533076290667,0.093,0.376,8.68843332455342e-11,"Psma7-202",8.68843332455342e-11,"Down"
1.33443533565252e-15,-1.03935101954936,0.373,0.722,1.02556693286239e-10,"Plbd1-203",1.02556693286239e-10,"Down"
1.54992631696168e-15,-1.02185081077099,0.095,0.376,1.19118037163773e-10,"Rbm25-202",1.19118037163773e-10,"Down"
1.86642253029474e-15,-1.1771372614289,0.351,0.645,1.43442037143272e-10,"Hnrnpk-232",1.43442037143272e-10,"Down"
1.88652108466511e-15,-1.09359147755717,0.248,0.608,1.44986691440852e-10,"Csnk1a1-206",1.44986691440852e-10,"Down"
1.94438910791777e-15,-1.82677481767579,0.446,0.714,1.49434080499913e-10,"Eif4g1-203",1.49434080499913e-10,"Down"
2.19079912723579e-15,-1.19264949118511,0.093,0.367,1.68371676124579e-10,"Rgl1-202",1.68371676124579e-10,"Down"
2.2479563607289e-15,1.1584047748654,0.782,0.686,1.72764438147459e-10,"Ankrd17-202",1.72764438147459e-10,"Up"
2.5628554190527e-15,-1.24523430501622,0.175,0.486,1.96965690375876e-10,"Csde1-215",1.96965690375876e-10,"Down"
2.75353672598598e-15,-1.30442168146299,0.206,0.527,2.11620311538927e-10,"Bin2-205",2.11620311538927e-10,"Down"
3.56530731627693e-15,-1.136302850347,0.208,0.527,2.74008128485147e-10,"Cep170b-204",2.74008128485147e-10,"Down"
3.92688731970893e-15,1.15068982695598,0.17,0.539,3.0179699806891e-10,"Ube2i-213",3.0179699806891e-10,"Up"
4.36871153647637e-15,-1.35753408644605,0.095,0.367,3.35752956424355e-10,"Srcap-214",3.35752956424355e-10,"Down"
4.46023430412481e-15,-1.23570440493261,0.088,0.355,3.42786847209208e-10,"Brpf3-212",3.42786847209208e-10,"Down"
4.51681876849143e-15,-1.23262686501264,0.085,0.351,3.47135589633641e-10,"Brpf3-209",3.47135589633641e-10,"Down"
4.63506188918955e-15,-1.02692354084401,0.093,0.363,3.56223046431773e-10,"Zfp207-206",3.56223046431773e-10,"Down"
5.94556933622552e-15,-1.16302058166678,0.078,0.335,4.56940785766276e-10,"Cct3-204",4.56940785766276e-10,"Down"
6.11509019815713e-15,-1.13618229726536,0.173,0.482,4.69969142089168e-10,"Ctnnd1-215",4.69969142089168e-10,"Down"
8.15940436635322e-15,-1.68995315563345,0.123,0.408,6.2708286317171e-10,"Epb41-204",6.2708286317171e-10,"Down"
9.36477449726247e-15,-1.32777045739942,0.105,0.371,7.1972037921261e-10,"Atp11a-207",7.1972037921261e-10,"Down"
1.0931272397179e-14,-1.05248819868783,0.113,0.384,8.40112008812794e-10,"Atp11a-206",8.40112008812794e-10,"Down"
1.65288308140844e-14,-1.11574611829244,0.1,0.371,1.27030676338564e-09,"Hmg20a-201",1.27030676338564e-09,"Down"
2.94929912840792e-14,2.11332204517715,0.536,0.298,2.26665435214662e-09,"Fus-213",2.26665435214662e-09,"Up"
3.38556225066172e-14,3.73417475490407,0.499,0.314,2.60194001212356e-09,"Gpx1-201",2.60194001212356e-09,"Up"
3.45805361192068e-14,3.35927018574498,0.436,0.216,2.65765252290552e-09,"Arl6ip1-206",2.65765252290552e-09,"Up"
3.48799138399529e-14,-1.35731459878301,0.115,0.38,2.68066089825574e-09,"Wwtr1-202",2.68066089825574e-09,"Down"
3.49226504699124e-14,-1.35456025230437,0.185,0.482,2.68394537921465e-09,"Ubap2l-203",2.68394537921465e-09,"Down"
3.67981091190575e-14,-1.49718384867007,0.108,0.367,2.82808187823604e-09,"Cald1-205",2.82808187823604e-09,"Down"
4.36181062850922e-14,-1.10892050605307,0.11,0.384,3.35222594043448e-09,"Epb41-207",3.35222594043448e-09,"Down"
6.0490905069837e-14,-1.29785502754333,0.15,0.429,4.64896801823725e-09,"Etl4-201",4.64896801823725e-09,"Down"
6.87167781735293e-14,1.48303233976684,0.581,0.298,5.28115926974842e-09,"Sin3b-203",5.28115926974842e-09,"Up"
6.91872291410724e-14,-1.33170877415965,0.103,0.359,5.31731530840798e-09,"Cald1-204",5.31731530840798e-09,"Down"
1.29149113624067e-13,1.68731398359943,0.682,0.678,9.92562597846407e-09,"Gna13-201",9.92562597846407e-09,"Up"
1.57017632973882e-13,-1.1082470759855,0.221,0.51,1.20674331645747e-08,"Lima1-202",1.20674331645747e-08,"Down"
1.64994665725388e-13,-1.35044494641252,0.206,0.494,1.26805000396589e-08,"Map4k4-218",1.26805000396589e-08,"Down"
2.0222082900371e-13,-1.09792813316478,0.286,0.6,1.55414795922511e-08,"Tle3-201",1.55414795922511e-08,"Down"
2.64185288294353e-13,-1.21838825701858,0.145,0.412,2.03036961465742e-08,"Etl4-208",2.03036961465742e-08,"Down"
2.69069412539484e-13,2.52408586534854,0.356,0.11,2.06790606313095e-08,"Rrbp1-202",2.06790606313095e-08,"Up"
2.95437458027874e-13,-1.19619643469536,0.158,0.437,2.27055503992742e-08,"Ctnnd1-224",2.27055503992742e-08,"Down"
3.477290827086e-13,-1.18053026644467,0.163,0.433,2.67243709224867e-08,"Polr2m-202",2.67243709224867e-08,"Down"
3.79810389982093e-13,-1.07777016508844,0.231,0.535,2.91899477116838e-08,"Wnk1-223",2.91899477116838e-08,"Down"
4.0598834751733e-13,-1.0700195053623,0.095,0.347,3.12018284600969e-08,"Arid5b-201",3.12018284600969e-08,"Down"
5.64575503856522e-13,2.48393416031258,0.724,0.796,4.33898857733891e-08,"Prdx2-201",4.33898857733891e-08,"Up"
6.24605137584679e-13,-1.27033750266167,0.163,0.437,4.80034032439329e-08,"Ctnnd1-201",4.80034032439329e-08,"Down"
7.29408861696403e-13,2.05786500408858,0.697,0.767,5.60579886568154e-08,"Cox6c-201",5.60579886568154e-08,"Up"
8.73922693281309e-13,-1.35749159937667,0.243,0.531,6.71644546694417e-08,"Map4k4-201",6.71644546694417e-08,"Down"
1.10693688227486e-12,2.13446252772163,0.526,0.335,8.50725271503523e-08,"Cdv3-205",8.50725271503523e-08,"Up"
1.62139738552421e-12,-1.67310181355704,0.206,0.465,1.24610874667078e-07,"Plekha6-201",1.24610874667078e-07,"Down"
5.00693266513874e-12,2.72713302518738,0.396,0.171,3.84802803046573e-07,"Fus-204",3.84802803046573e-07,"Up"
1.10256603318875e-11,2.51041985079009,0.541,0.449,8.4736609914688e-07,"Junb-201",8.4736609914688e-07,"Up"
1.39288362481722e-11,-1.20723748327113,0.163,0.408,1.07048678101703e-06,"Hnrnpf-210",1.07048678101703e-06,"Down"
1.65560140659551e-11,1.42909832409889,0.712,0.824,1.27239590502491e-06,"Calm3-201",1.27239590502491e-06,"Up"
1.71893473389643e-11,1.11212846647398,0.797,0.935,1.32107010038876e-06,"Rhoa-201",1.32107010038876e-06,"Up"
2.0189503654102e-11,-1.10474151311157,0.168,0.416,1.55164411383235e-06,"Etl4-206",1.55164411383235e-06,"Down"
5.03563725725187e-11,-1.26690910047323,0.185,0.437,3.87008865768835e-06,"Wnk1-224",3.87008865768835e-06,"Down"
6.42754820540086e-11,-1.52080673306364,0.451,0.673,4.93982789777878e-06,"Eif4g1-206",4.93982789777878e-06,"Down"
6.8039279243677e-11,1.1740387052098,0.133,0.4,5.22909076699356e-06,"Mfsd11-201",5.22909076699356e-06,"Up"
7.5041079776266e-11,1.37799071753632,0.113,0.367,5.76720714512515e-06,"Cenpx-202",5.76720714512515e-06,"Up"
1.94395745674083e-10,-1.07664068509491,0.318,0.551,1.4940090638036e-05,"Huwe1-202",1.4940090638036e-05,"Down"
2.35529077957024e-10,2.51777393572553,0.336,0.118,1.81013517573091e-05,"Eif4g1-216",1.81013517573091e-05,"Up"
2.60648172703941e-10,1.05760029227809,0.103,0.335,2.00318546649887e-05,"Med23-202",2.00318546649887e-05,"Up"
3.39519537060134e-10,2.88045692393562,0.489,0.347,2.60934345012195e-05,"Fam220a-207",2.60934345012195e-05,"Up"
6.11687001189039e-10,1.03887152034899,0.185,0.498,4.70105927893824e-05,"Ndufv2-203",4.70105927893824e-05,"Up"
1.08266346143548e-09,1.33858377047521,0.569,0.38,8.32070176651626e-05,"Eif4a1-201",8.32070176651626e-05,"Up"
1.24552465425883e-09,1.32675335808179,0.687,0.824,9.57235517784081e-05,"Nsmce4a-202",9.57235517784081e-05,"Up"
1.66713155273136e-09,2.96931795055038,0.353,0.18,0.000128125728353616,"Clic4-202",0.000128125728353616,"Up"
1.73940565707557e-09,1.15005859129204,0.787,0.927,0.000133680282368886,"Sqstm1-202",0.000133680282368886,"Up"
2.05719357551805e-09,2.87110468464894,0.549,0.535,0.000158103555052864,"Ube2j2-201",0.000158103555052864,"Up"
2.14798884523277e-09,1.27698415591641,0.195,0.51,0.000165081534711519,"A430005L14Rik-201",0.000165081534711519,"Up"
5.29362997582158e-09,1.5783310059053,0.15,0.404,0.000406836638161792,"Lyar-204",0.000406836638161792,"Up"
5.83753748437051e-09,-1.00764738245199,0.368,0.551,0.000448638105823811,"Ddx5-208",0.000448638105823811,"Down"
6.15589267292657e-09,2.14763646290551,0.566,0.592,0.000473104975485099,"Txnl1-201",0.000473104975485099,"Up"
8.51502792167765e-09,2.81710837288912,0.446,0.216,0.000654413955892614,"Tpt1-206",0.000654413955892614,"Up"
1.08096332188609e-08,1.0908404259642,0.155,0.408,0.000830763551402334,"Nup93-201",0.000830763551402334,"Up"
1.23301878959159e-08,3.00166654916917,0.446,0.351,0.000947624260552724,"Ost4-201",0.000947624260552724,"Up"
1.6736184141863e-08,1.06408834850564,0.123,0.339,0.00128624269603874,"Nr1h2-201",0.00128624269603874,"Up"
3.3206475502352e-08,2.13676773821115,0.439,0.302,0.00255205046825776,"Hsd3b6-201",0.00255205046825776,"Up"
3.89852733888943e-08,1.55817746812129,0.115,0.331,0.00299617420103008,"ENSMUST00000249939.1",0.00299617420103008,"Up"
4.22474949320945e-08,2.38167547421905,0.496,0.441,0.00324688897551119,"H2aj-201",0.00324688897551119,"Up"
5.1572302878321e-08,2.60321627604391,0.449,0.371,0.00396353776541048,"Arf5-201",0.00396353776541048,"Up"
5.60559432251526e-08,2.10867518854497,0.401,0.229,0.00430812346062588,"Hnrnpa3-202",0.00430812346062588,"Up"
6.24489717272626e-08,2.33396331807273,0.556,0.559,0.00479945327312704,"Mkrn1-201",0.00479945327312704,"Up"
6.40184525028154e-08,1.75085950259629,0.125,0.347,0.00492007414865138,"Twf2-201",0.00492007414865138,"Up"
1.20745564565671e-07,1.74551711757102,0.396,0.237,0.00927977961913006,"Rdx-202",0.00927977961913006,"Up"
