"p_val","avg_log2FC","pct.1","pct.2","p_val_adj","gene","p_val_adj_plot","Significance"
3.83667207394888e-40,6.18733605776786,0.877,0.143,2.94863595571267e-35,"Ftl1-203",2.94863595571267e-35,"Up"
3.20682856556676e-38,5.41054421150671,0.822,0.102,2.46457602578068e-33,"Ftl1-206",2.46457602578068e-33,"Up"
7.15647313957133e-33,-5.07650722370896,0.041,0.943,5.50003586668615e-28,"Dio3-202",5.50003586668615e-28,"Down"
5.44944407509015e-31,-4.77988741043064,0.041,0.922,4.18811574946979e-26,"Wnk3-206",4.18811574946979e-26,"Down"
8.75551287026909e-31,-4.81887694476143,0.027,0.906,6.72896186131661e-26,"Nacad-201",6.72896186131661e-26,"Down"
1.80942716270409e-29,3.02828217141693,0.849,0.171,1.3906171516246e-24,"Ftl1-202",1.3906171516246e-24,"Up"
1.14382978952872e-28,-3.30049779900295,0.164,0.943,8.79078946444402e-24,"Serpinb9g-201",8.79078946444402e-24,"Down"
1.01357821602292e-26,-2.49731332441738,0.315,0.976,7.78975402142252e-22,"Calr-201",7.78975402142252e-22,"Down"
2.60643935559202e-26,-3.99549827045336,0.096,0.873,2.00315290234669e-21,"Prss8-201",2.00315290234669e-21,"Down"
4.26977338930703e-26,-1.88614274138491,0.479,0.996,3.28149164061803e-21,"Peg3-201",3.28149164061803e-21,"Down"
4.67123861312093e-26,-6.26850154973175,0.027,0.808,3.59003372372796e-21,"Tfeb-201",3.59003372372796e-21,"Down"
5.01949971823925e-26,-3.80580912944622,0.096,0.869,3.85768631345559e-21,"Tacc2-203",3.85768631345559e-21,"Down"
5.05302423934731e-26,-2.85767809375863,0.178,0.935,3.88345124890798e-21,"Ddx3x-201",3.88345124890798e-21,"Down"
2.14152876819886e-25,-3.95157852812363,0.055,0.833,1.64585051951155e-20,"Rgl1-201",1.64585051951155e-20,"Down"
4.06833002654997e-25,-4.61401632583733,0.068,0.824,3.12667435860471e-20,"Rbbp6-201",3.12667435860471e-20,"Down"
4.73684973817769e-25,-2.49983960369943,0.123,0.914,3.64045849777908e-20,"Flnb-201",3.64045849777908e-20,"Down"
4.95247370855496e-25,-3.0626870973176,0.192,0.914,3.80617414397283e-20,"Dap-201",3.80617414397283e-20,"Down"
6.151521904843e-25,-3.57808044125782,0.096,0.865,4.72769064474804e-20,"Plekha6-202",4.72769064474804e-20,"Down"
6.26991565501233e-25,-3.07137779567951,0.082,0.853,4.81868097750317e-20,"Ankrd11-203",4.81868097750317e-20,"Down"
7.50742026004439e-25,-2.19946728026719,0.151,0.922,5.76975276665452e-20,"Akap13-205",5.76975276665452e-20,"Down"
1.07015747532982e-24,-3.02941136418035,0.082,0.849,8.22458826089982e-20,"Ankrd11-202",8.22458826089982e-20,"Down"
1.22931014933383e-24,-4.19846816594838,0.041,0.816,9.44774022169021e-20,"Wnk3-205",9.44774022169021e-20,"Down"
4.2365845846581e-24,-3.55125962149129,0.068,0.837,3.25598471669314e-19,"Utp14b-201",3.25598471669314e-19,"Down"
5.96920334037314e-24,-2.55195188719989,0.11,0.882,4.58757153521038e-19,"Cotl1-201",4.58757153521038e-19,"Down"
6.01970402460296e-24,-3.23777588869199,0.137,0.869,4.62638333106836e-19,"Gkap1-201",4.62638333106836e-19,"Down"
7.10127873246604e-24,-2.99415572128834,0.096,0.857,5.45761675704945e-19,"Lonrf3-201",5.45761675704945e-19,"Down"
1.20637788906586e-23,-2.07297462657868,0.178,0.927,9.27149662862678e-19,"Rhox9-201",9.27149662862678e-19,"Down"
1.57010887868462e-23,-3.46295906109175,0.096,0.841,1.20669147762428e-18,"Plekha6-203",1.20669147762428e-18,"Down"
1.71373182660496e-23,-3.39963036257662,0.11,0.853,1.31707145801898e-18,"Kank1-201",1.31707145801898e-18,"Down"
1.81438313698337e-23,-1.62000305942937,0.123,0.902,1.3944260160972e-18,"Spen-202",1.3944260160972e-18,"Down"
2.40986572766636e-23,-1.87788002533435,0.164,0.947,1.85207820634071e-18,"Slc16a1-201",1.85207820634071e-18,"Down"
2.59587830149667e-23,-2.18013057673147,0.151,0.931,1.99503630983225e-18,"Tln1-201",1.99503630983225e-18,"Down"
4.04417860659905e-23,-5.23109322443694,0.055,0.767,3.10811302631563e-18,"Herc1-201",3.10811302631563e-18,"Down"
5.61850984749454e-23,-1.53219373298109,0.123,0.894,4.31804955819345e-18,"Spen-201",4.31804955819345e-18,"Down"
6.41088465684511e-23,-2.58444827911656,0.096,0.841,4.92702129417174e-18,"Rnf128-201",4.92702129417174e-18,"Down"
9.39379035622368e-23,-2.14797929652554,0.425,0.98,7.21950364037214e-18,"Tbrg1-201",7.21950364037214e-18,"Down"
1.06732198630364e-22,7.92205999913896,0.452,0.029,8.20279639353797e-18,"Cited1-201",8.20279639353797e-18,"Up"
1.172419678277e-22,6.23362726938138,0.411,0.012,9.01051419543005e-18,"Actb-207",9.01051419543005e-18,"Up"
1.32137381656383e-22,-3.10664563200424,0.178,0.869,1.01552863298197e-17,"Spag9-202",1.01552863298197e-17,"Down"
1.43664363814443e-22,-2.08716210720146,0.507,0.971,1.10411810165952e-17,"Cdkn1c-201",1.10411810165952e-17,"Down"
1.46057009311355e-22,8.5274796366494,0.438,0.024,1.12250653936149e-17,"Fxyd6-203",1.12250653936149e-17,"Up"
1.57894681123197e-22,-3.68615330435128,0.096,0.816,1.21348378230422e-17,"Washc2-201",1.21348378230422e-17,"Down"
1.77536584553486e-22,-2.94517438635919,0.082,0.833,1.36443966692736e-17,"Aqp3-201",1.36443966692736e-17,"Down"
2.14956334275314e-22,-2.18420682095638,0.164,0.922,1.6520254114395e-17,"Cep170b-202",1.6520254114395e-17,"Down"
2.41451630797658e-22,-2.73151351719584,0.178,0.89,1.85565236333232e-17,"Jade1-201",1.85565236333232e-17,"Down"
3.13184699984404e-22,-2.95507275402909,0.068,0.816,2.40694969326014e-17,"Atp11a-201",2.40694969326014e-17,"Down"
3.14461252419175e-22,-4.38296430783031,0.055,0.763,2.41676050934232e-17,"Clip2-201",2.41676050934232e-17,"Down"
3.71284796490694e-22,-3.90600497582538,0.096,0.8,2.85347217494958e-17,"Tead3-206",2.85347217494958e-17,"Down"
4.13536622041335e-22,-3.33714858825935,0.082,0.796,3.17819435503648e-17,"Rapgef2-206",3.17819435503648e-17,"Down"
4.37394407353425e-22,-3.85433378065671,0.027,0.751,3.36155097827402e-17,"Plat-201",3.36155097827402e-17,"Down"
5.21273658313564e-22,-3.52147872599451,0.068,0.784,4.00619657360307e-17,"Zxdb-201",4.00619657360307e-17,"Down"
5.43968736878073e-22,-2.43260991498747,0.192,0.935,4.18061733040275e-17,"Rdx-201",4.18061733040275e-17,"Down"
5.53666127140945e-22,-2.89391076214927,0.082,0.792,4.25514565352902e-17,"Nrip1-202",4.25514565352902e-17,"Down"
5.98818782107728e-22,-3.53582329346501,0.178,0.841,4.60216186801073e-17,"Eif4g1-202",4.60216186801073e-17,"Down"
6.61110126358829e-22,-1.90177211057961,0.178,0.894,5.08089576511815e-17,"Hmox1-201",5.08089576511815e-17,"Down"
6.96844970443557e-22,-3.85423290102979,0.082,0.796,5.35553233584692e-17,"Clip1-205",5.35553233584692e-17,"Down"
8.39230306421796e-22,-2.18696876206241,0.384,0.971,6.44982059697407e-17,"Serpinb9e-201",6.44982059697407e-17,"Down"
1.11521244090562e-21,-1.93216455699515,0.151,0.869,8.57085369333602e-17,"Akap13-201",8.57085369333602e-17,"Down"
1.15712317806585e-21,8.42806772735888,0.425,0.024,8.89295447270728e-17,"Fxyd6-201",8.89295447270728e-17,"Up"
1.89256871080361e-21,-2.45784251104221,0.123,0.849,1.454514757001e-16,"Ldoc1-201",1.454514757001e-16,"Down"
2.12184271339201e-21,-1.78894733971072,0.26,0.947,1.6307209989503e-16,"Rrbp1-201",1.6307209989503e-16,"Down"
2.4014448523265e-21,-3.15549143834365,0.137,0.829,1.84560642680701e-16,"Emc8-201",1.84560642680701e-16,"Down"
3.85281833506231e-21,-2.74753698423525,0.082,0.804,2.96104500322878e-16,"Ifnar1-201",2.96104500322878e-16,"Down"
5.01648033452645e-21,-1.66658247215105,0.123,0.857,3.85536579629696e-16,"Rybp-201",3.85536579629696e-16,"Down"
5.15899960339351e-21,-1.94460555214843,0.137,0.853,3.96489755519205e-16,"Tpr-203",3.96489755519205e-16,"Down"
5.40782272433737e-21,-2.33503158462733,0.247,0.91,4.15612807656225e-16,"Otud5-201",4.15612807656225e-16,"Down"
5.41071875344611e-21,-2.69577209825271,0.096,0.8,4.15835379077347e-16,"Fam50a-201",4.15835379077347e-16,"Down"
6.08740405705553e-21,-5.45981572527292,0.027,0.714,4.67841351400946e-16,"Dkkl1-201",4.67841351400946e-16,"Down"
6.11254430388478e-21,-4.26850365510698,0.055,0.739,4.6977347993076e-16,"Commd4-204",4.6977347993076e-16,"Down"
6.1506887423947e-21,-2.0390006345499,0.164,0.898,4.72705032608003e-16,"Cep170b-211",4.72705032608003e-16,"Down"
6.18438472541037e-21,-5.05716220337822,0.014,0.702,4.75294703686688e-16,"Atp2a3-201",4.75294703686688e-16,"Down"
7.3180466693772e-21,-2.6195373351225,0.068,0.796,5.62421158728315e-16,"Atp11a-202",5.62421158728315e-16,"Down"
1.06308659499812e-20,-2.38696324694725,0.096,0.8,8.17024571719852e-16,"Zbtb10-201",8.17024571719852e-16,"Down"
1.17692250289411e-20,-1.64943176859778,0.151,0.869,9.04512020374243e-16,"Numa1-201",9.04512020374243e-16,"Down"
1.52656429319087e-20,-1.90262759534526,0.137,0.845,1.17322572188891e-15,"Tpr-201",1.17322572188891e-15,"Down"
2.01582140216136e-20,-3.63039683093335,0.027,0.718,1.54923938041709e-15,"Rgl1-203",1.54923938041709e-15,"Down"
2.26499948447623e-20,-2.72640804996294,0.082,0.767,1.74074270379936e-15,"Ankrd11-201",1.74074270379936e-15,"Down"
2.27988113676484e-20,-5.00874918944132,0.014,0.69,1.75217984884925e-15,"Atp2a3-207",1.75217984884925e-15,"Down"
2.32308083582927e-20,-2.57537538862803,0.137,0.841,1.78538054556823e-15,"Ets2-201",1.78538054556823e-15,"Down"
2.38065996125833e-20,-1.84951017205554,0.356,0.976,1.82963240662548e-15,"Rhox6-201",1.82963240662548e-15,"Down"
3.11236053904554e-20,-1.75204071981971,0.26,0.935,2.39197356867806e-15,"Cltc-202",2.39197356867806e-15,"Down"
3.26487625197015e-20,-2.05514139313553,0.329,0.939,2.50918799468914e-15,"Tfrc-201",2.50918799468914e-15,"Down"
3.43103301720364e-20,-2.42447294974328,0.137,0.837,2.63688611504168e-15,"Kdm5c-203",2.63688611504168e-15,"Down"
3.75706213837459e-20,-2.59777225363294,0.247,0.865,2.88745253582641e-15,"Mfge8-201",2.88745253582641e-15,"Down"
4.26925117455353e-20,-2.75797566835529,0.082,0.759,3.28109029769137e-15,"Arhgap5-204",3.28109029769137e-15,"Down"
4.36083055104539e-20,-5.61633560171676,0.027,0.686,3.35147271170042e-15,"Syna-201",3.35147271170042e-15,"Down"
4.93997740892448e-20,-2.0980159275698,0.068,0.763,3.79657023785482e-15,"Hcfc1-201",3.79657023785482e-15,"Down"
5.37138462031314e-20,-4.98788873934021,0.014,0.682,4.12812393609546e-15,"Atp2a3-203",4.12812393609546e-15,"Down"
5.60152297714881e-20,-1.38142359943231,0.164,0.918,4.30499446885795e-15,"Hmgn5-201",4.30499446885795e-15,"Down"
5.9556936200981e-20,-2.02188417097288,0.192,0.906,4.5771887747902e-15,"Erp29-203",4.5771887747902e-15,"Down"
6.45479617006584e-20,-2.68879229131697,0.096,0.796,4.9607690485424e-15,"Etl4-202",4.9607690485424e-15,"Down"
8.40470436187017e-20,-2.31086667473765,0.137,0.829,6.4593514902717e-15,"Klf5-201",6.4593514902717e-15,"Down"
9.0507159412147e-20,-2.39996385475889,0.178,0.878,6.95583722946115e-15,"Lonp2-201",6.95583722946115e-15,"Down"
1.03501865668506e-19,-1.37391770711055,0.397,0.98,7.95453238408737e-15,"Mdh2-201",7.95453238408737e-15,"Down"
1.19335250961733e-19,-4.60528738711581,0.055,0.706,9.17139137741301e-15,"Pphln1-201",9.17139137741301e-15,"Down"
1.46631002060853e-19,-1.83096108626037,0.11,0.808,1.12691790323848e-14,"Eps8-201",1.12691790323848e-14,"Down"
1.6325135422798e-19,-2.28029070499487,0.082,0.784,1.25465195778372e-14,"Olr1-201",1.25465195778372e-14,"Down"
1.77335361257921e-19,-2.0260510874928,0.137,0.861,1.36289318541163e-14,"Slco4a1-202",1.36289318541163e-14,"Down"
1.87634421894726e-19,-2.55001914237991,0.123,0.808,1.44204558602973e-14,"Ing2-201",1.44204558602973e-14,"Down"
2.43096678697731e-19,-3.89956358541261,0.082,0.731,1.86829521446354e-14,"Bcor-204",1.86829521446354e-14,"Down"
3.10702825750018e-19,-1.8343528558703,0.11,0.784,2.38787549701919e-14,"Gata3-201",2.38787549701919e-14,"Down"
3.34320718871703e-19,-4.19829452726265,0.137,0.8,2.56938845281658e-14,"Plec-201",2.56938845281658e-14,"Down"
3.53167855227981e-19,-1.7042129755246,0.192,0.869,2.71423623456912e-14,"Zfand5-205",2.71423623456912e-14,"Down"
3.57738736509821e-19,-3.21065564085794,0.068,0.739,2.74936528557258e-14,"Foxn2-201",2.74936528557258e-14,"Down"
3.70283952780578e-19,-2.85492551721572,0.11,0.784,2.84578029069986e-14,"Eml4-202",2.84578029069986e-14,"Down"
4.34856573793627e-19,5.9862489699974,0.685,0.265,3.34204671223354e-14,"Fabp3-201",3.34204671223354e-14,"Up"
5.65515098960565e-19,-1.72476739297232,0.233,0.886,4.34620974155153e-14,"Fh1-201",4.34620974155153e-14,"Down"
5.74791966873819e-19,-4.0365750772989,0.055,0.698,4.41750618221205e-14,"Virma-202",4.41750618221205e-14,"Down"
6.83153036679981e-19,-1.98301474421883,0.63,0.992,5.25030434810032e-14,"Ppia-202",5.25030434810032e-14,"Down"
8.33572722138261e-19,-1.82864552100361,0.247,0.931,6.40633979872139e-14,"Cd9-201",6.40633979872139e-14,"Down"
8.5831899386124e-19,-2.03984738296236,0.164,0.845,6.59652479542117e-14,"Ctsa-201",6.59652479542117e-14,"Down"
9.96553073896872e-19,-2.4757159233617,0.082,0.743,7.65890899412702e-14,"Cds1-201",7.65890899412702e-14,"Down"
1.16172522597698e-18,-2.57613715677582,0.096,0.784,8.92832305172347e-14,"Gata2-201",8.92832305172347e-14,"Down"
1.2026259344368e-18,-2.37248993389953,0.082,0.743,9.2426613565206e-14,"Slc5a3-201",9.2426613565206e-14,"Down"
1.21882354851059e-18,-2.42546690901178,0.11,0.771,9.36714649972332e-14,"Ep400-204",9.36714649972332e-14,"Down"
1.24074824161862e-18,-5.77309812957889,0.027,0.653,9.53564653613576e-14,"Prdm1-202",9.53564653613576e-14,"Down"
1.3871695626308e-18,-2.05835341586797,0.11,0.776,1.06609529566427e-13,"Hadh-201",1.06609529566427e-13,"Down"
1.71493502796153e-18,-2.06377678941983,0.178,0.873,1.31799616638955e-13,"Lipg-201",1.31799616638955e-13,"Down"
1.86855518670415e-18,-2.59618856693965,0.096,0.751,1.43605940318961e-13,"Ugp2-202",1.43605940318961e-13,"Down"
1.93826241556853e-18,-1.89487042373227,0.274,0.931,1.48963219686104e-13,"Ctnnb1-201",1.48963219686104e-13,"Down"
2.02647523151777e-18,-2.31679968438611,0.123,0.788,1.55742727443067e-13,"Ep400-201",1.55742727443067e-13,"Down"
3.04506240581341e-18,-3.1119919950264,0.068,0.698,2.34025226136384e-13,"Fam90a1b-201",2.34025226136384e-13,"Down"
3.1323659523893e-18,-2.5108711062836,0.164,0.833,2.40734852904927e-13,"Bin2-207",2.40734852904927e-13,"Down"
3.225475809361e-18,-4.01921486657865,0.055,0.682,2.4789071785263e-13,"Commd4-201",2.4789071785263e-13,"Down"
4.41919143595715e-18,-1.36526820975762,0.137,0.837,3.39632538619051e-13,"Copb2-201",3.39632538619051e-13,"Down"
4.80009270773167e-18,-2.77370172090895,0.068,0.727,3.6890632496001e-13,"Clpb-201",3.6890632496001e-13,"Down"
5.00958203471719e-18,-2.02130752800103,0.466,0.947,3.85006417696155e-13,"Eif4a1-213",3.85006417696155e-13,"Down"
5.45752791029745e-18,-2.55854307916016,0.11,0.755,4.19432850018e-13,"Mlec-201",4.19432850018e-13,"Down"
5.62646561592533e-18,-1.88585455348872,0.096,0.776,4.32416388446325e-13,"Itga5-201",4.32416388446325e-13,"Down"
5.8534280715258e-18,-1.62168633243261,0.151,0.82,4.49859361009044e-13,"Uqcrc2-201",4.49859361009044e-13,"Down"
6.06867322417448e-18,-2.18137283148057,0.123,0.804,4.66401811970706e-13,"Washc5-201",4.66401811970706e-13,"Down"
6.97535720767331e-18,-1.46290861766725,0.11,0.743,5.36084102838525e-13,"Ptp4a1-204",5.36084102838525e-13,"Down"
7.20613415132475e-18,-2.17432364690594,0.137,0.792,5.53820234065912e-13,"Kdm5c-202",5.53820234065912e-13,"Down"
7.60559383560517e-18,-1.38104940816174,0.164,0.865,5.84520308641599e-13,"Dync1h1-201",5.84520308641599e-13,"Down"
8.15081613986583e-18,-2.69320434567431,0.068,0.682,6.26422823613249e-13,"Nrip1-201",6.26422823613249e-13,"Down"
8.4980385076066e-18,-2.37105218868122,0.096,0.735,6.53108251463597e-13,"Arhgap5-201",6.53108251463597e-13,"Down"
9.5559238760269e-18,-1.65796993111049,0.164,0.853,7.34410973568172e-13,"Ubr4-201",7.34410973568172e-13,"Down"
9.63103727328205e-18,-1.66193522481999,0.288,0.906,7.40183738600819e-13,"Helz-203",7.40183738600819e-13,"Down"
1.10624813907079e-17,-1.12872080812554,0.11,0.771,8.50195944801468e-13,"Kif5b-201",8.50195944801468e-13,"Down"
1.18128310691242e-17,-1.63104316291286,0.233,0.873,9.0786331898647e-13,"Stx3-202",9.0786331898647e-13,"Down"
1.25743344273458e-17,-3.53042395402206,0.082,0.698,9.66387898079234e-13,"Bcor-202",9.66387898079234e-13,"Down"
1.45961927647706e-17,-1.67042949119644,0.137,0.816,1.12177579874368e-12,"Rap2c-201",1.12177579874368e-12,"Down"
1.46564021336107e-17,-1.98810559996742,0.068,0.706,1.12640312957651e-12,"Inppl1-202",1.12640312957651e-12,"Down"
1.52705154034898e-17,-2.46729907174658,0.123,0.784,1.1736001908198e-12,"Crebbp-201",1.1736001908198e-12,"Down"
1.58561083395445e-17,-1.85088395171664,0.178,0.873,1.21860535032735e-12,"Aplp2-201",1.21860535032735e-12,"Down"
1.87557053308336e-17,-4.40189504024494,0.055,0.661,1.44145097749589e-12,"Mrpl17-202",1.44145097749589e-12,"Down"
1.90149298148895e-17,-3.18607377325093,0.068,0.69,1.46137341599352e-12,"Clip2-202",1.46137341599352e-12,"Down"
1.95075480484963e-17,-3.46748297421432,0.219,0.796,1.49923309771913e-12,"Eif4g1-205",1.49923309771913e-12,"Down"
2.03727452140756e-17,-1.69875269714824,0.356,0.947,1.56572696068256e-12,"Las1l-201",1.56572696068256e-12,"Down"
2.14430821910355e-17,-2.12183304208158,0.11,0.767,1.64798663870985e-12,"AU018091-201",1.64798663870985e-12,"Down"
2.14566470982896e-17,-3.9207299221986,0.055,0.669,1.64902915609195e-12,"Acsl3-201",1.64902915609195e-12,"Down"
2.17987998863572e-17,-3.06433298017557,0.068,0.702,1.67532496646609e-12,"Sp1-201",1.67532496646609e-12,"Down"
2.23434101082021e-17,-2.39934053541739,0.164,0.8,1.71718044045576e-12,"Sptbn1-201",1.71718044045576e-12,"Down"
2.23434101082021e-17,-2.39934053541739,0.164,0.8,1.71718044045576e-12,"Sptbn1-202",1.71718044045576e-12,"Down"
2.2375233397621e-17,-1.95376500630832,0.068,0.702,1.71962618754076e-12,"Inppl1-201",1.71962618754076e-12,"Down"
2.62054050414644e-17,-1.90720079182671,0.233,0.878,2.01399019905671e-12,"Lima1-201",2.01399019905671e-12,"Down"
2.64877089749895e-17,-3.78573021497354,0.055,0.669,2.03568638556384e-12,"Steap3-202",2.03568638556384e-12,"Down"
2.78883146596011e-17,-2.47610175568905,0.055,0.673,2.14332853484899e-12,"Inf2-201",2.14332853484899e-12,"Down"
2.80513124948301e-17,-1.94848204612565,0.123,0.792,2.15585557047767e-12,"Arl8b-201",2.15585557047767e-12,"Down"
2.85116923915037e-17,-1.51406013587596,0.301,0.971,2.19123760705662e-12,"Huwe1-201",2.19123760705662e-12,"Down"
3.82470112897738e-17,-3.81560776924951,0.055,0.665,2.93943580566428e-12,"Topors-201",2.93943580566428e-12,"Down"
4.65185222994463e-17,-3.39720862442574,0.055,0.669,3.57513451280165e-12,"Utp14b-202",3.57513451280165e-12,"Down"
5.08968930434862e-17,-4.58622856934964,0.041,0.637,3.91162981796409e-12,"Fam90a1b-203",3.91162981796409e-12,"Down"
5.30609075756258e-17,-2.7796911432902,0.096,0.698,4.07794299081715e-12,"Zfand2a-202",4.07794299081715e-12,"Down"
5.93087946385257e-17,-3.83164598431384,0.055,0.653,4.55811810314926e-12,"Virma-203",4.55811810314926e-12,"Down"
5.97837319784267e-17,-4.2662839237137,0.027,0.629,4.59461893747e-12,"Zc3h12c-202",4.59461893747e-12,"Down"
6.03209826748669e-17,-2.2743726645235,0.192,0.8,4.63590880249422e-12,"Lrrfip2-205",4.63590880249422e-12,"Down"
6.15649608634555e-17,-2.66618084823195,0.041,0.665,4.73151350220001e-12,"Plxnb1-201",4.73151350220001e-12,"Down"
7.05651762120024e-17,-1.98719091723728,0.233,0.857,5.42321605259723e-12,"Dnmt1-201",5.42321605259723e-12,"Down"
7.16377737424351e-17,-1.76138326188199,0.164,0.829,5.50564946320111e-12,"Hif1a-201",5.50564946320111e-12,"Down"
7.8096614577159e-17,-1.35683630037839,0.233,0.91,6.00203721671298e-12,"Itgb1-201",6.00203721671298e-12,"Down"
8.12185856385034e-17,-1.21469629547762,0.151,0.82,6.24197318066154e-12,"Selenoh-203",6.24197318066154e-12,"Down"
8.54076093515127e-17,-1.90507894042079,0.247,0.886,6.56391640910115e-12,"Zfp655-202",6.56391640910115e-12,"Down"
9.37896410607694e-17,-1.70208984506439,0.151,0.796,7.20810907408437e-12,"Kmt2d-201",7.20810907408437e-12,"Down"
1.01271984871566e-16,-2.16656491039077,0.123,0.755,7.7831571253193e-12,"E2f8-201",7.7831571253193e-12,"Down"
1.02147805179606e-16,-4.2991548922468,0.068,0.657,7.8504674192734e-12,"Klhl13-202",7.8504674192734e-12,"Down"
1.10774913140088e-16,-1.80134809501326,0.151,0.816,8.51349517446833e-12,"Ctsb-201",8.51349517446833e-12,"Down"
1.11986032819653e-16,-1.21062764581822,0.123,0.743,8.60657456632159e-12,"Ptp4a1-206",8.60657456632159e-12,"Down"
1.13655384440074e-16,-1.76779548628381,0.137,0.804,8.73487091575747e-12,"Slco4a1-201",8.73487091575747e-12,"Down"
1.15242158170723e-16,-1.53798252159448,0.356,0.947,8.85682082405276e-12,"Ubqln1-201",8.85682082405276e-12,"Down"
1.16289037635609e-16,-2.28067886821881,0.068,0.694,8.93727769844711e-12,"Iws1-201",8.93727769844711e-12,"Down"
1.16870644954311e-16,-1.48880683011876,0.479,0.976,8.98197654731861e-12,"Ywhaz-201",8.98197654731861e-12,"Down"
1.2023465083585e-16,-2.32180354451782,0.096,0.735,9.24051385533839e-12,"Pip4k2c-201",9.24051385533839e-12,"Down"
1.39804330157833e-16,-2.57249072392491,0.082,0.682,1.07445219899501e-11,"Mtor-202",1.07445219899501e-11,"Down"
1.42668611059825e-16,-1.79580242617487,0.123,0.763,1.09646534343918e-11,"Prpf8-201",1.09646534343918e-11,"Down"
1.43242247029e-16,-5.81035006263726,0.041,0.612,1.10087396531667e-11,"Auts2-209",1.10087396531667e-11,"Down"
1.44286398853642e-16,-1.6820703324013,0.151,0.792,1.10889868974978e-11,"Kmt2d-202",1.10889868974978e-11,"Down"
1.59928330571543e-16,-1.66008469752806,0.329,0.963,1.22911319177454e-11,"Polr2m-201",1.22911319177454e-11,"Down"
1.65807756417623e-16,-2.37036319216745,0.096,0.722,1.274298931172e-11,"Etl4-209",1.274298931172e-11,"Down"
1.69306700612299e-16,-1.82532769768129,0.151,0.771,1.30118971688576e-11,"Fam136a-201",1.30118971688576e-11,"Down"
1.88068217763066e-16,-2.47086198305153,0.096,0.722,1.44537948079627e-11,"Gaa-203",1.44537948079627e-11,"Down"
2.0252967417141e-16,-3.64825127650795,0.055,0.649,1.55652155787696e-11,"Steap3-203",1.55652155787696e-11,"Down"
2.15439368502353e-16,-3.149273528001,0.082,0.665,1.65573772268798e-11,"Snx27-201",1.65573772268798e-11,"Down"
2.23957027615347e-16,-1.92889393129357,0.082,0.682,1.72119934003499e-11,"Smarca2-209",1.72119934003499e-11,"Down"
2.3272870554849e-16,-7.72609572502412,0,0.576,1.78861319362236e-11,"Hsd11b2-201",1.78861319362236e-11,"Down"
2.34532178699783e-16,-2.80572792435938,0.096,0.694,1.80247360617931e-11,"Wipf2-201",1.80247360617931e-11,"Down"
2.37168310801292e-16,-1.90194168784811,0.055,0.657,1.82273333583225e-11,"Inppl1-203",1.82273333583225e-11,"Down"
2.69523925530506e-16,-3.3625025380541,0.068,0.653,2.07139917727215e-11,"Rbbp6-202",2.07139917727215e-11,"Down"
2.79791947142734e-16,-4.32359125505579,0.027,0.608,2.15031303057077e-11,"Mov10-201",2.15031303057077e-11,"Down"
2.95513481535456e-16,-1.28005381990548,0.123,0.731,2.2711393109926e-11,"Wdfy3-201",2.2711393109926e-11,"Down"
3.00820025194262e-16,-1.80275749570202,0.123,0.759,2.31192222162798e-11,"Myo18a-207",2.31192222162798e-11,"Down"
3.05067914524132e-16,-1.76202939217071,0.26,0.882,2.34456895028376e-11,"Clint1-201",2.34456895028376e-11,"Down"
3.14691393831164e-16,-2.06422579422386,0.356,0.922,2.41852923815003e-11,"Anxa4-201",2.41852923815003e-11,"Down"
3.21536147604791e-16,-1.27185345790963,0.315,0.959,2.47113390880186e-11,"Tcf20-201",2.47113390880186e-11,"Down"
3.2741004789533e-16,-3.16795993050316,0.082,0.682,2.51627718209477e-11,"Clip1-203",2.51627718209477e-11,"Down"
3.28288331242239e-16,-1.91639679943977,0.123,0.763,2.52302714092911e-11,"Slc38a4-201",2.52302714092911e-11,"Down"
3.59288014118346e-16,-3.15055090162565,0.055,0.645,2.76127210370514e-11,"Zxda-201",2.76127210370514e-11,"Down"
3.59858387130386e-16,-2.90003327932115,0.096,0.706,2.76565564845187e-11,"Git2-204",2.76565564845187e-11,"Down"
3.75201142507189e-16,-2.98722691359202,0.397,0.882,2.88357086062475e-11,"Morf4l2-204",2.88357086062475e-11,"Down"
3.76876967401578e-16,-1.73848743614986,0.11,0.739,2.89645024526809e-11,"Cs-201",2.89645024526809e-11,"Down"
3.85538664848284e-16,-2.33017465404972,0.288,0.853,2.963018854825e-11,"Agfg1-206",2.963018854825e-11,"Down"
4.08395629889437e-16,-1.17865785869982,0.356,0.976,3.13868377395228e-11,"Eif3a-201",3.13868377395228e-11,"Down"
4.1301467684872e-16,-4.16842040065923,0.027,0.608,3.17418299745316e-11,"Zc3h12c-201",3.17418299745316e-11,"Down"
4.15477148753358e-16,-3.50494759971023,0.041,0.629,3.19310807902906e-11,"Frmd4a-216",3.19310807902906e-11,"Down"
4.19124591258225e-16,-3.59980930240659,0.041,0.624,3.22114013365596e-11,"Bcl9l-201",3.22114013365596e-11,"Down"
4.52727485235248e-16,-2.19479310362334,0.068,0.69,3.47939181502697e-11,"Trrap-201",3.47939181502697e-11,"Down"
4.61994128659085e-16,-1.5161326225554,0.164,0.812,3.55060967639653e-11,"Srsf1-205",3.55060967639653e-11,"Down"
4.64938414673557e-16,-4.40364998437458,0.041,0.616,3.57323769213215e-11,"Caskin1-201",3.57323769213215e-11,"Down"
4.67999680830633e-16,-3.79771122474941,0.041,0.62,3.59676474705575e-11,"Steap3-201",3.59676474705575e-11,"Down"
4.75757890724862e-16,-1.36610206591197,0.301,0.935,3.65638969337686e-11,"Tcf20-202",3.65638969337686e-11,"Down"
4.86883129195904e-16,-2.25595777634305,0.151,0.751,3.7418916011222e-11,"Faf2-203",3.7418916011222e-11,"Down"
5.05359547570286e-16,-1.72975489052546,0.096,0.718,3.88389026689668e-11,"Pcm1-201",3.88389026689668e-11,"Down"
5.09287583774459e-16,-1.77048448813592,0.192,0.824,3.91407879634023e-11,"Hmgb2-201",3.91407879634023e-11,"Down"
5.3697656643862e-16,-1.76018656875607,0.164,0.796,4.12687970370737e-11,"Hadha-205",4.12687970370737e-11,"Down"
5.48548084830022e-16,-1.92537676467315,0.096,0.702,4.21581145115265e-11,"Stam2-201",4.21581145115265e-11,"Down"
5.57665989032961e-16,-2.15986541114493,0.082,0.698,4.28588619211392e-11,"Cep350-204",4.28588619211392e-11,"Down"
5.58112865913653e-16,-1.70020376198303,0.096,0.718,4.28932061969279e-11,"Pcm1-204",4.28932061969279e-11,"Down"
5.86188301095166e-16,-1.57713137114457,0.082,0.698,4.50509156923679e-11,"Hcfc1-202",4.50509156923679e-11,"Down"
6.00507891334743e-16,-1.29111576540554,0.685,0.984,4.61514334806403e-11,"Calm1-202",4.61514334806403e-11,"Down"
6.00879217201777e-16,-2.18207702200548,0.11,0.727,4.61799713588254e-11,"Myo18a-208",4.61799713588254e-11,"Down"
6.01405760970455e-16,-2.9101850599167,0.123,0.706,4.62204383536233e-11,"Nxf7-206",4.62204383536233e-11,"Down"
6.63798192043687e-16,-4.18592014171323,0.041,0.608,5.10155462513255e-11,"Prkd2-202",5.10155462513255e-11,"Down"
6.63798192043687e-16,-4.18592014171323,0.041,0.608,5.10155462513255e-11,"Prkd2-201",5.10155462513255e-11,"Down"
6.83675946070108e-16,-1.20648858122213,0.11,0.718,5.2543231159272e-11,"Cdh3-201",5.2543231159272e-11,"Down"
7.05440258794639e-16,-1.77544705507694,0.301,0.878,5.42159056494032e-11,"Fus-203",5.42159056494032e-11,"Down"
7.11058594896283e-16,-4.50580002222622,0.027,0.6,5.4647697252159e-11,"Glce-203",5.4647697252159e-11,"Down"
7.23999114609424e-16,-2.58521733931433,0.096,0.673,5.56422279541927e-11,"Zfand2a-201",5.56422279541927e-11,"Down"
7.27751781805214e-16,-1.13552053857184,0.192,0.837,5.59306354388579e-11,"Brap-201",5.59306354388579e-11,"Down"
8.30467293649447e-16,-1.36900033128105,0.055,0.645,6.38247333861346e-11,"Bcl9l-203",6.38247333861346e-11,"Down"
8.48509123722392e-16,-1.88109540183283,0.082,0.669,6.52113201945607e-11,"Stt3a-201",6.52113201945607e-11,"Down"
9.51533380126372e-16,-2.7083090331093,0.096,0.694,7.31291463962322e-11,"Nhsl1-201",7.31291463962322e-11,"Down"
9.69262792459751e-16,-1.36578030656565,0.301,0.927,7.44917226517017e-11,"P4hb-201",7.44917226517017e-11,"Down"
9.89406333332457e-16,-2.36808043981217,0.11,0.718,7.60398343419326e-11,"Git2-202",7.60398343419326e-11,"Down"
9.95037554839298e-16,-3.7524742596168,0.041,0.612,7.64726162396194e-11,"Steap3-204",7.64726162396194e-11,"Down"
1.00510133114598e-15,-1.70217085131655,0.123,0.718,7.72460577038929e-11,"Selenot-201",7.72460577038929e-11,"Down"
1.03351919795374e-15,-1.94799962498198,0.178,0.771,7.94300844395367e-11,"Jade1-202",7.94300844395367e-11,"Down"
1.0638627258531e-15,-1.40430933559485,0.137,0.796,8.1762105932714e-11,"Smc3-201",8.1762105932714e-11,"Down"
1.0675412162392e-15,-3.20295218293099,0.096,0.669,8.20448126328475e-11,"Tead3-205",8.20448126328475e-11,"Down"
1.06785294924989e-15,-1.32387909974875,0.096,0.698,8.2068770561651e-11,"Sdha-201",8.2068770561651e-11,"Down"
1.10025467721331e-15,-3.29724420533199,0.164,0.698,8.45589729625518e-11,"Mfge8-202",8.45589729625518e-11,"Down"
1.16415871116315e-15,-2.23597975074939,0.096,0.698,8.94702535877326e-11,"Phrf1-201",8.94702535877326e-11,"Down"
1.17801245205803e-15,-3.5416880945523,0.068,0.637,9.0534968990468e-11,"Bcor-203",9.0534968990468e-11,"Down"
1.22306547105944e-15,-1.93633543201211,0.192,0.8,9.39974737128026e-11,"Eif3d-201",9.39974737128026e-11,"Down"
1.22308140271897e-15,5.96290330037737,0.452,0.086,9.39986981245634e-11,"Cryab-206",9.39986981245634e-11,"Up"
1.29468324626805e-15,-2.81429267525055,0.11,0.673,9.95015862086849e-11,"Ublcp1-201",9.95015862086849e-11,"Down"
1.30222152534452e-15,-1.7275118618148,0.247,0.906,1.00080933108827e-10,"Plbd1-201",1.00080933108827e-10,"Down"
1.3033083661393e-15,-4.92304965669233,0.014,0.58,1.00164461171269e-10,"Wnk3-203",1.00164461171269e-10,"Down"
1.3701901302614e-15,-2.64822313365249,0.096,0.665,1.05304592271109e-10,"Ptp4a1-203",1.05304592271109e-10,"Down"
1.39617948246013e-15,-5.26398425415795,0,0.555,1.07301977944991e-10,"Atp2a3-204",1.07301977944991e-10,"Down"
1.56469794687541e-15,-1.05973240900895,0.342,0.959,1.20253296009163e-10,"Aff4-201",1.20253296009163e-10,"Down"
1.6225798884118e-15,-2.00275998596319,0.096,0.698,1.24701754744001e-10,"Serpine2-201",1.24701754744001e-10,"Down"
1.65696656327221e-15,-1.52122229218686,0.082,0.698,1.27344508253722e-10,"Tram1-201",1.27344508253722e-10,"Down"
1.67289284560956e-15,-1.54994679243766,0.096,0.731,1.28568506756477e-10,"Fabp5-201",1.28568506756477e-10,"Down"
1.94976466127392e-15,-2.7657049574716,0.055,0.649,1.49847213277546e-10,"Metrnl-201",1.49847213277546e-10,"Down"
2.0182819981345e-15,-4.34202005600398,0.041,0.604,1.55113044684629e-10,"Rdh11-203",1.55113044684629e-10,"Down"
2.08189141247124e-15,-1.77164632022769,0.178,0.8,1.60001682614065e-10,"Xpo1-202",1.60001682614065e-10,"Down"
2.20627181151858e-15,-2.57138143080462,0.082,0.661,1.69560813802449e-10,"Dsc2-201",1.69560813802449e-10,"Down"
2.28180652922985e-15,-1.77687457538849,0.096,0.678,1.75365958997431e-10,"Smarca2-201",1.75365958997431e-10,"Down"
2.29271103055906e-15,-1.71446054813809,0.219,0.857,1.76204013542586e-10,"Usp1-201",1.76204013542586e-10,"Down"
2.37070332191969e-15,-2.16768715081165,0.096,0.698,1.82198033102816e-10,"Tab2-204",1.82198033102816e-10,"Down"
2.45845942549886e-15,-4.00696668013261,0.041,0.608,1.88942440687289e-10,"Hbegf-201",1.88942440687289e-10,"Down"
2.46994987550739e-15,-3.49663132529788,0.027,0.596,1.89825527732245e-10,"Scarb1-201",1.89825527732245e-10,"Down"
2.48079873872448e-15,-3.15290217297827,0.096,0.661,1.90659306265931e-10,"Tead3-201",1.90659306265931e-10,"Down"
2.60332199784328e-15,-2.3514471539624,0.096,0.665,2.00075708822247e-10,"Adnp2-201",2.00075708822247e-10,"Down"
2.83713121146926e-15,-2.37417158849454,0.068,0.661,2.18044882126258e-10,"Clpb-211",2.18044882126258e-10,"Down"
2.84430829753112e-15,-2.0397580723782,0.123,0.739,2.18596469898457e-10,"Cnih1-201",2.18596469898457e-10,"Down"
2.85918901239386e-15,-1.3803658538934,0.123,0.767,2.19740112358518e-10,"Fthl17a-201",2.19740112358518e-10,"Down"
3.11525262857827e-15,-5.87635287530758,0.014,0.559,2.39419625516754e-10,"Git2-217",2.39419625516754e-10,"Down"
3.26166302544375e-15,-2.04554187608248,0.082,0.653,2.50671850157454e-10,"Smarca2-202",2.50671850157454e-10,"Down"
3.51313470140425e-15,-1.32039549371739,0.137,0.755,2.69998454341722e-10,"Atp6v0d1-201",2.69998454341722e-10,"Down"
3.68679969534639e-15,-1.11327965418706,0.315,0.939,2.83345303786151e-10,"Klf6-201",2.83345303786151e-10,"Down"
3.82637753346468e-15,-2.68948861597538,0.082,0.653,2.94072418956894e-10,"Dsc2-202",2.94072418956894e-10,"Down"
3.94662704057539e-15,-1.30856455039272,0.123,0.731,3.03314074576381e-10,"Son-202",3.03314074576381e-10,"Down"
3.99363280239827e-15,-1.54218659933074,0.151,0.759,3.06926655395516e-10,"Ipmk-201",3.06926655395516e-10,"Down"
4.06936379961932e-15,-1.35657952181996,0.233,0.865,3.12746885455943e-10,"Maea-201",3.12746885455943e-10,"Down"
4.73497312750998e-15,-1.39403680338569,0.288,0.89,3.63901624741652e-10,"Eif3c-201",3.63901624741652e-10,"Down"
4.85607409909372e-15,-2.77785118190208,0.096,0.665,3.73208718811749e-10,"Rbmx-202",3.73208718811749e-10,"Down"
5.15298219497118e-15,-3.26563650515905,0.068,0.624,3.96027293612315e-10,"Bcor-206",3.96027293612315e-10,"Down"
5.48766291270218e-15,-2.94790017915487,0.164,0.714,4.21748845492813e-10,"Eif4g1-203",4.21748845492813e-10,"Down"
5.73979765081591e-15,-1.83872347889113,0.11,0.718,4.41126408655806e-10,"Dnajc13-201",4.41126408655806e-10,"Down"
5.86712703473705e-15,-1.83505340938267,0.164,0.784,4.50912181127681e-10,"Hnrnpul1-205",4.50912181127681e-10,"Down"
6.3494263004604e-15,-2.7500119425302,0.055,0.616,4.87978808895583e-10,"Ifnar1-203",4.87978808895583e-10,"Down"
6.87085954317339e-15,-2.23809463975721,0.233,0.788,5.28053039331048e-10,"Uaca-202",5.28053039331048e-10,"Down"
7.31144571925082e-15,-1.53992240908422,0.151,0.78,5.61913849307303e-10,"Optn-202",5.61913849307303e-10,"Down"
7.59409259939091e-15,-1.64534091164981,0.082,0.678,5.83636392633589e-10,"Uggt1-201",5.83636392633589e-10,"Down"
7.71427895283701e-15,-2.51222263283885,0.082,0.665,5.92873194641336e-10,"Usp48-205",5.92873194641336e-10,"Down"
7.87049811525323e-15,-1.38769964245437,0.301,0.906,6.04879262149671e-10,"Cd164-201",6.04879262149671e-10,"Down"
7.94493347911159e-15,-5.14921975643019,0,0.535,6.10599917603642e-10,"Atp2a3-202",6.10599917603642e-10,"Down"
8.0715659697486e-15,-1.84132351150953,0.096,0.678,6.20332131039059e-10,"Ptpn12-201",6.20332131039059e-10,"Down"
8.22091465399688e-15,-1.79324740057757,0.151,0.771,6.31810174818276e-10,"Senp3-201",6.31810174818276e-10,"Down"
8.3607769970953e-15,-1.61018276732362,0.233,0.873,6.42559155334763e-10,"Usp1-202",6.42559155334763e-10,"Down"
8.55446203543796e-15,-1.38967342209843,0.329,0.927,6.57444625271549e-10,"Wdr1-201",6.57444625271549e-10,"Down"
8.73546932185395e-15,-1.11926910830343,0.219,0.906,6.71355759261764e-10,"Rad21-201",6.71355759261764e-10,"Down"
8.76886612769179e-15,-1.95284193525621,0.123,0.731,6.73922437377625e-10,"Cnot1-202",6.73922437377625e-10,"Down"
8.9365536711288e-15,-2.29082286588928,0.096,0.682,6.86809895840933e-10,"Ino80d-203",6.86809895840933e-10,"Down"
9.42796675790877e-15,-1.76514520967414,0.082,0.661,7.2457695721232e-10,"Larp4-202",7.2457695721232e-10,"Down"
9.53498409989257e-15,-1.70004967168098,0.247,0.873,7.32801668013143e-10,"Gpx4-202",7.32801668013143e-10,"Down"
9.71616911679352e-15,-5.82429154288037,0.014,0.543,7.4672646130205e-10,"Prdm1-201",7.4672646130205e-10,"Down"
1.03320241431026e-14,-1.995578477412,0.205,0.788,7.94057383494003e-10,"Safb-207",7.94057383494003e-10,"Down"
1.07978938105034e-14,-5.71517379620602,0.014,0.547,8.29861330912431e-10,"Slc26a2-202",8.29861330912431e-10,"Down"
1.09624862624446e-14,-1.17167945180002,0.11,0.698,8.42510919213914e-10,"Sdf4-201",8.42510919213914e-10,"Down"
1.11790443527772e-14,-1.78769009270453,0.26,0.804,8.59154274688336e-10,"Slc38a1-202",8.59154274688336e-10,"Down"
1.24459980537602e-14,-1.79079839304504,0.082,0.633,9.56524734423687e-10,"Exoc3l4-210",9.56524734423687e-10,"Down"
1.31134864828554e-14,-1.71205972497981,0.233,0.837,1.00782389015337e-09,"Sptan1-202",1.00782389015337e-09,"Down"
1.38057957100384e-14,-1.93983712884935,0.055,0.629,1.06103062349929e-09,"Bclaf1-202",1.06103062349929e-09,"Down"
1.72427440390871e-14,-2.82591417252579,0.082,0.629,1.32517385038e-09,"Als2-201",1.32517385038e-09,"Down"
1.73178584214401e-14,-2.17679341304473,0.055,0.624,1.33094669112136e-09,"Trrap-202",1.33094669112136e-09,"Down"
1.82713733182339e-14,-1.56038306085896,0.041,0.592,1.40422812499955e-09,"Soat1-207",1.40422812499955e-09,"Down"
1.89191680885367e-14,-1.5490240584729,0.11,0.71,1.4540137442764e-09,"Birc6-218",1.4540137442764e-09,"Down"
1.93977294000237e-14,-1.54407528641849,0.685,0.976,1.49079309530942e-09,"Bsg-205",1.49079309530942e-09,"Down"
2.02061722885788e-14,-1.55291520080095,0.205,0.816,1.55292516506644e-09,"Ankrd13a-201",1.55292516506644e-09,"Down"
2.0552721841779e-14,-3.91246787285926,0.014,0.551,1.57955888442809e-09,"Bace1-201",1.57955888442809e-09,"Down"
2.17701144650756e-14,-1.46827948705987,0.26,0.878,1.67312037709892e-09,"Thrap3-201",1.67312037709892e-09,"Down"
2.21366028576277e-14,-2.22189491030031,0.041,0.596,1.70128647602012e-09,"Iws1-206",1.70128647602012e-09,"Down"
2.24129561979578e-14,-1.58618768268879,0.274,0.861,1.72252533563785e-09,"Actr3-202",1.72252533563785e-09,"Down"
2.24225913002002e-14,-1.80336451398695,0.082,0.665,1.72326583178559e-09,"Nabp1-201",1.72326583178559e-09,"Down"
2.34418844493095e-14,-1.69947933279968,0.164,0.751,1.80160258746723e-09,"Ctsa-202",1.80160258746723e-09,"Down"
2.5571025945838e-14,-2.70928704664196,0.055,0.604,1.96523562804143e-09,"Kdm2b-202",1.96523562804143e-09,"Down"
2.5571025945838e-14,-2.70928704664196,0.055,0.604,1.96523562804143e-09,"Kdm2b-203",1.96523562804143e-09,"Down"
2.76321939438985e-14,-2.36129532414536,0.137,0.714,2.12364463336438e-09,"Polr2a-201",2.12364463336438e-09,"Down"
2.89022074518934e-14,-3.22475289381047,0.082,0.633,2.22125025150782e-09,"Nsd3-202",2.22125025150782e-09,"Down"
3.03545367350177e-14,-1.44936848992814,0.164,0.759,2.33286756623305e-09,"Chmp2a-201",2.33286756623305e-09,"Down"
3.34279041904084e-14,-1.23619648741258,0.137,0.731,2.56906814864965e-09,"Son-203",2.56906814864965e-09,"Down"
3.36396987776261e-14,-2.29715249707283,0.096,0.657,2.58534540985567e-09,"Hgs-202",2.58534540985567e-09,"Down"
3.46847797952906e-14,-1.12387222468527,0.151,0.771,2.66566406638726e-09,"Arid5b-204",2.66566406638726e-09,"Down"
3.50117350708145e-14,-2.0985087952408,0.151,0.727,2.69079188713238e-09,"Nup98-203",2.69079188713238e-09,"Down"
4.06372026423375e-14,-1.88195059228384,0.055,0.596,3.1231315718742e-09,"Creld2-201",3.1231315718742e-09,"Down"
4.65691166613459e-14,-2.58671731700609,0.068,0.604,3.57902289189108e-09,"Slc39a6-201",3.57902289189108e-09,"Down"
4.73620939958657e-14,-1.21475579827252,0.11,0.686,3.63996637195826e-09,"Ddx39b-201",3.63996637195826e-09,"Down"
4.97016094677352e-14,-2.68361893928928,0.137,0.698,3.81976749403332e-09,"Plec-206",3.81976749403332e-09,"Down"
4.97413429235877e-14,-1.69589192570223,0.082,0.657,3.82282116904941e-09,"Nabp1-210",3.82282116904941e-09,"Down"
5.01739500929595e-14,-2.23716180520889,0.027,0.571,3.85606876044431e-09,"Bclaf1-204",3.85606876044431e-09,"Down"
5.14059796677531e-14,-1.92026817639748,0.096,0.657,3.9507551613855e-09,"Myo18a-203",3.9507551613855e-09,"Down"
5.14059796677531e-14,-1.92026817639748,0.096,0.657,3.9507551613855e-09,"Myo18a-201",3.9507551613855e-09,"Down"
5.39614870855259e-14,-1.62832879722034,0.137,0.722,4.147156128471e-09,"Oga-201",4.147156128471e-09,"Down"
5.57332577093785e-14,-3.00600538047633,0.068,0.612,4.28332378799658e-09,"Drosha-207",4.28332378799658e-09,"Down"
6.10885881437685e-14,-2.44885444210581,0.082,0.633,4.69490235320118e-09,"Bdp1-201",4.69490235320118e-09,"Down"
6.55880752151662e-14,-1.75953038668281,0.137,0.698,5.04070593258638e-09,"Zxdc-202",5.04070593258638e-09,"Down"
6.57873636171968e-14,-1.36109974015909,0.274,0.833,5.05602204343604e-09,"Uaca-201",5.05602204343604e-09,"Down"
6.71186027015083e-14,-1.83103139179664,0.137,0.722,5.15833309202172e-09,"Csrnp1-201",5.15833309202172e-09,"Down"
6.78904941955365e-14,-2.06884412845435,0.11,0.686,5.21765604090376e-09,"Leo1-201",5.21765604090376e-09,"Down"
6.81507800575314e-14,-3.8094873574887,0.027,0.551,5.23766005054151e-09,"Epha4-205",5.23766005054151e-09,"Down"
6.81507800575314e-14,-3.8094873574887,0.027,0.551,5.23766005054151e-09,"Epha4-201",5.23766005054151e-09,"Down"
7.16986142419976e-14,-1.62355103861187,0.096,0.641,5.51032529895448e-09,"Smarca2-216",5.51032529895448e-09,"Down"
7.83476449013392e-14,-1.25678250941804,0.164,0.767,6.02132990124752e-09,"Ubr4-212",6.02132990124752e-09,"Down"
8.20448688181118e-14,-1.63682939862789,0.315,0.89,6.30547634814716e-09,"Cul4b-203",6.30547634814716e-09,"Down"
8.36027765176571e-14,-1.1150920216561,0.219,0.878,6.42520778648802e-09,"Marcksl1-201",6.42520778648802e-09,"Down"
8.45539020995851e-14,-1.49641349297332,0.11,0.694,6.49830559196152e-09,"Birc6-213",6.49830559196152e-09,"Down"
8.46213395994409e-14,-3.4907630417261,0.055,0.588,6.50348843357543e-09,"Pknox1-201",6.50348843357543e-09,"Down"
9.58365232885606e-14,-2.5057741733158,0.137,0.698,7.36542016081903e-09,"Amotl2-201",7.36542016081903e-09,"Down"
9.91942130947671e-14,-1.08663842317151,0.164,0.816,7.62347205318523e-09,"Arpc1b-201",7.62347205318523e-09,"Down"
9.92114575869029e-14,-1.81645517177937,0.137,0.718,7.62479736138383e-09,"Csrnp1-204",7.62479736138383e-09,"Down"
1.00202001734722e-13,-1.24201739534966,0.26,0.878,7.70092464132033e-09,"Pdcd6ip-201",7.70092464132033e-09,"Down"
1.06400821447019e-13,-1.33463765273053,0.123,0.718,8.17732873148919e-09,"Dctn1-201",8.17732873148919e-09,"Down"
1.08073132035567e-13,-1.67066443058222,0.123,0.694,8.30585248946146e-09,"Tmem150a-201",8.30585248946146e-09,"Down"
1.13504373667672e-13,-1.12629457704734,0.192,0.796,8.72326513385525e-09,"Golga4-201",8.72326513385525e-09,"Down"
1.15032886637358e-13,-1.10518728924562,0.137,0.718,8.84073746962748e-09,"Son-208",8.84073746962748e-09,"Down"
1.19719697747053e-13,-1.83593201289192,0.11,0.669,9.20093765065198e-09,"Arhgap31-201",9.20093765065198e-09,"Down"
1.25623825889626e-13,-1.21459805686857,0.342,0.931,9.65469351492134e-09,"Pdia3-201",9.65469351492134e-09,"Down"
1.26331551321123e-13,-2.82193376140172,0.041,0.563,9.70908504523357e-09,"Kdm2b-205",9.70908504523357e-09,"Down"
1.27087725613189e-13,-1.12552070790271,0.151,0.718,9.76720006427605e-09,"Etfa-201",9.76720006427605e-09,"Down"
1.31080458772605e-13,-1.68292406034159,0.247,0.829,1.00740575785098e-08,"Hnrnph1-201",1.00740575785098e-08,"Down"
1.31273269483025e-13,-2.57324901996162,0.055,0.58,1.00888758528484e-08,"Stk10-201",1.00888758528484e-08,"Down"
1.38936572703249e-13,-2.28370588502017,0.068,0.604,1.06778313585355e-08,"Golga2-203",1.06778313585355e-08,"Down"
1.42061965372331e-13,-1.68068272917233,0.233,0.8,1.09180302867252e-08,"Cct8-201",1.09180302867252e-08,"Down"
1.42514782818983e-13,-1.26538702824007,0.26,0.906,1.09528311187701e-08,"Psmd2-201",1.09528311187701e-08,"Down"
1.52678180935696e-13,-1.19474822585647,0.11,0.702,1.1733928917632e-08,"Slk-202",1.1733928917632e-08,"Down"
1.68459696323799e-13,-3.51132585936596,0.041,0.563,1.29468015012693e-08,"Kif26a-201",1.29468015012693e-08,"Down"
1.71637670546384e-13,-2.76174552660232,0.096,0.637,1.31910415321718e-08,"Clip1-204",1.31910415321718e-08,"Down"
1.72480416469351e-13,-1.88803044587795,0.055,0.592,1.32558099273355e-08,"Tra2a-205",1.32558099273355e-08,"Down"
1.97139297185058e-13,-2.21017178193718,0.082,0.629,1.51509435458605e-08,"Usp48-201",1.51509435458605e-08,"Down"
2.01040178360616e-13,-4.33417601586233,0.027,0.531,1.54507418677268e-08,"Nkain1-203",1.54507418677268e-08,"Down"
2.06085458528687e-13,-2.92219087004648,0.027,0.539,1.58384918297637e-08,"Galnt2-201",1.58384918297637e-08,"Down"
2.10126188688015e-13,-1.48274160750565,0.137,0.698,1.61490381054287e-08,"Setd2-201",1.61490381054287e-08,"Down"
2.11719561286355e-13,-2.32584464811852,0.082,0.624,1.62714951631016e-08,"Drosha-201",1.62714951631016e-08,"Down"
2.15975208927597e-13,-2.76659010471513,0.041,0.559,1.65985587069216e-08,"Ifnar1-202",1.65985587069216e-08,"Down"
2.35200505000148e-13,-2.12426343729534,0.082,0.62,1.80760996112814e-08,"Hgs-201",1.80760996112814e-08,"Down"
2.45644846812086e-13,-4.06524873878086,0.027,0.535,1.8878789056896e-08,"Atp13a3-202",1.8878789056896e-08,"Down"
2.78291491573138e-13,-1.3778298193605,0.205,0.796,2.13878142933619e-08,"Psmd1-201",2.13878142933619e-08,"Down"
2.7866048241768e-13,-1.17074658363984,0.219,0.869,2.14161727157283e-08,"Trim25-203",2.14161727157283e-08,"Down"
2.85238456014237e-13,-1.32102244922879,0.11,0.682,2.19217162985182e-08,"Birc6-204",2.19217162985182e-08,"Down"
2.86307851028259e-13,-2.26018933959325,0.178,0.714,2.20039035829258e-08,"Pdcd4-201",2.20039035829258e-08,"Down"
2.97071806047587e-13,2.7147579599784,0.507,0.127,2.28311565819812e-08,"Ppia-204",2.28311565819812e-08,"Up"
3.06273423996367e-13,-1.00864573825539,0.205,0.882,2.35383377278168e-08,"Bclaf3-202",2.35383377278168e-08,"Down"
3.06597953508451e-13,-1.01178257791211,0.11,0.661,2.35632791189385e-08,"Sdf4-204",2.35632791189385e-08,"Down"
3.09592410718105e-13,-1.55663249517493,0.356,0.91,2.37934151333292e-08,"Rab1a-201",2.37934151333292e-08,"Down"
3.15716086969784e-13,-1.6375930309737,0.096,0.633,2.42640441479758e-08,"Crkl-201",2.42640441479758e-08,"Down"
3.20678981775936e-13,-1.26486545573155,0.123,0.706,2.46454624654078e-08,"Birc6-202",2.46454624654078e-08,"Down"
3.23045476962768e-13,-1.54690187375489,0.274,0.833,2.48273370864966e-08,"Ctnnb1-208",2.48273370864966e-08,"Down"
3.28273304170148e-13,-1.7682229556791,0.11,0.653,2.52291165186926e-08,"E2f8-202",2.52291165186926e-08,"Down"
3.2978686605226e-13,-3.03260180909391,0.164,0.694,2.53454398035804e-08,"Tle3-204",2.53454398035804e-08,"Down"
3.30615824924126e-13,-1.9577348558616,0.096,0.637,2.54091486087188e-08,"Phrf1-209",2.54091486087188e-08,"Down"
3.41444900411166e-13,-3.03297004462031,0.027,0.539,2.62414063761997e-08,"Scarb1-202",2.62414063761997e-08,"Down"
3.4189367058558e-13,-1.62974423934016,0.164,0.743,2.62758961591841e-08,"Nrd1-201",2.62758961591841e-08,"Down"
3.45323860324365e-13,-2.26848534939932,0.055,0.588,2.65395199613687e-08,"Trrap-215",2.65395199613687e-08,"Down"
3.46080968541156e-13,-4.0431339202016,0.027,0.531,2.6597706756262e-08,"Atp13a3-201",2.6597706756262e-08,"Down"
3.75807528276246e-13,-1.97399536030954,0.137,0.69,2.88823117781426e-08,"Arhgef3-202",2.88823117781426e-08,"Down"
3.87332076555693e-13,-5.82670085595451,0.014,0.498,2.97680194116112e-08,"Nkain1-201",2.97680194116112e-08,"Down"
3.96514705371507e-13,-1.95270204153535,0.096,0.641,3.04737411666218e-08,"Rock2-201",3.04737411666218e-08,"Down"
4.32416003422798e-13,-3.26722866074247,0.055,0.563,3.32328995270557e-08,"Selenos-201",3.32328995270557e-08,"Down"
4.34245742931342e-13,-2.18393099151288,0.068,0.608,3.33735223272454e-08,"Mtss1-201",3.33735223272454e-08,"Down"
4.45622361019894e-13,-1.38009642881925,0.37,0.943,3.42478609338229e-08,"Psap-202",3.42478609338229e-08,"Down"
4.67982901791842e-13,-1.69554405257714,0.082,0.604,3.59663579343102e-08,"Pitrm1-207",3.59663579343102e-08,"Down"
4.74974033559005e-13,-1.34201305558141,0.356,0.902,3.65036543751438e-08,"Ctnna1-201",3.65036543751438e-08,"Down"
4.84419271529769e-13,-1.01145369459174,0.164,0.776,3.72295586941489e-08,"Jak1-201",3.72295586941489e-08,"Down"
5.11166038080385e-13,-2.48644111132817,0.096,0.616,3.92851546906299e-08,"Rbmx-203",3.92851546906299e-08,"Down"
5.18138734929406e-13,-1.6363879954215,0.068,0.592,3.98210343342645e-08,"Usp34-205",3.98210343342645e-08,"Down"
5.20136774390557e-13,-2.16036001560113,0.055,0.58,3.99745916590119e-08,"Hexb-201",3.99745916590119e-08,"Down"
5.25966435525984e-13,-1.4668866821479,0.11,0.612,4.0422624435914e-08,"Exoc3l4-201",4.0422624435914e-08,"Down"
5.30335743579586e-13,-2.56584818376451,0.123,0.657,4.07584232370655e-08,"Amotl2-207",4.07584232370655e-08,"Down"
5.30481822841967e-13,-1.00158177716199,0.11,0.629,4.07696500126965e-08,"Ptp4a1-205",4.07696500126965e-08,"Down"
5.37620892681668e-13,-3.84209655879455,0.027,0.522,4.13183160861569e-08,"Sdk2-201",4.13183160861569e-08,"Down"
5.38699759310662e-13,-2.1127503682129,0.082,0.616,4.14012313020616e-08,"Sel1l-201",4.14012313020616e-08,"Down"
5.48522297527901e-13,-2.05888504940944,0.123,0.657,4.21561326542093e-08,"Plec-217",4.21561326542093e-08,"Down"
5.48522297527901e-13,-2.05888504940944,0.123,0.657,4.21561326542093e-08,"Plec-215",4.21561326542093e-08,"Down"
5.50967570786048e-13,-1.22990852461166,0.178,0.751,4.2344061685191e-08,"Ranbp2-201",4.2344061685191e-08,"Down"
5.60245187262035e-13,-1.97275773535443,0.082,0.629,4.30570836218364e-08,"Rpn2-202",4.30570836218364e-08,"Down"
5.81751721512833e-13,1.74870971270734,0.068,0.596,4.47099468051472e-08,"Macf1-203",4.47099468051472e-08,"Up"
5.94192572465361e-13,-1.75455004564352,0.068,0.588,4.56660759642528e-08,"Rbmx-201",4.56660759642528e-08,"Down"
5.98078245266789e-13,-1.09126455706797,0.315,0.882,4.59647054617338e-08,"Tcp1-209",4.59647054617338e-08,"Down"
6.36097246995317e-13,-2.64334109261256,0.082,0.6,4.88866178205781e-08,"Zcchc2-202",4.88866178205781e-08,"Down"
6.39416450121911e-13,-2.7080871996835,0.041,0.543,4.91417118576693e-08,"Brd3-202",4.91417118576693e-08,"Down"
6.45178375074823e-13,-2.2299576793899,0.068,0.596,4.95845388380005e-08,"Gon4l-201",4.95845388380005e-08,"Down"
6.45339444391651e-13,-3.92543292918758,0.041,0.535,4.95969176592759e-08,"Caskin1-204",4.95969176592759e-08,"Down"
6.8797047336502e-13,-1.0066495048012,0.534,1,5.28732827599952e-08,"Rad23b-201",5.28732827599952e-08,"Down"
7.4783175761228e-13,-1.77523131473599,0.274,0.812,5.74738618995342e-08,"Smdt1-201",5.74738618995342e-08,"Down"
7.53809170157627e-13,-2.16750179094559,0.096,0.645,5.79332499632943e-08,"Cnot1-201",5.79332499632943e-08,"Down"
7.84782563360028e-13,-3.52316331080847,0.041,0.547,6.03136791244716e-08,"Xdh-206",6.03136791244716e-08,"Down"
8.05965748545673e-13,-1.85810776419173,0.151,0.678,6.19416916387292e-08,"Jarid2-208",6.19416916387292e-08,"Down"
8.29518097188503e-13,-2.1870696953766,0.068,0.588,6.37517838413252e-08,"Slco4a1-205",6.37517838413252e-08,"Down"
8.52693808675063e-13,-1.011697826204,0.589,0.988,6.55329299719133e-08,"Lamp1-201",6.55329299719133e-08,"Down"
8.5874080471345e-13,-1.54276719124117,0.164,0.739,6.59976658054475e-08,"Drg1-201",6.59976658054475e-08,"Down"
8.63586207076514e-13,-1.48608538093749,0.233,0.8,6.63700543586584e-08,"Sptan1-201",6.63700543586584e-08,"Down"
8.93761959872433e-13,-2.693455264772,0.041,0.539,6.8689181664036e-08,"Brd3-201",6.8689181664036e-08,"Down"
9.55149753955555e-13,-1.85708825619927,0.164,0.735,7.34070791905002e-08,"Acbd3-201",7.34070791905002e-08,"Down"
1.02413868237317e-12,-2.34848053756286,0.096,0.62,7.87091542951074e-08,"Ap3b1-201",7.87091542951074e-08,"Down"
1.033711671697e-12,2.74254201736523,0.534,0.159,7.94448768166009e-08,"Calm1-201",7.94448768166009e-08,"Up"
1.08732579617971e-12,-3.70848245042102,0.041,0.531,8.35653367395954e-08,"Ppp1r3g-201",8.35653367395954e-08,"Down"
1.20052158171054e-12,-2.15487814440055,0.096,0.624,9.22648856407821e-08,"Ino80d-204",9.22648856407821e-08,"Down"
1.21174158032381e-12,-1.12895007828769,0.219,0.792,9.3127187414206e-08,"Smg1-201",9.3127187414206e-08,"Down"
1.2261763677473e-12,-1.51197173872932,0.137,0.71,9.4236558566851e-08,"Txnrd1-206",9.4236558566851e-08,"Down"
1.24182774689978e-12,-3.72830748339505,0.041,0.522,9.5439429660236e-08,"Pdia4-201",9.5439429660236e-08,"Down"
1.25677421487266e-12,-4.7682736707441,0.027,0.498,9.65881255098237e-08,"Washc1-201",9.65881255098237e-08,"Down"
1.32083912847149e-12,-1.17074166616118,0.151,0.747,1.01511770379548e-07,"Trpc4ap-201",1.01511770379548e-07,"Down"
1.32979126573632e-12,-1.28157651795805,0.123,0.669,1.02199777936899e-07,"Prpf8-202",1.02199777936899e-07,"Down"
1.35940932360993e-12,-2.05762185873488,0.137,0.665,1.04476044156717e-07,"Plec-203",1.04476044156717e-07,"Down"
1.35940932360993e-12,-2.13145000655094,0.137,0.665,1.04476044156717e-07,"Plec-204",1.04476044156717e-07,"Down"
1.35940932360993e-12,-2.11556327794224,0.137,0.665,1.04476044156717e-07,"Plec-207",1.04476044156717e-07,"Down"
1.38540618660522e-12,-2.44478167928307,0.082,0.592,1.06474007065358e-07,"Fbxo22-201",1.06474007065358e-07,"Down"
1.40107453520854e-12,-3.1140879443905,0.041,0.535,1.07678182328917e-07,"Clpb-202",1.07678182328917e-07,"Down"
1.41350327136455e-12,-2.36133497525989,0.164,0.673,1.08633380417451e-07,"Eif4g1-206",1.08633380417451e-07,"Down"
1.46825914140007e-12,-1.55900252869259,0.123,0.669,1.12841588053161e-07,"Prpsap1-201",1.12841588053161e-07,"Down"
1.49142001897494e-12,-2.1332225736968,0.11,0.645,1.146215941383e-07,"Crebbp-205",1.146215941383e-07,"Down"
1.49805606252335e-12,-1.83026693070201,0.178,0.731,1.1513160062917e-07,"Syncrip-201",1.1513160062917e-07,"Down"
1.49978343499227e-12,-2.52947558793584,0.11,0.616,1.15264356112896e-07,"Zmym4-201",1.15264356112896e-07,"Down"
1.51826044146241e-12,-2.03434475458332,0.082,0.584,1.16684387968152e-07,"Rapgef2-201",1.16684387968152e-07,"Down"
1.51826044146241e-12,-2.03434475458332,0.082,0.584,1.16684387968152e-07,"Rapgef2-202",1.16684387968152e-07,"Down"
1.55530810830077e-12,-1.32822353933351,0.137,0.678,1.19531649355347e-07,"ENSMUST00000249998.1",1.19531649355347e-07,"Down"
1.59021439777619e-12,-1.00247327982982,0.151,0.698,1.22214337326691e-07,"Tnpo1-202",1.22214337326691e-07,"Down"
1.66013272210887e-12,-1.90732863225817,0.096,0.624,1.27587840224955e-07,"Ino80d-201",1.27587840224955e-07,"Down"
1.70684862458908e-12,-4.90041265626542,0.027,0.494,1.31178144194169e-07,"Lcp1-209",1.31178144194169e-07,"Down"
1.83022539896815e-12,-2.39305067522897,0.068,0.576,1.40660142812298e-07,"Larp4-201",1.40660142812298e-07,"Down"
1.8453633292635e-12,-1.23863468981505,0.123,0.661,1.41823553307217e-07,"Son-204",1.41823553307217e-07,"Down"
1.86241844703305e-12,-1.44094637427725,0.274,0.784,1.43134307328278e-07,"Helz-201",1.43134307328278e-07,"Down"
1.88250155010388e-12,-2.2347557260965,0.068,0.588,1.44677774131683e-07,"Uggt1-209",1.44677774131683e-07,"Down"
1.93978618280231e-12,-2.01924293786484,0.096,0.629,1.49080327293089e-07,"Cdk12-203",1.49080327293089e-07,"Down"
2.02138154023087e-12,-1.43951966257473,0.082,0.612,1.55351256892903e-07,"Ylpm1-201",1.55351256892903e-07,"Down"
2.02804660254348e-12,-2.01698816911212,0.137,0.661,1.55863493591876e-07,"Plec-218",1.55863493591876e-07,"Down"
2.06472525910246e-12,-4.03086439599944,0.014,0.486,1.5868239506306e-07,"Epha4-204",1.5868239506306e-07,"Down"
2.07872033829896e-12,-1.89830448125628,0.068,0.567,1.59757972879629e-07,"Dvl2-202",1.59757972879629e-07,"Down"
2.07909873400113e-12,-2.31360944360491,0.068,0.58,1.59787054102923e-07,"Bcl9l-206",1.59787054102923e-07,"Down"
2.11816397303036e-12,-2.30081321482342,0.082,0.588,1.62789373983276e-07,"Zcchc2-201",1.62789373983276e-07,"Down"
2.22449125124156e-12,-1.66004001486403,0.082,0.592,1.70961050622919e-07,"Tpi1-205",1.70961050622919e-07,"Down"
2.22449125124156e-12,-1.66004001486403,0.082,0.592,1.70961050622919e-07,"Tpi1-207",1.70961050622919e-07,"Down"
2.22615063157146e-12,-1.29684362852437,0.137,0.665,1.71088580638793e-07,"Mtdh-201",1.71088580638793e-07,"Down"
2.2493678063627e-12,-1.78793471555677,0.151,0.665,1.72872913390199e-07,"Jarid2-216",1.72872913390199e-07,"Down"
2.29256451684477e-12,-5.03321824371047,0.014,0.482,1.76192753377588e-07,"Ankrd50-204",1.76192753377588e-07,"Down"
2.34629084735865e-12,-1.70379975334453,0.137,0.673,1.80321836782902e-07,"Pank3-201",1.80321836782902e-07,"Down"
2.42614281878794e-12,-4.73279389333238,0.027,0.49,1.86458780195128e-07,"Washc1-202",1.86458780195128e-07,"Down"
2.43684297884583e-12,-1.36464978960725,0.329,0.886,1.87281130296218e-07,"Dynll2-201",1.87281130296218e-07,"Down"
2.56395724713929e-12,-2.05535286598665,0.068,0.563,1.97050370271643e-07,"Hook1-201",1.97050370271643e-07,"Down"
2.63288637828931e-12,-1.42712065668684,0.164,0.735,2.02347849717047e-07,"Taf7-201",2.02347849717047e-07,"Down"
2.65238538923552e-12,-2.01365948364152,0.164,0.669,2.03846426704306e-07,"Jade1-203",2.03846426704306e-07,"Down"
2.76385115677978e-12,-2.22428868414926,0.096,0.62,2.12413016803153e-07,"Cnot1-203",2.12413016803153e-07,"Down"
2.8676500558977e-12,-2.60211690869342,0.041,0.527,2.20390377395962e-07,"Gon4l-202",2.20390377395962e-07,"Down"
2.89928373185496e-12,-1.32006839616887,0.151,0.706,2.22821551927981e-07,"Dennd2a-201",2.22821551927981e-07,"Down"
2.91053696334641e-12,-1.76373575647569,0.233,0.767,2.23686407781025e-07,"Sf1-208",2.23686407781025e-07,"Down"
3.01656226434323e-12,-1.92848740279265,0.137,0.657,2.31834876263835e-07,"Plec-221",2.31834876263835e-07,"Down"
3.16343290151325e-12,1.64274457367647,0.932,0.967,2.43122472212899e-07,"Peg10-203",2.43122472212899e-07,"Up"
3.2192458596133e-12,-1.07195177344344,0.11,0.649,2.4741192129472e-07,"Afap1-201",2.4741192129472e-07,"Down"
3.29753007193181e-12,-1.87414751662257,0.164,0.694,2.53428376148247e-07,"Rdx-203",2.53428376148247e-07,"Down"
3.36347128481298e-12,-1.00120347918266,0.068,0.563,2.58496222123016e-07,"Chd8-212",2.58496222123016e-07,"Down"
3.51251290405945e-12,-2.11529904038639,0.041,0.531,2.69950666728585e-07,"ENSMUST00000381878.1",2.69950666728585e-07,"Down"
3.65411591182615e-12,-1.27292955431301,0.11,0.657,2.80833424287487e-07,"Slc22a23-201",2.80833424287487e-07,"Down"
3.68954336224389e-12,-2.99371887368988,0.055,0.551,2.83556165561892e-07,"Trappc5-201",2.83556165561892e-07,"Down"
3.78135390472113e-12,-3.41200392459569,0.014,0.486,2.90612172993437e-07,"Ermp1-203",2.90612172993437e-07,"Down"
3.81358281515961e-12,-3.08006001486341,0.027,0.498,2.93089093676277e-07,"Mov10-207",2.93089093676277e-07,"Down"
3.88439363261386e-12,-1.95126013684075,0.068,0.571,2.98531188240906e-07,"Dnajb11-201",2.98531188240906e-07,"Down"
3.947536638613e-12,-1.39604284377603,0.178,0.722,3.03383980823963e-07,"Srsf6-203",3.03383980823963e-07,"Down"
3.9955644886595e-12,-3.70997921923239,0.027,0.502,3.07075113211437e-07,"Lrrc8b-201",3.07075113211437e-07,"Down"
4.30739452316412e-12,-1.76787084292829,0.082,0.604,3.31040498683255e-07,"Alas2-201",3.31040498683255e-07,"Down"
4.38694164920221e-12,-2.32819569404747,0.11,0.616,3.37154013507787e-07,"Idh3g-201",3.37154013507787e-07,"Down"
4.45417221761652e-12,-1.70797029976592,0.068,0.576,3.423209516127e-07,"Iws1-203",3.423209516127e-07,"Down"
4.69912706776343e-12,-1.11034789124584,0.356,0.89,3.61146711665891e-07,"Hdlbp-202",3.61146711665891e-07,"Down"
4.84543309961322e-12,-1.69592424401927,0.178,0.714,3.72390915437674e-07,"U2af2-201",3.72390915437674e-07,"Down"
4.92279934827513e-12,-3.07377354960161,0.068,0.555,3.78336821112337e-07,"Acsl3-205",3.78336821112337e-07,"Down"
5.06226406647558e-12,-5.30761159135673,0,0.453,3.89055242564914e-07,"Bace1-202",3.89055242564914e-07,"Down"
5.13151852895715e-12,-1.34078042585991,0.11,0.633,3.94377725024473e-07,"Ramp2-203",3.94377725024473e-07,"Down"
5.17459985365323e-12,-1.17058125508907,0.123,0.657,3.97688697152665e-07,"Senp5-205",3.97688697152665e-07,"Down"
5.31152971363006e-12,-1.99173261976661,0.068,0.571,4.08212304611325e-07,"L1td1-202",4.08212304611325e-07,"Down"
5.46694443873868e-12,-2.03501955725411,0.137,0.645,4.20156547894822e-07,"Ubfd1-201",4.20156547894822e-07,"Down"
5.67591219592346e-12,-2.68279225918246,0.055,0.527,4.36216555905501e-07,"Lmtk2-201",4.36216555905501e-07,"Down"
5.76272788591942e-12,-3.5275975062914,0.041,0.51,4.42888688944451e-07,"Ppp1r3g-203",4.42888688944451e-07,"Down"
5.79159045801158e-12,-1.60922642690372,0.11,0.641,4.45106893060022e-07,"Rae1-201",4.45106893060022e-07,"Down"
6.0198759721361e-12,-1.3125579832867,0.123,0.661,4.62651547962548e-07,"Ncoa4-202",4.62651547962548e-07,"Down"
6.06946654846058e-12,-1.52107291562239,0.137,0.678,4.6646278211539e-07,"Fubp3-202",4.6646278211539e-07,"Down"
6.08821134643034e-12,-1.70466927283489,0.233,0.727,4.67903394818558e-07,"Otud5-203",4.67903394818558e-07,"Down"
6.19914547113089e-12,-2.15173553204881,0.233,0.755,4.76429126038294e-07,"Tardbp-202",4.76429126038294e-07,"Down"
6.21102581290532e-12,-1.73815034811106,0.192,0.71,4.77342177825025e-07,"Dnmt1-203",4.77342177825025e-07,"Down"
6.21120344534232e-12,-1.34609198182582,0.123,0.669,4.77355829588339e-07,"Serpinb9d-201",4.77355829588339e-07,"Down"
6.26559841639636e-12,-1.77373065440581,0.219,0.763,4.81536300693726e-07,"Eif5-202",4.81536300693726e-07,"Down"
6.27483665774318e-12,-4.1826163038251,0.027,0.49,4.82246296494195e-07,"Mxd1-201",4.82246296494195e-07,"Down"
6.52856563808027e-12,-1.20005821612278,0.082,0.608,5.01746383549021e-07,"Tubb2a-201",5.01746383549021e-07,"Down"
6.86497126411372e-12,-1.96240509629963,0.082,0.584,5.27600501532196e-07,"Gaa-201",5.27600501532196e-07,"Down"
6.92470252161687e-12,-1.4493304818034,0.164,0.722,5.32191087596343e-07,"Pard6g-201",5.32191087596343e-07,"Down"
7.42523677215645e-12,-2.12680253467975,0.096,0.576,5.70659146887312e-07,"Kdm1b-201",5.70659146887312e-07,"Down"
7.44855335254727e-12,-1.01636769492523,0.192,0.755,5.72451119356668e-07,"Gigyf2-201",5.72451119356668e-07,"Down"
7.5330820954865e-12,-3.93678673919929,0.055,0.518,5.78947491366519e-07,"Slc39a14-202",5.78947491366519e-07,"Down"
7.71958435618194e-12,-2.60002141003678,0.014,0.478,5.93280936110007e-07,"Wdr81-204",5.93280936110007e-07,"Down"
8.08053239486745e-12,-1.41578825810561,0.11,0.633,6.21021236675143e-07,"AU018091-203",6.21021236675143e-07,"Down"
8.21726092389793e-12,-3.26406988769138,0.068,0.543,6.31529371045251e-07,"Pbrm1-206",6.31529371045251e-07,"Down"
8.25109997718478e-12,-1.36272462573836,0.274,0.763,6.34130037646559e-07,"Prrc2c-202",6.34130037646559e-07,"Down"
8.53305925696987e-12,-1.17134495776018,0.11,0.641,6.55799736135163e-07,"Birc6-220",6.55799736135163e-07,"Down"
9.01029161438465e-12,-2.92885224152933,0.055,0.531,6.92476951731918e-07,"Macf1-212",6.92476951731918e-07,"Down"
9.2919972142753e-12,-2.25549484567306,0.068,0.563,7.14127153905914e-07,"Oxct1-201",7.14127153905914e-07,"Down"
9.64093992138584e-12,-1.12316781791787,0.26,0.796,7.40944796718187e-07,"Serpinb9f-201",7.40944796718187e-07,"Down"
9.68203392917959e-12,-1.33027888911785,0.096,0.608,7.44103035593168e-07,"Usp34-208",7.44103035593168e-07,"Down"
1.00981836515431e-11,-2.45297784649127,0.068,0.551,7.76085806355691e-07,"Atxn2-201",7.76085806355691e-07,"Down"
1.03060765339394e-11,-1.27655515203554,0.11,0.624,7.92063205939379e-07,"Vps25-202",7.92063205939379e-07,"Down"
1.04768282828105e-11,-1.87413743932606,0.055,0.551,8.0518616084712e-07,"Phlda2-201",8.0518616084712e-07,"Down"
1.09219917360448e-11,-1.30176205264294,0.082,0.6,8.39398752881988e-07,"Nr6a1-202",8.39398752881988e-07,"Down"
1.09804854182963e-11,-2.00152427612576,0.11,0.612,8.43894226337744e-07,"App-203",8.43894226337744e-07,"Down"
1.14117472582991e-11,-1.43429612309751,0.151,0.682,8.77038423789316e-07,"App-206",8.77038423789316e-07,"Down"
1.14509938188646e-11,-1.14899678670027,0.096,0.6,8.8005467895502e-07,"Fchsd2-201",8.8005467895502e-07,"Down"
1.16888126775926e-11,-3.72069591238968,0.027,0.486,8.98332009523699e-07,"Wnk3-204",8.98332009523699e-07,"Down"
1.18474315974023e-11,-1.00582710858824,0.096,0.629,9.10522507986755e-07,"Mcm2-201",9.10522507986755e-07,"Down"
1.23576178654275e-11,-1.60255040559434,0.205,0.735,9.49732363429564e-07,"Hnrnph1-202",9.49732363429564e-07,"Down"
1.24341614051734e-11,-2.54433006441275,0.082,0.567,9.556150406332e-07,"Nsd3-207",9.556150406332e-07,"Down"
1.249854557964e-11,-1.11740653382433,0.11,0.624,9.60563221977651e-07,"Fchsd2-202",9.60563221977651e-07,"Down"
1.30356250502783e-11,-2.02185821570237,0.041,0.494,1.00183992761409e-06,"Urod-201",1.00183992761409e-06,"Down"
1.30406389982945e-11,-1.15373805757421,0.11,0.612,1.00222526957493e-06,"Ap3d1-201",1.00222526957493e-06,"Down"
1.3380899392976e-11,-3.09236337646011,0.027,0.482,1.02837564194778e-06,"Soat1-201",1.02837564194778e-06,"Down"
1.34528348255473e-11,-1.79758224173614,0.123,0.645,1.03390416768261e-06,"Rbm3-202",1.03390416768261e-06,"Down"
1.35167071301541e-11,-2.05904296466696,0.068,0.547,1.03881300978086e-06,"Peg3-204",1.03881300978086e-06,"Down"
1.37731346569549e-11,-2.0663426844912,0.082,0.563,1.05852049092561e-06,"Idh3b-205",1.05852049092561e-06,"Down"
1.39192246414251e-11,-1.61040100033473,0.137,0.637,1.06974809059208e-06,"Hexim1-201",1.06974809059208e-06,"Down"
1.40699377086783e-11,-1.57971271037136,0.068,0.551,1.08133099266277e-06,"Wsb1-201",1.08133099266277e-06,"Down"
1.44453160951108e-11,-1.36970950964259,0.123,0.641,1.11018032317365e-06,"Idh3b-201",1.11018032317365e-06,"Down"
1.47500193783702e-11,-1.62845572565403,0.068,0.563,1.13359798930526e-06,"Rpn2-206",1.13359798930526e-06,"Down"
1.49795298316725e-11,-1.57275543574417,0.164,0.71,1.15123678568336e-06,"Aplp2-209",1.15123678568336e-06,"Down"
1.51045077439105e-11,-2.07135568826032,0.082,0.588,1.16084183815049e-06,"Rbm3-204",1.16084183815049e-06,"Down"
1.5118988516212e-11,-1.74391742756034,0.096,0.588,1.16195474342495e-06,"Myo18a-209",1.16195474342495e-06,"Down"
1.54009001440803e-11,-3.81272343200054,0.068,0.518,1.18362077967315e-06,"Washc2-210",1.18362077967315e-06,"Down"
1.54336963389431e-11,-1.29994365987996,0.096,0.596,1.18614129843313e-06,"Nup153-201",1.18614129843313e-06,"Down"
1.58918372124711e-11,-4.5702252914856,0.027,0.465,1.22135125712725e-06,"Lcp1-206",1.22135125712725e-06,"Down"
1.5999244842874e-11,-2.27494202327322,0.068,0.543,1.22960596315423e-06,"Ccdc186-202",1.22960596315423e-06,"Down"
1.5999244842874e-11,-1.51851024113407,0.068,0.543,1.22960596315423e-06,"Sec23ip-201",1.22960596315423e-06,"Down"
1.60554026168654e-11,-1.41632100157792,0.137,0.661,1.23392191271657e-06,"Gadd45g-201",1.23392191271657e-06,"Down"
1.62741702618452e-11,-1.64919207489702,0.192,0.702,1.25073508130385e-06,"Dnmt1-202",1.25073508130385e-06,"Down"
1.63048464942343e-11,-1.78471898518061,0.055,0.506,1.25309267246788e-06,"Cdk13-207",1.25309267246788e-06,"Down"
1.67730373518002e-11,-4.07938688311966,0.027,0.478,1.28907501263526e-06,"Slc22a5-201",1.28907501263526e-06,"Down"
1.67771633867037e-11,-2.09977557056722,0.068,0.551,1.28939211492173e-06,"Kdm4a-204",1.28939211492173e-06,"Down"
1.71494378453898e-11,-3.05552020442181,0.068,0.535,1.31800289616959e-06,"Fbxl19-204",1.31800289616959e-06,"Down"
1.77254794670669e-11,-1.06299578983749,0.205,0.751,1.36227399896196e-06,"Rest-201",1.36227399896196e-06,"Down"
1.82150894057665e-11,-2.8291563523565,0.096,0.563,1.39990248119078e-06,"Washc2-206",1.39990248119078e-06,"Down"
1.89725179582947e-11,-1.65286648721385,0.096,0.576,1.45811389516678e-06,"Supt5-208",1.45811389516678e-06,"Down"
1.92138756406549e-11,-1.54787007725988,0.164,0.702,1.47666319848689e-06,"Sfmbt2-201",1.47666319848689e-06,"Down"
1.92696111669207e-11,-1.72665321432352,0.11,0.608,1.48094669662252e-06,"Ndufs7-202",1.48094669662252e-06,"Down"
1.92696111669207e-11,-1.72665321519227,0.11,0.608,1.48094669662252e-06,"Ndufs7-201",1.48094669662252e-06,"Down"
1.93623789829178e-11,-1.23044437013482,0.178,0.731,1.48807627435317e-06,"Vgll3-201",1.48807627435317e-06,"Down"
1.98779857122187e-11,-2.49604817417358,0.041,0.498,1.52770271392685e-06,"Macf1-201",1.52770271392685e-06,"Down"
1.98899530516177e-11,-1.2741543461043,0.123,0.633,1.52862245182903e-06,"Daam1-202",1.52862245182903e-06,"Down"
2.18739396464158e-11,-3.32829624853127,0.055,0.51,1.68109975758564e-06,"Rmdn3-201",1.68109975758564e-06,"Down"
2.20995809833825e-11,-1.86223806717448,0.068,0.535,1.69844119689688e-06,"Dyrk1a-202",1.69844119689688e-06,"Down"
2.24268076114254e-11,-1.56923847002676,0.11,0.624,1.72358987216849e-06,"Txnrd1-208",1.72358987216849e-06,"Down"
2.24994927296398e-11,-2.00928582284699,0.123,0.616,1.72917601424374e-06,"Ppl-201",1.72917601424374e-06,"Down"
2.36931085281408e-11,-4.06834682013297,0.041,0.49,1.82091016282173e-06,"Ccdc92-201",1.82091016282173e-06,"Down"
2.40128548365997e-11,-1.63972737989941,0.151,0.657,1.84548394561203e-06,"Otud4-202",1.84548394561203e-06,"Down"
2.4362204541441e-11,-1.19763736921096,0.288,0.78,1.8723328678279e-06,"Prrc2c-210",1.8723328678279e-06,"Down"
2.44456103180983e-11,5.51498079968148,0.37,0.082,1.87874293538712e-06,"Cryab-205",1.87874293538712e-06,"Up"
2.47849296759557e-11,-1.38302933329104,0.301,0.824,1.9048209853159e-06,"Cul4b-202",1.9048209853159e-06,"Down"
2.48985868014672e-11,-1.02904240577251,0.219,0.812,1.91355599003996e-06,"Stip1-201",1.91355599003996e-06,"Down"
2.55728082587858e-11,-1.10013423366811,0.178,0.718,1.96537260592073e-06,"Arid1b-202",1.96537260592073e-06,"Down"
2.57761925311908e-11,-4.73934158814594,0.027,0.465,1.98100350079214e-06,"Tceanc-202",1.98100350079214e-06,"Down"
2.59765822380423e-11,-1.01096847722992,0.37,0.959,1.9964042513225e-06,"Jup-201",1.9964042513225e-06,"Down"
2.62228544453384e-11,-3.66991346971107,0.041,0.49,2.01533125554204e-06,"Ptprf-201",2.01533125554204e-06,"Down"
2.65239174931759e-11,-1.4751966592517,0.123,0.637,2.03846915502054e-06,"Lsm4-201",2.03846915502054e-06,"Down"
2.73008355994356e-11,-1.01670545458619,0.247,0.8,2.09817841915902e-06,"Brd4-203",2.09817841915902e-06,"Down"
2.74009428649217e-11,-1.11117721280129,0.11,0.624,2.1058720629407e-06,"Ep300-201",2.1058720629407e-06,"Down"
2.76729687277029e-11,-2.11625114212238,0.055,0.539,2.12677833859888e-06,"Trip11-201",2.12677833859888e-06,"Down"
2.78066379387526e-11,-2.92430466763267,0.041,0.506,2.13705135214489e-06,"Rbm3-201",2.13705135214489e-06,"Down"
2.80819296646769e-11,-2.17673801239555,0.123,0.616,2.15820862244908e-06,"Dmxl2-201",2.15820862244908e-06,"Down"
2.908671961425e-11,-2.57222640625468,0.041,0.494,2.23543074923357e-06,"Brd3-210",2.23543074923357e-06,"Down"
2.92305036545517e-11,-3.52964651814415,0.027,0.473,2.24648112786692e-06,"Glce-201",2.24648112786692e-06,"Down"
3.01455048886516e-11,4.59480201676273,0.342,0.057,2.31680263271243e-06,"Tpt1-205",2.31680263271243e-06,"Up"
3.09813353084047e-11,-1.00667124424896,0.164,0.706,2.38103954379214e-06,"Ppig-202",2.38103954379214e-06,"Down"
3.20027033696723e-11,-3.23905960592305,0.068,0.518,2.4595357647728e-06,"Nup214-201",2.4595357647728e-06,"Down"
3.25938903492828e-11,-3.09745229291544,0.027,0.469,2.50497084890378e-06,"Soat1-208",2.50497084890378e-06,"Down"
3.28443963032337e-11,-1.03041185298715,0.164,0.714,2.52422323348872e-06,"Srpk1-212",2.52422323348872e-06,"Down"
3.28958078781536e-11,-4.58193943088934,0.027,0.461,2.52817441866762e-06,"Mageh1-201",2.52817441866762e-06,"Down"
3.31224269862775e-11,-2.41794721341044,0.151,0.633,2.54559100360337e-06,"Sptbn1-203",2.54559100360337e-06,"Down"
3.33434713226664e-11,-3.12158137675734,0.027,0.469,2.5625791450322e-06,"Fam43a-201",2.5625791450322e-06,"Down"
3.36030662844842e-11,-3.08370807060036,0.027,0.478,2.58253005622775e-06,"Syngr1-202",2.58253005622775e-06,"Down"
3.36739398053108e-11,-2.17383786329289,0.068,0.543,2.58797696979735e-06,"Frmd4a-202",2.58797696979735e-06,"Down"
3.37894631378755e-11,-2.25969058192023,0.068,0.539,2.59685539999828e-06,"Larp4-209",2.59685539999828e-06,"Down"
3.40676408529193e-11,-1.34268243744268,0.068,0.551,2.61823447011026e-06,"Med15-201",2.61823447011026e-06,"Down"
3.41028650116534e-11,-1.59227073735997,0.055,0.51,2.62094158760561e-06,"Rab3gap1-205",2.62094158760561e-06,"Down"
3.44995751759612e-11,-2.84745853674781,0.027,0.469,2.65143035057332e-06,"Mov10-202",2.65143035057332e-06,"Down"
3.48680243492071e-11,-1.31000941908227,0.11,0.608,2.67974714333396e-06,"Ythdc1-203",2.67974714333396e-06,"Down"
3.49458316670897e-11,-1.25579683338054,0.233,0.763,2.68572694694251e-06,"Ctsd-202",2.68572694694251e-06,"Down"
3.56324929994648e-11,-2.18585979183912,0.137,0.624,2.73849961698087e-06,"Zxdc-203",2.73849961698087e-06,"Down"
3.69749239216948e-11,-4.06755717220315,0.027,0.457,2.84167080307793e-06,"Plrg1-201",2.84167080307793e-06,"Down"
3.75347598563039e-11,-1.03256724779263,0.233,0.837,2.88469643399638e-06,"Prrc2a-201",2.88469643399638e-06,"Down"
3.80863208892292e-11,-1.19817939925318,0.151,0.673,2.92708610562082e-06,"Kitl-202",2.92708610562082e-06,"Down"
3.84906148168682e-11,-1.43721445718499,0.082,0.571,2.95815771113559e-06,"Clptm1-205",2.95815771113559e-06,"Down"
3.92971227547356e-11,-1.70651796188121,0.123,0.633,3.02014107219245e-06,"Cnot1-216",3.02014107219245e-06,"Down"
3.9926427234102e-11,-2.73295098307063,0.068,0.522,3.06850563864967e-06,"Pspc1-201",3.06850563864967e-06,"Down"
4.04139608251081e-11,-1.39072344187478,0.37,0.89,3.10597454525286e-06,"Slc25a3-201",3.10597454525286e-06,"Down"
4.04303042947254e-11,-1.92344326006723,0.082,0.567,3.10723060626683e-06,"Ddx39a-201",3.10723060626683e-06,"Down"
4.1258944381672e-11,-1.70929169179178,0.068,0.531,3.17091491150902e-06,"Dvl2-201",3.17091491150902e-06,"Down"
4.14912253180969e-11,-1.45981188552283,0.205,0.747,3.18876663059702e-06,"Naa50-204",3.18876663059702e-06,"Down"
4.25150812668725e-11,-2.00325576865007,0.055,0.51,3.26745405568422e-06,"Fam91a1-201",3.26745405568422e-06,"Down"
4.36285455707167e-11,-1.43263876586057,0.11,0.612,3.35302824129186e-06,"Clptm1-201",3.35302824129186e-06,"Down"
4.3855026181523e-11,-3.33525289577324,0.068,0.514,3.37043418215477e-06,"Mfsd1-201",3.37043418215477e-06,"Down"
4.40671549059541e-11,-2.02681808665483,0.123,0.616,3.38673712314219e-06,"Stmn1-201",3.38673712314219e-06,"Down"
4.50167413796138e-11,-1.92063385548856,0.068,0.522,3.45971664198884e-06,"Acin1-201",3.45971664198884e-06,"Down"
4.74110218047709e-11,-1.10872842778931,0.096,0.58,3.64372666978386e-06,"Ociad1-201",3.64372666978386e-06,"Down"
4.85257237675848e-11,-1.01810837312575,0.151,0.702,3.72939597443396e-06,"Trpc4ap-202",3.72939597443396e-06,"Down"
5.08636403641192e-11,-3.62203224145916,0.027,0.457,3.90907421654401e-06,"Nbr1-206",3.90907421654401e-06,"Down"
5.23706409223336e-11,-2.44903101495521,0.055,0.51,4.02489323744502e-06,"Kdm2b-204",4.02489323744502e-06,"Down"
5.70394917065272e-11,-1.36057691212529,0.178,0.698,4.38371309561344e-06,"Eps15-202",4.38371309561344e-06,"Down"
5.73943450340226e-11,-3.12715470620646,0.027,0.461,4.41098499324477e-06,"Gas2l3-202",4.41098499324477e-06,"Down"
5.74619957573563e-11,-2.63505937192413,0.082,0.539,4.41618422193586e-06,"Kdm5b-201",4.41618422193586e-06,"Down"
5.88384204929079e-11,-1.57861234663124,0.11,0.608,4.52196796856194e-06,"Sod2-201",4.52196796856194e-06,"Down"
6.10300259258539e-11,-3.27506504969449,0.068,0.506,4.69040161250557e-06,"Exoc3l4-209",4.69040161250557e-06,"Down"
6.10758530899938e-11,-1.13991629441141,0.151,0.641,4.69392361337838e-06,"Kpna3-201",4.69392361337838e-06,"Down"
6.21027526874754e-11,-2.1368140903756,0.068,0.535,4.77284495504324e-06,"Sacm1l-201",4.77284495504324e-06,"Down"
6.2596341062866e-11,-3.21238343991796,0.096,0.539,4.8107791960455e-06,"Tead3-202",4.8107791960455e-06,"Down"
6.27742347272015e-11,-2.04691405641567,0.068,0.535,4.82445103572434e-06,"Frmd4a-219",4.82445103572434e-06,"Down"
6.27742347272015e-11,-2.04691405641567,0.068,0.535,4.82445103572434e-06,"Frmd4a-201",4.82445103572434e-06,"Down"
6.43082868549725e-11,-1.25130804888388,0.068,0.543,4.94234907795206e-06,"Med15-213",4.94234907795206e-06,"Down"
6.5282876509576e-11,-2.7880990779933,0.137,0.6,5.01725019126696e-06,"Tle3-201",5.01725019126696e-06,"Down"
6.5299626048929e-11,-2.13999376838053,0.082,0.535,5.01853746036439e-06,"Als2-204",5.01853746036439e-06,"Down"
6.74221257632171e-11,-1.93727730659762,0.178,0.645,5.18166005340629e-06,"Ahcyl2-202",5.18166005340629e-06,"Down"
7.16718465407177e-11,-1.06046059627427,0.137,0.657,5.50826809404032e-06,"Ncoa4-201",5.50826809404032e-06,"Down"
7.55230574933969e-11,-1.4934296677358,0.041,0.494,5.80424906059752e-06,"Ugdh-201",5.80424906059752e-06,"Down"
7.66723924224751e-11,-1.38218259985987,0.055,0.502,5.8925800472369e-06,"Naa30-205",5.8925800472369e-06,"Down"
7.76985201410499e-11,-2.11276207946358,0.082,0.555,5.97144206692025e-06,"Esrp1-203",5.97144206692025e-06,"Down"
7.8012917078111e-11,-1.38957791191781,0.151,0.645,5.99560472912114e-06,"Hadha-201",5.99560472912114e-06,"Down"
7.81353352486389e-11,-3.06286341171459,0.027,0.457,6.0050130551989e-06,"Gas2l3-201",6.0050130551989e-06,"Down"
8.30496497058728e-11,4.53843745109238,0.342,0.061,6.38269777849515e-06,"Tpt1-204",6.38269777849515e-06,"Up"
8.40402639239615e-11,-4.44533251242197,0.027,0.449,6.45883044361213e-06,"Prdm1-204",6.45883044361213e-06,"Down"
8.41410064034576e-11,-1.55722576359467,0.315,0.816,6.46657290613133e-06,"Dnaja1-201",6.46657290613133e-06,"Down"
8.59108262906127e-11,-1.93721252947919,0.068,0.531,6.60259064373875e-06,"Kdm4a-203",6.60259064373875e-06,"Down"
8.81360038255053e-11,-1.43825569443714,0.151,0.661,6.77360443800539e-06,"Fubp3-201",6.77360443800539e-06,"Down"
8.90396026398389e-11,-1.53714985856433,0.151,0.645,6.84304962128218e-06,"App-202",6.84304962128218e-06,"Down"
9.04528327309626e-11,1.00724204744779,0.096,0.576,6.9516620067054e-06,"Acin1-203",6.9516620067054e-06,"Up"
9.17585051166467e-11,-2.48957250935957,0.068,0.514,7.05200815223476e-06,"Dgcr8-201",7.05200815223476e-06,"Down"
9.2491467287063e-11,-3.24705467848375,0.055,0.49,7.10833922687994e-06,"Virma-201",7.10833922687994e-06,"Down"
9.36449915967415e-11,-1.29648377144219,0.151,0.661,7.19699218417597e-06,"Nrd1-202",7.19699218417597e-06,"Down"
9.42527910765253e-11,-2.30526903684231,0.137,0.616,7.24370400539528e-06,"Ube4b-202",7.24370400539528e-06,"Down"
9.48182534674958e-11,-2.50964532538678,0.027,0.469,7.28716205199092e-06,"Dpp7-201",7.28716205199092e-06,"Down"
9.50489789768791e-11,-2.06682377167,0.096,0.567,7.30489423028907e-06,"Nsd3-205",7.30489423028907e-06,"Down"
9.79355205326777e-11,-1.33727500891926,0.11,0.612,7.52673649501841e-06,"Rbm3-203",7.52673649501841e-06,"Down"
9.90163577274289e-11,-1.49521192047245,0.068,0.539,7.60980315678382e-06,"Rpn2-205",7.60980315678382e-06,"Down"
9.93594646291801e-11,-1.4914118059929,0.096,0.576,7.63617229461101e-06,"Myc-205",7.63617229461101e-06,"Down"
1.00350747733198e-10,-2.57956603661295,0.041,0.486,7.7123563662872e-06,"Atp6v0a2-201",7.7123563662872e-06,"Down"
1.01629937725191e-10,-2.57627200362263,0.055,0.51,7.81066723393185e-06,"Trappc5-202",7.81066723393185e-06,"Down"
1.03131924587583e-10,-4.41743981125188,0.014,0.433,7.92610093225411e-06,"Atp7a-201",7.92610093225411e-06,"Down"
1.05194352797575e-10,-5.75306807495137,0.014,0.424,8.08460678990481e-06,"Rad54l2-201",8.08460678990481e-06,"Down"
1.06662876445006e-10,-1.74378566726302,0.068,0.514,8.19746870630453e-06,"Dyrk1a-201",8.19746870630453e-06,"Down"
1.09796338342968e-10,-2.86100529078787,0.027,0.453,8.43828778701045e-06,"Mov10-206",8.43828778701045e-06,"Down"
1.12211719681599e-10,-1.43315224353211,0.164,0.669,8.6239195044096e-06,"Ptbp1-206",8.6239195044096e-06,"Down"
1.17786028768784e-10,-1.50356586604526,0.11,0.612,9.05232745499614e-06,"Gata2-202",9.05232745499614e-06,"Down"
1.19860148771625e-10,-1.84603764661776,0.068,0.527,9.2117318736945e-06,"Reep5-201",9.2117318736945e-06,"Down"
1.20478831741622e-10,-2.7251493665284,0.041,0.469,9.25928013467064e-06,"Plrg1-204",9.25928013467064e-06,"Down"
1.2501405412822e-10,-1.38392308100435,0.082,0.535,9.60783011597023e-06,"Pbrm1-208",9.60783011597023e-06,"Down"
1.26113120523799e-10,-1.02993624595221,0.411,0.865,9.69229776473606e-06,"Tsc22d1-201",9.69229776473606e-06,"Down"
1.26393289878413e-10,-2.22635554765336,0.068,0.51,9.71382990031557e-06,"Sdcbp-201",9.71382990031557e-06,"Down"
1.28232626043332e-10,-2.46713315801435,0.055,0.49,9.85519024193421e-06,"Chd8-201",9.85519024193421e-06,"Down"
1.2869743409511e-10,-5.61407578491407,0,0.408,9.89091259994556e-06,"Dkkl1-202",9.89091259994556e-06,"Down"
1.33394079503702e-10,-1.89761710796815,0.096,0.559,1.02518685861775e-05,"Ythdf3-201",1.02518685861775e-05,"Down"
1.3388843122129e-10,-1.0477029587916,0.233,0.694,1.02898614930811e-05,"Nrk-201",1.02898614930811e-05,"Down"
1.36434527454124e-10,-2.66229920085951,0.068,0.514,1.04855391729592e-05,"Vgll4-201",1.04855391729592e-05,"Down"
1.37304314795177e-10,-1.5022800890081,0.137,0.62,1.05523858092686e-05,"Gtf2a1-201",1.05523858092686e-05,"Down"
1.37611914890845e-10,-1.43823285264348,0.068,0.527,1.0576026107021e-05,"Scpep1-201",1.0576026107021e-05,"Down"
1.40373042523711e-10,-1.78976194247338,0.123,0.596,1.07882298101173e-05,"Taf15-201",1.07882298101173e-05,"Down"
1.46725930146319e-10,-3.12118844732714,0.041,0.457,1.12764746354652e-05,"Nbr1-202",1.12764746354652e-05,"Down"
1.49173826429601e-10,-1.63972707979872,0.151,0.629,1.14646052564206e-05,"Uba1-201",1.14646052564206e-05,"Down"
1.56578052864949e-10,-1.9058477706677,0.068,0.522,1.20336496748828e-05,"Kdm4a-202",1.20336496748828e-05,"Down"
1.58588367394406e-10,-1.10412257609276,0.205,0.771,1.21881503877297e-05,"Nsd1-201",1.21881503877297e-05,"Down"
1.60864341191942e-10,-1.19999835320562,0.11,0.604,1.23630680779655e-05,"Rars-201",1.23630680779655e-05,"Down"
1.60941988782101e-10,-2.60928856420372,0.082,0.514,1.23690356058596e-05,"Snx27-202",1.23690356058596e-05,"Down"
1.61758330218122e-10,-1.38019565038251,0.082,0.547,1.24317747105836e-05,"Myo18a-222",1.24317747105836e-05,"Down"
1.61758330218122e-10,-1.38019565038251,0.082,0.547,1.24317747105836e-05,"Myo18a-223",1.24317747105836e-05,"Down"
1.64291672825201e-10,-3.41280313219853,0.055,0.473,1.2626472223308e-05,"Rbbp6-210",1.2626472223308e-05,"Down"
1.64486435751898e-10,-2.02033804718488,0.096,0.555,1.26414405332764e-05,"Ythdf3-202",1.26414405332764e-05,"Down"
1.66871781184534e-10,-1.23562406944188,0.247,0.755,1.28247638711562e-05,"H2az1-201",1.28247638711562e-05,"Down"
1.67995879500653e-10,-1.85129636056226,0.096,0.547,1.29111553231432e-05,"Ppp4r2-201",1.29111553231432e-05,"Down"
1.68103013618003e-10,-1.2599876812063,0.123,0.633,1.2919389008598e-05,"Slc25a5-201",1.2919389008598e-05,"Down"
1.76571442180067e-10,-4.44148685452821,0.027,0.441,1.35702216173069e-05,"Arhgef6-204",1.35702216173069e-05,"Down"
1.78392343646555e-10,-1.44130438981167,0.096,0.571,1.37101651786124e-05,"Capg-202",1.37101651786124e-05,"Down"
1.81433323848059e-10,-1.00251712024112,0.192,0.731,1.39438766710187e-05,"Lgmn-201",1.39438766710187e-05,"Down"
1.94737880228456e-10,-2.6414161918201,0.068,0.502,1.49663850470777e-05,"Pspc1-202",1.49663850470777e-05,"Down"
2.09802323538179e-10,-1.58451815528118,0.068,0.502,1.61241477732032e-05,"Prr12-201",1.61241477732032e-05,"Down"
2.15682365779117e-10,-1.3397693741331,0.11,0.592,1.65760525395882e-05,"Clptm1-208",1.65760525395882e-05,"Down"
2.19372462478855e-10,-1.74901931417198,0.068,0.535,1.68596512313499e-05,"Nr6a1-201",1.68596512313499e-05,"Down"
2.24671896726922e-10,-1.40505289585407,0.068,0.514,1.72669339510509e-05,"Golga2-213",1.72669339510509e-05,"Down"
2.26632533060088e-10,-5.5838127334259,0,0.4,1.74176166958e-05,"Rdh12-201",1.74176166958e-05,"Down"
2.29497918435262e-10,-1.32693025487564,0.082,0.522,1.76378330234236e-05,"Rbm47-204",1.76378330234236e-05,"Down"
2.29497918435262e-10,-1.32693034023965,0.082,0.522,1.76378330234236e-05,"Rbm47-209",1.76378330234236e-05,"Down"
2.29497918435262e-10,-1.32693034023965,0.082,0.522,1.76378330234236e-05,"Rbm47-205",1.76378330234236e-05,"Down"
2.31975480868551e-10,-1.14563055335512,0.137,0.633,1.78282436066716e-05,"Plk2-201",1.78282436066716e-05,"Down"
2.34472984913703e-10,-1.48737702417036,0.192,0.673,1.80201867825577e-05,"Safb-201",1.80201867825577e-05,"Down"
2.38678076241581e-10,-2.03140072820361,0.123,0.584,1.83433648714705e-05,"Tmem165-201",1.83433648714705e-05,"Down"
2.39776066079842e-10,-3.21697742786534,0.027,0.449,1.84277497825002e-05,"Atp7a-202",1.84277497825002e-05,"Down"
2.41160535091129e-10,-1.00092539785976,0.11,0.592,1.85341517638936e-05,"Mrpl54-201",1.85341517638936e-05,"Down"
2.43010572986511e-10,-1.68373934538241,0.055,0.482,1.86763345763053e-05,"Irs2-201",1.86763345763053e-05,"Down"
2.44620859373801e-10,-2.11946884789488,0.082,0.535,1.88000915263141e-05,"Arhgef16-204",1.88000915263141e-05,"Down"
2.49579954453609e-10,-1.80224640685237,0.068,0.51,1.91812178195777e-05,"A430005L14Rik-201",1.91812178195777e-05,"Down"
2.58562002971081e-10,-1.6004865699986,0.055,0.494,1.98715241763395e-05,"Mad1l1-201",1.98715241763395e-05,"Down"
2.61507339141893e-10,-2.68953339576041,0.082,0.514,2.0097885042411e-05,"Hectd3-201",2.0097885042411e-05,"Down"
2.66706799195849e-10,-1.2198823130329,0.096,0.559,2.04974843453978e-05,"Magea9-201",2.04974843453978e-05,"Down"
2.70502553251759e-10,-4.53817218418221,0.014,0.412,2.07892032276107e-05,"Cdipt-201",2.07892032276107e-05,"Down"
2.70786511857597e-10,-1.04434759729726,0.178,0.669,2.08110265823038e-05,"Ssrp1-201",2.08110265823038e-05,"Down"
2.71419075442963e-10,-1.68984501051055,0.082,0.535,2.08596416240934e-05,"Eps8-202",2.08596416240934e-05,"Down"
2.77112806993094e-10,-2.08246523456546,0.082,0.535,2.12972276686472e-05,"Rnf111-201",2.12972276686472e-05,"Down"
2.79934903938942e-10,-2.07946723107542,0.068,0.506,2.15141171073235e-05,"Bdp1-204",2.15141171073235e-05,"Down"
2.79953027161588e-10,-2.45357554671632,0.082,0.522,2.15155099494767e-05,"Ndc1-204",2.15155099494767e-05,"Down"
2.87899094002148e-10,-1.2707026293481,0.164,0.669,2.21261969704411e-05,"Ist1-203",2.21261969704411e-05,"Down"
2.90166705922953e-10,-1.92479998809332,0.055,0.478,2.23004720170026e-05,"Adam10-201",2.23004720170026e-05,"Down"
2.91077231906862e-10,-1.51409768380067,0.192,0.682,2.237044958097e-05,"Matr3-201",2.237044958097e-05,"Down"
3.00684479149202e-10,-1.25254511822513,0.411,0.918,2.31088049605328e-05,"Hnrnpf-201",2.31088049605328e-05,"Down"
3.01456529553536e-10,-1.17878582835869,0.082,0.547,2.31681401223074e-05,"Upf1-202",2.31681401223074e-05,"Down"
3.05588820375944e-10,-1.62572969956217,0.233,0.714,2.34857232011728e-05,"Zwint-201",2.34857232011728e-05,"Down"
3.0803697066184e-10,-1.35420749342025,0.068,0.51,2.3673873343245e-05,"Golga2-202",2.3673873343245e-05,"Down"
3.15960262355429e-10,-1.09568305553917,0.041,0.478,2.42828100030641e-05,"Scap-201",2.42828100030641e-05,"Down"
3.16876941800084e-10,-1.83914585331315,0.123,0.584,2.43532604851037e-05,"Plec-202",2.43532604851037e-05,"Down"
3.20667339570736e-10,-1.7855177705507,0.096,0.559,2.46445677153693e-05,"Zfp664-201",2.46445677153693e-05,"Down"
3.26525694548772e-10,-1.09152245148735,0.11,0.592,2.50948057288513e-05,"Rsrp1-204",2.50948057288513e-05,"Down"
3.30392251726935e-10,-1.22763534756432,0.123,0.612,2.53919661142219e-05,"Optn-201",2.53919661142219e-05,"Down"
3.32573009076493e-10,-1.01684514352271,0.137,0.645,2.55595660395648e-05,"Txnrd1-201",2.55595660395648e-05,"Down"
3.33259814929083e-10,-2.01079817195011,0.123,0.584,2.56123498165598e-05,"App-204",2.56123498165598e-05,"Down"
3.38391847325146e-10,-2.3673545561691,0.068,0.514,2.60067670343268e-05,"Amd1-201",2.60067670343268e-05,"Down"
3.38391847325146e-10,-2.36735455609585,0.068,0.514,2.60067670343268e-05,"Amd1-206",2.60067670343268e-05,"Down"
3.4884018600095e-10,-1.1376164233358,0.247,0.771,2.6809763654917e-05,"Bbx-208",2.6809763654917e-05,"Down"
3.53839132868913e-10,-1.83475829190391,0.027,0.453,2.71939527175074e-05,"Bclaf1-208",2.71939527175074e-05,"Down"
3.62692244166465e-10,-1.35197026767899,0.219,0.71,2.78743497331695e-05,"Sptan1-203",2.78743497331695e-05,"Down"
3.64162349467381e-10,-2.502260202726,0.041,0.465,2.79873332059661e-05,"Washc4-201",2.79873332059661e-05,"Down"
3.67882100369224e-10,-2.42254375924186,0.068,0.506,2.82732109417764e-05,"Clip1-201",2.82732109417764e-05,"Down"
3.74766234680663e-10,-2.05332801781474,0.082,0.527,2.88022842001476e-05,"Nsd3-203",2.88022842001476e-05,"Down"
3.77791222208057e-10,4.53339146896087,0.589,0.327,2.9034766591578e-05,"Ctla2a-201",2.9034766591578e-05,"Up"
3.78844090335689e-10,-2.10561092607746,0.164,0.608,2.91156837186591e-05,"Eif4g1-204",2.91156837186591e-05,"Down"
3.80218578380981e-10,-1.05876138604248,0.164,0.657,2.92213186228919e-05,"Nolc1-203",2.92213186228919e-05,"Down"
3.86108650087631e-10,-1.2386297738625,0.205,0.714,2.96739941938348e-05,"Psmd11-201",2.96739941938348e-05,"Down"
3.87548317944688e-10,-1.45096357597369,0.137,0.604,2.9784638427321e-05,"U2af1-201",2.9784638427321e-05,"Down"
3.91142663689772e-10,-1.32950271016407,0.096,0.551,3.00608782752137e-05,"Scarb2-201",3.00608782752137e-05,"Down"
3.94017275301244e-10,-1.45490629898811,0.315,0.784,3.02818036760018e-05,"Mbnl3-203",3.02818036760018e-05,"Down"
3.9527350754712e-10,-2.4176458185144,0.068,0.502,3.03783501490263e-05,"Eps8-203",3.03783501490263e-05,"Down"
3.9643697475073e-10,-6.49645641952497,0,0.392,3.04677672574926e-05,"C1ql2-201",3.04677672574926e-05,"Down"
4.00940714638341e-10,-1.67949375779296,0.082,0.539,3.08138976828151e-05,"Ddx39a-206",3.08138976828151e-05,"Down"
4.10289799667288e-10,-1.17221715119755,0.11,0.576,3.15324122636298e-05,"Hsd17b4-201",3.15324122636298e-05,"Down"
4.10491851387655e-10,-1.27397518129007,0.329,0.816,3.15479407465468e-05,"Maged1-201",3.15479407465468e-05,"Down"
4.13637903285297e-10,-1.89009164863266,0.096,0.559,3.17897274190882e-05,"Apc-202",3.17897274190882e-05,"Down"
4.16301234218196e-10,-1.91945243561219,0.11,0.563,3.19944150546052e-05,"Ippk-202",3.19944150546052e-05,"Down"
4.17179476585104e-10,-1.94489664220861,0.068,0.51,3.20619114934716e-05,"Sacm1l-205",3.20619114934716e-05,"Down"
4.18735624842828e-10,-2.16768531892324,0.041,0.457,3.21815077116707e-05,"Macf1-214",3.21815077116707e-05,"Down"
4.19085319286154e-10,-2.55407126627523,0.027,0.449,3.22083831284181e-05,"Mrps5-203",3.22083831284181e-05,"Down"
4.38179535873425e-10,-1.30985974924514,0.26,0.767,3.36758500500162e-05,"Hnrnph1-203",3.36758500500162e-05,"Down"
4.39000574241656e-10,-1.41527838732709,0.068,0.49,3.37389501327682e-05,"Rbm47-206",3.37389501327682e-05,"Down"
4.45092525850415e-10,-1.58886729812011,0.082,0.514,3.42071409817078e-05,"Aggf1-201",3.42071409817078e-05,"Down"
4.50357004601188e-10,-1.7287390554539,0.123,0.58,3.46117372316197e-05,"Plec-205",3.46117372316197e-05,"Down"
4.54707260510173e-10,-1.98112668166955,0.082,0.535,3.49460717992489e-05,"Apc-203",3.49460717992489e-05,"Down"
4.60732276521586e-10,-1.8737050093323,0.055,0.482,3.540911837979e-05,"Dhx29-201",3.540911837979e-05,"Down"
4.64076517112942e-10,-3.69036712673559,0.014,0.412,3.56661366461981e-05,"Epha4-207",3.56661366461981e-05,"Down"
4.69718810789232e-10,-2.2253510696812,0.068,0.522,3.60997694843957e-05,"Ero1a-201",3.60997694843957e-05,"Down"
4.72167438337931e-10,-1.26695279193362,0.068,0.502,3.62879563060234e-05,"Rbm47-202",3.62879563060234e-05,"Down"
4.73452258519849e-10,-1.58793951061231,0.096,0.555,3.63866998762845e-05,"Nptn-201",3.63866998762845e-05,"Down"
4.83514754376151e-10,-2.69350383879124,0.027,0.433,3.71600429328247e-05,"Mov10-203",3.71600429328247e-05,"Down"
4.9658072578179e-10,-1.10515766273155,0.123,0.604,3.81642150992337e-05,"Ovol2-201",3.81642150992337e-05,"Down"
5.19724328492868e-10,-1.52613627801347,0.151,0.641,3.99428935419909e-05,"Rbm3-206",3.99428935419909e-05,"Down"
5.38817771246662e-10,-1.00225731094859,0.329,0.857,4.1410300991391e-05,"Cct5-201",4.1410300991391e-05,"Down"
5.56101508428731e-10,-2.20631030847172,0.041,0.453,4.27386253287817e-05,"Macf1-215",4.27386253287817e-05,"Down"
5.58160289069612e-10,-1.23576621741246,0.11,0.588,4.28968508561559e-05,"Laptm4a-201",4.28968508561559e-05,"Down"
5.59790731860187e-10,-2.32337054220135,0.041,0.457,4.30221569063828e-05,"E2f7-201",4.30221569063828e-05,"Down"
5.62108255141639e-10,-2.76120671901446,0.041,0.453,4.32002678406555e-05,"Selenos-205",4.32002678406555e-05,"Down"
5.74444237854836e-10,-1.57010998513503,0.068,0.498,4.41483374560956e-05,"Abcd3-201",4.41483374560956e-05,"Down"
5.92466974499509e-10,-1.37925986727567,0.151,0.62,4.55334568581852e-05,"Otud4-203",4.55334568581852e-05,"Down"
5.93916398770073e-10,-2.48756507699965,0.014,0.416,4.56448509110752e-05,"Scarb1-209",4.56448509110752e-05,"Down"
6.00643002043227e-10,-3.26930593420219,0.027,0.437,4.61618172790302e-05,"Igsf8-201",4.61618172790302e-05,"Down"
6.25217273616204e-10,-1.58717494500109,0.068,0.502,4.80504483464997e-05,"Itsn1-205",4.80504483464997e-05,"Down"
6.32257633590522e-10,-1.34907713770732,0.11,0.584,4.8591528171966e-05,"Usp15-201",4.8591528171966e-05,"Down"
6.39000348798711e-10,-4.33969729737024,0.014,0.408,4.91097328065761e-05,"Tmed5-201",4.91097328065761e-05,"Down"
6.56981672293207e-10,-3.24634848146652,0.041,0.441,5.04916694424221e-05,"Chmp1b-201",5.04916694424221e-05,"Down"
6.57305097247035e-10,-2.75490045915357,0.055,0.478,5.05165259438236e-05,"Trim6-201",5.05165259438236e-05,"Down"
6.57354667760804e-10,-1.87971828002237,0.041,0.469,5.05203356360888e-05,"Iars-206",5.05203356360888e-05,"Down"
6.63663778762275e-10,-3.13716915861423,0.041,0.437,5.10052160529959e-05,"Nbr1-204",5.10052160529959e-05,"Down"
6.78208230306587e-10,-1.30798266157417,0.055,0.457,5.21230153319825e-05,"Cdk13-201",5.21230153319825e-05,"Down"
6.7929298081648e-10,-1.20014191135702,0.233,0.727,5.22063827476698e-05,"Clint1-202",5.22063827476698e-05,"Down"
6.82677203729331e-10,-1.16477594763949,0.192,0.706,5.2466473815414e-05,"Gab1-201",5.2466473815414e-05,"Down"
6.87766126369093e-10,-4.49728229375434,0.014,0.404,5.28575778759702e-05,"Taf4b-202",5.28575778759702e-05,"Down"
6.88912735630494e-10,-5.32916088812843,0,0.384,5.2945699384146e-05,"Rdh12-204",5.2945699384146e-05,"Down"
7.00520765205959e-10,-1.99573549437636,0.164,0.6,5.38378228891388e-05,"Eif4g1-201",5.38378228891388e-05,"Down"
7.08190950562905e-10,-1.63511215822596,0.082,0.527,5.44273073145615e-05,"Sel1l-203",5.44273073145615e-05,"Down"
7.15034765310395e-10,-1.28926195869746,0.164,0.653,5.49532818531651e-05,"Dhx9-201",5.49532818531651e-05,"Down"
7.15286037810957e-10,-1.74988323025618,0.123,0.563,5.49725931499232e-05,"Slu7-201",5.49725931499232e-05,"Down"
7.23754012061241e-10,-1.05378004139633,0.192,0.686,5.56233908429546e-05,"Rnf2-201",5.56233908429546e-05,"Down"
7.27993540503906e-10,-1.02282089284507,0.096,0.543,5.59492155618872e-05,"Erc1-210",5.59492155618872e-05,"Down"
7.30090818328102e-10,-3.79380497964342,0.068,0.473,5.61103997517879e-05,"Trerf1-204",5.61103997517879e-05,"Down"
7.33093315541681e-10,-2.59889032059408,0.068,0.482,5.63411536726403e-05,"Bcor-201",5.63411536726403e-05,"Down"
7.39335669070803e-10,-5.19710785759097,0.014,0.4,5.68209035107675e-05,"Gkap1-205",5.68209035107675e-05,"Down"
7.49352299144521e-10,-1.10947799025899,0.082,0.535,5.7590721598453e-05,"Upf1-201",5.7590721598453e-05,"Down"
7.64690154411676e-10,-1.62380274754669,0.096,0.531,5.87694971271549e-05,"Ppm1b-202",5.87694971271549e-05,"Down"
7.72345844982139e-10,-1.19339422671025,0.068,0.482,5.93578675702573e-05,"Zfp407-202",5.93578675702573e-05,"Down"
7.82025210797543e-10,-2.14290534025168,0.014,0.412,6.01017655506344e-05,"Wdr81-201",6.01017655506344e-05,"Down"
7.91983131443726e-10,-1.87099836122701,0.082,0.514,6.08670715839761e-05,"Erc1-211",6.08670715839761e-05,"Down"
7.95632425458426e-10,-2.57037149553822,0.055,0.469,6.11475344261819e-05,"Shb-201",6.11475344261819e-05,"Down"
8.01606345161782e-10,-1.94403656601105,0.027,0.441,6.16066540510636e-05,"Ipo4-201",6.16066540510636e-05,"Down"
8.35891780253005e-10,-1.42850753157722,0.164,0.629,6.42416268795645e-05,"Micos10-203",6.42416268795645e-05,"Down"
8.5164642019424e-10,-3.23148302693878,0.027,0.433,6.54524339776081e-05,"L1td1-204",6.54524339776081e-05,"Down"
8.92289840758226e-10,-1.25559860133477,0.192,0.686,6.85760434216327e-05,"Sf3b3-201",6.85760434216327e-05,"Down"
8.93479730266333e-10,-2.82115133888335,0.068,0.482,6.86674911898887e-05,"Etfb-201",6.86674911898887e-05,"Down"
8.94569643324404e-10,-1.54489868278702,0.041,0.457,6.87512553680537e-05,"Slc12a7-201",6.87512553680537e-05,"Down"
8.96352162046782e-10,-3.26479308333726,0.041,0.433,6.88882490619434e-05,"Nbr1-203",6.88882490619434e-05,"Down"
8.99144226028604e-10,-3.38343824017587,0.027,0.42,6.91028303472023e-05,"Brd3-203",6.91028303472023e-05,"Down"
9.14210501936245e-10,-1.14558945190305,0.082,0.518,7.02607339158082e-05,"Ptpn23-201",7.02607339158082e-05,"Down"
9.43758429497471e-10,-1.5403284387523,0.096,0.547,7.25316103405986e-05,"Dnajc13-203",7.25316103405986e-05,"Down"
9.59822629966502e-10,-3.64611525602902,0.027,0.42,7.37662084034456e-05,"Rdh11-201",7.37662084034456e-05,"Down"
9.60806442535155e-10,-1.69507649977968,0.068,0.482,7.38418183345968e-05,"Phc3-209",7.38418183345968e-05,"Down"
9.76052428033523e-10,-3.30649936459891,0.055,0.465,7.50135333040884e-05,"Plekha6-201",7.50135333040884e-05,"Down"
9.81937977980971e-10,-1.42793714336326,0.068,0.51,7.54658613597496e-05,"Fbxl19-207",7.54658613597496e-05,"Down"
9.92457727242235e-10,-1.05307048607182,0.096,0.527,7.62743461694747e-05,"Supt5-201",7.62743461694747e-05,"Down"
1.00218185778617e-09,-1.61228329731969,0.068,0.51,7.70216844982983e-05,"Rbm3-205",7.70216844982983e-05,"Down"
1.0201630755449e-09,-1.7619990622044,0.082,0.51,7.84036130079274e-05,"Phrf1-202",7.84036130079274e-05,"Down"
1.03281852525985e-09,-1.23753235464446,0.123,0.588,7.93762349403201e-05,"Gps1-207",7.93762349403201e-05,"Down"
1.03567027018647e-09,-3.6189041956813,0.027,0.42,7.95954029449113e-05,"Ncam1-204",7.95954029449113e-05,"Down"
1.04172363427267e-09,-1.18473935703931,0.055,0.494,8.0060628188392e-05,"Bclaf1-203",8.0060628188392e-05,"Down"
1.04793209970009e-09,-2.12206164684969,0.096,0.51,8.05377735903504e-05,"Ilf3-203",8.05377735903504e-05,"Down"
1.06058482883486e-09,-1.03876032375163,0.11,0.571,8.15101864352743e-05,"Carhsp1-201",8.15101864352743e-05,"Down"
1.09347422961843e-09,-4.63634761436326,0.041,0.424,8.40378684430952e-05,"Auts2-207",8.40378684430952e-05,"Down"
1.10682141881817e-09,-1.29071381021855,0.082,0.498,8.50636533218513e-05,"Dnajc7-201",8.50636533218513e-05,"Down"
1.13185567599831e-09,-1.5841029246041,0.096,0.543,8.69876361231742e-05,"Osbpl11-203",8.69876361231742e-05,"Down"
1.13185567599831e-09,-1.5841029246041,0.096,0.543,8.69876361231742e-05,"Osbpl11-201",8.69876361231742e-05,"Down"
1.14689505889072e-09,-2.81826415198743,0.055,0.461,8.81434728559871e-05,"Klf10-201",8.81434728559871e-05,"Down"
1.21097756241843e-09,-4.4178807208108,0.014,0.396,9.30684695821057e-05,"Taf4b-201",9.30684695821057e-05,"Down"
1.21809536324195e-09,-1.01204461149652,0.205,0.661,9.36155010465965e-05,"Lrrfip2-202",9.36155010465965e-05,"Down"
1.22171702842064e-09,-1.29439495986633,0.425,0.845,9.38938405022398e-05,"Rlim-201",9.38938405022398e-05,"Down"
1.33958467487857e-09,-1.26628572926247,0.11,0.559,0.000102952440603118,"Senp5-203",0.000102952440603118,"Down"
1.36159770341571e-09,-1.66161397743649,0.096,0.518,0.000104644229898311,"Ergic2-208",0.000104644229898311,"Down"
1.40156046944829e-09,-1.21841431667746,0.151,0.612,0.000107715528318979,"Srcap-207",0.000107715528318979,"Down"
1.44990047391106e-09,-1.57603554189107,0.11,0.547,0.000111430651021961,"Rtn4-205",0.000111430651021961,"Down"
1.45157191782455e-09,-1.30173634805151,0.055,0.486,0.000111559108172488,"Fbxl19-202",0.000111559108172488,"Down"
1.45505671433629e-09,-1.35227437951319,0.082,0.518,0.000111826928723601,"Rrm1-201",0.000111826928723601,"Down"
1.45708749060231e-09,-1.51795394665087,0.11,0.567,0.00011198300200275,"Usp15-211",0.00011198300200275,"Down"
1.5106463043563e-09,-1.70639895630455,0.137,0.571,0.000116099211074999,"Smarcb1-202",0.000116099211074999,"Down"
1.51512916067746e-09,-1.32822564991401,0.082,0.514,0.000116443736514705,"Leng8-201",0.000116443736514705,"Down"
1.57613235793567e-09,-1.25266189658375,0.055,0.482,0.000121132076236788,"Gpr137b-206",0.000121132076236788,"Down"
1.59512852924278e-09,-1.27384551881264,0.164,0.637,0.000122592007986425,"Ptbp1-215",0.000122592007986425,"Down"
1.60759528164865e-09,-1.08997248613446,0.123,0.58,0.000123550127775826,"Tmem150a-202",0.000123550127775826,"Down"
1.60839302976494e-09,-1.93415953035903,0.096,0.506,0.000123611437909555,"Ilf3-204",0.000123611437909555,"Down"
1.60839302976494e-09,-1.93415953035903,0.096,0.506,0.000123611437909555,"Ilf3-208",0.000123611437909555,"Down"
1.61647794745224e-09,-1.58169155787198,0.055,0.469,0.000124232796173494,"Med15-202",0.000124232796173494,"Down"
1.65381695854691e-09,-1.12581918546134,0.068,0.502,0.000127102448532164,"Usp32-202",0.000127102448532164,"Down"
1.65765092568121e-09,-1.42630383181225,0.068,0.514,0.000127397104242304,"Ezh1-202",0.000127397104242304,"Down"
1.65765092568121e-09,-1.42630383181225,0.068,0.514,0.000127397104242304,"Ezh1-203",0.000127397104242304,"Down"
1.68123752716147e-09,-1.28596696299774,0.274,0.735,0.000129209828912468,"Wnk1-203",0.000129209828912468,"Down"
1.69204789563141e-09,-1.4495801553821,0.082,0.514,0.000130040648970856,"Atxn2-209",0.000130040648970856,"Down"
1.70107977763637e-09,2.4035496425959,0.575,0.257,0.000130734785230466,"Ppia-201",0.000130734785230466,"Up"
1.70523814776248e-09,-1.94451620111374,0.068,0.494,0.000131054372608137,"Ogt-201",0.000131054372608137,"Down"
1.71592580138757e-09,-1.5325555153877,0.219,0.694,0.000131875761539841,"Wac-207",0.000131875761539841,"Down"
1.75827286516274e-09,-1.23622732450581,0.082,0.506,0.000135130302779217,"Ubn1-207",0.000135130302779217,"Down"
1.79232822077277e-09,-1.33698213722056,0.096,0.531,0.000137747593079271,"Senp5-201",0.000137747593079271,"Down"
1.85098181016731e-09,-2.77418831303774,0.068,0.461,0.000142255356038599,"Ilf3-213",0.000142255356038599,"Down"
1.92348348898293e-09,-4.67900416872679,0.027,0.408,0.000147827400062294,"Sdc3-201",0.000147827400062294,"Down"
1.94785708430054e-09,-1.7426896095159,0.11,0.547,0.000149700608356834,"Fnbp4-210",0.000149700608356834,"Down"
1.97171250648712e-09,-1.83965159986256,0.123,0.563,0.000151533992973561,"Syncrip-208",0.000151533992973561,"Down"
2.0318913111627e-09,-2.09416011639311,0.055,0.461,0.000156158974828098,"Mbtps1-201",0.000156158974828098,"Down"
2.04038741165953e-09,-4.60518711056594,0,0.367,0.000156811934135682,"Mrps5-205",0.000156811934135682,"Down"
2.05447677379287e-09,-4.10128854732249,0.014,0.384,0.000157894757973077,"Hook1-205",0.000157894757973077,"Down"
2.13944557135276e-09,-1.50395873479648,0.055,0.461,0.000164424949940745,"Rbbp8-201",0.000164424949940745,"Down"
2.14901372261148e-09,-1.62569682261132,0.137,0.608,0.000165160300637583,"Sec24b-201",0.000165160300637583,"Down"
2.16965079017034e-09,-1.72202837070033,0.137,0.576,0.000166746341827751,"Dcakd-201",0.000166746341827751,"Down"
2.20055719455337e-09,-1.66820497634591,0.205,0.657,0.000169121622630205,"Ctnnd1-217",0.000169121622630205,"Down"
2.23872991214169e-09,-3.27849114032259,0.041,0.433,0.000172055348667737,"Las1l-205",0.000172055348667737,"Down"
2.36475201009591e-09,-2.23619581532701,0.068,0.465,0.000181740650983911,"Papss1-201",0.000181740650983911,"Down"
2.3876308152988e-09,-1.59107266331248,0.096,0.51,0.000183498978678974,"Atf6-201",0.000183498978678974,"Down"
2.39840478356756e-09,-1.58530752960248,0.11,0.522,0.000184327001236301,"Ilf3-201",0.000184327001236301,"Down"
2.40964417944238e-09,-2.63362190775652,0.041,0.433,0.000185190793766865,"Ddx39a-203",0.000185190793766865,"Down"
2.43095042725683e-09,-1.62550815860593,0.055,0.465,0.000186828264136396,"Slc19a2-201",0.000186828264136396,"Down"
2.44843258953998e-09,-1.27231522120503,0.096,0.506,0.000188171838236505,"Mob1a-202",0.000188171838236505,"Down"
2.47358192306512e-09,-2.83249924478183,0.055,0.449,0.000190104665115247,"Tmem131-208",0.000190104665115247,"Down"
2.48231331724866e-09,-1.4976346519531,0.164,0.616,0.000190775707683828,"Ppp1r15a-201",0.000190775707683828,"Down"
2.52735067219388e-09,-1.56329409766676,0.041,0.441,0.000194237008560788,"Ppcdc-209",0.000194237008560788,"Down"
2.55689663366696e-09,-1.48212913969614,0.11,0.527,0.00019650773388384,"Marchf7-203",0.00019650773388384,"Down"
2.61431071145274e-09,-2.16766262537739,0.055,0.457,0.000200920235417989,"Mbtps1-202",0.000200920235417989,"Down"
2.64132508589962e-09,-2.15246268558726,0.055,0.457,0.000202996398151729,"Mbtps1-207",0.000202996398151729,"Down"
2.66187119584402e-09,-1.15942657341275,0.123,0.563,0.000204575448885397,"Ankfy1-206",0.000204575448885397,"Down"
2.67538922046943e-09,4.81263392272526,0.452,0.167,0.000205614363149958,"Ctla2a-206",0.000205614363149958,"Up"
2.7386950392644e-09,-4.6998174056484,0.014,0.38,0.000210479668547627,"Amt-201",0.000210479668547627,"Down"
2.79192666256111e-09,-1.50047915579791,0.055,0.453,0.000214570731724471,"Mpdu1-201",0.000214570731724471,"Down"
2.80625232122238e-09,-2.93032454990068,0.041,0.416,0.000215671715895224,"Nbr1-208",0.000215671715895224,"Down"
2.97916736595118e-09,-1.92004837387121,0.068,0.469,0.000228960928742812,"Gle1-201",0.000228960928742812,"Down"
3.04111700367226e-09,-1.38917554870247,0.205,0.669,0.000233722006200228,"Immt-201",0.000233722006200228,"Down"
3.16423661581724e-09,-1.25117099529975,0.151,0.6,0.000243184240872018,"Polg-201",0.000243184240872018,"Down"
3.25767672484069e-09,-1.32722523827181,0.123,0.563,0.000250365487010907,"Gak-203",0.000250365487010907,"Down"
3.25767672484069e-09,-1.3311824417838,0.123,0.563,0.000250365487010907,"Gak-206",0.000250365487010907,"Down"
3.26639108058608e-09,-4.18695268492583,0.014,0.376,0.000251035220107362,"Wdr7-204",0.000251035220107362,"Down"
3.29406442436941e-09,-1.08206719098515,0.068,0.478,0.000253162027270487,"Cd2bp2-202",0.000253162027270487,"Down"
3.40664851943134e-09,-1.79517544731812,0.041,0.429,0.000261814565312377,"Ice1-201",0.000261814565312377,"Down"
3.43893512031441e-09,-1.0157432379889,0.096,0.543,0.000264295919736644,"Utp3-201",0.000264295919736644,"Down"
3.48268793669081e-09,-1.32749440556508,0.055,0.457,0.000267658498686436,"Mad1l1-202",0.000267658498686436,"Down"
3.4917797779509e-09,-1.91032720936907,0.068,0.461,0.000268357243054639,"Pparg-201",0.000268357243054639,"Down"
3.49684103527007e-09,-1.08256164239741,0.096,0.531,0.000268746220924646,"Itsn1-201",0.000268746220924646,"Down"
3.69132701600009e-09,-3.76806525927688,0.041,0.416,0.000283693246487671,"2900026A02Rik-202",0.000283693246487671,"Down"
3.72041793875432e-09,-1.16181396467998,0.219,0.686,0.000285929000265024,"Sptan1-204",0.000285929000265024,"Down"
3.8106407068147e-09,-1.29726060618296,0.096,0.535,0.000292862980881537,"Dhx8-201",0.000292862980881537,"Down"
3.82966557513027e-09,-1.08239621047817,0.123,0.571,0.000294325118111061,"Gps1-202",0.000294325118111061,"Down"
3.97614321170595e-09,-1.50690693039439,0.082,0.506,0.000305582510392449,"Fbxl19-201",0.000305582510392449,"Down"
4.18688067827299e-09,-1.55532387042162,0.041,0.433,0.000321778527647992,"Gcn1-201",0.000321778527647992,"Down"
4.20926416381323e-09,-2.27202820561099,0.082,0.486,0.000323498788045702,"Ndc1-205",0.000323498788045702,"Down"
4.24214601272365e-09,-1.82322757641376,0.068,0.469,0.000326025889661864,"Ehbp1-207",0.000326025889661864,"Down"
4.24741458870008e-09,-1.82554852181241,0.055,0.453,0.000326430800799956,"Ddx39a-205",0.000326430800799956,"Down"
4.27222202115722e-09,-1.58047244064168,0.096,0.51,0.000328337351214017,"Copb1-201",0.000328337351214017,"Down"
4.30948009860713e-09,-1.14086145183402,0.288,0.731,0.000331200783498353,"Trip12-207",0.000331200783498353,"Down"
4.31910134766037e-09,-1.14463328744783,0.068,0.478,0.00033194021497309,"Wdtc1-201",0.00033194021497309,"Down"
4.32864711789552e-09,-1.30713455247271,0.027,0.416,0.000332673845598742,"Apbb1-219",0.000332673845598742,"Down"
4.32864711789552e-09,-1.30713455247271,0.027,0.416,0.000332673845598742,"Apbb1-214",0.000332673845598742,"Down"
4.34235885052907e-09,-1.63065928483935,0.082,0.502,0.000333727647098561,"Gapvd1-203",0.000333727647098561,"Down"
4.3725602423798e-09,-2.80066728165327,0.055,0.441,0.000336048744867857,"Tmem131-201",0.000336048744867857,"Down"
4.42413727632883e-09,-1.20549772943568,0.219,0.722,0.000340012646234976,"Plbd1-203",0.000340012646234976,"Down"
4.46408697188903e-09,-2.22285366271727,0.041,0.429,0.00034308294013756,"Prpsap1-202",0.00034308294013756,"Down"
4.50110561818211e-09,-1.06737380290213,0.041,0.433,0.000345927971179768,"Fblim1-203",0.000345927971179768,"Down"
4.55560089399093e-09,-1.88893735509933,0.082,0.498,0.000350116151106779,"Prpf19-201",0.000350116151106779,"Down"
4.5660420603187e-09,-1.11466616935373,0.11,0.551,0.000350918596503733,"Gps1-205",0.000350918596503733,"Down"
4.59414105183034e-09,-1.65019863440472,0.137,0.559,0.000353078116397369,"Lrrfip2-201",0.000353078116397369,"Down"
4.59615147190967e-09,-1.51256828435025,0.068,0.482,0.000353232625222146,"Rsrp1-203",0.000353232625222146,"Down"
4.72880265216843e-09,2.18409495352565,0.575,0.261,0.000363427399029752,"Ppia-206",0.000363427399029752,"Up"
4.84385378502767e-09,-2.21162959015369,0.055,0.441,0.000372269538794517,"Sbno1-202",0.000372269538794517,"Down"
4.87890630618634e-09,-1.84375141275079,0.068,0.482,0.000374963465255645,"Dlg3-208",0.000374963465255645,"Down"
4.90409918593518e-09,-2.74702985592686,0.041,0.42,0.000376899638835862,"A430005L14Rik-203",0.000376899638835862,"Down"
4.90837695122831e-09,-1.61035946925538,0.082,0.482,0.000377228402209701,"Gucd1-201",0.000377228402209701,"Down"
4.94639325205425e-09,-1.2213063386832,0.178,0.629,0.000380150106993377,"Matr3-202",0.000380150106993377,"Down"
4.98644169310302e-09,-1.56034566749741,0.123,0.539,0.00038322798988174,"Slu7-206",0.00038322798988174,"Down"
5.0352353054488e-09,-2.29062729532079,0.055,0.445,0.000386977974164962,"Slbp-201",0.000386977974164962,"Down"
5.06620235389531e-09,-1.4839357941629,0.082,0.494,0.00038935791570627,"Dido1-202",0.00038935791570627,"Down"
5.23587903931572e-09,-1.40578314570572,0.068,0.469,0.000402398247687571,"A430005L14Rik-207",0.000402398247687571,"Down"
5.31476821773102e-09,-1.87050363102017,0.068,0.465,0.000408461196605499,"Ehbp1-202",0.000408461196605499,"Down"
5.31872833714654e-09,-1.17515465664078,0.137,0.584,0.00040876554762306,"Tmed9-201",0.00040876554762306,"Down"
5.40490040189067e-09,-1.5592353570381,0.055,0.461,0.000415388215486906,"Kctd17-209",0.000415388215486906,"Down"
5.49925240351149e-09,-1.00670021538003,0.082,0.486,0.000422639544219472,"Pitrm1-201",0.000422639544219472,"Down"
5.59436018841917e-09,-2.78268138684557,0.055,0.437,0.000429948957920767,"Tmx1-201",0.000429948957920767,"Down"
5.63564476057737e-09,-4.11852051275724,0.014,0.367,0.000433121842429413,"Wdr7-201",0.000433121842429413,"Down"
5.64544442953111e-09,-1.929139990676,0.041,0.433,0.000433874986187184,"Xlr5b-202",0.000433874986187184,"Down"
5.78931565829814e-09,-2.18756353633412,0.041,0.42,0.000444932065602845,"Rbm5-214",0.000444932065602845,"Down"
5.83837992047024e-09,-2.78544204587763,0.041,0.429,0.00044870285040782,"Tgfa-201",0.00044870285040782,"Down"
6.12041968572578e-09,-2.16169513796385,0.301,0.669,0.000470378734526769,"Hnrnpa2b1-201",0.000470378734526769,"Down"
6.17099074847238e-09,-1.67167936568092,0.137,0.576,0.000474265322983096,"Amotl2-211",0.000474265322983096,"Down"
6.20489231309403e-09,-3.4321046274785,0.014,0.376,0.000476870793830529,"Steap3-205",0.000476870793830529,"Down"
6.233107810537e-09,-1.60134926471289,0.137,0.588,0.00047903926767101,"Akap12-201",0.00047903926767101,"Down"
6.27131410216604e-09,-1.65264483514643,0.055,0.449,0.000481975574007869,"Nop58-201",0.000481975574007869,"Down"
6.32227138494694e-09,-1.53965441879123,0.055,0.437,0.000485891845018713,"Acin1-218",0.000485891845018713,"Down"
6.32324011348327e-09,2.21441680628792,0.781,0.637,0.000485966295681644,"Gapdh-202",0.000485966295681644,"Up"
6.32324011348327e-09,2.21441680628792,0.781,0.637,0.000485966295681644,"Gapdh-201",0.000485966295681644,"Up"
6.39735037354757e-09,-1.1286168252256,0.082,0.473,0.000491661965608625,"Dnajc7-213",0.000491661965608625,"Down"
6.42073623506757e-09,-1.559511279093,0.082,0.498,0.000493459262609883,"Ddx39a-202",0.000493459262609883,"Down"
6.42096565450289e-09,-3.49298133019261,0.014,0.367,0.000493476894411165,"Golga2-204",0.000493476894411165,"Down"
6.47278506044272e-09,-1.90058187740005,0.082,0.482,0.000497459423035265,"Uqcrfs1-201",0.000497459423035265,"Down"
6.62573545644682e-09,-1.64330947368864,0.137,0.567,0.000509214272769764,"Eps15-208",0.000509214272769764,"Down"
6.79827444279655e-09,-1.53359247684156,0.055,0.449,0.000522474584026686,"Afap1-202",0.000522474584026686,"Down"
6.91546299049917e-09,-1.8355469874708,0.055,0.441,0.000531480992671823,"H2aj-201",0.000531480992671823,"Down"
6.9956466252657e-09,-1.21496882215417,0.027,0.4,0.00053764342573817,"Tfeb-202",0.00053764342573817,"Down"
7.44621394746681e-09,-1.4160330061048,0.096,0.518,0.000572271326718614,"Leo1-203",0.000572271326718614,"Down"
7.55662584939544e-09,-1.89015458825562,0.123,0.547,0.000580756923029437,"Nop56-202",0.000580756923029437,"Down"
7.58971176726541e-09,-2.81558224462722,0.055,0.437,0.000583299708161416,"Pknox1-202",0.000583299708161416,"Down"
7.6248479860201e-09,-1.15112447347667,0.137,0.567,0.000586000067117589,"Nup98-201",0.000586000067117589,"Down"
7.67032499941971e-09,-1.92645545825591,0.055,0.449,0.000589495157505403,"Iqgap2-201",0.000589495157505403,"Down"
7.72195371763569e-09,-1.02653158206987,0.137,0.576,0.000593463031015173,"Pom121-201",0.000593463031015173,"Down"
7.87394763979161e-09,-1.53883584110021,0.096,0.51,0.000605144371908544,"Gapvd1-201",0.000605144371908544,"Down"
7.87701062016358e-09,-1.01944965957779,0.041,0.424,0.000605379774202052,"Fblim1-201",0.000605379774202052,"Down"
7.87701062016358e-09,-1.01944965957779,0.041,0.424,0.000605379774202052,"Fblim1-202",0.000605379774202052,"Down"
7.90775422353277e-09,-1.88798548608877,0.137,0.555,0.000607742543095387,"Uba1-202",0.000607742543095387,"Down"
8.0802896096357e-09,-1.39240591049764,0.164,0.604,0.000621002577658942,"Psma3-202",0.000621002577658942,"Down"
8.09982608311379e-09,-3.03169587641613,0.027,0.4,0.000622504033791627,"Dio3-201",0.000622504033791627,"Down"
8.10633077382441e-09,-1.80154182624905,0.068,0.469,0.000623003945291501,"Nfe2l1-202",0.000623003945291501,"Down"
8.19145423605179e-09,-1.81874102205587,0.082,0.482,0.000629546023857524,"Erc1-207",0.000629546023857524,"Down"
8.19553204520477e-09,-1.01050460485588,0.096,0.518,0.000629859419802167,"Itsn1-208",0.000629859419802167,"Down"
8.27194919050088e-09,-1.01880574653386,0.082,0.482,0.000635732383086755,"Slc25a36-202",0.000635732383086755,"Down"
8.3539569965215e-09,-1.43078117368032,0.096,0.518,0.000642035011010664,"Nfe2l1-201",0.000642035011010664,"Down"
8.42217299530789e-09,-1.05505112042092,0.096,0.51,0.000647277683381392,"Skp1-201",0.000647277683381392,"Down"
8.43107865505704e-09,-1.73183077287125,0.068,0.449,0.000647962118955754,"Papss1-206",0.000647962118955754,"Down"
8.5968901913925e-09,-4.27519328993816,0.014,0.367,0.000660705398769279,"Dkkl1-204",0.000660705398769279,"Down"
8.60114998123776e-09,-1.66830416877957,0.068,0.449,0.000661032780658047,"Papss1-205",0.000661032780658047,"Down"
8.62455505439087e-09,-1.2419821387423,0.068,0.473,0.000662831554150156,"Fbxl19-203",0.000662831554150156,"Down"
8.6869111320808e-09,-4.87462073303024,0.014,0.363,0.000667623868144938,"Slc25a1-201",0.000667623868144938,"Down"
8.75505747127723e-09,-4.72414864517704,0.027,0.376,0.00067286118689754,"Nhlrc2-201",0.00067286118689754,"Down"
8.76315767905039e-09,-1.36654215318974,0.096,0.518,0.000673483720265738,"Nfe2l1-211",0.000673483720265738,"Down"
8.8412609605557e-09,-1.28508144657713,0.082,0.494,0.000679486269862548,"Esrp1-202",0.000679486269862548,"Down"
9.02516377531391e-09,-3.15167144502373,0.055,0.429,0.000693619936787976,"Jagn1-201",0.000693619936787976,"Down"
9.0770154696576e-09,-3.60455094647806,0.041,0.408,0.000697604946905065,"Vps33a-201",0.000697604946905065,"Down"
9.24662057506583e-09,-1.20091047892009,0.11,0.543,0.00071063977767611,"H2ax-201",0.00071063977767611,"Down"
9.25346857718431e-09,-3.03865052609468,0.041,0.392,0.000711166074030923,"Ambra1-203",0.000711166074030923,"Down"
9.3150691078592e-09,-1.31048855018681,0.151,0.6,0.000715900321215411,"Yap1-202",0.000715900321215411,"Down"
9.3228615923035e-09,-1.21214715804962,0.055,0.445,0.000716499204814893,"Golga2-201",0.000716499204814893,"Down"
9.39100612897273e-09,-1.09363204040384,0.082,0.482,0.00072173638503607,"Maml3-202",0.00072173638503607,"Down"
9.47074678630632e-09,-2.6941267585788,0.027,0.4,0.000727864773514786,"Nudt22-201",0.000727864773514786,"Down"
9.78639253405085e-09,-1.374185804867,0.055,0.429,0.000752123411811944,"Pxdc1-202",0.000752123411811944,"Down"
9.8722064184019e-09,-4.23940174512382,0.014,0.359,0.00075871855207986,"Lcp1-202",0.00075871855207986,"Down"
9.8924826649058e-09,-1.85312072388463,0.082,0.486,0.00076027686272867,"Sik1-201",0.00076027686272867,"Down"
9.91898521715102e-09,-2.50740934831001,0.027,0.392,0.000762313689878925,"Srsf2-202",0.000762313689878925,"Down"
9.91898521715102e-09,-2.50740934831001,0.027,0.392,0.000762313689878925,"Srsf2-206",0.000762313689878925,"Down"
1.00324666310914e-08,-1.0355758026017,0.068,0.465,0.000771035190465899,"Wdtc1-202",0.000771035190465899,"Down"
1.02704839864388e-08,-2.81450478861288,0.027,0.396,0.000789327776293764,"Igsf8-202",0.000789327776293764,"Down"
1.05585931447469e-08,-1.36456071271776,0.11,0.531,0.00081147011754638,"Csrnp1-203",0.00081147011754638,"Down"
1.07139149650715e-08,-1.80846231671902,0.082,0.49,0.000823407220725608,"Trim28-201",0.000823407220725608,"Down"
1.10574990637852e-08,-2.38086944777,0.041,0.416,0.000849813033048146,"Tpp1-201",0.000849813033048146,"Down"
1.10683456983247e-08,-1.02805575731702,0.11,0.531,0.00085064664029905,"Gapvd1-202",0.00085064664029905,"Down"
1.12649903921115e-08,-2.59040902326641,0.041,0.408,0.00086575957159534,"Megf9-202",0.00086575957159534,"Down"
1.13868874450159e-08,-1.18062232979357,0.178,0.616,0.000875127847699254,"Matr3-217",0.000875127847699254,"Down"
1.1502894750743e-08,-1.08657212374875,0.164,0.612,0.000884043473173606,"Ash2l-204",0.000884043473173606,"Down"
1.16152329236563e-08,-4.06947329893392,0.014,0.363,0.000892677111114684,"Tfeb-204",0.000892677111114684,"Down"
1.18173736835545e-08,-1.90553179015728,0.055,0.437,0.000908212437075899,"Mex3b-201",0.000908212437075899,"Down"
1.18876492598796e-08,-2.1109431127441,0.11,0.51,0.000913613396218784,"Eif4a2-202",0.000913613396218784,"Down"
1.1939132288074e-08,-1.08883292962975,0.055,0.453,0.000917570072867636,"H1f2-201",0.000917570072867636,"Down"
1.19903176562652e-08,-1.80430238269943,0.123,0.527,0.000921503873154603,"Hyou1-201",0.000921503873154603,"Down"
1.19903176562652e-08,-1.80430238269943,0.123,0.527,0.000921503873154603,"Hyou1-206",0.000921503873154603,"Down"
1.20805582676687e-08,-1.66424764522505,0.205,0.633,0.000928439225103414,"Ctnnd1-223",0.000928439225103414,"Down"
1.22424211933199e-08,-2.04104170925893,0.041,0.412,0.000940879038391407,"Mbtps1-206",0.000940879038391407,"Down"
1.22436650264891e-08,-1.26179245139556,0.068,0.469,0.00094097463194579,"Pdpk1-202",0.00094097463194579,"Down"
1.24781640434821e-08,-1.99506706057487,0.082,0.486,0.000958996819397776,"Mrpl57-201",0.000958996819397776,"Down"
1.27502512176983e-08,-2.13903032486597,0.041,0.416,0.000979907807084988,"Asxl2-207",0.000979907807084988,"Down"
1.29835556521015e-08,-1.52907408795886,0.178,0.629,0.00099783818608661,"Rtn3-203",0.00099783818608661,"Down"
1.30892525836743e-08,-2.59509575559993,0.055,0.433,0.0010059614180657,"Rbmxl1-201",0.0010059614180657,"Down"
1.34870829620483e-08,-4.72895220034134,0.014,0.359,0.00103653627396526,"Cdc42ep1-201",0.00103653627396526,"Down"
1.37479231892361e-08,-1.15545678551743,0.178,0.633,0.00105658288878555,"Psmd11-214",0.00105658288878555,"Down"
1.4056999770977e-08,-2.29055718711497,0.055,0.429,0.00108033666039866,"Sgce-208",0.00108033666039866,"Down"
1.42494887651671e-08,-3.06893525978872,0.041,0.408,0.00109513020955815,"Cenpf-204",0.00109513020955815,"Down"
1.43994136032808e-08,-1.95904658764375,0.055,0.412,0.00110665253306654,"Ambra1-204",0.00110665253306654,"Down"
1.44797565938014e-08,-3.12963923170227,0.055,0.408,0.00111282721326001,"Edem1-201",0.00111282721326001,"Down"
1.46398550006476e-08,-1.1635183407682,0.068,0.453,0.00112513141621977,"Ndufb9-201",0.00112513141621977,"Down"
1.4984053581463e-08,-1.9610970105137,0.096,0.498,0.00115158445394976,"Cse1l-201",0.00115158445394976,"Down"
1.51021688092228e-08,-1.8313299381555,0.055,0.441,0.00116066208166401,"Tob1-201",0.00116066208166401,"Down"
1.52220885390336e-08,-1.61326537207464,0.027,0.396,0.00116987839257889,"Ipo4-205",0.00116987839257889,"Down"
1.55783437816464e-08,-2.26352225570494,0.068,0.449,0.00119725803299466,"Tyms-201",0.00119725803299466,"Down"
1.56098235128222e-08,-1.3980751264552,0.123,0.539,0.00119967737625444,"Dmxl2-202",0.00119967737625444,"Down"
1.56418684690145e-08,4.25058099589605,0.37,0.122,0.00120214015931764,"Dynll1-203",0.00120214015931764,"Up"
1.56984254397907e-08,-2.1034756022354,0.041,0.4,0.00120648678874967,"Myo9b-203",0.00120648678874967,"Down"
1.68123923116068e-08,-1.02580603424464,0.082,0.473,0.00129209959871623,"Ubn1-201",0.00129209959871623,"Down"
1.70046254592856e-08,-1.38290883603665,0.055,0.441,0.00130687348504793,"Asxl2-201",0.00130687348504793,"Down"
1.71391616273632e-08,-1.85233829612533,0.082,0.473,0.00131721312770937,"Vgll4-203",0.00131721312770937,"Down"
1.77910946987813e-08,-1.13694958384892,0.068,0.461,0.00136731679198014,"Hmgcr-201",0.00136731679198014,"Down"
1.81391627811429e-08,-1.08341093172014,0.082,0.486,0.00139406721638195,"Sppl3-201",0.00139406721638195,"Down"
1.85161552919885e-08,-4.34989881675368,0.014,0.351,0.00142304059881049,"Smoc1-201",0.00142304059881049,"Down"
1.85823656285319e-08,-1.77303489517986,0.055,0.429,0.00142812912801519,"Ostm1-201",0.00142812912801519,"Down"
1.8832925309724e-08,-1.94714124407825,0.055,0.408,0.00144738564175353,"Ambra1-202",0.00144738564175353,"Down"
1.90496455247488e-08,-2.02215662782227,0.082,0.473,0.00146404145715904,"Med7-203",0.00146404145715904,"Down"
1.9087627950108e-08,-1.56460924573918,0.123,0.535,0.0014669605584776,"Psd4-202",0.0014669605584776,"Down"
1.91215846240279e-08,-3.10936572860127,0.055,0.404,0.00146957026469504,"Edem1-205",0.00146957026469504,"Down"
1.94894642875224e-08,-1.23962995024543,0.082,0.478,0.00149784328835324,"Itsn1-207",0.00149784328835324,"Down"
1.97425855654251e-08,-4.0092038937657,0.014,0.351,0.00151729667104518,"Ubr2-201",0.00151729667104518,"Down"
1.97732683210379e-08,3.93853523045417,0.534,0.29,0.00151965476354504,"Ctla2a-202",0.00151965476354504,"Up"
2.01245767972778e-08,-1.38502631050305,0.411,0.759,0.00154665422517799,"Ywhaz-204",0.00154665422517799,"Down"
2.01578584812617e-08,-1.30319445841054,0.096,0.506,0.00154921205571889,"Ppfibp2-202",0.00154921205571889,"Down"
2.01962268795982e-08,-1.6105400189895,0.055,0.437,0.00155216082060464,"Trrap-207",0.00155216082060464,"Down"
2.0518888020222e-08,-1.78121735136845,0.055,0.429,0.00157695861990614,"Srsf1-201",0.00157695861990614,"Down"
2.05924055695186e-08,-2.06306128976623,0.041,0.396,0.00158260873763978,"Myo9b-202",0.00158260873763978,"Down"
2.05968502983616e-08,-1.11143915902545,0.11,0.514,0.00158295033283028,"Nfyc-201",0.00158295033283028,"Down"
2.08667878105852e-08,-3.3071020665376,0.014,0.359,0.00160369611039471,"Glce-205",0.00160369611039471,"Down"
2.10915107230772e-08,-2.48455236203653,0.068,0.449,0.00162096696511138,"Brd7-201",0.00162096696511138,"Down"
2.15267762136605e-08,-2.93901147729795,0.041,0.38,0.00165441885912466,"Ambra1-205",0.00165441885912466,"Down"
2.15904794599768e-08,-1.41794956453762,0.068,0.461,0.00165931470841705,"Rnf4-204",0.00165931470841705,"Down"
2.17496746141539e-08,-1.62837050690614,0.041,0.416,0.00167154949279618,"Lman1-209",0.00167154949279618,"Down"
2.18918631507346e-08,-3.34483145680357,0.014,0.347,0.00168247725058655,"Rbm5-219",0.00168247725058655,"Down"
2.18918631507346e-08,-3.37868432027021,0.014,0.347,0.00168247725058655,"Rbm5-210",0.00168247725058655,"Down"
2.19316853567114e-08,-1.43213658102666,0.055,0.433,0.0016855377464047,"Slc19a2-202",0.0016855377464047,"Down"
2.19682045547128e-08,-1.62039785986774,0.041,0.416,0.0016883443928479,"Lman1-201",0.0016883443928479,"Down"
2.19772236535947e-08,-2.08961784142169,0.027,0.38,0.00168903754667336,"Tgoln1-201",0.00168903754667336,"Down"
2.21830105081813e-08,-2.05166711927187,0.041,0.4,0.00170485308959576,"Rprd1b-202",0.00170485308959576,"Down"
2.21990040611458e-08,-4.87977172167037,0.014,0.351,0.0017060822581153,"Atl1-201",0.0017060822581153,"Down"
2.23648174248011e-08,-4.16182496218675,0.014,0.347,0.00171882567836566,"Sidt2-201",0.00171882567836566,"Down"
2.23649974579036e-08,-1.08868842330507,0.096,0.49,0.00171883951462972,"Vps11-201",0.00171883951462972,"Down"
2.2585810875414e-08,-1.06509481608783,0.151,0.571,0.00173580990901906,"Nup98-206",0.00173580990901906,"Down"
2.26570437326247e-08,-1.62019452856219,0.068,0.461,0.00174128443902714,"Ccna2-201",0.00174128443902714,"Down"
2.33703245489843e-08,-2.51364361415405,0.055,0.424,0.00179610292288764,"Rbmxl1-202",0.00179610292288764,"Down"
2.34270309851723e-08,-1.45421866755406,0.137,0.535,0.00180046103933443,"Srsf5-205",0.00180046103933443,"Down"
2.35104118912251e-08,-1.26805796285859,0.082,0.473,0.00180686919548821,"Aatf-201",0.00180686919548821,"Down"
2.40327889705255e-08,-3.45471292931978,0.027,0.371,0.00184701596354077,"Epc1-201",0.00184701596354077,"Down"
2.41692721507427e-08,-4.48487018535455,0.014,0.351,0.00185750524187318,"Zfyve16-201",0.00185750524187318,"Down"
2.44271808433744e-08,-3.21522179555162,0.014,0.351,0.00187732655653669,"Brd3-206",0.00187732655653669,"Down"
2.44438629933623e-08,-1.18470788823766,0.11,0.527,0.00187860864649187,"Cep170b-204",0.00187860864649187,"Down"
2.45404715877026e-08,-1.32715257328214,0.055,0.445,0.00188603340340129,"Ezh1-201",0.00188603340340129,"Down"
2.47518716764941e-08,-1.62448303079489,0.096,0.502,0.00190228034582528,"Rsrp1-201",0.00190228034582528,"Down"
2.49969557970295e-08,-2.57537142317971,0.068,0.424,0.0019211160408249,"Ilf3-206",0.0019211160408249,"Down"
2.5244565734414e-08,-1.32862400212129,0.123,0.551,0.00194014585495266,"Plac1-202",0.00194014585495266,"Down"
2.55514262336161e-08,-2.86998579927129,0.041,0.4,0.00196372931175833,"Nup54-201",0.00196372931175833,"Down"
2.56342685954103e-08,-2.27603969808203,0.041,0.392,0.00197009607863166,"Myo9b-204",0.00197009607863166,"Down"
2.58479949088168e-08,-1.6015934195326,0.041,0.404,0.0019865218007222,"Fam122b-202",0.0019865218007222,"Down"
2.59753653779876e-08,-1.09870626637339,0.068,0.465,0.00199631073075986,"Dlg3-206",0.00199631073075986,"Down"
2.60944061471411e-08,-1.09721192826873,0.151,0.588,0.00200545949003238,"Sfmbt2-205",0.00200545949003238,"Down"
2.64278928719103e-08,-1.68962774667402,0.123,0.518,0.00203108927877779,"Srrt-212",0.00203108927877779,"Down"
2.65695566171878e-08,-2.7186923302651,0.027,0.384,0.00204197670425735,"Nudt22-203",0.00204197670425735,"Down"
2.66464342940954e-08,-1.37952176578396,0.11,0.51,0.00204788506123841,"Ndufs7-206",0.00204788506123841,"Down"
2.73695910107951e-08,3.89190911483569,0.534,0.294,0.00210346254754365,"Ctla2a-209",0.00210346254754365,"Up"
2.73758643855269e-08,-3.71405618377317,0.041,0.388,0.00210394468148528,"Ankrd33b-204",0.00210394468148528,"Down"
2.81343619274583e-08,-1.30379289677252,0.027,0.38,0.00216223825157288,"Slc12a7-202",0.00216223825157288,"Down"
2.82057761542055e-08,-1.34508584994516,0.096,0.51,0.00216772672055531,"Pstpip1-201",0.00216772672055531,"Down"
2.86817143714739e-08,-1.55415993801093,0.055,0.429,0.00220430447630526,"Cdk12-202",0.00220430447630526,"Down"
2.88613776340607e-08,-1.15324613536418,0.041,0.404,0.0022181123166881,"Kansl1-205",0.0022181123166881,"Down"
2.90022876434093e-08,-1.32773822018026,0.068,0.457,0.00222894181454658,"Rnf4-201",0.00222894181454658,"Down"
2.95897242320543e-08,3.85914722260294,0.534,0.294,0.0022740886661303,"Ctla2a-204",0.0022740886661303,"Up"
3.01722045603956e-08,-2.92633653207797,0.027,0.371,0.00231885460928464,"Atp11a-207",0.00231885460928464,"Down"
3.11714390478681e-08,-2.19669515525792,0.041,0.396,0.00239564977658486,"Mcm4-201",0.00239564977658486,"Down"
3.14265879961515e-08,-3.93455339118798,0.014,0.347,0.00241525899385622,"Kirrel-202",0.00241525899385622,"Down"
3.1452687261971e-08,-2.46258559050806,0.055,0.416,0.00241726482683152,"Xrcc1-205",0.00241726482683152,"Down"
3.1452687261971e-08,-2.46258559050806,0.055,0.416,0.00241726482683152,"Xrcc1-201",0.00241726482683152,"Down"
3.17606870586321e-08,-3.18323660455269,0.014,0.347,0.00244093584320411,"Brd3-209",0.00244093584320411,"Down"
3.20950254750561e-08,-2.85257272676818,0.027,0.371,0.00246663108785996,"Commd4-209",0.00246663108785996,"Down"
3.22770236236495e-08,-2.06463966761191,0.068,0.449,0.00248061837357196,"Rab11fip4-202",0.00248061837357196,"Down"
3.27851392883935e-08,-4.81664870186244,0.027,0.355,0.00251966909487019,"Slc38a1-204",0.00251966909487019,"Down"
3.30284265843047e-08,-1.26327806763649,0.055,0.42,0.00253836669671016,"Rbbp8-210",0.00253836669671016,"Down"
3.30507705648963e-08,-1.609717323705,0.096,0.478,0.00254008392099454,"Exoc3-201",0.00254008392099454,"Down"
3.50273346978991e-08,-1.78502233043997,0.082,0.457,0.00269199078087234,"Fbxo22-203",0.00269199078087234,"Down"
3.59282836851681e-08,-1.67297970598251,0.123,0.514,0.00276123231433991,"Srrt-209",0.00276123231433991,"Down"
3.61521539922611e-08,-2.27793301986996,0.027,0.376,0.00277843764292124,"Sel1l-204",0.00277843764292124,"Down"
3.67045301225273e-08,-1.42900658052423,0.041,0.388,0.00282088995803671,"Prlr-202",0.00282088995803671,"Down"
3.78294702352448e-08,-2.92906928526226,0.041,0.388,0.0029073461054595,"Naa30-201",0.0029073461054595,"Down"
3.8398072087161e-08,-4.05655160054869,0.014,0.347,0.00295104543218667,"Panx1-202",0.00295104543218667,"Down"
3.88743138115297e-08,-2.5160246269736,0.055,0.404,0.0029876465136713,"Luc7l3-202",0.0029876465136713,"Down"
3.89138679971716e-08,-1.0204534227961,0.151,0.596,0.00299068641105463,"Tpp2-207",0.00299068641105463,"Down"
3.97348414659341e-08,-1.37826693239228,0.11,0.502,0.0030537815060229,"Ippk-203",0.0030537815060229,"Down"
3.98080039865562e-08,3.08045627861652,0.384,0.118,0.00305940433838279,"Bsg-203",0.00305940433838279,"Up"
3.98929668663394e-08,-3.5893047236907,0.055,0.4,0.00306593407554565,"Trerf1-202",0.00306593407554565,"Down"
4.00864865040277e-08,-1.22653848726684,0.11,0.527,0.00308080683378054,"Rbp1-201",0.00308080683378054,"Down"
4.03721221835247e-08,-3.92612206630026,0.014,0.343,0.00310275907829261,"Kirrel-203",0.00310275907829261,"Down"
4.05678880032466e-08,-1.09458096722175,0.068,0.441,0.00311780446460152,"Leng8-203",0.00311780446460152,"Down"
4.10964219449553e-08,-3.22382056097045,0.055,0.4,0.0031584244121576,"Otud3-201",0.0031584244121576,"Down"
4.18659796377702e-08,-1.9257533340919,0.068,0.437,0.00321756799908119,"Rnf6-206",0.00321756799908119,"Down"
4.2926766406429e-08,-1.29023763069034,0.082,0.469,0.00329909370539969,"Polr2a-202",0.00329909370539969,"Down"
4.29694427266341e-08,-1.65047533430021,0.068,0.441,0.00330237355131274,"Rnf111-202",0.00330237355131274,"Down"
4.3153137403682e-08,-1.95565847927385,0.082,0.457,0.00331649122202257,"Nsd3-206",0.00331649122202257,"Down"
4.32855954358472e-08,-1.17901543029827,0.123,0.51,0.0033266711516266,"Anapc2-201",0.0033266711516266,"Down"
4.37612027624065e-08,-3.0082822768964,0.041,0.384,0.00336322347710199,"Smc5-202",0.00336322347710199,"Down"
4.38006764867395e-08,-2.05861404526057,0.096,0.457,0.00336625719071187,"Srp72-201",0.00336625719071187,"Down"
4.443081876062e-08,-2.75910824008572,0.068,0.433,0.00341468614502869,"Enah-211",0.00341468614502869,"Down"
4.46717520382321e-08,-2.08321102973758,0.041,0.396,0.00343320283114629,"Uggt1-210",0.00343320283114629,"Down"
4.47781687821589e-08,-1.66450579630591,0.055,0.412,0.00344138138358404,"Fbxo22-204",0.00344138138358404,"Down"
4.54125992191601e-08,-3.08510640711663,0.014,0.347,0.00349013990038933,"Clk1-204",0.00349013990038933,"Down"
4.58883056143313e-08,-3.42668460258172,0.014,0.335,0.00352669983968382,"Apoo-203",0.00352669983968382,"Down"
4.60141440389223e-08,-2.00080665508212,0.041,0.384,0.00353637102596734,"Myo9b-201",0.00353637102596734,"Down"
4.62305305067516e-08,-2.65162446700776,0.041,0.388,0.00355300119156589,"Nelfcd-202",0.00355300119156589,"Down"
4.69617784900248e-08,-1.71332643840909,0.041,0.404,0.00360920052407237,"Gfm1-201",0.00360920052407237,"Down"
4.72010750489672e-08,-1.14860701562873,0.096,0.49,0.00362759142181332,"Plcg2-201",0.00362759142181332,"Down"
4.76615131423206e-08,-2.41562592218819,0.055,0.4,0.00366297793103991,"Mgat4a-205",0.00366297793103991,"Down"
4.76885356983961e-08,-1.13631070331976,0.082,0.449,0.00366505472256454,"Aggf1-202",0.00366505472256454,"Down"
4.77489454466794e-08,-3.06487446126583,0.041,0.376,0.0036696974533591,"Mrtfa-211",0.0036696974533591,"Down"
4.78724352034364e-08,-4.23519924799355,0.014,0.335,0.0036791881351249,"Zfp217-201",0.0036791881351249,"Down"
5.04189119032492e-08,-1.02295100821539,0.151,0.547,0.00387489505541231,"Srsf5-201",0.00387489505541231,"Down"
5.08400116224808e-08,-1.43202382776436,0.055,0.412,0.00390725825323414,"Ktn1-221",0.00390725825323414,"Down"
5.10628111573209e-08,-2.49677907361915,0.055,0.4,0.00392438128868474,"Luc7l3-201",0.00392438128868474,"Down"
5.38403512122329e-08,-2.72224361648738,0.027,0.363,0.00413784635206494,"Clk1-212",0.00413784635206494,"Down"
5.38745412608271e-08,-1.64660797379839,0.055,0.408,0.0041404739940596,"Ehbp1-201",0.0041404739940596,"Down"
5.40296897762268e-08,-1.55289437075851,0.082,0.437,0.00415239777806214,"Ilf3-202",0.00415239777806214,"Down"
5.45697348135862e-08,-1.0348135719232,0.096,0.486,0.00419390239936336,"Trir-201",0.00419390239936336,"Down"
5.51822547297889e-08,4.4094828304651,0.411,0.163,0.00424097700500319,"Ctla2a-205",0.00424097700500319,"Up"
5.57010988961828e-08,-1.19605573046156,0.096,0.478,0.00428085225456724,"Oxr1-206",0.00428085225456724,"Down"
5.6081531568075e-08,-1.88809427345077,0.027,0.363,0.00431009002713284,"Ubr2-202",0.00431009002713284,"Down"
5.60933925480225e-08,-2.84973336309509,0.041,0.376,0.00431100159088572,"Atp2a2-203",0.00431100159088572,"Down"
5.60933925480225e-08,-2.86499343001907,0.041,0.376,0.00431100159088572,"Atp2a2-201",0.00431100159088572,"Down"
5.63751241508385e-08,-1.14161670399768,0.082,0.453,0.00433265379148854,"Tmem30a-201",0.00433265379148854,"Down"
5.7951593534982e-08,-1.58786331080001,0.068,0.437,0.00445381176953751,"ENSMUST00000249896.1",0.00445381176953751,"Down"
5.82849878165987e-08,-2.88707991324608,0.041,0.392,0.00447943445365688,"Eif2a-201",0.00447943445365688,"Down"
5.85852773451296e-08,-2.54101624313571,0.055,0.4,0.00450251290508259,"Slc38a6-201",0.00450251290508259,"Down"
5.88637398291232e-08,-1.47608213761754,0.082,0.457,0.00452391386082744,"Ythdc1-208",0.00452391386082744,"Down"
5.91090616254991e-08,-3.19614598372141,0.027,0.359,0.00454276782216611,"Dcaf12l1-202",0.00454276782216611,"Down"
5.93889480822183e-08,-1.59884647376031,0.055,0.408,0.0045642782159108,"Fbxo22-205",0.0045642782159108,"Down"
5.93895995335167e-08,-3.35010150126304,0.014,0.331,0.00456432828254889,"Apoo-201",0.00456432828254889,"Down"
6.11351541217555e-08,-1.73801951518042,0.219,0.645,0.0046984811348734,"Epb41-215",0.0046984811348734,"Down"
6.19480899925766e-08,-4.22426548173859,0.014,0.331,0.00476095850828948,"Zfp217-202",0.00476095850828948,"Down"
6.1963196124611e-08,-1.1897770945245,0.082,0.461,0.00476211947496085,"Smurf1-201",0.00476211947496085,"Down"
6.25055449548659e-08,-1.88315729579589,0.082,0.453,0.00480380115196126,"Rnf111-204",0.00480380115196126,"Down"
6.25132211727775e-08,-2.12257513531992,0.027,0.367,0.00480439110001264,"Rgl1-202",0.00480439110001264,"Down"
6.28222434268721e-08,-1.19149494771544,0.151,0.571,0.00482814069632883,"Eftud2-202",0.00482814069632883,"Down"
6.61096238266789e-08,-3.60643720088785,0.027,0.351,0.00508078902957558,"Tnpo2-205",0.00508078902957558,"Down"
6.61654771674257e-08,-3.50209837538002,0.027,0.355,0.00508508158222534,"Ncam1-202",0.00508508158222534,"Down"
6.66846399798178e-08,-4.2500043438232,0.014,0.331,0.00512498132100892,"Amt-202",0.00512498132100892,"Down"
6.84711169275922e-08,-1.2058750867064,0.082,0.437,0.00526227922035317,"Prr14l-201",0.00526227922035317,"Down"
6.8764224968131e-08,-2.77250204058688,0.082,0.424,0.00528480574570074,"Rbm28-201",0.00528480574570074,"Down"
6.89137831478162e-08,-2.47686473600271,0.068,0.412,0.00529629989004227,"Setd1b-206",0.00529629989004227,"Down"
6.97757775658309e-08,-1.34113089097665,0.068,0.441,0.00536254760904437,"Rbm45-201",0.00536254760904437,"Down"
6.99332827404286e-08,-1.24630712099487,0.082,0.461,0.0053746525117329,"Myo1b-203",0.0053746525117329,"Down"
7.03167603595332e-08,-2.60574284292479,0.041,0.38,0.00540412430067156,"Cyfip1-203",0.00540412430067156,"Down"
7.03290760754048e-08,-1.40278036593286,0.096,0.465,0.00540507081269916,"Lonp1-201",0.00540507081269916,"Down"
7.11662536431596e-08,-1.94079242705056,0.068,0.424,0.00546941125749139,"Slc23a2-201",0.00546941125749139,"Down"
7.12215820076442e-08,-2.07975647783781,0.055,0.4,0.00547366346361549,"Ccdc186-201",0.00547366346361549,"Down"
7.35131267427443e-08,-1.46280477398545,0.055,0.408,0.00564977784268687,"Akap11-201",0.00564977784268687,"Down"
7.36380044520901e-08,-1.76077872046307,0.082,0.457,0.00565937519416093,"Rlf-201",0.00565937519416093,"Down"
7.51626264320872e-08,-1.18093375891252,0.123,0.51,0.00577654849181163,"Strn-203",0.00577654849181163,"Down"
7.82307183935545e-08,-1.32115948221863,0.055,0.42,0.00601234363141824,"Gbf1-201",0.00601234363141824,"Down"
7.96945978112324e-08,-3.71412226480174,0.014,0.331,0.00612484862018445,"Slc22a18-201",0.00612484862018445,"Down"
7.96945978112324e-08,-3.71412226480174,0.014,0.331,0.00612484862018445,"Slc22a18-202",0.00612484862018445,"Down"
8.0564293157246e-08,-2.32757591653267,0.068,0.42,0.00619168818630699,"Usp7-208",0.00619168818630699,"Down"
8.1679174126286e-08,-2.3246734055222,0.055,0.412,0.00627737124830158,"Myc-202",0.00627737124830158,"Down"
8.18612790307135e-08,-2.57941085032465,0.055,0.392,0.00629136673862645,"Luc7l3-209",0.00629136673862645,"Down"
8.20581023988574e-08,-1.65680951271538,0.068,0.416,0.00630649340176179,"Sdcbp-202",0.00630649340176179,"Down"
8.22484969746899e-08,-1.29963524856453,0.068,0.437,0.00632112598649282,"Clpb-208",0.00632112598649282,"Down"
8.32188871688421e-08,-2.0311339244574,0.041,0.38,0.00639570435447419,"Rbm5-201",0.00639570435447419,"Down"
8.5204557408072e-08,-1.83140032267678,0.041,0.384,0.00654831105503996,"Atp11a-206",0.00654831105503996,"Down"
8.65924878387939e-08,-1.84269014546229,0.055,0.404,0.00665497906036267,"Sema4d-201",0.00665497906036267,"Down"
8.86014479303698e-08,-1.77877009249728,0.068,0.42,0.00680937567924064,"Ccdc47-201",0.00680937567924064,"Down"
8.94625895419952e-08,-1.67561347588553,0.082,0.457,0.0068755578566605,"Esrp1-204",0.0068755578566605,"Down"
9.0764615265139e-08,-2.08539861956805,0.055,0.412,0.00697562374158699,"Ganab-201",0.00697562374158699,"Down"
9.15819087408397e-08,-1.29046788700492,0.11,0.49,0.0070384360143685,"Ippk-201",0.0070384360143685,"Down"
9.22207291208203e-08,-1.68478409459514,0.123,0.502,0.00708753191585152,"Plec-209",0.00708753191585152,"Down"
9.25260055461832e-08,-4.45678660925346,0.027,0.355,0.00711099363024636,"Bglap3-201",0.00711099363024636,"Down"
9.28293249669353e-08,-1.23136016193311,0.082,0.457,0.00713430494100884,"Gpr137b-202",0.00713430494100884,"Down"
9.36769003598245e-08,-1.31061773236299,0.041,0.38,0.00719944450025395,"Cdkn1c-205",0.00719944450025395,"Down"
9.37739729045292e-08,-4.50697038953303,0.027,0.339,0.00720690491360469,"Kifap3-201",0.00720690491360469,"Down"
9.43059039440082e-08,-1.12370965871094,0.11,0.506,0.00724778594171281,"Ahsa1-201",0.00724778594171281,"Down"
9.58645411295856e-08,-3.73471844485051,0.055,0.38,0.00736757344397318,"Pphln1-204",0.00736757344397318,"Down"
9.64120515079922e-08,-2.13169064239332,0.068,0.424,0.00740965180659523,"Tm9sf2-201",0.00740965180659523,"Down"
9.73690034591102e-08,-2.45609165797004,0.041,0.371,0.00748319739184646,"Pwp2-201",0.00748319739184646,"Down"
1.00466507623566e-07,-2.03609363540241,0.082,0.441,0.00772125297690158,"Npc1-201",0.00772125297690158,"Down"
1.02921178420043e-07,-1.46097880017246,0.055,0.408,0.00790990424629396,"Cdk12-201",0.00790990424629396,"Down"
1.04473066830624e-07,-1.12414907506679,0.164,0.559,0.00802917307820074,"Sde2-201",0.00802917307820074,"Down"
1.04651885154479e-07,-2.12652867584272,0.082,0.449,0.00804291598166236,"Aplp2-203",0.00804291598166236,"Down"
1.0569422651216e-07,-2.79104835948972,0.041,0.367,0.00812302408436554,"Farsa-203",0.00812302408436554,"Down"
1.07366452432878e-07,-1.12044148930571,0.356,0.759,0.00825154133527644,"Anxa4-202",0.00825154133527644,"Down"
1.08511721305881e-07,-1.38023599400502,0.055,0.416,0.00833955982924219,"Etl4-206",0.00833955982924219,"Down"
1.0959712420574e-07,-1.346768938693,0.082,0.449,0.00842297738370795,"Sgce-209",0.00842297738370795,"Down"
1.12419084309778e-07,-1.66719200673595,0.027,0.363,0.00863985630554365,"Foxn2-203",0.00863985630554365,"Down"
1.14636893026946e-07,-2.37811357569502,0.082,0.429,0.00881030377669292,"Taf10-203",0.00881030377669292,"Down"
1.14855005347683e-07,-1.06145520258489,0.178,0.6,0.00882706658099084,"Psmd11-204",0.00882706658099084,"Down"
1.17688377888879e-07,-1.16558644966244,0.055,0.4,0.00904482259427193,"Ktn1-214",0.00904482259427193,"Down"
1.18083768938851e-07,-3.00457557336766,0.041,0.363,0.00907520997802648,"Pphln1-202",0.00907520997802648,"Down"
1.18442680169374e-07,-1.51568784647758,0.055,0.384,0.00910279374173706,"Rbm26-202",0.00910279374173706,"Down"
1.19320826465701e-07,3.73728157309893,0.521,0.286,0.00917028279719497,"Ctla2a-203",0.00917028279719497,"Up"
1.19323150788038e-07,-2.44113941469131,0.068,0.404,0.00917046143066387,"Setd1b-201",0.00917046143066387,"Down"
1.2064919964646e-07,-1.33264636240771,0.151,0.559,0.00927237358962905,"Mkrn1-201",0.00927237358962905,"Down"
1.21191407217733e-07,-2.42449700716807,0.041,0.384,0.00931404441031165,"Ptprs-201",0.00931404441031165,"Down"
1.21812706680476e-07,-2.5279502328147,0.055,0.392,0.00936179375922131,"Cyfip1-201",0.00936179375922131,"Down"
1.25246177291246e-07,-1.49321739206686,0.123,0.498,0.00962566970954139,"Plec-208",0.00962566970954139,"Down"
1.26278112821847e-07,-2.66676331859713,0.041,0.367,0.00970497808281023,"Map4k3-203",0.00970497808281023,"Down"
1.26623685353422e-07,-3.65961933069084,0.027,0.347,0.0097315367141519,"Fam220a-207",0.0097315367141519,"Down"
1.29836745550145e-07,-1.92301044794334,0.096,0.441,0.00997847324251083,"Gnl2-201",0.00997847324251083,"Down"
