"p_val","avg_log2FC","pct.1","pct.2","p_val_adj","gene","p_val_adj_plot","Significance"
3.55877523989244e-261,2.49434607217017,0.527,0.037,2.73506112286693e-256,"Tomm5-202",2.73506112286693e-256,"Up"
3.44462165375306e-249,2.54091080628522,0.502,0.035,2.64732952577538e-244,"Tomm5-203",2.64732952577538e-244,"Up"
9.2650312036912e-236,1.87587089716118,0.55,0.048,7.12054708128483e-231,"Tomm5-204",7.12054708128483e-231,"Up"
1.10852773312241e-234,1.96539161065935,0.502,0.038,8.51947904013895e-230,"Mrpl52-201",8.51947904013895e-230,"Up"
3.21324295265479e-229,2.78158419621486,0.458,0.032,2.46950573883331e-224,"Phgdh-201",2.46950573883331e-224,"Up"
4.14320082154398e-225,2.47911314047808,0.478,0.036,3.18421555938941e-220,"Krtcap2-201",3.18421555938941e-220,"Up"
6.02008845687693e-222,2.03441334687647,0.468,0.035,4.62667878264819e-217,"Mrpl52-204",4.62667878264819e-217,"Up"
1.42574379129965e-221,2.28398577884537,0.577,0.059,1.09574113336543e-216,"Mrap-201",1.09574113336543e-216,"Up"
6.86754417243692e-215,2.11220942130305,0.438,0.031,5.27798239828467e-210,"Mrpl52-205",5.27798239828467e-210,"Up"
4.47082417911426e-207,2.15612437752802,0.47,0.04,3.43600721461647e-202,"Cox7c-203",3.43600721461647e-202,"Up"
4.61983196292746e-206,2.35500735202378,0.441,0.034,3.55052565678827e-201,"Krtcap2-204",3.55052565678827e-201,"Up"
3.41818200219404e-205,2.62244305402438,0.752,0.14,2.62700959596621e-200,"Srm-201",2.62700959596621e-200,"Up"
2.64359610938964e-204,2.44541775347049,0.453,0.037,2.03170935391031e-199,"Krt15-201",2.03170935391031e-199,"Up"
1.37474833736059e-199,2.08990007375138,0.557,0.062,1.05654908719511e-194,"Cox5a-201",1.05654908719511e-194,"Up"
1.73400847892775e-197,3.44753997146982,0.8,0.196,1.33265487639513e-192,"Ldha-202",1.33265487639513e-192,"Up"
1.0725587498919e-194,2.10308665633195,0.629,0.082,8.24304301641924e-190,"Tomm40-201",8.24304301641924e-190,"Up"
5.5092748653763e-194,2.28555476786817,0.554,0.065,4.2340981050363e-189,"Gart-209",4.2340981050363e-189,"Up"
1.36375973167421e-192,2.17370198769072,0.559,0.067,1.0481039041809e-187,"Gart-201",1.0481039041809e-187,"Up"
1.60486305742366e-192,2.0524269521994,0.631,0.083,1.23340145415238e-187,"Tomm40-202",1.23340145415238e-187,"Up"
2.48440587386972e-192,2.06052377092566,0.384,0.026,1.90936529030384e-187,"Ndufa2-201",1.90936529030384e-187,"Up"
2.14207685063e-187,2.19838033009884,0.502,0.053,1.64627174278318e-182,"Mthfd1-201",1.64627174278318e-182,"Up"
3.42184891398816e-187,3.0306759253274,0.446,0.042,2.62982776435646e-182,"Cad-201",2.62982776435646e-182,"Up"
1.60397167154647e-186,2.22498521291295,0.567,0.07,1.23271638845033e-181,"Aen-203",1.23271638845033e-181,"Up"
1.690668774413e-185,2.27279297073305,0.55,0.068,1.29934657988736e-180,"Rragd-203",1.29934657988736e-180,"Up"
1.83025528878449e-185,2.386202668711,0.406,0.033,1.40662439964243e-180,"Pgls-205",1.40662439964243e-180,"Up"
5.32227729581006e-184,2.19280425080495,0.562,0.071,4.09038299292186e-179,"Gar1-201",4.09038299292186e-179,"Up"
1.2364466408453e-183,2.44120381541808,0.413,0.034,9.50258701355248e-179,"Cmss1-201",9.50258701355248e-179,"Up"
1.4087251753281e-183,2.37256629251456,0.809,0.193,1.08266164624666e-178,"C1qbp-201",1.08266164624666e-178,"Up"
7.16210503729124e-183,2.28120198812826,0.473,0.047,5.50436420535981e-178,"Mthfd1-206",5.50436420535981e-178,"Up"
8.07569864034053e-182,2.25000019311027,0.369,0.026,6.20649743304731e-177,"Thop1-201",6.20649743304731e-177,"Up"
2.43558163172404e-180,1.75973487161249,0.535,0.063,1.87184190724519e-175,"Wdr18-201",1.87184190724519e-175,"Up"
2.68046923266653e-179,1.51207080329419,0.374,0.027,2.06004782407353e-174,"Mrps16-201",2.06004782407353e-174,"Up"
2.92411527190327e-179,2.01446346040941,0.465,0.047,2.24729955106854e-174,"Pgls-201",2.24729955106854e-174,"Up"
3.18237604776448e-179,2.39044684425124,0.433,0.041,2.44578328774892e-174,"Pfkfb4-203",2.44578328774892e-174,"Up"
3.82116347163711e-177,2.11079804448731,0.478,0.051,2.93671697449199e-172,"Mrap-202",2.93671697449199e-172,"Up"
2.0104409693643e-176,2.20154827449403,0.693,0.126,1.54510430259524e-171,"Pfkl-201",1.54510430259524e-171,"Up"
5.75501827246187e-176,2.17301672440901,0.52,0.063,4.42296174311784e-171,"Gart-203",4.42296174311784e-171,"Up"
7.86577896553351e-174,1.88402024868382,0.547,0.07,6.04516576617112e-169,"Tma16-201",6.04516576617112e-169,"Up"
8.53407465962723e-174,1.53914779485492,0.354,0.025,6.55877773890991e-169,"Mrps16-202",6.55877773890991e-169,"Up"
4.85080890858003e-173,2.21922785446938,0.428,0.041,3.7280406786001e-168,"Spout1-206",3.7280406786001e-168,"Up"
4.64636969776124e-172,2.65326018282712,0.381,0.031,3.57092096751742e-167,"Pfkfb4-201",3.57092096751742e-167,"Up"
5.07708605043612e-172,1.96739749375462,0.458,0.048,3.90194371320218e-167,"Gtf2h3-201",3.90194371320218e-167,"Up"
1.4034557500673e-171,1.97324209398554,0.478,0.054,1.07861188215672e-166,"Prmt7-201",1.07861188215672e-166,"Up"
1.65032377630946e-167,2.04233381619704,0.527,0.067,1.26833983504487e-162,"Aen-202",1.26833983504487e-162,"Up"
2.93338547342149e-167,1.5372615279861,0.505,0.06,2.25442407174335e-162,"Nop2-201",2.25442407174335e-162,"Up"
2.80220706160126e-166,2.33475724161448,0.463,0.052,2.15360821512304e-161,"Cluh-201",2.15360821512304e-161,"Up"
8.72521437023679e-166,2.21147681858481,0.421,0.041,6.70567625210178e-161,"Pdcd11-201",6.70567625210178e-161,"Up"
1.5329665434957e-165,2.02267065142519,0.468,0.052,1.17814610733819e-160,"Thyn1-202",1.17814610733819e-160,"Up"
3.41512464105406e-165,2.10360080840628,0.381,0.033,2.62465989163569e-160,"Spout1-203",2.62465989163569e-160,"Up"
3.70658148086969e-165,1.94668478292837,0.376,0.031,2.84865613130759e-160,"Galk1-201",2.84865613130759e-160,"Up"
3.8350294816395e-165,1.81218669258423,0.47,0.053,2.94737355781922e-160,"Polr2j-201",2.94737355781922e-160,"Up"
4.10287731234839e-165,2.0629546277559,0.428,0.044,3.15322532963223e-160,"Mdk-201",3.15322532963223e-160,"Up"
1.24465759444884e-164,1.99084989441376,0.351,0.027,9.56569147637708e-160,"Nle1-201",9.56569147637708e-160,"Up"
2.28549704426829e-164,1.60812089232718,0.614,0.093,1.75649589840195e-159,"Cox8a-201",1.75649589840195e-159,"Up"
2.83402899831214e-163,1.91366297393114,0.361,0.029,2.17806464636281e-158,"Psmg1-201",2.17806464636281e-158,"Up"
8.93888231092578e-163,1.79572462913017,0.5,0.061,6.8698886112389e-158,"Bop1-201",6.8698886112389e-158,"Up"
1.62382543517186e-162,1.98930807195189,0.693,0.126,1.24797479994698e-157,"Tpi1-205",1.24797479994698e-157,"Up"
1.62382543517186e-162,1.98930807246965,0.693,0.126,1.24797479994698e-157,"Tpi1-207",1.24797479994698e-157,"Up"
9.40583325373989e-162,2.6746414811123,0.804,0.246,7.22875908882926e-157,"Vars-201",7.22875908882926e-157,"Up"
2.03282625574571e-161,1.79880681441578,0.683,0.123,1.56230829059081e-156,"Ptpmt1-201",1.56230829059081e-156,"Up"
4.08235392745672e-161,1.90241983069934,0.517,0.067,3.13745228740759e-156,"Aen-201",3.13745228740759e-156,"Up"
1.03008369857367e-160,1.72527970355319,0.522,0.068,7.91660525701811e-156,"Magoh-201",7.91660525701811e-156,"Up"
4.38732234378347e-159,1.31299558945742,0.515,0.066,3.37183271409135e-154,"Rpia-201",3.37183271409135e-154,"Up"
5.53754617180511e-159,2.65776296748826,0.344,0.027,4.2558257348791e-154,"Shmt1-201",4.2558257348791e-154,"Up"
6.66085127655702e-159,1.923850153938,0.406,0.04,5.11913064008513e-154,"Spout1-201",5.11913064008513e-154,"Up"
8.2835242303015e-159,1.92476442561382,0.54,0.077,6.36621971195592e-154,"Grhpr-201",6.36621971195592e-154,"Up"
2.29019672984952e-158,1.87974554186492,0.448,0.05,1.76010779475855e-153,"Rcl1-201",1.76010779475855e-153,"Up"
2.28790904632512e-157,2.11494920927963,0.745,0.162,1.75834961846271e-152,"Mrto4-202",1.75834961846271e-152,"Up"
3.80109836159567e-157,1.99024397728784,0.683,0.126,2.92129613482074e-152,"Atic-201",2.92129613482074e-152,"Up"
8.5943342605657e-157,2.49175667501657,0.396,0.039,6.60508965261516e-152,"Aen-204",6.60508965261516e-152,"Up"
1.08435757189157e-156,1.5158753275279,0.579,0.089,8.33372168301547e-152,"Ube2v2-203",8.33372168301547e-152,"Up"
1.2520645687892e-156,1.8033464490619,0.46,0.054,9.62261703697254e-152,"Thyn1-201",9.62261703697254e-152,"Up"
7.07016136268233e-156,1.4922541315714,0.337,0.026,5.43370181367588e-151,"Rangrf-201",5.43370181367588e-151,"Up"
5.70999201520653e-155,2.30177280881372,0.337,0.027,4.38835726336683e-150,"Nat10-201",4.38835726336683e-150,"Up"
5.45025853607138e-154,2.00267569795881,0.396,0.039,4.1887416953123e-149,"Spout1-207",4.1887416953123e-149,"Up"
1.72480525540035e-153,1.52922634834956,0.587,0.094,1.32558183098538e-148,"Lbhd1-201",1.32558183098538e-148,"Up"
6.17196403234862e-153,1.69250568801059,0.431,0.048,4.74340123742121e-148,"Apex1-201",4.74340123742121e-148,"Up"
2.02488649366078e-151,1.78995322457604,0.636,0.117,1.55620626583805e-146,"Selenoh-203",1.55620626583805e-146,"Up"
3.22198898374404e-149,1.76915459853843,0.354,0.031,2.47622741356664e-144,"Dnajc15-202",2.47622741356664e-144,"Up"
3.40600291537193e-149,1.62025202245988,0.428,0.048,2.61764948057994e-144,"Timm8b-201",2.61764948057994e-144,"Up"
8.44782339019463e-149,1.83213384169816,0.354,0.031,6.49249018830018e-144,"Wdr4-207",6.49249018830018e-144,"Up"
3.28537059274213e-148,1.88822060728923,0.423,0.048,2.52493871534604e-143,"Tmed7-203",2.52493871534604e-143,"Up"
1.38936354020206e-147,2.03186607681823,0.408,0.045,1.06778145518689e-142,"Cfap298-201",1.06778145518689e-142,"Up"
2.5983572771552e-147,1.68421567088892,0.361,0.034,1.99694150178485e-142,"Mrps18b-201",1.99694150178485e-142,"Up"
5.37494972042348e-146,1.89778485113415,0.379,0.038,4.13086385813426e-141,"Dimt1-203",4.13086385813426e-141,"Up"
9.44035531139432e-146,1.73384590769805,0.537,0.081,7.25529067101899e-141,"Aldh18a1-201",7.25529067101899e-141,"Up"
2.27254605001138e-145,2.05770378898756,0.626,0.122,1.74654254127575e-140,"Polr1a-201",1.74654254127575e-140,"Up"
2.67459503856193e-145,2.3604330922182,0.78,0.222,2.05553327093638e-140,"Mybbp1a-201",2.05553327093638e-140,"Up"
3.16188152326499e-145,1.3901255078574,0.342,0.03,2.43003242589008e-140,"Uqcr11-201",2.43003242589008e-140,"Up"
3.87690031308539e-145,2.04200920279711,0.629,0.118,2.97955296661864e-140,"Mrpl12-201",2.97955296661864e-140,"Up"
4.15249331720242e-145,1.47859254750711,0.428,0.05,3.19135721400275e-140,"Dhx37-201",3.19135721400275e-140,"Up"
9.84608967526038e-145,1.67429237191603,0.582,0.097,7.56711375902461e-140,"Prmt1-202",7.56711375902461e-140,"Up"
1.16475512619522e-144,1.70031413202349,0.384,0.04,8.95160904686078e-140,"Exosc7-201",8.95160904686078e-140,"Up"
2.30987788279228e-144,1.96553212609564,0.554,0.091,1.77523354804118e-139,"Adsl-201",1.77523354804118e-139,"Up"
2.65040131362433e-144,1.62458287783959,0.473,0.062,2.03693942557284e-139,"Mthfd1l-202",2.03693942557284e-139,"Up"
1.20435583980736e-143,1.33696435118272,0.611,0.102,9.25595637125552e-139,"Mrpl34-201",9.25595637125552e-139,"Up"
1.39079628037926e-143,2.14343034232868,0.728,0.18,1.06888257332267e-138,"Cdc34-201",1.06888257332267e-138,"Up"
7.6227914047035e-143,1.74346489858897,0.46,0.06,5.85842010617082e-138,"Nol9-201",5.85842010617082e-138,"Up"
2.12661505926674e-142,1.76542269989215,0.359,0.035,1.63438873764886e-137,"Tmem147-207",1.63438873764886e-137,"Up"
2.18912514336707e-142,1.9906477578242,0.384,0.041,1.68243023768333e-137,"Mdk-202",1.68243023768333e-137,"Up"
2.32572062109367e-142,1.77806042913579,0.512,0.077,1.78740932613533e-137,"Wdr74-201",1.78740932613533e-137,"Up"
4.5570128810118e-142,2.20836337644184,0.356,0.034,3.50224667957281e-137,"2310061I04Rik-202",3.50224667957281e-137,"Up"
8.18643755367941e-142,1.54260003714571,0.599,0.105,6.29160471750478e-137,"Prmt1-203",6.29160471750478e-137,"Up"
9.89495969608063e-142,1.8437632923679,0.374,0.038,7.60467232482581e-137,"Ripor3-201",7.60467232482581e-137,"Up"
2.44180657374313e-141,1.45576971705226,0.366,0.037,1.87662602418454e-136,"Timm13-201",1.87662602418454e-136,"Up"
2.59010681556636e-141,1.49620707303186,0.403,0.046,1.99060069203537e-136,"Mecr-201",1.99060069203537e-136,"Up"
3.45659944225412e-141,1.45335468003347,0.391,0.043,2.65653493534998e-136,"Ndufa4-205",2.65653493534998e-136,"Up"
4.07698285474276e-141,1.62747228637448,0.431,0.052,3.133324403184e-136,"Cox7b-201",3.133324403184e-136,"Up"
5.21189839475613e-140,2.04659791344175,0.371,0.038,4.00555239230588e-135,"Mdk-204",4.00555239230588e-135,"Up"
7.59545651450208e-140,2.02308255983403,0.337,0.031,5.83741214965543e-135,"Polr1b-202",5.83741214965543e-135,"Up"
8.83905828851627e-140,1.69621606872784,0.349,0.033,6.79316985705629e-135,"Ipo4-201",6.79316985705629e-135,"Up"
1.9504674940479e-139,1.98392459763208,0.418,0.05,1.49901228787557e-134,"St3gal2-201",1.49901228787557e-134,"Up"
2.14204993274678e-139,1.61576244372651,0.342,0.032,1.64625105531321e-134,"Ncln-202",1.64625105531321e-134,"Up"
2.66780690841403e-139,1.52245580776292,0.653,0.123,2.05031632139252e-134,"Wdr46-201",2.05031632139252e-134,"Up"
3.31959520682931e-139,1.86922458705577,0.428,0.054,2.5512417002566e-134,"Mrps36-203",2.5512417002566e-134,"Up"
4.3025179345846e-139,1.77801343525061,0.47,0.065,3.30665713344565e-134,"Pfas-201",3.30665713344565e-134,"Up"
4.65738618804498e-139,1.81838544678686,0.604,0.11,3.57938758096009e-134,"Heatr1-201",3.57938758096009e-134,"Up"
5.50608893596121e-139,1.67714544565233,0.413,0.049,4.23164959084363e-134,"Pwp1-201",4.23164959084363e-134,"Up"
5.63720583460301e-139,1.73171788580653,0.386,0.042,4.33241817212579e-134,"Atp5l-201",4.33241817212579e-134,"Up"
5.8141166733932e-139,1.54045191132334,0.376,0.039,4.46838122816961e-134,"As3mt-207",4.46838122816961e-134,"Up"
2.53757636360542e-138,1.55804726317419,0.344,0.033,1.95022893848531e-133,"Ncln-201",1.95022893848531e-133,"Up"
4.1468336229275e-138,1.80550088919185,0.545,0.089,3.1870075125647e-133,"2810004N23Rik-201",3.1870075125647e-133,"Up"
7.21074518302113e-138,1.45606209759467,0.597,0.103,5.54174610295906e-133,"Tma7-201",5.54174610295906e-133,"Up"
1.18520226901233e-137,1.55801644877336,0.379,0.04,9.10875351826734e-133,"As3mt-201",9.10875351826734e-133,"Up"
1.28690772419553e-137,2.04353390676074,0.421,0.052,9.89040062353234e-133,"Thyn1-203",9.89040062353234e-133,"Up"
2.18760876940706e-137,1.53579936925369,0.45,0.06,1.6812648436401e-132,"Arpc5l-202",1.6812648436401e-132,"Up"
3.06533057676504e-137,1.74717749778244,0.342,0.033,2.35582916146701e-132,"Ipo4-205",2.35582916146701e-132,"Up"
4.33591442414793e-137,1.40674808921081,0.416,0.05,3.33232367153465e-132,"Cog8-201",3.33232367153465e-132,"Up"
4.62774081473369e-137,1.3758532616561,0.636,0.114,3.55660392575543e-132,"0610012G03Rik-201",3.55660392575543e-132,"Up"
4.64274049819176e-137,1.55517805819146,0.493,0.072,3.5681317824803e-132,"Ruvbl2-205",3.5681317824803e-132,"Up"
5.15914182157464e-137,-1.48142269571976,0.894,0.98,3.96500685555297e-132,"Ucp2-202",3.96500685555297e-132,"Down"
6.79981677916793e-137,1.86446274767794,0.772,0.213,5.22593118746172e-132,"Nt5dc2-204",5.22593118746172e-132,"Up"
1.05265775394815e-136,1.38798291517001,0.376,0.041,8.09009590219312e-132,"Gatd3a-201",8.09009590219312e-132,"Up"
1.41091175489838e-136,1.98526139302055,0.532,0.089,1.0843421201096e-131,"Noc4l-201",1.0843421201096e-131,"Up"
5.16477317190005e-136,1.53531405788154,0.413,0.05,3.96933477353207e-131,"Dimt1-201",3.96933477353207e-131,"Up"
1.13778619467767e-135,1.75322125679132,0.364,0.038,8.7443420205758e-131,"Snapc4-212",8.7443420205758e-131,"Up"
2.16661458817983e-135,1.68137829530181,0.369,0.039,1.66512997559973e-130,"Snapc4-202",1.66512997559973e-130,"Up"
4.14263213323614e-135,1.24478274444875,0.465,0.064,3.18377849967731e-130,"Ino80e-202",3.18377849967731e-130,"Up"
5.10946470514083e-135,1.96712725017879,0.616,0.124,3.92682800448894e-130,"Atad3a-201",3.92682800448894e-130,"Up"
7.66504078791458e-135,1.60175588888594,0.428,0.054,5.89089044714387e-130,"Tbrg4-201",5.89089044714387e-130,"Up"
2.09188591679587e-134,1.39200943940233,0.349,0.035,1.6076980024943e-129,"As3mt-204",1.6076980024943e-129,"Up"
5.70433098768613e-134,2.21706433601285,0.624,0.127,4.3840065372763e-129,"Pgk1-201",4.3840065372763e-129,"Up"
5.72855591388623e-134,1.47828076562874,0.374,0.041,4.40262436205812e-129,"Tmem147-201",4.40262436205812e-129,"Up"
1.11319778470303e-133,1.3532905446141,0.406,0.049,8.5553702545567e-129,"Ctsc-201",8.5553702545567e-129,"Up"
1.40881914610225e-133,1.5691145387367,0.505,0.077,1.08273386654542e-128,"Aldh18a1-207",1.08273386654542e-128,"Up"
2.80024560135028e-133,1.87324414052702,0.354,0.037,2.15210075446174e-128,"Ddx56-201",2.15210075446174e-128,"Up"
1.41631064585897e-132,1.66103097095302,0.594,0.109,1.08849138376845e-127,"Mrpl35-201",1.08849138376845e-127,"Up"
1.66010413883525e-132,1.45847129868056,0.356,0.037,1.27585643486044e-127,"Mrpl20-201",1.27585643486044e-127,"Up"
2.39967943453737e-132,1.99667850759648,0.74,0.203,1.84424963261935e-127,"Nme1-203",1.84424963261935e-127,"Up"
2.96259946932427e-132,1.68244184127399,0.493,0.075,2.27687619615447e-127,"Trmt1-204",2.27687619615447e-127,"Up"
4.5186323636432e-132,1.80368977284359,0.614,0.125,3.47274971675435e-127,"Ptdss2-201",3.47274971675435e-127,"Up"
6.52075242196613e-132,1.60773663312276,0.364,0.039,5.01145906637785e-127,"Snapc4-201",5.01145906637785e-127,"Up"
6.96113695366558e-132,1.2290227716836,0.416,0.052,5.34991219437015e-127,"Syce2-202",5.34991219437015e-127,"Up"
8.34881615534482e-132,1.69836869324137,0.342,0.034,6.41639916802871e-127,"2310061I04Rik-203",6.41639916802871e-127,"Up"
1.08927311059738e-131,2.59860427314848,0.869,0.481,8.37149956418512e-127,"Npm1-201",8.37149956418512e-127,"Up"
1.21755547031943e-131,1.54757398587735,0.678,0.141,9.35740081159294e-127,"Tomm20-201",9.35740081159294e-127,"Up"
1.575710517814e-131,1.39258740906304,0.399,0.048,1.21099656136077e-126,"Syce2-204",1.21099656136077e-126,"Up"
2.24569433923658e-131,1.73788889304221,0.354,0.037,1.72590592747688e-126,"Ripor3-202",1.72590592747688e-126,"Up"
4.36179732537446e-131,1.80471801729277,0.559,0.098,3.35221571644329e-126,"Gemin5-205",3.35221571644329e-126,"Up"
4.62923728346209e-131,1.07677635692563,0.46,0.065,3.55775402183195e-126,"Mrpl30-201",3.55775402183195e-126,"Up"
5.68927752370112e-131,1.32321059304428,0.493,0.075,4.37243734806526e-126,"Ruvbl2-201",4.37243734806526e-126,"Up"
5.80740002786488e-131,1.708788241041,0.577,0.109,4.46321921741528e-126,"Cetn3-201",4.46321921741528e-126,"Up"
7.11460452979562e-131,1.67565568588829,0.446,0.061,5.46785816532913e-126,"Rtel1-204",5.46785816532913e-126,"Up"
1.24374019912943e-130,1.60315626717596,0.448,0.061,9.55864092638936e-126,"Rtel1-202",9.55864092638936e-126,"Up"
1.37839110204937e-130,1.82326483147875,0.443,0.061,1.05934869756902e-125,"Nubp1-204",1.05934869756902e-125,"Up"
1.81882522571616e-130,1.69009856495542,0.443,0.06,1.3978399389719e-125,"Rtel1-205",1.3978399389719e-125,"Up"
2.14207092173529e-130,1.41857484204437,0.337,0.033,1.64626718619044e-125,"Polr3e-201",1.64626718619044e-125,"Up"
5.61344288818622e-130,1.64366871417873,0.757,0.186,4.31415539728663e-125,"Hmgn1-201",4.31415539728663e-125,"Up"
6.34199756690423e-130,1.63152623242389,0.446,0.061,4.87407881006858e-125,"Rtel1-215",4.87407881006858e-125,"Up"
1.0324018212279e-129,1.39617039414445,0.465,0.068,7.9344209568649e-125,"Uchl3-201",7.9344209568649e-125,"Up"
1.2198769460423e-129,1.95284153503104,0.691,0.169,9.37524228111347e-125,"Impdh2-201",9.37524228111347e-125,"Up"
1.30880271144919e-129,1.517182918883,0.386,0.046,1.00586723585716e-124,"Zmynd19-201",1.00586723585716e-124,"Up"
1.38416953283961e-129,1.4364232225408,0.332,0.033,1.06378965276856e-124,"Polr3e-202",1.06378965276856e-124,"Up"
2.04564731138283e-129,1.64298473568004,0.416,0.053,1.57216178469016e-124,"Tbrg4-211",1.57216178469016e-124,"Up"
2.6371579699335e-129,1.86761050698026,0.7,0.163,2.02676138621269e-124,"Atp5g3-201",2.02676138621269e-124,"Up"
3.69956108211345e-129,1.36540879620158,0.54,0.089,2.84326067404747e-124,"Wdr36-201",2.84326067404747e-124,"Up"
5.88547142262283e-129,1.41679202188062,0.441,0.06,4.52322020714255e-124,"Mthfd1l-201",4.52322020714255e-124,"Up"
6.48755708854453e-129,1.59037021465393,0.416,0.054,4.98594712483002e-124,"Tbrg4-212",4.98594712483002e-124,"Up"
6.78131482018157e-129,1.24153218630857,0.453,0.063,5.21171169190235e-124,"Cog8-202",5.21171169190235e-124,"Up"
7.84865935430838e-129,1.70474336866976,0.381,0.045,6.03200866016016e-124,"Susd1-201",6.03200866016016e-124,"Up"
8.44857197150986e-129,1.4808001673602,0.347,0.036,6.49306550298419e-124,"2310061I04Rik-204",6.49306550298419e-124,"Up"
1.19444155868151e-128,1.50013919419705,0.505,0.081,9.17976115509085e-124,"Acbd6-201",9.17976115509085e-124,"Up"
1.29629593689592e-128,1.63216555565108,0.443,0.061,9.96255279341991e-124,"Rtel1-203",9.96255279341991e-124,"Up"
2.46346303300533e-128,1.7000672799381,0.406,0.051,1.89326987938592e-123,"Tbrg4-209",1.89326987938592e-123,"Up"
5.48422663394302e-128,1.63750977251073,0.495,0.078,4.21484753725057e-123,"Trmt1-203",4.21484753725057e-123,"Up"
2.44313304901413e-127,1.52829543056669,0.493,0.077,1.87764547348932e-122,"Mrps17-206",1.87764547348932e-122,"Up"
3.33995503925002e-127,1.22862232828982,0.463,0.067,2.56688904586521e-122,"Wdr3-201",2.56688904586521e-122,"Up"
3.37325850756661e-127,1.43814427157901,0.406,0.052,2.59248409340524e-122,"Mrpl30-205",2.59248409340524e-122,"Up"
3.3993924656435e-127,1.62279083298511,0.495,0.079,2.61256908554566e-122,"Trmt1-201",2.61256908554566e-122,"Up"
3.96270493207917e-127,2.1804499083648,0.597,0.128,3.04549724850012e-122,"Ndufab1-203",3.04549724850012e-122,"Up"
1.30042901065396e-126,1.92646855087696,0.495,0.082,9.99431711847995e-122,"Dnaja3-202",9.99431711847995e-122,"Up"
1.75763126694224e-126,1.3045549767456,0.394,0.049,1.35080993389579e-121,"Ndufa6-201",1.35080993389579e-121,"Up"
3.88677255333458e-126,1.63996224182976,0.436,0.06,2.98714017813976e-121,"Rtel1-201",2.98714017813976e-121,"Up"
7.26142184829558e-126,1.75213175348685,0.416,0.056,5.58069314728908e-121,"Traf4-201",5.58069314728908e-121,"Up"
7.35498358884308e-126,1.89885446537843,0.698,0.165,5.65259908736946e-121,"Tcof1-202",5.65259908736946e-121,"Up"
1.16877836455595e-125,1.89888563052608,0.391,0.049,8.98252924295829e-121,"Cluh-206",8.98252924295829e-121,"Up"
1.43277659347772e-125,1.47928972730435,0.505,0.082,1.10114612315136e-120,"Ddx18-201",1.10114612315136e-120,"Up"
2.43655020037189e-125,1.46037865828326,0.428,0.06,1.87258629099381e-120,"Uck2-202",1.87258629099381e-120,"Up"
2.94483641738167e-125,1.37077974455559,0.428,0.058,2.26322458021451e-120,"Tbl3-202",2.26322458021451e-120,"Up"
4.74014697213546e-125,1.61787566849305,0.403,0.052,3.64299255396498e-120,"Mrpl58-203",3.64299255396498e-120,"Up"
5.14642767975453e-125,1.37578665115646,0.428,0.059,3.95523552899855e-120,"Ssbp1-203",3.95523552899855e-120,"Up"
1.33755491240435e-124,1.88218324626156,0.332,0.035,1.02796445237924e-119,"Pold2-201",1.02796445237924e-119,"Up"
1.96651594247967e-124,1.45242438188512,0.458,0.068,1.51134616243333e-119,"Slc25a4-201",1.51134616243333e-119,"Up"
2.64494710910351e-124,1.34830737655272,0.488,0.077,2.03274765123041e-119,"Rpf2-201",2.03274765123041e-119,"Up"
2.92025923928854e-124,1.51277779891927,0.399,0.051,2.24433603576281e-119,"Mrpl30-207",2.24433603576281e-119,"Up"
3.02750806746297e-124,1.38010185141808,0.433,0.06,2.32676105016799e-119,"Mthfd1l-203",2.32676105016799e-119,"Up"
3.99360690301802e-124,1.81082617902453,0.621,0.125,3.06924664924547e-119,"Podxl-201",3.06924664924547e-119,"Up"
7.39030152351468e-124,1.46325167509971,0.641,0.132,5.67974233288197e-119,"Polr2e-201",5.67974233288197e-119,"Up"
7.60150486341306e-124,1.09497710650905,0.51,0.083,5.84206054772747e-119,"Ino80e-201",5.84206054772747e-119,"Up"
1.08225681137344e-123,1.64829459123746,0.535,0.096,8.31757649812942e-119,"Fbl-201",8.31757649812942e-119,"Up"
1.47911193743855e-123,1.34085794382215,0.614,0.12,1.13675668839902e-118,"Srp68-201",1.13675668839902e-118,"Up"
2.69569722899218e-123,1.65842390458954,0.498,0.082,2.07175114836965e-118,"Prmt1-201",2.07175114836965e-118,"Up"
2.89215727155434e-123,1.89306860798861,0.351,0.04,2.22273854948037e-118,"Susd1-202",2.22273854948037e-118,"Up"
4.02061095390391e-123,1.42799895436403,0.582,0.111,3.09000034251331e-118,"Pum3-201",3.09000034251331e-118,"Up"
4.83484791268843e-123,1.48512334266253,0.428,0.06,3.71577401481757e-118,"Ssbp1-205",3.71577401481757e-118,"Up"
5.39212111703125e-123,1.78092634370324,0.686,0.162,4.1440607632832e-118,"Atp5g3-202",4.1440607632832e-118,"Up"
6.36644312927221e-123,1.72810146945661,0.475,0.074,4.89286620257087e-118,"Sdad1-201",4.89286620257087e-118,"Up"
6.61648663427954e-123,1.59211381062615,0.52,0.09,5.0850346379092e-118,"Mrpl42-203",5.0850346379092e-118,"Up"
1.02214992469653e-122,1.33666906619076,0.376,0.046,7.85563103126274e-118,"Nup43-201",7.85563103126274e-118,"Up"
1.02491196010038e-122,1.43667277949475,0.478,0.075,7.87685837815547e-118,"Cox6b1-201",7.87685837815547e-118,"Up"
2.16351972298989e-122,1.64519788899813,0.359,0.042,1.66275144790665e-117,"Mrps18a-201",1.66275144790665e-117,"Up"
2.40758703174736e-122,1.57409533000138,0.493,0.081,1.85032693737911e-117,"Mrpl42-201",1.85032693737911e-117,"Up"
3.93949080056013e-122,1.44660806966181,0.641,0.138,3.02765625986249e-117,"Pebp1-201",3.02765625986249e-117,"Up"
5.65648152678429e-122,1.780963971614,0.619,0.135,4.3472323125948e-117,"Erh-201",4.3472323125948e-117,"Up"
6.65604855463684e-122,1.32590907752688,0.411,0.056,5.1154395561806e-117,"Wdr73-201",5.1154395561806e-117,"Up"
6.88867200581125e-122,1.61937834806136,0.53,0.094,5.29421998334618e-117,"Fkbp1a-205",5.29421998334618e-117,"Up"
8.19973812418177e-122,1.48355440976169,0.374,0.046,6.30182673795866e-117,"Rcl1-202",6.30182673795866e-117,"Up"
9.63099799591407e-122,1.26770678465113,0.431,0.061,7.4018071997798e-117,"Yrdc-201",7.4018071997798e-117,"Up"
1.60605462695417e-121,1.49008313473157,0.455,0.069,1.23431722299936e-116,"Sympk-201",1.23431722299936e-116,"Up"
1.76741905927031e-121,1.42306826072314,0.394,0.051,1.3583322438116e-116,"Tbl3-201",1.3583322438116e-116,"Up"
2.74586800168619e-121,1.3682676315998,0.587,0.115,2.11030939401591e-116,"Ppp1r14b-201",2.11030939401591e-116,"Up"
6.65133735953881e-121,1.83097020068121,0.366,0.045,5.11181881429995e-116,"Bzw2-201",5.11181881429995e-116,"Up"
7.08256136342669e-121,1.49360448920465,0.334,0.036,5.44323171024795e-116,"Nop16-201",5.44323171024795e-116,"Up"
7.53913331850958e-121,1.33677388229221,0.485,0.078,5.79412552060735e-116,"Rpf2-206",5.79412552060735e-116,"Up"
8.28900257997541e-121,1.32760015388433,0.371,0.045,6.3704300428143e-116,"Mrps9-201",6.3704300428143e-116,"Up"
8.83597892521447e-121,1.35046702784297,0.426,0.06,6.79080324318433e-116,"Mrps26-202",6.79080324318433e-116,"Up"
8.97898238970182e-121,1.18109849635639,0.374,0.046,6.90070712578143e-116,"Mrpl19-201",6.90070712578143e-116,"Up"
1.13405805386756e-120,1.71252559291807,0.406,0.056,8.71568976719374e-116,"Naa25-201",8.71568976719374e-116,"Up"
1.25042520226694e-120,1.21054988812411,0.423,0.059,9.61001784950232e-116,"Gemin6-201",9.61001784950232e-116,"Up"
2.5236722999836e-120,2.8916314075062,0.629,0.176,1.93954310942939e-115,"Ldha-210",1.93954310942939e-115,"Up"
3.41756511984109e-120,1.6876665522317,0.431,0.062,2.62653549720267e-115,"Utp20-201",2.62653549720267e-115,"Up"
5.31673798175887e-120,1.35653414709588,0.349,0.04,4.08612580850096e-115,"Atp13a1-201",4.08612580850096e-115,"Up"
7.36508278973995e-120,1.92361856044783,0.693,0.179,5.66036072722674e-115,"Ppan-201",5.66036072722674e-115,"Up"
9.6449429724941e-120,1.83825037346705,0.688,0.166,7.41252447208061e-115,"Tcof1-204",7.41252447208061e-115,"Up"
1.22710255245898e-119,1.24313854517846,0.428,0.061,9.43077395666828e-115,"Pprc1-203",9.43077395666828e-115,"Up"
1.40578638525226e-119,1.28050884626383,0.411,0.057,1.08040306852177e-114,"Wdr73-205",1.08040306852177e-114,"Up"
2.11661903454169e-119,1.51406716672779,0.668,0.144,1.62670639280667e-114,"Igf2bp1-201",1.62670639280667e-114,"Up"
2.82461063099326e-119,2.88760173572941,0.626,0.176,2.17082625434356e-114,"Ldha-201",2.17082625434356e-114,"Up"
3.22576662870313e-119,1.55230180788883,0.455,0.07,2.4791306848235e-114,"Mrps17-204",2.4791306848235e-114,"Up"
3.45290980514206e-119,1.3980272105025,0.334,0.037,2.65369930164388e-114,"Fam162a-202",2.65369930164388e-114,"Up"
3.59446739260101e-119,1.42568651618651,0.48,0.078,2.76249196990958e-114,"Timm50-201",2.76249196990958e-114,"Up"
5.62900662585523e-119,1.18891346262485,0.488,0.079,4.32611675223478e-114,"Eif2b1-201",4.32611675223478e-114,"Up"
6.63846967842019e-119,1.34514530814354,0.943,0.855,5.10192948665305e-114,"Ftl1-ps1-202",5.10192948665305e-114,"Up"
7.68501367974262e-119,1.10291941176156,0.587,0.115,5.90624041342939e-114,"Zfp706-201",5.90624041342939e-114,"Up"
7.72347629721585e-119,1.54676856070139,0.391,0.052,5.93580047346227e-114,"Nol9-204",5.93580047346227e-114,"Up"
8.79247395326308e-119,2.10867394498209,0.552,0.107,6.7573679320408e-114,"Mt2-201",6.7573679320408e-114,"Up"
1.11118623698178e-118,1.1381913957827,0.399,0.053,8.53991070569975e-114,"Mrps12-204",8.53991070569975e-114,"Up"
1.73984351820902e-118,1.70024306351502,0.621,0.134,1.33713933748436e-113,"Qars-201",1.33713933748436e-113,"Up"
2.02012767983128e-118,1.02813755899435,0.53,0.091,1.55254892705753e-113,"Mrps22-201",1.55254892705753e-113,"Up"
2.65605701919106e-118,1.5159360082024,0.426,0.062,2.0412860615291e-113,"Noa1-201",2.0412860615291e-113,"Up"
3.32321889181603e-118,1.27801481541497,0.507,0.087,2.55402664711629e-113,"Xpo5-201",2.55402664711629e-113,"Up"
3.96178509239653e-118,2.2726543568486,0.337,0.038,3.04479031491043e-113,"Magoh-202",3.04479031491043e-113,"Up"
4.62395339806652e-118,1.38301843191672,0.446,0.069,3.55369314455004e-113,"Trmt1-211",3.55369314455004e-113,"Up"
6.04692035154233e-118,1.66502453614332,0.455,0.072,4.64730016697435e-113,"Trmt1-205",4.64730016697435e-113,"Up"
8.92392898267181e-118,1.38722089446922,0.606,0.123,6.85839638034259e-113,"Eif4ebp1-201",6.85839638034259e-113,"Up"
9.6745728264047e-118,1.59139097756047,0.515,0.092,7.43529620000507e-113,"1810009A15Rik-201",7.43529620000507e-113,"Up"
1.10563358860712e-117,1.57322980778219,0.366,0.046,8.49723638188115e-113,"Rrp15-201",8.49723638188115e-113,"Up"
1.13141754668651e-117,1.76366616344746,0.369,0.047,8.69539641330451e-113,"Oxnad1-201",8.69539641330451e-113,"Up"
1.17959765151096e-117,1.20970824539147,0.525,0.092,9.06567979092233e-113,"Ppp2r2d-207",9.06567979092233e-113,"Up"
1.34561559789004e-117,1.33946318708355,0.569,0.111,1.03415941160241e-112,"Pum3-208",1.03415941160241e-112,"Up"
1.4613288858547e-117,1.45123134429298,0.569,0.111,1.12308970193477e-112,"Lars-201",1.12308970193477e-112,"Up"
1.58483183451875e-117,2.13976584775622,0.416,0.062,1.21800665810104e-112,"Adsl-205",1.21800665810104e-112,"Up"
1.98143934427794e-117,1.21957055080064,0.485,0.081,1.52281539365137e-112,"Ppp5c-201",1.52281539365137e-112,"Up"
2.30513465792863e-117,1.87314933918817,0.723,0.227,1.77158819000447e-112,"Timm23-201",1.77158819000447e-112,"Up"
2.31659435936864e-117,1.38666340697777,0.361,0.044,1.78039542894917e-112,"Scamp3-202",1.78039542894917e-112,"Up"
2.43272891330351e-117,1.77789084120646,0.371,0.047,1.86964947903028e-112,"Ube2v2-206",1.86964947903028e-112,"Up"
2.86956201896702e-117,4.01649754828709,0.354,0.048,2.20537319405691e-112,"Ftl1-206",2.20537319405691e-112,"Up"
3.60783212361768e-117,1.83484733934654,0.46,0.075,2.77276330028513e-112,"Mrpl9-201",2.77276330028513e-112,"Up"
6.50042061090215e-117,1.29383174240292,0.418,0.06,4.99583325630274e-112,"Dhrs13-203",4.99583325630274e-112,"Up"
7.32699276881719e-117,1.30427370755324,0.332,0.037,5.63108702254676e-112,"Rfng-201",5.63108702254676e-112,"Up"
8.11703463673608e-117,1.39901661875148,0.485,0.081,6.23826579971715e-112,"Nfs1-201",6.23826579971715e-112,"Up"
1.01053282072328e-116,1.6062335866913,0.465,0.077,7.76634894038672e-112,"Lsm2-202",7.76634894038672e-112,"Up"
2.32943715766479e-116,1.20905066660419,0.453,0.069,1.7902656331517e-111,"Ccdc115-202",1.7902656331517e-111,"Up"
2.75827804377275e-116,1.16605125272886,0.525,0.093,2.11984700776111e-111,"Samm50-201",2.11984700776111e-111,"Up"
2.95622933757673e-116,1.00851512637958,0.396,0.053,2.27198049510122e-111,"Pus7-201",2.27198049510122e-111,"Up"
4.08033941494223e-116,1.14716137638467,0.458,0.073,3.1359040539597e-111,"Lap3-201",3.1359040539597e-111,"Up"
4.72589773693568e-116,1.64908218742343,0.634,0.144,3.63204144674455e-111,"Gnl3-201",3.63204144674455e-111,"Up"
6.76663451029868e-116,1.23497118860606,0.46,0.073,5.20042928654494e-111,"Ssr4-203",5.20042928654494e-111,"Up"
7.71856129895812e-116,1.18102164911372,0.527,0.094,5.93202310070128e-111,"Ppp2r2d-201",5.93202310070128e-111,"Up"
8.82325736187582e-116,1.65494637514509,0.347,0.041,6.78102621289604e-111,"Cox5a-202",6.78102621289604e-111,"Up"
1.05531321636192e-115,1.58388018511039,0.545,0.105,8.11050419302787e-111,"Mrps34-203",8.11050419302787e-111,"Up"
1.07714273300386e-115,1.65032875411446,0.356,0.044,8.2782727602279e-111,"Pmpcb-201",8.2782727602279e-111,"Up"
1.33506349832403e-115,1.80756732805697,0.361,0.047,1.02604970100195e-110,"Timm10b-201",1.02604970100195e-110,"Up"
1.80922284606211e-115,1.76822893747699,0.76,0.226,1.39046012611257e-110,"Ranbp1-202",1.39046012611257e-110,"Up"
2.08416267741e-115,1.51331997842122,0.597,0.123,1.60176238409668e-110,"Elac2-202",1.60176238409668e-110,"Up"
2.84790388539152e-115,1.6443254108083,0.361,0.045,2.1887280520788e-110,"Chtf8-201",2.1887280520788e-110,"Up"
5.80223565789118e-115,1.03074368490079,0.399,0.055,4.45925019251569e-110,"Mrps12-201",4.45925019251569e-110,"Up"
6.50157724676198e-115,1.4755244196084,0.391,0.053,4.99672217722645e-110,"Ints1-204",4.99672217722645e-110,"Up"
7.88716999543966e-115,1.56928513310699,0.619,0.136,6.0616056282952e-110,"Dgkz-203",6.0616056282952e-110,"Up"
8.44711010170509e-115,1.11891802778752,0.443,0.067,6.49194199756443e-110,"Cenph-201",6.49194199756443e-110,"Up"
9.62117577907831e-115,1.51228068556428,0.584,0.119,7.39425843325285e-110,"Rfc2-201",7.39425843325285e-110,"Up"
2.18090069044506e-114,1.4133963977081,0.413,0.06,1.67610941663464e-109,"Sdad1-203",1.67610941663464e-109,"Up"
2.4016801936233e-114,1.61485376762487,0.5,0.088,1.84578729600725e-109,"Farsa-201",1.84578729600725e-109,"Up"
2.47484770745973e-114,1.33746109723007,0.403,0.058,1.9020194570911e-109,"Gnpat-201",1.9020194570911e-109,"Up"
2.72292780555069e-114,1.5255641901181,0.941,0.732,2.09267893567793e-109,"Ybx1-201",2.09267893567793e-109,"Up"
2.77144494897236e-114,1.31265067339513,0.597,0.121,2.12996630108322e-109,"Psmb2-201",2.12996630108322e-109,"Up"
2.86260516744843e-114,1.2028294982185,0.49,0.083,2.20002657539082e-109,"Mrps7-201",2.20002657539082e-109,"Up"
4.18255815347295e-114,1.24302428947352,0.376,0.049,3.2144632432701e-109,"Pus7-204",3.2144632432701e-109,"Up"
4.82216151982687e-114,1.28575796425702,0.339,0.04,3.70602401444774e-109,"Fam162a-201",3.70602401444774e-109,"Up"
5.69393187997299e-114,1.18175277562348,0.54,0.099,4.37601440703444e-109,"Umps-201",4.37601440703444e-109,"Up"
7.33487806675309e-114,1.78988464913162,0.894,0.507,5.63714718942242e-109,"Eef1g-201",5.63714718942242e-109,"Up"
9.28990727722645e-114,1.58288323956373,0.361,0.046,7.13966533883961e-109,"Chtf8-204",7.13966533883961e-109,"Up"
2.61466375167449e-113,1.39992561099228,0.53,0.1,2.00947367971191e-108,"Psmb4-201",2.00947367971191e-108,"Up"
3.08952136493676e-113,1.4059764310097,0.45,0.071,2.3744207498085e-108,"Gga2-202",2.3744207498085e-108,"Up"
4.51074075655178e-113,1.36535139251539,0.686,0.163,3.46668470104031e-108,"Gng5-201",3.46668470104031e-108,"Up"
4.79286003942252e-113,1.27866177880713,0.649,0.145,3.68350465469779e-108,"Pmpca-201",3.68350465469779e-108,"Up"
5.23184669100844e-113,1.29628859061439,0.554,0.109,4.02088345590763e-108,"Exosc3-201",4.02088345590763e-108,"Up"
1.13591084214211e-112,1.42002352801423,0.351,0.044,8.72992918619898e-108,"Cpsf1-201",8.72992918619898e-108,"Up"
1.13746145496684e-112,1.19087421006179,0.436,0.068,8.74184626600212e-108,"Ppil1-201",8.74184626600212e-108,"Up"
1.27130749191373e-112,1.06614178247542,0.597,0.117,9.77050659835378e-108,"Med9-201",9.77050659835378e-108,"Up"
1.3194690901873e-112,1.02606127746645,0.498,0.087,1.01406477457255e-107,"Ssr4-208",1.01406477457255e-107,"Up"
1.61810423598855e-112,1.69901053239253,0.752,0.23,1.24357782952664e-107,"Lyar-201",1.24357782952664e-107,"Up"
1.61929111248546e-112,1.17142392351286,0.658,0.141,1.24448999158957e-107,"Polr1d-201",1.24448999158957e-107,"Up"
3.70365119803347e-112,1.25656136768795,0.411,0.06,2.84640409173664e-107,"Dhrs13-201",2.84640409173664e-107,"Up"
4.82668469395898e-112,1.08115885383578,0.381,0.052,3.70950025469524e-107,"Commd2-202",3.70950025469524e-107,"Up"
4.96361632744498e-112,1.3365942068841,0.384,0.053,3.81473769229456e-107,"Atp5g2-202",3.81473769229456e-107,"Up"
4.98198287397266e-112,1.31024871314132,0.53,0.103,3.82885311796295e-107,"Prmt5-201",3.82885311796295e-107,"Up"
5.1247269739753e-112,1.31208444212811,0.374,0.05,3.93855766857897e-107,"Yeats2-201",3.93855766857897e-107,"Up"
7.46318873802559e-112,1.24556182684341,0.579,0.119,5.73575907272219e-107,"Fkbp1a-201",5.73575907272219e-107,"Up"
9.35934793986793e-112,1.25851418901496,0.351,0.044,7.1930332657061e-107,"Trmt2a-204",7.1930332657061e-107,"Up"
1.03808039775386e-111,1.20792178056875,0.351,0.044,7.97806308889751e-107,"Yars2-201",7.97806308889751e-107,"Up"
2.01016911010645e-111,1.38440651626331,0.354,0.045,1.54489536788121e-106,"Pus7-206",1.54489536788121e-106,"Up"
2.22883248982585e-111,1.36140681790777,0.45,0.072,1.71294692173076e-106,"Gga2-201",1.71294692173076e-106,"Up"
2.6330951459556e-111,1.33905543894091,0.342,0.042,2.02363894347271e-106,"Trmt2a-202",2.02363894347271e-106,"Up"
4.89855744076412e-111,1.21242756641549,0.51,0.092,3.76473733552486e-106,"Ndufv1-214",3.76473733552486e-106,"Up"
4.95791948130068e-111,1.42828375422686,0.564,0.114,3.81035943815882e-106,"Jmjd6-201",3.81035943815882e-106,"Up"
5.7852855210418e-111,1.91149207423203,0.718,0.215,4.44622333434146e-106,"Lyar-202",4.44622333434146e-106,"Up"
1.07472178091731e-110,1.9022344232168,0.361,0.048,8.25966677506191e-106,"Tma16-202",8.25966677506191e-106,"Up"
2.00101491890083e-110,1.45573588469492,0.394,0.056,1.53786000577205e-105,"Ints1-210",1.53786000577205e-105,"Up"
2.03013183956726e-110,1.67171236707141,0.512,0.098,1.56023752398102e-105,"Cops7a-201",1.56023752398102e-105,"Up"
2.08777415114953e-110,1.32048380779943,0.748,0.2,1.60453794612446e-105,"Trim28-201",1.60453794612446e-105,"Up"
2.9190473113969e-110,1.36719409049607,0.399,0.058,2.24340462070098e-105,"Ints1-201",2.24340462070098e-105,"Up"
4.45496723646397e-110,1.27064900019474,0.49,0.085,3.42382051991202e-105,"Wdr36-202",3.42382051991202e-105,"Up"
5.65049058746192e-110,1.59136134875227,0.738,0.226,4.34262803608799e-105,"Cdk4-201",4.34262803608799e-105,"Up"
8.16740393472922e-110,1.15430186685437,0.411,0.062,6.2769766199968e-105,"Ppil1-203",6.2769766199968e-105,"Up"
9.80619557795562e-110,1.55768530138696,0.671,0.173,7.53645354948201e-105,"Mrps5-201",7.53645354948201e-105,"Up"
1.25307234786576e-109,1.13991415067133,0.527,0.098,9.63036222228753e-105,"Wars1-205",9.63036222228753e-105,"Up"
1.27266565971982e-109,2.07335555452308,0.77,0.259,9.7809446612107e-105,"Aldoa-201",9.7809446612107e-105,"Up"
1.30677983659583e-109,1.28848230170709,0.515,0.094,1.00431257561736e-104,"Coq5-201",1.00431257561736e-104,"Up"
1.85486132749909e-109,1.01826342234444,0.515,0.095,1.42553512463615e-104,"Mrpl37-201",1.42553512463615e-104,"Up"
1.99189653429282e-109,1.12776104136553,0.448,0.073,1.5308521624654e-104,"Mrpl58-202",1.5308521624654e-104,"Up"
4.95270887403185e-109,1.17031464654339,0.421,0.065,3.80635487804844e-104,"Ttll4-201",3.80635487804844e-104,"Up"
5.79287899956742e-109,1.45393671050288,0.592,0.129,4.45205922632754e-104,"Emg1-201",4.45205922632754e-104,"Up"
7.76425001740851e-109,1.18767312458177,0.601,0.123,5.96713670837914e-104,"Abcf2-201",5.96713670837914e-104,"Up"
1.02799852834236e-108,1.69980106590765,0.354,0.047,7.90057988972235e-104,"Ube2v2-201",7.90057988972235e-104,"Up"
1.21686215554403e-108,1.06894741694307,0.52,0.095,9.35207241021807e-104,"Nup205-201",9.35207241021807e-104,"Up"
1.60490262355423e-108,1.54570631931318,0.394,0.057,1.23343186230637e-103,"Ssbp1-202",1.23343186230637e-103,"Up"
1.81506941953582e-108,1.06636726070893,0.47,0.081,1.39495345169006e-103,"St3gal6-210",1.39495345169006e-103,"Up"
2.11047307242084e-108,1.23304146621784,0.478,0.083,1.62198297507832e-103,"Gsto1-204",1.62198297507832e-103,"Up"
6.25290377991141e-108,2.03071025656328,0.349,0.046,4.80560667101311e-103,"Hyou1-201",4.80560667101311e-103,"Up"
6.77750857522752e-108,1.22094414929898,0.465,0.078,5.20878644040536e-103,"Rcc2-201",5.20878644040536e-103,"Up"
8.03496618657985e-108,1.09228135520778,0.53,0.1,6.17519291303408e-103,"Wars1-201",6.17519291303408e-103,"Up"
1.31003825802069e-107,1.08305008267451,0.374,0.052,1.00681680281922e-102,"Pcid2-201",1.00681680281922e-102,"Up"
1.60240696979952e-107,1.5078529537854,0.426,0.067,1.23151385256972e-102,"Bag2-201",1.23151385256972e-102,"Up"
2.60266455658061e-107,2.10813372348002,0.78,0.295,2.00025181831446e-102,"Eno1-202",2.00025181831446e-102,"Up"
3.81113241893774e-107,1.20079672673851,0.5,0.091,2.92900770925041e-102,"Ndufv1-202",2.92900770925041e-102,"Up"
4.27380460839013e-107,1.24873493777078,0.48,0.086,3.28458979373215e-102,"Trnt1-201",3.28458979373215e-102,"Up"
5.44693662064313e-107,1.2482849351753,0.564,0.113,4.18618867042907e-102,"Mrpl32-203",4.18618867042907e-102,"Up"
7.06643039570912e-107,1.19956793181651,0.347,0.045,5.43083441631828e-102,"Ebag9-202",5.43083441631828e-102,"Up"
8.84019456583542e-107,1.0272759412764,0.347,0.045,6.79404313162715e-102,"Dda1-202",6.79404313162715e-102,"Up"
1.0620823008523e-106,1.23703984194323,0.5,0.091,8.16252731497024e-102,"Akirin2-201",8.16252731497024e-102,"Up"
1.31327418787956e-106,-3.21300321209047,0.651,0.866,1.00930374435296e-101,"Hsd3b6-201",1.00930374435296e-101,"Down"
1.46009631577952e-106,1.19375115889508,0.559,0.114,1.1221424225292e-101,"Wdr12-201",1.1221424225292e-101,"Up"
1.68747648613749e-106,1.36565906485215,0.505,0.094,1.29689317865611e-101,"Gemin5-201",1.29689317865611e-101,"Up"
1.79721495299075e-106,1.12946194300582,0.371,0.052,1.38123157997151e-101,"Trmt2a-203",1.38123157997151e-101,"Up"
2.27187806981824e-106,1.0830489659612,0.423,0.067,1.74602917177811e-101,"Mrps17-201",1.74602917177811e-101,"Up"
2.91439097759091e-106,1.31949762669163,0.342,0.044,2.23982604191772e-101,"Yeats2-208",2.23982604191772e-101,"Up"
3.08222201189058e-106,1.49584683574462,0.718,0.19,2.36881090501839e-101,"Nhp2-202",2.36881090501839e-101,"Up"
3.58109967602789e-106,1.00556051551796,0.351,0.047,2.75221834501448e-101,"Dph3-204",2.75221834501448e-101,"Up"
3.97712530942974e-106,1.57961729754836,0.527,0.111,3.05657988530913e-101,"Dkc1-201",3.05657988530913e-101,"Up"
4.05298412792709e-106,1.2924591903616,0.354,0.048,3.11488042167709e-101,"Ints2-201",3.11488042167709e-101,"Up"
4.57806199931e-106,1.61198272848574,0.641,0.146,3.51842376894971e-101,"Mdn1-201",3.51842376894971e-101,"Up"
5.01028853324341e-106,1.10731917568478,0.334,0.042,3.85060714933889e-101,"Dda1-208",3.85060714933889e-101,"Up"
6.0946637077189e-106,1.1412020193482,0.579,0.12,4.68399284593028e-101,"Mrps10-202",4.68399284593028e-101,"Up"
6.73834424907898e-106,1.92389581302746,0.347,0.046,5.17868708918716e-101,"Hyou1-206",5.17868708918716e-101,"Up"
8.33753641866422e-106,1.16942761303645,0.465,0.08,6.4077302392002e-101,"Rcc2-202",6.4077302392002e-101,"Up"
8.49829908956088e-106,1.8553623609608,0.661,0.19,6.53128278229112e-101,"Cdk4-207",6.53128278229112e-101,"Up"
1.03605844639282e-105,1.4491791220917,0.455,0.079,7.9625235839074e-101,"Atg2b-201",7.9625235839074e-101,"Up"
1.69637304107422e-105,1.54319297423908,0.782,0.241,1.30373053698718e-100,"Cct6a-201",1.30373053698718e-100,"Up"
1.75217381748147e-105,1.08223288444782,0.408,0.063,1.34661566568721e-100,"Dph5-204",1.34661566568721e-100,"Up"
2.13377991528844e-105,1.17500232553821,0.347,0.046,1.63989521609578e-100,"Katnal1-201",1.63989521609578e-100,"Up"
2.76696339735582e-105,1.99525473547017,0.948,0.729,2.12652204940384e-100,"Ppia-202",2.12652204940384e-100,"Up"
3.01510067258174e-105,1.37054408511142,0.488,0.092,2.31722547090597e-100,"Tsr1-201",2.31722547090597e-100,"Up"
3.45752868773232e-105,1.09993251546667,0.468,0.082,2.65724909766979e-100,"Dcps-201",2.65724909766979e-100,"Up"
3.57779757245754e-105,1.05310472537171,0.515,0.101,2.74968054633652e-100,"Txnl4a-204",2.74968054633652e-100,"Up"
3.58935093487898e-105,1.57857291537581,0.651,0.169,2.75855976749189e-100,"Gpi1-201",2.75855976749189e-100,"Up"
4.83910306755135e-105,1.83826144616568,0.332,0.042,3.71904427153591e-100,"Dda1-205",3.71904427153591e-100,"Up"
4.99810970235868e-105,1.16393422290658,0.562,0.116,3.84124723065074e-100,"Mrpl27-201",3.84124723065074e-100,"Up"
8.25491765886878e-105,1.18258981040951,0.364,0.051,6.34423441754701e-100,"Setd6-201",6.34423441754701e-100,"Up"
1.12426435687889e-104,1.15953608402407,0.332,0.042,8.640421288357e-100,"Yars2-205",8.640421288357e-100,"Up"
1.47587980750418e-104,1.06520405131458,0.507,0.094,1.13427266725926e-99,"Nup205-204",1.13427266725926e-99,"Up"
1.71475329619712e-104,1.53809083401384,0.621,0.144,1.31785649825934e-99,"Ano1-203",1.31785649825934e-99,"Up"
2.81873210409581e-104,1.03656239620988,0.45,0.076,2.16630837128179e-99,"Mrpl38-205",2.16630837128179e-99,"Up"
2.91597114999929e-104,1.34347654911978,0.755,0.197,2.24104046762046e-99,"Gadd45gip1-201",2.24104046762046e-99,"Up"
3.48104990229646e-104,1.4882531895034,0.463,0.081,2.67532609191092e-99,"Rbm28-201",2.67532609191092e-99,"Up"
3.93108753836104e-104,1.17400379983593,0.391,0.058,3.02119801673199e-99,"Sf3b5-201",3.02119801673199e-99,"Up"
4.4184746487246e-104,1.63869556095851,0.772,0.271,3.39577450653081e-99,"Park7-201",3.39577450653081e-99,"Up"
4.89559237212335e-104,1.38127265322043,0.547,0.114,3.76245856167168e-99,"Aatf-201",3.76245856167168e-99,"Up"
5.28626445322561e-104,1.24322595460256,0.339,0.044,4.06270568288201e-99,"Ebag9-201",4.06270568288201e-99,"Up"
6.55159859445574e-104,1.77927684815639,0.678,0.195,5.03516558378302e-99,"Chchd2-201",5.03516558378302e-99,"Up"
8.83245355847305e-104,1.10993120133844,0.582,0.122,6.78809385782888e-99,"Mrps10-201",6.78809385782888e-99,"Up"
1.10492757505806e-103,1.49380187597151,0.671,0.164,8.49181038535118e-99,"Farsb-201",8.49181038535118e-99,"Up"
1.59094687818199e-103,1.15985753278618,0.552,0.112,1.22270631375799e-98,"Fasn-201",1.22270631375799e-98,"Up"
1.68291027736259e-103,1.28284554352792,0.411,0.065,1.29338386456425e-98,"Rbm14-201",1.29338386456425e-98,"Up"
1.88618244402432e-103,1.03895306959367,0.557,0.115,1.44960665553045e-98,"Bccip-201",1.44960665553045e-98,"Up"
2.11470381258275e-103,1.47672816178322,0.354,0.049,1.62523446812235e-98,"Emc1-201",1.62523446812235e-98,"Up"
3.2889305036704e-103,1.00974494649091,0.418,0.067,2.52767464929085e-98,"Dph5-201",2.52767464929085e-98,"Up"
3.73487207711985e-103,1.70040318221478,0.75,0.259,2.87039858614969e-98,"Park7-204",2.87039858614969e-98,"Up"
5.02296488807317e-103,1.14502446389412,0.359,0.051,3.86034943507976e-98,"Dhx33-202",3.86034943507976e-98,"Up"
7.02586509217104e-103,1.57691155569859,0.574,0.128,5.39965835793713e-98,"Dgkz-202",5.39965835793713e-98,"Up"
9.64091559189982e-103,1.58049124045803,0.401,0.064,7.40942926899869e-98,"Ppp1r14b-202",7.40942926899869e-98,"Up"
1.05182943345104e-102,1.32562414015905,0.332,0.043,8.08372992784459e-98,"Cpsf1-213",8.08372992784459e-98,"Up"
1.15235205797493e-102,1.35087145282213,0.515,0.103,8.85628650636056e-98,"Dcun1d5-202",8.85628650636056e-98,"Up"
1.1675867874435e-102,1.11682317678084,0.644,0.147,8.9733714962183e-98,"Mrpl54-201",8.9733714962183e-98,"Up"
3.01693860722325e-102,1.01613951148393,0.356,0.05,2.31863799719536e-97,"Trmt2a-207",2.31863799719536e-97,"Up"
3.67208268614637e-102,1.24644251078267,0.411,0.065,2.82214242761093e-97,"Mrps17-205",2.82214242761093e-97,"Up"
4.74686916055075e-102,1.31822679200613,0.498,0.095,3.64815882464968e-97,"Gemin5-202",3.64815882464968e-97,"Up"
6.58026941447174e-102,1.29321837448018,0.332,0.043,5.05720025579811e-97,"Yeats2-212",5.05720025579811e-97,"Up"
6.86423891812696e-102,1.05063937721856,0.441,0.075,5.2754421781373e-97,"Aifm1-201",5.2754421781373e-97,"Up"
7.3227509441047e-102,1.30922882740384,0.619,0.148,5.62782701058222e-97,"Cyc1-201",5.62782701058222e-97,"Up"
7.3980633090199e-102,1.36619845120546,0.394,0.061,5.68570757551415e-97,"Rbm14-202",5.68570757551415e-97,"Up"
8.45452639451154e-102,1.07626781081686,0.418,0.068,6.4976417152379e-97,"Rheb-201",6.4976417152379e-97,"Up"
1.17142735965222e-101,1.39611534200284,0.505,0.098,9.00288782987114e-97,"Shmt2-201",9.00288782987114e-97,"Up"
1.34672818477644e-101,2.3632585029906,0.411,0.067,1.03501447912809e-96,"Col1a1-201",1.03501447912809e-96,"Up"
1.52203531212354e-101,1.28555840632894,0.559,0.121,1.16974501877943e-96,"Mrpl36-201",1.16974501877943e-96,"Up"
1.62230188264012e-101,1.06960200794072,0.619,0.138,1.24680388888424e-96,"Ppa1-201",1.24680388888424e-96,"Up"
2.76067962641986e-101,1.12544404031563,0.597,0.127,2.12169272008872e-96,"Fam136a-201",2.12169272008872e-96,"Up"
3.21490541811131e-101,1.03619610795041,0.572,0.12,2.47078341003526e-96,"Cdc26-203",2.47078341003526e-96,"Up"
5.1688616032113e-101,1.61492008994919,0.814,0.348,3.97247689653201e-96,"Slc25a5-201",3.97247689653201e-96,"Up"
6.63198806390073e-101,1.33611062109458,0.473,0.087,5.09694810663027e-96,"Exosc8-208",5.09694810663027e-96,"Up"
9.4587598333543e-101,1.26377205108346,0.436,0.075,7.26943528232612e-96,"Rhno1-201",7.26943528232612e-96,"Up"
1.92730540685174e-100,1.03124053304753,0.431,0.072,1.48121129738183e-95,"Oaf-201",1.48121129738183e-95,"Up"
3.54727785886199e-100,1.29231734508942,0.495,0.096,2.72622492564979e-95,"Ndufb10-201",2.72622492564979e-95,"Up"
4.24933834907744e-100,1.08900282714518,0.547,0.113,3.26578649479998e-95,"Apeh-206",3.26578649479998e-95,"Up"
4.32291795555106e-100,1.40584661887107,0.354,0.051,3.32233536555921e-95,"Dhx30-219",3.32233536555921e-95,"Up"
4.85264360915713e-100,1.12536271770924,0.502,0.098,3.72945071938162e-95,"Ccdc86-201",3.72945071938162e-95,"Up"
6.00263057637721e-100,1.0703560076867,0.54,0.109,4.61326170316894e-95,"Nup210-201",4.61326170316894e-95,"Up"
6.32357383818126e-100,1.17680356961478,0.443,0.077,4.85991943759583e-95,"Umps-202",4.85991943759583e-95,"Up"
7.43645845370131e-100,1.00847863991605,0.577,0.127,5.71521578000761e-95,"Nup54-201",5.71521578000761e-95,"Up"
8.72566184122999e-100,1.13744767456048,0.413,0.069,6.7060201514589e-95,"Kat8-201",6.7060201514589e-95,"Up"
9.70760728826897e-100,1.14595953253263,0.403,0.065,7.46068450532624e-95,"Rfx1-201",7.46068450532624e-95,"Up"
9.72805837051571e-100,1.26188409277809,0.334,0.045,7.47640198007614e-95,"Dut-201",7.47640198007614e-95,"Up"
1.29933010090535e-99,1.19898024739121,0.7,0.183,9.98587155749797e-95,"Pes1-201",9.98587155749797e-95,"Up"
2.51394308519599e-99,1.20912832912855,0.366,0.054,1.93206581869653e-94,"Ssbp1-201",1.93206581869653e-94,"Up"
2.62874687032398e-99,1.45202305955992,0.656,0.162,2.02029711971879e-94,"Farsb-202",2.02029711971879e-94,"Up"
3.04899653754614e-99,1.37352421100107,0.483,0.092,2.34327579896571e-94,"Shmt2-206",2.34327579896571e-94,"Up"
4.76825034817356e-99,1.22953909556246,0.557,0.119,3.66459112258531e-94,"Lonp1-201",3.66459112258531e-94,"Up"
6.35823761312892e-99,1.01596047253391,0.537,0.109,4.8865599351941e-94,"Ythdf1-201",4.8865599351941e-94,"Up"
6.61750341968644e-99,1.08243123355501,0.408,0.068,5.08581607816581e-94,"Nup188-201",5.08581607816581e-94,"Up"
6.94534228767094e-99,1.19977143065812,0.394,0.063,5.33777336176662e-94,"Rfx1-204",5.33777336176662e-94,"Up"
7.31779757385324e-99,1.47312041599912,0.446,0.081,5.62402014740917e-94,"1810009A15Rik-203",5.62402014740917e-94,"Up"
7.91274176752919e-99,1.38918349364376,0.332,0.045,6.08125855801688e-94,"ENSMUST00000249838.1",6.08125855801688e-94,"Up"
1.26496035960471e-98,1.04026783698668,0.48,0.091,9.72172634770607e-94,"Nubp1-201",9.72172634770607e-94,"Up"
1.8806768499973e-98,1.5826951156607,0.364,0.054,1.44537538629693e-93,"Nt5c-201",1.44537538629693e-93,"Up"
2.17505620787041e-98,1.36045981164612,0.49,0.096,1.67161769799672e-93,"Ptpmt1-202",1.67161769799672e-93,"Up"
2.53112132866864e-98,1.27218930021575,0.592,0.134,1.945267985935e-93,"Dnajc2-201",1.945267985935e-93,"Up"
2.65368155232445e-98,1.25076710909512,0.599,0.133,2.03946042022343e-93,"Timm8a1-201",2.03946042022343e-93,"Up"
2.9457556726893e-98,1.03095254539867,0.381,0.059,2.26393106468863e-93,"Xrcc6-202",2.26393106468863e-93,"Up"
3.53947030390167e-98,1.18788515718097,0.403,0.067,2.72022450736059e-93,"Tmed5-201",2.72022450736059e-93,"Up"
5.04520737126291e-98,1.21146074180533,0.629,0.151,3.8774436731104e-93,"Swi5-207",3.8774436731104e-93,"Up"
5.04520737126291e-98,1.21146074161594,0.629,0.151,3.8774436731104e-93,"Swi5-201",3.8774436731104e-93,"Up"
5.46785863032226e-98,1.04851897153745,0.527,0.108,4.20226807174787e-93,"H2af-ps2-201",4.20226807174787e-93,"Up"
5.83217546376976e-98,1.41105663772227,0.351,0.051,4.48226013092561e-93,"Atpaf2-201",4.48226013092561e-93,"Up"
7.16850371671348e-98,1.00739603515155,0.604,0.144,5.50928184644298e-93,"Dgkz-201",5.50928184644298e-93,"Up"
9.37345941752713e-98,1.09164077109867,0.535,0.108,7.2038785007463e-93,"Gpc4-201",7.2038785007463e-93,"Up"
1.26127168647566e-97,1.39582670007161,0.364,0.054,9.69337741924004e-93,"Rtel1-217",9.69337741924004e-93,"Up"
1.9927873489847e-97,1.10171634847289,0.356,0.053,1.5315367891887e-92,"Hdac3-201",1.5315367891887e-92,"Up"
2.02257543513302e-97,1.17288585578866,0.379,0.059,1.55443012491713e-92,"Nob1-208",1.55443012491713e-92,"Up"
2.06432362834889e-97,1.44927968884418,0.532,0.114,1.58651528133126e-92,"Mrpl15-206",1.58651528133126e-92,"Up"
2.35239814426602e-97,1.45752575006397,0.564,0.129,1.80791206979421e-92,"Dgkz-214",1.80791206979421e-92,"Up"
2.87938591971206e-97,1.29006247431636,0.359,0.053,2.2129232547355e-92,"Dhrs13-204",2.2129232547355e-92,"Up"
3.04738610087488e-97,1.59195234162657,0.601,0.155,2.34203811396638e-92,"Stoml2-201",2.34203811396638e-92,"Up"
3.33915331246876e-97,1.38643020378681,0.349,0.051,2.56627288676474e-92,"Ciapin1-201",2.56627288676474e-92,"Up"
5.25916465105818e-97,1.20286351305308,0.54,0.111,4.04187840092425e-92,"Kars-203",4.04187840092425e-92,"Up"
5.67347823237946e-97,1.07679270824796,0.446,0.08,4.36029496071291e-92,"Rbm8a-202",4.36029496071291e-92,"Up"
6.44675727964545e-97,1.16113204354127,0.366,0.055,4.95459083969871e-92,"Gaa-201",4.95459083969871e-92,"Up"
7.13366147589371e-97,1.26909328842352,0.537,0.115,5.48250419068335e-92,"Gcn1-201",5.48250419068335e-92,"Up"
7.88430666615014e-97,1.07572383592935,0.577,0.13,6.05940504520303e-92,"Ap1ar-201",6.05940504520303e-92,"Up"
8.26557102610581e-97,1.83572891761586,0.777,0.296,6.35242195640336e-92,"Fabp5-201",6.35242195640336e-92,"Up"
9.11628194340536e-97,1.13238497491561,0.399,0.065,7.00622732478475e-92,"Scarb1-201",7.00622732478475e-92,"Up"
1.14193310131909e-96,1.20110851677468,0.401,0.066,8.7762126568777e-92,"Mrps17-202",8.7762126568777e-92,"Up"
1.19730674554323e-96,1.01842716353888,0.473,0.089,9.20178126219798e-92,"Ssr2-201",9.20178126219798e-92,"Up"
1.61041821538137e-96,1.09514259357189,0.525,0.107,1.2376708152492e-91,"Nup210-202",1.2376708152492e-91,"Up"
3.49543312611395e-96,1.14313884645595,0.366,0.056,2.68638017474362e-91,"Rpn1-201",2.68638017474362e-91,"Up"
4.46686468809545e-96,1.13449191920642,0.51,0.103,3.43296418738888e-91,"Apeh-209",3.43296418738888e-91,"Up"
5.02280095101994e-96,1.54855967548174,0.606,0.141,3.86022344289687e-91,"Mdn1-211",3.86022344289687e-91,"Up"
5.19856382038499e-96,1.37076869546656,0.366,0.056,3.99530423851868e-91,"Tufm-201",3.99530423851868e-91,"Up"
6.14723793425211e-96,1.14993071108433,0.386,0.062,4.72439824199011e-91,"Rnf40-202",4.72439824199011e-91,"Up"
9.26942103143e-96,1.15819556298405,0.537,0.111,7.12392083949521e-91,"Kars-202",7.12392083949521e-91,"Up"
1.37848380835293e-95,1.85245038678502,0.376,0.061,1.05941994607156e-90,"Cdk5rap3-201",1.05941994607156e-90,"Up"
1.79339680160793e-95,1.09110341383626,0.478,0.094,1.37829717790776e-90,"Ndufs3-201",1.37829717790776e-90,"Up"
1.98400916761781e-95,1.13936900270319,0.453,0.084,1.524790405681e-90,"Wars1-202",1.524790405681e-90,"Up"
2.35261964180665e-95,1.20127218162453,0.592,0.139,1.80808229951408e-90,"Trib3-201",1.80808229951408e-90,"Up"
2.77392416076658e-95,1.28381840799929,0.517,0.108,2.13187167451554e-90,"Hras-202",2.13187167451554e-90,"Up"
4.01013630891107e-95,1.07089643058488,0.51,0.104,3.08195015885051e-90,"Nifk-201",3.08195015885051e-90,"Up"
5.90399614783752e-95,1.28277500177556,0.369,0.057,4.53745719945905e-90,"Pfkm-205",4.53745719945905e-90,"Up"
7.32286292060896e-95,1.13474767952818,0.448,0.082,5.62791306900481e-90,"Ndufv1-207",5.62791306900481e-90,"Up"
8.59268853954664e-95,1.2429323229694,0.371,0.058,6.60382485018317e-90,"Pfkm-201",6.60382485018317e-90,"Up"
1.44104512437354e-94,1.26983939679585,0.369,0.057,1.10750081988604e-89,"Pfkm-202",1.10750081988604e-89,"Up"
1.79632569240847e-94,1.36524305745645,0.381,0.061,1.3805481476436e-89,"Ctsz-201",1.3805481476436e-89,"Up"
2.0874473996651e-94,1.06118360008897,0.441,0.08,1.60428682453862e-89,"Bap1-201",1.60428682453862e-89,"Up"
2.36542380630508e-94,1.69164791093311,0.537,0.119,1.81792281209771e-89,"Farsb-204",1.81792281209771e-89,"Up"
2.5083323238334e-94,1.08885141701421,0.351,0.053,1.92775372415892e-89,"Dhx30-224",1.92775372415892e-89,"Up"
2.59775715004703e-94,1.43187341424622,0.574,0.134,1.99648028009714e-89,"Ano1-202",1.99648028009714e-89,"Up"
2.63070787069058e-94,1.22056397283737,0.446,0.082,2.02180422694054e-89,"Psat1-201",2.02180422694054e-89,"Up"
2.74816823167237e-94,1.07012704226483,0.394,0.065,2.11207721276948e-89,"Ube2a-208",2.11207721276948e-89,"Up"
3.47689325110842e-94,1.57790828638292,0.658,0.187,2.67213153920687e-89,"Snd1-201",2.67213153920687e-89,"Up"
3.69941574121406e-94,1.30078844913364,0.389,0.064,2.84314897375265e-89,"Ppp5c-205",2.84314897375265e-89,"Up"
5.74803215035657e-94,1.08865159124948,0.53,0.115,4.41759262883504e-89,"Iars2-201",4.41759262883504e-89,"Up"
6.15427377972834e-94,1.01932518611815,0.493,0.098,4.72980557067242e-89,"Trip13-201",4.72980557067242e-89,"Up"
8.76504990029456e-94,1.02137670732391,0.356,0.054,6.73629145037238e-89,"E4f1-205",6.73629145037238e-89,"Up"
1.46953668180361e-93,1.66227540199342,0.344,0.052,1.12939772143335e-88,"Rragd-201",1.12939772143335e-88,"Up"
1.50097765689974e-93,1.37982377915624,0.705,0.196,1.15356136843373e-88,"Cenpx-201",1.15356136843373e-88,"Up"
1.71695308742112e-93,1.07593057475158,0.505,0.107,1.31954712580663e-88,"Cinp-201",1.31954712580663e-88,"Up"
1.72014022953064e-93,1.01349008981938,0.384,0.063,1.32199657200348e-88,"Gaa-203",1.32199657200348e-88,"Up"
3.18246563537852e-93,1.00005567021948,0.525,0.108,2.44585213941381e-88,"Cpsf2-201",2.44585213941381e-88,"Up"
3.94278073678259e-93,1.62966945591967,0.545,0.126,3.0301847074469e-88,"Qars-203",3.0301847074469e-88,"Up"
4.5809300071522e-93,1.44864601346503,0.443,0.085,3.52062794769675e-88,"Htra2-201",3.52062794769675e-88,"Up"
4.64382009698808e-93,1.29506036965483,0.597,0.144,3.56896149733922e-88,"Ano1-201",3.56896149733922e-88,"Up"
4.71858055651917e-93,1.27770233620287,0.601,0.145,3.62641790090724e-88,"Aimp1-206",3.62641790090724e-88,"Up"
5.17313959651935e-93,1.24249445758163,0.359,0.056,3.97576470550898e-88,"Drosha-207",3.97576470550898e-88,"Up"
5.37869810181701e-93,1.14095010027458,0.45,0.087,4.13374463917044e-88,"Nf2-205",4.13374463917044e-88,"Up"
5.86657748642248e-93,1.14432649520481,0.537,0.115,4.50869946141513e-88,"Gpatch4-203",4.50869946141513e-88,"Up"
6.53366747246709e-93,1.22457136751005,0.448,0.085,5.02138479928986e-88,"Gmnn-201",5.02138479928986e-88,"Up"
7.71189556045908e-93,1.18385515959508,0.619,0.152,5.92690021403522e-88,"Aimp1-201",5.92690021403522e-88,"Up"
8.59725810377075e-93,1.3279750903291,0.342,0.051,6.60733674307198e-88,"Rnpepl1-201",6.60733674307198e-88,"Up"
8.9082943665059e-93,1.14296358967077,0.55,0.123,6.84638055243444e-88,"Timm44-206",6.84638055243444e-88,"Up"
9.3321823766029e-93,1.18353002767041,0.483,0.096,7.17215544371439e-88,"Wdr12-203",7.17215544371439e-88,"Up"
9.71058856066277e-93,2.00872879013996,0.698,0.24,7.46297573241177e-88,"ENSMUST00000381763.1",7.46297573241177e-88,"Up"
1.16913469927234e-92,1.33492906319047,0.52,0.114,8.98526781778761e-88,"Slc7a1-201",8.98526781778761e-88,"Up"
1.56124430662764e-92,1.0363903553161,0.584,0.136,1.19987869941561e-87,"Ubqln4-201",1.19987869941561e-87,"Up"
1.99988852843403e-92,1.19664355048218,0.361,0.057,1.53699432964269e-87,"Drosha-201",1.53699432964269e-87,"Up"
2.07332720855113e-92,1.47122632546297,0.369,0.06,1.59343489285989e-87,"Lsm2-201",1.59343489285989e-87,"Up"
2.72641689333489e-92,1.33801692488691,0.522,0.114,2.09536043920359e-87,"Elac2-206",2.09536043920359e-87,"Up"
2.7619158440608e-92,1.41400112934268,0.671,0.181,2.12264280279448e-87,"Cenpx-205",2.12264280279448e-87,"Up"
2.89660328790549e-92,1.57444428930702,0.356,0.056,2.22615549088689e-87,"Zdhhc6-201",2.22615549088689e-87,"Up"
2.96193175382218e-92,1.06564371797856,0.408,0.072,2.2763630300825e-87,"Rexo1-201",2.2763630300825e-87,"Up"
3.01346025096849e-92,1.998351484247,0.696,0.239,2.31596474127933e-87,"Aldoa-203",2.31596474127933e-87,"Up"
3.43260185004743e-92,1.38587068072853,0.349,0.054,2.63809182583545e-87,"Aqr-201",2.63809182583545e-87,"Up"
4.73284979911777e-92,1.50176766486832,0.332,0.048,3.63738438461397e-87,"Ankrd52-201",3.63738438461397e-87,"Up"
4.84509029774914e-92,1.41669733817353,0.376,0.062,3.72364569743212e-87,"Zdhhc6-207",3.72364569743212e-87,"Up"
5.32237859781769e-92,1.16400068760601,0.351,0.054,4.09046084756681e-87,"Prpsap1-201",4.09046084756681e-87,"Up"
5.66557937459826e-92,1.08957133784975,0.545,0.119,4.35422437255375e-87,"Cars-201",4.35422437255375e-87,"Up"
8.04915775842126e-92,1.12406853575367,0.485,0.098,6.18609970365707e-87,"Ddx54-201",6.18609970365707e-87,"Up"
1.20051582615188e-91,1.02925200097091,0.564,0.126,9.22644433030768e-87,"Atp2a2-201",9.22644433030768e-87,"Up"
1.20961274565481e-91,1.47069088476483,0.552,0.13,9.29635779545548e-87,"Qars-218",9.29635779545548e-87,"Up"
1.34295193811888e-91,2.10764573348213,0.545,0.143,1.03211228252188e-86,"Cdc34-205",1.03211228252188e-86,"Up"
1.38317910556189e-91,1.0086110212686,0.572,0.129,1.06302846978853e-86,"Atp2a2-203",1.06302846978853e-86,"Up"
1.45148329481167e-91,1.17096194052123,0.401,0.07,1.11552297139456e-86,"Sft2d1-206",1.11552297139456e-86,"Up"
1.58841494124625e-91,1.03643391583316,0.416,0.073,1.2207604189454e-86,"Rbm8a-206",1.2207604189454e-86,"Up"
2.03897771627061e-91,1.09989024213612,0.351,0.055,1.56703593406262e-86,"Fastk-213",1.56703593406262e-86,"Up"
2.3809681805246e-91,1.3021484917048,0.413,0.075,1.82986928546037e-86,"Aldh18a1-202",1.82986928546037e-86,"Up"
3.99784055055011e-91,1.07820861513586,0.376,0.063,3.07250037671978e-86,"Tyw1-201",3.07250037671978e-86,"Up"
5.63683655915322e-91,1.17585255088959,0.562,0.129,4.33213436917162e-86,"Dnajc2-205",4.33213436917162e-86,"Up"
8.12882798076255e-91,1.20889645565703,0.651,0.172,6.24732945633525e-86,"Mrps15-201",6.24732945633525e-86,"Up"
1.07402776929984e-90,1.37889554228893,0.562,0.136,8.25433301817696e-86,"Cyc1-204",8.25433301817696e-86,"Up"
1.14350024197827e-90,1.1433136023501,0.663,0.173,8.78825675969983e-86,"Psmb1-201",8.78825675969983e-86,"Up"
1.46572295313521e-90,1.14757596635562,0.344,0.052,1.12646671840253e-85,"Pprc1-202",1.12646671840253e-85,"Up"
1.57738643708028e-90,1.00917349010955,0.49,0.101,1.21228457235368e-85,"Wdr12-202",1.21228457235368e-85,"Up"
1.74277906108438e-90,1.26804329079798,0.495,0.104,1.33939541960579e-85,"Jmjd6-206",1.33939541960579e-85,"Up"
2.3326957400516e-90,1.17204031221813,0.678,0.178,1.79276998405925e-85,"Parp1-201",1.79276998405925e-85,"Up"
2.94488980298922e-90,1.10206850301145,0.453,0.087,2.26326560918933e-85,"Jagn1-202",2.26326560918933e-85,"Up"
3.03060215415544e-90,1.05989572124814,0.53,0.114,2.32913897955462e-85,"Gpatch4-202",2.32913897955462e-85,"Up"
3.2591201293985e-90,1.28467487696595,0.606,0.159,2.50476418424792e-85,"Atp5j-201",2.50476418424792e-85,"Up"
3.73025360918537e-90,1.34415539244423,0.517,0.114,2.86684910880332e-85,"Gtf3a-204",2.86684910880332e-85,"Up"
5.00331507122604e-90,1.32587234957271,0.515,0.113,3.84524776484006e-85,"Atic-205",3.84524776484006e-85,"Up"
5.01504874135297e-90,1.4836763095231,0.374,0.063,3.85426555967941e-85,"Aaas-201",3.85426555967941e-85,"Up"
6.41201070595474e-90,1.07270986729567,0.334,0.05,4.92788670795446e-85,"Ube2e1-201",4.92788670795446e-85,"Up"
7.01638774056777e-90,1.24480658524776,0.376,0.063,5.39237463413595e-85,"Trmt6-205",5.39237463413595e-85,"Up"
7.54305343188123e-90,1.47925579417164,0.582,0.146,5.797138284538e-85,"Mars1-201",5.797138284538e-85,"Up"
7.70155513960657e-90,1.07988183634613,0.5,0.108,5.91895318699323e-85,"Ccne1-201",5.91895318699323e-85,"Up"
9.88636065524625e-90,1.29554175038923,0.332,0.05,7.59806361798295e-85,"Rnpepl1-210",7.59806361798295e-85,"Up"
1.67253263031618e-89,1.03264967576851,0.431,0.08,1.2854082277032e-84,"Nvl-201",1.2854082277032e-84,"Up"
1.82574562205996e-89,1.05657780079136,0.517,0.109,1.40315854037797e-84,"Kars-201",1.40315854037797e-84,"Up"
2.00231358504831e-89,1.22391743723616,0.505,0.106,1.53885808265303e-84,"Emc6-201",1.53885808265303e-84,"Up"
3.65961995033179e-89,1.6080095214813,0.379,0.065,2.812564316628e-84,"Col3a1-201",2.812564316628e-84,"Up"
4.18318117620974e-89,1.97402629665668,0.696,0.244,3.21494206116423e-84,"Aldoa-202",3.21494206116423e-84,"Up"
4.90337509230843e-89,1.42465753737122,0.718,0.226,3.76843989344272e-84,"Cks2-201",3.76843989344272e-84,"Up"
5.26651547203862e-89,1.16383977756345,0.349,0.055,4.04752780088056e-84,"Znhit3-201",4.04752780088056e-84,"Up"
5.30663710634731e-89,1.09234229370153,0.644,0.171,4.07836288171216e-84,"Adk-207",4.07836288171216e-84,"Up"
5.66922730943903e-89,1.20411597009274,0.651,0.176,4.35702795639627e-84,"Ppid-201",4.35702795639627e-84,"Up"
5.88086569503253e-89,1.1617329311813,0.46,0.093,4.5196805212603e-84,"Prrc2b-202",4.5196805212603e-84,"Up"
6.66636843763527e-89,1.06024158837659,0.488,0.1,5.12337079906021e-84,"Txn1-201",5.12337079906021e-84,"Up"
8.46958964507283e-89,1.15992023371955,0.54,0.125,6.50921842582427e-84,"Mcm10-202",6.50921842582427e-84,"Up"
1.21460145431265e-88,1.03199877978464,0.332,0.05,9.33469801697444e-84,"Dhx30-215",9.33469801697444e-84,"Up"
1.32003462041234e-88,1.11054961956213,0.579,0.139,1.0144994071717e-83,"Imp4-201",1.0144994071717e-83,"Up"
2.37353658195915e-88,1.06908785486975,0.616,0.161,1.82415780469889e-83,"Spns2-201",1.82415780469889e-83,"Up"
2.54148192803711e-88,1.21791988736005,0.441,0.085,1.95323052097364e-83,"Thap12-201",1.95323052097364e-83,"Up"
2.58649536110758e-88,1.04173467737126,0.376,0.063,1.98782514482562e-83,"Scarb1-202",1.98782514482562e-83,"Up"
3.40068963538926e-88,1.75428453282922,0.421,0.083,2.61356601238206e-83,"Qars-231",2.61356601238206e-83,"Up"
5.11614011304664e-88,1.11352456860364,0.554,0.133,3.93195832248087e-83,"Pgam1-201",3.93195832248087e-83,"Up"
5.9724225569789e-88,1.40269560639415,0.428,0.082,4.59004563194057e-83,"Bud23-205",4.59004563194057e-83,"Up"
6.04525425245465e-88,1.39974713560608,0.557,0.133,4.6460197031815e-83,"Ano1-211",4.6460197031815e-83,"Up"
6.30762492554914e-88,1.3728245774034,0.629,0.168,4.84766206028153e-83,"Ruvbl1-201",4.84766206028153e-83,"Up"
1.08118770695964e-87,1.29587708529755,0.512,0.117,8.30936000306762e-83,"Surf2-201",8.30936000306762e-83,"Up"
1.09383815044358e-87,1.01648282227306,0.527,0.115,8.40658372141907e-83,"Gpatch4-201",8.40658372141907e-83,"Up"
1.11616710932965e-87,1.33233248247382,0.394,0.07,8.57819070204207e-83,"Usp5-202",8.57819070204207e-83,"Up"
1.11906364818756e-87,1.09290732635638,0.344,0.054,8.60045176178066e-83,"Cd3eap-201",8.60045176178066e-83,"Up"
1.35397915738758e-87,1.20753333908929,0.507,0.111,1.04058714161865e-82,"Psmb2-203",1.04058714161865e-82,"Up"
1.38524523727e-87,1.4254048812037,0.842,0.42,1.06461637465149e-82,"Alyref-201",1.06461637465149e-82,"Up"
1.40774978355242e-87,1.11603224938427,0.351,0.057,1.08191201865138e-82,"Cenpk-201",1.08191201865138e-82,"Up"
1.48349751286406e-87,1.07524648505351,0.369,0.063,1.14012717853654e-82,"Smpd4-201",1.14012717853654e-82,"Up"
1.84155367171685e-87,1.50164875328483,0.911,0.76,1.41530765886127e-82,"Eif4a1-213",1.41530765886127e-82,"Up"
2.72806670812391e-87,1.42985642655715,0.517,0.118,2.09662838786155e-82,"Gng5-203",2.09662838786155e-82,"Up"
7.4610621966693e-87,1.17184744376286,0.559,0.132,5.73412474062823e-82,"Dnajc2-203",5.73412474062823e-82,"Up"
7.65070782559274e-87,1.07183164527161,0.537,0.122,5.87987499228105e-82,"Cmpk1-201",5.87987499228105e-82,"Up"
7.82913224377538e-87,1.04541369527955,0.443,0.087,6.01700129463113e-82,"Map3k4-209",6.01700129463113e-82,"Up"
1.05628749905546e-86,1.09074948069233,0.359,0.059,8.11799194524083e-82,"Thg1l-202",8.11799194524083e-82,"Up"
1.06235269618758e-86,1.1619675354154,0.354,0.058,8.16460541128005e-82,"Rnf40-201",8.16460541128005e-82,"Up"
1.16926085756111e-86,1.15673430303418,0.465,0.097,8.98623739470019e-82,"Hras-201",8.98623739470019e-82,"Up"
1.49165168908785e-86,1.79716203505638,0.399,0.075,1.14639398913158e-81,"Tpi1-204",1.14639398913158e-81,"Up"
1.59476834569727e-86,1.40077253846917,0.683,0.203,1.22564326440218e-81,"Iars-206",1.22564326440218e-81,"Up"
1.81928159355896e-86,1.22191959774337,0.351,0.057,1.3981906759138e-81,"Nop9-201",1.3981906759138e-81,"Up"
2.82686092352439e-86,1.19926289068735,0.475,0.1,2.17255569416543e-81,"Dhx29-201",2.17255569416543e-81,"Up"
3.0659303236332e-86,1.00820316701691,0.584,0.147,2.35629009092506e-81,"Ccdc50-203",2.35629009092506e-81,"Up"
3.07179108089165e-86,1.11237461414681,0.51,0.112,2.36079431730847e-81,"Hsf1-205",2.36079431730847e-81,"Up"
3.78944480569293e-86,1.19197345540616,0.715,0.223,2.91233991096725e-81,"Snu13-202",2.91233991096725e-81,"Up"
5.35084224603372e-86,1.12118334877794,0.488,0.103,4.11233629976676e-81,"Banf1-202",4.11233629976676e-81,"Up"
5.54748974759399e-86,1.25751962373945,0.725,0.229,4.26346777061589e-81,"Micos10-203",4.26346777061589e-81,"Up"
5.81905796033708e-86,1.5309235769813,0.337,0.054,4.47217880483746e-81,"Gpn3-201",4.47217880483746e-81,"Up"
1.46952888886815e-85,1.05282909105749,0.391,0.07,1.12939173225073e-80,"Poldip2-201",1.12939173225073e-80,"Up"
1.52314257002163e-85,1.09037940498049,0.381,0.068,1.17059599076443e-80,"Mrpl3-201",1.17059599076443e-80,"Up"
1.86572393818149e-85,1.09572196604682,0.371,0.064,1.43388347545e-80,"Aifm1-202",1.43388347545e-80,"Up"
1.88482673219756e-85,1.40787932293582,0.767,0.29,1.44856473676311e-80,"Cct7-201",1.44856473676311e-80,"Up"
4.24779015286292e-85,1.07290430837843,0.411,0.078,3.26459664408127e-80,"Thoc7-210",3.26459664408127e-80,"Up"
4.1801387719136e-84,1.59716181842729,0.698,0.255,3.21260385176647e-79,"Park7-203",3.21260385176647e-79,"Up"
5.27772759484956e-84,1.01099134965618,0.46,0.096,4.05614476574568e-79,"Arhgap17-203",4.05614476574568e-79,"Up"
6.52149898958906e-84,1.52385481529521,0.45,0.098,5.01203283345877e-79,"Dus1l-209",5.01203283345877e-79,"Up"
8.40969732103603e-84,1.19036240245466,0.668,0.19,6.46318877910903e-79,"Tars-201",6.46318877910903e-79,"Up"
8.45541937828233e-84,1.03473291809189,0.433,0.086,6.4983280089851e-79,"Map3k4-201",6.4983280089851e-79,"Up"
8.52219569971253e-84,1.2774946237535,0.381,0.07,6.54964828305707e-79,"Sun1-201",6.54964828305707e-79,"Up"
1.3631247682918e-83,1.06548788938619,0.359,0.061,1.04761590942298e-78,"Eef1e1-201",1.04761590942298e-78,"Up"
1.50224931591366e-83,1.48938007360591,0.802,0.397,1.15453868925228e-78,"Phb2-201",1.15453868925228e-78,"Up"
2.4205028209328e-83,1.22277073198076,0.626,0.177,1.86025323799969e-78,"Wdr43-201",1.86025323799969e-78,"Up"
2.76742373873941e-83,1.03906065723634,0.384,0.07,2.12687584017079e-78,"Dnajc19-202",2.12687584017079e-78,"Up"
7.10917165570443e-83,1.09105162728779,0.594,0.168,5.46368278427508e-78,"Akr1b3-201",5.46368278427508e-78,"Up"
8.81842953170406e-83,1.20941561898077,0.406,0.078,6.77731583229584e-78,"Rab1b-201",6.77731583229584e-78,"Up"
1.28731916072712e-82,1.69102549435032,0.807,0.371,9.89356267785222e-78,"Cct3-201",9.89356267785222e-78,"Up"
1.34222472788032e-82,1.20042504049867,0.379,0.068,1.03155339236514e-77,"Prps1l3-201",1.03155339236514e-77,"Up"
1.36421644552054e-82,1.04921853051511,0.376,0.067,1.04845490704035e-77,"Pole2-201",1.04845490704035e-77,"Up"
1.41104181121599e-82,1.16359238031967,0.738,0.224,1.08444207359194e-77,"Cenpx-203",1.08444207359194e-77,"Up"
1.69785480992175e-82,1.00671344499438,0.584,0.152,1.30486933561726e-77,"Nudcd2-201",1.30486933561726e-77,"Up"
1.91188135532223e-82,1.06262420938713,0.379,0.069,1.46935729681935e-77,"Pradc1-201",1.46935729681935e-77,"Up"
2.41415515092382e-82,2.02419474020551,0.515,0.138,1.85537479969099e-77,"Slc29a1-204",1.85537479969099e-77,"Up"
4.54447182453033e-82,1.37439847769009,0.646,0.189,3.49260837602454e-77,"Ddx39a-202",3.49260837602454e-77,"Up"
4.69106826757674e-82,1.15980526572718,0.391,0.074,3.60527360636343e-77,"Ints4-201",3.60527360636343e-77,"Up"
5.90382582595053e-82,1.17035417423685,0.475,0.104,4.53732630027602e-77,"Bud23-203",4.53732630027602e-77,"Up"
6.86876002644384e-82,1.15036191757205,0.73,0.221,5.27891683072315e-77,"Cenpx-204",5.27891683072315e-77,"Up"
8.16317474014891e-82,1.01261873626574,0.47,0.1,6.27372631479405e-77,"Ndc1-201",6.27372631479405e-77,"Up"
1.06999872162638e-81,1.42390715250312,0.683,0.21,8.22336817518741e-77,"Ddx39a-206",8.22336817518741e-77,"Up"
1.13575212408184e-81,1.30776852062066,0.488,0.11,8.72870937441857e-77,"Swi5-204",8.72870937441857e-77,"Up"
1.58715273540127e-81,1.21978266864656,0.572,0.151,1.2197903632653e-76,"Cops5-201",1.2197903632653e-76,"Up"
1.62402062551572e-81,1.48968655361716,0.562,0.149,1.24812481153385e-76,"Garre1-202",1.24812481153385e-76,"Up"
1.99382367379555e-81,1.00794989751244,0.614,0.163,1.53233324625883e-76,"Srpr-201",1.53233324625883e-76,"Up"
2.11484643196619e-81,1.229353706762,0.592,0.169,1.62534407682329e-76,"Taf1d-203",1.62534407682329e-76,"Up"
2.55974761664901e-81,1.06396724108684,0.366,0.065,1.96726843329943e-76,"Galnt2-201",1.96726843329943e-76,"Up"
2.64089911603797e-81,1.37277344317392,0.812,0.351,2.02963660663982e-76,"Nsun2-202",2.02963660663982e-76,"Up"
3.34793073801138e-81,1.22754560464534,0.344,0.058,2.57301868939127e-76,"Pex14-201",2.57301868939127e-76,"Up"
3.41321893706359e-81,1.51622415155017,0.748,0.286,2.62319528189085e-76,"Vdac2-201",2.62319528189085e-76,"Up"
8.07259459060438e-81,1.14438914520786,0.359,0.063,6.20411184666309e-76,"Cstf1-201",6.20411184666309e-76,"Up"
1.16146363452829e-80,1.52725979107975,0.515,0.128,8.92631261680375e-76,"Fubp1-202",8.92631261680375e-76,"Up"
1.44886354986391e-80,1.03381725176095,0.488,0.11,1.11350959261241e-75,"Xpo4-209",1.11350959261241e-75,"Up"
1.54913626590971e-80,1.58271260624086,0.349,0.061,1.19057318580225e-75,"Srfbp1-201",1.19057318580225e-75,"Up"
2.22807698228829e-80,1.38551791566799,0.567,0.146,1.71236628396784e-75,"Spcs2-207",1.71236628396784e-75,"Up"
2.33933698712907e-80,1.81404088215974,0.755,0.322,1.79787404808817e-75,"Pkm-201",1.79787404808817e-75,"Up"
2.90505831655788e-80,1.02943802460736,0.475,0.107,2.23265351860739e-75,"Ubl3-201",2.23265351860739e-75,"Up"
3.18793997197487e-80,1.31733295861368,0.493,0.114,2.45005938606157e-75,"Mcm10-201",2.45005938606157e-75,"Up"
3.20119985720055e-80,1.13762166155292,0.339,0.058,2.46025013825291e-75,"Dpp3-201",2.46025013825291e-75,"Up"
3.45833746340671e-80,1.37255526665359,0.693,0.216,2.6578706741266e-75,"Rpn2-202",2.6578706741266e-75,"Up"
3.81131338354044e-80,1.18731441450217,0.436,0.089,2.92914678778617e-75,"Mon2-202",2.92914678778617e-75,"Up"
4.86209998957857e-80,1.27730284418821,0.733,0.264,3.73671832599071e-75,"Vdac1-202",3.73671832599071e-75,"Up"
5.12109780909306e-80,1.12732004981687,0.495,0.112,3.93576851020038e-75,"Setd1a-202",3.93576851020038e-75,"Up"
5.16645453842535e-80,1.13940963049378,0.431,0.089,3.97062697096142e-75,"Xpnpep1-214",3.97062697096142e-75,"Up"
5.33233926934933e-80,1.1220187067512,0.433,0.09,4.09811602206574e-75,"Xpnpep1-216",4.09811602206574e-75,"Up"
5.54301629461315e-80,1.13640457775878,0.634,0.172,4.26002974306199e-75,"Fkbp8-204",4.26002974306199e-75,"Up"
5.92333206555573e-80,1.3535825343935,0.567,0.147,4.5523176256622e-75,"Spcs2-210",4.5523176256622e-75,"Up"
6.29296839346068e-80,1.46752313323123,0.379,0.07,4.83639792911027e-75,"Rhno1-203",4.83639792911027e-75,"Up"
9.4107086931581e-80,1.71544185778339,0.493,0.119,7.23250605903972e-75,"Fubp1-219",7.23250605903972e-75,"Up"
1.00274676901208e-79,1.56526483403231,0.52,0.13,7.70651001856544e-75,"Nhp2-201",7.70651001856544e-75,"Up"
1.56451473859127e-79,1.06132620559528,0.379,0.071,1.20239215719693e-74,"Rhot1-204",1.20239215719693e-74,"Up"
3.73232181603562e-79,1.18762751085927,0.691,0.214,2.86843860849602e-74,"Ddx39a-201",2.86843860849602e-74,"Up"
4.35873884210149e-79,1.09165146347041,0.493,0.112,3.34986514970868e-74,"Setd1a-201",3.34986514970868e-74,"Up"
8.40162439373129e-79,1.21703715042117,0.723,0.25,6.45698441155824e-74,"Cycs-202",6.45698441155824e-74,"Up"
1.10078645431309e-78,1.01494832382603,0.418,0.086,8.45998421597785e-74,"Sinhcaf-211",8.45998421597785e-74,"Up"
1.21217662885986e-78,1.0073691744676,0.344,0.06,9.31606226343958e-74,"Ino80e-204",9.31606226343958e-74,"Up"
1.43037453804203e-78,1.08925936871645,0.676,0.197,1.09930004746682e-73,"Ctla2a-201",1.09930004746682e-73,"Up"
1.75524647200459e-78,1.37040055693931,0.376,0.071,1.34897712359441e-73,"Asf1a-205",1.34897712359441e-73,"Up"
2.19267306705344e-78,1.06122938758182,0.614,0.173,1.68515695895325e-73,"Rabl6-201",1.68515695895325e-73,"Up"
2.36488471865174e-78,1.14240173496616,0.394,0.078,1.81750850167261e-73,"Bax-201",1.81750850167261e-73,"Up"
3.60823262651408e-78,1.10157985101015,0.634,0.174,2.77307110278113e-73,"Fkbp8-201",2.77307110278113e-73,"Up"
4.12340689107357e-78,1.20131878124048,0.691,0.225,3.16900313206568e-73,"Rsl1d1-201",3.16900313206568e-73,"Up"
4.42347674817192e-78,1.08925654122249,0.683,0.212,3.39961882004005e-73,"Mthfd2-201",3.39961882004005e-73,"Up"
7.57257231067997e-78,1.20660010196655,0.547,0.135,5.81982472364998e-73,"Tecr-202",5.81982472364998e-73,"Up"
7.77880654290986e-78,1.26906707705352,0.53,0.142,5.97832398048795e-73,"Dnajc11-201",5.97832398048795e-73,"Up"
9.45469625346441e-78,1.16263616338332,0.406,0.081,7.26631225863754e-73,"Farsa-203",7.26631225863754e-73,"Up"
1.1075185073651e-77,1.1278445860868,0.629,0.189,8.51172273650371e-73,"Dctn1-201",8.51172273650371e-73,"Up"
1.14071342343644e-77,1.07208872533905,0.401,0.079,8.76683894447845e-73,"Farsa-202",8.76683894447845e-73,"Up"
1.27865447460716e-77,1.45034875174841,0.777,0.35,9.8269710991459e-73,"Dazap1-203",9.8269710991459e-73,"Up"
2.52121114404557e-77,1.38894569736476,0.876,0.513,1.93765161264479e-72,"Eef1b2-204",1.93765161264479e-72,"Up"
2.78642163237396e-77,1.2140974688837,0.391,0.078,2.14147648134468e-72,"Xpo6-213",2.14147648134468e-72,"Up"
3.1149841445226e-77,1.19014546102292,0.354,0.065,2.3939899144314e-72,"Dicer1-201",2.3939899144314e-72,"Up"
3.68813020679618e-77,1.25524648232864,0.589,0.159,2.83447558913114e-72,"Ndufa12-201",2.83447558913114e-72,"Up"
4.52168847899817e-77,1.02153419973079,0.671,0.194,3.47509846364925e-72,"Ftsj3-201",3.47509846364925e-72,"Up"
5.42793660371479e-77,1.4010302601352,0.46,0.107,4.17158639741896e-72,"Fam168b-201",4.17158639741896e-72,"Up"
6.67254059743584e-77,1.02366881329837,0.428,0.091,5.12811435075334e-72,"Znhit1-202",5.12811435075334e-72,"Up"
1.43639309108783e-76,1.19285587988585,0.733,0.25,1.10392554622464e-71,"Cox17-201",1.10392554622464e-71,"Up"
1.46783623526565e-76,1.25426023638316,0.587,0.158,1.12809086025106e-71,"Ndufa12-204",1.12809086025106e-71,"Up"
1.93369021478702e-76,1.49934990547335,0.359,0.067,1.48611827767241e-71,"Banf1-204",1.48611827767241e-71,"Up"
2.33108996008753e-76,1.38274336675582,0.621,0.184,1.79153587792567e-71,"Cops4-201",1.79153587792567e-71,"Up"
3.30250393819464e-76,1.03199796107465,0.639,0.182,2.53810637666011e-71,"Phf5a-201",2.53810637666011e-71,"Up"
3.61316922209789e-76,1.12976306479757,0.339,0.06,2.77686507395111e-71,"Arhgef1-218",2.77686507395111e-71,"Up"
4.83574926012575e-76,1.51988633135088,0.408,0.087,3.71646673637704e-71,"Tpi1-203",3.71646673637704e-71,"Up"
5.539253918846e-76,1.1633290038374,0.361,0.067,4.25713820678991e-71,"Xab2-201",4.25713820678991e-71,"Up"
6.99199569514711e-76,1.20752939465652,0.473,0.108,5.37362837154836e-71,"Gtf2i-203",5.37362837154836e-71,"Up"
7.84982560821278e-76,1.36880906590524,0.658,0.212,6.03290497293585e-71,"Fkbp3-203",6.03290497293585e-71,"Up"
8.56290232083352e-76,1.41042811436463,0.762,0.326,6.58093294965339e-71,"Nsun2-201",6.58093294965339e-71,"Up"
1.05246000849166e-75,-1.81649667416886,1,0.993,8.08857614926179e-71,"Hbb-bs-201",8.08857614926179e-71,"Down"
1.22359058147279e-75,1.11508591717451,0.582,0.158,9.40378305485095e-71,"Cep250-202",9.40378305485095e-71,"Up"
1.6656677753018e-75,1.08421325320521,0.391,0.078,1.28013231203044e-70,"Taf6-201",1.28013231203044e-70,"Up"
2.0212821811316e-75,1.10676703117889,0.705,0.243,1.55343620748688e-70,"Ebna1bp2-201",1.55343620748688e-70,"Up"
4.56624615860221e-75,1.17653441565268,0.723,0.25,3.50934282273214e-70,"Fkbp3-201",3.50934282273214e-70,"Up"
4.96837545779394e-75,1.35128726086352,0.52,0.13,3.81839527433296e-70,"Eif4g3-203",3.81839527433296e-70,"Up"
5.81650008295624e-75,1.26180336944889,0.75,0.282,4.47021297375519e-70,"Eif3g-201",4.47021297375519e-70,"Up"
5.82576276995639e-75,1.34330532351782,0.339,0.063,4.47733171922229e-70,"Smg9-201",4.47733171922229e-70,"Up"
6.56479407898503e-75,1.08452345622505,0.401,0.081,5.04530684146316e-70,"Morc2a-201",5.04530684146316e-70,"Up"
1.02881579204224e-74,1.09097786711869,0.389,0.077,7.90686088816145e-70,"Taf6-202",7.90686088816145e-70,"Up"
1.51605082546104e-74,1.28640919740605,0.339,0.062,1.16514570139983e-69,"Aaas-204",1.16514570139983e-69,"Up"
2.01588038833279e-74,1.01580858257429,0.589,0.164,1.54928471364928e-69,"Adk-201",1.54928471364928e-69,"Up"
2.08179424185609e-74,1.03887358068766,0.446,0.099,1.59994214663608e-69,"Rwdd4a-201",1.59994214663608e-69,"Up"
2.48183607022172e-74,1.00061383067093,0.401,0.084,1.9073902934082e-69,"Ints7-201",1.9073902934082e-69,"Up"
3.98247252805331e-74,1.08398442150839,0.577,0.158,3.06068943671009e-69,"Cep250-201",3.06068943671009e-69,"Up"
5.59436716441554e-74,1.01098768427472,0.361,0.07,4.29949494053992e-69,"Smarcad1-201",4.29949494053992e-69,"Up"
6.14872983398619e-74,1.13082338930003,0.359,0.068,4.72554482661175e-69,"Xab2-205",4.72554482661175e-69,"Up"
1.48625469322799e-73,1.29129606009538,0.436,0.102,1.14224618193344e-68,"Phb-204",1.14224618193344e-68,"Up"
1.89929065569354e-73,1.09831787051142,0.614,0.175,1.45968084052671e-68,"Psma6-201",1.45968084052671e-68,"Up"
2.04209766634409e-73,1.48644957785383,0.785,0.326,1.56943374049208e-68,"Sae1-201",1.56943374049208e-68,"Up"
2.50695917982986e-73,1.22239407848251,0.483,0.119,1.92669840806644e-68,"Ppp2r1b-202",1.92669840806644e-68,"Up"
3.08197059000616e-73,1.15587321260084,0.453,0.103,2.36861767724333e-68,"Gtf2i-222",2.36861767724333e-68,"Up"
6.4295965226666e-73,1.05765213464643,0.562,0.155,4.94140211153019e-68,"Rfc4-201",4.94140211153019e-68,"Up"
6.7677070583997e-73,1.03855684832965,0.574,0.158,5.20125358266251e-68,"Cep250-204",5.20125358266251e-68,"Up"
1.21538373131235e-72,1.59673601723869,0.356,0.068,9.34071012862792e-68,"Wdr91-201",9.34071012862792e-68,"Up"
1.24963656713663e-72,1.04391457910712,0.666,0.201,9.60395687307188e-68,"Cox7a2-201",9.60395687307188e-68,"Up"
1.30667408350253e-72,1.28127523566005,0.349,0.066,1.00423130013503e-67,"Msh3-202",1.00423130013503e-67,"Up"
1.65354474598316e-72,1.49146191832718,0.577,0.175,1.2708152790779e-67,"Fkbp3-205",1.2708152790779e-67,"Up"
4.7012039015234e-72,1.00762470864109,0.545,0.142,3.61306324647679e-67,"Minpp1-201",3.61306324647679e-67,"Up"
5.43937601871704e-72,1.04082446341464,0.337,0.062,4.18037804542479e-67,"Syngr2-201",4.18037804542479e-67,"Up"
6.61687439801959e-72,1.02886423860833,0.552,0.15,5.08533264985398e-67,"Copg1-202",5.08533264985398e-67,"Up"
6.87220409556427e-72,1.54235770537896,0.349,0.068,5.28156373560496e-67,"Ptpmt1-204",5.28156373560496e-67,"Up"
9.49954318350356e-72,1.45752920867532,0.572,0.183,7.30077891824983e-67,"H4c1-201",7.30077891824983e-67,"Up"
1.55380616753844e-71,1.77623271983102,0.498,0.139,1.19416219199999e-66,"Slc29a1-213",1.19416219199999e-66,"Up"
1.66722439590749e-71,1.18569767777723,0.649,0.201,1.28132863723074e-66,"Mt1-201",1.28132863723074e-66,"Up"
2.06876073673947e-71,1.08024340099595,0.347,0.067,1.58992537661375e-66,"Sun1-206",1.58992537661375e-66,"Up"
2.13488162464012e-71,1.03623884595136,0.423,0.096,1.64074192380092e-66,"Mea1-201",1.64074192380092e-66,"Up"
3.80025019165668e-71,1.06556131369346,0.649,0.2,2.92064428229583e-66,"Fdps-203",2.92064428229583e-66,"Up"
3.89150059314702e-71,1.05562747421977,0.441,0.1,2.99077386585721e-66,"Espl1-202",2.99077386585721e-66,"Up"
4.97517571148513e-71,1.06424176579263,0.752,0.278,3.82362154130478e-66,"Lsm4-201",3.82362154130478e-66,"Up"
6.33724044725613e-71,1.33901425683492,0.658,0.215,4.87042277333423e-66,"Zfp106-201",4.87042277333423e-66,"Up"
6.59206378474466e-71,1.41142732597384,0.8,0.407,5.06626470112766e-66,"Fkbp4-201",5.06626470112766e-66,"Up"
1.10986777420255e-70,1.09098176030228,0.656,0.196,8.52977779185624e-66,"Vasp-201",8.52977779185624e-66,"Up"
1.15345888933282e-70,1.28035619423213,0.681,0.226,8.86479294807845e-66,"U2af2-201",8.86479294807845e-66,"Up"
1.67695067220812e-70,1.31684309479158,0.804,0.362,1.28880366961883e-65,"Ipo5-201",1.28880366961883e-65,"Up"
2.4576305259281e-70,1.04398916886687,0.554,0.148,1.88878736439678e-65,"Setdb1-201",1.88878736439678e-65,"Up"
3.87778476552383e-70,1.03036877011898,0.557,0.149,2.98023270369569e-65,"Setdb1-202",2.98023270369569e-65,"Up"
4.18108533539361e-70,1.17488324194751,0.337,0.064,3.2133313236634e-65,"Msh3-201",3.2133313236634e-65,"Up"
1.13673824277754e-69,1.09205665161695,0.431,0.099,8.73628809104251e-65,"Lonp1-202",8.73628809104251e-65,"Up"
1.26688049800871e-69,1.04466482178925,0.619,0.171,9.73648337939615e-65,"Gps1-202",9.73648337939615e-65,"Up"
1.3598552876908e-69,1.27437930654727,0.639,0.213,1.04510318280189e-64,"Zmiz1-208",1.04510318280189e-64,"Up"
2.73141858787251e-69,1.02314096022474,0.47,0.118,2.09920444152354e-64,"Nemf-201",2.09920444152354e-64,"Up"
5.92483252407722e-69,1.07574702650652,0.433,0.101,4.5534707880543e-64,"Rab14-201",4.5534707880543e-64,"Up"
7.27155830724329e-69,1.04205324105444,0.448,0.112,5.58848342144876e-64,"Rnaseh2c-201",5.58848342144876e-64,"Up"
7.63683127686981e-69,1.25984632026573,0.785,0.343,5.86921030952552e-64,"Noc2l-201",5.86921030952552e-64,"Up"
1.05077764665339e-68,1.83629006496918,0.668,0.243,8.07564652559e-64,"Fau-203",8.07564652559e-64,"Up"
1.21864326604924e-68,1.06970372066449,0.611,0.181,9.36576095689482e-64,"Nup62-201",9.36576095689482e-64,"Up"
1.86491407937202e-68,1.06246333459417,0.433,0.101,1.43326106656058e-63,"Polr1d-204",1.43326106656058e-63,"Up"
2.00999964816032e-68,1.135434822115,0.455,0.114,1.54476512959714e-63,"Gnl3-204",1.54476512959714e-63,"Up"
2.14049726258938e-68,1.06111077504634,0.71,0.253,1.64505776619044e-63,"Zfpm1-201",1.64505776619044e-63,"Up"
2.55504801595933e-68,1.00142706472451,0.342,0.066,1.96365660218539e-63,"Wdr91-205",1.96365660218539e-63,"Up"
3.92384895796528e-68,1.09210382487492,0.342,0.067,3.01563487815464e-63,"Lrrc40-205",3.01563487815464e-63,"Up"
6.22363270180165e-68,1.05128100042624,0.347,0.069,4.78311067664264e-63,"Usp5-201",4.78311067664264e-63,"Up"
1.05144690287878e-67,1.02768700241247,0.512,0.132,8.08079002738461e-63,"Tecr-203",8.08079002738461e-63,"Up"
1.100328285266e-67,1.12697723183939,0.718,0.263,8.45646300358335e-63,"Eif3l-201",8.45646300358335e-63,"Up"
1.19664393430018e-67,1.15024865040052,0.691,0.24,9.19668729267062e-63,"Glrx3-201",9.19668729267062e-63,"Up"
1.43973817303173e-67,1.15050890092279,0.441,0.106,1.10649637550181e-62,"Csnk2b-209",1.10649637550181e-62,"Up"
3.0931562917507e-67,1.11011670917893,0.713,0.23,2.37721433646208e-62,"Trap1-201",2.37721433646208e-62,"Up"
3.11738689452602e-67,1.06084289022589,0.446,0.112,2.39583652391903e-62,"Ganab-202",2.39583652391903e-62,"Up"
4.00325749257826e-67,1.29778493859668,0.748,0.346,3.0766635133461e-62,"Nop56-202",3.0766635133461e-62,"Up"
4.39350388613642e-67,1.72436513011348,0.537,0.17,3.37658347665129e-62,"Ranbp1-201",3.37658347665129e-62,"Up"
4.99588245758401e-67,1.76633395179212,0.574,0.166,3.83953550395162e-62,"Ctla2a-202",3.83953550395162e-62,"Up"
5.08912154909183e-67,1.01023827024627,0.478,0.128,3.91119347533904e-62,"Pola2-201",3.91119347533904e-62,"Up"
8.17531396450308e-67,1.05685076500883,0.428,0.101,6.2830557942792e-62,"Polr1d-206",6.2830557942792e-62,"Up"
1.09236134473389e-66,1.74084217428425,0.574,0.167,8.39523387881782e-62,"Ctla2a-204",8.39523387881782e-62,"Up"
1.20845493646249e-66,1.56517084935076,0.782,0.412,9.2874595686888e-62,"Psmd3-201",9.2874595686888e-62,"Up"
1.5640442305217e-66,1.1836353563153,0.626,0.208,1.20203055292515e-61,"Prpf19-201",1.20203055292515e-61,"Up"
2.96258951826766e-66,1.05115232527534,0.446,0.108,2.27686854836943e-61,"Gtf3a-201",2.27686854836943e-61,"Up"
4.05553793326321e-66,1.01611713263271,0.53,0.146,3.11684312323011e-61,"Csnk2b-203",3.11684312323011e-61,"Up"
5.12354551629442e-66,1.84381373022534,0.505,0.16,3.93764967109292e-61,"Nt5dc2-206",3.93764967109292e-61,"Up"
5.35717404023757e-66,1.27493663672135,0.916,0.658,4.11720253688418e-61,"Gapdh-202",4.11720253688418e-61,"Up"
1.04942531925891e-65,1.43524703357041,0.782,0.399,8.06525334863246e-61,"Btf3-205",8.06525334863246e-61,"Up"
4.33220973479937e-65,1.02664875661602,0.525,0.147,3.32947646958271e-60,"Sec31a-201",3.32947646958271e-60,"Up"
1.09332981122368e-64,1.03786326625924,0.567,0.165,8.40267693117845e-60,"Ndufs2-201",8.40267693117845e-60,"Up"
1.18052875891387e-64,1.0831728458363,0.51,0.146,9.07283572375666e-60,"Thra-202",9.07283572375666e-60,"Up"
1.39394052304811e-64,1.25770361407912,0.913,0.658,1.07129904958339e-59,"Gapdh-201",1.07129904958339e-59,"Up"
1.7240904803231e-64,1.22873676483377,0.592,0.168,1.32503249774751e-59,"Gps1-201",1.32503249774751e-59,"Up"
1.72827628892003e-64,1.69603383985989,0.569,0.167,1.3282494590866e-59,"Ctla2a-209",1.3282494590866e-59,"Up"
3.0107146136619e-64,1.03377595527453,0.49,0.129,2.31385460918372e-59,"Dnajc7-207",2.31385460918372e-59,"Up"
5.31034266230219e-64,1.21317843824517,0.52,0.141,4.08121074968572e-59,"Setdb1-204",4.08121074968572e-59,"Up"
1.41306921297376e-63,1.24825117037806,0.666,0.232,1.08600021293885e-58,"Prkar2b-202",1.08600021293885e-58,"Up"
1.6726912929799e-63,1.11512301890764,0.874,0.571,1.28553016630677e-58,"Eif2s2-201",1.28553016630677e-58,"Up"
4.80660143871836e-63,1.01714521884849,0.337,0.069,3.69406546971261e-58,"Arpc2-202",3.69406546971261e-58,"Up"
2.00859239543236e-62,1.50564000440066,0.562,0.167,1.54368359958559e-57,"Ctla2a-203",1.54368359958559e-57,"Up"
2.80018840056996e-62,1.00143109748349,0.361,0.08,2.15205679337403e-57,"Cnot10-207",2.15205679337403e-57,"Up"
3.31776989168481e-62,1.06014657238342,0.824,0.415,2.54983887255545e-57,"Tkt-201",2.54983887255545e-57,"Up"
3.62554725235699e-62,1.26164734861144,0.606,0.199,2.78637808532644e-57,"Rpn2-206",2.78637808532644e-57,"Up"
1.01169528109719e-61,1.30365767014194,0.651,0.236,7.77528291334438e-57,"Comt-204",7.77528291334438e-57,"Up"
1.21235358107993e-61,1.03382474702099,0.745,0.293,9.31742221203167e-57,"Nudc-201",9.31742221203167e-57,"Up"
3.09940873686419e-61,1.1250816826461,0.795,0.396,2.3820195906296e-56,"Slc25a3-201",2.3820195906296e-56,"Up"
3.31281556344497e-61,1.08926310682358,0.527,0.154,2.54603127313e-56,"Slc2a1-201",2.54603127313e-56,"Up"
3.93931121800214e-61,1.19049675485975,0.399,0.096,3.02751824348336e-56,"Swi5-202",3.02751824348336e-56,"Up"
5.17393140259242e-61,1.00994569858989,0.344,0.074,3.97637324014838e-56,"Jmjd6-205",3.97637324014838e-56,"Up"
5.48255427222913e-61,1.44718965365066,0.8,0.456,4.21356226037897e-56,"Eif5a-210",4.21356226037897e-56,"Up"
4.66460968831439e-60,1.21876949477314,0.681,0.265,3.58493912985714e-55,"Fau-202",3.58493912985714e-55,"Up"
8.04928561569304e-60,1.01591555015931,0.342,0.074,6.18619796708473e-55,"2510002D24Rik-201",6.18619796708473e-55,"Up"
1.06166257643195e-59,1.02500230272687,0.599,0.191,8.1593015649101e-55,"Ndufv2-201",8.1593015649101e-55,"Up"
1.19656394149516e-59,1.0590272576662,0.705,0.293,9.19607251596694e-55,"Plin2-201",9.19607251596694e-55,"Up"
2.17582989541483e-59,-1.3063420519698,0.866,0.882,1.67221230782211e-54,"Hemgn-202",1.67221230782211e-54,"Down"
4.93909622298452e-59,1.54383343732413,0.847,0.481,3.79589301121252e-54,"H3c6-201",3.79589301121252e-54,"Up"
8.50980189478377e-59,1.02304452055895,0.386,0.092,6.54012314821712e-54,"Polr2e-202",6.54012314821712e-54,"Up"
9.93997962381614e-59,1.02821855168915,0.733,0.287,7.63927194008766e-54,"Pfdn6-201",7.63927194008766e-54,"Up"
1.89409429762937e-58,3.26332104155229,0.804,0.436,1.45568723150008e-53,"Ftl1-203",1.45568723150008e-53,"Up"
2.0632913362123e-58,1.46134162304193,0.371,0.091,1.5857219235326e-53,"Atp5j-203",1.5857219235326e-53,"Up"
5.14900631357963e-58,1.05932235356741,0.77,0.366,3.95721731223849e-53,"Nop58-215",3.95721731223849e-53,"Up"
2.66175263291078e-57,1.29121540628975,0.639,0.249,2.04566336849725e-52,"H4c3-201",2.04566336849725e-52,"Up"
3.50324568477758e-57,1.15161793168391,0.574,0.191,2.69238443857896e-52,"Gstm5-205",2.69238443857896e-52,"Up"
6.19903724558224e-57,1.17974102254133,0.354,0.083,4.76420808471978e-52,"Pum3-205",4.76420808471978e-52,"Up"
6.67038315601951e-57,-1.75804586079319,0.379,0.782,5.12645627072723e-52,"Fech-210",5.12645627072723e-52,"Down"
1.24554863782097e-56,-2.06091297465909,0.715,0.74,9.57253950110927e-52,"Tent5c-201",9.57253950110927e-52,"Down"
2.3927894881739e-56,1.11328148746107,0.705,0.284,1.83895443324117e-51,"Adrm1-201",1.83895443324117e-51,"Up"
3.74935457399613e-56,1.06028474943952,0.554,0.177,2.88152896429898e-51,"Sarnp-203",2.88152896429898e-51,"Up"
3.84053632397109e-56,1.01255596795368,0.696,0.25,2.95160578642474e-51,"Mcm5-201",2.95160578642474e-51,"Up"
4.55017834715133e-56,1.14261852768426,0.332,0.074,3.49699406691968e-51,"Eif4ebp1-202",3.49699406691968e-51,"Up"
4.81482692730825e-56,1.10926943174472,0.651,0.241,3.70038708671348e-51,"Dot1l-201",3.70038708671348e-51,"Up"
5.26906749856945e-56,1.43090690182636,0.49,0.148,4.04948913535056e-51,"Tcof1-201",4.04948913535056e-51,"Up"
1.04513289942977e-55,-1.11564960552804,0.847,0.846,8.03226438527758e-51,"Gypa-201",8.03226438527758e-51,"Down"
1.40054317124482e-55,1.0576723526694,0.718,0.308,1.0763734488285e-50,"Atp5o-201",1.0763734488285e-50,"Up"
6.4144776399245e-55,1.0372039967677,0.389,0.101,4.92978264538757e-50,"Homer2-202",4.92978264538757e-50,"Up"
7.60088772469212e-55,1.51199202621007,0.438,0.131,5.84158625193489e-50,"Slc29a1-201",5.84158625193489e-50,"Up"
1.37882622469626e-54,1.01888353054085,0.829,0.532,1.05968310672806e-49,"Eif3i-201",1.05968310672806e-49,"Up"
1.90823317608005e-54,1.21492849527998,0.431,0.12,1.46655352514456e-49,"Igf2-201",1.46655352514456e-49,"Up"
2.00485471221237e-54,1.6688343677286,0.666,0.328,1.5408110405237e-49,"Nolc1-203",1.5408110405237e-49,"Up"
4.37571114899545e-54,1.11266697391424,0.906,0.741,3.36290904644896e-49,"Hnrnpa3-203",3.36290904644896e-49,"Up"
1.48251180362065e-53,1.22117617719885,0.438,0.121,1.13936962155461e-48,"ENSMUST00000249658.1",1.13936962155461e-48,"Up"
2.13565129164137e-53,1.04236966733683,0.735,0.309,1.64133344367806e-48,"Tgm2-201",1.64133344367806e-48,"Up"
3.75323882871181e-53,-1.15406391504708,0.965,0.994,2.88451416941817e-48,"Prdx2-201",2.88451416941817e-48,"Down"
6.9091739351395e-53,1.07500177706817,0.347,0.085,5.30997653611211e-48,"Ergic1-206",5.30997653611211e-48,"Up"
1.19289664439939e-52,1.60739208590138,0.408,0.112,9.16788787086708e-48,"Igf2-204",9.16788787086708e-48,"Up"
1.94493695570323e-52,1.05206947865332,0.792,0.403,1.49476184793616e-47,"Eprs-201",1.49476184793616e-47,"Up"
2.56940735882368e-52,1.07746877172551,0.814,0.4,1.97469233155035e-47,"Eif4b-201",1.97469233155035e-47,"Up"
3.35435853425585e-52,1.27070877701373,0.636,0.257,2.57795870791699e-47,"H3c8-201",2.57795870791699e-47,"Up"
5.04436179448028e-52,1.4261288156403,0.428,0.13,3.87679381352987e-47,"Slc29a1-203",3.87679381352987e-47,"Up"
7.93451161032575e-52,1.31686216172344,0.616,0.228,6.09798955299975e-47,"Ube2i-209",6.09798955299975e-47,"Up"
2.33345028811315e-51,1.06720175992031,0.76,0.343,1.79334988442648e-46,"Prrc2a-201",1.79334988442648e-46,"Up"
4.17811373788149e-51,1.18874560476866,0.762,0.373,3.21104753211144e-46,"Cct4-204",3.21104753211144e-46,"Up"
9.61089960881566e-51,1.07803066365952,0.827,0.485,7.38636078535918e-46,"Huwe1-201",7.38636078535918e-46,"Up"
1.08088116167345e-50,1.12911739174755,0.351,0.091,8.30700407992516e-46,"Ndufa12-ps-201",8.30700407992516e-46,"Up"
3.59878216675136e-50,1.49796395585443,0.535,0.208,2.76580804643509e-45,"Mybbp1a-205",2.76580804643509e-45,"Up"
6.84612026569748e-50,1.17671265154405,0.386,0.105,5.26151726899914e-45,"Qars-223",5.26151726899914e-45,"Up"
1.87907168812541e-49,1.07266696114466,0.715,0.36,1.4441417551919e-44,"Slc25a3-203",1.4441417551919e-44,"Up"
2.28832711836725e-49,1.38756956908016,0.347,0.091,1.75867092354997e-44,"Gstp1-203",1.75867092354997e-44,"Up"
2.28832711836725e-49,1.38756956904019,0.347,0.091,1.75867092354997e-44,"Gstp2-204",1.75867092354997e-44,"Up"
2.57246019116454e-49,1.43446787294359,0.651,0.311,1.9770385553176e-44,"Nolc1-201",1.9770385553176e-44,"Up"
6.55478002807197e-49,1.29002601268765,0.609,0.241,5.03761064277444e-44,"Fau-207",5.03761064277444e-44,"Up"
1.18506105054661e-47,1.29074268300811,0.75,0.446,9.10766819787091e-43,"Fus-203",9.10766819787091e-43,"Up"
1.64482887451788e-47,1.09702122370064,0.356,0.095,1.26411678322197e-42,"Dnajc2-204",1.26411678322197e-42,"Up"
2.36173196990572e-47,1.21694777561941,0.441,0.143,1.81508548815135e-42,"Srsf7-202",1.81508548815135e-42,"Up"
3.20449546847907e-47,1.59201709151601,0.606,0.23,2.4627829473449e-42,"Ube2i-213",2.4627829473449e-42,"Up"
5.97430526029808e-47,1.03989105367186,0.691,0.288,4.59149256474948e-42,"H4c4-201",4.59149256474948e-42,"Up"
1.16425307251899e-46,-2.84360051536493,0.389,0.607,8.94775056353747e-42,"Cd24a-201",8.94775056353747e-42,"Down"
1.37070984413168e-46,1.20612890895613,0.46,0.157,1.05344534360896e-41,"Srsf7-201",1.05344534360896e-41,"Up"
5.00124008061416e-46,1.316372873274,0.592,0.236,3.84365305155521e-41,"Fau-205",3.84365305155521e-41,"Up"
1.13266432692882e-45,1.38223938294946,0.406,0.13,8.70497841817874e-41,"Slc29a1-222",8.70497841817874e-41,"Up"
1.19079083389491e-45,1.11966704084828,0.512,0.18,9.15170387481598e-41,"Micos10-201",9.15170387481598e-41,"Up"
2.41694840657037e-45,1.24279892846293,0.663,0.302,1.8575215283856e-40,"Srcap-207",1.8575215283856e-40,"Up"
2.82534515057601e-45,1.34307304656377,0.406,0.13,2.17139076202369e-40,"Slc29a1-202",2.17139076202369e-40,"Up"
3.37644126460827e-45,1.02717226714004,0.366,0.104,2.59493016950204e-40,"Spns2-203",2.59493016950204e-40,"Up"
4.50471395962333e-45,1.53448849515952,0.71,0.455,3.46205286652891e-40,"Eif4g1-202",3.46205286652891e-40,"Up"
2.31929816433867e-44,1.30112445433964,0.332,0.091,1.78247341122084e-39,"Gstp1-204",1.78247341122084e-39,"Up"
2.39781407858715e-44,1.45267813177895,0.361,0.104,1.84281603195737e-39,"Afp-201",1.84281603195737e-39,"Up"
4.17764799982985e-44,1.06470520885394,0.787,0.464,3.21068959378923e-39,"Ssrp1-201",3.21068959378923e-39,"Up"
6.82109608361298e-44,1.71679982792679,0.673,0.397,5.24228518409992e-39,"Eif5a-213",5.24228518409992e-39,"Up"
4.13353308640552e-43,1.05196735727409,0.594,0.247,3.1767855182261e-38,"Smox-207",3.1767855182261e-38,"Up"
9.76265466568529e-43,-5.71289301175507,0.094,0.418,7.50299061676577e-38,"BC021767-201",7.50299061676577e-38,"Down"
1.39330962085951e-42,1.10996606100863,0.361,0.107,1.07081417601537e-37,"Fubp1-206",1.07081417601537e-37,"Up"
4.90790423681106e-42,-1.203831311453,0.896,0.877,3.77192072215877e-37,"Slc25a37-201",3.77192072215877e-37,"Down"
9.56055326431904e-42,1.23528662903865,0.676,0.353,7.34766760575975e-37,"Ptbp1-215",7.34766760575975e-37,"Up"
3.90288002812747e-41,1.0853857214826,0.562,0.215,2.99951941681708e-36,"Ube2i-208",2.99951941681708e-36,"Up"
3.95010242034423e-41,1.04067677178666,0.498,0.189,3.03581171413135e-36,"H2bc8-201",3.03581171413135e-36,"Up"
5.82150671315986e-41,1.15986706949023,0.342,0.102,4.47406076933188e-36,"Ppan-204",4.47406076933188e-36,"Up"
1.3724583011062e-40,-1.78440675286714,0.735,0.763,1.05478910273216e-35,"Bnip3l-201",1.05478910273216e-35,"Down"
1.5073536045441e-40,1.26721567525337,0.545,0.207,1.15846153923633e-35,"ENSMUST00000249688.1",1.15846153923633e-35,"Up"
2.08884432869223e-40,1.30071634602574,0.431,0.151,1.60536042037313e-35,"Srsf7-207",1.60536042037313e-35,"Up"
2.46892906281146e-40,1.42368058077623,0.381,0.132,1.89747074193312e-35,"H4c8-201",1.89747074193312e-35,"Up"
6.85847927563549e-40,1.04007887487806,0.545,0.208,5.2710156624969e-35,"Ube2i-212",5.2710156624969e-35,"Up"
9.37812797352769e-40,1.15531637635229,0.401,0.13,7.20746647277497e-35,"Tcof1-205",7.20746647277497e-35,"Up"
1.01840164074202e-39,-1.91037900805724,0.099,0.462,7.82682396975869e-35,"Gnas-226",7.82682396975869e-35,"Down"
1.37524748850188e-39,1.00075918006979,0.349,0.106,1.05693270481323e-34,"Fubp1-209",1.05693270481323e-34,"Up"
1.44349946802082e-39,1.53857269386341,0.693,0.443,1.10938708115272e-34,"Hnrnpa1-202",1.10938708115272e-34,"Up"
1.94615118108824e-39,1.12602986919418,0.609,0.309,1.49569502871356e-34,"Tkt-209",1.49569502871356e-34,"Up"
6.73031190232275e-39,1.11100093467229,0.639,0.299,5.17251390941113e-34,"Gspt1-201",5.17251390941113e-34,"Up"
2.84105676128748e-38,1.29097839471634,0.354,0.109,2.18346576331988e-33,"Ctla2a-206",2.18346576331988e-33,"Up"
4.92362940051509e-38,1.21056274577751,0.696,0.463,3.78400613947187e-33,"Nap1l1-205",3.78400613947187e-33,"Up"
3.2975473430232e-37,1.01121719981275,0.468,0.175,2.53429703500705e-32,"Lsm4-205",2.53429703500705e-32,"Up"
4.26300410681292e-37,-1.20195905397484,0.762,0.746,3.27628917625e-32,"Kel-201",3.27628917625e-32,"Down"
7.66722224574952e-37,1.2837413220502,0.431,0.161,5.89256698474834e-32,"Srsf7-208",5.89256698474834e-32,"Up"
7.80763281831772e-37,-1.4843515296549,0.767,0.796,6.0004781261899e-32,"Rbm38-201",6.0004781261899e-32,"Down"
1.22662601986022e-36,-2.05831043686411,0.394,0.584,9.42711161303373e-32,"Creg1-203",9.42711161303373e-32,"Down"
2.38408954669293e-36,-1.47019835095714,0.77,0.796,1.83226818021539e-31,"Rbm38-204",1.83226818021539e-31,"Down"
1.08570892751687e-35,1.8896487644415,0.644,0.446,8.34410739153813e-31,"Eif4g1-205",8.34410739153813e-31,"Up"
1.1246797735295e-35,1.00814067981872,0.663,0.36,8.64361393148359e-31,"Ptbp1-206",8.64361393148359e-31,"Up"
2.7201431353815e-35,1.03846099625799,0.399,0.143,2.0905388052661e-30,"Srsf7-203",2.0905388052661e-30,"Up"
2.76737074884927e-35,1.1060043558449,0.337,0.1,2.12683511532061e-30,"Paip1-202",2.12683511532061e-30,"Up"
4.38380224106021e-35,-1.16060407457178,0.819,0.847,3.36912737434441e-30,"Ncoa4-201",3.36912737434441e-30,"Down"
8.07503861737686e-35,1.02111301548182,0.478,0.179,6.20599017899881e-30,"Prkar2b-201",6.20599017899881e-30,"Up"
1.28534311876672e-34,1.28740488438011,0.644,0.399,9.87837600496978e-30,"Eif5a-201",9.87837600496978e-30,"Up"
3.62955748136439e-34,1.47829315055829,0.428,0.18,2.78946010672779e-29,"Eno1-201",2.78946010672779e-29,"Up"
6.91335700391172e-34,-1.28287014310467,0.423,0.734,5.31319139178631e-29,"Fech-205",5.31319139178631e-29,"Down"
2.93669661040947e-33,1.19950422552933,0.636,0.397,2.25696881296409e-28,"Eif5a-207",2.25696881296409e-28,"Up"
3.58280392448098e-33,-1.8853180956782,0.233,0.539,2.75352812812061e-28,"Epb41-205",2.75352812812061e-28,"Down"
1.28529517633628e-32,1.22179782107955,0.634,0.397,9.87800754821484e-28,"Eif5a-202",9.87800754821484e-28,"Up"
1.29105804595642e-32,-1.60288876097503,0.121,0.447,9.92229750639343e-28,"Tpt1-208",9.92229750639343e-28,"Down"
1.37916761367733e-32,1.08025804323754,0.755,0.501,1.05994547781558e-27,"Sf1-208",1.05994547781558e-27,"Up"
4.69497764536762e-32,1.34151317429427,0.646,0.438,3.60827811957083e-27,"Eif4g1-203",3.60827811957083e-27,"Up"
6.79871876801626e-32,1.11567266310157,0.834,0.796,5.22508732197122e-27,"Gnas-202",5.22508732197122e-27,"Up"
9.62294728049247e-32,1.04695388988692,0.584,0.317,7.39561990294969e-27,"Dazap1-202",7.39561990294969e-27,"Up"
1.19401280990267e-31,1.29722193895339,0.676,0.442,9.17646604922596e-27,"Uba52-205",9.17646604922596e-27,"Up"
1.99070431437945e-31,1.10867027741897,0.629,0.396,1.52993589377318e-26,"Eif5a-208",1.52993589377318e-26,"Up"
2.50937501466447e-31,1.30558152455374,0.693,0.458,1.92855507377023e-26,"Uba52-203",1.92855507377023e-26,"Up"
1.40427005434896e-30,1.10475224124441,0.624,0.395,1.07923770756935e-25,"Eif5a-203",1.07923770756935e-25,"Up"
1.49752651615638e-30,1.06767280623996,0.621,0.355,1.15090902872682e-25,"Cct3-208",1.15090902872682e-25,"Up"
2.41743748725204e-30,1.07914180481204,0.53,0.235,1.85789740645268e-25,"Fau-208",1.85789740645268e-25,"Up"
1.09356544638942e-29,1.06239725527216,0.406,0.166,8.40448788168121e-25,"Bag6-211",8.40448788168121e-25,"Up"
1.18885068384566e-29,-1.73055550840807,0.252,0.531,9.13679304562744e-25,"Csde1-215",9.13679304562744e-25,"Down"
8.17110681148935e-29,-1.02240715710115,0.844,0.846,6.27982242890202e-24,"Ncoa4-202",6.27982242890202e-24,"Down"
8.62677772428787e-29,-1.13759814700767,0.277,0.596,6.6300237522242e-24,"Tcp1-201",6.6300237522242e-24,"Down"
1.0453342632178e-28,1.27307120087203,0.347,0.131,8.03381194653406e-24,"Cdc34-209",8.03381194653406e-24,"Up"
1.01828874288269e-27,-1.19932117074608,0.713,0.692,7.82595630455064e-23,"Serinc3-201",7.82595630455064e-23,"Down"
1.44195986978923e-27,-1.68415384406244,0.53,0.626,1.10820383832781e-22,"Peg3-205",1.10820383832781e-22,"Down"
1.85207065840908e-27,-1.10873379832472,0.723,0.778,1.42339038381371e-22,"Hemgn-201",1.42339038381371e-22,"Down"
2.56138391285972e-27,-1.77169513635555,0.208,0.485,1.96852599238921e-22,"Epb41-214",1.96852599238921e-22,"Down"
1.89941613290536e-26,1.00522420160962,0.564,0.295,1.45977727478309e-21,"Ipo5-203",1.45977727478309e-21,"Up"
2.92900437415293e-26,-2.12313076484477,0.158,0.422,2.25105702171149e-21,"Epb41-213",2.25105702171149e-21,"Down"
3.18738117549724e-26,-2.11570128526042,0.158,0.422,2.44962992861665e-21,"Epb41-220",2.44962992861665e-21,"Down"
2.10445415599774e-25,-1.88476893140142,0.374,0.547,1.6173571970505e-20,"Sh3glb1-204",1.6173571970505e-20,"Down"
2.45183853169153e-25,-1.38983946034608,0.186,0.469,1.88433598514621e-20,"Ubb-202",1.88433598514621e-20,"Down"
2.63924578955793e-25,-2.16324869800506,0.587,0.587,2.02836595910685e-20,"Ranbp10-203",2.02836595910685e-20,"Down"
2.88697443464809e-25,1.66770429775496,0.347,0.158,2.21875533200444e-20,"Vars-203",2.21875533200444e-20,"Up"
4.29519977431911e-25,-1.5530774255319,0.25,0.517,3.30103283455521e-20,"Epb41-207",3.30103283455521e-20,"Down"
8.51705663776077e-25,-1.89371396570506,0.559,0.583,6.54569870838466e-20,"Lmx1a-201",6.54569870838466e-20,"Down"
9.53512392769729e-25,-1.89299760071419,0.559,0.583,7.32812414339247e-20,"Lmx1a-202",7.32812414339247e-20,"Down"
1.29796996997024e-23,-1.10728640115373,0.176,0.439,9.97541840720929e-19,"Srrm2-201",9.97541840720929e-19,"Down"
1.38700450267515e-23,-1.30849379257909,0.116,0.38,1.06596844048596e-18,"Tpt1-ps3-201",1.06596844048596e-18,"Down"
1.30670399936883e-22,1.25437214154778,0.428,0.229,1.00425429167492e-17,"Vars-210",1.00425429167492e-17,"Up"
1.93910285804267e-22,1.04958436840016,0.433,0.203,1.49027811052011e-17,"Rsrc2-201",1.49027811052011e-17,"Up"
1.19021972874393e-21,-1.15143807157677,0.191,0.463,9.14731470328862e-17,"Hmgb1-202",9.14731470328862e-17,"Down"
1.58319283149572e-21,-1.48490071242635,0.208,0.439,1.21674701871772e-16,"Csde1-214",1.21674701871772e-16,"Down"
2.00500606599126e-21,1.17739940306262,0.361,0.166,1.54092736195692e-16,"Taf10-202",1.54092736195692e-16,"Up"
2.40938926698373e-21,-1.61806587774358,0.106,0.347,1.85171202724767e-16,"Hmgb1-210",1.85171202724767e-16,"Down"
5.32560108211318e-21,-2.20010215489917,0.295,0.538,4.09293745564726e-16,"Epb41-204",4.09293745564726e-16,"Down"
9.70692452945739e-21,-1.08225124511174,0.817,0.793,7.46015977786918e-16,"Bpgm-201",7.46015977786918e-16,"Down"
1.14857019760734e-20,-1.22240793489455,0.733,0.708,8.82722139669145e-16,"Creg1-202",8.82722139669145e-16,"Down"
2.90139308526231e-20,-1.53136962122834,0.589,0.584,2.2298366417475e-15,"Pkhd1l1-201",2.2298366417475e-15,"Down"
3.62554089657934e-20,-1.6476492690125,0.582,0.577,2.78637320065708e-15,"Pkhd1l1-202",2.78637320065708e-15,"Down"
9.05895373753937e-20,-1.54539145356711,0.688,0.633,6.96216830544851e-15,"Ppp1cb-201",6.96216830544851e-15,"Down"
4.44924680963002e-19,-1.51751165484542,0.485,0.588,3.41942414307305e-14,"Riok3-204",3.41942414307305e-14,"Down"
5.92260146267416e-19,-2.06982447309224,0.245,0.41,4.5517561281236e-14,"Peg10-202",4.5517561281236e-14,"Down"
1.50473383780992e-18,-1.49770555105577,0.589,0.601,1.15644814371044e-13,"Sqstm1-201",1.15644814371044e-13,"Down"
2.45865167423969e-18,-1.40552408324085,0.614,0.594,1.88957215772017e-13,"Pkhd1l1-203",1.88957215772017e-13,"Down"
3.05889405671682e-18,-1.59890222417756,0.438,0.539,2.35088243834914e-13,"Nt5c3-208",2.35088243834914e-13,"Down"
3.90830351601887e-18,-1.06733261373273,0.295,0.518,3.00368758420114e-13,"Anapc5-205",3.00368758420114e-13,"Down"
9.19448491684648e-18,-1.04871195672856,0.745,0.658,7.06632943799319e-13,"Trim10-201",7.06632943799319e-13,"Down"
1.86609190234648e-17,-2.12253823114824,0.213,0.376,1.43416627062936e-12,"Sh3glb1-205",1.43416627062936e-12,"Down"
2.11237510143235e-17,-1.92634331325818,0.24,0.397,1.62344476045482e-12,"Peg10-203",1.62344476045482e-12,"Down"
2.3733145781173e-17,1.2638910642813,0.47,0.287,1.82398718586627e-12,"Nolc1-208",1.82398718586627e-12,"Up"
2.6662086354577e-17,-1.36129704338497,0.208,0.408,2.04908798469466e-12,"Rbm3-205",2.04908798469466e-12,"Down"
6.0777832224105e-17,-1.12703037516167,0.671,0.671,4.67101951775137e-12,"Peg3-201",4.67101951775137e-12,"Down"
6.89747433570976e-17,1.19305880827408,0.46,0.277,5.30098492596638e-12,"Cct3-204",5.30098492596638e-12,"Up"
7.20254779854207e-17,-1.64666521062061,0.21,0.379,5.53544608509152e-12,"Tpbpa-201",5.53544608509152e-12,"Down"
1.10432939603738e-16,1.09957330649307,0.488,0.302,8.4872131403057e-12,"Cct3-207",8.4872131403057e-12,"Up"
1.30061326446035e-16,-1.09318508792024,0.356,0.148,9.99573318268357e-12,"Tbl1xr1-203",9.99573318268357e-12,"Down"
2.14090750908979e-16,-1.05429714962929,0.292,0.521,1.64537305703587e-11,"Hnrnpk-216",1.64537305703587e-11,"Down"
2.88042124910589e-16,-1.50711111564776,0.426,0.505,2.21371894678784e-11,"Sqstm1-205",2.21371894678784e-11,"Down"
3.15379572986401e-16,-2.25528299167136,0.168,0.334,2.42381817022969e-11,"Epb42-201",2.42381817022969e-11,"Down"
1.36318652228348e-15,-1.15693740752625,0.73,0.719,1.04766336983574e-10,"Sh3glb1-201",1.04766336983574e-10,"Down"
3.19410855688115e-15,-1.67230936876385,0.171,0.344,2.45480019030544e-10,"Hipk1-206",2.45480019030544e-10,"Down"
1.65485705850402e-14,-2.97211496326599,0.218,0.342,1.27182384374268e-09,"Slfn14-201",1.27182384374268e-09,"Down"
2.57539983391248e-14,-1.37837242498964,0.171,0.355,1.9792977883551e-09,"Tmed2b-201",1.9792977883551e-09,"Down"
3.43420305140368e-14,-1.57576459422393,0.176,0.336,2.63932241312578e-09,"Marchf5-202",2.63932241312578e-09,"Down"
4.05734890664852e-14,-1.03891136864781,0.433,0.196,3.11823492871565e-09,"Atp6v1d-201",3.11823492871565e-09,"Down"
4.4911337107903e-14,-2.40406585596912,0.312,0.402,3.45161590209077e-09,"Ackr3-201",3.45161590209077e-09,"Down"
5.32061149054416e-14,-1.41485853523624,0.411,0.495,4.08910275494281e-09,"Nt5c3-206",4.08910275494281e-09,"Down"
7.62452562991823e-14,-1.27088306119921,0.302,0.445,5.85975292761736e-09,"Bmp2k-202",5.85975292761736e-09,"Down"
1.0257504589627e-13,-1.00108464559466,0.582,0.601,7.88330257731192e-09,"Ermap-201",7.88330257731192e-09,"Down"
2.53031720154609e-13,-1.33351001654304,0.369,0.487,1.94464998207623e-08,"Riok3-215",1.94464998207623e-08,"Down"
1.24807326417957e-12,-1.3266177667302,0.713,0.646,9.59194226452568e-08,"Sqstm1-202",9.59194226452568e-08,"Down"
1.51161359711583e-12,-1.10155992444819,0.356,0.163,1.1617355139274e-07,"Ccndbp1-201",1.1617355139274e-07,"Down"
1.66783527796047e-12,-1.07556218514207,0.275,0.442,1.28179812452374e-07,"Eif5-213",1.28179812452374e-07,"Down"
3.12714955681346e-12,-1.39368059693018,0.557,0.556,2.40333952039342e-07,"Bnip3l-202",2.40333952039342e-07,"Down"
4.01380398487382e-12,-1.26679695445955,0.193,0.333,3.08476891453493e-07,"Hadha-203",3.08476891453493e-07,"Down"
3.23880136202776e-11,-1.17279271337049,0.572,0.57,2.48914839877281e-06,"Azin1-205",2.48914839877281e-06,"Down"
4.30614824304564e-11,-1.08013896657585,0.366,0.481,3.3094471707103e-06,"Add2-208",3.3094471707103e-06,"Down"
9.99269649640758e-11,1.39788776087047,0.485,0.424,7.67978696534908e-06,"Npm1-204",7.67978696534908e-06,"Up"
1.06497562392429e-10,-1.8370124932082,0.243,0.349,8.18476366010777e-06,"Aplp2-203",8.18476366010777e-06,"Down"
1.31415135753387e-10,-1.18458926990225,0.257,0.396,1.00997788431908e-05,"Rbm3-201",1.00997788431908e-05,"Down"
1.68677324748025e-10,-1.45502885460542,0.344,0.164,1.29635271161848e-05,"Eipr1-206",1.29635271161848e-05,"Down"
1.78383237574895e-10,-1.74467764213615,0.631,0.562,1.3709465340581e-05,"Ube2h-202",1.3709465340581e-05,"Down"
1.94717445152657e-10,-1.09085570816446,0.421,0.204,1.49648145297623e-05,"Rab8b-201",1.49648145297623e-05,"Down"
3.42541570319984e-10,-1.46888700001312,0.24,0.348,2.6325689845372e-05,"Septin7-210",2.6325689845372e-05,"Down"
3.94807048802032e-10,-1.07947555199242,0.265,0.419,3.03425009286314e-05,"Eif5-201",3.03425009286314e-05,"Down"
9.1790978785687e-10,-1.08611753780391,0.688,0.584,7.05450388359518e-05,"Sec62-201",7.05450388359518e-05,"Down"
1.37206153695542e-09,-1.04123090370232,0.364,0.182,0.000105448417361172,"1700037H04Rik-202",0.000105448417361172,"Down"
1.74351230182727e-09,-1.27064260010365,0.337,0.166,0.000133995894444633,"Tbcel-203",0.000133995894444633,"Down"
3.35527166311003e-09,-1.00410497608617,0.233,0.353,0.000257866048396658,"Psmd4-203",0.000257866048396658,"Down"
4.15112129960779e-09,-1.04681619667115,0.384,0.194,0.000319030276360057,"Bach1-201",0.000319030276360057,"Down"
4.79170626209574e-09,-1.4192507007772,0.312,0.387,0.000368261793067106,"Aplp2-202",0.000368261793067106,"Down"
7.56423588643296e-09,-1.35085868582025,0.597,0.552,0.000581341784815919,"Cpeb4-202",0.000581341784815919,"Down"
8.2209513733411e-09,-1.76162593455265,0.332,0.406,0.000631812996846757,"Ube2c-201",0.000631812996846757,"Down"
1.21378601485112e-08,-1.21262081650796,0.347,0.176,0.000932843103853678,"Net1-202",0.000932843103853678,"Down"
1.28246970413255e-08,-1.14099600880067,0.423,0.217,0.000985629266414032,"Hscb-201",0.000985629266414032,"Down"
2.2866969048261e-08,-1.38024358063971,0.629,0.531,0.00175741803923505,"St3gal5-201",0.00175741803923505,"Down"
2.80774354982414e-08,-2.04079604834845,0.5,0.475,0.00215786322778184,"Grap2-201",0.00215786322778184,"Down"
3.54658953693056e-08,-1.19136356749815,0.225,0.333,0.00272569592271261,"Tmpo-205",0.00272569592271261,"Down"
5.27174488655038e-08,-1.10673746369349,0.225,0.34,0.00405154681510942,"Eef1d-215",0.00405154681510942,"Down"
1.18426885337089e-07,-1.01286920980942,0.426,0.227,0.00910157984569664,"Slc22a4-201",0.00910157984569664,"Down"
