"p_val","avg_log2FC","pct.1","pct.2","p_val_adj","gene","p_val_adj_plot","Significance"
1.13678892204746e-57,-3.45397922211433,0.106,0.918,8.73667758150356e-53,"Rgs18-201",8.73667758150356e-53,"Down"
1.26293174532122e-46,-3.08536226918645,0.123,0.859,9.70613563549167e-42,"Lgalsl-201",9.70613563549167e-42,"Down"
2.91029492284301e-46,-2.73539165092904,0.086,0.812,2.23667806000177e-41,"Btk-201",2.23667806000177e-41,"Down"
8.33654052990153e-46,-3.09043443635438,0.183,0.918,6.40696485885052e-41,"Gp1ba-201",6.40696485885052e-41,"Down"
1.77501733890879e-44,-2.90524994004577,0.232,0.953,1.36417182564497e-39,"Fyb-201",1.36417182564497e-39,"Down"
8.89278938611615e-44,-3.19335895762629,0.131,0.835,6.8344643548057e-39,"Pkd1l3-203",6.8344643548057e-39,"Down"
6.46838412889646e-43,-3.04346020118671,0.385,0.988,4.97121193842208e-38,"Rsu1-201",4.97121193842208e-38,"Down"
4.15445466206556e-42,-2.63872078616249,0.052,0.659,3.19286458598386e-37,"Wbp2-201",3.19286458598386e-37,"Down"
2.3731171407843e-41,-2.60760392738542,0.017,0.518,1.82383544737836e-36,"Dnajb4-204",1.82383544737836e-36,"Down"
1.5933653551539e-40,-2.60557528549517,0.096,0.765,1.22456501004998e-35,"Gp6-202",1.22456501004998e-35,"Down"
3.38106505044657e-40,-1.85064089964536,0.03,0.565,2.5984837338702e-35,"Dnajb4-202",2.5984837338702e-35,"Down"
4.41535179392222e-40,-2.49428139873288,0.101,0.776,3.39337446770099e-35,"Tgfb1i1-201",3.39337446770099e-35,"Down"
7.50399229682696e-40,-2.66666917554289,0.232,0.941,5.76711823980339e-35,"Tuba4a-202",5.76711823980339e-35,"Down"
4.92946034816935e-39,-3.10815570834101,0.131,0.788,3.78848745598208e-34,"Pkd1l3-201",3.78848745598208e-34,"Down"
2.05607709683947e-38,-3.16168171210589,0.032,0.541,1.58017749200501e-33,"Ophn1-201",1.58017749200501e-33,"Down"
3.93855243823071e-38,-2.8030114411546,0.319,0.941,3.02693509087783e-33,"Myl9-201",3.02693509087783e-33,"Down"
4.120879552113e-38,-3.00733156727247,0.168,0.824,3.16706077098093e-33,"Tuba4a-201",3.16706077098093e-33,"Down"
5.09196510440949e-38,-3.25479167559032,0.351,0.929,3.91337886134287e-33,"Ppbp-201",3.91337886134287e-33,"Down"
2.35266248752672e-37,-2.63405557174576,0.077,0.682,1.80811522816378e-32,"Dusp3-206",1.80811522816378e-32,"Down"
5.93850842780949e-37,-2.48068285608985,0.432,0.965,4.5639812671087e-32,"Mmrn1-201",4.5639812671087e-32,"Down"
8.28341711379873e-37,-3.07558069106433,0.067,0.635,6.36613738863888e-32,"Hacd4-203",6.36613738863888e-32,"Down"
1.35544987659216e-36,-2.85160676092726,0.074,0.659,1.04171744815614e-31,"Septin2-201",1.04171744815614e-31,"Down"
2.19182158353165e-36,-2.66210345821697,0.202,0.882,1.68450255980741e-31,"Cavin2-201",1.68450255980741e-31,"Down"
2.52058803857558e-36,-2.55818443754912,0.143,0.812,1.93717273116688e-31,"Ccnd3-218",1.93717273116688e-31,"Down"
3.2787650091232e-36,-2.54827223832975,0.143,0.812,2.51986206011154e-31,"Ccnd3-215",2.51986206011154e-31,"Down"
3.80619336553604e-36,-2.59786849090394,0.138,0.8,2.92521184914907e-31,"Ccnd3-201",2.92521184914907e-31,"Down"
9.61822705080053e-36,-2.57497458606768,0.153,0.812,7.39199221762224e-31,"Capn2-201",7.39199221762224e-31,"Down"
1.15601397575751e-35,-1.4887617287738,0.988,1,8.88442980928678e-31,"Actb-201",8.88442980928678e-31,"Down"
1.26572063037411e-35,-1.84438761551334,0.8,1,9.72756933267715e-31,"Tln1-201",9.72756933267715e-31,"Down"
1.40205360749246e-35,-2.27989316714107,0.074,0.671,1.07753427950225e-30,"Sla-201",1.07753427950225e-30,"Down"
1.47156875314724e-35,-2.3606815579325,0.146,0.812,1.13095944954378e-30,"Ccnd3-202",1.13095944954378e-30,"Down"
1.9673066945628e-35,-2.17634225299965,0.294,0.976,1.51195388703929e-30,"Actn1-201",1.51195388703929e-30,"Down"
4.64254061895867e-35,-2.45283151566051,0.627,0.976,3.56797816729449e-30,"Fermt3-201",3.56797816729449e-30,"Down"
1.00589805278342e-34,-4.21058778078437,0.17,0.776,7.73072889486172e-30,"Ank3-231",7.73072889486172e-30,"Down"
1.35693110687929e-34,-1.92226736091859,0.025,0.482,1.04285583288101e-29,"Cd200r1-203",1.04285583288101e-29,"Down"
2.09189190217815e-34,-1.80033307589493,0.094,0.706,1.60770260249999e-29,"Med12l-206",1.60770260249999e-29,"Down"
2.94815631027827e-34,-2.16615695780647,0.074,0.647,2.26577605070126e-29,"Aco2-201",2.26577605070126e-29,"Down"
3.30250426089278e-34,-2.1376162409269,0.62,1,2.53810662466653e-29,"Plek-202",2.53810662466653e-29,"Down"
3.79006068632463e-34,-2.931273115286,0.069,0.624,2.91281323986793e-29,"Slc6a4-202",2.91281323986793e-29,"Down"
4.18520777589822e-34,-2.80657761012835,0.03,0.494,3.21649958408882e-29,"Celf2-206",3.21649958408882e-29,"Down"
4.60224999406717e-34,-2.12621540420236,0.195,0.871,3.53701321044039e-29,"Pls1-201",3.53701321044039e-29,"Down"
5.11942740072864e-34,-2.13503282631858,0.247,0.918,3.93448473455599e-29,"Ilk-212",3.93448473455599e-29,"Down"
6.23301186225497e-34,-2.58112185090278,0.104,0.706,4.79031893661744e-29,"Stk4-201",4.79031893661744e-29,"Down"
9.7978197435925e-34,-1.94336686875877,0.812,0.988,7.53001638574058e-29,"Thbs1-201",7.53001638574058e-29,"Down"
1.1809199732496e-33,-2.24697658256927,0.232,0.929,9.07584236241245e-29,"Aldh2-201",9.07584236241245e-29,"Down"
1.20981148141895e-33,-2.56222966874386,0.474,0.976,9.29788515929717e-29,"Vcl-201",9.29788515929717e-29,"Down"
1.79568697678333e-33,-2.36592864058864,0.595,1,1.38005726913706e-28,"Bin2-207",1.38005726913706e-28,"Down"
2.33976889175471e-33,-2.53308351398289,0.101,0.694,1.79820598406916e-28,"F13a1-201",1.79820598406916e-28,"Down"
2.36674333975103e-33,-1.79697760617118,0.16,0.824,1.81893692633226e-28,"Ccnd3-205",1.81893692633226e-28,"Down"
2.47226924708525e-33,-2.52837582774991,0.289,0.918,1.9000378071549e-28,"Arhgap18-201",1.9000378071549e-28,"Down"
2.47295068929712e-33,-2.25713020512083,0.348,0.941,1.90056152275241e-28,"Irag1-201",1.90056152275241e-28,"Down"
2.65265300979109e-33,-2.65452567022344,0.04,0.518,2.03866994414484e-28,"Btk-202",2.03866994414484e-28,"Down"
2.74305222638596e-33,-1.92190547057283,0.054,0.576,2.10814535806666e-28,"Idi1-201",2.10814535806666e-28,"Down"
3.53379767224529e-33,-3.01448313161311,0.077,0.624,2.71586486302739e-28,"Nav1-208",2.71586486302739e-28,"Down"
3.58144505818762e-33,-2.06479746757051,0.363,0.965,2.75248378501951e-28,"F5-201",2.75248378501951e-28,"Down"
4.37433195247659e-33,-2.6262380782327,0.032,0.494,3.36184907875636e-28,"Celf2-201",3.36184907875636e-28,"Down"
4.37433195247659e-33,-2.6262380782327,0.032,0.494,3.36184907875636e-28,"Celf2-202",3.36184907875636e-28,"Down"
6.10472803674051e-33,-2.53624138177513,0.427,0.929,4.69172768535655e-28,"Mmrn1-203",4.69172768535655e-28,"Down"
6.67740881870767e-33,-2.41191744337336,0.047,0.553,5.13185577352959e-28,"Sardh-202",5.13185577352959e-28,"Down"
7.84085543339001e-33,-2.5379627171623,0.049,0.553,6.02601103477756e-28,"Idi1-206",6.02601103477756e-28,"Down"
8.39852380002081e-33,-2.69020908922022,0.077,0.624,6.45460148126799e-28,"F13a1-202",6.45460148126799e-28,"Down"
9.29366766950935e-33,-2.16069955887553,0.19,0.847,7.14255535072472e-28,"Prkca-201",7.14255535072472e-28,"Down"
1.05076354635469e-32,-4.46319199819024,0.007,0.376,8.07553815915436e-28,"Krcc1-201",8.07553815915436e-28,"Down"
1.26514850354594e-32,-1.91145627543461,0.104,0.718,9.72317230915193e-28,"Rida-201",9.72317230915193e-28,"Down"
1.4746237792557e-32,-2.41639692117527,0.037,0.506,1.13330735930918e-27,"Atrx-202",1.13330735930918e-27,"Down"
1.62248401868391e-32,-2.14244399382731,0.049,0.553,1.24694386771933e-27,"Sh2b3-202",1.24694386771933e-27,"Down"
1.79604981716071e-32,-1.9656933726738,0.059,0.588,1.38033612648069e-27,"Ache-201",1.38033612648069e-27,"Down"
2.25652077275052e-32,-1.9584870129184,0.067,0.612,1.73422647468969e-27,"Mapre2-201",1.73422647468969e-27,"Down"
2.38330987717048e-32,-2.42273529626588,0.067,0.6,1.8316689730006e-27,"Btk-204",1.8316689730006e-27,"Down"
2.58202998858824e-32,-1.62253840055622,0.057,0.588,1.98439332742961e-27,"Nlk-201",1.98439332742961e-27,"Down"
2.73178793004968e-32,-2.12241236375558,0.057,0.576,2.09948829576038e-27,"Ache-202",2.09948829576038e-27,"Down"
3.45552056430789e-32,-1.55246177177348,0.089,0.682,2.65570577449318e-27,"Sla-202",2.65570577449318e-27,"Down"
4.85232078326069e-32,-2.28458562255388,0.059,0.576,3.72920261476717e-27,"Jak2-201",3.72920261476717e-27,"Down"
4.98419505253786e-32,-2.07634392846327,0.44,0.965,3.83055326567744e-27,"Alox12-201",3.83055326567744e-27,"Down"
5.19872375086341e-32,-1.75471516642679,0.111,0.729,3.99542715148856e-27,"Stxbp2-207",3.99542715148856e-27,"Down"
6.40454437422232e-32,-1.72676850899051,0.595,0.988,4.92214853336482e-27,"Tgfb1-201",4.92214853336482e-27,"Down"
7.06619423612833e-32,-2.53395144525582,0.069,0.6,5.43065291823407e-27,"Unc13d-207",5.43065291823407e-27,"Down"
8.07321885638389e-32,-3.84911159974571,0.032,0.471,6.20459161988527e-27,"Cit-201",6.20459161988527e-27,"Down"
8.11824079041042e-32,-3.95937597529078,0.022,0.435,6.23919277706203e-27,"Gskip-201",6.23919277706203e-27,"Down"
9.16707457258829e-32,-2.51623043007375,0.017,0.412,7.04526349201701e-27,"Dram2-203",7.04526349201701e-27,"Down"
1.02667924109091e-31,-3.08493775014778,0.123,0.694,7.8904406394801e-27,"Pkd1l3-202",7.8904406394801e-27,"Down"
1.1647200559261e-31,-2.84283264397453,0.17,0.765,8.95133951781448e-27,"Pde5a-204",8.95133951781448e-27,"Down"
1.2285033447629e-31,-2.511322071616,0.074,0.612,9.4415396058408e-27,"Unc13d-203",9.4415396058408e-27,"Down"
1.33925064684036e-31,-2.25854589895948,0.044,0.529,1.02926769212269e-26,"Mapre2-209",1.02926769212269e-26,"Down"
1.44061297666869e-31,-2.21824999974056,0.333,0.918,1.10716869708896e-26,"Irag1-202",1.10716869708896e-26,"Down"
1.54493916414453e-31,-2.27288302257829,0.151,0.776,1.18734754521164e-26,"Stx11-202",1.18734754521164e-26,"Down"
2.36417486211404e-31,-1.95258571912276,0.054,0.565,1.81696294852912e-26,"Myct1-201",1.81696294852912e-26,"Down"
2.81167374317117e-31,-2.19081519670702,0.356,0.965,2.16088373857677e-26,"Vwf-203",2.16088373857677e-26,"Down"
3.03826203077866e-31,-1.6742757876401,0.04,0.506,2.33502590113463e-26,"Rnf38-203",2.33502590113463e-26,"Down"
3.6698518847866e-31,-1.91272814884668,0.148,0.8,2.8204279675339e-26,"Hk1-202",2.8204279675339e-26,"Down"
3.73205269085776e-31,-1.87855389389893,0.057,0.565,2.86823177503182e-26,"Nckap1-201",2.86823177503182e-26,"Down"
6.02194203309888e-31,-2.05547976807851,0.052,0.541,4.62810333011781e-26,"Cep70-201",4.62810333011781e-26,"Down"
6.83539959166696e-31,-2.41764685559207,0.077,0.612,5.25327800217972e-26,"Unc13d-202",5.25327800217972e-26,"Down"
7.22790615685174e-31,-2.41393920620325,0.178,0.788,5.55493499778684e-26,"Daam1-202",5.55493499778684e-26,"Down"
7.28469634208296e-31,-2.51294756233421,0.032,0.471,5.59858052674443e-26,"Celf2-204",5.59858052674443e-26,"Down"
7.73831461627966e-31,-5.22877608166038,0.005,0.341,5.94720431519557e-26,"Nt5c2-203",5.94720431519557e-26,"Down"
9.41713316899313e-31,-2.31005967471751,0.479,0.976,7.23744352569798e-26,"Treml1-201",7.23744352569798e-26,"Down"
1.00495668315939e-30,-1.97768384053167,0.138,0.765,7.72349409275315e-26,"Atp2c1-202",7.72349409275315e-26,"Down"
1.05103250540847e-30,-2.5303425541613,0.156,0.753,8.07760521706623e-26,"Tnik-201",8.07760521706623e-26,"Down"
1.2852467465017e-30,-1.99042841316258,0.074,0.612,9.87763534556416e-26,"Lrrc8b-201",9.87763534556416e-26,"Down"
1.46925929493314e-30,-2.06391249965863,0.126,0.718,1.12918453852792e-25,"Nsf-202",1.12918453852792e-25,"Down"
1.62516153940992e-30,-1.80490716503856,0.072,0.6,1.2490016494981e-25,"Jak2-202",1.2490016494981e-25,"Down"
2.41140191825209e-30,-2.26128456974694,0.235,0.847,1.85325883025346e-25,"Prkcq-201",1.85325883025346e-25,"Down"
2.4705047055903e-30,-2.88527695929712,0.035,0.471,1.89868168643437e-25,"Map1a-201",1.89868168643437e-25,"Down"
2.4705047055903e-30,-2.88527695929712,0.035,0.471,1.89868168643437e-25,"Map1a-202",1.89868168643437e-25,"Down"
2.75731229570979e-30,-2.45510060572041,0.074,0.6,2.1191047917448e-25,"Nt5c3-202",2.1191047917448e-25,"Down"
3.00885209021093e-30,-2.33408583180283,0.267,0.871,2.31242318541071e-25,"Dnmt3a-201",2.31242318541071e-25,"Down"
3.40310379520723e-30,-1.02821151071434,0.015,0.388,2.61542139076857e-25,"Nt5c2-205",2.61542139076857e-25,"Down"
3.42491818819679e-30,-2.25743920968087,0.141,0.729,2.63218662435676e-25,"Lims1-206",2.63218662435676e-25,"Down"
3.47133586187839e-30,-2.63586405034406,0.047,0.518,2.66786046328802e-25,"Gucy1a1-204",2.66786046328802e-25,"Down"
3.53497560771407e-30,-1.71095159856707,0.116,0.718,2.71677015355257e-25,"Maged2-203",2.71677015355257e-25,"Down"
3.63073272541431e-30,-2.57285236151247,0.04,0.494,2.79036332878992e-25,"Ipo11-204",2.79036332878992e-25,"Down"
5.61905149537868e-30,-1.97334129406724,0.084,0.635,4.31846583625833e-25,"Lrrc8c-201",4.31846583625833e-25,"Down"
6.31263940055878e-30,-2.08132101184043,0.119,0.706,4.85151588490545e-25,"Atp2c1-204",4.85151588490545e-25,"Down"
8.05858471899407e-30,-1.70225346159068,0.205,0.906,6.1933446999357e-25,"Ptprj-204",6.1933446999357e-25,"Down"
1.16121161009484e-29,-1.83918267211861,0.104,0.671,8.92437570822285e-25,"Inpp5d-210",8.92437570822285e-25,"Down"
1.17529419161325e-29,-1.79252379081093,0.141,0.776,9.03260598022447e-25,"Dusp3-203",9.03260598022447e-25,"Down"
1.17529419161325e-29,-1.79252379081093,0.141,0.776,9.03260598022447e-25,"Dusp3-202",9.03260598022447e-25,"Down"
1.3427971077578e-29,-2.15076278672816,0.153,0.776,1.03199328919618e-24,"Ncoa4-202",1.03199328919618e-24,"Down"
1.39317526913344e-29,-2.18902802239765,0.217,0.824,1.07071092133982e-24,"Gp1ba-202",1.07071092133982e-24,"Down"
1.41834746434046e-29,-1.55074886625938,0.79,1,1.09005676024422e-24,"Eef1a1-201",1.09005676024422e-24,"Down"
1.74350340016515e-29,-2.4773645167699,0.04,0.482,1.33995210316292e-24,"Cmah-202",1.33995210316292e-24,"Down"
1.74350340016515e-29,-2.4773645167699,0.04,0.482,1.33995210316292e-24,"Cmah-206",1.33995210316292e-24,"Down"
1.83695554577307e-29,-3.36875840205919,0.104,0.624,1.41177381514843e-24,"Pbx1-205",1.41177381514843e-24,"Down"
1.91425471220988e-29,-3.17170582738492,0.054,0.518,1.47118131652178e-24,"Serpinb2-202",1.47118131652178e-24,"Down"
2.03822303202062e-29,-3.81070647329556,0.017,0.388,1.56645592902913e-24,"Capns1-208",1.56645592902913e-24,"Down"
2.03822303202062e-29,-3.81070647329556,0.017,0.388,1.56645592902913e-24,"Capns1-202",1.56645592902913e-24,"Down"
2.0996813203245e-29,-2.41884407129773,0.037,0.471,1.61368908192219e-24,"Mob1b-202",1.61368908192219e-24,"Down"
2.77633807014697e-29,-2.4621725351449,0.042,0.494,2.13372686043075e-24,"Ipo11-201",2.13372686043075e-24,"Down"
2.98934318217908e-29,-1.51902489181834,0.158,0.812,2.29742980923191e-24,"Samd14-201",2.29742980923191e-24,"Down"
3.06371970125964e-29,-2.19232906700806,0.207,0.812,2.35459113920608e-24,"Trip12-206",2.35459113920608e-24,"Down"
3.2682952354756e-29,-2.39588888036589,0.195,0.824,2.51181562027242e-24,"Sptan1-202",2.51181562027242e-24,"Down"
4.19420404022764e-29,-2.19903457062291,0.156,0.776,3.22341357307655e-24,"Ncoa4-201",3.22341357307655e-24,"Down"
4.27609155280844e-29,-2.42372025449004,0.072,0.576,3.2863474019954e-24,"Unc13d-201",3.2863474019954e-24,"Down"
4.52809643564686e-29,-2.05336260457964,0.173,0.776,3.48002323465204e-24,"Pde3a-201",3.48002323465204e-24,"Down"
5.53268878057222e-29,-2.71325763091774,0.035,0.459,4.25209263542097e-24,"Slc44a2-201",4.25209263542097e-24,"Down"
6.10631476064117e-29,-1.73922802084666,0.104,0.671,4.69294714614316e-24,"Maged2-204",4.69294714614316e-24,"Down"
6.58590326644467e-29,-2.0541647627068,0.272,0.906,5.06153009639339e-24,"Nptn-201",5.06153009639339e-24,"Down"
1.07457158359565e-28,-2.82060841072947,0.072,0.565,8.25851244856605e-24,"Map2k3-201",8.25851244856605e-24,"Down"
1.09633676847127e-28,-1.85684801760216,0.128,0.718,8.4257866004091e-24,"Atp2c1-201",8.4257866004091e-24,"Down"
1.15213546523351e-28,-1.95514812196002,0.047,0.506,8.85462190450562e-24,"Mapre2-202",8.85462190450562e-24,"Down"
1.15655020552237e-28,-2.26430775474417,0.084,0.612,8.88855094952163e-24,"Stxbp2-201",8.88855094952163e-24,"Down"
1.16404097472657e-28,-2.05047847231799,0.044,0.494,8.94612050716355e-24,"Evi2-201",8.94612050716355e-24,"Down"
1.33371214522651e-28,-1.87548606770574,0.222,0.882,1.02501113209238e-23,"Parvb-201",1.02501113209238e-23,"Down"
1.5957582758465e-28,-2.14030797513058,0.079,0.588,1.22640406531907e-23,"Prune2-201",1.22640406531907e-23,"Down"
1.87421063667332e-28,-2.42448974700848,0.101,0.635,1.44040584270891e-23,"Elf1-202",1.44040584270891e-23,"Down"
2.46543624011629e-28,-2.29297671167031,0.027,0.424,1.89478636797897e-23,"Stk3-205",1.89478636797897e-23,"Down"
2.54007124182125e-28,-2.05397740074133,0.081,0.6,1.95214635218931e-23,"Maged2-202",1.95214635218931e-23,"Down"
2.59318881014166e-28,-2.88259783363798,0.091,0.6,1.99296932814627e-23,"Coro1a-202",1.99296932814627e-23,"Down"
2.64953663839331e-28,-2.24291974471117,0.04,0.471,2.03627488807079e-23,"Evi2b-201",2.03627488807079e-23,"Down"
2.9197477789984e-28,-2.12196449223499,0.106,0.647,2.24394295807143e-23,"Trpc6-202",2.24394295807143e-23,"Down"
3.10051976885531e-28,-1.48998719530945,0.183,0.859,2.38287346315606e-23,"Gp5-201",2.38287346315606e-23,"Down"
3.77022434340942e-28,-2.00029304022987,0.101,0.647,2.89756821688388e-23,"Aftph-201",2.89756821688388e-23,"Down"
4.50712179089746e-28,-4.12543169977511,0.01,0.341,3.46390338117633e-23,"Ophn1-202",3.46390338117633e-23,"Down"
4.65350553587165e-28,-2.33368422269368,0.062,0.541,3.5764051445388e-23,"Mrtfa-204",3.5764051445388e-23,"Down"
5.03976236482527e-28,-2.41069978273092,0.04,0.471,3.87325896786282e-23,"Angpt1-201",3.87325896786282e-23,"Down"
5.16868546550926e-28,-1.67034512114362,0.148,0.776,3.97234152766249e-23,"Dusp3-201",3.97234152766249e-23,"Down"
6.15717055172778e-28,-3.16255992011756,0.012,0.353,4.73203185582487e-23,"Fmr1-202",4.73203185582487e-23,"Down"
6.61991490155975e-28,-1.77519943425417,0.035,0.447,5.08766939844473e-23,"Prcp-201",5.08766939844473e-23,"Down"
6.86313184993807e-28,-2.28749878324525,0.022,0.4,5.2745913519514e-23,"Mavs-203",5.2745913519514e-23,"Down"
7.30897078006376e-28,-1.78849157838879,0.257,0.871,5.6172364033102e-23,"Ilk-201",5.6172364033102e-23,"Down"
7.45119272858091e-28,-1.92953996737361,0.114,0.682,5.72653965962357e-23,"Capn3-212",5.72653965962357e-23,"Down"
7.67843834919397e-28,-1.74532549498704,0.086,0.612,5.90118700888953e-23,"Zfp207-201",5.90118700888953e-23,"Down"
8.32152136555177e-28,-2.59790983944246,0.017,0.376,6.39542203028116e-23,"Prkag1-201",6.39542203028116e-23,"Down"
8.71429039347906e-28,-2.53356059784399,0.042,0.471,6.6972807390044e-23,"Ache-208",6.6972807390044e-23,"Down"
9.13244457393682e-28,-2.6089981512267,0.044,0.471,7.0186489528534e-23,"Asap2-201",7.0186489528534e-23,"Down"
9.14712373157837e-28,-2.60874380063294,0.081,0.576,7.02993047266724e-23,"Add3-207",7.02993047266724e-23,"Down"
9.14712373157837e-28,-2.60874380063294,0.081,0.576,7.02993047266724e-23,"Add3-201",7.02993047266724e-23,"Down"
1.03679959838135e-27,-2.3123132681192,0.279,0.871,7.96821963339999e-23,"Itga6-201",7.96821963339999e-23,"Down"
1.22804730308573e-27,-2.84693768051295,0.032,0.435,9.43803474313506e-23,"Akap5-201",9.43803474313506e-23,"Down"
1.22804730308573e-27,-2.84693768051295,0.032,0.435,9.43803474313506e-23,"Akap5-202",9.43803474313506e-23,"Down"
1.30547097039292e-27,-1.38684526691552,0.084,0.612,1.00330665958577e-22,"Dync1i2-204",1.00330665958577e-22,"Down"
1.50641255161811e-27,-2.54789319589715,0.138,0.682,1.15773830242058e-22,"Macf1-203",1.15773830242058e-22,"Down"
1.55615845288963e-27,-1.81250914379573,0.425,0.953,1.1959700173838e-22,"Dstn-201",1.1959700173838e-22,"Down"
1.64099769723383e-27,-1.7377355597707,0.21,0.847,1.26117237023208e-22,"Cdc42-202",1.26117237023208e-22,"Down"
1.88131051586963e-27,-3.08362344882779,0.247,0.788,1.44586238386645e-22,"Mbnl1-201",1.44586238386645e-22,"Down"
2.00717877659115e-27,-1.72331701329978,0.106,0.659,1.54259717696136e-22,"Maged2-201",1.54259717696136e-22,"Down"
2.01699599320967e-27,-2.09509294854542,0.059,0.529,1.55014210062136e-22,"Gtf2e2-203",1.55014210062136e-22,"Down"
2.0667665670728e-27,-1.88702906756246,0.089,0.624,1.58839277745813e-22,"Nfe2l2-201",1.58839277745813e-22,"Down"
2.14074699504499e-27,-2.02874522665024,0.119,0.671,1.64524969557188e-22,"I830077J02Rik-201",1.64524969557188e-22,"Down"
2.22341486568279e-27,-2.17080422989204,0.054,0.506,1.70878326087185e-22,"Jak2-204",1.70878326087185e-22,"Down"
2.5436366238818e-27,-1.91443758516422,0.064,0.541,1.95488649091812e-22,"Mrtfa-211",1.95488649091812e-22,"Down"
2.83849996008394e-27,-1.85583840269288,0.116,0.682,2.18150075932291e-22,"Capn3-204",2.18150075932291e-22,"Down"
2.83849996008394e-27,-1.8558384028083,0.116,0.682,2.18150075932291e-22,"Capn3-201",2.18150075932291e-22,"Down"
2.83849996008394e-27,-1.8558384028083,0.116,0.682,2.18150075932291e-22,"Capn3-208",2.18150075932291e-22,"Down"
3.0717801493417e-27,-1.50436958350027,0.18,0.824,2.36078591597507e-22,"Skap2-205",2.36078591597507e-22,"Down"
3.2038938024743e-27,-2.22565528015254,0.148,0.718,2.4623205429536e-22,"Mylk-201",2.4623205429536e-22,"Down"
3.20506055553666e-27,-1.95964387048273,0.072,0.565,2.46321723935215e-22,"Mvb12b-201",2.46321723935215e-22,"Down"
3.25593977940794e-27,-2.08028156742594,0.402,0.976,2.50231995806618e-22,"Tmsb4x-201",2.50231995806618e-22,"Down"
3.28181792335053e-27,-2.42540862353728,0.081,0.576,2.52220834681182e-22,"Slmap-203",2.52220834681182e-22,"Down"
3.51903550975797e-27,-2.34755603795209,0.402,0.894,2.70451955066939e-22,"Zyx-207",2.70451955066939e-22,"Down"
3.5426442376026e-27,-1.85204167810801,0.178,0.776,2.7226638023671e-22,"Lims1-202",2.7226638023671e-22,"Down"
3.55445226499933e-27,-2.02057369766246,0.111,0.659,2.73173874374258e-22,"Dock8-201",2.73173874374258e-22,"Down"
3.60320999760126e-27,-2.54778587720956,0.084,0.576,2.76921101155647e-22,"Add3-213",2.76921101155647e-22,"Down"
4.93669615950134e-27,-2.33413615181822,0.077,0.565,3.79404846642316e-22,"Rab11a-208",3.79404846642316e-22,"Down"
5.61274312323243e-27,-2.21903180046822,0.062,0.529,4.31361759992905e-22,"Mrtfa-201",4.31361759992905e-22,"Down"
7.05746168183267e-27,-2.25710596032843,0.114,0.647,5.42394160095568e-22,"Fdps-203",5.42394160095568e-22,"Down"
7.6719840164956e-27,-2.02058274015909,0.106,0.635,5.89622659603753e-22,"Erbin-203",5.89622659603753e-22,"Down"
7.70163419063899e-27,-2.57480263551261,0.067,0.529,5.91901394087369e-22,"Serpine2-201",5.91901394087369e-22,"Down"
7.95049966749292e-27,-1.75210592831608,0.195,0.824,6.11027701445501e-22,"Tubb2a-201",6.11027701445501e-22,"Down"
8.28924375040506e-27,-2.15064687005953,0.04,0.459,6.3706153919363e-22,"Sardh-201",6.3706153919363e-22,"Down"
9.19788540589772e-27,-1.96904307527573,0.24,0.859,7.06894284984863e-22,"Rac1-201",7.06894284984863e-22,"Down"
9.33813823237379e-27,-1.82475687003789,0.165,0.753,7.17673275710855e-22,"Esd-201",7.17673275710855e-22,"Down"
9.67834943824713e-27,-2.36618878571442,0.069,0.541,7.43819867727045e-22,"Unc13d-209",7.43819867727045e-22,"Down"
9.96521700229131e-27,-1.6980707527381,0.069,0.541,7.65866787494096e-22,"Adgrg1-202",7.65866787494096e-22,"Down"
1.10118898030194e-26,-1.54416238900191,0.062,0.529,8.46307778921256e-22,"Gtf2e2-202",8.46307778921256e-22,"Down"
1.16071996164507e-26,-3.49932230112055,0.025,0.388,8.92059719322705e-22,"Coro1b-211",8.92059719322705e-22,"Down"
1.16349422246695e-26,-2.42980112580486,0.054,0.494,8.94191849734753e-22,"Aftph-205",8.94191849734753e-22,"Down"
1.17550841565451e-26,-1.64955112311478,0.195,0.835,9.03425237767121e-22,"Mapk6-202",9.03425237767121e-22,"Down"
1.71872122815012e-26,-1.6913030509835,0.074,0.565,1.3209060126825e-21,"Cyfip1-203",1.3209060126825e-21,"Down"
1.77005412135179e-26,-1.88857511306886,0.084,0.588,1.3603573944237e-21,"Twf2-204",1.3603573944237e-21,"Down"
1.78497359556917e-26,-1.8747604919512,0.086,0.6,1.37182360713873e-21,"Cyfip1-201",1.37182360713873e-21,"Down"
1.81931272959021e-26,-1.8914156266815,0.24,0.835,1.39821460519926e-21,"Trip12-201",1.39821460519926e-21,"Down"
1.91844899988587e-26,-1.92343397158247,0.052,0.494,1.47440479437228e-21,"Nckap1-202",1.47440479437228e-21,"Down"
2.11460349620491e-26,-1.30993352489508,0.081,0.588,1.62515737097332e-21,"Dync1i2-205",1.62515737097332e-21,"Down"
2.17883442458074e-26,-1.74362962611108,0.262,0.871,1.67452140866728e-21,"Clu-201",1.67452140866728e-21,"Down"
2.38941360478255e-26,-1.77958481929116,0.158,0.729,1.83635993181958e-21,"Ehbp1l1-201",1.83635993181958e-21,"Down"
2.42436369385783e-26,-1.92206849137212,0.049,0.482,1.8632204732775e-21,"Klf7-202",1.8632204732775e-21,"Down"
2.46373438654702e-26,-1.46978592946214,0.044,0.471,1.89347842543685e-21,"Mavs-202",1.89347842543685e-21,"Down"
2.7057730858447e-26,-2.07920029396383,0.03,0.412,2.07949484739508e-21,"Rnf38-201",2.07949484739508e-21,"Down"
2.79301484955167e-26,-2.30007436599977,0.049,0.482,2.14654363247444e-21,"Myom1-203",2.14654363247444e-21,"Down"
3.25128551910277e-26,-1.33698638701961,0.153,0.729,2.49874297285124e-21,"Esd-207",2.49874297285124e-21,"Down"
3.37834112705066e-26,-2.52595665566854,0.052,0.482,2.59639028978352e-21,"Sytl4-201",2.59639028978352e-21,"Down"
3.76523552380179e-26,-2.01507159541458,0.156,0.729,2.89373410946262e-21,"Smarcc1-201",2.89373410946262e-21,"Down"
4.40582784738335e-26,-3.40836472518907,0.02,0.365,3.386054933828e-21,"Celf2-205",3.386054933828e-21,"Down"
4.49092051295844e-26,-3.18863455640048,0.02,0.365,3.45145205102908e-21,"Celf2-213",3.45145205102908e-21,"Down"
4.53886785706301e-26,-1.68469224666705,0.143,0.741,3.48830150286721e-21,"Ttll1-201",3.48830150286721e-21,"Down"
5.93741895361321e-26,-1.52980304831158,0.094,0.612,4.5631439626099e-21,"Zfp207-207",4.5631439626099e-21,"Down"
5.95397167944757e-26,-2.23823705040538,0.054,0.494,4.57586539452264e-21,"Myom1-202",4.57586539452264e-21,"Down"
5.95397167944757e-26,-2.23823705040538,0.054,0.494,4.57586539452264e-21,"Myom1-201",4.57586539452264e-21,"Down"
6.04975039293174e-26,-1.82836921467243,0.123,0.682,4.64947516698376e-21,"Capn3-209",4.64947516698376e-21,"Down"
6.25672318131744e-26,-1.4281884465082,0.042,0.459,4.8085420337697e-21,"Tom1l1-203",4.8085420337697e-21,"Down"
6.27765246063611e-26,-2.00800551749804,0.262,0.835,4.82462702209728e-21,"Ncor1-201",4.82462702209728e-21,"Down"
6.45536405071661e-26,-2.65987332038475,0.02,0.365,4.96120548753775e-21,"Celf2-221",4.96120548753775e-21,"Down"
6.66727977198063e-26,-2.20870822572241,0.047,0.471,5.124071195958e-21,"R3hdm2-204",5.124071195958e-21,"Down"
7.21899382082959e-26,-1.77052991442752,0.089,0.6,5.54808551106037e-21,"Ttc28-206",5.54808551106037e-21,"Down"
7.33384661394381e-26,-2.24452360942414,0.259,0.812,5.63635447668037e-21,"Dnmt3a-218",5.63635447668037e-21,"Down"
8.45927177121605e-26,-2.04684763099483,0.054,0.494,6.50128872705038e-21,"Spcs3-201",6.50128872705038e-21,"Down"
9.56768615058691e-26,-1.717016733303,0.202,0.824,7.35314951417206e-21,"Coro1c-201",7.35314951417206e-21,"Down"
1.01432227486757e-25,-1.911017456387,0.099,0.612,7.7954724112672e-21,"Mknk1-202",7.7954724112672e-21,"Down"
1.1003437027348e-25,-2.19436198167307,0.069,0.529,8.45658149299806e-21,"Hk1-203",8.45658149299806e-21,"Down"
1.1003437027348e-25,-2.19436198167307,0.069,0.529,8.45658149299806e-21,"Hk1-201",8.45658149299806e-21,"Down"
1.20434157307124e-25,-1.6460315124934,0.109,0.647,9.25584672568173e-21,"Slc6a4-201",9.25584672568173e-21,"Down"
1.20630814159224e-25,-2.48585745156923,0.057,0.494,9.270960591393e-21,"Nt5c3-206",9.270960591393e-21,"Down"
1.2425810914604e-25,-1.95149863006736,0.059,0.506,9.54973272030976e-21,"Sla-205",9.54973272030976e-21,"Down"
1.25937707694056e-25,-2.65976347440912,0.015,0.341,9.67881658711901e-21,"Fmr1-204",9.67881658711901e-21,"Down"
1.27026124724952e-25,-2.7991104635527,0.091,0.576,9.76246578961143e-21,"Mllt3-201",9.76246578961143e-21,"Down"
1.37336703743712e-25,-1.74029235766568,0.553,0.988,1.05548750295193e-20,"Tubb1-201",1.05548750295193e-20,"Down"
1.44425400981925e-25,-2.18153021270775,0.289,0.859,1.10996697670649e-20,"Gas2l1-202",1.10996697670649e-20,"Down"
1.66893115947533e-25,-1.39440706705436,0.128,0.694,1.28264035330317e-20,"Capn3-202",1.28264035330317e-20,"Down"
1.67356840564173e-25,-3.05058116792646,0.037,0.424,1.28620426247189e-20,"P2ry1-201",1.28620426247189e-20,"Down"
1.87044716501769e-25,-1.52164718758728,0.062,0.518,1.4375134642027e-20,"Dhrs1-201",1.4375134642027e-20,"Down"
1.89546211568636e-25,-2.03483161310144,0.18,0.776,1.4567384543896e-20,"Jup-201",1.4567384543896e-20,"Down"
2.17043793751126e-25,-2.10899424405053,0.089,0.576,1.66806837249491e-20,"Hmgcr-201",1.66806837249491e-20,"Down"
2.23493597368325e-25,-1.63517066754083,0.175,0.776,1.71763769321453e-20,"Bltp2-201",1.71763769321453e-20,"Down"
2.26733437747593e-25,-1.75809734702484,0.111,0.635,1.74253716246535e-20,"Usp9x-201",1.74253716246535e-20,"Down"
2.43878589290701e-25,-1.71655758911417,0.091,0.6,1.87430451013475e-20,"Itsn2-211",1.87430451013475e-20,"Down"
2.56984114482062e-25,-2.30989847741654,0.193,0.741,1.97502571344044e-20,"Ston2-201",1.97502571344044e-20,"Down"
2.58980043684888e-25,-1.29578998094631,0.916,1,1.99036522773583e-20,"Myh9-201",1.99036522773583e-20,"Down"
2.84719335492632e-25,-1.68011659295588,0.198,0.788,2.18818198099507e-20,"Actr2-201",2.18818198099507e-20,"Down"
2.99800914259437e-25,-2.6071871580291,0.03,0.4,2.30408994644948e-20,"Akap5-203",2.30408994644948e-20,"Down"
3.01892577872644e-25,-1.37738875886753,0.047,0.459,2.32016521798242e-20,"Stx2-201",2.32016521798242e-20,"Down"
3.56900857044017e-25,-1.40911900273401,0.128,0.694,2.74292584672609e-20,"Amd1-201",2.74292584672609e-20,"Down"
3.56900857044017e-25,-1.40911900225993,0.128,0.694,2.74292584672609e-20,"Amd1-206",2.74292584672609e-20,"Down"
3.89140307955655e-25,-1.78581984418938,0.077,0.553,2.99069892276239e-20,"Eps15-202",2.99069892276239e-20,"Down"
4.20643707220502e-25,-1.55540721847791,0.128,0.682,3.23281514747245e-20,"Mknk1-201",3.23281514747245e-20,"Down"
4.26429254559655e-25,-1.18219330324242,0.081,0.576,3.27727939299277e-20,"Tecr-201",3.27727939299277e-20,"Down"
4.5554485347497e-25,-1.92349589756248,0.143,0.694,3.50104441689653e-20,"Trpc6-201",3.50104441689653e-20,"Down"
4.64113896584701e-25,-3.93108221885751,0.03,0.388,3.56690094081206e-20,"Cit-213",3.56690094081206e-20,"Down"
4.79696224028574e-25,-2.0551872677992,0.03,0.4,3.6866573601492e-20,"F2rl3-202",3.6866573601492e-20,"Down"
4.90240547093576e-25,-1.335158830646,0.091,0.6,3.76769470063297e-20,"Micu2-201",3.76769470063297e-20,"Down"
5.19750321059237e-25,-1.84673056820104,0.173,0.753,3.99448911746866e-20,"Ppp1ca-204",3.99448911746866e-20,"Down"
5.28610376586488e-25,-2.6932558349722,0.047,0.447,4.0625821882178e-20,"Mdm1-203",4.0625821882178e-20,"Down"
5.50437719956432e-25,-1.77724348652933,0.309,0.871,4.23033405295316e-20,"F2r-201",4.23033405295316e-20,"Down"
5.64073098461078e-25,-2.63424166868463,0.025,0.376,4.33512739091277e-20,"Celf2-214",4.33512739091277e-20,"Down"
5.76603443821855e-25,-1.10640097944854,0.042,0.447,4.43142810714849e-20,"Mavs-201",4.43142810714849e-20,"Down"
5.83912029475846e-25,-1.20407980192974,0.067,0.529,4.48759751133367e-20,"Tom1l1-201",4.48759751133367e-20,"Down"
6.0232638817263e-25,-3.05058599744118,0.02,0.353,4.62911922366193e-20,"ENSMUST00000249661.1",4.62911922366193e-20,"Down"
6.13826056700069e-25,-3.37868283873969,0.02,0.353,4.71749877616271e-20,"Tpp1-206",4.71749877616271e-20,"Down"
6.84837658255819e-25,-1.40057379645399,0.126,0.682,5.26325133875927e-20,"Cd226-207",5.26325133875927e-20,"Down"
8.81033896263613e-25,-3.24941164169883,0.017,0.341,6.77109790634437e-20,"Celf2-226",6.77109790634437e-20,"Down"
9.1976240808583e-25,-1.59409083092705,0.081,0.565,7.06874201110284e-20,"Cyfip1-202",7.06874201110284e-20,"Down"
9.21353037991822e-25,-2.5451452685963,0.04,0.424,7.08096663818235e-20,"P2ry1-203",7.08096663818235e-20,"Down"
9.96553812309196e-25,-1.8263668568255,0.064,0.506,7.6589146691211e-20,"Fut8-203",7.6589146691211e-20,"Down"
1.0248703944763e-24,-2.14606911513583,0.274,0.824,7.87653892970812e-20,"Mpl-202",7.87653892970812e-20,"Down"
1.06730546081272e-24,-1.52141129595741,0.064,0.518,8.20266938853005e-20,"Tecr-216",8.20266938853005e-20,"Down"
1.09832998700459e-24,-1.769789465394,0.301,0.882,8.44110528212505e-20,"Kif5b-201",8.44110528212505e-20,"Down"
1.09928742334891e-24,-1.78656768219997,0.111,0.624,8.4484635634057e-20,"Slc24a5-201",8.4484635634057e-20,"Down"
1.18410026607922e-24,-1.75439112691048,0.205,0.776,9.10028418492527e-20,"Tuba1a-201",9.10028418492527e-20,"Down"
1.18839688803527e-24,-1.5956004583599,0.121,0.647,9.13330544330628e-20,"Cd47-201",9.13330544330628e-20,"Down"
1.25965518878708e-24,-1.15999997870321,0.111,0.659,9.68095398790424e-20,"Pros1-201",9.68095398790424e-20,"Down"
1.38609476258392e-24,-2.64926351152238,0.044,0.435,1.06526926883624e-19,"Serpinb2-201",1.06526926883624e-19,"Down"
1.39069471631786e-24,-2.12683880889072,0.151,0.694,1.06880451727893e-19,"Aldoa-202",1.06880451727893e-19,"Down"
1.39583355290948e-24,-1.65081603568474,0.047,0.459,1.07275391875305e-19,"BC005537-201",1.07275391875305e-19,"Down"
1.58804514959106e-24,-1.91401132587804,0.044,0.447,1.22047621926671e-19,"R3hdm2-203",1.22047621926671e-19,"Down"
1.71367139983272e-24,-2.08061266727805,0.259,0.8,1.31702501762744e-19,"Capzb-202",1.31702501762744e-19,"Down"
1.71799855211201e-24,-2.15724303430005,0.044,0.447,1.32035060724017e-19,"Arhgap6-203",1.32035060724017e-19,"Down"
1.85574904878129e-24,-2.35203255085013,0.072,0.518,1.42621737395037e-19,"Ptprj-202",1.42621737395037e-19,"Down"
2.08976262956113e-24,-2.80762784496455,0.037,0.412,1.60606617132291e-19,"P2ry1-202",1.60606617132291e-19,"Down"
2.13469420249763e-24,-1.57586596739214,0.096,0.6,1.64059788238753e-19,"Ccni-201",1.64059788238753e-19,"Down"
2.16571460003864e-24,-2.95751123618625,0.052,0.459,1.6644382987137e-19,"Tgfb1i1-210",1.6644382987137e-19,"Down"
2.24806470746916e-24,-1.31393278759162,0.965,1,1.72772765027835e-19,"Actg1-202",1.72772765027835e-19,"Down"
2.2936331400721e-24,-2.06198530144782,0.158,0.706,1.76274881347102e-19,"Slc14a1-201",1.76274881347102e-19,"Down"
2.40675605725581e-24,-1.47054658491958,0.067,0.518,1.84968830024338e-19,"Bicd2-202",1.84968830024338e-19,"Down"
2.47378827135193e-24,-2.89203305808823,0.025,0.365,1.90120523806481e-19,"Mapk14-204",1.90120523806481e-19,"Down"
2.63937110792654e-24,-1.34920698067232,0.153,0.741,2.02846227128587e-19,"Syk-203",2.02846227128587e-19,"Down"
2.80333493456247e-24,-1.57010987153802,0.059,0.494,2.15447503060864e-19,"Hibch-201",2.15447503060864e-19,"Down"
2.83098136312481e-24,-1.2889646705124,0.062,0.506,2.17572241681595e-19,"Pnpla8-201",2.17572241681595e-19,"Down"
2.83503601795682e-24,-1.66939716527633,0.131,0.682,2.17883858124054e-19,"Dhcr24-201",2.17883858124054e-19,"Down"
3.1791436541992e-24,-3.28712004014831,0.022,0.353,2.44329906399826e-19,"Mapk14-210",2.44329906399826e-19,"Down"
3.23999544568388e-24,-1.53592497960967,0.175,0.776,2.49006609982589e-19,"Arhgap1-202",2.49006609982589e-19,"Down"
3.32755916366806e-24,-1.54402732675134,0.195,0.812,2.55736231964545e-19,"Prkar1a-203",2.55736231964545e-19,"Down"
3.34481277555973e-24,-2.8961001338326,0.047,0.435,2.57062241052868e-19,"Tec-203",2.57062241052868e-19,"Down"
3.60501344600406e-24,-1.94209475195386,0.04,0.424,2.77059703379196e-19,"Dhrs1-202",2.77059703379196e-19,"Down"
3.94899001615471e-24,-2.85356845220736,0.025,0.365,3.03495678701554e-19,"Ubash3a-208",3.03495678701554e-19,"Down"
4.18771591690535e-24,-1.94082607743341,0.074,0.518,3.21842719077844e-19,"Mfsd2b-201",3.21842719077844e-19,"Down"
4.41883084711621e-24,-1.99794330824851,0.052,0.459,3.39604825924269e-19,"Tspan2-201",3.39604825924269e-19,"Down"
4.47493204321047e-24,-2.03151161001593,0.084,0.553,3.43916427248898e-19,"Rtn3-202",3.43916427248898e-19,"Down"
4.47493204321047e-24,-2.03151161001593,0.084,0.553,3.43916427248898e-19,"Rtn3-204",3.43916427248898e-19,"Down"
4.48236080725532e-24,-2.49358544915267,0.523,0.929,3.444873574808e-19,"Gnas-202",3.444873574808e-19,"Down"
4.49169291302602e-24,-2.48853452770853,0.047,0.447,3.45204567137702e-19,"Fkbp8-202",3.45204567137702e-19,"Down"
4.77099119946651e-24,-2.60510085470311,0.027,0.376,3.66669757643799e-19,"Klf10-202",3.66669757643799e-19,"Down"
4.87203196294478e-24,-1.41562491872136,0.106,0.624,3.74435144480158e-19,"Inafm2-201",3.74435144480158e-19,"Down"
4.91114171953533e-24,-2.08602150558519,0.079,0.541,3.77440885713168e-19,"Ssx2ip-201",3.77440885713168e-19,"Down"
5.83316335842152e-24,-1.55574899414368,0.459,0.953,4.48301936748128e-19,"Tubb4b-201",4.48301936748128e-19,"Down"
5.84891898440003e-24,-2.21071845672255,0.202,0.741,4.4951281962708e-19,"Pde5a-201",4.4951281962708e-19,"Down"
6.30776576916004e-24,-2.57078081912633,0.077,0.518,4.84777030423025e-19,"Lpp-201",4.84777030423025e-19,"Down"
6.57230672469265e-24,-1.36948210099691,0.074,0.529,5.05108061019529e-19,"Dhrs3-206",5.05108061019529e-19,"Down"
6.70337207839063e-24,-2.35845912335163,0.037,0.412,5.15180957712633e-19,"R3hdm2-202",5.15180957712633e-19,"Down"
6.87283070541888e-24,-1.79140987041024,0.072,0.518,5.28204531034263e-19,"Ppp6r3-202",5.28204531034263e-19,"Down"
7.13425484819896e-24,-1.35046744588446,0.215,0.812,5.48296022103483e-19,"Diaph1-201",5.48296022103483e-19,"Down"
7.30389134778875e-24,-1.70239449206768,0.049,0.447,5.61333265642957e-19,"Adgrg1-212",5.61333265642957e-19,"Down"
7.47546139713571e-24,-2.08597515795195,0.057,0.471,5.74519110215468e-19,"Tgfb1i1-203",5.74519110215468e-19,"Down"
8.19530903807079e-24,-1.56234246387433,0.047,0.447,6.29842280811892e-19,"Kdm3a-214",6.29842280811892e-19,"Down"
8.24890496444127e-24,-1.89785373490082,0.133,0.671,6.33961342137169e-19,"Rock2-201",6.33961342137169e-19,"Down"
8.25798829444221e-24,-2.29967356183922,0.086,0.553,6.34659432381061e-19,"Hmgcs1-202",6.34659432381061e-19,"Down"
8.44952509500751e-24,-1.05079809395351,0.052,0.459,6.49379801651707e-19,"Wipf1-201",6.49379801651707e-19,"Down"
8.53302692398977e-24,-1.459714593189,0.244,0.871,6.5579725121631e-19,"Diaph1-205",6.5579725121631e-19,"Down"
8.943789733382e-24,-2.64541650245983,0.04,0.412,6.8736601616934e-19,"Mknk1-207",6.8736601616934e-19,"Down"
9.11594650768895e-24,-2.38648152283338,0.035,0.4,7.00596952901926e-19,"Gid8-202",7.00596952901926e-19,"Down"
9.36635000212038e-24,-1.33193535014717,0.128,0.671,7.1984146306296e-19,"Capn3-214",7.1984146306296e-19,"Down"
9.54396980103987e-24,-2.83521084009535,0.02,0.341,7.33492255089118e-19,"Pals1-204",7.33492255089118e-19,"Down"
9.97152800321737e-24,-1.78080108551807,0.054,0.471,7.66351813159268e-19,"Ogdh-204",7.66351813159268e-19,"Down"
1.00065416348716e-23,-2.03910082897545,0.047,0.447,7.69042750806422e-19,"Arhgap6-201",7.69042750806422e-19,"Down"
1.00324097475728e-23,-2.30245347350626,0.057,0.471,7.71030818739962e-19,"Zfp644-205",7.71030818739962e-19,"Down"
1.19540442312468e-23,-2.24276451891693,0.207,0.741,9.18716115348239e-19,"Slain2-201",9.18716115348239e-19,"Down"
1.24711127656676e-23,-1.4987018391382,0.089,0.565,9.58454900492614e-19,"Ssx2ip-204",9.58454900492614e-19,"Down"
1.27997689341688e-23,-1.23700457796359,0.151,0.729,9.83713441666612e-19,"Ltbp1-201",9.83713441666612e-19,"Down"
1.29546793501406e-23,-2.46143623894836,0.04,0.412,9.95618926775707e-19,"Wasf2-202",9.95618926775707e-19,"Down"
1.30047802346346e-23,-1.48544080017684,0.133,0.682,9.99469380152606e-19,"Itgb2-201",9.99469380152606e-19,"Down"
1.34650200796607e-23,-1.07784019598218,0.069,0.518,1.03484065320224e-18,"Gtf2e2-201",1.03484065320224e-18,"Down"
1.44860433214834e-23,-1.85757543664737,0.035,0.4,1.11331037342928e-18,"Pign-205",1.11331037342928e-18,"Down"
1.4804951933929e-23,-1.55230027104823,0.062,0.494,1.13781977593018e-18,"Ogdh-201",1.13781977593018e-18,"Down"
1.58582813588136e-23,-1.87665598382883,0.022,0.353,1.21877235555026e-18,"Fmr1-206",1.21877235555026e-18,"Down"
1.74031397347128e-23,-1.23610750799416,0.146,0.694,1.33750090117161e-18,"Elf1-201",1.33750090117161e-18,"Down"
1.85160731153149e-23,-2.37916198779521,0.091,0.553,1.42303428320441e-18,"Erbin-202",1.42303428320441e-18,"Down"
1.86188092609622e-23,-1.81495456708432,0.086,0.553,1.43092996694199e-18,"Rabgap1l-205",1.43092996694199e-18,"Down"
1.87756165559533e-23,-1.55056812990038,0.094,0.576,1.44298123479124e-18,"Add1-205",1.44298123479124e-18,"Down"
1.98375035150648e-23,-1.32492083552027,0.274,0.918,1.52459149514679e-18,"Mlec-201",1.52459149514679e-18,"Down"
2.0399105099264e-23,-2.20845305188725,0.042,0.424,1.56775282329884e-18,"Rin3-204",1.56775282329884e-18,"Down"
2.14003737871381e-23,-1.43843590864632,0.138,0.682,1.64470432703671e-18,"Ro60-202",1.64470432703671e-18,"Down"
2.17939407256209e-23,-2.26193833056871,0.146,0.671,1.67495152052687e-18,"Nisch-201",1.67495152052687e-18,"Down"
2.19347776592983e-23,-1.56860617183752,0.059,0.482,1.68577540222771e-18,"Mpig6b-201",1.68577540222771e-18,"Down"
2.30431308993931e-23,-1.73305858944322,0.195,0.765,1.77095678214196e-18,"Diaph1-204",1.77095678214196e-18,"Down"
2.54769134126414e-23,-3.46572424508237,0.025,0.353,1.95800270341514e-18,"Nucb1-205",1.95800270341514e-18,"Down"
2.91455874645844e-23,-2.14016847600664,0.052,0.447,2.23995497900317e-18,"Ppp6r3-203",2.23995497900317e-18,"Down"
3.1269559368123e-23,-2.02159876169737,0.084,0.541,2.40319071567773e-18,"Rtn3-201",2.40319071567773e-18,"Down"
3.16038750195472e-23,-2.58477503908131,0.099,0.565,2.42888421075228e-18,"Add3-203",2.42888421075228e-18,"Down"
3.18015527528209e-23,-1.64961701992333,0.049,0.447,2.44407653526529e-18,"R3hdm1-201",2.44407653526529e-18,"Down"
3.59024143301332e-23,-1.72106421712502,0.032,0.388,2.75924415092806e-18,"Arf2-202",2.75924415092806e-18,"Down"
3.6283665052069e-23,-2.16564092535539,0.081,0.529,2.78854479391171e-18,"Slmap-201",2.78854479391171e-18,"Down"
3.79606850696834e-23,-2.21675896623375,0.027,0.365,2.91743049034545e-18,"Eif4a2-209",2.91743049034545e-18,"Down"
3.8914491940432e-23,-1.13221972751586,0.096,0.576,2.99073436358996e-18,"Maged2-209",2.99073436358996e-18,"Down"
4.00249788183246e-23,-1.3697643825883,0.212,0.8,3.07607972210352e-18,"Bnip3l-201",3.07607972210352e-18,"Down"
4.03385872378668e-23,-1.67040086570488,0.148,0.682,3.10018178357901e-18,"Arhgdib-201",3.10018178357901e-18,"Down"
4.15592218293932e-23,-1.61127453971464,0.123,0.635,3.19399243447618e-18,"Gse1-201",3.19399243447618e-18,"Down"
4.20096912394361e-23,-1.31288305096472,0.126,0.659,3.22861281051562e-18,"Cd226-201",3.22861281051562e-18,"Down"
4.2626126493902e-23,-1.73630093441963,0.042,0.424,3.27598832556234e-18,"Acly-203",3.27598832556234e-18,"Down"
4.40982810897588e-23,-2.656946114236,0.037,0.4,3.38912929487232e-18,"Bltp1-217",3.38912929487232e-18,"Down"
5.76145904861029e-23,-1.39967748891675,0.064,0.494,4.42791173721895e-18,"4931406C07Rik-202",4.42791173721895e-18,"Down"
5.9610562469539e-23,-1.35263808286558,0.156,0.694,4.58131016803395e-18,"Coro1a-201",4.58131016803395e-18,"Down"
6.19110254233994e-23,-1.54362986670583,0.057,0.471,4.75810994788994e-18,"Hnrnph2-204",4.75810994788994e-18,"Down"
6.30896856883939e-23,-1.90926798516704,0.067,0.482,4.84869470389582e-18,"Mfsd2b-204",4.84869470389582e-18,"Down"
6.35315783466688e-23,-1.68393219841863,0.064,0.494,4.88265592225489e-18,"Hdac5-201",4.88265592225489e-18,"Down"
6.60763332543156e-23,-2.38730019998315,0.027,0.365,5.07823051592717e-18,"Dnm1l-203",5.07823051592717e-18,"Down"
6.66240107471781e-23,-1.66777842307187,0.094,0.565,5.12032172196362e-18,"Aftph-209",5.12032172196362e-18,"Down"
7.06918525124237e-23,-2.20477000965376,0.084,0.529,5.43295163298981e-18,"Sntb1-201",5.43295163298981e-18,"Down"
7.2207979827869e-23,-1.25845697378942,0.128,0.659,5.54947208169104e-18,"Capn3-207",5.54947208169104e-18,"Down"
8.10272644149804e-23,-1.82361169901363,0.168,0.706,6.2272693793489e-18,"Ctla2b-201",6.2272693793489e-18,"Down"
8.94498574566714e-23,-2.27912479408451,0.084,0.529,6.87457934497502e-18,"Slmap-204",6.87457934497502e-18,"Down"
9.33468661667436e-23,-1.51767238682483,0.131,0.659,7.17408005237892e-18,"Zeb2-212",7.17408005237892e-18,"Down"
9.43136364818563e-23,-2.03285733274422,0.042,0.412,7.24838021817658e-18,"Sort1-203",7.24838021817658e-18,"Down"
9.6705185950567e-23,-2.6709140527598,0.032,0.376,7.43218036104488e-18,"Capn3-206",7.43218036104488e-18,"Down"
9.69713006518291e-23,-2.29392505664659,0.057,0.459,7.45263234029568e-18,"Zfp644-201",7.45263234029568e-18,"Down"
9.81867181985745e-23,-1.88669447707743,0.064,0.482,7.54604204043324e-18,"Sh3bgrl2-201",7.54604204043324e-18,"Down"
1.01459792955347e-22,-2.1762906665731,0.044,0.424,7.79759092779026e-18,"Gtpbp2-211",7.79759092779026e-18,"Down"
1.03476190446242e-22,-1.62125051238897,0.101,0.588,7.95255914055547e-18,"Tlk1-201",7.95255914055547e-18,"Down"
1.07887259455153e-22,-2.12351398133234,0.044,0.424,8.29156743816635e-18,"Ipo11-206",8.29156743816635e-18,"Down"
1.1315706769801e-22,-1.16687177736335,0.072,0.506,8.69657328086285e-18,"Atp6v1a-202",8.69657328086285e-18,"Down"
1.14756925495592e-22,-2.69704545688845,0.062,0.471,8.81952875203823e-18,"Tfdp2-201",8.81952875203823e-18,"Down"
1.16640578202287e-22,-1.46589465815746,0.089,0.553,8.9642949971586e-18,"Usp46-201",8.9642949971586e-18,"Down"
1.33202476656791e-22,-2.60151757597968,0.03,0.365,1.0237143140981e-17,"Stx2-202",1.0237143140981e-17,"Down"
1.3779886522906e-22,-1.46092955046276,0.096,0.576,1.05903939883142e-17,"Klhl6-201",1.05903939883142e-17,"Down"
1.3789971870415e-22,-1.70959063645901,0.035,0.388,1.05981449812887e-17,"Pals1-201",1.05981449812887e-17,"Down"
1.46888907365671e-22,-1.7513135515683,0.052,0.447,1.12890000866813e-17,"Galnt1-208",1.12890000866813e-17,"Down"
1.48137855925512e-22,-1.46989754900055,0.281,0.894,1.13849867792993e-17,"P2rx1-201",1.13849867792993e-17,"Down"
1.5533991546338e-22,-2.46094436756077,0.04,0.4,1.19384938630226e-17,"Sort1-201",1.19384938630226e-17,"Down"
1.57570871694501e-22,-1.48226846782478,0.486,0.976,1.21099517732092e-17,"Rasgrp2-201",1.21099517732092e-17,"Down"
1.59045469548497e-22,-1.64643572521023,0.067,0.494,1.22232805166802e-17,"Ctif-201",1.22232805166802e-17,"Down"
1.62492020676407e-22,-1.91748507106878,0.069,0.494,1.24881617570646e-17,"Tlk1-205",1.24881617570646e-17,"Down"
1.70035789435145e-22,-2.19253839655241,0.126,0.6,1.30679305612487e-17,"Snap23-201",1.30679305612487e-17,"Down"
1.72149704260418e-22,-1.36835692100715,0.178,0.741,1.32303933712301e-17,"Gucy1b1-201",1.32303933712301e-17,"Down"
1.81839015484986e-22,-2.19754958110026,0.035,0.388,1.39750556960831e-17,"Vps54-202",1.39750556960831e-17,"Down"
1.87202673885536e-22,-1.84010781168587,0.044,0.424,1.4387274298799e-17,"Iqschfp-201",1.4387274298799e-17,"Down"
1.87202673885536e-22,-1.84010781168587,0.044,0.424,1.4387274298799e-17,"Schip1-201",1.4387274298799e-17,"Down"
1.87202673885536e-22,-1.84010781168587,0.044,0.424,1.4387274298799e-17,"Schip1-205",1.4387274298799e-17,"Down"
1.87494239389331e-22,-1.50647027568662,0.081,0.529,1.44096822740277e-17,"Tgfb1i1-206",1.44096822740277e-17,"Down"
1.9100060002966e-22,-1.45750593302002,0.104,0.588,1.46791601146795e-17,"Pgk1-201",1.46791601146795e-17,"Down"
1.91144529772009e-22,-1.89062297887625,0.032,0.376,1.4690221691098e-17,"G6pdx-201",1.4690221691098e-17,"Down"
2.00396132270969e-22,-2.73453879119696,0.027,0.353,1.5401244349553e-17,"Slc44a1-205",1.5401244349553e-17,"Down"
2.02044991881323e-22,-1.98941394626913,0.044,0.424,1.55279658060472e-17,"Rabgap1l-201",1.55279658060472e-17,"Down"
2.02656469684647e-22,-1.50979037784542,0.064,0.482,1.55749603211438e-17,"Adprh-201",1.55749603211438e-17,"Down"
2.02947625527311e-22,-1.447723390402,0.052,0.447,1.55973368122759e-17,"Kdm3a-202",1.55973368122759e-17,"Down"
2.04182717917097e-22,-2.00177889796705,0.091,0.541,1.56922586028006e-17,"Add3-212",1.56922586028006e-17,"Down"
2.04467378710959e-22,-1.25288408819139,0.279,0.859,1.5714135923452e-17,"Tpm3-201",1.5714135923452e-17,"Down"
2.13450150504276e-22,-1.17843760765924,0.069,0.494,1.64044978668556e-17,"Atp6v1a-201",1.64044978668556e-17,"Down"
2.15638638681336e-22,-1.43001318788937,0.23,0.824,1.65726919372154e-17,"Msn-201",1.65726919372154e-17,"Down"
2.42703358892277e-22,-1.74499173123753,0.064,0.482,1.86527239443071e-17,"Slc44a2-210",1.86527239443071e-17,"Down"
2.48419239120464e-22,-1.56303143781622,0.146,0.682,1.90920122033642e-17,"Lyz2-201",1.90920122033642e-17,"Down"
2.55194791147313e-22,-1.39002572852136,0.042,0.412,1.96127404788356e-17,"R3hdm2-212",1.96127404788356e-17,"Down"
2.58040271690406e-22,-1.47852876889632,0.057,0.459,1.98314270404944e-17,"Gnaq-201",1.98314270404944e-17,"Down"
2.58255789891776e-22,-1.61688858065189,0.077,0.518,1.98479904763425e-17,"Sik3-204",1.98479904763425e-17,"Down"
2.58512942733235e-22,-1.82735201503701,0.156,0.682,1.986775370082e-17,"Smarcc1-207",1.986775370082e-17,"Down"
2.98716962426873e-22,-1.8420889897519,0.064,0.482,2.29575934303549e-17,"Ttc28-201",2.29575934303549e-17,"Down"
3.05773348395627e-22,-1.60577015440083,0.052,0.447,2.34999049175975e-17,"Hnrnph2-205",2.34999049175975e-17,"Down"
3.10982412301084e-22,-1.44797466998725,0.084,0.541,2.39002423149875e-17,"Bicd2-203",2.39002423149875e-17,"Down"
3.21815896270185e-22,-2.1141347980432,0.052,0.435,2.47328388919488e-17,"Med12l-204",2.47328388919488e-17,"Down"
3.3073273791337e-22,-2.82873952898797,0.037,0.388,2.54181338395941e-17,"Kcnk6-201",2.54181338395941e-17,"Down"
3.4099398928761e-22,-1.38372838154004,0.481,0.965,2.620675205271e-17,"Rasgrp2-224",2.620675205271e-17,"Down"
3.687453558477e-22,-2.03844246893814,0.062,0.471,2.83395555783191e-17,"Pja2-201",2.83395555783191e-17,"Down"
3.76659671455493e-22,-1.38472495982112,0.074,0.506,2.89478023900405e-17,"Camk1-201",2.89478023900405e-17,"Down"
3.87199662920479e-22,-1.62962450990893,0.042,0.412,2.97578428940905e-17,"R3hdm2-205",2.97578428940905e-17,"Down"
4.0076345933438e-22,-1.66457667077377,0.138,0.647,3.08002749036844e-17,"Arhgdib-203",3.08002749036844e-17,"Down"
4.1059670107971e-22,-1.29744699964435,0.131,0.659,3.155599886478e-17,"Gipc1-201",3.155599886478e-17,"Down"
4.2071864587044e-22,-1.63657028109386,0.383,0.918,3.23339108097268e-17,"Syne1-205",3.23339108097268e-17,"Down"
4.31461609911675e-22,-1.1989708853937,0.151,0.706,3.31595505681519e-17,"Ltbp1-210",3.31595505681519e-17,"Down"
4.37707550281054e-22,-1.25507915502938,0.057,0.459,3.36395760693002e-17,"Kdm3a-201",3.36395760693002e-17,"Down"
4.46624010526372e-22,-1.93103104013862,0.077,0.506,3.43248417049938e-17,"Hk1-205",3.43248417049938e-17,"Down"
4.78482838431475e-22,-2.18777322670118,0.126,0.612,3.67733200648125e-17,"Asap1-203",3.67733200648125e-17,"Down"
5.06937723147835e-22,-2.29375852956518,0.027,0.353,3.89601917748037e-17,"Itga2-201",3.89601917748037e-17,"Down"
5.18822478811423e-22,-1.53147804241229,0.24,0.835,3.98735827865731e-17,"Stk24-201",3.98735827865731e-17,"Down"
5.287326387964e-22,-2.14614726908733,0.035,0.376,4.06352182220585e-17,"Pip4k2a-201",4.06352182220585e-17,"Down"
5.29762043869347e-22,-1.60647538354856,0.04,0.4,4.07143321195348e-17,"Foxk2-201",4.07143321195348e-17,"Down"
5.70437801525682e-22,-1.64952483121036,0.128,0.635,4.38404267984547e-17,"Hipk2-206",4.38404267984547e-17,"Down"
6.21629219362707e-22,-2.28675103605639,0.081,0.506,4.77746920249015e-17,"Gdi2-201",4.77746920249015e-17,"Down"
6.22301043381628e-22,-1.62657186174574,0.027,0.353,4.78263243880517e-17,"Pign-201",4.78263243880517e-17,"Down"
6.32723162643373e-22,-2.14115701344845,0.059,0.459,4.86273059417938e-17,"Pja2-202",4.86273059417938e-17,"Down"
6.82274407986309e-22,-1.6953581702605,0.086,0.529,5.24355173513798e-17,"Inpp5d-209",5.24355173513798e-17,"Down"
6.85592118712434e-22,-2.30908940123399,0.096,0.541,5.26904966915254e-17,"Specc1-203",5.26904966915254e-17,"Down"
6.90733082738671e-22,-1.81146979035138,0.04,0.4,5.30856003407978e-17,"Arf2-201",5.30856003407978e-17,"Down"
7.00976893211505e-22,-1.32561663206458,0.19,0.788,5.3872878150877e-17,"Laptm4a-201",5.3872878150877e-17,"Down"
7.02980897105214e-22,-1.39498541952372,0.484,0.965,5.40268938661241e-17,"Rasgrp2-208",5.40268938661241e-17,"Down"
7.20504349375268e-22,-1.49635563808959,0.114,0.588,5.53736412668868e-17,"Add3-202",5.53736412668868e-17,"Down"
7.21282554599003e-22,-1.23763804120789,0.054,0.447,5.54334494511518e-17,"Galnt1-201",5.54334494511518e-17,"Down"
7.21282554599003e-22,-1.61103841704941,0.054,0.447,5.54334494511518e-17,"Galnt1-206",5.54334494511518e-17,"Down"
7.2779224587551e-22,-1.14903288311775,0.148,0.706,5.59337452645165e-17,"Abhd2-201",5.59337452645165e-17,"Down"
7.43733962764428e-22,-1.50311284809229,0.121,0.612,5.71589299742974e-17,"Ttyh3-201",5.71589299742974e-17,"Down"
7.71790193524808e-22,-1.44981917421766,0.069,0.494,5.93151635331556e-17,"Nab1-201",5.93151635331556e-17,"Down"
7.79212056002056e-22,-1.12502362926441,0.101,0.576,5.9885563351982e-17,"Arrb2-204",5.9885563351982e-17,"Down"
7.87900255393559e-22,-2.70717949495282,0.032,0.365,6.05532862280166e-17,"Twf2-205",6.05532862280166e-17,"Down"
7.91863890075265e-22,-2.04265041041648,0.114,0.588,6.08579074078444e-17,"Ncoa4-206",6.08579074078444e-17,"Down"
7.99417390103416e-22,-2.04257864817723,0.119,0.6,6.14384240990079e-17,"Atp8a1-207",6.14384240990079e-17,"Down"
8.02084433453986e-22,-2.24056815035046,0.057,0.447,6.16433970486726e-17,"Zfp644-204",6.16433970486726e-17,"Down"
8.19573170484238e-22,-1.53467630749494,0.037,0.388,6.29874764443956e-17,"Zfp281-202",6.29874764443956e-17,"Down"
8.61310488938822e-22,-1.77043547780121,0.057,0.447,6.61951563169042e-17,"Med12l-202",6.61951563169042e-17,"Down"
8.98335388302661e-22,-1.48946732124993,0.202,0.776,6.90406679326127e-17,"Selenot-201",6.90406679326127e-17,"Down"
9.1203693051289e-22,-1.77766923971231,0.059,0.459,7.00936862576376e-17,"Golph3l-205",7.00936862576376e-17,"Down"
9.14861957198716e-22,-2.76506367418301,0.027,0.341,7.03108008585501e-17,"Marchf2-205",7.03108008585501e-17,"Down"
1.02067359570039e-21,-1.62026503666211,0.143,0.671,7.84428485239575e-17,"Uba1-202",7.84428485239575e-17,"Down"
1.0296049550023e-21,-1.81215062536952,0.096,0.553,7.91292592117467e-17,"Arhgap1-203",7.91292592117467e-17,"Down"
1.13912160598267e-21,-1.57493432670548,0.109,0.576,8.75460519061924e-17,"Erbin-201",8.75460519061924e-17,"Down"
1.1915998379565e-21,-1.46426970433059,0.222,0.824,9.15792139463088e-17,"Mapk6-201",9.15792139463088e-17,"Down"
1.19369813537074e-21,-1.5979036319155,0.099,0.565,9.17404764957832e-17,"Pecam1-202",9.17404764957832e-17,"Down"
1.20536120698959e-21,-1.69915459707753,0.328,0.882,9.26368302019779e-17,"Tacc1-201",9.26368302019779e-17,"Down"
1.25784252143471e-21,-1.49752838219572,0.151,0.671,9.66702291423429e-17,"Fdps-201",9.66702291423429e-17,"Down"
1.2622850839493e-21,-1.16359164285486,0.064,0.482,9.70116578418397e-17,"F2rl3-201",9.70116578418397e-17,"Down"
1.2799397410788e-21,-1.87370617147818,0.141,0.635,9.83684888608699e-17,"Aldoa-203",9.83684888608699e-17,"Down"
1.2799397410788e-21,-1.8737061740034,0.141,0.635,9.83684888608699e-17,"ENSMUST00000381763.1",9.83684888608699e-17,"Down"
1.29387059792202e-21,-2.25739575020454,0.042,0.4,9.94391309326986e-17,"Ssbp4-201",9.94391309326986e-17,"Down"
1.34266226744612e-21,-1.52111857452668,0.104,0.576,1.03188965902304e-16,"Pecam1-204",1.03188965902304e-16,"Down"
1.34511579517766e-21,-1.86181896081759,0.089,0.529,1.03377529322584e-16,"Dennd4a-201",1.03377529322584e-16,"Down"
1.37530695358997e-21,-1.80573835654178,0.133,0.635,1.05697840611203e-16,"Jup-202",1.05697840611203e-16,"Down"
1.45403530654076e-21,-1.80348786252395,0.04,0.388,1.11748429448884e-16,"Arrb2-202",1.11748429448884e-16,"Down"
1.51971374425213e-21,-1.63800311842885,0.252,0.812,1.16796080100753e-16,"Slamf1-201",1.16796080100753e-16,"Down"
1.55788933047662e-21,-1.02657980700946,0.185,0.776,1.1973002660445e-16,"Adgrg1-201",1.1973002660445e-16,"Down"
1.63618656839884e-21,-1.76751710609438,0.064,0.471,1.25747482527724e-16,"Syk-201",1.25747482527724e-16,"Down"
1.67698308404459e-21,-2.30875904211443,0.032,0.365,1.28882857941163e-16,"Pdcd10-201",1.28882857941163e-16,"Down"
1.79535512689644e-21,-1.37709187066273,0.081,0.518,1.37980222922499e-16,"Mff-201",1.37980222922499e-16,"Down"
1.84023086753508e-21,-2.08878813213943,0.047,0.412,1.41429103093541e-16,"Tmem123-203",1.41429103093541e-16,"Down"
1.98188385681131e-21,-1.77200550661266,0.035,0.376,1.52315701931376e-16,"Isca1-206",1.52315701931376e-16,"Down"
2.00488522385256e-21,-1.90892924277855,0.054,0.435,1.54083448993965e-16,"Tgfb1i1-211",1.54083448993965e-16,"Down"
2.10383639906738e-21,-1.53873987988398,0.057,0.447,1.61688242613924e-16,"Igbp1-201",1.61688242613924e-16,"Down"
2.2287504372991e-21,-1.19222530029455,0.096,0.576,1.71288386108185e-16,"Tpst2-202",1.71288386108185e-16,"Down"
2.28699107743661e-21,-1.81119728384915,0.032,0.365,1.75764412265313e-16,"Rbck1-201",1.75764412265313e-16,"Down"
2.29739661602947e-21,-1.4650929555266,0.052,0.435,1.76564119528329e-16,"Schip1-206",1.76564119528329e-16,"Down"
2.30500404962524e-21,-1.3868381391313,0.084,0.529,1.77148781229899e-16,"Bicd2-201",1.77148781229899e-16,"Down"
2.3496096366941e-21,-1.25209750701315,0.042,0.4,1.80576899018489e-16,"Inpp5a-203",1.80576899018489e-16,"Down"
2.67114883826588e-21,-1.58643541471531,0.207,0.765,2.05288472816086e-16,"Fbxo6-203",2.05288472816086e-16,"Down"
2.69843825233908e-21,-2.15251742231086,0.067,0.471,2.07385773445268e-16,"Tex2-201",2.07385773445268e-16,"Down"
2.73612524070558e-21,1.80420333703584,0.978,1,2.10282169249186e-16,"Tpt1-201",2.10282169249186e-16,"Up"
2.94957078147883e-21,-2.33924647226015,0.037,0.376,2.26686312839774e-16,"Rabgap1l-202",2.26686312839774e-16,"Down"
2.97761998592385e-21,-1.60726955376601,0.195,0.729,2.28842006398191e-16,"Sptan1-201",2.28842006398191e-16,"Down"
3.05054098191174e-21,-1.04371384890957,0.141,0.659,2.34446276623845e-16,"Hipk3-201",2.34446276623845e-16,"Down"
3.05748141123072e-21,-1.85407368347894,0.064,0.459,2.34979676378726e-16,"Mdm1-201",2.34979676378726e-16,"Down"
3.25767041215574e-21,-2.31623433228323,0.193,0.671,2.50365001855817e-16,"Timp3-201",2.50365001855817e-16,"Down"
3.36880727723547e-21,-1.6907601094396,0.481,0.906,2.58906314484655e-16,"Cap1-203",2.58906314484655e-16,"Down"
3.64503295772544e-21,-2.84053234278092,0.027,0.341,2.80135362933031e-16,"Ttll1-203",2.80135362933031e-16,"Down"
3.81091241260585e-21,-2.14774807646546,0.054,0.435,2.9288386255841e-16,"Itgb2-205",2.9288386255841e-16,"Down"
3.85162328604789e-21,-1.61296400915597,0.141,0.647,2.96012656025924e-16,"Tbxas1-205",2.96012656025924e-16,"Down"
3.87184227912582e-21,-1.42450580969269,0.049,0.424,2.97566566519936e-16,"Vav1-204",2.97566566519936e-16,"Down"
3.88256668712167e-21,-1.25585470002392,0.207,0.776,2.98390780172049e-16,"Adam10-201",2.98390780172049e-16,"Down"
4.13617813282914e-21,-1.75935866841077,0.086,0.529,3.17881834220451e-16,"Sucla2-203",3.17881834220451e-16,"Down"
4.39081494054622e-21,-2.59815687149162,0.027,0.341,3.37451691440739e-16,"Pi4ka-201",3.37451691440739e-16,"Down"
4.74817038386213e-21,-1.58587897369548,0.072,0.482,3.6491588668134e-16,"Ppp6r3-201",3.6491588668134e-16,"Down"
4.96473947941144e-21,-1.24350394403906,0.198,0.776,3.81560087950687e-16,"Plcg2-201",3.81560087950687e-16,"Down"
5.32589468842558e-21,-1.06531357589239,0.183,0.741,4.0931631038426e-16,"Dgkz-203",4.0931631038426e-16,"Down"
5.32965568482989e-21,-1.44319358429289,0.049,0.424,4.09605358001916e-16,"Pnpla8-204",4.09605358001916e-16,"Down"
6.47619248367278e-21,-1.20044673680378,0.143,0.671,4.97721297140188e-16,"Coro1b-201",4.97721297140188e-16,"Down"
6.83316110337212e-21,-1.41447428625306,0.375,0.953,5.25155763438561e-16,"Gp9-201",5.25155763438561e-16,"Down"
7.0772979206508e-21,-2.24401291040679,0.084,0.506,5.43918654393697e-16,"Cd55-201",5.43918654393697e-16,"Down"
7.38526399076072e-21,-3.40947815516352,0.16,0.612,5.67587078745925e-16,"ENSMUST00000381871.1",5.67587078745925e-16,"Down"
7.42384139788231e-21,-1.31064440152935,0.301,0.906,5.70551906792847e-16,"Actn4-201",5.70551906792847e-16,"Down"
7.50612092253913e-21,-1.57735908836029,0.119,0.588,5.76875417380822e-16,"Utrn-201",5.76875417380822e-16,"Down"
7.69574892798976e-21,-2.04960761880825,0.081,0.506,5.91449088111725e-16,"Mef2a-204",5.91449088111725e-16,"Down"
7.7701533648413e-21,-2.14703336296322,0.057,0.435,5.97167366701513e-16,"Csk-201",5.97167366701513e-16,"Down"
7.77434173412891e-21,-1.32384865639396,0.084,0.518,5.97489259634743e-16,"Cep170-201",5.97489259634743e-16,"Down"
7.79115642245898e-21,-1.5500055692705,0.289,0.847,5.98781535691663e-16,"Vcp-201",5.98781535691663e-16,"Down"
7.9880326086454e-21,-1.36620982162622,0.353,0.918,6.13912258104834e-16,"F2rl2-201",6.13912258104834e-16,"Down"
7.99213742973855e-21,-1.77050512898492,0.247,0.753,6.14227730025127e-16,"Ncor1-204",6.14227730025127e-16,"Down"
8.65650505423603e-21,-1.45708497539925,0.106,0.576,6.65287039438256e-16,"Cep170-215",6.65287039438256e-16,"Down"
8.81666272745045e-21,-1.57906682916865,0.205,0.753,6.77595797255477e-16,"Fbxo6-202",6.77595797255477e-16,"Down"
9.08273458665597e-21,-2.10997544188263,0.104,0.565,6.98044483922858e-16,"Svil-211",6.98044483922858e-16,"Down"
9.08998876108166e-21,-1.53425674135695,0.452,0.871,6.9860199624417e-16,"Cap1-202",6.9860199624417e-16,"Down"
9.30380664800653e-21,-1.63889536423438,0.081,0.506,7.15034756125894e-16,"Itga6-203",7.15034756125894e-16,"Down"
1.02307810371938e-20,-1.52865941056409,0.086,0.518,7.8627644583249e-16,"Rabgef1-201",7.8627644583249e-16,"Down"
1.04574730603837e-20,-1.59390344217027,0.089,0.529,8.03698634582727e-16,"Plxna4-201",8.03698634582727e-16,"Down"
1.07404598554528e-20,-1.97696935824932,0.044,0.4,8.25447301730967e-16,"Stk25-204",8.25447301730967e-16,"Down"
1.11778857214061e-20,-2.00709399003648,0.035,0.365,8.59065229232941e-16,"Tug1-201",8.59065229232941e-16,"Down"
1.13198379241208e-20,-1.54170213295036,0.054,0.435,8.6997482382038e-16,"Apaf1-202",8.6997482382038e-16,"Down"
1.13766494769556e-20,-1.13277105390893,0.158,0.694,8.74341018901942e-16,"Atp6v0a2-201",8.74341018901942e-16,"Down"
1.18241167851304e-20,-1.50566550633295,0.089,0.529,9.08730671404409e-16,"Ddx46-203",9.08730671404409e-16,"Down"
1.18900436272582e-20,-1.69217809541431,0.084,0.518,9.13797412929301e-16,"Sucla2-201",9.13797412929301e-16,"Down"
1.24606931427962e-20,-1.52772658692674,0.044,0.4,9.57654110796462e-16,"Eps15-207",9.57654110796462e-16,"Down"
1.26659810633419e-20,-1.1897343373174,0.054,0.435,9.73431308642075e-16,"Fhod1-201",9.73431308642075e-16,"Down"
1.26887538923684e-20,-1.65634678224247,0.035,0.365,9.75181491644077e-16,"Eif4a2-216",9.75181491644077e-16,"Down"
1.26887538923684e-20,-1.65634678224247,0.035,0.365,9.75181491644077e-16,"Eif4a2-222",9.75181491644077e-16,"Down"
1.29068248902379e-20,-1.60135713818607,0.207,0.753,9.9194112011434e-16,"Lat-201",9.9194112011434e-16,"Down"
1.29615709747187e-20,-1.25456537881122,0.104,0.576,9.96148575691032e-16,"Arpc3-201",9.96148575691032e-16,"Down"
1.33869563946236e-20,-2.14583971510864,0.114,0.565,1.02884114675241e-15,"Taok3-210",1.02884114675241e-15,"Down"
1.39842348326906e-20,-1.35398023723018,0.077,0.494,1.0747443838316e-15,"Cep170-212",1.0747443838316e-15,"Down"
1.4666015275191e-20,-2.81297316689375,0.032,0.353,1.12714193795953e-15,"Pik3cg-201",1.12714193795953e-15,"Down"
1.54351891618385e-20,-1.68061781577112,0.072,0.471,1.18625602784394e-15,"Inpp5d-201",1.18625602784394e-15,"Down"
1.55918635694945e-20,-1.46899443601274,0.086,0.518,1.19829708276993e-15,"Add1-201",1.19829708276993e-15,"Down"
1.63073191741166e-20,-2.11797644702594,0.104,0.541,1.25328270780756e-15,"Asap1-205",1.25328270780756e-15,"Down"
1.65683795436905e-20,-1.65639633619827,0.111,0.576,1.27334624145079e-15,"Arhgap1-201",1.27334624145079e-15,"Down"
1.74071229098977e-20,-1.02485836341937,0.035,0.365,1.33780702411728e-15,"Wdr13-205",1.33780702411728e-15,"Down"
1.95502624766548e-20,-1.26774995958279,0.084,0.518,1.50251587238083e-15,"Ap3d1-201",1.50251587238083e-15,"Down"
2.17551654056576e-20,-1.91682572364164,0.042,0.388,1.67197148208641e-15,"Hibch-202",1.67197148208641e-15,"Down"
2.30220811486604e-20,-1.80585620955253,0.057,0.435,1.76933902459914e-15,"Fkbp1a-205",1.76933902459914e-15,"Down"
2.30373143078923e-20,-1.38361932859968,0.252,0.824,1.77050975381875e-15,"Gdi2-209",1.77050975381875e-15,"Down"
2.60712280562498e-20,-1.01033059590121,0.096,0.541,2.00367816103502e-15,"Cops2-203",2.00367816103502e-15,"Down"
2.77003406111534e-20,-2.28858553865924,0.044,0.388,2.12888197732958e-15,"Sytl4-203",2.12888197732958e-15,"Down"
2.82233280817976e-20,-1.00430939999344,0.074,0.494,2.16907565639847e-15,"Cd200r1-201",2.16907565639847e-15,"Down"
2.89333024087798e-20,-1.21071659583136,0.207,0.788,2.22364002332437e-15,"Arpc2-201",2.22364002332437e-15,"Down"
2.89701964222343e-20,-1.03959316019035,0.104,0.565,2.2264754758344e-15,"Lnpep-201",2.2264754758344e-15,"Down"
2.92787315692729e-20,-1.61089817060624,0.032,0.353,2.2501876360249e-15,"Atg2b-201",2.2501876360249e-15,"Down"
2.94362966470138e-20,-1.9604619581212,0.054,0.424,2.2622971425096e-15,"Etv6-201",2.2622971425096e-15,"Down"
2.98920201526933e-20,-1.61570189334649,0.047,0.4,2.29732131681509e-15,"Tpp1-201",2.29732131681509e-15,"Down"
3.15492117986337e-20,-1.07771198358388,0.074,0.482,2.4246831235722e-15,"Add1-203",2.4246831235722e-15,"Down"
3.1723072153658e-20,-1.6583071732828,0.084,0.506,2.43804498729724e-15,"Ppfia1-201",2.43804498729724e-15,"Down"
3.3167707349672e-20,-2.12292032377777,0.03,0.341,2.54907098065169e-15,"Fads1-201",2.54907098065169e-15,"Down"
3.42000483355405e-20,-1.32788048313856,0.17,0.706,2.62841051477963e-15,"F10-202",2.62841051477963e-15,"Down"
3.55063423207258e-20,-2.55876198177579,0.104,0.518,2.72880443271706e-15,"Rab27b-203",2.72880443271706e-15,"Down"
3.58629729481277e-20,-1.35749318835013,0.106,0.541,2.7562129229554e-15,"Specc1-201",2.7562129229554e-15,"Down"
3.65828785298113e-20,-1.99502984645663,0.03,0.341,2.81154054653012e-15,"Lpcat3-205",2.81154054653012e-15,"Down"
3.65957725223114e-20,-1.65631096554023,0.417,0.882,2.81253150142972e-15,"Ptpn11-202",2.81253150142972e-15,"Down"
3.66977325899197e-20,-1.73977311030526,0.069,0.471,2.82036754046569e-15,"Pgm2-201",2.82036754046569e-15,"Down"
3.89961932465579e-20,-1.60481596392158,0.049,0.412,2.99701343577096e-15,"Tceal8-204",2.99701343577096e-15,"Down"
3.90611659080368e-20,-1.89524183534976,0.077,0.482,3.00200684469626e-15,"Cbl-211",3.00200684469626e-15,"Down"
4.01899165315926e-20,-1.87340544564425,0.089,0.518,3.08875584511902e-15,"Mff-208",3.08875584511902e-15,"Down"
4.06861826541714e-20,-1.63483843022854,0.086,0.518,3.12689588170369e-15,"Itgb2-204",3.12689588170369e-15,"Down"
4.26936623957352e-20,-1.50619123643772,0.084,0.506,3.28117872976183e-15,"Pecam1-201",3.28117872976183e-15,"Down"
4.27140769706594e-20,-2.18789890087746,0.03,0.341,3.28274767150306e-15,"Arpc3-204",3.28274767150306e-15,"Down"
4.27140769706594e-20,-2.18789890087746,0.03,0.341,3.28274767150306e-15,"Arpc3-203",3.28274767150306e-15,"Down"
4.45887522538993e-20,-1.27512381074027,0.042,0.388,3.42682396572117e-15,"Acly-201",3.42682396572117e-15,"Down"
4.52420625182774e-20,-2.26291721133721,0.148,0.612,3.47703347277969e-15,"Gsn-201",3.47703347277969e-15,"Down"
4.7879528745351e-20,-1.60765871947385,0.116,0.576,3.67973330219521e-15,"Cd55-205",3.67973330219521e-15,"Down"
4.97103993778274e-20,-1.52861077773461,0.047,0.4,3.82044303378354e-15,"Picalm-202",3.82044303378354e-15,"Down"
5.01411662012297e-20,-1.65510407828006,0.04,0.376,3.85354918722931e-15,"Dnm1l-202",3.85354918722931e-15,"Down"
5.23436624617913e-20,-1.58839911705586,0.116,0.588,4.02281983483851e-15,"Zeb2-202",4.02281983483851e-15,"Down"
5.27325200921429e-20,-1.63728171979646,0.252,0.824,4.05270509916155e-15,"Nrgn-201",4.05270509916155e-15,"Down"
5.46665210384645e-20,-2.04991301227529,0.449,0.882,4.20134080789015e-15,"Vcl-202",4.20134080789015e-15,"Down"
5.49080401817694e-20,-1.67884265512492,0.04,0.376,4.21990252012971e-15,"Eif4a2-201",4.21990252012971e-15,"Down"
5.58320008530023e-20,-1.91516043725667,0.037,0.365,4.29091259355664e-15,"Ogdh-203",4.29091259355664e-15,"Down"
5.99646230356722e-20,-1.7658122787092,0.054,0.424,4.60852113878355e-15,"Wapl-202",4.60852113878355e-15,"Down"
6.44983303476199e-20,-1.46909963929666,0.047,0.4,4.95695468053598e-15,"Itfg1-201",4.95695468053598e-15,"Down"
6.60652338464795e-20,-1.7953681357353,0.072,0.471,5.07737748203734e-15,"Nipbl-201",5.07737748203734e-15,"Down"
6.71812938616313e-20,-1.48420467429541,0.158,0.682,5.16315115844181e-15,"Itsn2-201",5.16315115844181e-15,"Down"
6.81672170210792e-20,-1.72525488203584,0.044,0.388,5.23892329693802e-15,"Ogdh-202",5.23892329693802e-15,"Down"
6.89532736780055e-20,-1.35567175087052,0.096,0.541,5.29933489524943e-15,"Zeb2-201",5.29933489524943e-15,"Down"
7.04849150637534e-20,-1.83368506945315,0.156,0.635,5.41704766230971e-15,"Sptan1-208",5.41704766230971e-15,"Down"
7.0751380889631e-20,-1.96287249438605,0.062,0.435,5.4375266268917e-15,"Capn3-203",5.4375266268917e-15,"Down"
7.0751380889631e-20,-1.96287249438605,0.062,0.435,5.4375266268917e-15,"Capn3-205",5.4375266268917e-15,"Down"
7.42660892971475e-20,-1.73934079255275,0.188,0.694,5.70764602684297e-15,"Sptan1-203",5.70764602684297e-15,"Down"
7.50248561028971e-20,-1.23566849021104,0.151,0.659,5.76596029093206e-15,"Hectd4-201",5.76596029093206e-15,"Down"
7.58341258904693e-20,-1.82447528822115,0.074,0.471,5.82815591118612e-15,"Pygb-201",5.82815591118612e-15,"Down"
7.65423587366708e-20,-1.5106653052871,0.04,0.376,5.8825864383481e-15,"Schip1-208",5.8825864383481e-15,"Down"
7.667051082812e-20,-1.13302469080547,0.096,0.541,5.89243543918433e-15,"Mapk14-201",5.89243543918433e-15,"Down"
8.55280953416294e-20,-1.5658972727553,0.079,0.482,6.57317623938559e-15,"Ergic2-208",6.57317623938559e-15,"Down"
8.72891418072008e-20,-1.55188322073153,0.049,0.4,6.70851970445061e-15,"Mfsd6-205",6.70851970445061e-15,"Down"
9.12301559821754e-20,-2.99050337712472,0.086,0.482,7.01140240785411e-15,"Fnbp1-201",7.01140240785411e-15,"Down"
9.3922319642015e-20,-1.28676002964232,0.104,0.553,7.21830595376742e-15,"Pecam1-203",7.21830595376742e-15,"Down"
9.50919459937778e-20,-1.78419426922395,0.049,0.4,7.3081964174058e-15,"Gramd1c-201",7.3081964174058e-15,"Down"
9.7447191705464e-20,-1.195240309845,0.106,0.565,7.48920647133173e-15,"Mapk14-202",7.48920647133173e-15,"Down"
9.91284002333324e-20,-1.51894481196268,0.074,0.471,7.61841407153253e-15,"Ndrg1-201",7.61841407153253e-15,"Down"
1.00156357772088e-19,-1.54482718045376,0.101,0.541,7.69741672021604e-15,"Arhgap1-204",7.69741672021604e-15,"Down"
1.02715027769067e-19,-1.85832516409899,0.338,0.812,7.89406074416385e-15,"Ptpn11-201",7.89406074416385e-15,"Down"
1.02968439927837e-19,-1.26422213913804,0.257,0.824,7.91353648221395e-15,"Gsn-205",7.91353648221395e-15,"Down"
1.0453194034667e-19,-1.89974055978787,0.035,0.353,8.03369774340301e-15,"Pik3cg-202",8.03369774340301e-15,"Down"
1.0578728235199e-19,-1.31933506814211,0.044,0.388,8.13017579787984e-15,"Zfp281-201",8.13017579787984e-15,"Down"
1.06177122206886e-19,-2.18572760571738,0.035,0.353,8.16013655008801e-15,"Madd-210",8.16013655008801e-15,"Down"
1.06872316487656e-19,-1.70352468525551,0.333,0.824,8.21356501134231e-15,"Sptbn1-202",8.21356501134231e-15,"Down"
1.10756978837709e-19,-1.599918047455,0.163,0.671,8.51211685159326e-15,"Zwint-201",8.51211685159326e-15,"Down"
1.11673097532936e-19,-1.49289412523671,0.057,0.424,8.5825242377963e-15,"Nckap1l-201",8.5825242377963e-15,"Down"
1.128234432073e-19,-1.80044323166025,0.049,0.4,8.67093290425387e-15,"Mef2a-203",8.67093290425387e-15,"Down"
1.22420222367921e-19,-1.64656319720029,0.054,0.412,9.4084837698642e-15,"Ttc39b-203",9.4084837698642e-15,"Down"
1.2511905995546e-19,-2.14778749058402,0.059,0.424,9.61590023381692e-15,"Hacd4-201",9.61590023381692e-15,"Down"
1.25254854681265e-19,-1.36666487311429,0.281,0.882,9.62633660167394e-15,"Cnn2-201",9.62633660167394e-15,"Down"
1.27634375060344e-19,-1.42378389761671,0.477,0.929,9.80921226088771e-15,"Rasa3-201",9.80921226088771e-15,"Down"
1.32169500207761e-19,-1.23953334731218,0.573,0.988,1.01577547689672e-14,"Cfl1-202",1.01577547689672e-14,"Down"
1.46365093889151e-19,-1.11907431661432,0.133,0.612,1.12487429257568e-14,"Stxbp5-209",1.12487429257568e-14,"Down"
1.47994980517488e-19,-1.64065116375835,0.111,0.565,1.1374006232691e-14,"Trrap-215",1.1374006232691e-14,"Down"
1.48573655358049e-19,-1.19832833506696,0.106,0.565,1.14184797088875e-14,"Tspan14-202",1.14184797088875e-14,"Down"
1.50161134387052e-19,-1.62847853531914,0.163,0.671,1.15404838221825e-14,"Tbxas1-201",1.15404838221825e-14,"Down"
1.56630750251487e-19,-1.53889638049259,0.064,0.447,1.20376996798278e-14,"Slc44a2-207",1.20376996798278e-14,"Down"
1.68631456248897e-19,-1.52523260791926,0.044,0.388,1.29600019385527e-14,"Rap2a-201",1.29600019385527e-14,"Down"
1.76316164418085e-19,-1.54373489538304,0.064,0.447,1.35506025001875e-14,"Lpcat3-201",1.35506025001875e-14,"Down"
1.89900711541578e-19,-2.37993363889476,0.032,0.341,1.45946292848165e-14,"Sypl-202",1.45946292848165e-14,"Down"
1.97655836891649e-19,-1.48818031910487,0.18,0.694,1.51906416884708e-14,"Atp5c1-202",1.51906416884708e-14,"Down"
2.00920020561652e-19,-1.36788346632357,0.035,0.353,1.54415072602452e-14,"Isyna1-206",1.54415072602452e-14,"Down"
2.34525150991474e-19,-2.12331038414564,0.054,0.412,1.80241959542988e-14,"Hivep1-201",1.80241959542988e-14,"Down"
2.37388794040231e-19,-1.05958374440234,0.052,0.412,1.82442783771679e-14,"Fhl3-201",1.82442783771679e-14,"Down"
2.46777107663004e-19,-1.55014352191919,0.215,0.741,1.89658078323325e-14,"Akap13-205",1.89658078323325e-14,"Down"
2.55155642344509e-19,-1.79720758534545,0.237,0.753,1.96097317367449e-14,"Csde1-211",1.96097317367449e-14,"Down"
2.60524630845532e-19,-1.4884539003381,0.032,0.341,2.00223599790025e-14,"Stat5b-202",2.00223599790025e-14,"Down"
2.61205970810033e-19,-1.64805283732853,0.427,0.835,2.00747236806343e-14,"Cap1-201",2.00747236806343e-14,"Down"
2.72002557967331e-19,-1.95301342157869,0.081,0.482,2.09044845900213e-14,"Slmap-202",2.09044845900213e-14,"Down"
2.76652113412694e-19,-1.57222791287551,0.067,0.447,2.12618215242192e-14,"Cep170-214",2.12618215242192e-14,"Down"
2.83162706569519e-19,-1.62043751343112,0.049,0.4,2.17621866506938e-14,"Ly6g6f-201",2.17621866506938e-14,"Down"
2.83629604691879e-19,-1.48811655067791,0.042,0.376,2.17980696389897e-14,"Garre1-202",2.17980696389897e-14,"Down"
3.14770395437578e-19,-1.85355083536134,0.032,0.341,2.41913639709597e-14,"Atp6v0a1-202",2.41913639709597e-14,"Down"
3.14988103950631e-19,-1.37228490511852,0.067,0.447,2.42080957410218e-14,"Ncoa2-203",2.42080957410218e-14,"Down"
3.20831197540837e-19,-1.33053411207339,0.131,0.612,2.46571608558035e-14,"Fut8-202",2.46571608558035e-14,"Down"
3.21458305299344e-19,-1.771216907472,0.072,0.459,2.47053565954758e-14,"Fyco1-201",2.47053565954758e-14,"Down"
3.29981415271401e-19,-1.58721786452526,0.04,0.365,2.53603916892682e-14,"Eif4a2-203",2.53603916892682e-14,"Down"
3.52374214395347e-19,-1.49848850799459,0.314,0.871,2.708136787314e-14,"Nedd4-201",2.708136787314e-14,"Down"
3.53377042616025e-19,-1.77588878719061,0.128,0.576,2.7158439233212e-14,"Dnm2-206",2.7158439233212e-14,"Down"
3.58108175007699e-19,-2.65961396512064,0.037,0.353,2.75220456820417e-14,"R3hdm2-208",2.75220456820417e-14,"Down"
3.67737601400417e-19,-2.05177587136925,0.047,0.388,2.82621056180277e-14,"Ckap5-203",2.82621056180277e-14,"Down"
3.97154015143536e-19,-1.45720166552124,0.126,0.6,3.05228746798413e-14,"Nucb1-201",3.05228746798413e-14,"Down"
4.0284395872994e-19,-1.13489606552637,0.067,0.447,3.09601696042308e-14,"Flot1-201",3.09601696042308e-14,"Down"
4.16594984787453e-19,-1.14979600951307,0.062,0.435,3.20169909608549e-14,"Stx7-201",3.20169909608549e-14,"Down"
4.19289914131396e-19,-2.24837827658432,0.044,0.376,3.22241070606543e-14,"Cuedc1-201",3.22241070606543e-14,"Down"
4.40286491661723e-19,-1.80287481805255,0.052,0.4,3.38377780301701e-14,"Sbno1-201",3.38377780301701e-14,"Down"
4.55046218091246e-19,-1.46192423319968,0.099,0.518,3.49721220451847e-14,"Erbin-207",3.49721220451847e-14,"Down"
4.70882577805132e-19,-1.2839732662624,0.037,0.353,3.61892096346356e-14,"Ehd3-201",3.61892096346356e-14,"Down"
4.71231274320498e-19,-1.63940092552205,0.338,0.824,3.62160083566276e-14,"Sptbn1-201",3.62160083566276e-14,"Down"
4.74571326082891e-19,-1.64347637827286,0.059,0.424,3.64727046947745e-14,"Polg-201",3.64727046947745e-14,"Down"
4.92713246772082e-19,-2.45369548960296,0.269,0.765,3.78669838674216e-14,"Tpm2-203",3.78669838674216e-14,"Down"
5.10831313376457e-19,-1.49065537172833,0.074,0.471,3.92594297582343e-14,"Otud7b-202",3.92594297582343e-14,"Down"
5.17115399318367e-19,-1.03517195272796,0.089,0.506,3.97423868992138e-14,"Arrb2-205",3.97423868992138e-14,"Down"
5.25949976717136e-19,-1.1859177404261,0.178,0.718,4.04213595106188e-14,"Rb1-201",4.04213595106188e-14,"Down"
5.43920258809298e-19,-2.17152008231247,0.509,0.882,4.18024475705298e-14,"Gnas-208",4.18024475705298e-14,"Down"
6.10621225201429e-19,-2.73922920320689,0.042,0.365,4.69286836416307e-14,"Tgfb1i1-204",4.69286836416307e-14,"Down"
6.11455379688316e-19,-1.56599356446012,0.059,0.424,4.69927917505659e-14,"Nmt1-201",4.69927917505659e-14,"Down"
6.23672686078291e-19,-1.17230318320956,0.074,0.471,4.7931740615861e-14,"Cyfip1-207",4.7931740615861e-14,"Down"
6.55026775846298e-19,-1.16843694948618,0.096,0.529,5.03414278308914e-14,"Tmem123-201",5.03414278308914e-14,"Down"
6.71164339154366e-19,-1.3185013682272,0.059,0.424,5.15816641213697e-14,"Elovl7-201",5.15816641213697e-14,"Down"
6.94602149253227e-19,-1.28761605881805,0.04,0.365,5.33829535787075e-14,"Acly-207",5.33829535787075e-14,"Down"
6.95370644275267e-19,-1.5399617261196,0.089,0.506,5.34420154951314e-14,"Gatad2a-202",5.34420154951314e-14,"Down"
7.2009743533618e-19,-1.79636031936201,0.106,0.529,5.53423682953268e-14,"Specc1-207",5.53423682953268e-14,"Down"
7.22604238295989e-19,-1.28851397620863,0.686,0.988,5.55350261299999e-14,"Pkm-201",5.55350261299999e-14,"Down"
7.37711200892063e-19,-1.50105287379613,0.089,0.506,5.66960566333586e-14,"Serinc3-201",5.66960566333586e-14,"Down"
7.52298672710154e-19,-1.21672525880511,0.084,0.494,5.78171621924662e-14,"Gtpbp2-201",5.78171621924662e-14,"Down"
7.54061174902697e-19,-2.49032726876458,0.047,0.376,5.79526175359719e-14,"Cct4-204",5.79526175359719e-14,"Down"
7.90978248960603e-19,-1.78268350099723,0.057,0.412,6.07898423456182e-14,"Bltp1-201",6.07898423456182e-14,"Down"
7.96968136683106e-19,-1.7422502799278,0.096,0.506,6.12501891766435e-14,"Ranbp2-201",6.12501891766435e-14,"Down"
8.05197911890168e-19,-1.93606176826179,0.035,0.341,6.1882680320407e-14,"Prkacb-201",6.1882680320407e-14,"Down"
8.21343427395323e-19,-1.14065529577364,0.101,0.529,6.31235277690401e-14,"Ik-202",6.31235277690401e-14,"Down"
8.66659107059868e-19,-1.24716902041637,0.074,0.459,6.66062190139791e-14,"Vps13a-205",6.66062190139791e-14,"Down"
8.69122938519192e-19,-1.19655356933178,0.062,0.435,6.6795574316954e-14,"Tut7-201",6.6795574316954e-14,"Down"
8.98880537690391e-19,-1.40195875892274,0.059,0.424,6.90825648436573e-14,"Nab1-205",6.90825648436573e-14,"Down"
9.39117727405671e-19,-2.16319032347507,0.035,0.341,7.21749538220355e-14,"Pik3cg-204",7.21749538220355e-14,"Down"
9.82143374924276e-19,-1.82638481420089,0.044,0.376,7.54816469364303e-14,"Atp13a2-208",7.54816469364303e-14,"Down"
9.88172247946654e-19,-1.74216488340784,0.444,0.882,7.59449899436922e-14,"Bmp2k-201",7.59449899436922e-14,"Down"
9.94678754793681e-19,-1.66613058053691,0.311,0.812,7.64450410209136e-14,"Tuba1c-201",7.64450410209136e-14,"Down"
1.03199500462975e-18,-2.00178844190187,0.074,0.459,7.93129440858147e-14,"Fyco1-202",7.93129440858147e-14,"Down"
1.03515939428259e-18,-1.43752280650676,0.057,0.412,7.95561400881941e-14,"Gdi1-209",7.95561400881941e-14,"Down"
1.05998480613855e-18,-1.16315440200049,0.235,0.812,8.14640722909722e-14,"Laptm5-207",8.14640722909722e-14,"Down"
1.09724412882121e-18,-1.09435695743025,0.037,0.353,8.43276002764257e-14,"Nol4l-202",8.43276002764257e-14,"Down"
1.14722507589822e-18,-1.80790509986573,0.119,0.553,8.81688359830821e-14,"Asap1-218",8.81688359830821e-14,"Down"
1.14722507589822e-18,-1.80790509986573,0.119,0.553,8.81688359830821e-14,"Asap1-201",8.81688359830821e-14,"Down"
1.20323312398636e-18,-1.44106054097874,0.077,0.471,9.24732785108478e-14,"Itsn2-214",9.24732785108478e-14,"Down"
1.21508715136786e-18,-1.15467935727208,0.042,0.365,9.33843079312254e-14,"Wac-201",9.33843079312254e-14,"Down"
1.29027879861691e-18,-1.80522813522065,0.04,0.353,9.91630867889039e-14,"Mff-209",9.91630867889039e-14,"Down"
1.31193205998395e-18,-1.3083689718278,0.163,0.659,1.00827226538007e-13,"Os9-202",1.00827226538007e-13,"Down"
1.3167809176565e-18,-1.13684001674062,0.212,0.741,1.01199880645573e-13,"Atp5b-201",1.01199880645573e-13,"Down"
1.35264828174757e-18,-1.04695828394386,0.072,0.459,1.03956431045428e-13,"Scarb1-201",1.03956431045428e-13,"Down"
1.38912457049289e-18,-1.23506246006903,0.17,0.682,1.06759779740661e-13,"Septin7-201",1.06759779740661e-13,"Down"
1.40455660689255e-18,-2.4425596470129,0.099,0.506,1.0794579346612e-13,"Lamp2-202",1.0794579346612e-13,"Down"
1.46716320266672e-18,-1.21081384984436,0.099,0.529,1.12757360777748e-13,"Dennd2c-202",1.12757360777748e-13,"Down"
1.47434460383785e-18,-1.80024844006445,0.062,0.424,1.13309280183354e-13,"Ckap5-202",1.13309280183354e-13,"Down"
1.48752279066797e-18,-1.00817475429305,0.044,0.376,1.14322076553996e-13,"Mpc1-208",1.14322076553996e-13,"Down"
1.56549365777207e-18,-1.1742929646873,0.059,0.424,1.20314449574414e-13,"Cd200r1-202",1.20314449574414e-13,"Down"
1.59853722820885e-18,-1.08369422139521,0.141,0.624,1.22853980136763e-13,"Nbeal2-210",1.22853980136763e-13,"Down"
1.66245535250111e-18,-1.27217263456491,0.099,0.529,1.2776634366112e-13,"Srgap3-202",1.2776634366112e-13,"Down"
1.68018251300174e-18,-1.36010404029735,0.062,0.424,1.29128746854236e-13,"Ssx2ip-202",1.29128746854236e-13,"Down"
1.69244359118581e-18,-2.27580777059892,0.069,0.435,1.30071059756995e-13,"Mef2a-208",1.30071059756995e-13,"Down"
1.77470666641555e-18,-1.1618704189572,0.156,0.635,1.36393306140701e-13,"Tmod3-201",1.36393306140701e-13,"Down"
1.78138964334076e-18,-1.57012833689997,0.121,0.565,1.36906919649311e-13,"Acin1-201",1.36906919649311e-13,"Down"
1.8003419367933e-18,-2.07440035863105,0.131,0.576,1.38363479210312e-13,"Taldo1-204",1.38363479210312e-13,"Down"
1.80049211603599e-18,-1.24812884526752,0.252,0.788,1.3837502108583e-13,"Ehd4-201",1.3837502108583e-13,"Down"
1.8446496967116e-18,-1.56890898838208,0.198,0.706,1.41768707791074e-13,"Septin9-201",1.41768707791074e-13,"Down"
1.97119869838421e-18,-1.60137819911027,0.079,0.471,1.5149450476562e-13,"Zeb2-203",1.5149450476562e-13,"Down"
1.97495316495398e-18,-1.56953389216398,0.183,0.671,1.51783050539373e-13,"Stx11-201",1.51783050539373e-13,"Down"
2.0472107553716e-18,-1.42716848301615,0.133,0.6,1.57336335393329e-13,"Trrap-202",1.57336335393329e-13,"Down"
2.16908470303658e-18,-1.66195304654781,0.054,0.4,1.66702835767174e-13,"Pla2g4a-202",1.66702835767174e-13,"Down"
2.29769104525742e-18,-2.00299093257983,0.04,0.353,1.76586747592214e-13,"Madd-202",1.76586747592214e-13,"Down"
2.36283613900729e-18,-1.04443781945184,0.084,0.494,1.81593408627267e-13,"Shoc2-202",1.81593408627267e-13,"Down"
2.44645810047989e-18,-1.09614640982969,0.064,0.435,1.88020090854282e-13,"Klf10-201",1.88020090854282e-13,"Down"
2.51038706884332e-18,-1.68839160235853,0.042,0.365,1.92933287788885e-13,"4931406C07Rik-201",1.92933287788885e-13,"Down"
2.56554030170535e-18,-2.08512355456092,0.388,0.776,1.97172034347263e-13,"Cald1-205",1.97172034347263e-13,"Down"
2.58544511962881e-18,-1.63882479663512,0.047,0.376,1.98701799223953e-13,"Armcx3-203",1.98701799223953e-13,"Down"
2.62737881798946e-18,-1.33615746034032,0.037,0.341,2.01924571677762e-13,"Dram2-205",2.01924571677762e-13,"Down"
2.65462112049026e-18,-1.5868449952379,0.193,0.694,2.04018251594159e-13,"Septin9-202",2.04018251594159e-13,"Down"
2.87495376416674e-18,-1.90080632131786,0.037,0.341,2.20951696591271e-13,"Wipf1-203",2.20951696591271e-13,"Down"
2.92130115499834e-18,-1.19003415346995,0.291,0.859,2.24513678966242e-13,"Pdcd6ip-201",2.24513678966242e-13,"Down"
2.93584115263554e-18,-2.22712881436951,0.052,0.388,2.25631135944652e-13,"Frmd4b-203",2.25631135944652e-13,"Down"
2.9699619269486e-18,-1.33074425679614,0.057,0.412,2.28253453933708e-13,"Dlg2-220",2.28253453933708e-13,"Down"
2.9699619269486e-18,-1.33074425679614,0.057,0.412,2.28253453933708e-13,"Dlg2-218",2.28253453933708e-13,"Down"
2.9699619269486e-18,-1.33074425679614,0.057,0.412,2.28253453933708e-13,"Dlg2-219",2.28253453933708e-13,"Down"
3.08498596755562e-18,-1.21469586457729,0.049,0.388,2.37093511550519e-13,"Dlg2-201",2.37093511550519e-13,"Down"
3.1196526037204e-18,-1.42877784834658,0.217,0.718,2.39757781206328e-13,"Herc1-201",2.39757781206328e-13,"Down"
3.42276116201833e-18,-2.13949255909487,0.044,0.365,2.63052886345757e-13,"Frmd4b-204",2.63052886345757e-13,"Down"
3.49996699655164e-18,-1.29604775987495,0.067,0.435,2.6898646355298e-13,"Mrtfa-205",2.6898646355298e-13,"Down"
3.51655355766927e-18,-1.42278780280371,0.546,0.953,2.70261207121114e-13,"Lmna-201",2.70261207121114e-13,"Down"
3.6245136149555e-18,-1.70637401718325,0.101,0.518,2.7855836936379e-13,"Hmgcs1-201",2.7855836936379e-13,"Down"
3.71732196324099e-18,-1.32265194148883,0.054,0.4,2.85691062162923e-13,"Dnajc7-207",2.85691062162923e-13,"Down"
3.72276658857484e-18,-1.03560994938459,0.047,0.376,2.8610950339833e-13,"Cep70-209",2.8610950339833e-13,"Down"
3.83755995882995e-18,-1.26444438792675,0.104,0.541,2.94931833075917e-13,"Arhgap6-205",2.94931833075917e-13,"Down"
4.03817684790036e-18,-1.12644794431743,0.306,0.871,3.10350043468534e-13,"Rbpms2-201",3.10350043468534e-13,"Down"
4.14162179527563e-18,-1.20699284462288,0.094,0.506,3.18300201454113e-13,"Eif5a-209",3.18300201454113e-13,"Down"
4.14162179527563e-18,-1.20699284462288,0.094,0.506,3.18300201454113e-13,"Eif5a-202",3.18300201454113e-13,"Down"
4.14162179527563e-18,-1.20699284462288,0.094,0.506,3.18300201454113e-13,"Eif5a-203",3.18300201454113e-13,"Down"
4.15571374194248e-18,-1.38920689666835,0.059,0.412,3.19383223923247e-13,"Sh3bgrl-201",3.19383223923247e-13,"Down"
4.26956402819865e-18,-1.4143258661008,0.074,0.459,3.28133073823179e-13,"Otud7b-203",3.28133073823179e-13,"Down"
4.26995384660485e-18,-1.33292301231843,0.123,0.576,3.28163032926969e-13,"Mcur1-201",3.28163032926969e-13,"Down"
4.28121443348605e-18,-1.21015819770776,0.047,0.376,3.29028454071137e-13,"Sp110-201",3.29028454071137e-13,"Down"
4.305919727519e-18,-1.94501962199236,0.037,0.341,3.30927154738746e-13,"Lgals9-203",3.30927154738746e-13,"Down"
4.305919727519e-18,-1.37324343918135,0.037,0.341,3.30927154738746e-13,"Ralgps2-215",3.30927154738746e-13,"Down"
4.305919727519e-18,-2.02605840954984,0.037,0.341,3.30927154738746e-13,"Madd-213",3.30927154738746e-13,"Down"
4.36749135240882e-18,-2.31541742077313,0.069,0.424,3.35659180398028e-13,"Serpine1-201",3.35659180398028e-13,"Down"
4.45644955383911e-18,-1.81945702012344,0.049,0.376,3.42495974010751e-13,"Gtf2i-222",3.42495974010751e-13,"Down"
4.51506805863933e-18,-1.34238764963903,0.067,0.424,3.47001040578667e-13,"Phip-201",3.47001040578667e-13,"Down"
4.55956202526537e-18,-1.12040397286631,0.198,0.706,3.50420579889744e-13,"Septin9-203",3.50420579889744e-13,"Down"
4.56338500152502e-18,-1.29789802294633,0.062,0.424,3.50714390907204e-13,"Picalm-213",3.50714390907204e-13,"Down"
4.90939959094573e-18,-1.68438820609788,0.049,0.376,3.77306996162543e-13,"Gtf2i-223",3.77306996162543e-13,"Down"
5.11874183888977e-18,-1.62974262047466,0.267,0.788,3.93395785286034e-13,"Septin11-201",3.93395785286034e-13,"Down"
5.18925084699029e-18,-1.14194342720454,0.101,0.518,3.98814684594592e-13,"Pik3r1-202",3.98814684594592e-13,"Down"
5.38808671450062e-18,-1.20876063147882,0.101,0.529,4.14096016356231e-13,"Rere-202",4.14096016356231e-13,"Down"
5.81738671348389e-18,-1.14955586707938,0.047,0.376,4.47089438478091e-13,"Vps54-201",4.47089438478091e-13,"Down"
5.88984020807277e-18,-1.88029391544537,0.062,0.412,4.52657779351225e-13,"Exoc6-202",4.52657779351225e-13,"Down"
6.04280049248563e-18,-1.57609490561709,0.069,0.435,4.64413389049491e-13,"Ncoa2-202",4.64413389049491e-13,"Down"
6.08214351329952e-18,-2.03167135655842,0.081,0.459,4.67437057571121e-13,"Fhl1-205",4.67437057571121e-13,"Down"
6.08214351329952e-18,-2.03167135655842,0.081,0.459,4.67437057571121e-13,"Fhl1-204",4.67437057571121e-13,"Down"
6.09017144868975e-18,-1.30455549887571,0.151,0.624,4.68054036517602e-13,"Mtmr14-201",4.68054036517602e-13,"Down"
6.18326090095725e-18,-1.07263974150354,0.141,0.624,4.75208333282169e-13,"Prune1-201",4.75208333282169e-13,"Down"
6.18477697653119e-18,-1.35121994402029,0.084,0.482,4.75324849754328e-13,"Ptgs1-204",4.75324849754328e-13,"Down"
6.28198067941466e-18,-1.07793157435926,0.072,0.447,4.82795343135734e-13,"Dpp8-202",4.82795343135734e-13,"Down"
6.46515219027215e-18,-1.36738576887919,0.052,0.388,4.96872806431176e-13,"Usp32-202",4.96872806431176e-13,"Down"
6.83156927605881e-18,-1.14186681057511,0.131,0.588,5.25033425142224e-13,"Nbeal2-206",5.25033425142224e-13,"Down"
6.87542867901144e-18,-1.14748020342701,0.054,0.4,5.28404195696745e-13,"Dlg2-217",5.28404195696745e-13,"Down"
6.87542867901144e-18,-1.14748020342701,0.054,0.4,5.28404195696745e-13,"Dlg2-204",5.28404195696745e-13,"Down"
6.95928329260459e-18,-1.36883924865078,0.044,0.365,5.34848758169833e-13,"Paip2-204",5.34848758169833e-13,"Down"
7.02592577012276e-18,-1.75685648341599,0.091,0.482,5.39970499137014e-13,"Erbin-204",5.39970499137014e-13,"Down"
7.08385799003865e-18,-2.23119107105311,0.042,0.353,5.44422821966431e-13,"Cd47-206",5.44422821966431e-13,"Down"
7.1900037347314e-18,-1.32241384210631,0.059,0.412,5.52580547029047e-13,"Sacm1l-205",5.52580547029047e-13,"Down"
7.67941309128999e-18,-2.6905357153064,0.049,0.365,5.90193613718001e-13,"Stxbp5-201",5.90193613718001e-13,"Down"
7.71862519444944e-18,-1.25609995223735,0.146,0.624,5.93207220694217e-13,"Golgb1-202",5.93207220694217e-13,"Down"
7.72236324701785e-18,-1.94117637154619,0.042,0.353,5.9349450498631e-13,"Agpat1-202",5.9349450498631e-13,"Down"
7.72236324701785e-18,-1.94117637154619,0.042,0.353,5.9349450498631e-13,"Agpat1-208",5.9349450498631e-13,"Down"
7.80387801620024e-18,-1.10301357172424,0.037,0.341,5.99759241057053e-13,"Sp110-204",5.99759241057053e-13,"Down"
8.62415745204326e-18,-1.33742729349976,0.059,0.412,6.62800996819333e-13,"Mospd3-202",6.62800996819333e-13,"Down"
8.6753975254553e-18,-1.19618978041684,0.069,0.435,6.66739001421342e-13,"Ckap5-204",6.66739001421342e-13,"Down"
8.94195016964744e-18,-1.27680436519617,0.052,0.388,6.87224638338085e-13,"Picalm-201",6.87224638338085e-13,"Down"
9.02950631393619e-18,-2.05110497166522,0.306,0.765,6.93953678251252e-13,"Epb41-202",6.93953678251252e-13,"Down"
9.39552362145135e-18,-1.70290945931058,0.057,0.4,7.22083572403022e-13,"Tstd3-201",7.22083572403022e-13,"Down"
9.55873200100632e-18,-1.08649688361287,0.225,0.753,7.3462678920534e-13,"Fbxo6-208",7.3462678920534e-13,"Down"
9.95295610989311e-18,-1.47754333872512,0.148,0.612,7.64924488869725e-13,"Plekho2-204",7.64924488869725e-13,"Down"
9.95295610989311e-18,-1.47754333768554,0.148,0.612,7.64924488869725e-13,"Plekho2-202",7.64924488869725e-13,"Down"
1.02226460518281e-17,-1.02763384639716,0.064,0.424,7.85651239667197e-13,"Rin3-201",7.85651239667197e-13,"Down"
1.08892421632499e-17,-1.27193676371001,0.059,0.412,8.36881817214406e-13,"Prdx3-201",8.36881817214406e-13,"Down"
1.10526526651676e-17,-1.87970897122351,0.042,0.353,8.49440567928793e-13,"Comt-204",8.49440567928793e-13,"Down"
1.11189886730667e-17,-2.16684954384072,0.099,0.494,8.54538755479865e-13,"Cracd-204",8.54538755479865e-13,"Down"
1.1992257902008e-17,-1.44567196804012,0.049,0.376,9.21652988800924e-13,"Dnajc7-219",9.21652988800924e-13,"Down"
1.25111467599343e-17,-1.13207624453053,0.096,0.506,9.61531673087992e-13,"Eif5a-207",9.61531673087992e-13,"Down"
1.25111467599343e-17,-1.13207624453053,0.096,0.506,9.61531673087992e-13,"Eif5a-208",9.61531673087992e-13,"Down"
1.25111467599343e-17,-1.13207624453053,0.096,0.506,9.61531673087992e-13,"Eif5a-213",9.61531673087992e-13,"Down"
1.298125941754e-17,-1.92027923826326,0.04,0.341,9.97661711275616e-13,"Pcyt1a-201",9.97661711275616e-13,"Down"
1.32560398705184e-17,-1.58040217874352,0.062,0.412,1.01877968820882e-12,"Wdfy3-201",1.01877968820882e-12,"Down"
1.41323797952115e-17,-1.47510137247051,0.062,0.412,1.08612991678119e-12,"Dpp8-208",1.08612991678119e-12,"Down"
1.42303346625642e-17,-1.22873504838441,0.081,0.471,1.09365814015671e-12,"Abracl-204",1.09365814015671e-12,"Down"
1.44891616684229e-17,-1.45203071266269,0.198,0.694,1.11355003086497e-12,"Septin9-205",1.11355003086497e-12,"Down"
1.46396156584153e-17,-1.86460482430015,0.047,0.365,1.12511302181185e-12,"Cuedc1-207",1.12511302181185e-12,"Down"
1.50666377921549e-17,-1.32051697846896,0.057,0.4,1.15793138087828e-12,"Rbck1-202",1.15793138087828e-12,"Down"
1.51665033503765e-17,-1.20631463944914,0.104,0.529,1.16560644848984e-12,"Flii-201",1.16560644848984e-12,"Down"
1.56496839485078e-17,-1.11352195151024,0.284,0.871,1.20274081017862e-12,"Was-201",1.20274081017862e-12,"Down"
1.58287757201918e-17,-1.30286394021527,0.23,0.765,1.21650472919962e-12,"Capza1-201",1.21650472919962e-12,"Down"
1.64547263100762e-17,-1.58626605612347,0.212,0.694,1.26461153583459e-12,"Csde1-206",1.26461153583459e-12,"Down"
1.64786347835517e-17,-1.88634655675375,0.069,0.424,1.26644899765508e-12,"Asap2-204",1.26644899765508e-12,"Down"
1.6612578873577e-17,-1.19120254689887,0.178,0.694,1.27674313674989e-12,"Gatad2a-201",1.27674313674989e-12,"Down"
1.68147255563302e-17,-2.079196775983,0.047,0.365,1.2922789179062e-12,"Mark2-209",1.2922789179062e-12,"Down"
1.72076069481369e-17,-1.80077382403915,0.054,0.388,1.32247342439212e-12,"Golph3-205",1.32247342439212e-12,"Down"
1.88153404358934e-17,-1.63490537498505,0.111,0.529,1.44603417386015e-12,"Trappc9-202",1.44603417386015e-12,"Down"
1.90298368531245e-17,-1.63246707836156,0.247,0.753,1.46251908151003e-12,"Snd1-201",1.46251908151003e-12,"Down"
1.91407023195932e-17,2.86744675652562,0.783,0.694,1.47103953607001e-12,"Set-201",1.47103953607001e-12,"Up"
1.97446292807581e-17,-1.34715698716075,0.091,0.494,1.51745373874338e-12,"Pum2-207",1.51745373874338e-12,"Down"
1.97788380013665e-17,-1.96677493686523,0.04,0.341,1.52008281575702e-12,"Madd-206",1.52008281575702e-12,"Down"
2.01352416775847e-17,-1.00572641408542,0.133,0.588,1.54747386388909e-12,"Tkt-201",1.54747386388909e-12,"Down"
2.12671266209609e-17,-1.49114831464823,0.047,0.365,1.63446374932733e-12,"Vps13d-201",1.63446374932733e-12,"Down"
2.12726898750395e-17,-1.29893947108034,0.109,0.529,1.63489130765628e-12,"Bcr-201",1.63489130765628e-12,"Down"
2.18093639081661e-17,-1.20043725043191,0.062,0.412,1.6761368537982e-12,"Tie1-203",1.6761368537982e-12,"Down"
2.1887308820177e-17,-2.14876685608345,0.04,0.341,1.68212723206588e-12,"Sypl-201",1.68212723206588e-12,"Down"
2.34220013944448e-17,-1.45179487958115,0.047,0.365,1.80007449516866e-12,"Eif3e-204",1.80007449516866e-12,"Down"
2.38410982771897e-17,-1.51274751118813,0.042,0.353,1.83228376699514e-12,"4931406C07Rik-203",1.83228376699514e-12,"Down"
2.43159275443583e-17,-1.67458497999955,0.044,0.353,1.86877629549411e-12,"Tet3-202",1.86877629549411e-12,"Down"
2.52671093461361e-17,-1.08435859623808,0.183,0.694,1.94187842168795e-12,"F10-201",1.94187842168795e-12,"Down"
2.5516840004425e-17,-1.65340584131437,0.064,0.412,1.96107122170008e-12,"Gtf2i-210",1.96107122170008e-12,"Down"
2.61011479175342e-17,-1.39629755196569,0.111,0.518,2.00597762205417e-12,"Taok3-203",2.00597762205417e-12,"Down"
2.70793964119586e-17,-1.0020516126233,0.042,0.353,2.08115993184466e-12,"Ptpn1-203",2.08115993184466e-12,"Down"
2.71467455080406e-17,-2.09769751419242,0.052,0.376,2.08633597927495e-12,"Tox4-203",2.08633597927495e-12,"Down"
2.81201087831632e-17,-1.17333667686422,0.133,0.588,2.16114284042122e-12,"Hivep2-201",2.16114284042122e-12,"Down"
2.86269657305813e-17,-1.17702489129272,0.067,0.424,2.2000968242581e-12,"Wdfy1-204",2.2000968242581e-12,"Down"
2.86269657305813e-17,-1.38393719353836,0.067,0.424,2.2000968242581e-12,"Pacsin2-206",2.2000968242581e-12,"Down"
2.90268743639718e-17,-2.06837079579697,0.052,0.376,2.23083140236869e-12,"Prkaca-201",2.23083140236869e-12,"Down"
2.95841923498806e-17,-2.1874923074456,0.044,0.353,2.27366351885772e-12,"Tfdp2-206",2.27366351885772e-12,"Down"
3.0308441382701e-17,-2.16832327654134,0.341,0.776,2.3293249540261e-12,"Treml1-203",2.3293249540261e-12,"Down"
3.04173496619557e-17,-1.08099163159611,0.047,0.365,2.33769499091994e-12,"Paip2-205",2.33769499091994e-12,"Down"
3.17239767543156e-17,-1.43208641708495,0.22,0.706,2.43811450947617e-12,"Pdlim7-201",2.43811450947617e-12,"Down"
3.20881229640235e-17,-1.02379217583356,0.077,0.447,2.46610060227706e-12,"Tle5-207",2.46610060227706e-12,"Down"
3.24534326622452e-17,-1.70954103052547,0.094,0.482,2.49417611382419e-12,"Srebf2-201",2.49417611382419e-12,"Down"
3.30135609184048e-17,-1.80090893432152,0.077,0.435,2.53722421082308e-12,"Lrrc32-201",2.53722421082308e-12,"Down"
3.30291925473341e-17,-1.42773500784983,0.232,0.729,2.53842556403282e-12,"Huwe1-201",2.53842556403282e-12,"Down"
3.40482716721039e-17,-1.14950071866187,0.079,0.459,2.61674587108787e-12,"Usp24-201",2.61674587108787e-12,"Down"
3.44147263339512e-17,-1.63573769680727,0.047,0.365,2.64490937766949e-12,"Atp6v0a1-201",2.64490937766949e-12,"Down"
3.53146075781671e-17,-1.27268154026761,0.062,0.412,2.71406885081245e-12,"Wapl-205",2.71406885081245e-12,"Down"
3.56345667947877e-17,-1.43921296515751,0.319,0.835,2.73865899644662e-12,"Cttn-201",2.73865899644662e-12,"Down"
3.59016752678313e-17,-1.72275677355187,0.077,0.435,2.75918735103391e-12,"Tec-201",2.75918735103391e-12,"Down"
3.78493491781587e-17,-1.10274048886219,0.286,0.859,2.90887388173821e-12,"Tax1bp1-201",2.90887388173821e-12,"Down"
3.79200169397018e-17,-1.94807279863187,0.052,0.376,2.91430498188385e-12,"Bcap31-201",2.91430498188385e-12,"Down"
4.01204730409699e-17,-1.46550750770645,0.299,0.812,3.0834188350907e-12,"Lcp2-201",3.0834188350907e-12,"Down"
4.04227084069226e-17,-1.79197714238574,0.067,0.412,3.10664683190563e-12,"Pbrm1-207",3.10664683190563e-12,"Down"
4.42176142639907e-17,-1.6479681825837,0.057,0.388,3.39830052664474e-12,"Gimap6-201",3.39830052664474e-12,"Down"
4.58687770949521e-17,-1.21706950533146,0.047,0.365,3.52519899485545e-12,"Fhl3-202",3.52519899485545e-12,"Down"
4.60041442201644e-17,-1.13604034723711,0.131,0.588,3.53560249989652e-12,"Rab7-204",3.53560249989652e-12,"Down"
4.91678279829438e-17,-1.0396747289387,0.111,0.541,3.77874425180116e-12,"Rtn4-205",3.77874425180116e-12,"Down"
5.09683220534504e-17,-2.08077555574741,0.042,0.341,3.91711942309588e-12,"Glo1-201",3.91711942309588e-12,"Down"
5.15026163472747e-17,-1.81583174603854,0.052,0.376,3.95818207675345e-12,"Sri-201",3.95818207675345e-12,"Down"
5.59231477009409e-17,-1.21944309361747,0.274,0.812,4.29791759340812e-12,"Vasp-201",4.29791759340812e-12,"Down"
5.95450210831107e-17,-1.14144477620336,0.084,0.471,4.57627305032139e-12,"Stim1-202",4.57627305032139e-12,"Down"
6.0806954478487e-17,-1.09234049122331,0.072,0.435,4.67325767948964e-12,"Bin1-202",4.67325767948964e-12,"Down"
6.18705671915066e-17,-1.34516638442784,0.136,0.576,4.75500057093605e-12,"Fyn-201",4.75500057093605e-12,"Down"
6.21226750978261e-17,-2.16022941605027,0.042,0.341,4.77437607196833e-12,"Cd47-202",4.77437607196833e-12,"Down"
6.27547297494087e-17,-1.29751989605373,0.156,0.612,4.82295200016105e-12,"Gp1bb-201",4.82295200016105e-12,"Down"
6.60710514653561e-17,-1.5184129082826,0.057,0.388,5.07782458931848e-12,"Ckap5-201",5.07782458931848e-12,"Down"
6.78054974968757e-17,-1.3792102841888,0.168,0.635,5.21112370462489e-12,"Pard3b-202",5.21112370462489e-12,"Down"
6.83160174734056e-17,-1.37040966881915,0.049,0.365,5.25035920690111e-12,"Igf1r-201",5.25035920690111e-12,"Down"
7.04146000929489e-17,-1.17694938747564,0.151,0.624,5.4116436755435e-12,"Pja2-203",5.4116436755435e-12,"Down"
7.05310907207134e-17,-2.26302014314769,0.042,0.341,5.42059644624971e-12,"Tspan32-202",5.42059644624971e-12,"Down"
7.51919902818398e-17,-2.15690537006098,0.089,0.459,5.77880522112052e-12,"Erbin-205",5.77880522112052e-12,"Down"
7.5470251989546e-17,-1.35940075896033,0.126,0.553,5.80019074640457e-12,"Psmd2-206",5.80019074640457e-12,"Down"
7.75217744617868e-17,-1.21499560403202,0.477,0.953,5.95785845448616e-12,"Eif4g2-213",5.95785845448616e-12,"Down"
7.87189351886097e-17,-1.93685674480309,0.173,0.624,6.04986504498541e-12,"Fnbp1-209",6.04986504498541e-12,"Down"
7.89413661783125e-17,-1.72012806091085,0.042,0.341,6.06695975626803e-12,"Myo6-203",6.06695975626803e-12,"Down"
7.9654137324081e-17,-1.26946654939676,0.064,0.412,6.12173906990492e-12,"Bin1-204",6.12173906990492e-12,"Down"
8.01312923909706e-17,-1.36633100139169,0.099,0.494,6.15841034541566e-12,"Dgkd-201",6.15841034541566e-12,"Down"
8.132747529013e-17,-1.43376187621639,0.084,0.447,6.25034178594765e-12,"Utrn-206",6.25034178594765e-12,"Down"
8.40322491506894e-17,-1.58869273801858,0.096,0.482,6.45821447622708e-12,"Nbeal2-211",6.45821447622708e-12,"Down"
9.08558173468208e-17,-1.62491629663307,0.042,0.341,6.98263298637257e-12,"Madd-208",6.98263298637257e-12,"Down"
9.19801490375618e-17,-1.03546795464797,0.077,0.447,7.06904237413277e-12,"Scarb1-202",7.06904237413277e-12,"Down"
9.81832317154819e-17,-1.04577571426014,0.119,0.541,7.54577409026165e-12,"Sema4b-201",7.54577409026165e-12,"Down"
9.88381402282494e-17,-1.61390698787839,0.042,0.341,7.59610642910188e-12,"Ap2a2-201",7.59610642910188e-12,"Down"
9.91092111581544e-17,-1.45712331717063,0.072,0.424,7.6169393143488e-12,"Pcmt1-202",7.6169393143488e-12,"Down"
9.97811457280057e-17,-1.20422592186252,0.057,0.388,7.66858017378015e-12,"Nfe2-208",7.66858017378015e-12,"Down"
1.03121719181879e-16,-1.62719052221848,0.059,0.388,7.92531660600416e-12,"Gtf2i-203",7.92531660600416e-12,"Down"
1.06118943467435e-16,-1.15154532376985,0.123,0.565,8.15566528124626e-12,"Rab7-201",8.15566528124626e-12,"Down"
1.09100078343666e-16,-1.4963399230202,0.109,0.518,8.38477742102414e-12,"Mink1-205",8.38477742102414e-12,"Down"
1.13017337588349e-16,-1.69185283020039,0.047,0.353,8.68583446301496e-12,"Qki-204",8.68583446301496e-12,"Down"
1.17893752527694e-16,-1.22088316340622,0.057,0.388,9.06060645676338e-12,"Fbf1-201",9.06060645676338e-12,"Down"
1.2487811250649e-16,-1.33872969117232,0.049,0.365,9.59738245857375e-12,"Yme1l1-201",9.59738245857375e-12,"Down"
1.3386112217312e-16,-1.69026822841468,0.052,0.365,1.02877626834929e-11,"Add1-202",1.02877626834929e-11,"Down"
1.3563002212155e-16,-1.16130544857981,0.156,0.624,1.04237097201296e-11,"Trrap-203",1.04237097201296e-11,"Down"
1.35848628697607e-16,-2.25614021932449,0.057,0.376,1.04405105099259e-11,"Dctn1-204",1.04405105099259e-11,"Down"
1.38658084121366e-16,-1.05877764582693,0.069,0.424,1.06564283970635e-11,"ENSMUST00000249875.1",1.06564283970635e-11,"Down"
1.38791074306054e-16,-1.60885006169343,0.101,0.494,1.06666492247174e-11,"Atp2c1-216",1.06666492247174e-11,"Down"
1.41562207866834e-16,-1.14412672575189,0.163,0.624,1.08796219233977e-11,"Uhrf1bp1l-201",1.08796219233977e-11,"Down"
1.42380966511006e-16,-1.48451386291198,0.047,0.353,1.09425468002368e-11,"Dhrs3-207",1.09425468002368e-11,"Down"
1.43830989787863e-16,-1.30372152566912,0.062,0.4,1.10539868891564e-11,"Sec23a-201",1.10539868891564e-11,"Down"
1.46545652493785e-16,-1.32681559836755,0.049,0.365,1.12626195767573e-11,"Clip2-201",1.12626195767573e-11,"Down"
1.47312049731248e-16,-1.05046640450687,0.185,0.694,1.13215202700454e-11,"Fut8-201",1.13215202700454e-11,"Down"
1.51998552732316e-16,-1.14058152956731,0.079,0.447,1.16816967716894e-11,"Akirin1-201",1.16816967716894e-11,"Down"
1.57600336379827e-16,-1.25579208065151,0.074,0.435,1.21122162521352e-11,"Eml2-203",1.21122162521352e-11,"Down"
1.64291262596375e-16,-1.10656688587935,0.116,0.529,1.26264406955818e-11,"Prkab1-202",1.26264406955818e-11,"Down"
1.77683942002699e-16,-2.46631775383164,0.069,0.388,1.36557216786754e-11,"Tpm3-204",1.36557216786754e-11,"Down"
1.86463075421389e-16,-2.25525347342528,0.062,0.388,1.43304331984354e-11,"Dctn1-203",1.43304331984354e-11,"Down"
1.90170546421456e-16,-1.05027661057265,0.094,0.482,1.46153671746746e-11,"Rsbn1l-201",1.46153671746746e-11,"Down"
1.90512757653279e-16,-1.05972303682267,0.042,0.341,1.46416674766851e-11,"Parp4-201",1.46416674766851e-11,"Down"
1.9218160708219e-16,-1.28122717150538,0.22,0.706,1.47699252306946e-11,"Dnm2-204",1.47699252306946e-11,"Down"
2.03124182594493e-16,-1.25974500857861,0.148,0.6,1.56109059291172e-11,"Mmd-201",1.56109059291172e-11,"Down"
2.15076448937849e-16,-1.64221270639368,0.138,0.576,1.65294854066694e-11,"Mbnl2-201",1.65294854066694e-11,"Down"
2.272690283789e-16,-1.24261885275762,0.074,0.424,1.7466533907032e-11,"Slmap-212",1.7466533907032e-11,"Down"
2.2838151742202e-16,-1.08655822648799,0.321,0.847,1.75520331399519e-11,"Hdlbp-202",1.75520331399519e-11,"Down"
2.31088939204476e-16,-1.19866464732079,0.054,0.376,1.77601093336208e-11,"Nfe2-205",1.77601093336208e-11,"Down"
2.34089192568001e-16,-1.1429892794561,0.054,0.376,1.79906908056211e-11,"M6pr-202",1.79906908056211e-11,"Down"
2.34771654843073e-16,-1.72151150501071,0.047,0.353,1.80431407613095e-11,"Gtf3c1-201",1.80431407613095e-11,"Down"
2.35508411533057e-16,-1.98665940507396,0.067,0.4,1.80997634599616e-11,"Micu1-204",1.80997634599616e-11,"Down"
2.4154725246863e-16,-1.48567813810661,0.146,0.576,1.85638725412241e-11,"Hipk1-203",1.85638725412241e-11,"Down"
2.43049759110673e-16,-1.24325537469884,0.067,0.412,1.86793461866917e-11,"Bin1-201",1.86793461866917e-11,"Down"
2.46016520130018e-16,-1.21260311605998,0.067,0.412,1.89073536380724e-11,"Taok1-201",1.89073536380724e-11,"Down"
2.47761625120106e-16,-1.43203180998847,0.047,0.353,1.90414719369806e-11,"Tmem9b-202",1.90414719369806e-11,"Down"
2.56869804139645e-16,-1.30164607413781,0.21,0.694,1.97414719273482e-11,"Akap13-201",1.97414719273482e-11,"Down"
2.58463828800136e-16,-1.54219191037297,0.052,0.365,1.98639790986057e-11,"Agpat1-201",1.98639790986057e-11,"Down"
2.59809061912192e-16,-1.03758809544684,0.059,0.388,1.99673656441996e-11,"Dhrs3-201",1.99673656441996e-11,"Down"
2.59820648065512e-16,-1.00107969559976,0.163,0.647,1.99682560864268e-11,"Pja2-204",1.99682560864268e-11,"Down"
2.67120113004412e-16,-1.12025918453774,0.207,0.694,2.05292491648411e-11,"Ctnna1-201",2.05292491648411e-11,"Down"
2.67344227560548e-16,-1.37848658810464,0.072,0.424,2.05464732649384e-11,"Atp13a2-203",2.05464732649384e-11,"Down"
2.71559144263307e-16,-1.18670262571901,0.096,0.482,2.08704064732122e-11,"Crk-201",2.08704064732122e-11,"Down"
2.75903327304839e-16,-1.53136227630606,0.047,0.353,2.12042743166861e-11,"Fxr1-208",2.12042743166861e-11,"Down"
2.76849964375331e-16,-1.20981561933968,0.111,0.506,2.12770271621017e-11,"Utrn-205",2.12770271621017e-11,"Down"
2.83264280212853e-16,-1.30643739272496,0.052,0.365,2.17699929914786e-11,"Pfkp-207",2.17699929914786e-11,"Down"
2.93743474816855e-16,-1.04122025239844,0.106,0.506,2.25753610135746e-11,"Exoc6-203",2.25753610135746e-11,"Down"
2.98474141650963e-16,-1.48732211986384,0.052,0.365,2.29389316824431e-11,"Prdx5-203",2.29389316824431e-11,"Down"
3.00623650233231e-16,-1.85662821289816,0.049,0.353,2.31041300150248e-11,"Setd1b-204",2.31041300150248e-11,"Down"
3.07742374010369e-16,-1.1176006035339,0.081,0.447,2.36512324121929e-11,"Atp6v1b2-201",2.36512324121929e-11,"Down"
3.17959169957222e-16,-1.36596231812972,0.116,0.518,2.44364340478923e-11,"Ttyh3-202",2.44364340478923e-11,"Down"
3.21284981888399e-16,-1.64583949721286,0.049,0.353,2.4692035998051e-11,"Acox1-201",2.4692035998051e-11,"Down"
3.21417563175275e-16,-1.09051809685011,0.247,0.776,2.47022254002726e-11,"Eif3h-201",2.47022254002726e-11,"Down"
3.24936634590741e-16,-1.0644275577667,0.101,0.506,2.49726801148368e-11,"Hp1bp3-204",2.49726801148368e-11,"Down"
3.28913256301359e-16,-1.06499029557764,0.178,0.659,2.52782993997846e-11,"Ppp1r18-205",2.52782993997846e-11,"Down"
3.28913256301359e-16,-1.06499029557764,0.178,0.659,2.52782993997846e-11,"Ppp1r18-201",2.52782993997846e-11,"Down"
3.29562662635959e-16,-1.16211784584515,0.128,0.553,2.5328208874224e-11,"Cul1-201",2.5328208874224e-11,"Down"
3.31556670016972e-16,-1.15978789774787,0.136,0.576,2.54814563174844e-11,"Eif2ak1-201",2.54814563174844e-11,"Down"
3.35461800044975e-16,-1.13815842001291,0.101,0.506,2.57815811806565e-11,"Arhgap6-206",2.57815811806565e-11,"Down"
3.39521795737529e-16,-1.63969329615476,0.062,0.388,2.60936080896121e-11,"Mink1-204",2.60936080896121e-11,"Down"
3.39567756450116e-16,-1.70645257328911,0.044,0.341,2.60971403542172e-11,"Tmem40-203",2.60971403542172e-11,"Down"
3.62061304715657e-16,-1.48062056439177,0.049,0.353,2.78258595126171e-11,"Gtf2i-219",2.78258595126171e-11,"Down"
3.68321143708911e-16,-1.39352263037919,0.106,0.494,2.83069531786046e-11,"Stt3a-201",2.83069531786046e-11,"Down"
3.70275063497083e-16,-1.32447466222162,0.106,0.506,2.84571197300048e-11,"Bag6-201",2.84571197300048e-11,"Down"
3.76736095156033e-16,-1.22342418096414,0.163,0.624,2.89536758571217e-11,"Tnfsf14-201",2.89536758571217e-11,"Down"
3.87459078209594e-16,-1.56383144070809,0.052,0.365,2.97777799967201e-11,"Nacc2-202",2.97777799967201e-11,"Down"
3.87909263650005e-16,-1.29091864789703,0.086,0.459,2.98123785485575e-11,"Acot7-201",2.98123785485575e-11,"Down"
4.15612588987671e-16,2.07030359073228,0.815,0.788,3.19414899140585e-11,"Ftl1-ps1-202",3.19414899140585e-11,"Up"
4.18480723441134e-16,-1.80234870321337,0.084,0.435,3.21619175193449e-11,"Specc1-213",3.21619175193449e-11,"Down"
4.2027053262071e-16,-1.0393844359801,0.188,0.682,3.22994715140321e-11,"Copb2-201",3.22994715140321e-11,"Down"
4.28637393048873e-16,-1.22806254152281,0.091,0.471,3.29424982053781e-11,"Ubap2l-201",3.29424982053781e-11,"Down"
4.29607962746557e-16,-1.77020791808055,0.072,0.412,3.30170903689239e-11,"Slmap-205",3.30170903689239e-11,"Down"
4.48286742532478e-16,-1.31790010379386,0.123,0.541,3.4452629310591e-11,"Birc6-202",3.4452629310591e-11,"Down"
4.51769585467845e-16,-1.57069568985187,0.057,0.376,3.47202997215458e-11,"Sla-204",3.47202997215458e-11,"Down"
4.56730267203323e-16,-1.28328718605665,0.096,0.482,3.51015479556442e-11,"Bag6-202",3.51015479556442e-11,"Down"
4.93042337680645e-16,-1.94031543418716,0.089,0.447,3.78922758201083e-11,"Cracd-213",3.78922758201083e-11,"Down"
5.00156783742575e-16,-1.20667989583534,0.072,0.424,3.84390494577518e-11,"Kmt2a-202",3.84390494577518e-11,"Down"
5.07481389904189e-16,-1.33128568247468,0.081,0.447,3.90019747396966e-11,"Ano6-208",3.90019747396966e-11,"Down"
5.14900683286355e-16,-1.31335037483368,0.116,0.518,3.95721771132895e-11,"Atp5pb-203",3.95721771132895e-11,"Down"
5.37725283120762e-16,-1.00039423736447,0.178,0.647,4.1326338908963e-11,"Gucy1b1-204",4.1326338908963e-11,"Down"
5.38146727076188e-16,-1.41178429793678,0.067,0.4,4.13587285627134e-11,"Ppfia1-202",4.13587285627134e-11,"Down"
5.46216955014004e-16,-1.109083257366,0.057,0.376,4.19789578606463e-11,"Mef2a-202",4.19789578606463e-11,"Down"
5.71338626754327e-16,-1.48499926029249,0.064,0.4,4.39096588205771e-11,"Pgk1-rs7-201",4.39096588205771e-11,"Down"
5.7463270661907e-16,-1.3250450719791,0.079,0.435,4.4162822034502e-11,"Ubap2l-220",4.4162822034502e-11,"Down"
5.81432121978382e-16,-1.21194699196332,0.074,0.424,4.46853843025266e-11,"Kmt2e-202",4.46853843025266e-11,"Down"
5.87017793596177e-16,-1.00966265685549,0.052,0.365,4.51146655090406e-11,"Eml2-201",4.51146655090406e-11,"Down"
6.24848893728214e-16,-1.49089743378828,0.084,0.447,4.80221368785882e-11,"Zeb2-215",4.80221368785882e-11,"Down"
6.31902360220153e-16,-1.21458090242429,0.084,0.447,4.85642239923596e-11,"Rraga-201",4.85642239923596e-11,"Down"
7.1084831691552e-16,-1.00401768253633,0.064,0.4,5.46315365482254e-11,"Usp34-205",5.46315365482254e-11,"Down"
7.23454794049582e-16,-1.67635021302197,0.131,0.553,5.56003947418866e-11,"Mbnl2-202",5.56003947418866e-11,"Down"
7.63348290650733e-16,-1.13616791004657,0.59,0.976,5.86663695296714e-11,"Cd9-201",5.86663695296714e-11,"Down"
7.63865165959047e-16,-1.28076970603414,0.086,0.447,5.87060934646166e-11,"Atp2c1-212",5.87060934646166e-11,"Down"
7.65644047596653e-16,-1.11085898321949,0.667,0.988,5.88428076339932e-11,"Tpm4-201",5.88428076339932e-11,"Down"
7.77777852243663e-16,-1.26480168706752,0.074,0.424,5.97753390563345e-11,"Dynlt3-201",5.97753390563345e-11,"Down"
8.05344778999444e-16,-1.33427135819442,0.074,0.424,6.18939676452233e-11,"Atp13a2-206",6.18939676452233e-11,"Down"
8.22825771326195e-16,-1.06902383759064,0.089,0.459,6.32374518295034e-11,"Ubap2l-215",6.32374518295034e-11,"Down"
8.38309947201315e-16,-1.09938685429558,0.057,0.376,6.44274726822099e-11,"Nfe2-207",6.44274726822099e-11,"Down"
8.71306988115597e-16,-1.21818788460091,0.193,0.647,6.69634272646361e-11,"Sptan1-204",6.69634272646361e-11,"Down"
8.81159542135732e-16,-1.26883291883043,0.081,0.435,6.77206354512996e-11,"Gmpr-201",6.77206354512996e-11,"Down"
8.93924423600543e-16,-1.79796760565104,0.047,0.341,6.87016676513961e-11,"Gtf2i-224",6.87016676513961e-11,"Down"
1.01594496346539e-15,-1.1693935844045,0.079,0.435,7.80794342221694e-11,"Meis1-201",7.80794342221694e-11,"Down"
1.04188859642518e-15,-1.60049834766423,0.215,0.647,8.00733061896611e-11,"Slain2-202",8.00733061896611e-11,"Down"
1.11243375031705e-15,-1.79416880631454,0.081,0.424,8.54949834468664e-11,"Specc1-202",8.54949834468664e-11,"Down"
1.12090738644531e-15,-1.46583286198618,0.047,0.341,8.61462162778679e-11,"Nckap1l-203",8.61462162778679e-11,"Down"
1.1306870577948e-15,-1.13690976613474,0.59,0.976,8.68978231397612e-11,"Itgb1-201",8.68978231397612e-11,"Down"
1.19481351989702e-15,-1.24729942635671,0.081,0.435,9.18261982581653e-11,"Ech1-201",9.18261982581653e-11,"Down"
1.27578552912891e-15,-1.25407428800328,0.328,0.824,9.80492210556729e-11,"Tubb5-201",9.80492210556729e-11,"Down"
1.27750116661357e-15,-3.52556940964427,0.131,0.494,9.81810746589193e-11,"Ank3-239",9.81810746589193e-11,"Down"
1.29612428744909e-15,-1.01201422312051,0.195,0.671,9.96123359876122e-11,"Smim14-205",9.96123359876122e-11,"Down"
1.32561120377653e-15,-1.9019781792601,0.052,0.353,1.01878523455041e-10,"Atp2a2-202",1.01878523455041e-10,"Down"
1.33921719130421e-15,-1.58469281617963,0.054,0.365,1.02924198020494e-10,"Tango2-201",1.02924198020494e-10,"Down"
1.37993843472711e-15,-1.94108097508873,0.106,0.471,1.06053788462517e-10,"Tnik-207",1.06053788462517e-10,"Down"
1.51266971266921e-15,-1.30175401641193,0.081,0.435,1.1625471809748e-10,"Ubap2l-204",1.1625471809748e-10,"Down"
1.59350588146234e-15,-1.80966214311988,0.104,0.471,1.22467301013907e-10,"Mfsd2b-202",1.22467301013907e-10,"Down"
1.60311735877427e-15,-1.16250559655432,0.047,0.341,1.23205981491238e-10,"Arhgap10-202",1.23205981491238e-10,"Down"
1.60319062705461e-15,-1.24607035500825,0.059,0.376,1.23211612451655e-10,"Cep250-201",1.23211612451655e-10,"Down"
1.60319062705461e-15,-1.24607035470691,0.059,0.376,1.23211612451655e-10,"Cep250-202",1.23211612451655e-10,"Down"
1.60319062705461e-15,-1.24607035470691,0.059,0.376,1.23211612451655e-10,"Cep250-204",1.23211612451655e-10,"Down"
1.61106651095732e-15,-1.42746789824326,0.405,0.812,1.23816905633114e-10,"Ddx5-201",1.23816905633114e-10,"Down"
1.70871544975759e-15,-2.13338572558846,0.059,0.365,1.3132161717567e-10,"Fer-201",1.3132161717567e-10,"Down"
1.76903244343354e-15,-1.09017089372789,0.054,0.365,1.35957219407641e-10,"Nfe2-210",1.35957219407641e-10,"Down"
1.77508076216304e-15,-1.14970650875311,0.299,0.835,1.36422056895279e-10,"Edem1-201",1.36422056895279e-10,"Down"
1.81426295147934e-15,-1.20666449480363,0.054,0.365,1.39433364872993e-10,"Zc3hav1-204",1.39433364872993e-10,"Down"
1.82826244987933e-15,-1.00941285679296,0.188,0.659,1.40509282323026e-10,"Cpeb4-202",1.40509282323026e-10,"Down"
1.8423525469036e-15,-1.14119459177715,0.153,0.6,1.41592162639729e-10,"Trrap-201",1.41592162639729e-10,"Down"
1.89076434639168e-15,-1.07311311793132,0.074,0.424,1.45312803077586e-10,"Kmt2a-201",1.45312803077586e-10,"Down"
1.94982367188065e-15,-1.58035609902837,0.052,0.353,1.49851748478715e-10,"Tuba8-201",1.49851748478715e-10,"Down"
2.04585303122407e-15,-1.27063657450121,0.072,0.412,1.57231988861695e-10,"Eml2-202",1.57231988861695e-10,"Down"
2.15236386500994e-15,-1.07865722977573,0.622,0.976,1.65417772481474e-10,"Prkar2b-202",1.65417772481474e-10,"Down"
2.21837846829033e-15,-1.21807967366628,0.099,0.482,1.70491258801985e-10,"Svil-215",1.70491258801985e-10,"Down"
2.29488388489706e-15,-1.80545992905227,0.331,0.765,1.76371006089878e-10,"Epb41-203",1.76371006089878e-10,"Down"
2.41187936153414e-15,-1.15415574337923,0.047,0.341,1.85362576451345e-10,"Clip2-202",1.85362576451345e-10,"Down"
2.44818064383606e-15,-1.057420909607,0.077,0.424,1.88152475201376e-10,"Atp13a2-201",1.88152475201376e-10,"Down"
2.46078059302267e-15,-1.03389017305846,0.205,0.694,1.89120831696164e-10,"Vdac3-201",1.89120831696164e-10,"Down"
2.58985002046073e-15,-1.79144813630955,0.094,0.447,1.99040333472489e-10,"Taok3-201",1.99040333472489e-10,"Down"
2.60714571308475e-15,-1.04709093662454,0.183,0.647,2.00369576633416e-10,"Wdr26-209",2.00369576633416e-10,"Down"
2.60714571308475e-15,-1.04709093662454,0.183,0.647,2.00369576633416e-10,"Wdr26-207",2.00369576633416e-10,"Down"
2.6787615652948e-15,-1.92406952220049,0.049,0.341,2.05873541339166e-10,"Cit-204",2.05873541339166e-10,"Down"
2.7196531052314e-15,-1.48811834494327,0.059,0.376,2.09016219749454e-10,"Gripap1-201",2.09016219749454e-10,"Down"
2.80770938481406e-15,-1.28023865518157,0.281,0.776,2.15783697060499e-10,"Mtdh-201",2.15783697060499e-10,"Down"
2.81553423091761e-15,-2.05116047650886,0.091,0.435,2.16385067782942e-10,"Asap1-208",2.16385067782942e-10,"Down"
3.03174824066327e-15,-1.08741636972368,0.109,0.506,2.33001979287935e-10,"Gpbp1-201",2.33001979287935e-10,"Down"
3.17618438591662e-15,-1.27704159602184,0.077,0.424,2.44102474795236e-10,"Usp25-201",2.44102474795236e-10,"Down"
3.19580155637975e-15,-1.11076323730632,0.153,0.6,2.4561013281401e-10,"Itsn2-215",2.4561013281401e-10,"Down"
3.35541163590688e-15,-1.38958815924464,0.057,0.365,2.57876805865988e-10,"Susd1-201",2.57876805865988e-10,"Down"
3.39588352414197e-15,-2.04536752524871,0.067,0.376,2.60987232364407e-10,"Mef2c-223",2.60987232364407e-10,"Down"
3.69998602350182e-15,-1.30410783577466,0.084,0.435,2.84358725850209e-10,"Ro60-201",2.84358725850209e-10,"Down"
3.718101684541e-15,-1.01255737366928,0.119,0.518,2.85750986863714e-10,"Birc6-204",2.85750986863714e-10,"Down"
3.80198880229475e-15,-1.11996574839848,0.079,0.424,2.92198047411561e-10,"Sbno1-216",2.92198047411561e-10,"Down"
3.85032588232915e-15,-1.31765982668269,0.049,0.341,2.95912945360524e-10,"Arhgap10-203",2.95912945360524e-10,"Down"
3.9332488894628e-15,-1.0731188050611,0.074,0.412,3.02285910150774e-10,"Ptpra-201",3.02285910150774e-10,"Down"
4.05680509281447e-15,-1.53243770737379,0.062,0.376,3.11781698603163e-10,"Prkcd-201",3.11781698603163e-10,"Down"
4.13032483778438e-15,-1.36485318195145,0.212,0.659,3.17431985083081e-10,"Pdlim7-211",3.17431985083081e-10,"Down"
4.18510647142238e-15,-1.05883049146624,0.133,0.553,3.21642172754696e-10,"Psmb7-201",3.21642172754696e-10,"Down"
4.26610664683606e-15,-1.80256171036995,0.094,0.459,3.27867360235938e-10,"Svil-204",3.27867360235938e-10,"Down"
4.27946012706175e-15,-1.30239362464414,0.096,0.471,3.28893628605204e-10,"Rac2-201",3.28893628605204e-10,"Down"
4.4480637606993e-15,-1.23901700668973,0.106,0.482,3.41851492264784e-10,"Acin1-218",3.41851492264784e-10,"Down"
4.54391553148479e-15,-1.03027542377118,0.165,0.612,3.49218084256732e-10,"Arhgap45-203",3.49218084256732e-10,"Down"
4.77836572379417e-15,-1.29568663312064,0.067,0.388,3.67236519336477e-10,"1110004F10Rik-203",3.67236519336477e-10,"Down"
4.95557289846149e-15,-1.21342712472053,0.096,0.471,3.80855599538359e-10,"Svil-210",3.80855599538359e-10,"Down"
4.98700089068462e-15,-1.80214852815242,0.089,0.435,3.83270966452676e-10,"Specc1-214",3.83270966452676e-10,"Down"
5.17127536511975e-15,-1.3193519979116,0.057,0.365,3.97433196910913e-10,"Polg-203",3.97433196910913e-10,"Down"
5.38293971812782e-15,-1.52718502111352,0.049,0.341,4.13700449096995e-10,"Cct8-209",4.13700449096995e-10,"Down"
5.43233166081214e-15,-1.04994082342082,0.057,0.365,4.17496417460056e-10,"Sumo1-201",4.17496417460056e-10,"Down"
5.5320970112343e-15,-1.09186585440741,0.138,0.565,4.25163783701401e-10,"Pja2-205",4.25163783701401e-10,"Down"
5.58713940345973e-15,-1.36905037446715,0.089,0.447,4.29394011713494e-10,"Eif4g3-203",4.29394011713494e-10,"Down"
6.16129548459895e-15,-1.26883424086115,0.091,0.447,4.73520203173368e-10,"Prrc2b-202",4.73520203173368e-10,"Down"
6.29585891779493e-15,-1.2168399540337,0.059,0.365,4.83861941268212e-10,"Srp72-201",4.83861941268212e-10,"Down"
6.63875201934868e-15,-1.14498510093543,0.067,0.388,5.10214647695023e-10,"Sik3-202",5.10214647695023e-10,"Down"
6.66586276192977e-15,-1.13347014352666,0.301,0.788,5.1229821670535e-10,"Odc1-201",5.1229821670535e-10,"Down"
6.69099386352636e-15,-1.31394461212981,0.059,0.365,5.14229642387455e-10,"Gtf2i-201",5.14229642387455e-10,"Down"
6.92272878320331e-15,-1.04320086959409,0.089,0.447,5.32039397904307e-10,"Meis1-206",5.32039397904307e-10,"Down"
7.01880864458211e-15,-1.24298493151495,0.074,0.412,5.39423519570714e-10,"Usp25-205",5.39423519570714e-10,"Down"
7.20765167311073e-15,-1.01433028774317,0.178,0.635,5.53936861685252e-10,"Fli1-201",5.53936861685252e-10,"Down"
7.37211839818527e-15,-1.08733315868375,0.741,0.965,5.6657678737413e-10,"Ybx1-201",5.6657678737413e-10,"Down"
7.42911357022779e-15,-1.44987341391918,0.126,0.518,5.70957094326286e-10,"Arpc1b-211",5.70957094326286e-10,"Down"
7.53108286527243e-15,-1.74737331759926,0.086,0.424,5.78793842527647e-10,"Dnm2-212",5.78793842527647e-10,"Down"
7.74164131875097e-15,-1.03651028706896,0.059,0.365,5.94976101911287e-10,"Myo1c-202",5.94976101911287e-10,"Down"
8.03807225914189e-15,-1.3044344332215,0.146,0.553,6.1775800540409e-10,"Mtss2-201",6.1775800540409e-10,"Down"
8.06629151675239e-15,-1.0254528062683,0.301,0.812,6.19926768228488e-10,"Gnaz-201",6.19926768228488e-10,"Down"
8.27908635435134e-15,-1.24784270405861,0.183,0.612,6.36280902677318e-10,"Septin5-205",6.36280902677318e-10,"Down"
8.31825603762357e-15,-1.24433835381939,0.064,0.376,6.39291249515522e-10,"Inpp5d-202",6.39291249515522e-10,"Down"
8.59686865072197e-15,-1.43789416983952,0.096,0.459,6.60703743282586e-10,"F10-204",6.60703743282586e-10,"Down"
8.91143761149969e-15,-1.06494598084341,0.136,0.541,6.84879626194197e-10,"Jpt1-201",6.84879626194197e-10,"Down"
9.10042106949651e-15,-1.10173403984404,0.753,0.988,6.99403760875085e-10,"Flna-203",6.99403760875085e-10,"Down"
9.8645655695669e-15,-1.36162310279397,0.059,0.365,7.58131322283494e-10,"Pdzd11-203",7.58131322283494e-10,"Down"
9.93987683239348e-15,-1.72321540390535,0.081,0.412,7.63919294076768e-10,"Exoc4-201",7.63919294076768e-10,"Down"
1.034478316446e-14,-1.14601495862152,0.067,0.388,7.95037965321407e-10,"Ctnnd1-220",7.95037965321407e-10,"Down"
1.034478316446e-14,-1.14601495862152,0.067,0.388,7.95037965321407e-10,"Ctnnd1-203",7.95037965321407e-10,"Down"
1.04792165545648e-14,-1.13809242494943,0.059,0.365,8.05369709084522e-10,"Gdi1-208",8.05369709084522e-10,"Down"
1.05050417459386e-14,-1.10525160907693,0.099,0.471,8.07354478342366e-10,"Vps37b-202",8.07354478342366e-10,"Down"
1.09339939394316e-14,-1.38469758940068,0.101,0.471,8.40321170221076e-10,"F10-205",8.40321170221076e-10,"Down"
1.14917941986278e-14,-1.1474714752053,0.052,0.341,8.83190351341339e-10,"Ccnl1-206",8.83190351341339e-10,"Down"
1.23876084909265e-14,-1.6921208465989,0.081,0.412,9.52037262961666e-10,"Add3-216",9.52037262961666e-10,"Down"
1.23876084909265e-14,-1.6921208465989,0.081,0.412,9.52037262961666e-10,"Add3-206",9.52037262961666e-10,"Down"
1.31202071163131e-14,-1.16333980558646,0.294,0.718,1.00834039771713e-09,"Epb41-201",1.00834039771713e-09,"Down"
1.47146891761288e-14,-1.08760869764161,0.072,0.4,1.1308827219422e-09,"Ctnnd1-221",1.1308827219422e-09,"Down"
1.47146891761288e-14,-1.08760869764161,0.072,0.4,1.1308827219422e-09,"Ctnnd1-222",1.1308827219422e-09,"Down"
1.47146891761288e-14,-1.08760869764161,0.072,0.4,1.1308827219422e-09,"Ctnnd1-218",1.1308827219422e-09,"Down"
1.47146891761288e-14,-1.08760869764161,0.072,0.4,1.1308827219422e-09,"Ctnnd1-219",1.1308827219422e-09,"Down"
1.48241291908545e-14,-1.16307690498932,0.064,0.376,1.13929362483393e-09,"Eif4e-201",1.13929362483393e-09,"Down"
1.66076998151664e-14,-1.04169437913767,0.101,0.471,1.2763681615948e-09,"Pten-201",1.2763681615948e-09,"Down"
1.79817990018471e-14,-1.53466639793948,0.057,0.353,1.38197318048796e-09,"Gtf2i-202",1.38197318048796e-09,"Down"
1.83312374782661e-14,-1.66264894248039,0.072,0.388,1.40882892515467e-09,"Oxct1-201",1.40882892515467e-09,"Down"
2.19082512069566e-14,-1.82668499661762,0.114,0.471,1.68373673825944e-09,"Macf1-212",1.68373673825944e-09,"Down"
2.23257626227853e-14,-1.05650515207863,0.109,0.482,1.71582416061154e-09,"Chd7-202",1.71582416061154e-09,"Down"
2.25192538675234e-14,-1.14989499586565,0.069,0.388,1.73069473673465e-09,"Gab2-201",1.73069473673465e-09,"Down"
2.33156175873252e-14,-1.27904463164823,0.062,0.365,1.79189847405629e-09,"Myo1c-203",1.79189847405629e-09,"Down"
2.37781376741628e-14,-1.52045944345196,0.057,0.353,1.82744499281011e-09,"Sema6d-206",1.82744499281011e-09,"Down"
2.40266426178989e-14,-1.44052813252428,0.074,0.4,1.846543591756e-09,"Hipk2-205",1.846543591756e-09,"Down"
2.5325728087656e-14,-1.15089286857704,0.18,0.6,1.94638350644872e-09,"Sptan1-205",1.94638350644872e-09,"Down"
2.62413168312054e-14,-1.22571999463874,0.062,0.365,2.01675016374546e-09,"Zfp207-202",2.01675016374546e-09,"Down"
2.76146293646294e-14,-1.84295737305578,0.054,0.341,2.12229472518923e-09,"Ncoa2-201",2.12229472518923e-09,"Down"
2.83539585074627e-14,-1.42862896769021,0.094,0.447,2.17911512713254e-09,"Hipk2-207",2.17911512713254e-09,"Down"
2.859946171571e-14,-1.25521010512585,0.069,0.388,2.19798303069918e-09,"Src-205",2.19798303069918e-09,"Down"
2.92321426756678e-14,-1.17751368250407,0.106,0.471,2.24660709319577e-09,"Tnfrsf21-201",2.24660709319577e-09,"Down"
3.12009119663298e-14,-1.45423671875664,0.052,0.341,2.39791488826031e-09,"Ankrd17-205",2.39791488826031e-09,"Down"
3.34004697935311e-14,-1.3094979678782,0.081,0.412,2.56695970551204e-09,"Igtp-201",2.56695970551204e-09,"Down"
3.44805105215659e-14,-1.94123442524944,0.114,0.459,2.64996515562442e-09,"Naca-202",2.64996515562442e-09,"Down"
3.45214562402058e-14,-1.26066065462575,0.072,0.388,2.65311199788478e-09,"Ttc3-201",2.65311199788478e-09,"Down"
3.50031430703082e-14,-1.47417776018686,0.168,0.576,2.69013155752547e-09,"Fnbp1-210",2.69013155752547e-09,"Down"
3.54605917789649e-14,-1.1400317057776,0.074,0.4,2.72528832058057e-09,"Ptk2b-208",2.72528832058057e-09,"Down"
3.57334506395542e-14,-1.49532415491147,0.054,0.341,2.7462586154523e-09,"Cd151-201",2.7462586154523e-09,"Down"
4.13766251852805e-14,-1.18934589400937,0.156,0.576,3.17995915198955e-09,"Ppp1r18-204",3.17995915198955e-09,"Down"
4.27854294871773e-14,-1.0156681852092,0.079,0.412,3.28823139780753e-09,"Meis1-209",3.28823139780753e-09,"Down"
4.3454978310681e-14,-1.04386264588623,0.054,0.341,3.33968890308908e-09,"Syncrip-208",3.33968890308908e-09,"Down"
4.75321517414601e-14,-2.46413680033217,0.069,0.365,3.65303598993817e-09,"Fnbp1-204",3.65303598993817e-09,"Down"
4.90910098187816e-14,-1.77762899089769,0.054,0.341,3.77284046861264e-09,"Sema6d-204",3.77284046861264e-09,"Down"
4.92006044743606e-14,-2.12241696181062,0.057,0.341,3.78126325627251e-09,"Dctn1-205",3.78126325627251e-09,"Down"
5.14058499880439e-14,-2.25792032330903,0.131,0.506,3.95074519498113e-09,"Atp8a1-201",3.95074519498113e-09,"Down"
5.82060188059174e-14,-1.16119224566257,0.054,0.341,4.47336536930998e-09,"Frrs1-202",4.47336536930998e-09,"Down"
5.97534324166139e-14,-1.36316633576205,0.109,0.471,4.59229029494644e-09,"Mtmr14-202",4.59229029494644e-09,"Down"
6.19475173215922e-14,-1.2053612577228,0.153,0.565,4.76091449623365e-09,"Os9-201",4.76091449623365e-09,"Down"
6.23619703844201e-14,-1.41831411400462,0.356,0.788,4.79276687192422e-09,"Calr-201",4.79276687192422e-09,"Down"
6.29110807280084e-14,-1.10938829865783,0.069,0.376,4.83496819827036e-09,"Pbrm1-208",4.83496819827036e-09,"Down"
6.65488172893648e-14,-1.61235598793446,0.109,0.471,5.11454280395684e-09,"Mink1-201",5.11454280395684e-09,"Down"
6.80821023043654e-14,-1.33030527122494,0.069,0.376,5.2323818904997e-09,"Ttc3-235",5.2323818904997e-09,"Down"
7.15851384056398e-14,-1.21982691464178,0.148,0.553,5.50160422702704e-09,"Cavin1-201",5.50160422702704e-09,"Down"
7.16501811043364e-14,-1.08076439561577,0.086,0.424,5.50660301859267e-09,"Lrch4-204",5.50660301859267e-09,"Down"
7.43906888344208e-14,-1.09248017201067,0.252,0.729,5.71722199968058e-09,"Psmd4-201",5.71722199968058e-09,"Down"
7.53979967789163e-14,-1.01113638437242,0.183,0.624,5.79463764444683e-09,"Son-202",5.79463764444683e-09,"Down"
7.54134262751468e-14,-1.04600542297273,0.301,0.8,5.79582346295013e-09,"Ubc-203",5.79582346295013e-09,"Down"
7.71288604052186e-14,-1.55358039303038,0.094,0.435,5.92766143758267e-09,"Atp2c1-205",5.92766143758267e-09,"Down"
7.99465431390856e-14,-1.72317338344999,0.148,0.541,6.14421162641128e-09,"Hmgb1-203",6.14421162641128e-09,"Down"
8.03296320842497e-14,-1.34477776506465,0.074,0.388,6.17365354420293e-09,"Srebf2-205",6.17365354420293e-09,"Down"
8.3042285390845e-14,-1.09248957445001,0.059,0.353,6.382131801428e-09,"Vps35-201",6.382131801428e-09,"Down"
8.94756564967479e-14,-1.4989358117858,0.079,0.4,6.87656210440106e-09,"Copa-201",6.87656210440106e-09,"Down"
9.58616089797047e-14,-1.5038524413664,0.067,0.365,7.36734809652622e-09,"Pcbp2-212",7.36734809652622e-09,"Down"
9.66952139574681e-14,-1.3115394197778,0.084,0.412,7.43141397348725e-09,"Eif5a-206",7.43141397348725e-09,"Down"
1.08856178027297e-13,-1.15102133774684,0.198,0.635,8.36603270610986e-09,"Sfpq-201",8.36603270610986e-09,"Down"
1.09089716222986e-13,-1.20706752154909,0.064,0.365,8.38398105060136e-09,"Sema6d-203",8.38398105060136e-09,"Down"
1.14777764666141e-13,-1.31853066431123,0.094,0.435,8.82113032565157e-09,"Bod1l-201",8.82113032565157e-09,"Down"
1.20497589631411e-13,-1.34766560718911,0.158,0.541,9.2607217535325e-09,"Tmbim6-201",9.2607217535325e-09,"Down"
1.23232350206402e-13,-1.23244227510131,0.158,0.553,9.47089904276281e-09,"Tnrc6b-201",9.47089904276281e-09,"Down"
1.24196639495499e-13,-1.14181528420134,0.119,0.494,9.54500853178707e-09,"Ptbp1-206",9.54500853178707e-09,"Down"
1.24660423170082e-13,-1.10839828703438,0.284,0.776,9.58065216231352e-09,"Nucks1-201",9.58065216231352e-09,"Down"
1.28332680490178e-13,-1.09016369240627,0.094,0.435,9.86287982639215e-09,"Crk-203",9.86287982639215e-09,"Down"
1.35887683243522e-13,-1.27264883050463,0.123,0.494,1.04435120079977e-08,"Nap1l1-203",1.04435120079977e-08,"Down"
1.79419773481609e-13,-1.0702819607282,0.089,0.424,1.37891272711556e-08,"Atp6v0a2-205",1.37891272711556e-08,"Down"
1.86163937777861e-13,-1.03661928048192,0.193,0.647,1.43074432739797e-08,"Rnf10-201",1.43074432739797e-08,"Down"
2.11409392325506e-13,-1.29033177689672,0.099,0.435,1.62476574377844e-08,"Specc1-217",1.62476574377844e-08,"Down"
2.30010965404705e-13,-1.13774398902486,0.215,0.682,1.76772627352132e-08,"Ap2b1-201",1.76772627352132e-08,"Down"
2.30426940096519e-13,-1.38406606612811,0.059,0.341,1.77092320541779e-08,"Ptbp1-205",1.77092320541779e-08,"Down"
2.42837292887573e-13,-1.05161735807785,0.062,0.353,1.86630173075815e-08,"Spacdr-203",1.86630173075815e-08,"Down"
2.76730030215849e-13,-1.42963310269185,0.16,0.565,2.12678097422088e-08,"Ctla2b-202",2.12678097422088e-08,"Down"
3.00780033935327e-13,-1.1561239671148,0.069,0.365,2.31161487280657e-08,"Pcbp2-202",2.31161487280657e-08,"Down"
3.12120815494864e-13,-1.39293513425434,0.227,0.647,2.39877331540423e-08,"Csde1-201",2.39877331540423e-08,"Down"
3.34083369730574e-13,-1.09689424956779,0.146,0.541,2.56756432972736e-08,"Nsa2-201",2.56756432972736e-08,"Down"
3.54165855093284e-13,-1.35970740239334,0.059,0.341,2.72190626273393e-08,"Serpinb10-201",2.72190626273393e-08,"Down"
3.78140813521264e-13,-1.43353185350058,0.215,0.635,2.90616340823633e-08,"Dnm2-202",2.90616340823633e-08,"Down"
4.22215825381046e-13,-1.29875275677825,0.074,0.376,3.24489750438349e-08,"Hipk3-203",3.24489750438349e-08,"Down"
4.46844578646677e-13,-1.17127076090459,0.153,0.541,3.43417932473117e-08,"Rab1a-206",3.43417932473117e-08,"Down"
4.600714143174e-13,-1.20026315473592,0.064,0.353,3.53583284759495e-08,"Polr2m-202",3.53583284759495e-08,"Down"
4.60310279399399e-13,-1.17734601383831,0.254,0.706,3.53766862129614e-08,"Sptb-201",3.53766862129614e-08,"Down"
4.93906598593864e-13,-1.42873230638527,0.069,0.365,3.79586977283328e-08,"Herpud2-201",3.79586977283328e-08,"Down"
5.12938010027058e-13,-1.0139799901657,0.844,0.988,3.94213378226195e-08,"Ywhaz-201",3.94213378226195e-08,"Down"
5.50336970230269e-13,-1.3905093329586,0.183,0.576,4.22955975100771e-08,"Myl12a-201",4.22955975100771e-08,"Down"
5.67826000377699e-13,-1.05264937818683,0.084,0.4,4.36396994330277e-08,"Hipk3-202",4.36396994330277e-08,"Down"
6.19308686432549e-13,-1.59460260596767,0.111,0.459,4.75963497870871e-08,"Mink1-202",4.75963497870871e-08,"Down"
6.25408196182579e-13,-1.24532834137521,0.094,0.424,4.80651215094159e-08,"Bod1l-204",4.80651215094159e-08,"Down"
6.53926348308428e-13,-2.01706234706405,0.062,0.341,5.02568555728959e-08,"Lpin2-204",5.02568555728959e-08,"Down"
6.64120885447767e-13,-1.09521457412449,0.2,0.624,5.10403465302027e-08,"Canx-205",5.10403465302027e-08,"Down"
6.69312489015819e-13,-1.10460916380719,0.084,0.4,5.14393420308217e-08,"Eif5a-205",5.14393420308217e-08,"Down"
6.69312489015819e-13,-1.10460916380719,0.084,0.4,5.14393420308217e-08,"Eif5a-204",5.14393420308217e-08,"Down"
7.84132872488662e-13,-1.34880820925584,0.106,0.447,6.02637477822436e-08,"Calm1-201",6.02637477822436e-08,"Down"
8.46051681396249e-13,-1.26830481305312,0.106,0.447,6.50224559220273e-08,"Arhgef7-202",6.50224559220273e-08,"Down"
8.81122389054433e-13,-1.13643792134526,0.067,0.353,6.77177800883894e-08,"Eea1-201",6.77177800883894e-08,"Down"
9.50724124579372e-13,-1.0211594328135,0.064,0.353,7.30669518704231e-08,"Ctnnd1-201",7.30669518704231e-08,"Down"
9.8368303565147e-13,-1.34949772414407,0.067,0.353,7.55999760219581e-08,"Ik-206",7.55999760219581e-08,"Down"
1.01937582052443e-12,-1.68952742804707,0.121,0.459,7.83431093105848e-08,"Bnip3l-202",7.83431093105848e-08,"Down"
1.03937194716834e-12,-1.03059342874792,0.062,0.341,7.98798916276755e-08,"Zfp207-203",7.98798916276755e-08,"Down"
1.12449418063326e-12,-1.05511011099595,0.062,0.341,8.64218757583889e-08,"Klf3-201",8.64218757583889e-08,"Down"
1.25876189775159e-12,-1.40520381540254,0.111,0.447,9.67408868898009e-08,"Asap1-210",9.67408868898009e-08,"Down"
1.26466477198381e-12,-1.3504576101629,0.096,0.412,9.7194546386044e-08,"Specc1-208",9.7194546386044e-08,"Down"
1.28606261393401e-12,-1.41592770158984,0.136,0.506,9.88390561312842e-08,"Smtn-210",9.88390561312842e-08,"Down"
1.29073569582103e-12,-1.41387529153677,0.18,0.565,9.91982011666291e-08,"Myl12a-209",9.91982011666291e-08,"Down"
1.29073569582103e-12,-1.41387529153677,0.18,0.565,9.91982011666291e-08,"Myl12a-208",9.91982011666291e-08,"Down"
1.29073569582103e-12,-1.41387529153677,0.18,0.565,9.91982011666291e-08,"Myl12a-210",9.91982011666291e-08,"Down"
1.29412148410961e-12,-1.14937016357437,0.067,0.353,9.945841253976e-08,"Pecam1-207",9.945841253976e-08,"Down"
1.61710276231371e-12,-1.56497775497119,0.24,0.6,1.24280815694858e-07,"Capzb-201",1.24280815694858e-07,"Down"
1.67816829978528e-12,-1.73998054181522,0.067,0.341,1.28973946511698e-07,"Dgkz-202",1.28973946511698e-07,"Down"
1.68758196569952e-12,-1.06982197537466,0.091,0.4,1.29697424391871e-07,"Specc1-212",1.29697424391871e-07,"Down"
1.9121585751405e-12,-1.11013134770061,0.383,0.847,1.46957035133848e-07,"Tagln2-202",1.46957035133848e-07,"Down"
1.97592715762123e-12,-1.01970177608188,0.294,0.765,1.51857905771822e-07,"Edem1-205",1.51857905771822e-07,"Down"
2.116334002336e-12,-1.29106657876875,0.081,0.376,1.62648733415531e-07,"Dgkz-201",1.62648733415531e-07,"Down"
2.20979290201998e-12,-1.39857395045572,0.119,0.459,1.69831423691843e-07,"Asap1-202",1.69831423691843e-07,"Down"
2.22989010341618e-12,-1.25178465146088,0.119,0.459,1.71375974007947e-07,"Asap1-206",1.71375974007947e-07,"Down"
2.38471926939819e-12,-1.36138042394709,0.23,0.624,1.83275214730329e-07,"Daam1-201",1.83275214730329e-07,"Down"
2.54004257645927e-12,-1.4132557358588,0.079,0.376,1.95212432171201e-07,"Mast2-202",1.95212432171201e-07,"Down"
2.83696043307315e-12,-1.05860147052574,0.096,0.424,2.18031757123404e-07,"Svil-201",2.18031757123404e-07,"Down"
3.14699522956568e-12,-1.04120187373277,0.311,0.765,2.41859171373041e-07,"Nedd4-212",2.41859171373041e-07,"Down"
3.58266765525439e-12,-1.13299260394387,0.131,0.494,2.75342339976921e-07,"Dynlt1c-201",2.75342339976921e-07,"Down"
3.90897665460687e-12,-1.09201081173112,0.074,0.365,3.00420491813156e-07,"Helz-203",3.00420491813156e-07,"Down"
4.86434137846383e-12,-1.10374142473399,0.091,0.4,3.73844092300459e-07,"Golga2-213",3.73844092300459e-07,"Down"
4.86434137846383e-12,-1.10374142473399,0.091,0.4,3.73844092300459e-07,"Golga2-202",3.73844092300459e-07,"Down"
5.27722312539057e-12,-1.12656531684203,0.089,0.4,4.05575706078767e-07,"Svil-207",4.05575706078767e-07,"Down"
5.80880333223774e-12,-1.03814358609576,0.077,0.365,4.464297712958e-07,"Arfgap3-201",4.464297712958e-07,"Down"
7.20620745430426e-12,-1.01750418154509,0.198,0.588,5.538258676931e-07,"Sdcbp-202",5.538258676931e-07,"Down"
7.22616156710602e-12,-1.10593679176153,0.141,0.506,5.55359421078366e-07,"Pdia4-201",5.55359421078366e-07,"Down"
7.72969766994965e-12,-1.27704420370339,0.089,0.388,5.9405818472631e-07,"Dnaja1-210",5.9405818472631e-07,"Down"
8.01586814335382e-12,-1.17957451803851,0.274,0.706,6.16051530289314e-07,"Smox-207",6.16051530289314e-07,"Down"
8.15902598441924e-12,-1.11623277703564,0.096,0.412,6.27053783006557e-07,"Mical3-216",6.27053783006557e-07,"Down"
8.15902598441924e-12,-1.11623277703564,0.096,0.412,6.27053783006557e-07,"Mical3-221",6.27053783006557e-07,"Down"
8.61258524106661e-12,-1.51085277914518,0.114,0.435,6.61911626116933e-07,"Chst12-201",6.61911626116933e-07,"Down"
1.1984323013163e-11,-1.27132350999196,0.17,0.529,9.2104316085363e-07,"Ppp1r12a-201",9.2104316085363e-07,"Down"
1.36116885952309e-11,-1.4061909274032,0.069,0.341,1.04611271529787e-06,"Arhgef7-205",1.04611271529787e-06,"Down"
1.41801138430943e-11,-1.04731918098788,0.074,0.353,1.08979846929717e-06,"Iqsec1-202",1.08979846929717e-06,"Down"
1.50003671871569e-11,-1.23645326166877,0.212,0.6,1.15283821980175e-06,"Slamf1-202",1.15283821980175e-06,"Down"
1.51091964126258e-11,-1.09064629210855,0.069,0.341,1.16120218109594e-06,"Ttc3-230",1.16120218109594e-06,"Down"
1.63367021105821e-11,-1.35178938306021,0.17,0.518,1.25554090400668e-06,"Daam1-205",1.25554090400668e-06,"Down"
1.64155291646122e-11,-1.02711746150874,0.089,0.388,1.26159907841711e-06,"Gse1-203",1.26159907841711e-06,"Down"
1.79729622036351e-11,-2.27287104714301,0.198,0.518,1.38129403719817e-06,"Mbnl1-218",1.38129403719817e-06,"Down"
1.8369687066266e-11,-2.11664052628614,0.089,0.365,1.41178392979081e-06,"Ank3-240",1.41178392979081e-06,"Down"
1.87287241126641e-11,-1.19289235606024,0.086,0.376,1.43937736295468e-06,"Hdgf-201",1.43937736295468e-06,"Down"
1.88340771679338e-11,-1.55668587721267,0.299,0.671,1.44747416666438e-06,"Epb41-208",1.44747416666438e-06,"Down"
2.08762909612138e-11,-1.01372137706233,0.341,0.741,1.60442646553312e-06,"Actr3-201",1.60442646553312e-06,"Down"
2.27330087735501e-11,-1.31128378482934,0.096,0.4,1.74712265628242e-06,"Nras-203",1.74712265628242e-06,"Down"
2.51990200542712e-11,-1.0807024966712,0.099,0.412,1.93664548725096e-06,"Lrch4-201",1.93664548725096e-06,"Down"
2.61122492696261e-11,-1.22921605750426,0.299,0.729,2.00683080536785e-06,"Sdcbp-201",2.00683080536785e-06,"Down"
2.96969465021525e-11,-1.18386860255448,0.077,0.353,2.28232912647643e-06,"Dock5-201",2.28232912647643e-06,"Down"
3.03289973788493e-11,-1.59296725618599,0.084,0.365,2.33090476455408e-06,"Cracd-202",2.33090476455408e-06,"Down"
4.02870373279325e-11,2.68269945134098,0.667,0.494,3.09621996680092e-06,"Hnrnpab-201",3.09621996680092e-06,"Up"
4.03033368522463e-11,-1.05314627262649,0.096,0.4,3.09747265044254e-06,"Mical3-222",3.09747265044254e-06,"Down"
4.03033368522463e-11,-1.05314627262649,0.096,0.4,3.09747265044254e-06,"Mical3-223",3.09747265044254e-06,"Down"
5.07677336963299e-11,-1.03102761941233,0.138,0.482,3.90170340549774e-06,"Atp8a1-202",3.90170340549774e-06,"Down"
5.30380186292209e-11,-1.19391396826025,0.096,0.4,4.07618388373014e-06,"Smtn-204",4.07618388373014e-06,"Down"
6.85234569074314e-11,-1.03613265584302,0.089,0.376,5.26630175716373e-06,"Fbxo6-204",5.26630175716373e-06,"Down"
7.2256920126544e-11,-1.05680299811059,0.074,0.341,5.55323333940541e-06,"Rab1b-201",5.55323333940541e-06,"Down"
7.38420685836631e-11,-1.16848955937279,0.089,0.376,5.67505833892885e-06,"Dbnl-203",5.67505833892885e-06,"Down"
7.61606172529046e-11,2.91499825913651,0.652,0.506,5.85324807835473e-06,"Hnrnpab-202",5.85324807835473e-06,"Up"
7.70433413111019e-11,-2.08568004115254,0.358,0.647,5.92108895312342e-06,"Cald1-204",5.92108895312342e-06,"Down"
7.96201875414423e-11,-1.22301609605454,0.079,0.353,6.11912989331001e-06,"Psmd13-203",6.11912989331001e-06,"Down"
8.01702970748585e-11,-1.20056198986046,0.195,0.565,6.16140801139117e-06,"Wnk1-203",6.16140801139117e-06,"Down"
8.05478050900778e-11,-1.33555842196361,0.099,0.388,6.19042101239284e-06,"Septin11-207",6.19042101239284e-06,"Down"
8.16158053696496e-11,-1.82043435432428,0.101,0.388,6.27250110587905e-06,"Asap1-215",6.27250110587905e-06,"Down"
8.62958922109788e-11,-2.19423478717972,0.153,0.459,6.63218449998256e-06,"Ank3-204",6.63218449998256e-06,"Down"
9.0677080482359e-11,-1.12747068635032,0.395,0.835,6.96889634339122e-06,"Slc2a3-201",6.96889634339122e-06,"Down"
9.7722432719781e-11,-1.46445090130486,0.18,0.518,7.51035984424605e-06,"Pdlim7-209",7.51035984424605e-06,"Down"
1.08702312347644e-10,-1.06934258794799,0.101,0.4,8.35420751316583e-06,"Tsc22d2-203",8.35420751316583e-06,"Down"
1.18616844394587e-10,-1.77460982918255,0.277,0.659,9.1161789591016e-06,"Plek-201",9.1161789591016e-06,"Down"
1.21549580568825e-10,-1.46698505297709,0.158,0.494,9.34157146503645e-06,"Fnbp1-208",9.34157146503645e-06,"Down"
1.49777338576098e-10,2.71636576090171,0.654,0.506,1.15109875789274e-05,"Hnrnpab-203",1.15109875789274e-05,"Up"
1.68047417472215e-10,-1.29534794494571,0.079,0.341,1.29151162224096e-05,"Eif2s3x-201",1.29151162224096e-05,"Down"
1.76970515265716e-10,-1.12167031290975,0.21,0.553,1.36008919802313e-05,"Trip12-207",1.36008919802313e-05,"Down"
1.9889140702793e-10,-1.03611812384296,0.084,0.353,1.52856001957245e-05,"Hnrnpc-209",1.52856001957245e-05,"Down"
2.048390730135e-10,-1.54966606837077,0.086,0.353,1.57427021173795e-05,"Esd-209",1.57427021173795e-05,"Down"
2.048390730135e-10,-1.54966606837077,0.086,0.353,1.57427021173795e-05,"Esd-208",1.57427021173795e-05,"Down"
2.12364777564856e-10,-1.06269406194793,0.084,0.353,1.63210826149694e-05,"Golga2-201",1.63210826149694e-05,"Down"
3.09793269437303e-10,-2.20626382701549,0.215,0.529,2.38088519293345e-05,"Tmsb4x-203",2.38088519293345e-05,"Down"
3.15265391027165e-10,-1.62831472477889,0.222,0.553,2.42294063620017e-05,"Itga6-202",2.42294063620017e-05,"Down"
3.30591898665238e-10,-1.25378997352983,0.079,0.341,2.54073097800182e-05,"Ppp1r18-206",2.54073097800182e-05,"Down"
3.32396103634223e-10,-1.03131194059247,0.141,0.471,2.55459701487046e-05,"Smarcc1-204",2.55459701487046e-05,"Down"
3.33732173824319e-10,-1.20650187011279,0.079,0.341,2.56486524870942e-05,"Mta3-208",2.56486524870942e-05,"Down"
3.34883339671497e-10,-2.64358230663786,0.116,0.388,2.57371241871132e-05,"Ank3-210",2.57371241871132e-05,"Down"
3.3697941516767e-10,1.8476184023335,0.765,0.8,2.58982159732961e-05,"Smdt1-201",2.58982159732961e-05,"Up"
3.63568762800375e-10,-1.49202214521864,0.165,0.494,2.79417136962601e-05,"Eno1b-201",2.79417136962601e-05,"Down"
3.73395705499859e-10,-1.39375658091167,0.086,0.353,2.86969535504862e-05,"Specc1-209",2.86969535504862e-05,"Down"
3.88121180986861e-10,-1.08068995797056,0.079,0.341,2.98286652435642e-05,"Prrc2b-201",2.98286652435642e-05,"Down"
3.99362725903513e-10,-1.34442601788166,0.286,0.659,3.06926229365886e-05,"Eno1-202",3.06926229365886e-05,"Down"
4.03772355575236e-10,3.3377529464255,0.491,0.153,3.10315206153792e-05,"Hsd3b6-201",3.10315206153792e-05,"Up"
4.05376269075392e-10,-1.6650497520948,0.244,0.6,3.11547877835202e-05,"Tpm2-201",3.11547877835202e-05,"Down"
4.10248991539127e-10,-1.12354283879833,0.101,0.388,3.15292759957481e-05,"Anp32a-207",3.15292759957481e-05,"Down"
4.63281587753455e-10,-2.12467699097833,0.101,0.365,3.56050431452041e-05,"Tpm1-202",3.56050431452041e-05,"Down"
4.73272998123391e-10,-2.13176340630887,0.425,0.706,3.63729229977751e-05,"Gnas-207",3.63729229977751e-05,"Down"
6.20572338501058e-10,3.47182038525048,0.521,0.235,4.76934665031603e-05,"Gna13-202",4.76934665031603e-05,"Up"
7.30717967305742e-10,-1.27355040725358,0.114,0.4,5.61585986593155e-05,"Gnaz-202",5.61585986593155e-05,"Down"
8.94904118402197e-10,2.91636967850381,0.664,0.565,6.87769611156825e-05,"Spc24-201",6.87769611156825e-05,"Up"
1.16032965740789e-09,-1.13968878052532,0.178,0.494,8.91759754904257e-05,"Brd4-203",8.91759754904257e-05,"Down"
1.31601525885925e-09,-1.00887142758322,0.178,0.518,0.000101141036704369,"Usp15-211",0.000101141036704369,"Down"
1.41850619919309e-09,-1.61958483650672,0.099,0.365,0.000109017875432786,"Ehbp1l1-204",0.000109017875432786,"Down"
1.50725761914169e-09,-1.6660090336134,0.212,0.529,0.000115838777061516,"Epb41-206",0.000115838777061516,"Down"
1.71740401996135e-09,-1.26416356240107,0.128,0.412,0.00013198936855011,"Csde1-215",0.00013198936855011,"Down"
1.84650722946938e-09,-1.18952535150653,0.136,0.435,0.00014191146661364,"Pbx1-202",0.00014191146661364,"Down"
1.89567707737438e-09,-1.52988998412226,0.289,0.635,0.000145690366104531,"Slc2a3-204",0.000145690366104531,"Down"
2.1769551525576e-09,-1.50509491240548,0.205,0.518,0.000167307711294662,"Ncor1-205",0.000167307711294662,"Down"
2.29102061612627e-09,-1.39239993804874,0.094,0.353,0.000176074098431769,"Laptm5-201",0.000176074098431769,"Down"
2.29393779554637e-09,2.23068227854658,0.812,0.871,0.000176298295338921,"Prdx2-201",0.000176298295338921,"Up"
2.34491914181666e-09,3.20210606517552,0.521,0.141,0.000180216415725178,"Tpt1-206",0.000180216415725178,"Up"
2.6575121426507e-09,-1.01599413483944,0.096,0.365,0.000204240438211277,"Tsc22d2-201",0.000204240438211277,"Down"
2.77984038825882e-09,-1.36604993873728,0.185,0.494,0.000213641853199243,"Ilk-204",0.000213641853199243,"Down"
2.81816280240977e-09,5.79969408950125,0.356,0.035,0.0002165870840164,"Ankrd17-213",0.0002165870840164,"Up"
2.96176963111141e-09,3.50270194206766,0.43,0.094,0.000227623843229436,"Clic4-202",0.000227623843229436,"Up"
2.98638114622284e-09,1.92182230453972,0.775,0.753,0.00022951533661181,"Sqstm1-202",0.00022951533661181,"Up"
4.13137644375041e-09,-1.23211960110773,0.17,0.471,0.000317512805207994,"Cltc-201",0.000317512805207994,"Down"
4.61118015686095e-09,1.44308740887653,0.859,0.941,0.000354387639775392,"Fth1-201",0.000354387639775392,"Up"
5.75874203748651e-09,-1.50427923341848,0.111,0.376,0.000442582360548989,"Mxi1-203",0.000442582360548989,"Down"
6.52400848720866e-09,-1.16616907310526,0.096,0.353,0.000501396148275934,"Vdac1-201",0.000501396148275934,"Down"
6.70466416746021e-09,2.14324851122742,0.644,0.247,0.000515280259925987,"Tpt1-208",0.000515280259925987,"Up"
6.87306487783735e-09,1.42993156917079,0.859,0.941,0.000528222528121312,"Fth1-203",0.000528222528121312,"Up"
7.19121977841626e-09,-1.5185582333009,0.091,0.341,0.000552674004850403,"Mdh2-203",0.000552674004850403,"Down"
7.298850986084e-09,-1.12602648900841,0.44,0.776,0.0005609458936845,"Phlda1-201",0.0005609458936845,"Down"
7.9004883932558e-09,-1.20455382174305,0.121,0.4,0.000607184134975281,"Hnrnpdl-202",0.000607184134975281,"Down"
8.51065251093994e-09,-1.30381798632706,0.133,0.412,0.000654077688075778,"Ctnnal1-201",0.000654077688075778,"Down"
9.88241985082975e-09,2.70309026609209,0.721,0.718,0.00075950349521567,"Peg10-202",0.00075950349521567,"Up"
1.10410841512453e-08,-1.20570235112834,0.094,0.341,0.000848551481359803,"Dap-204",0.000848551481359803,"Down"
1.53052633488035e-08,-1.08294036878213,0.296,0.635,0.00117627070940895,"Csnk1a1-204",0.00117627070940895,"Down"
1.58331695832726e-08,-1.69839596390708,0.2,0.482,0.00121684241515283,"Tpm1-213",0.00121684241515283,"Down"
1.81615969186599e-08,-1.2696649157709,0.207,0.529,0.00139579136958668,"Eno1b-202",0.00139579136958668,"Down"
2.03203167020034e-08,-1.21570304732376,0.143,0.412,0.00156169761981577,"Ston2-203",0.00156169761981577,"Down"
2.13504105724849e-08,-1.15752586064482,0.096,0.341,0.00164086445413776,"Dap-205",0.00164086445413776,"Down"
2.80486144055478e-08,-1.03506613264959,0.131,0.4,0.00215564821152397,"Septin9-210",0.00215564821152397,"Down"
2.8891579275059e-08,-1.15626508658983,0.178,0.482,0.00222043343360539,"Wnk1-223",0.00222043343360539,"Down"
3.50140329921304e-08,1.72081194922702,0.689,0.635,0.00269096849157719,"Junb-201",0.00269096849157719,"Up"
3.77440957539368e-08,-1.27728137935981,0.296,0.612,0.00290078473507306,"Ctla2a-206",0.00290078473507306,"Down"
4.05491261175806e-08,3.34006279922532,0.593,0.482,0.00311636253864054,"Gpx1-201",0.00311636253864054,"Up"
5.49493333304061e-08,-1.69695350415908,0.158,0.424,0.00422307606377503,"Mpl-204",0.00422307606377503,"Down"
6.916475503497e-08,-1.09157920491286,0.23,0.553,0.00531558808345758,"Smox-214",0.00531558808345758,"Down"
7.89514390584492e-08,1.01658934600428,0.156,0.494,0.00606773389739805,"Gstp1-201",0.00606773389739805,"Up"
