"p_val","avg_log2FC","pct.1","pct.2","p_val_adj","gene","p_val_adj_plot","Significance"
3.77089575955912e-36,6.54416633692343,0.767,0.01,2.89808422705157e-31,"Trem2-201",2.89808422705157e-31,"Up"
6.22135136670766e-36,8.53944358070978,0.933,0.058,4.7813573793695e-31,"Spp1-201",4.7813573793695e-31,"Up"
9.41265521821347e-36,6.11294267072853,0.9,0.043,7.23400204140578e-31,"Ctss-202",7.23400204140578e-31,"Up"
6.90824820697208e-35,4.98276232166334,0.9,0.043,5.30926507698632e-30,"Col1a1-201",5.30926507698632e-30,"Up"
1.13636843153653e-34,7.0736769913721,0.733,0.01,8.73344594373081e-30,"Serpine1-201",8.73344594373081e-30,"Up"
2.69272037862167e-34,7.34813590743215,0.7,0.005,2.0694633197859e-29,"Siglec1-201",2.0694633197859e-29,"Up"
4.63813422487516e-34,5.5498264863305,0.733,0.01,3.56459167718556e-29,"Dhrs3-206",3.56459167718556e-29,"Up"
6.34624068250957e-34,6.39550195046373,0.8,0.024,4.8773398141359e-29,"Gpnmb-201",4.8773398141359e-29,"Up"
1.85995535141824e-33,5.74657101355152,0.867,0.043,1.42945008577897e-28,"Ahnak2-201",1.42945008577897e-28,"Up"
1.21514509034905e-32,3.57201165765693,0.967,0.058,9.3388760773686e-28,"Col1a2-201",9.3388760773686e-28,"Up"
1.23590094673633e-32,7.8931819825179,0.633,0,9.4983931360474e-28,"Itgb5-202",9.4983931360474e-28,"Up"
1.23590094673633e-32,8.72253561242941,0.633,0,9.4983931360474e-28,"Galns-201",9.4983931360474e-28,"Up"
2.16101292276709e-32,4.58019533982654,0.9,0.048,1.66082487166342e-27,"Psg23-201",1.66082487166342e-27,"Up"
3.12499142676073e-32,4.42530120851661,0.667,0.005,2.40168091112269e-27,"Ctsq-201",2.40168091112269e-27,"Up"
5.50884277779528e-32,5.95702191647669,0.8,0.034,4.23376602844679e-27,"Ctsh-201",4.23376602844679e-27,"Up"
3.38821454785112e-31,5.34767152996566,0.933,0.068,2.6039784086055e-26,"Psg21-201",2.6039784086055e-26,"Up"
8.15447494241604e-31,5.56841678876054,0.7,0.014,6.26704017224442e-26,"P2rx4-201",6.26704017224442e-26,"Up"
8.6512568217205e-31,4.02126005639864,0.733,0.019,6.64883691776508e-26,"Col6a3-201",6.64883691776508e-26,"Up"
1.12750948372452e-30,4.44733034263048,0.833,0.039,8.66536138621643e-26,"Ctsj-202",8.66536138621643e-26,"Up"
1.63575839595787e-30,5.03486816420472,0.633,0.005,1.25714575762946e-25,"Gnptab-201",1.25714575762946e-25,"Up"
1.98800258588386e-30,5.03825294571919,0.667,0.01,1.52785950735518e-25,"Col6a2-201",1.52785950735518e-25,"Up"
2.58153460786876e-30,4.61124389930953,0.667,0.01,1.98401260753146e-25,"Rcan1-201",1.98401260753146e-25,"Up"
6.63869640193931e-30,5.15268463217723,0.8,0.043,5.10210373274644e-25,"Cxcl16-201",5.10210373274644e-25,"Up"
7.39829731748886e-30,5.7217078258771,0.8,0.043,5.68588742038289e-25,"Rgs1-208",5.68588742038289e-25,"Up"
9.18455760102063e-30,6.54979386321043,0.667,0.014,7.0586998986884e-25,"Dab2-202",7.0586998986884e-25,"Up"
2.4926097837933e-29,6.807856462418,0.633,0.01,1.9156703232365e-24,"Gusb-201",1.9156703232365e-24,"Up"
3.89992103155956e-29,7.71749025637341,0.567,0,2.99724530959478e-24,"Dpep2-201",2.99724530959478e-24,"Up"
3.89992103155956e-29,8.0377553300427,0.567,0,2.99724530959478e-24,"Zranb3-201",2.99724530959478e-24,"Up"
3.89992103155956e-29,7.79461822470731,0.567,0,2.99724530959478e-24,"Itgb5-201",2.99724530959478e-24,"Up"
3.89992103155956e-29,9.18019966715965,0.567,0,2.99724530959478e-24,"Gdf15-201",2.99724530959478e-24,"Up"
3.89992103155956e-29,8.63897668791644,0.567,0,2.99724530959478e-24,"Psrc1-201",2.99724530959478e-24,"Up"
3.89992103155956e-29,10.0190548287424,0.567,0,2.99724530959478e-24,"Atp6v0d2-201",2.99724530959478e-24,"Up"
5.89923734765462e-29,6.97016821121028,0.6,0.005,4.53379987116648e-24,"Hivep3-202",4.53379987116648e-24,"Up"
6.86442878715528e-29,5.2186365568808,0.667,0.014,5.27558810008032e-24,"Myo5a-201",5.27558810008032e-24,"Up"
7.55396042490615e-29,5.38120958620369,0.633,0.01,5.80552074495738e-24,"Fam20c-201",5.80552074495738e-24,"Up"
7.77588863479514e-29,4.78478554493071,0.667,0.014,5.97608145138545e-24,"Myo5a-214",5.97608145138545e-24,"Up"
9.17734047453439e-29,5.17566623486622,0.633,0.01,7.05315324829866e-24,"Lgals3bp-201",7.05315324829866e-24,"Up"
1.32462503287994e-28,3.39770921458853,0.7,0.019,1.01802732276955e-23,"Ceacam5-201",1.01802732276955e-23,"Up"
1.54002906772467e-28,4.04880111461135,0.633,0.01,1.18357393970912e-23,"Cpd-201",1.18357393970912e-23,"Up"
7.86080493449897e-28,3.77366112697052,0.833,0.053,6.04134302435984e-23,"Gns-201",6.04134302435984e-23,"Up"
8.68203908438794e-28,4.7878728594709,0.9,0.087,6.6724943179155e-23,"Lrp1-201",6.6724943179155e-23,"Up"
9.71687652832865e-28,5.25331265155307,0.667,0.019,7.4678082870817e-23,"Mga-204",7.4678082870817e-23,"Up"
1.80887100125143e-27,5.57141935654668,0.633,0.014,1.39018971930177e-22,"Lhfpl2-201",1.39018971930177e-22,"Up"
2.08826703753492e-27,8.95045659079031,0.533,0,1.60491674902709e-22,"Gdf15-202",1.60491674902709e-22,"Up"
2.08826703753492e-27,8.21537103077681,0.533,0,1.60491674902709e-22,"Psrc1-202",1.60491674902709e-22,"Up"
2.08826703753492e-27,9.12964786603071,0.533,0,1.60491674902709e-22,"Psg16-204",1.60491674902709e-22,"Up"
2.37856203804742e-27,4.73690331549287,0.667,0.019,1.82802006872097e-22,"Gfpt1-204",1.82802006872097e-22,"Up"
3.32145108528389e-27,6.7288018125473,0.567,0.005,2.55266801708408e-22,"Dpp7-201",2.55266801708408e-22,"Up"
3.80185720835953e-27,5.99250514726508,0.567,0.005,2.92187933891263e-22,"Adgre1-202",2.92187933891263e-22,"Up"
4.0984249360844e-27,5.18713018316596,0.6,0.01,3.14980350037831e-22,"Galnt6-201",3.14980350037831e-22,"Up"
4.35108369584234e-27,5.78498057267797,0.567,0.005,3.34398186360267e-22,"Pappa2-202",3.34398186360267e-22,"Up"
4.35108369584234e-27,5.31852621975195,0.567,0.005,3.34398186360267e-22,"Cadm1-202",3.34398186360267e-22,"Up"
4.37044389206368e-27,4.8652134970462,0.6,0.01,3.35886094880662e-22,"Phldb1-210",3.35886094880662e-22,"Up"
4.65450382354934e-27,5.35310114267986,0.567,0.005,3.57717236855061e-22,"Gpr137b-201",3.57717236855061e-22,"Up"
4.65450382354934e-27,4.51070783676258,0.567,0.005,3.57717236855061e-22,"Adam15-213",3.57717236855061e-22,"Up"
4.65450382354934e-27,4.51070783676258,0.567,0.005,3.57717236855061e-22,"Adam15-201",3.57717236855061e-22,"Up"
4.65450382354934e-27,5.39138200710847,0.567,0.005,3.57717236855061e-22,"Mertk-201",3.57717236855061e-22,"Up"
5.29859777609116e-27,4.93483614513366,0.6,0.01,4.0721843348371e-22,"Smpdl3a-201",4.0721843348371e-22,"Up"
7.01794934117302e-27,3.9409940364934,0.633,0.014,5.39357478666511e-22,"Wsb2-201",5.39357478666511e-22,"Up"
7.15393598389349e-27,3.70026390226091,0.867,0.068,5.4980859610615e-22,"Col3a1-201",5.4980859610615e-22,"Up"
8.96391577030559e-27,6.27655210959725,0.933,0.135,6.88912782611066e-22,"Apoe-206",6.88912782611066e-22,"Up"
1.04831504025727e-26,2.89577439574651,0.7,0.029,8.05672041039321e-22,"Rpn2-202",8.05672041039321e-22,"Up"
2.35090717918525e-26,4.582244485596,0.667,0.024,1.80676620349103e-21,"Pld3-201",1.80676620349103e-21,"Up"
2.44718863315945e-26,5.43560007147647,0.633,0.019,1.88076235212837e-21,"C1qa-201",1.88076235212837e-21,"Up"
3.05735805116629e-26,4.19113397740248,0.733,0.039,2.34970195664334e-21,"Cd68-201",2.34970195664334e-21,"Up"
3.22659004399033e-26,3.18286899282268,0.833,0.053,2.47976351240833e-21,"Ceacam11-201",2.47976351240833e-21,"Up"
6.710200066734e-26,5.43447337435159,0.6,0.014,5.15705715928775e-21,"Colgalt1-201",5.15705715928775e-21,"Up"
7.5266257484024e-26,4.53510534256473,0.633,0.019,5.78451295267718e-21,"Msr1-202",5.78451295267718e-21,"Up"
8.46609968415464e-26,4.5685787095013,0.633,0.019,6.50653625126021e-21,"Cybb-201",6.50653625126021e-21,"Up"
9.40953483255009e-26,3.13174529530857,0.833,0.058,7.23160390020804e-21,"Psg28-201",7.23160390020804e-21,"Up"
9.48386786032835e-26,5.27296383751472,0.667,0.029,7.28873180537675e-21,"Myof-211",7.28873180537675e-21,"Up"
1.0837449460681e-25,7.33878774394884,0.5,0,8.32901340851179e-21,"Axl-201",8.32901340851179e-21,"Up"
1.0837449460681e-25,9.39193263031233,0.5,0,8.32901340851179e-21,"Mmp12-201",8.32901340851179e-21,"Up"
1.20396680761516e-25,4.69246313193242,0.633,0.019,9.25296650324557e-21,"Sash1-201",9.25296650324557e-21,"Up"
1.3823125728913e-25,7.19962942202491,0.533,0.005,1.06236250476988e-20,"Cspg4-201",1.06236250476988e-20,"Up"
1.3981632307604e-25,4.89469856483716,0.6,0.014,1.0745443693686e-20,"Abhd12-201",1.0745443693686e-20,"Up"
1.53191935635264e-25,3.52122681129982,0.667,0.024,1.17734130213126e-20,"Cerk-201",1.17734130213126e-20,"Up"
1.65131479002727e-25,5.84618683565859,0.667,0.029,1.26910146872756e-20,"Lpl-201",1.26910146872756e-20,"Up"
1.88714537056355e-25,4.51618582433682,0.567,0.01,1.45034670309291e-20,"Arhgap24-203",1.45034670309291e-20,"Up"
1.93330281138652e-25,7.09945643782314,0.533,0.005,1.485820542663e-20,"Cadm1-203",1.485820542663e-20,"Up"
2.01114760284632e-25,5.23768830228382,0.567,0.01,1.54564737869151e-20,"Tmcc3-203",1.54564737869151e-20,"Up"
2.06721767480589e-25,6.4643997953127,0.533,0.005,1.58873947179532e-20,"Psg26-201",1.58873947179532e-20,"Up"
2.06721767480589e-25,5.68797008822718,0.533,0.005,1.58873947179532e-20,"Adgre1-201",1.58873947179532e-20,"Up"
2.14082359480533e-25,4.20820168420623,0.6,0.014,1.64530856555169e-20,"Galnt6-202",1.64530856555169e-20,"Up"
2.36323259138917e-25,4.42054692413618,0.533,0.005,1.81623877578623e-20,"Adam15-204",1.81623877578623e-20,"Up"
2.36323259138917e-25,4.42054692413618,0.533,0.005,1.81623877578623e-20,"Adam15-202",1.81623877578623e-20,"Up"
2.41721413078006e-25,4.20839412538267,0.6,0.014,1.85772574806971e-20,"Trio-201",1.85772574806971e-20,"Up"
2.43368932873959e-25,4.64684174708507,0.567,0.01,1.87038759670952e-20,"Tulp4-201",1.87038759670952e-20,"Up"
2.47168032095426e-25,3.43177588302498,0.733,0.039,1.89958519386619e-20,"Scpep1-201",1.89958519386619e-20,"Up"
2.52662272788261e-25,5.1616401550107,0.533,0.005,1.9418106312869e-20,"Cd109-201",1.9418106312869e-20,"Up"
2.56838820590065e-25,3.7599212990344,0.6,0.014,1.97390907176288e-20,"Agap1-201",1.97390907176288e-20,"Up"
2.68694426577424e-25,2.93808851202153,0.667,0.024,2.06502414601813e-20,"Ugdh-201",2.06502414601813e-20,"Up"
2.7085661163045e-25,3.14161518721747,0.833,0.063,2.08164140302466e-20,"Ppp1r10-202",2.08164140302466e-20,"Up"
3.27264565338511e-25,4.28116069780095,0.6,0.014,2.5151590904526e-20,"Hexb-201",2.5151590904526e-20,"Up"
3.5490103281166e-25,3.32328557762131,0.733,0.039,2.72755639757073e-20,"Flnb-201",2.72755639757073e-20,"Up"
8.58319869807327e-25,3.22316844164626,0.7,0.034,6.59653152741723e-20,"Anxa1-201",6.59653152741723e-20,"Up"
1.29591935400657e-24,5.3053921705005,0.767,0.063,9.95965860328206e-20,"Spp1-205",9.95965860328206e-20,"Up"
1.30403094670301e-24,4.43839717639372,0.633,0.024,1.00219994377913e-19,"Pld3-202",1.00219994377913e-19,"Up"
1.75866280836569e-24,3.21177446769112,0.767,0.048,1.35160271474137e-19,"Pdia4-201",1.35160271474137e-19,"Up"
1.92090280595413e-24,3.07288825870112,0.833,0.068,1.47629064248799e-19,"Ppp1r10-201",1.47629064248799e-19,"Up"
2.04336049049328e-24,4.62733181339954,0.633,0.024,1.5704042713637e-19,"Clu-201",1.5704042713637e-19,"Up"
2.18923976372904e-24,3.84691558547445,0.767,0.058,1.68251832801632e-19,"Cdkn1a-201",1.68251832801632e-19,"Up"
2.37960330838068e-24,5.92781698208175,0.833,0.106,1.82882032662289e-19,"Mdm2-201",1.82882032662289e-19,"Up"
2.48863571708084e-24,3.76053016490671,0.867,0.087,1.91261609400531e-19,"Timp2-201",1.91261609400531e-19,"Up"
2.50029868803601e-24,4.06497047901988,0.8,0.068,1.92157955370319e-19,"Golga4-201",1.92157955370319e-19,"Up"
3.08227729386149e-24,4.69803111204614,0.6,0.019,2.36885339142431e-19,"Mga-201",2.36885339142431e-19,"Up"
3.47349065589181e-24,3.03082370093512,0.8,0.058,2.66951650867909e-19,"Psg27-201",2.66951650867909e-19,"Up"
4.56720397688673e-24,3.76470824052279,0.933,0.116,3.51007894439653e-19,"Ahnak-202",3.51007894439653e-19,"Up"
4.68913111673982e-24,4.85918249628324,0.567,0.014,3.60378482845922e-19,"Nav2-216",3.60378482845922e-19,"Up"
5.27390559123988e-24,3.48951100499347,0.633,0.024,4.0532074030915e-19,"Sh3pxd2b-201",4.0532074030915e-19,"Up"
5.29048339727326e-24,5.37892512080203,0.567,0.014,4.06594811014039e-19,"Lhfpl2-204",4.06594811014039e-19,"Up"
5.42113313656098e-24,3.56695781858689,0.7,0.039,4.16635766077258e-19,"Abca1-201",4.16635766077258e-19,"Up"
5.45395232028818e-24,7.09902534815348,0.467,0,4.19158051623428e-19,"Gsk3b-201",4.19158051623428e-19,"Up"
5.45395232028818e-24,7.68786608003585,0.467,0,4.19158051623428e-19,"Zranb3-203",4.19158051623428e-19,"Up"
5.45395232028818e-24,6.46833888810769,0.467,0,4.19158051623428e-19,"Rbl2-201",4.19158051623428e-19,"Up"
5.45395232028818e-24,5.59515059213217,0.467,0,4.19158051623428e-19,"Slc27a1-207",4.19158051623428e-19,"Up"
5.45395232028818e-24,5.59515059213217,0.467,0,4.19158051623428e-19,"Slc27a1-201",4.19158051623428e-19,"Up"
5.45395232028818e-24,7.06146064802607,0.467,0,4.19158051623428e-19,"Col15a1-202",4.19158051623428e-19,"Up"
5.45395232028818e-24,7.91838064424853,0.467,0,4.19158051623428e-19,"Angptl4-201",4.19158051623428e-19,"Up"
5.45395232028818e-24,7.49035512316527,0.467,0,4.19158051623428e-19,"Orai2-201",4.19158051623428e-19,"Up"
5.45395232028818e-24,8.03477683219379,0.467,0,4.19158051623428e-19,"Casp4-201",4.19158051623428e-19,"Up"
6.64806278576479e-24,3.53195035211444,0.7,0.039,5.10930217337167e-19,"Aldh2-201",5.10930217337167e-19,"Up"
7.35511614153461e-24,3.43129067723689,0.633,0.024,5.65270095941501e-19,"Klf4-201",5.65270095941501e-19,"Up"
8.33153569298497e-24,6.04093761179436,0.5,0.005,6.40311844148667e-19,"Itm2a-201",6.40311844148667e-19,"Up"
8.56063561373229e-24,4.77356029431364,0.567,0.014,6.57919089457781e-19,"Agap1-202",6.57919089457781e-19,"Up"
8.71627944767568e-24,3.12893818102888,0.6,0.019,6.69880940671667e-19,"Cdk5rap2-206",6.69880940671667e-19,"Up"
8.71627944767568e-24,3.93701786064447,0.6,0.019,6.69880940671667e-19,"Anpep-202",6.69880940671667e-19,"Up"
8.71627944767568e-24,3.8871842348735,0.6,0.019,6.69880940671667e-19,"H2-T-ps-201",6.69880940671667e-19,"Up"
8.94216111059277e-24,5.15675635468248,0.533,0.01,6.87240849993496e-19,"Sgpl1-201",6.87240849993496e-19,"Up"
9.09001718405185e-24,4.60581134907951,0.567,0.014,6.98604180663121e-19,"Hk2-201",6.98604180663121e-19,"Up"
9.65180116407999e-24,4.49666262460319,0.567,0.014,7.41779526664204e-19,"Ifi30-201",7.41779526664204e-19,"Up"
1.08686308746618e-23,4.57629803353043,0.5,0.005,8.35297757241261e-19,"Rmi1-201",8.35297757241261e-19,"Up"
1.16142486845944e-23,5.05964103906945,0.5,0.005,8.92601468405819e-19,"Lrp12-201",8.92601468405819e-19,"Up"
1.16142486845944e-23,5.05551342168402,0.5,0.005,8.92601468405819e-19,"Tmbim1-201",8.92601468405819e-19,"Up"
1.16142486845944e-23,4.052829833811,0.5,0.005,8.92601468405819e-19,"Col5a1-201",8.92601468405819e-19,"Up"
1.2245185430188e-23,4.94470158554904,0.533,0.01,9.4109148105167e-19,"Zbed6-201",9.4109148105167e-19,"Up"
1.2410490247106e-23,3.83777810249722,0.5,0.005,9.53795817451083e-19,"Srpk2-201",9.53795817451083e-19,"Up"
1.30382791143226e-23,4.81547493679779,0.533,0.01,1.00204390305215e-18,"Atg13-202",1.00204390305215e-18,"Up"
1.30382791143226e-23,4.76924400979432,0.533,0.01,1.00204390305215e-18,"Myo5a-206",1.00204390305215e-18,"Up"
1.30382791143226e-23,4.15483828941415,0.533,0.01,1.00204390305215e-18,"Slco2a1-201",1.00204390305215e-18,"Up"
1.38214850944441e-23,3.70103550493702,0.567,0.014,1.0622364154484e-18,"Plxnb2-202",1.0622364154484e-18,"Up"
1.38214850944441e-23,3.97260448357635,0.567,0.014,1.0622364154484e-18,"Bhlhe41-201",1.0622364154484e-18,"Up"
1.46721299005718e-23,3.87273545000701,0.567,0.014,1.12761187137855e-18,"Tmbim1-202",1.12761187137855e-18,"Up"
1.55745887517299e-23,3.41506812836347,0.567,0.014,1.19696944392545e-18,"Ppt1-201",1.19696944392545e-18,"Up"
1.66466437921542e-23,4.95567717908611,0.667,0.039,1.27936116200222e-18,"Dst-211",1.27936116200222e-18,"Up"
1.67522965886418e-23,3.41232594254534,0.533,0.01,1.28748100202347e-18,"Dennd4c-202",1.28748100202347e-18,"Up"
1.70589089501289e-23,4.12793687662009,0.633,0.029,1.31104538845321e-18,"Dnmt3a-201",1.31104538845321e-18,"Up"
1.78339065316399e-23,3.41075098923565,0.533,0.01,1.37060705258265e-18,"Rufy1-201",1.37060705258265e-18,"Up"
2.02739998864229e-23,3.38744713941245,0.7,0.039,1.55813798727114e-18,"Top2a-201",1.55813798727114e-18,"Up"
5.49310318274512e-23,4.3976999265671,0.6,0.024,4.22166952006694e-18,"Itgax-201",4.22166952006694e-18,"Up"
7.23797943959196e-23,3.64149370851491,0.633,0.029,5.562676718504e-18,"Ccl2-201",5.562676718504e-18,"Up"
8.04923963502971e-23,3.44746459517133,0.633,0.029,6.18616262910574e-18,"Fbxo32-201",6.18616262910574e-18,"Up"
9.55264451490785e-23,2.01011903329965,0.667,0.034,7.34158941548728e-18,"Rap2b-201",7.34158941548728e-18,"Up"
1.16640456112091e-22,3.32981934211073,0.633,0.029,8.96428561403864e-18,"Arhgef3-202",8.96428561403864e-18,"Up"
1.27546722647879e-22,4.50342216269475,0.633,0.034,9.80247582238009e-18,"Plau-201",9.80247582238009e-18,"Up"
1.44089685435234e-22,2.62632251898508,0.633,0.029,1.10738686844395e-17,"Plxnd1-201",1.10738686844395e-17,"Up"
1.49030705417408e-22,4.69174677341706,0.633,0.034,1.14536058341495e-17,"Il7r-201",1.14536058341495e-17,"Up"
1.99254710841133e-22,3.34550136377281,0.667,0.039,1.53135215469844e-17,"Hmmr-201",1.53135215469844e-17,"Up"
2.52427961952154e-22,5.13180596210201,0.6,0.029,1.94000985878709e-17,"Ndrg1-201",1.94000985878709e-17,"Up"
2.66314321235391e-22,7.00113695822721,0.433,0,2.04673208442247e-17,"Lamc2-203",2.04673208442247e-17,"Up"
2.66314321235391e-22,7.00113695711221,0.433,0,2.04673208442247e-17,"Lamc2-201",2.04673208442247e-17,"Up"
2.66314321235391e-22,7.41374114633916,0.433,0,2.04673208442247e-17,"Lrp12-202",2.04673208442247e-17,"Up"
2.66314321235391e-22,7.36167377777444,0.433,0,2.04673208442247e-17,"Ephx1-201",2.04673208442247e-17,"Up"
2.66314321235391e-22,7.66890382210667,0.433,0,2.04673208442247e-17,"Naglu-201",2.04673208442247e-17,"Up"
2.66314321235391e-22,7.47829779435039,0.433,0,2.04673208442247e-17,"Col6a1-201",2.04673208442247e-17,"Up"
2.66314321235391e-22,7.4432102907089,0.433,0,2.04673208442247e-17,"Ptgr1-201",2.04673208442247e-17,"Up"
2.66314321235391e-22,7.27752932658301,0.433,0,2.04673208442247e-17,"Orai2-202",2.04673208442247e-17,"Up"
2.66314321235391e-22,6.18182931657097,0.433,0,2.04673208442247e-17,"Eng-201",2.04673208442247e-17,"Up"
2.66314321235391e-22,7.34889031128384,0.433,0,2.04673208442247e-17,"Fbln7-202",2.04673208442247e-17,"Up"
2.66314321235391e-22,7.34889031128384,0.433,0,2.04673208442247e-17,"Fbln7-201",2.04673208442247e-17,"Up"
2.6902494895361e-22,3.48148938591728,0.567,0.019,2.06756434268807e-17,"Uggt1-201",2.06756434268807e-17,"Up"
2.84847449082323e-22,2.93553339835206,0.6,0.024,2.18916658517729e-17,"Postn-203",2.18916658517729e-17,"Up"
2.93579850042307e-22,3.02577218101921,0.733,0.053,2.25627857951514e-17,"Cebpa-201",2.25627857951514e-17,"Up"
3.00769426957504e-22,2.72226130895398,0.6,0.024,2.3115333539392e-17,"Plcg2-201",2.3115333539392e-17,"Up"
3.01323632746788e-22,3.75935202275629,0.567,0.019,2.31579264711217e-17,"Myo1e-201",2.31579264711217e-17,"Up"
3.11035773187961e-22,4.89816218016364,0.533,0.014,2.39043433125876e-17,"Col6a3-202",2.39043433125876e-17,"Up"
3.18596819452147e-22,5.86199288462192,0.5,0.01,2.44854399621753e-17,"Nrp2-204",2.44854399621753e-17,"Up"
3.18596819452147e-22,5.86199288462192,0.5,0.01,2.44854399621753e-17,"Nrp2-203",2.44854399621753e-17,"Up"
3.37455383896719e-22,3.33382576322508,0.567,0.019,2.59347960739984e-17,"Zfp608-201",2.59347960739984e-17,"Up"
3.5709715809728e-22,2.95319191848467,0.567,0.019,2.74443449884084e-17,"Thoc2-201",2.74443449884084e-17,"Up"
3.72153539194022e-22,6.43552330356088,0.467,0.005,2.86014881012174e-17,"Ccdc88a-201",2.86014881012174e-17,"Up"
4.23068109475466e-22,2.97768739245004,0.567,0.019,3.25144764856275e-17,"Wdr91-201",3.25144764856275e-17,"Up"
4.24654041531464e-22,5.95275117014762,0.467,0.005,3.26363617078591e-17,"Siglec1-203",3.26363617078591e-17,"Up"
4.53588900826592e-22,5.53504049576864,0.467,0.005,3.48601213841269e-17,"Rcbtb2-209",3.48601213841269e-17,"Up"
4.53588900826592e-22,5.53504049576864,0.467,0.005,3.48601213841269e-17,"Rcbtb2-201",3.48601213841269e-17,"Up"
4.53588900826592e-22,5.53504049576864,0.467,0.005,3.48601213841269e-17,"Rcbtb2-218",3.48601213841269e-17,"Up"
4.70611072873025e-22,3.7876245169872,0.533,0.014,3.61683433945834e-17,"Sulf2-202",3.61683433945834e-17,"Up"
4.73610207532624e-22,2.80993630037172,0.567,0.019,3.63988388897123e-17,"Adam9-204",3.63988388897123e-17,"Up"
5.01077482357707e-22,2.94845088608386,0.567,0.019,3.85098088291192e-17,"Gpr137b-ps-201",3.85098088291192e-17,"Up"
5.24149529704138e-22,4.80624590458397,0.5,0.01,4.02829879558818e-17,"Rcbtb2-202",4.02829879558818e-17,"Up"
5.29549661991499e-22,4.26162416345896,0.533,0.014,4.06980097226947e-17,"Slc29a3-201",4.06980097226947e-17,"Up"
5.52619628318402e-22,3.99892086225434,0.467,0.005,4.24710289147824e-17,"Atp13a2-201",4.24710289147824e-17,"Up"
5.57703580716654e-22,4.47832925001668,0.5,0.01,4.28617509923977e-17,"Phldb1-201",4.28617509923977e-17,"Up"
5.57703580716654e-22,3.19674523939036,0.5,0.01,4.28617509923977e-17,"Cts3-202",4.28617509923977e-17,"Up"
5.61701211480397e-22,3.99379410472774,0.533,0.014,4.31689849071144e-17,"Ecm1-202",4.31689849071144e-17,"Up"
5.78885179948909e-22,4.88441847740755,0.633,0.039,4.44896416197934e-17,"Dst-215",4.44896416197934e-17,"Up"
5.90167208388519e-22,4.01086466221635,0.467,0.005,4.53567106334912e-17,"Lonrf3-201",4.53567106334912e-17,"Up"
5.90167208388519e-22,4.47705142453956,0.467,0.005,4.53567106334912e-17,"Col6a2-203",4.53567106334912e-17,"Up"
5.90167208388519e-22,4.47705142453956,0.467,0.005,4.53567106334912e-17,"Col6a2-202",4.53567106334912e-17,"Up"
5.90167208388519e-22,3.88566155572892,0.467,0.005,4.53567106334912e-17,"Fbn1-201",4.53567106334912e-17,"Up"
5.90167208388519e-22,3.84809013055321,0.467,0.005,4.53567106334912e-17,"Snx30-201",4.53567106334912e-17,"Up"
5.90167208388519e-22,4.11498470001531,0.467,0.005,4.53567106334912e-17,"Chaf1b-201",4.53567106334912e-17,"Up"
5.90167208388519e-22,4.11498470001531,0.467,0.005,4.53567106334912e-17,"Chaf1b-202",4.53567106334912e-17,"Up"
5.90167208388519e-22,3.60568985546402,0.467,0.005,4.53567106334912e-17,"Slc27a1-205",4.53567106334912e-17,"Up"
6.70203841823258e-22,3.34224116461089,0.533,0.014,5.15078460594847e-17,"Col5a2-201",5.15078460594847e-17,"Up"
6.70203841823258e-22,2.85993522579356,0.533,0.014,5.15078460594847e-17,"Maff-203",5.15078460594847e-17,"Up"
7.10792139783179e-22,2.58825829871413,0.533,0.014,5.46272191108964e-17,"Loxl2-201",5.46272191108964e-17,"Up"
7.1453244547837e-22,4.23790504442957,0.5,0.01,5.49146765647946e-17,"Ncapd3-205",5.49146765647946e-17,"Up"
7.1453244547837e-22,4.23790504442957,0.5,0.01,5.49146765647946e-17,"Ncapd3-201",5.49146765647946e-17,"Up"
7.1453244547837e-22,3.84213914013174,0.5,0.01,5.49146765647946e-17,"Ppt1-203",5.49146765647946e-17,"Up"
7.60121441503513e-22,3.75389099481273,0.5,0.01,5.84183732653109e-17,"Cic-201",5.84183732653109e-17,"Up"
8.0858666092231e-22,2.31985390198795,0.5,0.01,6.21431192385232e-17,"Lox-201",6.21431192385232e-17,"Up"
8.0858666092231e-22,3.39342687426958,0.5,0.01,6.21431192385232e-17,"Pacc1-201",6.21431192385232e-17,"Up"
8.12213108384371e-22,3.96957410055804,0.6,0.029,6.24218262317724e-17,"Dnmt3a-218",6.24218262317724e-17,"Up"
1.10267107063301e-21,3.83734396848301,0.633,0.034,8.4744682462429e-17,"Psg16-201",8.4744682462429e-17,"Up"
1.11563496027257e-21,3.00839507944746,0.7,0.048,8.57410092367878e-17,"Atp6v1c1-201",8.57410092367878e-17,"Up"
1.24846883076418e-21,5.10686249330553,0.9,0.179,9.59498235195503e-17,"Lyz2-201",9.59498235195503e-17,"Up"
1.25139998035373e-21,3.16335068111721,0.667,0.043,9.61750940901053e-17,"Mtss1-201",9.61750940901053e-17,"Up"
1.28176253702882e-21,2.01432643732735,0.733,0.053,9.85085780208129e-17,"Ncf2-202",9.85085780208129e-17,"Up"
1.35074016115288e-21,2.86747426028822,0.633,0.034,1.03809784345244e-16,"Cab39-202",1.03809784345244e-16,"Up"
1.37508337756936e-21,3.98056004559138,0.6,0.029,1.05680657899716e-16,"Vps13d-202",1.05680657899716e-16,"Up"
1.92457813368732e-21,2.8021132894036,0.633,0.034,1.47911527886405e-16,"Fndc3a-201",1.47911527886405e-16,"Up"
2.7144524878375e-21,3.17999545737527,0.6,0.029,2.08616531500263e-16,"Anxa1-207",2.08616531500263e-16,"Up"
2.82804208933494e-21,3.16101695878044,0.933,0.164,2.17346346733747e-16,"Npc2-201",2.17346346733747e-16,"Up"
3.58787460203844e-21,2.03682575747326,0.7,0.048,2.75742514665062e-16,"Tpbpb-201",2.75742514665062e-16,"Up"
3.7834847692726e-21,3.72755167401202,0.667,0.048,2.90775938457677e-16,"Dot1l-201",2.90775938457677e-16,"Up"
3.79138443172365e-21,4.05794248901623,0.567,0.024,2.91383059115689e-16,"Rftn1-201",2.91383059115689e-16,"Up"
4.45761341393282e-21,2.77578974902177,0.567,0.024,3.42585421314393e-16,"Rtn3-203",3.42585421314393e-16,"Up"
5.52903211255449e-21,3.24299304981926,0.567,0.024,4.24928233978262e-16,"Icam1-201",4.24928233978262e-16,"Up"
6.15658490045977e-21,2.88488462586816,0.567,0.024,4.73158175939935e-16,"Mitf-202",4.73158175939935e-16,"Up"
6.27219114351392e-21,3.47375407477114,0.7,0.053,4.82042978143619e-16,"Zfand2a-201",4.82042978143619e-16,"Up"
6.49627804909709e-21,4.43775655858497,0.567,0.024,4.99264953185308e-16,"Inhba-201",4.99264953185308e-16,"Up"
6.77286017553446e-21,4.03970399037828,0.533,0.019,5.20521395930525e-16,"Mical2-203",5.20521395930525e-16,"Up"
6.85449670428355e-21,3.50718913521617,0.567,0.024,5.26795489711008e-16,"Skil-201",5.26795489711008e-16,"Up"
7.63055647472271e-21,4.49954172817775,0.567,0.024,5.86438787308339e-16,"Il1a-201",5.86438787308339e-16,"Up"
8.01163160831602e-21,4.16288406248762,0.533,0.019,6.15725935625519e-16,"Mga-202",6.15725935625519e-16,"Up"
8.83741634854385e-21,2.84067220518247,0.633,0.039,6.79190796050989e-16,"Arid5b-204",6.79190796050989e-16,"Up"
9.52062036708272e-21,4.41534349609679,0.9,0.213,7.31697757691776e-16,"Ctsd-202",7.31697757691776e-16,"Up"
1.00178835876435e-20,3.80741960753706,0.533,0.019,7.69914425244756e-16,"Hpf1-201",7.69914425244756e-16,"Up"
1.05188383486778e-20,2.88876887238282,0.567,0.024,8.08414802449286e-16,"Postn-204",8.08414802449286e-16,"Up"
1.07092720140979e-20,3.77719976273564,0.6,0.034,8.23050391371481e-16,"Usf2-201",8.23050391371481e-16,"Up"
1.17038350732246e-20,2.45825562725902,0.567,0.024,8.99486540717603e-16,"Jag1-201",8.99486540717603e-16,"Up"
1.17038350732246e-20,2.54562156118197,0.567,0.024,8.99486540717603e-16,"Mrpl27-201",8.99486540717603e-16,"Up"
1.22585303781168e-20,4.56351594615726,0.5,0.014,9.4211709367979e-16,"Atp6ap1-201",9.4211709367979e-16,"Up"
1.25196112059039e-20,3.24881107335652,0.533,0.019,9.62182199618541e-16,"C130026I21Rik-202",9.62182199618541e-16,"Up"
1.26259307916856e-20,6.4724781561077,0.4,0,9.70353285064209e-16,"Axl-202",9.70353285064209e-16,"Up"
1.26259307916856e-20,8.12733478127894,0.4,0,9.70353285064209e-16,"Prl8a6-201",9.70353285064209e-16,"Up"
1.26259307916856e-20,8.1336656427255,0.4,0,9.70353285064209e-16,"Prl8a6-203",9.70353285064209e-16,"Up"
1.26259307916856e-20,6.71783533385911,0.4,0,9.70353285064209e-16,"Tbc1d23-203",9.70353285064209e-16,"Up"
1.26259307916856e-20,6.43287006152282,0.4,0,9.70353285064209e-16,"Cav1-201",9.70353285064209e-16,"Up"
1.26259307916856e-20,6.53605453566922,0.4,0,9.70353285064209e-16,"Cav1-202",9.70353285064209e-16,"Up"
1.26259307916856e-20,6.02748908943721,0.4,0,9.70353285064209e-16,"Rbl2-210",9.70353285064209e-16,"Up"
1.26259307916856e-20,6.28646113939811,0.4,0,9.70353285064209e-16,"Aifm2-203",9.70353285064209e-16,"Up"
1.26259307916856e-20,6.91685542638399,0.4,0,9.70353285064209e-16,"Dnmt3a-209",9.70353285064209e-16,"Up"
1.26259307916856e-20,7.20850745412711,0.4,0,9.70353285064209e-16,"Cts6-201",9.70353285064209e-16,"Up"
1.26259307916856e-20,7.02850367224617,0.4,0,9.70353285064209e-16,"Aph1c-202",9.70353285064209e-16,"Up"
1.26259307916856e-20,7.19095613982572,0.4,0,9.70353285064209e-16,"Usp18-201",9.70353285064209e-16,"Up"
1.26259307916856e-20,6.11089220902619,0.4,0,9.70353285064209e-16,"Ly9-204",9.70353285064209e-16,"Up"
1.26259307916856e-20,8.84472759810838,0.4,0,9.70353285064209e-16,"Psg16-202",9.70353285064209e-16,"Up"
1.26259307916856e-20,7.53691097354115,0.4,0,9.70353285064209e-16,"Rnd3-201",9.70353285064209e-16,"Up"
1.26259307916856e-20,8.60239700154379,0.4,0,9.70353285064209e-16,"Ccl7-201",9.70353285064209e-16,"Up"
1.27490344691631e-20,2.74569023793337,0.8,0.082,9.79814295093061e-16,"Kif5b-201",9.79814295093061e-16,"Up"
1.47925960770603e-20,3.79380052256138,0.533,0.019,1.13687017890639e-15,"Slc7a8-201",1.13687017890639e-15,"Up"
1.54815587825814e-20,4.2388839671071,0.5,0.014,1.18981971867651e-15,"Col6a3-208",1.18981971867651e-15,"Up"
1.58484054207049e-20,3.13980977751284,0.633,0.039,1.21801335020286e-15,"Sdc4-201",1.21801335020286e-15,"Up"
1.65299572337471e-20,3.14297763868051,0.533,0.019,1.2703933332424e-15,"Mfsd11-201",1.2703933332424e-15,"Up"
1.73941670271119e-20,4.04474310882497,0.5,0.014,1.33681131270166e-15,"Cpeb2-205",1.33681131270166e-15,"Up"
1.7472815225543e-20,3.14037109313997,0.533,0.019,1.34285574134388e-15,"Gtse1-201",1.34285574134388e-15,"Up"
1.7472815225543e-20,3.14037109313997,0.533,0.019,1.34285574134388e-15,"Gtse1-202",1.34285574134388e-15,"Up"
1.84362808147532e-20,4.29547097950289,0.5,0.014,1.41690192573704e-15,"Nr1d2-201",1.41690192573704e-15,"Up"
1.84860307008894e-20,3.2691286321497,0.667,0.048,1.42072540348616e-15,"Ccng1-201",1.42072540348616e-15,"Up"
1.95400856156327e-20,4.0934911743721,0.5,0.014,1.50173373990383e-15,"Tpp1-201",1.50173373990383e-15,"Up"
1.95718121149158e-20,3.23056120999885,0.6,0.034,1.50417204827974e-15,"Man2b1-201",1.50417204827974e-15,"Up"
2.06322363561685e-20,2.37288823746429,0.533,0.019,1.58566989291698e-15,"Rai14-202",1.58566989291698e-15,"Up"
2.09372491663336e-20,6.1155362778305,0.433,0.005,1.6091113474294e-15,"Cxcl1-201",1.6091113474294e-15,"Up"
2.11932120939053e-20,2.82652138005649,0.633,0.039,1.628783122265e-15,"Rgs2-202",1.628783122265e-15,"Up"
2.16637062577763e-20,5.31833635815117,0.467,0.01,1.66494248073514e-15,"Gstm1-201",1.66494248073514e-15,"Up"
2.1947404428559e-20,4.10831352910254,0.5,0.014,1.68674581995248e-15,"Neil3-201",1.68674581995248e-15,"Up"
2.3146891790518e-20,3.47632932538481,1,0.343,1.77893122166847e-15,"Vim-201",1.77893122166847e-15,"Up"
2.3855681493414e-20,5.08391516621621,0.433,0.005,1.83340454549484e-15,"Gna15-201",1.83340454549484e-15,"Up"
2.44881235939377e-20,4.88884574317244,0.467,0.01,1.88201025068849e-15,"Acox1-201",1.88201025068849e-15,"Up"
2.46475496830885e-20,3.66872186879991,0.5,0.014,1.89426278334408e-15,"Mif-201",1.89426278334408e-15,"Up"
2.46475496830885e-20,3.24664510499807,0.5,0.014,1.89426278334408e-15,"Nrp1-201",1.89426278334408e-15,"Up"
2.54622394153312e-20,4.11410999781306,0.433,0.005,1.95687494802587e-15,"Camk2d-226",1.95687494802587e-15,"Up"
2.54622394153312e-20,5.05275244695475,0.433,0.005,1.95687494802587e-15,"Cntln-201",1.95687494802587e-15,"Up"
2.54622394153312e-20,5.56983309439915,0.433,0.005,1.95687494802587e-15,"Oit3-201",1.95687494802587e-15,"Up"
2.54622394153312e-20,5.27138538317481,0.433,0.005,1.95687494802587e-15,"Plxna1-202",1.95687494802587e-15,"Up"
2.54622394153312e-20,3.80194336945349,0.433,0.005,1.95687494802587e-15,"Atp13a2-203",1.95687494802587e-15,"Up"
2.61182604507972e-20,1.60002652266445,0.5,0.014,2.00729278868557e-15,"Tmcc3-201",2.00729278868557e-15,"Up"
2.7175683664868e-20,4.76931823403626,0.433,0.005,2.08855999237976e-15,"Fbn2-201",2.08855999237976e-15,"Up"
2.7175683664868e-20,4.32032567571015,0.433,0.005,2.08855999237976e-15,"Pbdc1-203",2.08855999237976e-15,"Up"
2.7175683664868e-20,3.37700144253046,0.433,0.005,2.08855999237976e-15,"Prdx4-201",2.08855999237976e-15,"Up"
2.7175683664868e-20,2.84822601729679,0.433,0.005,2.08855999237976e-15,"Slain2-201",2.08855999237976e-15,"Up"
2.7175683664868e-20,3.86480947669053,0.433,0.005,2.08855999237976e-15,"Atg12-201",2.08855999237976e-15,"Up"
2.7175683664868e-20,3.87759934387727,0.433,0.005,2.08855999237976e-15,"Nr1d1-201",2.08855999237976e-15,"Up"
2.7175683664868e-20,4.25154730815779,0.433,0.005,2.08855999237976e-15,"Creb5-203",2.08855999237976e-15,"Up"
2.7175683664868e-20,3.62824070215344,0.433,0.005,2.08855999237976e-15,"Flt1-202",2.08855999237976e-15,"Up"
2.7175683664868e-20,3.73836281968296,0.433,0.005,2.08855999237976e-15,"Rmi1-205",2.08855999237976e-15,"Up"
2.7175683664868e-20,3.73836281968296,0.433,0.005,2.08855999237976e-15,"Rmi1-204",2.08855999237976e-15,"Up"
2.7175683664868e-20,3.73836281968296,0.433,0.005,2.08855999237976e-15,"Rmi1-202",2.08855999237976e-15,"Up"
2.7175683664868e-20,3.76908545511261,0.433,0.005,2.08855999237976e-15,"Fbn1-202",2.08855999237976e-15,"Up"
2.7175683664868e-20,3.34551765865901,0.433,0.005,2.08855999237976e-15,"Gkn2-201",2.08855999237976e-15,"Up"
2.7175683664868e-20,4.13079798855159,0.433,0.005,2.08855999237976e-15,"Ly9-202",2.08855999237976e-15,"Up"
2.7175683664868e-20,4.30492081876491,0.433,0.005,2.08855999237976e-15,"Ptprs-201",2.08855999237976e-15,"Up"
2.7175683664868e-20,4.55499285459137,0.433,0.005,2.08855999237976e-15,"Cadm1-209",2.08855999237976e-15,"Up"
2.76744099366842e-20,3.9625644167705,0.967,0.188,2.12688910127393e-15,"Ctsl-205",2.12688910127393e-15,"Up"
2.76756746598646e-20,2.74600843774311,0.5,0.014,2.12698630030924e-15,"Maff-202",2.12698630030924e-15,"Up"
2.76760760584228e-20,3.76926482344918,0.467,0.01,2.12701714939403e-15,"Cyp4v3-201",2.12701714939403e-15,"Up"
2.76760760584228e-20,4.01781405143425,0.467,0.01,2.12701714939403e-15,"Tmcc3-202",2.12701714939403e-15,"Up"
2.76760760584228e-20,3.53994668058977,0.467,0.01,2.12701714939403e-15,"Nup205-201",2.12701714939403e-15,"Up"
2.80021074294647e-20,3.21731596805343,0.667,0.048,2.15207396438408e-15,"Adam17-201",2.15207396438408e-15,"Up"
2.93248403102665e-20,3.48539236819848,0.5,0.014,2.25373127720522e-15,"Pbdc1-201",2.25373127720522e-15,"Up"
2.93248403102665e-20,3.11671737336793,0.5,0.014,2.25373127720522e-15,"Nedd9-201",2.25373127720522e-15,"Up"
2.94205891913893e-20,4.25108031276648,0.467,0.01,2.26108996171503e-15,"Pld2-201",2.26108996171503e-15,"Up"
3.09841333553182e-20,3.31876051740966,0.7,0.063,2.38125458488963e-15,"Grn-211",2.38125458488963e-15,"Up"
3.09841333553182e-20,3.31876051740966,0.7,0.063,2.38125458488963e-15,"Grn-201",2.38125458488963e-15,"Up"
3.10710955236662e-20,2.67054946973867,0.5,0.014,2.38793797537584e-15,"Mgat4a-205",2.38793797537584e-15,"Up"
3.10710955236662e-20,2.67054946973867,0.5,0.014,2.38793797537584e-15,"Mgat4a-201",2.38793797537584e-15,"Up"
3.12737371238345e-20,3.74308817871231,0.467,0.01,2.40351179291517e-15,"Ecm1-201",2.40351179291517e-15,"Up"
3.12737371238345e-20,3.56460138607125,0.467,0.01,2.40351179291517e-15,"Samd9l-201",2.40351179291517e-15,"Up"
3.32422003029682e-20,3.76742434096432,0.467,0.01,2.55479606208432e-15,"Arhgef3-201",2.55479606208432e-15,"Up"
3.32422003029682e-20,3.86821961864427,0.467,0.01,2.55479606208432e-15,"Stk38l-201",2.55479606208432e-15,"Up"
3.32422003029682e-20,3.1259901490962,0.467,0.01,2.55479606208432e-15,"Loxl2-202",2.55479606208432e-15,"Up"
3.37347447226356e-20,2.4813651286288,0.767,0.068,2.59265007091344e-15,"Nfe2l2-201",2.59265007091344e-15,"Up"
3.53330646715804e-20,3.51838535148548,0.467,0.01,2.71548735226964e-15,"Cic-202",2.71548735226964e-15,"Up"
3.53330646715804e-20,3.97234701057956,0.467,0.01,2.71548735226964e-15,"Tmem140-201",2.71548735226964e-15,"Up"
3.63848803427086e-20,1.85797864035752,0.7,0.053,2.79632359385853e-15,"Ncf2-201",2.79632359385853e-15,"Up"
3.77904025616471e-20,2.16250628127039,0.633,0.039,2.90434359847282e-15,"Lrrc58-201",2.90434359847282e-15,"Up"
4.63943787402091e-20,2.58107791739088,0.667,0.048,3.56559358370003e-15,"Fosl2-201",3.56559358370003e-15,"Up"
5.02334096182341e-20,2.99291187270085,0.733,0.072,3.86063846279976e-15,"Itgam-201",3.86063846279976e-15,"Up"
5.45305819258636e-20,3.62463219339827,0.667,0.053,4.19089334333032e-15,"Tns3-205",4.19089334333032e-15,"Up"
6.41197565706519e-20,3.49497351149512,0.567,0.029,4.92785977148088e-15,"Ccl6-201",4.92785977148088e-15,"Up"
6.41197565706519e-20,3.82518867790819,0.567,0.029,4.92785977148088e-15,"C3ar1-201",4.92785977148088e-15,"Up"
6.79510456292954e-20,3.6577118797811,0.6,0.039,5.22230966079387e-15,"Rhoc-201",5.22230966079387e-15,"Up"
7.14196085301852e-20,3.29449550874882,0.667,0.053,5.48888259397885e-15,"Syne1-205",5.48888259397885e-15,"Up"
7.477381956679e-20,3.36670877723439,0.567,0.029,5.74666712898608e-15,"Mphosph10-201",5.74666712898608e-15,"Up"
7.87001752731216e-20,3.69685241161738,0.567,0.029,6.04842327044049e-15,"Rgl1-203",6.04842327044049e-15,"Up"
9.17433944275964e-20,3.14087307252279,0.567,0.029,7.0508468353385e-15,"Syngr1-202",7.0508468353385e-15,"Up"
1.04260834557249e-19,4.00499860058663,0.533,0.024,8.01286217906278e-15,"Esyt1-201",8.01286217906278e-15,"Up"
1.05682995403163e-19,2.10065009207831,0.6,0.034,8.1221609287147e-15,"Dcn-201",8.1221609287147e-15,"Up"
1.2226073459784e-19,3.67168821073771,0.533,0.024,9.39622649678243e-15,"Plagl1-202",9.39622649678243e-15,"Up"
1.28918003983683e-19,3.54749097181899,0.533,0.024,9.90786427816199e-15,"Anxa3-201",9.90786427816199e-15,"Up"
1.43098972891603e-19,3.70631782793837,0.7,0.068,1.09977284626113e-14,"Trf-201",1.09977284626113e-14,"Up"
1.56754276657906e-19,3.82340945917772,0.667,0.058,1.20471931782667e-14,"Atp6v1a-202",1.20471931782667e-14,"Up"
1.7708089515889e-19,3.59053759255573,0.533,0.024,1.36093751165413e-14,"Itprid2-201",1.36093751165413e-14,"Up"
1.77744656101721e-19,2.45706092894999,0.567,0.029,1.36603878000417e-14,"Syncrip-201",1.36603878000417e-14,"Up"
1.86992418464093e-19,2.64112817286024,0.767,0.082,1.43711153286394e-14,"Anxa5-201",1.43711153286394e-14,"Up"
1.98872147256669e-19,2.1979517100722,0.7,0.058,1.5284120005264e-14,"S100a10-201",1.5284120005264e-14,"Up"
2.07446969932637e-19,3.16247678604894,0.533,0.024,1.59431294272029e-14,"Prrc2b-202",1.59431294272029e-14,"Up"
2.16313023313764e-19,3.57988711984631,0.8,0.121,1.6624521093756e-14,"Laptm5-207",1.6624521093756e-14,"Up"
2.17632223836385e-19,2.1809226415113,0.567,0.029,1.67259069307215e-14,"Rabgef1-203",1.67259069307215e-14,"Up"
2.30024487533184e-19,3.80966032517849,0.5,0.019,1.76783019648753e-14,"Nr4a3-201",1.76783019648753e-14,"Up"
2.40772701892111e-19,2.30302734147256,0.567,0.029,1.85043452312163e-14,"Fam174a-201",1.85043452312163e-14,"Up"
2.48777697586434e-19,3.02427488226538,0.667,0.053,1.91195611703078e-14,"B4galt1-201",1.91195611703078e-14,"Up"
2.56066895442885e-19,3.57117475507976,0.533,0.024,1.96797651823675e-14,"Arhgdib-201",1.96797651823675e-14,"Up"
2.77435970171301e-19,3.68042301428998,0.7,0.072,2.13220640515452e-14,"Capg-202",2.13220640515452e-14,"Up"
2.83903613878747e-19,1.06860506135553,0.667,0.048,2.18191283410372e-14,"Surf4-201",2.18191283410372e-14,"Up"
2.87747136121561e-19,2.57565302834929,0.6,0.039,2.21145183994864e-14,"Ipo7-201",2.21145183994864e-14,"Up"
2.99769585061583e-19,2.16813785023963,0.533,0.024,2.30384916903229e-14,"Nceh1-201",2.30384916903229e-14,"Up"
3.15915005189301e-19,3.55474723349424,0.533,0.024,2.42793318088186e-14,"Zfhx3-201",2.42793318088186e-14,"Up"
3.23184269667136e-19,3.22399474347888,0.633,0.048,2.48380038609981e-14,"Apobec1-202",2.48380038609981e-14,"Up"
3.31959105068547e-19,4.54831021112747,0.7,0.068,2.55123850609381e-14,"Psg21-202",2.55123850609381e-14,"Up"
3.32919012326518e-19,2.86179610295355,0.533,0.024,2.55861577733422e-14,"Def6-201",2.55861577733422e-14,"Up"
3.37993154414358e-19,3.6435904975525,0.5,0.019,2.59761258893611e-14,"Susd6-201",2.59761258893611e-14,"Up"
3.69685359560684e-19,2.78412610010293,0.533,0.024,2.84117986236768e-14,"Postn-201",2.84117986236768e-14,"Up"
3.69685359560684e-19,2.80399547611989,0.533,0.024,2.84117986236768e-14,"Postn-202",2.84117986236768e-14,"Up"
3.75029837070656e-19,2.3764458773122,0.633,0.043,2.88225430982282e-14,"Vcl-201",2.88225430982282e-14,"Up"
3.89544936229304e-19,2.20403654958828,0.533,0.024,2.99380865289669e-14,"9930111J21Rik2-202",2.99380865289669e-14,"Up"
3.89915673686694e-19,3.7718128323139,0.567,0.034,2.99665791855172e-14,"Ctss-201",2.99665791855172e-14,"Up"
4.21077066408136e-19,2.52423626279454,0.6,0.039,3.23614568617309e-14,"Atp2b1-201",3.23614568617309e-14,"Up"
4.30502151719804e-19,2.28015702895601,0.633,0.043,3.30858123682738e-14,"Atp6v0d1-201",3.30858123682738e-14,"Up"
4.38325975004737e-19,4.7429960728055,0.467,0.014,3.36871044830141e-14,"Plod1-201",3.36871044830141e-14,"Up"
4.55666852857098e-19,1.40846663162274,0.533,0.024,3.50198203094794e-14,"Maff-201",3.50198203094794e-14,"Up"
4.69410184754192e-19,3.66393803320135,0.5,0.019,3.60760503390987e-14,"Sgpl1-202",3.60760503390987e-14,"Up"
4.69410184754192e-19,3.2616561651719,0.5,0.019,3.60760503390987e-14,"Timm44-201",3.60760503390987e-14,"Up"
4.8008194793824e-19,2.00958916789424,0.533,0.024,3.68962180268455e-14,"Txndc12-201",3.68962180268455e-14,"Up"
4.95760136638295e-19,3.6508401819417,0.5,0.019,3.81011495411995e-14,"Nav1-208",3.81011495411995e-14,"Up"
5.2357027498869e-19,3.51013241186616,0.5,0.019,4.02384699139808e-14,"Fosb-201",4.02384699139808e-14,"Up"
5.51624006338928e-19,4.56349074812889,0.467,0.014,4.2394511383172e-14,"Aen-203",4.2394511383172e-14,"Up"
5.59599390648886e-19,3.32830721170055,0.6,0.039,4.30074515689295e-14,"Rabep1-201",4.30074515689295e-14,"Up"
5.81629900589261e-19,7.60643349677537,0.367,0,4.4700584379887e-14,"Gnptab-206",4.4700584379887e-14,"Up"
5.81629900589261e-19,4.6933866719045,0.367,0,4.4700584379887e-14,"Mms19-217",4.4700584379887e-14,"Up"
5.81629900589261e-19,7.26281018031488,0.367,0,4.4700584379887e-14,"Cav2-201",4.4700584379887e-14,"Up"
5.81629900589261e-19,6.08769106732879,0.367,0,4.4700584379887e-14,"Mthfsl-202",4.4700584379887e-14,"Up"
5.81629900589261e-19,7.22118577143765,0.367,0,4.4700584379887e-14,"Gpr137b-207",4.4700584379887e-14,"Up"
5.81629900589261e-19,6.11027650365093,0.367,0,4.4700584379887e-14,"Man2a2-201",4.4700584379887e-14,"Up"
5.81629900589261e-19,7.1678604253466,0.367,0,4.4700584379887e-14,"Epha2-201",4.4700584379887e-14,"Up"
5.81629900589261e-19,6.79668589494774,0.367,0,4.4700584379887e-14,"Rdm1-201",4.4700584379887e-14,"Up"
5.81629900589261e-19,6.03498962921051,0.367,0,4.4700584379887e-14,"Zfyve1-201",4.4700584379887e-14,"Up"
5.81629900589261e-19,6.99612109576527,0.367,0,4.4700584379887e-14,"Slc41a2-201",4.4700584379887e-14,"Up"
5.81629900589261e-19,6.52002515619841,0.367,0,4.4700584379887e-14,"Stra6l-202",4.4700584379887e-14,"Up"
5.81629900589261e-19,6.84413366891004,0.367,0,4.4700584379887e-14,"Angptl4-202",4.4700584379887e-14,"Up"
5.81629900589261e-19,5.80927763776639,0.367,0,4.4700584379887e-14,"Eng-202",4.4700584379887e-14,"Up"
5.81629900589261e-19,6.98102547509602,0.367,0,4.4700584379887e-14,"Slamf7-203",4.4700584379887e-14,"Up"
5.83894783613682e-19,3.44252530910237,0.5,0.019,4.48746496998459e-14,"Pfkfb3-201",4.48746496998459e-14,"Up"
5.83894783613682e-19,3.44252530910237,0.5,0.019,4.48746496998459e-14,"Pfkfb3-206",4.48746496998459e-14,"Up"
6.1658198264157e-19,2.85233376175419,0.5,0.019,4.73867916939353e-14,"Nusap1-202",4.73867916939353e-14,"Up"
6.18673704833971e-19,4.420752488479,0.467,0.014,4.754754891131e-14,"Anxa1-208",4.754754891131e-14,"Up"
6.51075495302164e-19,3.17963343721785,0.5,0.019,5.00377561159525e-14,"C3-201",5.00377561159525e-14,"Up"
6.55156101101078e-19,3.96540385195804,0.467,0.014,5.03513669940223e-14,"Calu-202",5.03513669940223e-14,"Up"
6.87473806781565e-19,2.6458227719128,0.5,0.019,5.28351119463904e-14,"H2-Q1-203",5.28351119463904e-14,"Up"
6.87473806781565e-19,2.6458227719128,0.5,0.019,5.28351119463904e-14,"H2-Q1-202",5.28351119463904e-14,"Up"
6.87473806781565e-19,2.6458227719128,0.5,0.019,5.28351119463904e-14,"H2-Q1-201",5.28351119463904e-14,"Up"
6.87473806781565e-19,2.64784828609234,0.5,0.019,5.28351119463904e-14,"Wdr91-205",5.28351119463904e-14,"Up"
6.93762002932468e-19,4.16304684367747,0.467,0.014,5.33183849733719e-14,"Ano6-201",5.33183849733719e-14,"Up"
6.93762002932468e-19,3.99404315728895,0.467,0.014,5.33183849733719e-14,"Cpeb2-204",5.33183849733719e-14,"Up"
7.25880697471327e-19,3.53293579958371,0.5,0.019,5.57868351234614e-14,"Naip2-202",5.57868351234614e-14,"Up"
7.25880697471327e-19,3.53293579958371,0.5,0.019,5.57868351234614e-14,"Naip2-201",5.57868351234614e-14,"Up"
7.25880697471327e-19,3.03550401406338,0.5,0.019,5.57868351234614e-14,"Glipr1-204",5.57868351234614e-14,"Up"
7.25880697471327e-19,3.03550401406338,0.5,0.019,5.57868351234614e-14,"Glipr1-201",5.57868351234614e-14,"Up"
7.34613354359306e-19,3.89699749620491,0.467,0.014,5.64579747359301e-14,"Atg2b-201",5.64579747359301e-14,"Up"
7.66405523563514e-19,3.03044573305919,0.5,0.019,5.89013301079503e-14,"Eif4a3-201",5.89013301079503e-14,"Up"
7.7783900459731e-19,4.03233198908331,0.467,0.014,5.97800388593217e-14,"Myo1e-203",5.97800388593217e-14,"Up"
7.7783900459731e-19,4.52882105874258,0.467,0.014,5.97800388593217e-14,"P2rx4-206",5.97800388593217e-14,"Up"
8.16397693588171e-19,3.11080755405486,0.6,0.039,6.27434283430253e-14,"Ceacam12-201",6.27434283430253e-14,"Up"
8.16397693588171e-19,3.10662716575612,0.6,0.039,6.27434283430253e-14,"Ceacam12-203",6.27434283430253e-14,"Up"
8.22494322590469e-19,6.63334629925127,0.4,0.005,6.3211978668368e-14,"Slc7a2-201",6.3211978668368e-14,"Up"
8.35065366987258e-19,4.82260157053925,0.533,0.029,6.41781137144387e-14,"Dock10-201",6.41781137144387e-14,"Up"
8.54276072563965e-19,2.83738368297217,0.5,0.019,6.5654533280831e-14,"Fkbp15-201",6.5654533280831e-14,"Up"
8.71965457528453e-19,3.89160499560732,0.467,0.014,6.70140332728917e-14,"Dcbld2-201",6.70140332728917e-14,"Up"
8.77494013931949e-19,5.02128726744973,0.4,0.005,6.7438924946726e-14,"Mroh1-202",6.7438924946726e-14,"Up"
8.96933930873136e-19,3.47643122108082,0.567,0.034,6.8932960323324e-14,"Rgl1-201",6.8932960323324e-14,"Up"
8.9699396372049e-19,2.78589154907091,0.6,0.039,6.89375740877745e-14,"Fcer1g-201",6.89375740877745e-14,"Up"
9.01871121797173e-19,1.99308658387168,0.5,0.019,6.93124031945999e-14,"Rer1-203",6.93124031945999e-14,"Up"
9.01871121797173e-19,1.88491599084491,0.5,0.019,6.93124031945999e-14,"Pepd-201",6.93124031945999e-14,"Up"
9.23162059701404e-19,3.78320181417831,0.467,0.014,7.09486969362917e-14,"Nenf-201",7.09486969362917e-14,"Up"
9.23162059701404e-19,3.20134142133924,0.467,0.014,7.09486969362917e-14,"Brip1-201",7.09486969362917e-14,"Up"
9.23162059701404e-19,2.98291929237663,0.467,0.014,7.09486969362917e-14,"Rpa2-201",7.09486969362917e-14,"Up"
9.36123263522443e-19,4.67030392190309,0.4,0.005,7.19448172947538e-14,"Rcbtb2-219",7.19448172947538e-14,"Up"
9.36123263522443e-19,5.24967031819715,0.4,0.005,7.19448172947538e-14,"Gsap-201",7.19448172947538e-14,"Up"
9.36123263522443e-19,5.47507326991392,0.4,0.005,7.19448172947538e-14,"Sestd1-202",7.19448172947538e-14,"Up"
9.36123263522443e-19,5.68477891146356,0.4,0.005,7.19448172947538e-14,"Dnase1l1-201",7.19448172947538e-14,"Up"
9.41732985797804e-19,3.75862465772594,0.567,0.034,7.23759468905044e-14,"Tmem43-201",7.23759468905044e-14,"Up"
9.75220909701521e-19,4.78882947253191,0.433,0.01,7.49496277942007e-14,"Nedd4l-223",7.49496277942007e-14,"Up"
9.77325440868503e-19,3.00609266270162,0.467,0.014,7.51113694325079e-14,"Slc25a25-203",7.51113694325079e-14,"Up"
1.0346251974412e-18,3.15752126165209,0.467,0.014,7.9515084924146e-14,"Cdc45-201",7.9515084924146e-14,"Up"
1.0346251974412e-18,2.96733007399686,0.467,0.014,7.9515084924146e-14,"Samd8-202",7.9515084924146e-14,"Up"
1.03593280328706e-18,5.08057118400801,0.433,0.01,7.96155796638237e-14,"Lhfpl2-202",7.96155796638237e-14,"Up"
1.03806441463515e-18,3.41892188428608,0.567,0.034,7.97794025223697e-14,"Itgav-201",7.97794025223697e-14,"Up"
1.0652306555558e-18,4.98945478785628,0.4,0.005,8.18672368020852e-14,"Eps8-202",8.18672368020852e-14,"Up"
1.0652306555558e-18,5.78471840695889,0.4,0.005,8.18672368020852e-14,"Dpysl2-201",8.18672368020852e-14,"Up"
1.0652306555558e-18,6.09640465544544,0.4,0.005,8.18672368020852e-14,"Mucl3-201",8.18672368020852e-14,"Up"
1.10037472253083e-18,4.68271427857153,0.433,0.01,8.45681989253843e-14,"Cts3-201",8.45681989253843e-14,"Up"
1.11582434712211e-18,2.5251252430518,0.7,0.063,8.57555643737223e-14,"Dlk1-205",8.57555643737223e-14,"Up"
1.13622777078301e-18,4.14039601769605,0.4,0.005,8.73236490957575e-14,"Cdk14-201",8.73236490957575e-14,"Up"
1.13622777078301e-18,4.43133114834453,0.4,0.005,8.73236490957575e-14,"Manba-201",8.73236490957575e-14,"Up"
1.13622777078301e-18,4.94044220864793,0.4,0.005,8.73236490957575e-14,"Manba-208",8.73236490957575e-14,"Up"
1.13622777078301e-18,4.62699042077547,0.4,0.005,8.73236490957575e-14,"Gpr107-201",8.73236490957575e-14,"Up"
1.13622777078301e-18,4.77608065450516,0.4,0.005,8.73236490957575e-14,"Polk-201",8.73236490957575e-14,"Up"
1.13622777078301e-18,5.05343119687578,0.4,0.005,8.73236490957575e-14,"Angptl2-201",8.73236490957575e-14,"Up"
1.13622777078301e-18,3.84753696224574,0.4,0.005,8.73236490957575e-14,"C77080-201",8.73236490957575e-14,"Up"
1.15936054716797e-18,2.69746735544225,0.467,0.014,8.91014954920474e-14,"Kif20b-201",8.91014954920474e-14,"Up"
1.15936054716797e-18,2.94195416884406,0.467,0.014,8.91014954920474e-14,"Plxnb2-201",8.91014954920474e-14,"Up"
1.15936054716797e-18,2.303959012796,0.467,0.014,8.91014954920474e-14,"Dcp1a-201",8.91014954920474e-14,"Up"
1.15936054716797e-18,3.54913814580816,0.467,0.014,8.91014954920474e-14,"Dusp4-201",8.91014954920474e-14,"Up"
1.15936054716797e-18,3.83155899968251,0.467,0.014,8.91014954920474e-14,"Pnpla7-201",8.91014954920474e-14,"Up"
1.16877271529201e-18,3.8601315895474,0.433,0.01,8.98248582610518e-14,"Phldb1-214",8.98248582610518e-14,"Up"
1.18896392131802e-18,2.2524247842063,0.6,0.039,9.1376633208975e-14,"Skap2-205",9.1376633208975e-14,"Up"
1.20237994548324e-18,2.80633138949903,0.667,0.058,9.24077083301686e-14,"Npc1-201",9.24077083301686e-14,"Up"
1.20930372358412e-18,3.71802471468065,0.733,0.101,9.29398283723341e-14,"Ctsa-201",9.29398283723341e-14,"Up"
1.21189436688391e-18,3.65444225792076,0.4,0.005,9.31389296724957e-14,"F7-201",9.31389296724957e-14,"Up"
1.21189436688391e-18,3.41286110025867,0.4,0.005,9.31389296724957e-14,"Lox-202",9.31389296724957e-14,"Up"
1.21189436688391e-18,2.75724911269459,0.4,0.005,9.31389296724957e-14,"Snx33-201",9.31389296724957e-14,"Up"
1.21189436688391e-18,4.32462247186399,0.4,0.005,9.31389296724957e-14,"Creb5-212",9.31389296724957e-14,"Up"
1.21189436688391e-18,3.61824811574977,0.4,0.005,9.31389296724957e-14,"Sbf2-205",9.31389296724957e-14,"Up"
1.21189436688391e-18,3.61824811574977,0.4,0.005,9.31389296724957e-14,"Sbf2-201",9.31389296724957e-14,"Up"
1.21189436688391e-18,3.70575549204544,0.4,0.005,9.31389296724957e-14,"Flt1-203",9.31389296724957e-14,"Up"
1.21189436688391e-18,4.030985583487,0.4,0.005,9.31389296724957e-14,"Gfpt2-201",9.31389296724957e-14,"Up"
1.21189436688391e-18,4.07877803098299,0.4,0.005,9.31389296724957e-14,"Homer3-203",9.31389296724957e-14,"Up"
1.21189436688391e-18,4.07877803098299,0.4,0.005,9.31389296724957e-14,"Homer3-201",9.31389296724957e-14,"Up"
1.21189436688391e-18,4.5314767916231,0.4,0.005,9.31389296724957e-14,"Clec5a-202",9.31389296724957e-14,"Up"
1.21189436688391e-18,3.90162242272539,0.4,0.005,9.31389296724957e-14,"Ncstn-201",9.31389296724957e-14,"Up"
1.21189436688391e-18,3.03967565588677,0.4,0.005,9.31389296724957e-14,"Mrpl45-201",9.31389296724957e-14,"Up"
1.21189436688391e-18,3.6295868087295,0.4,0.005,9.31389296724957e-14,"Maml1-201",9.31389296724957e-14,"Up"
1.21189436688391e-18,3.61132345736962,0.4,0.005,9.31389296724957e-14,"Cd22-201",9.31389296724957e-14,"Up"
1.21189436688391e-18,3.61132345736962,0.4,0.005,9.31389296724957e-14,"Cd22-202",9.31389296724957e-14,"Up"
1.21189436688391e-18,3.61132345736962,0.4,0.005,9.31389296724957e-14,"Cd22-203",9.31389296724957e-14,"Up"
1.21189436688391e-18,3.61132345736962,0.4,0.005,9.31389296724957e-14,"Cd22-210",9.31389296724957e-14,"Up"
1.2169119413823e-18,-11.6081025146664,0,0.995,9.35245503429949e-14,"Hba-x-201",9.35245503429949e-14,"Down"
1.2169119413823e-18,-14.4789925720835,0,0.995,9.35245503429949e-14,"Hbb-y-201",9.35245503429949e-14,"Down"
1.22718527950006e-18,2.95674337399574,0.467,0.014,9.43140974706979e-14,"Cic-212",9.43140974706979e-14,"Up"
1.22718527950006e-18,3.13738359520123,0.467,0.014,9.43140974706979e-14,"Man1b1-201",9.43140974706979e-14,"Up"
1.24136633471727e-18,3.9207704471534,0.433,0.01,9.54039682883613e-14,"Sort1-203",9.54039682883613e-14,"Up"
1.29892581599055e-18,1.87903242182108,0.467,0.014,9.9827644662138e-14,"Ints12-201",9.9827644662138e-14,"Up"
1.29892581599055e-18,2.0191284778258,0.467,0.014,9.9827644662138e-14,"Pcnx-201",9.9827644662138e-14,"Up"
1.29892581599055e-18,2.81777574107943,0.467,0.014,9.9827644662138e-14,"Ptpn12-201",9.9827644662138e-14,"Up"
1.29892581599055e-18,3.21939594001229,0.467,0.014,9.9827644662138e-14,"Vwa5a-201",9.9827644662138e-14,"Up"
1.29892581599055e-18,2.26805514477137,0.467,0.014,9.9827644662138e-14,"Ndc1-205",9.9827644662138e-14,"Up"
1.31840943423654e-18,3.77114703105774,0.433,0.01,1.01325038658815e-13,"Kansl3-201",1.01325038658815e-13,"Up"
1.32355851907326e-18,3.00000692903218,0.567,0.034,1.01720766424856e-13,"Cndp2-202",1.01720766424856e-13,"Up"
1.38934077679272e-18,3.24122365526526,0.567,0.034,1.06776396059628e-13,"Arap1-204",1.06776396059628e-13,"Up"
1.39092481515972e-18,2.28588655122975,0.733,0.072,1.06898135744285e-13,"Nid1-201",1.06898135744285e-13,"Up"
1.40017100863741e-18,3.69902595050345,0.433,0.01,1.07608742697819e-13,"Arhgef3-204",1.07608742697819e-13,"Up"
1.40017100863741e-18,3.31958650510258,0.433,0.01,1.07608742697819e-13,"Psg17-201",1.07608742697819e-13,"Up"
1.40017100863741e-18,3.5401999213713,0.433,0.01,1.07608742697819e-13,"Clspn-201",1.07608742697819e-13,"Up"
1.43311924468939e-18,1.61163811825098,0.667,0.053,1.10140946431358e-13,"Rc3h1-202",1.10140946431358e-13,"Up"
1.48693608384639e-18,3.12485856295938,0.433,0.01,1.1427698578793e-13,"Abl1-202",1.1427698578793e-13,"Up"
1.48693608384639e-18,2.61866545715949,0.433,0.01,1.1427698578793e-13,"Ccr5-202",1.1427698578793e-13,"Up"
1.48693608384639e-18,2.4286258329355,0.433,0.01,1.1427698578793e-13,"Cep295-208",1.1427698578793e-13,"Up"
1.48693608384639e-18,2.5337448706137,0.433,0.01,1.1427698578793e-13,"Tor3a-201",1.1427698578793e-13,"Up"
1.48693608384639e-18,3.24736353822206,0.433,0.01,1.1427698578793e-13,"Dhrs3-201",1.1427698578793e-13,"Up"
1.48693608384639e-18,2.89299200652465,0.433,0.01,1.1427698578793e-13,"Tbc1d20-201",1.1427698578793e-13,"Up"
1.48693608384639e-18,3.4729802366055,0.433,0.01,1.1427698578793e-13,"Psg-ps1-201",1.1427698578793e-13,"Up"
1.94945101443658e-18,2.16282739415303,0.567,0.034,1.49823108263509e-13,"Stag1-206",1.49823108263509e-13,"Up"
2.14697763543139e-18,2.74218501380535,0.567,0.034,1.65003819193444e-13,"Hexa-201",1.65003819193444e-13,"Up"
2.34126258348479e-18,1.83885626410459,0.733,0.072,1.7993539459114e-13,"Jup-201",1.7993539459114e-13,"Up"
2.54136056565697e-18,2.49413341044441,0.633,0.048,1.95313724913001e-13,"Tgoln1-201",1.95313724913001e-13,"Up"
2.6605343393487e-18,2.8336266728949,0.533,0.029,2.04472706116305e-13,"Sptlc2-201",2.04472706116305e-13,"Up"
2.77645095644864e-18,2.16882497763176,0.633,0.048,2.13381361806904e-13,"Ndel1-201",2.13381361806904e-13,"Up"
2.79694735522939e-18,3.28061440923491,0.533,0.029,2.14956592038799e-13,"Mfsd12-201",2.14956592038799e-13,"Up"
3.58967608074181e-18,2.97640876456323,0.533,0.029,2.75880965509331e-13,"Skil-204",2.75880965509331e-13,"Up"
3.61828832880301e-18,1.23168818319673,0.633,0.048,2.78079931221827e-13,"Ptbp3-201",2.78079931221827e-13,"Up"
3.77443183088842e-18,2.79474245984788,0.6,0.043,2.90080183931099e-13,"Itprid2-203",2.90080183931099e-13,"Up"
3.77734883671702e-18,3.00264040467323,0.7,0.072,2.9030436749705e-13,"Abcg1-201",2.9030436749705e-13,"Up"
3.85256296186746e-18,2.61045717933896,0.733,0.077,2.96084873871362e-13,"Ipo5-201",2.96084873871362e-13,"Up"
4.17567438567277e-18,3.1256182848792,0.633,0.053,3.20917279236495e-13,"Bcl2a1b-201",3.20917279236495e-13,"Up"
4.38030823091381e-18,3.4706657823576,0.533,0.029,3.3664420877865e-13,"Ngdn-201",3.3664420877865e-13,"Up"
4.61574584882642e-18,2.45055676670945,0.7,0.072,3.54738531465706e-13,"Gpi1-201",3.54738531465706e-13,"Up"
4.77401419950238e-18,2.37646638772628,0.833,0.121,3.66902087288556e-13,"Lcp1-209",3.66902087288556e-13,"Up"
4.88043376214218e-18,3.90386301454428,0.5,0.024,3.75080856355675e-13,"Rasgef1b-201",3.75080856355675e-13,"Up"
5.0839051842534e-18,2.5522958919601,0.533,0.029,3.90718449030611e-13,"Nupr1-201",3.90718449030611e-13,"Up"
5.13996278357811e-18,4.30655583129599,0.5,0.024,3.95026699769112e-13,"Clec4e-201",3.95026699769112e-13,"Up"
5.34237312442024e-18,2.42798383867769,0.533,0.029,4.10582744104193e-13,"Stag1-201",4.10582744104193e-13,"Up"
5.3739963114984e-18,1.50804110270166,0.633,0.048,4.13013112523898e-13,"Naa15-205",4.13013112523898e-13,"Up"
5.3739963114984e-18,1.50804110270166,0.633,0.048,4.13013112523898e-13,"Naa15-201",4.13013112523898e-13,"Up"
5.41310612739914e-18,2.67129620956487,0.5,0.024,4.16018858315134e-13,"Foxp1-222",4.16018858315134e-13,"Up"
6.16959215552502e-18,2.02271161214113,0.767,0.087,4.7415783552072e-13,"Rnf213-201",4.7415783552072e-13,"Up"
6.19815021313315e-18,2.63518483387894,0.533,0.029,4.76352636480135e-13,"Glyr1-202",4.76352636480135e-13,"Up"
6.32144466444671e-18,2.61981910899969,0.5,0.024,4.85828308241387e-13,"Itgb1bp1-206",4.85828308241387e-13,"Up"
6.32144466444671e-18,3.52146686327704,0.5,0.024,4.85828308241387e-13,"Pltp-202",4.85828308241387e-13,"Up"
6.51244262463236e-18,2.57905910243388,0.533,0.029,5.00507265473495e-13,"Emc7-201",5.00507265473495e-13,"Up"
6.7719547745686e-18,3.15118796898837,0.8,0.126,5.20451812244695e-13,"Ifrd1-201",5.20451812244695e-13,"Up"
7.16296849278552e-18,3.49000768297494,0.967,0.309,5.50502780544539e-13,"H2-K1-205",5.50502780544539e-13,"Up"
7.4403573504384e-18,2.67794107541387,0.6,0.043,5.71821223810592e-13,"Crybg3-205",5.71821223810592e-13,"Up"
7.48278941149905e-18,4.96054200174834,0.467,0.019,5.75082297431348e-13,"Gas2l3-202",5.75082297431348e-13,"Up"
7.77021389424842e-18,3.64465153757055,0.5,0.024,5.97172018628568e-13,"Tsc22d2-201",5.97172018628568e-13,"Up"
8.33716831500763e-18,4.05767074618301,0.467,0.019,6.40744733681597e-13,"Rpn2-206",6.40744733681597e-13,"Up"
8.9075219056453e-18,2.52675071295754,0.6,0.043,6.84578688536464e-13,"Pip5k1c-210",6.84578688536464e-13,"Up"
9.5457463472489e-18,3.46223408912328,0.5,0.024,7.33628789771467e-13,"Arhgdib-203",7.33628789771467e-13,"Up"
9.66336644462576e-18,2.926695211803,0.567,0.039,7.42668364735268e-13,"Tnfaip2-201",7.42668364735268e-13,"Up"
1.01275238749059e-17,-4.36202597177762,0.933,0.995,7.78340719882016e-13,"Hba-a1-201",7.78340719882016e-13,"Down"
1.03450031537379e-17,4.3346962692931,0.467,0.019,7.95054872377373e-13,"Mga-203",7.95054872377373e-13,"Up"
1.11348730970584e-17,2.98513444269224,0.5,0.024,8.55759537001325e-13,"Itpripl2-201",8.55759537001325e-13,"Up"
1.15431591752249e-17,4.09940560103491,0.533,0.034,8.87137955252731e-13,"C1qc-201",8.87137955252731e-13,"Up"
1.23365566144463e-17,2.85465816737883,0.5,0.024,9.48113722046652e-13,"Lman1-201",9.48113722046652e-13,"Up"
1.23365566144463e-17,2.85465816737883,0.5,0.024,9.48113722046652e-13,"Lman1-209",9.48113722046652e-13,"Up"
1.2828581996281e-17,4.56404565524088,0.467,0.019,9.85927840742178e-13,"Pltp-201",9.85927840742178e-13,"Up"
1.36660410187516e-17,2.72207035176703,0.5,0.024,1.05028991645514e-12,"Rassf8-203",1.05028991645514e-12,"Up"
1.39999163135651e-17,2.66703629183235,0.567,0.039,1.07594956836273e-12,"Srp54c-202",1.07594956836273e-12,"Up"
1.39999163135651e-17,2.99165099391086,0.567,0.039,1.07594956836273e-12,"Gab2-201",1.07594956836273e-12,"Up"
1.40482921250076e-17,2.39533377993122,0.7,0.072,1.07966744297534e-12,"Mafb-201",1.07966744297534e-12,"Up"
1.43828394374557e-17,2.5191710282198,0.5,0.024,1.10537874212622e-12,"Soga1-201",1.10537874212622e-12,"Up"
1.43828394374557e-17,3.06050716824254,0.5,0.024,1.10537874212622e-12,"Cttnbp2nl-201",1.10537874212622e-12,"Up"
1.50692422734541e-17,3.62459539787871,0.467,0.019,1.15813154568404e-12,"Topbp1-201",1.15813154568404e-12,"Up"
1.51367126029846e-17,2.19245544298091,0.5,0.024,1.16331691038978e-12,"Emc3-201",1.16331691038978e-12,"Up"
1.57336814503007e-17,3.19932905090379,0.567,0.043,1.20919635418141e-12,"Exoc4-201",1.20919635418141e-12,"Up"
1.5898738587327e-17,3.39906185140446,0.467,0.019,1.22188165539043e-12,"Trim17-201",1.22188165539043e-12,"Up"
1.5898738587327e-17,3.39906185140446,0.467,0.019,1.22188165539043e-12,"H2ac25-201",1.22188165539043e-12,"Up"
1.67633376919486e-17,2.28372874422532,0.5,0.024,1.28832955497701e-12,"Nek9-201",1.28832955497701e-12,"Up"
1.67732578098445e-17,3.60732256704291,0.467,0.019,1.28909195571779e-12,"Mitf-207",1.28909195571779e-12,"Up"
1.76401587854917e-17,1.83825770867943,0.5,0.024,1.35571676330018e-12,"Uba2-201",1.35571676330018e-12,"Up"
1.76952081881545e-17,3.29878128874717,0.467,0.019,1.35994753009243e-12,"Tspan3-201",1.35994753009243e-12,"Up"
1.81604973783427e-17,3.35930602446223,0.667,0.068,1.39570686551515e-12,"Ncor2-202",1.39570686551515e-12,"Up"
1.85086745103464e-17,2.1882210787895,0.7,0.072,1.42246567081816e-12,"Golgb1-203",1.42246567081816e-12,"Up"
1.85265120829278e-17,3.46326107731882,0.633,0.063,1.42383655962133e-12,"Ctsc-201",1.42383655962133e-12,"Up"
1.86671248356541e-17,3.68436976330884,0.467,0.019,1.43464321211936e-12,"Cndp2-201",1.43464321211936e-12,"Up"
1.86671248356541e-17,3.53237225979003,0.467,0.019,1.43464321211936e-12,"Comt-204",1.43464321211936e-12,"Up"
1.93354739417123e-17,2.51182318685493,0.567,0.039,1.48600851431636e-12,"Ccn2-201",1.48600851431636e-12,"Up"
2.07716715243697e-17,1.14076582728858,0.467,0.019,1.59638604333391e-12,"Foxp1-225",1.59638604333391e-12,"Up"
2.07716715243697e-17,3.552721477275,0.467,0.019,1.59638604333391e-12,"Oas3-201",1.59638604333391e-12,"Up"
2.32389489329355e-17,2.94693136360891,0.567,0.039,1.78600618129182e-12,"Pip5k1c-201",1.78600618129182e-12,"Up"
2.43746692866989e-17,2.54435136445529,0.467,0.019,1.87329083335996e-12,"Gosr1-201",1.87329083335996e-12,"Up"
2.43746692866989e-17,3.82712874826038,0.467,0.019,1.87329083335996e-12,"Ell-201",1.87329083335996e-12,"Up"
2.52372706323716e-17,2.0776500409362,0.633,0.053,1.93958519718029e-12,"Alcam-201",1.93958519718029e-12,"Up"
2.53975757265491e-17,2.85258334243511,0.733,0.087,1.9519052848882e-12,"Emp1-206",1.9519052848882e-12,"Up"
2.53975757265491e-17,2.85258334243511,0.733,0.087,1.9519052848882e-12,"Emp1-201",1.9519052848882e-12,"Up"
2.60366680308402e-17,3.39758666396763,0.533,0.034,2.00102208484219e-12,"Slc6a6-201",2.00102208484219e-12,"Up"
2.60574101936092e-17,6.73914191102318,0.333,0,2.00261620301964e-12,"Dpep2-202",2.00261620301964e-12,"Up"
2.60574101936092e-17,6.25624777552878,0.333,0,2.00261620301964e-12,"Tbc1d23-201",2.00261620301964e-12,"Up"
2.60574101936092e-17,4.5643737652865,0.333,0,2.00261620301964e-12,"Mms19-204",2.00261620301964e-12,"Up"
2.60574101936092e-17,4.56323615553193,0.333,0,2.00261620301964e-12,"Mms19-218",2.00261620301964e-12,"Up"
2.60574101936092e-17,4.53818507258891,0.333,0,2.00261620301964e-12,"Camk2d-203",2.00261620301964e-12,"Up"
2.60574101936092e-17,5.56691105135907,0.333,0,2.00261620301964e-12,"Depdc1a-203",2.00261620301964e-12,"Up"
2.60574101936092e-17,5.30954301812146,0.333,0,2.00261620301964e-12,"Fbxw11-202",2.00261620301964e-12,"Up"
2.60574101936092e-17,5.30954301812146,0.333,0,2.00261620301964e-12,"Fbxw11-201",2.00261620301964e-12,"Up"
2.60574101936092e-17,6.69529702251487,0.333,0,2.00261620301964e-12,"Ulbp1-202",2.00261620301964e-12,"Up"
2.60574101936092e-17,6.08560981968894,0.333,0,2.00261620301964e-12,"Dok3-203",2.00261620301964e-12,"Up"
2.60574101936092e-17,6.56104982020966,0.333,0,2.00261620301964e-12,"Rab12-201",2.00261620301964e-12,"Up"
2.60574101936092e-17,6.25293790769379,0.333,0,2.00261620301964e-12,"Fam111a-203",2.00261620301964e-12,"Up"
2.60574101936092e-17,6.58149024955637,0.333,0,2.00261620301964e-12,"Col15a1-201",2.00261620301964e-12,"Up"
2.60574101936092e-17,5.85909229287682,0.333,0,2.00261620301964e-12,"Slc31a1-201",2.00261620301964e-12,"Up"
2.60574101936092e-17,8.29497800998321,0.333,0,2.00261620301964e-12,"Slc38a6-206",2.00261620301964e-12,"Up"
2.60574101936092e-17,6.52658236285666,0.333,0,2.00261620301964e-12,"Ecm1-205",2.00261620301964e-12,"Up"
2.60574101936092e-17,7.21758234059415,0.333,0,2.00261620301964e-12,"Cd84-204",2.00261620301964e-12,"Up"
2.60574101936092e-17,6.22040063226732,0.333,0,2.00261620301964e-12,"Gem-201",2.00261620301964e-12,"Up"
2.60574101936092e-17,6.67487905190237,0.333,0,2.00261620301964e-12,"Dse-201",2.00261620301964e-12,"Up"
2.60574101936092e-17,6.68755670847226,0.333,0,2.00261620301964e-12,"Pole-201",2.00261620301964e-12,"Up"
2.60574101936092e-17,5.74929669891186,0.333,0,2.00261620301964e-12,"Nr1h3-204",2.00261620301964e-12,"Up"
2.60574101936092e-17,5.63033308128691,0.333,0,2.00261620301964e-12,"Nr1h3-201",2.00261620301964e-12,"Up"
2.60574101936092e-17,5.85350739884795,0.333,0,2.00261620301964e-12,"Heatr6-201",2.00261620301964e-12,"Up"
2.71123878520898e-17,2.52160582830107,0.467,0.019,2.08369545598451e-12,"Slc16a3-208",2.08369545598451e-12,"Up"
2.73962176132466e-17,4.71803596218418,0.667,0.077,2.10550890844845e-12,"Macf1-203",2.10550890844845e-12,"Up"
2.8019053514822e-17,3.90595834172014,0.433,0.014,2.15337633882813e-12,"Cpeb2-201",2.15337633882813e-12,"Up"
2.80840997189442e-17,1.49449339258252,0.7,0.068,2.15837539979974e-12,"Lamb1-201",2.15837539979974e-12,"Up"
2.80840997189442e-17,1.49449339258252,0.7,0.068,2.15837539979974e-12,"Lamb1-208",2.15837539979974e-12,"Up"
2.8308081511027e-17,2.99800945115089,0.567,0.043,2.17558929644847e-12,"Serpinb6a-202",2.17558929644847e-12,"Up"
2.85928563028631e-17,2.37039486270236,0.467,0.019,2.19747537830024e-12,"Kif2c-201",2.19747537830024e-12,"Up"
2.91459706467685e-17,4.69653909219903,0.533,0.039,2.23998442808675e-12,"Dst-202",2.23998442808675e-12,"Up"
2.94898282169019e-17,3.08200596866516,0.7,0.077,2.26641125778178e-12,"H2bc4-201",2.26641125778178e-12,"Up"
2.95036895025887e-17,4.49162659578041,0.4,0.01,2.26747655303195e-12,"Tcf4-207",2.26747655303195e-12,"Up"
2.96365075424118e-17,2.88397175353666,0.433,0.014,2.27768415066452e-12,"Tsc22d3-201",2.27768415066452e-12,"Up"
3.13460042472362e-17,4.24237369471761,0.433,0.014,2.40906581041709e-12,"Dcun1d5-202",2.40906581041709e-12,"Up"
3.13803516650078e-17,6.25157845158873,0.367,0.005,2.41170554686251e-12,"Zbtb20-204",2.41170554686251e-12,"Up"
3.17971062975252e-17,2.36164664683155,0.467,0.019,2.44373480739e-12,"Adh5-201",2.44373480739e-12,"Up"
3.17971062975252e-17,2.44817732086906,0.467,0.019,2.44373480739e-12,"Cdc42bpg-201",2.44373480739e-12,"Up"
3.17971062975252e-17,2.28661946289993,0.467,0.019,2.44373480739e-12,"Mknk2-201",2.44373480739e-12,"Up"
3.17971062975252e-17,1.49764923014981,0.467,0.019,2.44373480739e-12,"Ndc1-204",2.44373480739e-12,"Up"
3.20260186257006e-17,1.81250249579467,0.567,0.039,2.46132763545959e-12,"Emc4-201",2.46132763545959e-12,"Up"
3.35237074358287e-17,1.78430106869809,0.567,0.039,2.57643101127318e-12,"Plod3-201",2.57643101127318e-12,"Up"
3.50620514236448e-17,2.69279093054603,0.433,0.014,2.6946589001128e-12,"Nampt-201",2.6946589001128e-12,"Up"
3.70797923115671e-17,3.82966840159703,0.433,0.014,2.84973035831318e-12,"Parm1-201",2.84973035831318e-12,"Up"
3.80331568198928e-17,6.0425581249381,0.367,0.005,2.92300023423604e-12,"Slfn9-201",2.92300023423604e-12,"Up"
3.88955504147012e-17,2.1709702690976,0.667,0.068,2.98927863157145e-12,"Eea1-201",2.98927863157145e-12,"Up"
3.92119884716976e-17,3.43466894459498,0.433,0.014,3.01359816200385e-12,"Lrrc8d-202",3.01359816200385e-12,"Up"
3.92119884716976e-17,2.27376161097202,0.433,0.014,3.01359816200385e-12,"Pold3-201",3.01359816200385e-12,"Up"
3.92119884716976e-17,3.3892893842327,0.433,0.014,3.01359816200385e-12,"Ect2-207",3.01359816200385e-12,"Up"
3.92119884716976e-17,1.51513173461028,0.433,0.014,3.01359816200385e-12,"Aopep-208",3.01359816200385e-12,"Up"
4.05460925711212e-17,5.3067721016994,0.367,0.005,3.11612939846095e-12,"Ccdc15-207",3.11612939846095e-12,"Up"
4.14650356146609e-17,3.15680140253673,0.433,0.014,3.18675384712915e-12,"Nufip2-201",3.18675384712915e-12,"Up"
4.14650356146609e-17,3.62443846505775,0.433,0.014,3.18675384712915e-12,"Myadm-204",3.18675384712915e-12,"Up"
4.21811347723657e-17,3.35036424277282,0.4,0.01,3.24178893179539e-12,"Hmga1b-201",3.24178893179539e-12,"Up"
4.32226639841696e-17,5.78220349536883,0.367,0.005,3.32183461783937e-12,"Blnk-201",3.32183461783937e-12,"Up"
4.32226639841696e-17,4.40583022638268,0.367,0.005,3.32183461783937e-12,"Rcbtb2-223",3.32183461783937e-12,"Up"
4.32226639841696e-17,4.78367920335895,0.367,0.005,3.32183461783937e-12,"Gsap-206",3.32183461783937e-12,"Up"
4.32226639841696e-17,5.17352604480608,0.367,0.005,3.32183461783937e-12,"Skil-203",3.32183461783937e-12,"Up"
4.32226639841696e-17,5.19436505755992,0.367,0.005,3.32183461783937e-12,"Dapk1-207",3.32183461783937e-12,"Up"
4.32226639841696e-17,5.19436505755992,0.367,0.005,3.32183461783937e-12,"Dapk1-202",3.32183461783937e-12,"Up"
4.32226639841696e-17,4.93085056449491,0.367,0.005,3.32183461783937e-12,"Galnt7-201",3.32183461783937e-12,"Up"
4.32226639841696e-17,4.73096477267352,0.367,0.005,3.32183461783937e-12,"Nup205-204",3.32183461783937e-12,"Up"
4.32226639841696e-17,5.57723871764875,0.367,0.005,3.32183461783937e-12,"Scyl2-201",3.32183461783937e-12,"Up"
4.38456812865995e-17,2.97753770773581,0.433,0.014,3.36971598960032e-12,"Sntb2-203",3.36971598960032e-12,"Up"
4.38456812865995e-17,3.00849723326045,0.433,0.014,3.36971598960032e-12,"Arsb-201",3.36971598960032e-12,"Up"
4.38665966310641e-17,2.50000442693793,0.533,0.034,3.3713234174838e-12,"Cers2-201",3.3713234174838e-12,"Up"
4.41919456356872e-17,3.55246121834189,0.667,0.082,3.39632778988511e-12,"H2-Q4-201",3.39632778988511e-12,"Up"
4.47629765227134e-17,3.53294618099059,0.4,0.01,3.44021379767662e-12,"Tbc1d5-201",3.44021379767662e-12,"Up"
4.47629765227134e-17,4.35873372881811,0.4,0.01,3.44021379767662e-12,"Sumf1-201",3.44021379767662e-12,"Up"
4.60733662181209e-17,4.80584293480658,0.367,0.005,3.54092248732747e-12,"Syne2-210",3.54092248732747e-12,"Up"
4.60733662181209e-17,4.80584293480658,0.367,0.005,3.54092248732747e-12,"Syne2-201",3.54092248732747e-12,"Up"
4.60733662181209e-17,5.0295254516052,0.367,0.005,3.54092248732747e-12,"Msr1-201",3.54092248732747e-12,"Up"
4.60733662181209e-17,4.33839922032824,0.367,0.005,3.54092248732747e-12,"Zmynd8-201",3.54092248732747e-12,"Up"
4.63610439095168e-17,2.58680489916206,0.433,0.014,3.56303166862201e-12,"Rbck1-202",3.56303166862201e-12,"Up"
4.75005689832008e-17,3.61069585631521,0.4,0.01,3.65060872863492e-12,"Mdm4-210",3.65060872863492e-12,"Up"
4.75005689832008e-17,3.67957435874996,0.4,0.01,3.65060872863492e-12,"Mdm4-214",3.65060872863492e-12,"Up"
4.75005689832008e-17,4.35833236190252,0.4,0.01,3.65060872863492e-12,"Itga4-201",3.65060872863492e-12,"Up"
4.9018632834474e-17,1.57244415116304,0.433,0.014,3.76727800786066e-12,"Synj1-210",3.76727800786066e-12,"Up"
4.9018632834474e-17,2.2473321283088,0.433,0.014,3.76727800786066e-12,"Cog6-201",3.76727800786066e-12,"Up"
4.9018632834474e-17,1.93263527048849,0.433,0.014,3.76727800786066e-12,"Pcnx-204",3.76727800786066e-12,"Up"
4.9018632834474e-17,2.93859934006612,0.433,0.014,3.76727800786066e-12,"Vwa5a-202",3.76727800786066e-12,"Up"
4.9018632834474e-17,2.70157928030595,0.433,0.014,3.76727800786066e-12,"Tm9sf4-201",3.76727800786066e-12,"Up"
4.91093569934266e-17,4.06798988184865,0.367,0.005,3.77425052237281e-12,"Cdk14-203",3.77425052237281e-12,"Up"
4.91093569934266e-17,4.01076064800709,0.367,0.005,3.77425052237281e-12,"Camk2d-206",3.77425052237281e-12,"Up"
4.91093569934266e-17,4.01076064800709,0.367,0.005,3.77425052237281e-12,"Camk2d-202",3.77425052237281e-12,"Up"
4.91093569934266e-17,4.79334029324644,0.367,0.005,3.77425052237281e-12,"Cntln-204",3.77425052237281e-12,"Up"
4.91093569934266e-17,5.10640756042196,0.367,0.005,3.77425052237281e-12,"A530032D15Rik-203",3.77425052237281e-12,"Up"
4.91093569934266e-17,4.00345341354793,0.367,0.005,3.77425052237281e-12,"Adam15-203",3.77425052237281e-12,"Up"
4.91093569934266e-17,3.71266238494125,0.367,0.005,3.77425052237281e-12,"Atxn1-201",3.77425052237281e-12,"Up"
4.91093569934266e-17,4.25777040020585,0.367,0.005,3.77425052237281e-12,"Ptprs-202",3.77425052237281e-12,"Up"
4.91093569934266e-17,4.28723590339053,0.367,0.005,3.77425052237281e-12,"Pmepa1-201",3.77425052237281e-12,"Up"
4.97280530521026e-17,3.30070855116806,0.6,0.053,3.8217997892663e-12,"Tns3-206",3.8217997892663e-12,"Up"
4.97280530521026e-17,3.30070855116806,0.6,0.053,3.8217997892663e-12,"Tns3-201",3.8217997892663e-12,"Up"
5.04031667229169e-17,3.53683236514626,0.4,0.01,3.87368497532305e-12,"Vrk1-202",3.87368497532305e-12,"Up"
5.04031667229169e-17,4.21748138633827,0.4,0.01,3.87368497532305e-12,"Atg13-201",3.87368497532305e-12,"Up"
5.04031667229169e-17,3.9941954381764,0.4,0.01,3.87368497532305e-12,"Plpbp-201",3.87368497532305e-12,"Up"
5.09348619430421e-17,1.98483736781317,0.767,0.092,3.91454787977056e-12,"Diaph1-201",3.91454787977056e-12,"Up"
5.2012149491193e-17,3.60508716544461,0.5,0.029,3.99734173699615e-12,"Dennd4a-201",3.99734173699615e-12,"Up"
5.2342497732572e-17,2.35793426521165,0.367,0.005,4.02273032073909e-12,"Apool-201",4.02273032073909e-12,"Up"
5.2342497732572e-17,3.72555478634342,0.367,0.005,4.02273032073909e-12,"Snx7-201",4.02273032073909e-12,"Up"
5.2342497732572e-17,2.59224728669231,0.367,0.005,4.02273032073909e-12,"Slain2-202",4.02273032073909e-12,"Up"
5.2342497732572e-17,3.3392158087578,0.367,0.005,4.02273032073909e-12,"Mms19-216",4.02273032073909e-12,"Up"
5.2342497732572e-17,3.3392158087578,0.367,0.005,4.02273032073909e-12,"Mms19-203",4.02273032073909e-12,"Up"
5.2342497732572e-17,3.48031822078393,0.367,0.005,4.02273032073909e-12,"Man1a-201",4.02273032073909e-12,"Up"
5.2342497732572e-17,3.73778811111967,0.367,0.005,4.02273032073909e-12,"Idua-201",4.02273032073909e-12,"Up"
5.2342497732572e-17,3.73778811111967,0.367,0.005,4.02273032073909e-12,"Idua-202",4.02273032073909e-12,"Up"
5.2342497732572e-17,4.37601454951484,0.367,0.005,4.02273032073909e-12,"Pcnx-205",4.02273032073909e-12,"Up"
5.2342497732572e-17,3.71875876384241,0.367,0.005,4.02273032073909e-12,"Aarsd1-201",4.02273032073909e-12,"Up"
5.2342497732572e-17,2.3522278573037,0.367,0.005,4.02273032073909e-12,"Dok3-202",4.02273032073909e-12,"Up"
5.2342497732572e-17,3.67670249291925,0.367,0.005,4.02273032073909e-12,"Zmynd8-221",4.02273032073909e-12,"Up"
5.2342497732572e-17,3.67670249291925,0.367,0.005,4.02273032073909e-12,"Zmynd8-220",4.02273032073909e-12,"Up"
5.2342497732572e-17,4.12661716656147,0.367,0.005,4.02273032073909e-12,"Tnfaip8l2-201",4.02273032073909e-12,"Up"
5.2342497732572e-17,3.29936711180415,0.367,0.005,4.02273032073909e-12,"Nf2-205",4.02273032073909e-12,"Up"
5.2342497732572e-17,4.26767621077588,0.367,0.005,4.02273032073909e-12,"Tmem86a-201",4.02273032073909e-12,"Up"
5.2342497732572e-17,3.68908910318968,0.367,0.005,4.02273032073909e-12,"Zfp385a-201",4.02273032073909e-12,"Up"
5.2342497732572e-17,3.91144749896297,0.367,0.005,4.02273032073909e-12,"Tial1-202",4.02273032073909e-12,"Up"
5.2342497732572e-17,3.21022485621771,0.367,0.005,4.02273032073909e-12,"Slc16a3-202",4.02273032073909e-12,"Up"
5.34805655876489e-17,3.84979938733274,0.4,0.01,4.11019538767317e-12,"Acat1-201",4.11019538767317e-12,"Up"
5.34805655876489e-17,3.53812816036298,0.4,0.01,4.11019538767317e-12,"Zfyve26-201",4.11019538767317e-12,"Up"
5.34805655876489e-17,3.34598589167448,0.4,0.01,4.11019538767317e-12,"Slc15a4-201",4.11019538767317e-12,"Up"
5.34805655876489e-17,3.76070559038294,0.4,0.01,4.11019538767317e-12,"Kansl3-204",4.11019538767317e-12,"Up"
5.34805655876489e-17,3.61531354105186,0.4,0.01,4.11019538767317e-12,"Rusc2-211",4.11019538767317e-12,"Up"
5.54307016617478e-17,2.64491499304991,0.567,0.043,4.26007114551197e-12,"Ranbp2-201",4.26007114551197e-12,"Up"
5.55370575613043e-17,2.33752589711628,0.533,0.034,4.26824502181648e-12,"Asap1-217",4.26824502181648e-12,"Up"
5.62287175258645e-17,2.33963378463445,0.933,0.155,4.32140185673279e-12,"Col4a2-201",4.32140185673279e-12,"Up"
5.67431338386262e-17,3.27550046821245,0.4,0.01,4.36093680803378e-12,"Vrk1-205",4.36093680803378e-12,"Up"
5.67431338386262e-17,2.89457510854848,0.4,0.01,4.36093680803378e-12,"Nedd9-202",4.36093680803378e-12,"Up"
5.67431338386262e-17,3.16451368278836,0.4,0.01,4.36093680803378e-12,"Exoc2-202",4.36093680803378e-12,"Up"
5.67431338386262e-17,3.16451368278836,0.4,0.01,4.36093680803378e-12,"Exoc2-201",4.36093680803378e-12,"Up"
5.67431338386262e-17,3.43142727994415,0.4,0.01,4.36093680803378e-12,"Sort1-201",4.36093680803378e-12,"Up"
5.67431338386262e-17,2.44547644351098,0.4,0.01,4.36093680803378e-12,"Zmynd8-203",4.36093680803378e-12,"Up"
5.67431338386262e-17,3.99907402646961,0.4,0.01,4.36093680803378e-12,"Zmat3-201",4.36093680803378e-12,"Up"
5.8214755662705e-17,2.62693714304923,0.533,0.034,4.47403683170153e-12,"Tle5-201",4.47403683170153e-12,"Up"
6.02018450518205e-17,2.31945035665904,0.4,0.01,4.62675259961261e-12,"Nsmce2-201",4.62675259961261e-12,"Up"
6.02018450518205e-17,2.19477609926159,0.4,0.01,4.62675259961261e-12,"Mdfic-201",4.62675259961261e-12,"Up"
6.02018450518205e-17,2.19477609926159,0.4,0.01,4.62675259961261e-12,"Mdfic-206",4.62675259961261e-12,"Up"
6.02018450518205e-17,3.03512977644014,0.4,0.01,4.62675259961261e-12,"Git1-202",4.62675259961261e-12,"Up"
6.02018450518205e-17,2.68947417487489,0.4,0.01,4.62675259961261e-12,"Cog6-204",4.62675259961261e-12,"Up"
6.02018450518205e-17,3.0413265084255,0.4,0.01,4.62675259961261e-12,"Mrtfb-204",4.62675259961261e-12,"Up"
6.02018450518205e-17,3.65348978131636,0.4,0.01,4.62675259961261e-12,"Cd80-202",4.62675259961261e-12,"Up"
6.02018450518205e-17,3.5121913540069,0.4,0.01,4.62675259961261e-12,"Icosl-201",4.62675259961261e-12,"Up"
6.02018450518205e-17,2.08719017037811,0.4,0.01,4.62675259961261e-12,"Gcnt2-201",4.62675259961261e-12,"Up"
6.02018450518205e-17,3.32315194761348,0.4,0.01,4.62675259961261e-12,"Mcub-201",4.62675259961261e-12,"Up"
6.02018450518205e-17,2.3099785756311,0.4,0.01,4.62675259961261e-12,"Cep295-203",4.62675259961261e-12,"Up"
6.02018450518205e-17,2.68152263168128,0.4,0.01,4.62675259961261e-12,"Fgr-201",4.62675259961261e-12,"Up"
6.02018450518205e-17,2.71188393517278,0.4,0.01,4.62675259961261e-12,"Slc16a3-201",4.62675259961261e-12,"Up"
6.39578613709402e-17,2.22208705523743,0.533,0.034,4.91541747780224e-12,"Lipa-201",4.91541747780224e-12,"Up"
7.02590103437579e-17,3.43767708441511,0.533,0.034,5.39968598095917e-12,"Trrap-215",5.39968598095917e-12,"Up"
7.36353391075952e-17,2.21324651822688,0.533,0.034,5.65917035177512e-12,"Lactb-201",5.65917035177512e-12,"Up"
7.94592309669208e-17,2.47888863593748,0.667,0.068,6.10675973673173e-12,"Ilf3-204",6.10675973673173e-12,"Up"
7.94592309669208e-17,2.47888863593748,0.667,0.068,6.10675973673173e-12,"Ilf3-208",6.10675973673173e-12,"Up"
8.15223816749107e-17,2.06443574924401,0.6,0.048,6.26532112124359e-12,"Fnip1-201",6.26532112124359e-12,"Up"
8.2044671701411e-17,3.04841605332652,0.8,0.135,6.30546119894024e-12,"Cyba-201",6.30546119894024e-12,"Up"
8.88160497546674e-17,1.73413704242444,0.533,0.034,6.8258686878452e-12,"Hook3-201",6.8258686878452e-12,"Up"
1.01010353751826e-16,1.98132536568397,0.6,0.048,7.76304972724284e-12,"Cxcr4-201",7.76304972724284e-12,"Up"
1.03212992902332e-16,2.73908254845626,0.567,0.043,7.93233135651582e-12,"Adam17-207",7.93233135651582e-12,"Up"
1.12189230519137e-16,1.90416834472286,0.533,0.034,8.62219112231776e-12,"Fuca1-201",8.62219112231776e-12,"Up"
1.13666304193523e-16,3.03924740667805,0.5,0.029,8.73571014248902e-12,"Sp110-201",8.73571014248902e-12,"Up"
1.13666304193523e-16,2.70407369460701,0.5,0.029,8.73571014248902e-12,"Nfya-212",8.73571014248902e-12,"Up"
1.25260707710708e-16,2.11323355567123,0.5,0.029,9.62678643039873e-12,"Zfp638-220",9.62678643039873e-12,"Up"
1.25260707710708e-16,3.71190080397885,0.5,0.029,9.62678643039873e-12,"Abl2-202",9.62678643039873e-12,"Up"
1.2579995672668e-16,2.59755463914272,0.733,0.097,9.66822987427227e-12,"Ik-202",9.66822987427227e-12,"Up"
1.3801958357647e-16,2.4240439448316,0.5,0.029,1.0607357076186e-11,"Mcm3-201",1.0607357076186e-11,"Up"
1.39832808974748e-16,3.67895047303544,0.533,0.039,1.07467107009453e-11,"Arg1-201",1.07467107009453e-11,"Up"
1.46882741484505e-16,1.78923857640736,0.567,0.043,1.12885262140501e-11,"Ugp2-202",1.12885262140501e-11,"Up"
1.52058007827868e-16,2.20574379964272,0.5,0.029,1.1686266133603e-11,"Gnl2-201",1.1686266133603e-11,"Up"
1.6047846384025e-16,3.01527564123268,0.633,0.063,1.23334118599786e-11,"Clec4d-201",1.23334118599786e-11,"Up"
1.6544441465496e-16,-2.92868692222306,1,1,1.27150650438923e-11,"Hbb-bs-201",1.27150650438923e-11,"Down"
1.66880945382376e-16,3.61582721029502,0.567,0.048,1.28254681764172e-11,"Cd36-201",1.28254681764172e-11,"Up"
1.67502237931743e-16,2.03840808339479,0.5,0.029,1.28732169940062e-11,"Asap1-216",1.28732169940062e-11,"Up"
1.84490780153327e-16,2.18094365240065,0.5,0.029,1.41788544179038e-11,"Kmt2a-202",1.41788544179038e-11,"Up"
1.84490780153327e-16,2.04730778339405,0.5,0.029,1.41788544179038e-11,"Kmt2a-201",1.41788544179038e-11,"Up"
1.98008575302104e-16,2.99459611432199,0.633,0.068,1.52177510462679e-11,"H1f1-201",1.52177510462679e-11,"Up"
2.03743967710007e-16,1.87747148589474,0.667,0.068,1.56585388943849e-11,"Sp140-201",1.56585388943849e-11,"Up"
2.13205489294648e-16,1.95006702605164,0.5,0.029,1.63856946742509e-11,"Arhgap25-203",1.63856946742509e-11,"Up"
2.23414328193656e-16,1.60205906924748,0.633,0.058,1.71702847789952e-11,"Tubb6-201",1.71702847789952e-11,"Up"
2.30611778881105e-16,1.09497013441216,0.7,0.077,1.77234376541284e-11,"Itprid2-202",1.77234376541284e-11,"Up"
2.33462698601312e-16,2.40544567159419,0.733,0.092,1.79425422383052e-11,"Afp-201",1.79425422383052e-11,"Up"
2.36006672996791e-16,3.5165052428782,0.467,0.024,1.81380568464954e-11,"Eps8-201",1.81380568464954e-11,"Up"
2.37922673514527e-16,2.26632998149241,0.567,0.043,1.82853091502854e-11,"Vcl-202",1.82853091502854e-11,"Up"
2.42250589327892e-16,1.78159265738867,0.633,0.058,1.86179267922058e-11,"Atp1b3-201",1.86179267922058e-11,"Up"
2.5844190288979e-16,1.87681357803244,0.5,0.029,1.98622940046919e-11,"Frrs1-202",1.98622940046919e-11,"Up"
2.5844190288979e-16,1.62099851878134,0.5,0.029,1.98622940046919e-11,"Mknk2-205",1.98622940046919e-11,"Up"
2.5844190288979e-16,1.38204441322669,0.5,0.029,1.98622940046919e-11,"Uhrf1bp1l-201",1.98622940046919e-11,"Up"
2.6099115627731e-16,3.62704012921052,0.467,0.024,2.00582143245364e-11,"Gpnmb-203",2.00582143245364e-11,"Up"
2.86987316566755e-16,2.47111677980571,0.767,0.111,2.20561232274214e-11,"Cst3-201",2.20561232274214e-11,"Up"
2.90781251477604e-16,2.05325698239058,0.6,0.053,2.23477023010598e-11,"Jup-202",2.23477023010598e-11,"Up"
2.95920166298253e-16,1.40320802629253,0.567,0.043,2.2742648460686e-11,"Tcof1-204",2.2742648460686e-11,"Up"
3.031647247523e-16,3.9922563776346,0.433,0.019,2.32994217561133e-11,"Rpn2-205",2.32994217561133e-11,"Up"
3.19036672691873e-16,1.85471863839163,0.467,0.024,2.45192444430612e-11,"Flot2-201",2.45192444430612e-11,"Up"
3.19036672691873e-16,2.20896125130939,0.467,0.024,2.45192444430612e-11,"Rabl6-201",2.45192444430612e-11,"Up"
3.19188636013188e-16,3.41717224293709,0.6,0.058,2.45309234321575e-11,"Atp6v1a-201",2.45309234321575e-11,"Up"
3.21055193094431e-16,2.37830807290548,0.667,0.077,2.46743758100794e-11,"Itgam-203",2.46743758100794e-11,"Up"
3.25944699916207e-16,2.53034674176631,0.867,0.184,2.50501539673601e-11,"Ctsz-201",2.50501539673601e-11,"Up"
3.35432473171521e-16,3.13737524920646,0.467,0.024,2.5779327293124e-11,"Mcm3-202",2.5779327293124e-11,"Up"
3.36909852043909e-16,4.72749377621279,0.433,0.019,2.58928697689826e-11,"Gas2l3-201",2.58928697689826e-11,"Up"
3.37191033577374e-16,1.94528533330616,0.567,0.043,2.59144796945555e-11,"Atp6v1g1-201",2.59144796945555e-11,"Up"
3.42611237351698e-16,2.98503022538757,0.633,0.063,2.63310440354274e-11,"Hivep2-201",2.63310440354274e-11,"Up"
3.52658145272495e-16,3.41091281520918,0.467,0.024,2.71031890967724e-11,"Akip1-201",2.71031890967724e-11,"Up"
3.70755030221551e-16,3.05211948370163,0.467,0.024,2.84940070926471e-11,"Nr4a1-201",2.84940070926471e-11,"Up"
3.8412373374603e-16,1.6284973952534,0.567,0.043,2.95214454333174e-11,"Rbm15-201",2.95214454333174e-11,"Up"
3.89766494725282e-16,2.26315730610117,0.467,0.024,2.99551141856168e-11,"Ppp5c-201",2.99551141856168e-11,"Up"
3.94580807370419e-16,4.11924779530994,0.433,0.019,3.03251133696461e-11,"Tapbp-201",3.03251133696461e-11,"Up"
4.07194744759367e-16,3.85981753472844,0.5,0.034,3.12945449137364e-11,"Cd47-201",3.12945449137364e-11,"Up"
4.09738028488791e-16,1.88158102435151,0.467,0.024,3.14900064414775e-11,"Fuca2-203",3.14900064414775e-11,"Up"
4.09738028488791e-16,2.71453382667292,0.467,0.024,3.14900064414775e-11,"Rcn3-208",3.14900064414775e-11,"Up"
4.14478918378789e-16,2.49211492360311,0.533,0.039,3.18543627930834e-11,"Prc1-210",3.18543627930834e-11,"Up"
4.14478918378789e-16,2.82397953971754,0.533,0.039,3.18543627930834e-11,"Baiap2-201",3.18543627930834e-11,"Up"
4.30031768504698e-16,2.7647421569456,0.833,0.159,3.30496615366601e-11,"Anxa2-201",3.30496615366601e-11,"Up"
4.38326013083203e-16,4.03478534341267,0.433,0.019,3.36871074094965e-11,"Man2b2-201",3.36871074094965e-11,"Up"
4.52123424787461e-16,2.67585873604121,0.633,0.063,3.47474936886155e-11,"Zfand2a-202",3.47474936886155e-11,"Up"
4.52123424787461e-16,2.1684065485999,0.633,0.063,3.47474936886155e-11,"Cd93-201",3.47474936886155e-11,"Up"
4.52754495200841e-16,2.61684679148396,0.467,0.024,3.47959939741654e-11,"Sh3pxd2b-203",3.47959939741654e-11,"Up"
4.53416159919637e-16,2.80420342697443,0.533,0.039,3.48468455544638e-11,"Plpp3-201",3.48468455544638e-11,"Up"
4.61957292794295e-16,3.88280273523063,0.433,0.019,3.55032657804127e-11,"Cfb-202",3.55032657804127e-11,"Up"
4.61957292794295e-16,3.88280273523063,0.433,0.019,3.55032657804127e-11,"Cfb-201",3.55032657804127e-11,"Up"
4.68406412767482e-16,3.505097330927,0.5,0.034,3.59989064468321e-11,"Serpinb6a-206",3.59989064468321e-11,"Up"
4.8343993465642e-16,4.04024881822589,0.533,0.043,3.71542927380845e-11,"Dst-201",3.71542927380845e-11,"Up"
4.86843118793718e-16,3.50493700087007,0.433,0.019,3.74158410517724e-11,"Ncapg2-201",3.74158410517724e-11,"Up"
4.87271281823519e-16,2.60583638632196,0.567,0.048,3.74487470932647e-11,"Rragc-201",3.74487470932647e-11,"Up"
4.90759763929725e-16,3.28434831592386,0.5,0.034,3.77168508970551e-11,"H2bc12-201",3.77168508970551e-11,"Up"
4.95953315107291e-16,2.75705656718491,0.533,0.039,3.81159960792558e-11,"Adam17-203",3.81159960792558e-11,"Up"
5.05098507682071e-16,1.80730799880403,0.7,0.077,3.88188407093979e-11,"Smc3-201",3.88188407093979e-11,"Up"
5.40643930736045e-16,2.97392479097276,0.433,0.019,4.1550648652788e-11,"Smc5-201",4.1550648652788e-11,"Up"
5.52570383306066e-16,1.56877072864176,0.467,0.024,4.24672442386044e-11,"Pigt-201",4.24672442386044e-11,"Up"
5.52570383306066e-16,2.06416773763482,0.467,0.024,4.24672442386044e-11,"Slc39a1-201",4.24672442386044e-11,"Up"
5.67232829469063e-16,2.05061532245705,0.533,0.039,4.35941118760154e-11,"Hmox2-201",4.35941118760154e-11,"Up"
5.91175225905145e-16,3.05091166871078,0.5,0.034,4.5434180811714e-11,"Mfge8-201",4.5434180811714e-11,"Up"
6.32505752755334e-16,3.4545518948291,0.433,0.019,4.86105971222584e-11,"Abcc5-202",4.86105971222584e-11,"Up"
6.32505752755334e-16,3.45740478340277,0.433,0.019,4.86105971222584e-11,"Gyg-201",4.86105971222584e-11,"Up"
6.32505752755334e-16,3.45740478340277,0.433,0.019,4.86105971222584e-11,"Gyg-203",4.86105971222584e-11,"Up"
6.6641912433915e-16,3.35181636134695,0.433,0.019,5.12169753819611e-11,"Hpse-201",5.12169753819611e-11,"Up"
6.6641912433915e-16,3.7976748185624,0.433,0.019,5.12169753819611e-11,"Creb3l1-201",5.12169753819611e-11,"Up"
6.75637366583042e-16,3.16344245519119,0.567,0.053,5.19254341713731e-11,"Sdc3-201",5.19254341713731e-11,"Up"
6.91990835078372e-16,1.85630176898026,0.7,0.082,5.31822636391132e-11,"Prl3b1-201",5.31822636391132e-11,"Up"
7.02122760786169e-16,2.93838686999125,0.433,0.019,5.39609426574602e-11,"Mcm10-202",5.39609426574602e-11,"Up"
7.02122760786169e-16,2.97772480559863,0.433,0.019,5.39609426574602e-11,"Rnf13-201",5.39609426574602e-11,"Up"
7.39709644073121e-16,2.55197128052752,0.433,0.019,5.68496449855957e-11,"Zc3h18-202",5.68496449855957e-11,"Up"
7.44432804004715e-16,2.21838848442857,0.7,0.082,5.72126387189784e-11,"Rbbp6-201",5.72126387189784e-11,"Up"
7.74121150398925e-16,-5.6049376279189,0.667,0.966,5.9494306892759e-11,"Prdx2-201",5.9494306892759e-11,"Down"
8.2092905544749e-16,2.80410223539144,0.433,0.019,6.30916816273614e-11,"Tbc1d9-202",6.30916816273614e-11,"Up"
8.2092905544749e-16,2.98095052956067,0.433,0.019,6.30916816273614e-11,"Tbk1-201",6.30916816273614e-11,"Up"
8.2092905544749e-16,3.00392681236052,0.433,0.019,6.30916816273614e-11,"Acp5-206",6.30916816273614e-11,"Up"
8.64772249921252e-16,3.55371601456364,0.433,0.019,6.64612064954479e-11,"Naip2-203",6.64612064954479e-11,"Up"
8.64772249921252e-16,2.36985038330934,0.433,0.019,6.64612064954479e-11,"Vac14-201",6.64612064954479e-11,"Up"
8.64772249921252e-16,2.751480747464,0.433,0.019,6.64612064954479e-11,"Hpgds-201",6.64612064954479e-11,"Up"
8.97057143355042e-16,3.06342407544537,0.5,0.034,6.89424296954084e-11,"Vps13d-201",6.89424296954084e-11,"Up"
9.08345905020901e-16,2.7879456614991,0.633,0.068,6.98100161844763e-11,"Smc4-201",6.98100161844763e-11,"Up"
9.10920535957048e-16,2.16958168964605,0.433,0.019,7.0007886870443e-11,"Rai14-201",7.0007886870443e-11,"Up"
9.10920535957048e-16,2.774969731578,0.433,0.019,7.0007886870443e-11,"Lpxn-201",7.0007886870443e-11,"Up"
9.10920535957048e-16,2.60432271833289,0.433,0.019,7.0007886870443e-11,"Anxa6-202",7.0007886870443e-11,"Up"
9.14334407474396e-16,4.91988028007405,0.4,0.014,7.02702565520372e-11,"Rab43-203",7.02702565520372e-11,"Up"
9.19520658707048e-16,2.92669012655415,0.567,0.048,7.06688407042715e-11,"Edem1-201",7.06688407042715e-11,"Up"
9.59493134970233e-16,1.44641010675135,0.433,0.019,7.37408853950023e-11,"Synj1-203",7.37408853950023e-11,"Up"
9.59493134970233e-16,3.02052842471005,0.433,0.019,7.37408853950023e-11,"Zfhx3-204",7.37408853950023e-11,"Up"
9.59493134970233e-16,2.53477462728363,0.433,0.019,7.37408853950023e-11,"Suz12-201",7.37408853950023e-11,"Up"
9.59493134970233e-16,2.22393545563306,0.433,0.019,7.37408853950023e-11,"Rabgef1-201",7.37408853950023e-11,"Up"
9.66091385226651e-16,5.15122787558349,0.4,0.014,7.42479873202091e-11,"Prrc2b-201",7.42479873202091e-11,"Up"
9.68059362520534e-16,1.40288058456129,0.533,0.039,7.43992342471531e-11,"Insig1-201",7.43992342471531e-11,"Up"
9.83817479582816e-16,2.80845391091115,0.5,0.034,7.56103085758577e-11,"Atp6v1h-201",7.56103085758577e-11,"Up"
9.83817479582816e-16,3.09259894077321,0.5,0.034,7.56103085758577e-11,"Prkcsh-205",7.56103085758577e-11,"Up"
1.01061532957475e-15,2.34414939653837,0.433,0.019,7.76698305391377e-11,"Adamts1-201",7.76698305391377e-11,"Up"
1.01748263787215e-15,2.92237889950384,0.533,0.043,7.81976106510261e-11,"Itpr2-202",7.81976106510261e-11,"Up"
1.02073225862906e-15,3.9540962028748,0.4,0.014,7.84473570046777e-11,"Atp6ap1-202",7.84473570046777e-11,"Up"
1.04401248756659e-15,3.22063624167615,0.6,0.063,8.02365357194423e-11,"Nlrp3-201",8.02365357194423e-11,"Up"
1.06441876621918e-15,1.70919520891276,0.433,0.019,8.1804839859009e-11,"Asah1-201",8.1804839859009e-11,"Up"
1.06441876621918e-15,1.07414900021602,0.433,0.019,8.1804839859009e-11,"Yipf1-201",8.1804839859009e-11,"Up"
1.06441876621918e-15,2.38054795023265,0.433,0.019,8.1804839859009e-11,"Nr4a1-202",8.1804839859009e-11,"Up"
1.06441876621918e-15,1.74923687685878,0.433,0.019,8.1804839859009e-11,"Tgfbr1-201",8.1804839859009e-11,"Up"
1.18347234609825e-15,2.31394770734717,0.567,0.048,9.09545836870349e-11,"Ehd4-201",9.09545836870349e-11,"Up"
1.20358188539883e-15,3.68302880339194,0.4,0.014,9.25000822204413e-11,"Il11ra1-201",9.25000822204413e-11,"Up"
1.20358188539883e-15,3.68302880339194,0.4,0.014,9.25000822204413e-11,"Il11ra1-204",9.25000822204413e-11,"Up"
1.23208627568382e-15,4.407278191856,0.367,0.01,9.46907586314041e-11,"Tcf4-202",9.46907586314041e-11,"Up"
1.23854155693756e-15,3.02159825271142,0.5,0.034,9.51868728168794e-11,"Rab3gap2-201",9.51868728168794e-11,"Up"
1.23854155693756e-15,2.95447991848388,0.5,0.034,9.51868728168794e-11,"Knl1-201",9.51868728168794e-11,"Up"
1.2595620841753e-15,2.93274733151282,0.833,0.174,9.68023844172088e-11,"Itgb2-201",9.68023844172088e-11,"Up"
1.27142637151139e-15,3.07678038257772,0.4,0.014,9.7714202356136e-11,"Stab1-201",9.7714202356136e-11,"Up"
1.27142637151139e-15,3.47157408498319,0.4,0.014,9.7714202356136e-11,"Pik3ca-201",9.7714202356136e-11,"Up"
1.27142637151139e-15,5.11994659442878,0.4,0.014,9.7714202356136e-11,"ENSMUST00000247011",9.7714202356136e-11,"Up"
1.29640328507602e-15,2.95481063719116,0.7,0.101,9.96337780712327e-11,"H2ac20-201",9.96337780712327e-11,"Up"
1.3577287111224e-15,2.57331912299078,0.5,0.034,1.04346882364601e-10,"Srp54b-201",1.04346882364601e-10,"Up"
1.39956831931769e-15,1.886400802424,0.567,0.048,1.07562423612842e-10,"Neu1-201",1.07562423612842e-10,"Up"
1.41861262355442e-15,3.01571909310869,0.4,0.014,1.09026054570652e-10,"Zfp326-201",1.09026054570652e-10,"Up"
1.41861262355442e-15,3.55671913240612,0.4,0.014,1.09026054570652e-10,"Zbtb11-201",1.09026054570652e-10,"Up"
1.41861262355442e-15,1.44346279884081,0.4,0.014,1.09026054570652e-10,"Phldb1-212",1.09026054570652e-10,"Up"
1.4214894497837e-15,2.3734506240591,0.5,0.034,1.09247150173676e-10,"Nek6-201",1.09247150173676e-10,"Up"
1.46879727238158e-15,4.59610570779567,0.367,0.01,1.12882945571614e-10,"Tecpr1-201",1.12882945571614e-10,"Up"
1.46879727238158e-15,4.9130230000355,0.367,0.01,1.12882945571614e-10,"Aig1-205",1.12882945571614e-10,"Up"
1.49121933252769e-15,4.11877824799047,0.5,0.039,1.14606170582083e-10,"Cdkn1a-205",1.14606170582083e-10,"Up"
1.49837615625544e-15,3.03353935648986,0.4,0.014,1.15156201112856e-10,"Rnf4-201",1.15156201112856e-10,"Up"
1.49837615625544e-15,3.03353935648986,0.4,0.014,1.15156201112856e-10,"Rnf4-204",1.15156201112856e-10,"Up"
1.49837615625544e-15,3.34049851217959,0.4,0.014,1.15156201112856e-10,"Pola1-201",1.15156201112856e-10,"Up"
1.49837615625544e-15,3.08177018839882,0.4,0.014,1.15156201112856e-10,"Crtap-201",1.15156201112856e-10,"Up"
1.49837615625544e-15,1.4284454043852,0.4,0.014,1.15156201112856e-10,"Scyl2-204",1.15156201112856e-10,"Up"
1.49837615625544e-15,3.53634222484195,0.4,0.014,1.15156201112856e-10,"Myadm-201",1.15156201112856e-10,"Up"
1.4991169948405e-15,6.36488629582805,0.333,0.005,1.15213137521472e-10,"Tnfsfm13-203",1.15213137521472e-10,"Up"
1.55724684561921e-15,4.91917385767331,0.367,0.01,1.19680649073219e-10,"Dnase2a-203",1.19680649073219e-10,"Up"
1.58255340502244e-15,2.91217680367243,0.4,0.014,1.21625559389594e-10,"Suz12-206",1.21625559389594e-10,"Up"
1.58255340502244e-15,2.92485951666631,0.4,0.014,1.21625559389594e-10,"Anxa6-201",1.21625559389594e-10,"Up"
1.58672322943721e-15,2.20676305764193,0.567,0.048,1.21946027075167e-10,"Pgrmc1-201",1.21946027075167e-10,"Up"
1.59704010206633e-15,5.65757745617322,0.333,0.005,1.22738920004206e-10,"Slc7a2-202",1.22738920004206e-10,"Up"
1.62382954553933e-15,1.88885118591112,0.667,0.072,1.2479779589288e-10,"Ddost-201",1.2479779589288e-10,"Up"
1.63099743576502e-15,2.00726858765816,0.5,0.034,1.25348676928285e-10,"Unc93b1-203",1.25348676928285e-10,"Up"
1.64375036690972e-15,3.06077422782991,0.7,0.087,1.26328790698479e-10,"Diaph1-205",1.26328790698479e-10,"Up"
1.65093791507718e-15,3.75949500668948,0.367,0.01,1.26881182525341e-10,"Ilf2-201",1.26881182525341e-10,"Up"
1.65093791507718e-15,4.05657810049928,0.367,0.01,1.26881182525341e-10,"Apbb2-210",1.26881182525341e-10,"Up"
1.65093791507718e-15,4.05657810049928,0.367,0.01,1.26881182525341e-10,"Apbb2-204",1.26881182525341e-10,"Up"
1.65442607175827e-15,2.24738803893642,0.567,0.048,1.2714926131891e-10,"Tmem65-201",1.2714926131891e-10,"Up"
1.67138455345928e-15,2.46213656357642,0.4,0.014,1.28452588471559e-10,"Vps4a-201",1.28452588471559e-10,"Up"
1.67138455345928e-15,3.04450168671989,0.4,0.014,1.28452588471559e-10,"Hsd17b11-201",1.28452588471559e-10,"Up"
1.67138455345928e-15,2.76322972975994,0.4,0.014,1.28452588471559e-10,"Npat-201",1.28452588471559e-10,"Up"
1.67138455345928e-15,2.12517668935245,0.4,0.014,1.28452588471559e-10,"Fmnl3-203",1.28452588471559e-10,"Up"
1.67138455345928e-15,2.34213832597549,0.4,0.014,1.28452588471559e-10,"Nav1-202",1.28452588471559e-10,"Up"
1.67138455345928e-15,2.83695988478649,0.4,0.014,1.28452588471559e-10,"Sulf2-201",1.28452588471559e-10,"Up"
1.67138455345928e-15,2.74303287578085,0.4,0.014,1.28452588471559e-10,"Pycard-201",1.28452588471559e-10,"Up"
1.70125714439737e-15,5.61797063370612,0.333,0.005,1.30748416575515e-10,"Frmd4b-201",1.30748416575515e-10,"Up"
1.70125714439737e-15,6.39177631295268,0.333,0.005,1.30748416575515e-10,"Atp8b4-201",1.30748416575515e-10,"Up"
1.75017591521286e-15,3.88774218055783,0.367,0.01,1.34508019787769e-10,"Qsox1-201",1.34508019787769e-10,"Up"
1.76512262816647e-15,1.47992501909795,0.4,0.014,1.35656734465106e-10,"Synj1-202",1.35656734465106e-10,"Up"
1.76512262816647e-15,2.7431996260257,0.4,0.014,1.35656734465106e-10,"Atp13a3-201",1.35656734465106e-10,"Up"
1.76512262816647e-15,2.7431996260257,0.4,0.014,1.35656734465106e-10,"Atp13a3-202",1.35656734465106e-10,"Up"
1.76512262816647e-15,2.25890850536216,0.4,0.014,1.35656734465106e-10,"Bscl2-210",1.35656734465106e-10,"Up"
1.76512262816647e-15,2.25890850536216,0.4,0.014,1.35656734465106e-10,"Bscl2-203",1.35656734465106e-10,"Up"
1.76512262816647e-15,2.02369230827349,0.4,0.014,1.35656734465106e-10,"Bscl2-208",1.35656734465106e-10,"Up"
1.76512262816647e-15,2.98816238061489,0.4,0.014,1.35656734465106e-10,"Hsd11b1-201",1.35656734465106e-10,"Up"
1.76512262816647e-15,1.63769299566828,0.4,0.014,1.35656734465106e-10,"Plbd2-201",1.35656734465106e-10,"Up"
1.76512262816647e-15,1.98030891954532,0.4,0.014,1.35656734465106e-10,"Nek7-202",1.35656734465106e-10,"Up"
1.76512262816647e-15,2.61936490019098,0.4,0.014,1.35656734465106e-10,"Nr4a2-201",1.35656734465106e-10,"Up"
1.79847944255114e-15,1.7257542430157,0.567,0.048,1.38220339077825e-10,"Rpn1-201",1.38220339077825e-10,"Up"
1.81216588293284e-15,5.47640569629526,0.333,0.005,1.39272196766921e-10,"Nedd4l-233",1.39272196766921e-10,"Up"
1.81216588293284e-15,5.50566922348352,0.333,0.005,1.39272196766921e-10,"Mndal-203",1.39272196766921e-10,"Up"
1.81216588293284e-15,5.45122337842433,0.333,0.005,1.39272196766921e-10,"Serpine1-203",1.39272196766921e-10,"Up"
1.85528376794946e-15,4.89944653854374,0.367,0.01,1.42585978701988e-10,"Extl3-201",1.42585978701988e-10,"Up"
1.85528376794946e-15,4.7231514359498,0.367,0.01,1.42585978701988e-10,"Utp20-201",1.42585978701988e-10,"Up"
1.85528376794946e-15,3.91022413859124,0.367,0.01,1.42585978701988e-10,"Tmcc3-204",1.42585978701988e-10,"Up"
1.85528376794946e-15,4.08845046329613,0.367,0.01,1.42585978701988e-10,"Zfp236-201",1.42585978701988e-10,"Up"
1.85528376794946e-15,4.20697634903278,0.367,0.01,1.42585978701988e-10,"Aopep-224",1.42585978701988e-10,"Up"
1.85528376794946e-15,4.17862927156655,0.367,0.01,1.42585978701988e-10,"Rnase4-201",1.42585978701988e-10,"Up"
1.85528376794946e-15,3.99149208114804,0.367,0.01,1.42585978701988e-10,"Galnt6-203",1.42585978701988e-10,"Up"
1.85528376794946e-15,3.73719830223042,0.367,0.01,1.42585978701988e-10,"Atosb-205",1.42585978701988e-10,"Up"
1.86097054703361e-15,3.10734149190145,0.8,0.159,1.43023030421721e-10,"Lrpap1-201",1.43023030421721e-10,"Up"
1.88305302540557e-15,1.93364695155865,0.6,0.058,1.4472015721452e-10,"Vav1-201",1.4472015721452e-10,"Up"
1.93018877473168e-15,4.70224856685376,0.333,0.005,1.48342728093229e-10,"Galnt7-202",1.48342728093229e-10,"Up"
1.93018877473168e-15,4.85993773891859,0.333,0.005,1.48342728093229e-10,"Gprc5b-201",1.48342728093229e-10,"Up"
1.93018877473168e-15,4.92864077775811,0.333,0.005,1.48342728093229e-10,"Sp100-202",1.48342728093229e-10,"Up"
1.96660286551835e-15,3.95630410979867,0.367,0.01,1.51141296626547e-10,"Zc3h12c-202",1.51141296626547e-10,"Up"
1.96660286551835e-15,3.50095311430167,0.367,0.01,1.51141296626547e-10,"Hyal1-201",1.51141296626547e-10,"Up"
1.96660286551835e-15,3.68890589287695,0.367,0.01,1.51141296626547e-10,"Zc3h3-201",1.51141296626547e-10,"Up"
1.96660286551835e-15,3.73506452770226,0.367,0.01,1.51141296626547e-10,"Fmn1-201",1.51141296626547e-10,"Up"
1.96660286551835e-15,3.8306262367814,0.367,0.01,1.51141296626547e-10,"Ccl9-201",1.51141296626547e-10,"Up"
2.04972261625846e-15,2.14927317919337,0.5,0.034,1.57529381949928e-10,"Specc1l-204",1.57529381949928e-10,"Up"
2.05577447779847e-15,4.02362860112112,0.333,0.005,1.57994491716724e-10,"Cdk14-202",1.57994491716724e-10,"Up"
2.05577447779847e-15,4.02362860112112,0.333,0.005,1.57994491716724e-10,"Cdk14-204",1.57994491716724e-10,"Up"
2.05577447779847e-15,4.77353174898567,0.333,0.005,1.57994491716724e-10,"Slc37a2-201",1.57994491716724e-10,"Up"
2.05577447779847e-15,3.42226289635212,0.333,0.005,1.57994491716724e-10,"Mthfsl-201",1.57994491716724e-10,"Up"
2.05577447779847e-15,4.93764895414846,0.333,0.005,1.57994491716724e-10,"Nckap5l-201",1.57994491716724e-10,"Up"
2.05577447779847e-15,4.88369829784529,0.333,0.005,1.57994491716724e-10,"Map3k20-204",1.57994491716724e-10,"Up"
2.05577447779847e-15,4.87764244461938,0.333,0.005,1.57994491716724e-10,"Tnks2-201",1.57994491716724e-10,"Up"
2.05577447779847e-15,4.49466449715602,0.333,0.005,1.57994491716724e-10,"Kif24-204",1.57994491716724e-10,"Up"
2.05577447779847e-15,4.01170305571144,0.333,0.005,1.57994491716724e-10,"Iqgap3-201",1.57994491716724e-10,"Up"
2.05577447779847e-15,4.92000430379413,0.333,0.005,1.57994491716724e-10,"Atrn-201",1.57994491716724e-10,"Up"
2.05577447779847e-15,4.67433773296613,0.333,0.005,1.57994491716724e-10,"Angptl2-203",1.57994491716724e-10,"Up"
2.05577447779847e-15,5.12384238609469,0.333,0.005,1.57994491716724e-10,"Gkn1-201",1.57994491716724e-10,"Up"
2.05577447779847e-15,3.39724849663332,0.333,0.005,1.57994491716724e-10,"Atp13a2-206",1.57994491716724e-10,"Up"
2.05577447779847e-15,4.20625947542645,0.333,0.005,1.57994491716724e-10,"Cadm1-205",1.57994491716724e-10,"Up"
2.05577447779847e-15,4.09593766223726,0.333,0.005,1.57994491716724e-10,"Acox3-202",1.57994491716724e-10,"Up"
2.0844941074694e-15,3.50366880833535,0.367,0.01,1.60201710135454e-10,"Prmt9-202",1.60201710135454e-10,"Up"
2.0844941074694e-15,3.22432054569841,0.367,0.01,1.60201710135454e-10,"Nedd4l-215",1.60201710135454e-10,"Up"
2.0844941074694e-15,3.56966081443343,0.367,0.01,1.60201710135454e-10,"Ttc39b-203",1.60201710135454e-10,"Up"
2.0844941074694e-15,3.87162423662225,0.367,0.01,1.60201710135454e-10,"Zfp236-202",1.60201710135454e-10,"Up"
2.0844941074694e-15,3.33920668223007,0.367,0.01,1.60201710135454e-10,"Fry-201",1.60201710135454e-10,"Up"
2.0844941074694e-15,3.33920668223007,0.367,0.01,1.60201710135454e-10,"Fry-218",1.60201710135454e-10,"Up"
2.0844941074694e-15,3.62610686165731,0.367,0.01,1.60201710135454e-10,"Nufip1-201",1.60201710135454e-10,"Up"
2.0844941074694e-15,2.83317475354578,0.367,0.01,1.60201710135454e-10,"Tcf7l2-201",1.60201710135454e-10,"Up"
2.0844941074694e-15,3.35186229419635,0.367,0.01,1.60201710135454e-10,"Eri1-201",1.60201710135454e-10,"Up"
2.0844941074694e-15,4.0833640596388,0.367,0.01,1.60201710135454e-10,"Lat2-201",1.60201710135454e-10,"Up"
2.0844941074694e-15,4.24644223771896,0.367,0.01,1.60201710135454e-10,"Rc3h2-202",1.60201710135454e-10,"Up"
2.13262701617952e-15,4.0367666223409,0.533,0.048,1.63900916701461e-10,"Irf7-201",1.63900916701461e-10,"Up"
2.14537058247886e-15,1.7766168292971,0.5,0.034,1.6488031074583e-10,"Gem-202",1.6488031074583e-10,"Up"
2.189399445997e-15,4.16018432527496,0.333,0.005,1.68264105022653e-10,"Scaf4-208",1.68264105022653e-10,"Up"
2.189399445997e-15,4.25470696967189,0.333,0.005,1.68264105022653e-10,"Scaf4-201",1.68264105022653e-10,"Up"
2.189399445997e-15,3.22747202604661,0.333,0.005,1.68264105022653e-10,"Tbc1d5-207",1.68264105022653e-10,"Up"
2.189399445997e-15,3.16305962670415,0.333,0.005,1.68264105022653e-10,"Ddx50-201",1.68264105022653e-10,"Up"
2.189399445997e-15,3.82990416490361,0.333,0.005,1.68264105022653e-10,"Pla2g15-201",1.68264105022653e-10,"Up"
2.189399445997e-15,3.25729336306778,0.333,0.005,1.68264105022653e-10,"Acbd6-203",1.68264105022653e-10,"Up"
2.189399445997e-15,3.588525462384,0.333,0.005,1.68264105022653e-10,"Camk2d-204",1.68264105022653e-10,"Up"
2.189399445997e-15,2.7014249875542,0.333,0.005,1.68264105022653e-10,"Tmem9b-202",1.68264105022653e-10,"Up"
2.189399445997e-15,3.15799687566539,0.333,0.005,1.68264105022653e-10,"Eci2-201",1.68264105022653e-10,"Up"
2.189399445997e-15,3.306525297099,0.333,0.005,1.68264105022653e-10,"Dhrs9-201",1.68264105022653e-10,"Up"
2.189399445997e-15,4.33474147587001,0.333,0.005,1.68264105022653e-10,"Xdh-201",1.68264105022653e-10,"Up"
2.189399445997e-15,3.57108126168171,0.333,0.005,1.68264105022653e-10,"Itga6-209",1.68264105022653e-10,"Up"
2.189399445997e-15,3.84139059158804,0.333,0.005,1.68264105022653e-10,"Chd9-201",1.68264105022653e-10,"Up"
2.189399445997e-15,3.84139059158804,0.333,0.005,1.68264105022653e-10,"Chd9-202",1.68264105022653e-10,"Up"
2.189399445997e-15,3.96451036190502,0.333,0.005,1.68264105022653e-10,"Vwa8-201",1.68264105022653e-10,"Up"
2.189399445997e-15,3.89346485920935,0.333,0.005,1.68264105022653e-10,"Pde8a-201",1.68264105022653e-10,"Up"
2.189399445997e-15,3.17472313074623,0.333,0.005,1.68264105022653e-10,"Abhd4-201",1.68264105022653e-10,"Up"
2.189399445997e-15,3.17472313074623,0.333,0.005,1.68264105022653e-10,"Abhd4-209",1.68264105022653e-10,"Up"
2.189399445997e-15,3.60479997960936,0.333,0.005,1.68264105022653e-10,"Traf3-202",1.68264105022653e-10,"Up"
2.189399445997e-15,3.7177134066735,0.333,0.005,1.68264105022653e-10,"Mfsd14b-203",1.68264105022653e-10,"Up"
2.189399445997e-15,2.16849674861635,0.333,0.005,1.68264105022653e-10,"Dok3-201",1.68264105022653e-10,"Up"
2.189399445997e-15,3.35044751531146,0.333,0.005,1.68264105022653e-10,"Pigt-205",1.68264105022653e-10,"Up"
2.189399445997e-15,3.50988295513794,0.333,0.005,1.68264105022653e-10,"Zmynd8-205",1.68264105022653e-10,"Up"
2.189399445997e-15,4.41844283710163,0.333,0.005,1.68264105022653e-10,"Aaas-201",1.68264105022653e-10,"Up"
2.189399445997e-15,3.05735952162533,0.333,0.005,1.68264105022653e-10,"Hyi-204",1.68264105022653e-10,"Up"
2.189399445997e-15,3.34673251055725,0.333,0.005,1.68264105022653e-10,"Igsf8-201",1.68264105022653e-10,"Up"
2.189399445997e-15,3.52099942081307,0.333,0.005,1.68264105022653e-10,"Phf2-201",1.68264105022653e-10,"Up"
2.189399445997e-15,3.57611829586793,0.333,0.005,1.68264105022653e-10,"Pop4-201",1.68264105022653e-10,"Up"
2.189399445997e-15,4.16508630795066,0.333,0.005,1.68264105022653e-10,"Emp1-205",1.68264105022653e-10,"Up"
2.189399445997e-15,2.81361450988868,0.333,0.005,1.68264105022653e-10,"C77080-203",1.68264105022653e-10,"Up"
2.189399445997e-15,2.81361450988868,0.333,0.005,1.68264105022653e-10,"C77080-202",1.68264105022653e-10,"Up"
2.189399445997e-15,3.58096435326147,0.333,0.005,1.68264105022653e-10,"Zfp385a-202",1.68264105022653e-10,"Up"
2.189399445997e-15,3.93245544442198,0.333,0.005,1.68264105022653e-10,"Pea15a-202",1.68264105022653e-10,"Up"
2.189399445997e-15,3.1909555627781,0.333,0.005,1.68264105022653e-10,"Adcy7-202",1.68264105022653e-10,"Up"
2.189399445997e-15,3.1909555627781,0.333,0.005,1.68264105022653e-10,"Adcy7-204",1.68264105022653e-10,"Up"
2.189399445997e-15,3.1909555627781,0.333,0.005,1.68264105022653e-10,"Adcy7-201",1.68264105022653e-10,"Up"
2.189399445997e-15,4.17970075449902,0.333,0.005,1.68264105022653e-10,"Cd302-202",1.68264105022653e-10,"Up"
2.189399445997e-15,3.91038016810777,0.333,0.005,1.68264105022653e-10,"Kntc1-201",1.68264105022653e-10,"Up"
2.189399445997e-15,3.12477258465061,0.333,0.005,1.68264105022653e-10,"Maml1-202",1.68264105022653e-10,"Up"
2.189399445997e-15,2.68924294919551,0.333,0.005,1.68264105022653e-10,"Crlf2-203",1.68264105022653e-10,"Up"
2.189399445997e-15,3.69396798831925,0.333,0.005,1.68264105022653e-10,"Slc35f6-201",1.68264105022653e-10,"Up"
2.189399445997e-15,3.30211784714534,0.333,0.005,1.68264105022653e-10,"Cd22-214",1.68264105022653e-10,"Up"
2.189399445997e-15,3.31521827839433,0.333,0.005,1.68264105022653e-10,"Cd22-213",1.68264105022653e-10,"Up"
2.189399445997e-15,3.31521827839433,0.333,0.005,1.68264105022653e-10,"Cd22-208",1.68264105022653e-10,"Up"
2.20933899477348e-15,2.97331906365192,0.367,0.01,1.69796539104321e-10,"Plrg1-204",1.69796539104321e-10,"Up"
2.20933899477348e-15,2.97331906365192,0.367,0.01,1.69796539104321e-10,"Plrg1-201",1.69796539104321e-10,"Up"
2.20933899477348e-15,2.73417607253051,0.367,0.01,1.69796539104321e-10,"Acbd6-202",1.69796539104321e-10,"Up"
2.20933899477348e-15,3.07867571871682,0.367,0.01,1.69796539104321e-10,"Vrk1-203",1.69796539104321e-10,"Up"
2.20933899477348e-15,3.07867571871682,0.367,0.01,1.69796539104321e-10,"Vrk1-201",1.69796539104321e-10,"Up"
2.20933899477348e-15,2.66745167280038,0.367,0.01,1.69796539104321e-10,"Vrk1-204",1.69796539104321e-10,"Up"
2.20933899477348e-15,3.56626115700796,0.367,0.01,1.69796539104321e-10,"Cd86-201",1.69796539104321e-10,"Up"
2.20933899477348e-15,2.82366280509826,0.367,0.01,1.69796539104321e-10,"Tmem245-201",1.69796539104321e-10,"Up"
2.20933899477348e-15,3.20060845353725,0.367,0.01,1.69796539104321e-10,"Ckap4-201",1.69796539104321e-10,"Up"
2.20933899477348e-15,2.77767388831238,0.367,0.01,1.69796539104321e-10,"Ceacam3-201",1.69796539104321e-10,"Up"
2.20933899477348e-15,4.14672735458523,0.367,0.01,1.69796539104321e-10,"Commd3-201",1.69796539104321e-10,"Up"
2.20933899477348e-15,3.21912012184086,0.367,0.01,1.69796539104321e-10,"Atp6v0a1-201",1.69796539104321e-10,"Up"
2.20933899477348e-15,3.39127667514503,0.367,0.01,1.69796539104321e-10,"Rbck1-201",1.69796539104321e-10,"Up"
2.23000984330846e-15,2.77486194625645,0.9,0.188,1.71385176497628e-10,"Ctsl-201",1.71385176497628e-10,"Up"
2.33075876290711e-15,2.97140659261924,0.567,0.053,1.79128133964463e-10,"Ss18-203",1.79128133964463e-10,"Up"
2.34154078409547e-15,2.14556805354959,0.367,0.01,1.79956775420873e-10,"Psg25-201",1.79956775420873e-10,"Up"
2.34154078409547e-15,2.9099984253123,0.367,0.01,1.79956775420873e-10,"Mrtfb-201",1.79956775420873e-10,"Up"
2.34154078409547e-15,1.27692262708216,0.367,0.01,1.79956775420873e-10,"Traf3-201",1.79956775420873e-10,"Up"
2.34154078409547e-15,2.70616619266133,0.367,0.01,1.79956775420873e-10,"Arhgap25-201",1.79956775420873e-10,"Up"
2.34154078409547e-15,1.85430822591958,0.367,0.01,1.79956775420873e-10,"Oat-201",1.79956775420873e-10,"Up"
2.34154078409547e-15,3.0164074990363,0.367,0.01,1.79956775420873e-10,"Eif2ak2-201",1.79956775420873e-10,"Up"
2.34154078409547e-15,3.36169880491908,0.367,0.01,1.79956775420873e-10,"Apob-202",1.79956775420873e-10,"Up"
2.34154078409547e-15,1.91411606473274,0.367,0.01,1.79956775420873e-10,"Plbd2-203",1.79956775420873e-10,"Up"
2.34154078409547e-15,3.27897443990906,0.367,0.01,1.79956775420873e-10,"Kifc1-204",1.79956775420873e-10,"Up"
2.34154078409547e-15,2.68743759896092,0.367,0.01,1.79956775420873e-10,"Kif2c-202",1.79956775420873e-10,"Up"
2.34154078409547e-15,1.17402725364914,0.367,0.01,1.79956775420873e-10,"Crlf2-201",1.79956775420873e-10,"Up"
2.34154078409547e-15,2.09530589026285,0.367,0.01,1.79956775420873e-10,"Tmem87b-201",1.79956775420873e-10,"Up"
2.45947119741731e-15,1.75374150846022,0.5,0.034,1.8902019940631e-10,"Cttnbp2nl-202",1.8902019940631e-10,"Up"
2.45947119741731e-15,2.1852869048449,0.5,0.034,1.8902019940631e-10,"Ccr1-201",1.8902019940631e-10,"Up"
2.45947119741731e-15,2.21869779079025,0.5,0.034,1.8902019940631e-10,"Gatm-201",1.8902019940631e-10,"Up"
2.48871143566495e-15,2.20961411646998,0.667,0.077,1.91267428676594e-10,"Prrc2a-201",1.91267428676594e-10,"Up"
2.50888742885084e-15,1.25073288066307,0.567,0.048,1.92818034456903e-10,"Sec61a1-201",1.92818034456903e-10,"Up"
2.57391456129577e-15,1.63893590260383,0.5,0.034,1.97815629693825e-10,"Csrp1-201",1.97815629693825e-10,"Up"
2.78914266821118e-15,2.73679065651816,0.6,0.063,2.14356770622702e-10,"Cd81-201",2.14356770622702e-10,"Up"
2.81875785219842e-15,1.58066427987792,0.5,0.034,2.16632815972857e-10,"Wee1-201",2.16632815972857e-10,"Up"
2.82006082428404e-15,2.11901675989216,0.767,0.116,2.16732954589526e-10,"Actn4-201",2.16732954589526e-10,"Up"
2.83527218262704e-15,1.27002622935495,0.7,0.082,2.17902008323619e-10,"Ccn1-201",2.17902008323619e-10,"Up"
2.93452172422657e-15,2.84043464572445,0.467,0.029,2.25529732593709e-10,"Spag5-201",2.25529732593709e-10,"Up"
2.94964008050131e-15,1.41557582486107,0.5,0.034,2.26691638746847e-10,"Fam193a-202",2.26691638746847e-10,"Up"
2.96138583676735e-15,1.5672808497013,0.567,0.048,2.27594347098918e-10,"Golt1b-201",2.27594347098918e-10,"Up"
2.96138583676735e-15,1.4433149082128,0.567,0.048,2.27594347098918e-10,"Cd52-201",2.27594347098918e-10,"Up"
3.0768622541155e-15,2.36624921513218,0.467,0.029,2.36469171677792e-10,"Arhgap10-201",2.36469171677792e-10,"Up"
3.09154025383999e-15,2.01839242492559,0.633,0.068,2.37597234668619e-10,"Pcnt-202",2.37597234668619e-10,"Up"
3.09154025383999e-15,2.01839242492559,0.633,0.068,2.37597234668619e-10,"Pcnt-201",2.37597234668619e-10,"Up"
3.18008907199904e-15,2.69193301396605,0.7,0.101,2.44402565539414e-10,"Lcp1-206",2.44402565539414e-10,"Up"
3.22599603943684e-15,3.19971350926412,0.467,0.029,2.47930699614879e-10,"Prkcsh-201",2.47930699614879e-10,"Up"
3.27101280096903e-15,1.58670376245689,0.7,0.082,2.51390417805674e-10,"Scarb2-201",2.51390417805674e-10,"Up"
3.38986831719192e-15,1.24402287940402,0.7,0.082,2.60524939649468e-10,"Or51v8-201",2.60524939649468e-10,"Up"
3.46369119949286e-15,1.79917746631218,0.633,0.068,2.66198523445824e-10,"Fam50a-201",2.66198523445824e-10,"Up"
3.71741857370824e-15,3.40581767032097,0.467,0.029,2.85698487063773e-10,"Ganab-201",2.85698487063773e-10,"Up"
3.73594713932831e-15,1.67991994297106,0.633,0.068,2.87122481445938e-10,"Polr2a-201",2.87122481445938e-10,"Up"
3.87049378559415e-15,2.43484595529378,0.533,0.043,2.97462929398053e-10,"Cdc25b-201",2.97462929398053e-10,"Up"
3.89706317500411e-15,2.9455859048819,0.467,0.029,2.99504893251766e-10,"Hmox2-202",2.99504893251766e-10,"Up"
3.95772626284754e-15,2.70599103509385,0.567,0.053,3.04167094204885e-10,"Colec12-204",3.04167094204885e-10,"Up"
4.15496812124825e-15,1.34617156009688,0.6,0.058,3.19325919990413e-10,"Slk-201",3.19325919990413e-10,"Up"
4.28237373237057e-15,1.90149466768176,0.467,0.029,3.29117550827608e-10,"Wipf1-201",3.29117550827608e-10,"Up"
4.28237373237057e-15,2.58818923049183,0.467,0.029,3.29117550827608e-10,"Prkx-201",3.29117550827608e-10,"Up"
4.28237373237057e-15,2.09970349910252,0.467,0.029,3.29117550827608e-10,"Nfya-202",3.29117550827608e-10,"Up"
4.48885633116791e-15,2.57074196633116,0.467,0.029,3.44986564475579e-10,"Polr2a-202",3.44986564475579e-10,"Up"
4.51218395203924e-15,1.97741189029527,0.633,0.068,3.46779385450024e-10,"Pik3r5-201",3.46779385450024e-10,"Up"
4.57654425280089e-15,3.81923143102416,0.433,0.024,3.5172573200476e-10,"Gpcpd1-213",3.5172573200476e-10,"Up"
4.58965809277563e-15,1.95329011964948,0.533,0.043,3.52733583062178e-10,"Nbr1-203",3.52733583062178e-10,"Up"
4.70513293540515e-15,2.48411931972895,0.467,0.029,3.61608286617627e-10,"Myo1c-204",3.61608286617627e-10,"Up"
4.70513293540515e-15,2.06681189802583,0.467,0.029,3.61608286617627e-10,"Csnk2b-201",3.61608286617627e-10,"Up"
4.70513293540515e-15,2.39348046175901,0.467,0.029,3.61608286617627e-10,"Mef2d-201",3.61608286617627e-10,"Up"
4.70513293540515e-15,2.07258450239795,0.467,0.029,3.61608286617627e-10,"Klhl9-201",3.61608286617627e-10,"Up"
4.86193348187354e-15,1.24966972824944,0.6,0.058,3.73659035815909e-10,"Baz1a-205",3.73659035815909e-10,"Up"
5.0513164384622e-15,4.55353851679796,0.433,0.024,3.88213873561574e-10,"Racgap1-201",3.88213873561574e-10,"Up"
5.06762895657037e-15,1.95452817022007,0.7,0.097,3.89467555828259e-10,"Irak2-201",3.89467555828259e-10,"Up"
5.12384589053774e-15,2.80465830802272,0.667,0.082,3.93788052071387e-10,"Pakap-205",3.93788052071387e-10,"Up"
5.12384589053774e-15,2.80465831069164,0.667,0.082,3.93788052071387e-10,"Pakap-204",3.93788052071387e-10,"Up"
5.16891563436355e-15,2.43921559182869,0.467,0.029,3.97251842163376e-10,"Paxip1-201",3.97251842163376e-10,"Up"
5.21954882367722e-15,3.69682882888959,0.6,0.068,4.01143205294889e-10,"Sirpa-203",4.01143205294889e-10,"Up"
5.30656312742271e-15,3.85446323027833,0.433,0.024,4.07830602594945e-10,"Pmp22-201",4.07830602594945e-10,"Up"
5.30656312742271e-15,3.08408447076998,0.433,0.024,4.07830602594945e-10,"Tapbp-206",4.07830602594945e-10,"Up"
5.30706032565311e-15,1.58470116352696,0.733,0.097,4.07868814267744e-10,"Taf15-201",4.07868814267744e-10,"Up"
5.41739868003488e-15,2.24954588853389,0.467,0.029,4.16348758155401e-10,"Wdfy3-201",4.16348758155401e-10,"Up"
5.41739868003488e-15,2.22724736021544,0.467,0.029,4.16348758155401e-10,"Man2a1-201",4.16348758155401e-10,"Up"
5.41739868003488e-15,2.32590937134462,0.467,0.029,4.16348758155401e-10,"Nek2-201",4.16348758155401e-10,"Up"
5.41739868003488e-15,2.39026480770911,0.467,0.029,4.16348758155401e-10,"Scaf1-206",4.16348758155401e-10,"Up"
5.67763155325665e-15,2.40827272467414,0.467,0.029,4.36348695393986e-10,"Glyr1-201",4.36348695393986e-10,"Up"
5.93004099639414e-15,2.39384170886612,0.567,0.053,4.55747370736875e-10,"Lcp2-201",4.55747370736875e-10,"Up"
5.95016033801656e-15,2.14605530608499,0.467,0.029,4.57293622617925e-10,"Ptprc-207",4.57293622617925e-10,"Up"
6.17780627379605e-15,1.51622476479122,0.533,0.043,4.74789123366322e-10,"Rc3h1-204",4.74789123366322e-10,"Up"
6.23555604116773e-15,2.21458307368498,0.467,0.029,4.79227423987904e-10,"Dlk1-201",4.79227423987904e-10,"Up"
6.23555604116773e-15,2.06348870919104,0.467,0.029,4.79227423987904e-10,"Zfx-203",4.79227423987904e-10,"Up"
6.23555604116773e-15,2.06348870919104,0.467,0.029,4.79227423987904e-10,"Zfx-204",4.79227423987904e-10,"Up"
6.27201255675561e-15,2.94324539003193,0.733,0.121,4.82029253036896e-10,"Adam8-201",4.82029253036896e-10,"Up"
6.41257712252254e-15,1.5045262367903,0.667,0.077,4.92832202174347e-10,"Ppp4r3b-201",4.92832202174347e-10,"Up"
6.42757909876178e-15,3.63749011982085,0.567,0.053,4.93985164056238e-10,"Ssr4-208",4.93985164056238e-10,"Up"
6.73044545015496e-15,1.75014356362167,0.733,0.097,5.1726165462621e-10,"Id2-202",5.1726165462621e-10,"Up"
7.12722023221208e-15,2.26043402345944,0.433,0.024,5.47755383726428e-10,"Trps1-202",5.47755383726428e-10,"Up"
7.37089179920264e-15,2.97878075034394,0.5,0.039,5.6648251833592e-10,"Pmaip1-201",5.6648251833592e-10,"Up"
7.9611429437097e-15,1.656851109308,0.533,0.043,6.11845679795865e-10,"Dmxl1-202",6.11845679795865e-10,"Up"
8.04588868478818e-15,3.1961585661886,0.5,0.039,6.18358728980711e-10,"Arhgap31-201",6.18358728980711e-10,"Up"
8.24021597918515e-15,2.68451155626377,0.6,0.063,6.33293558864296e-10,"Glmp-209",6.33293558864296e-10,"Up"
8.30404159021663e-15,1.48646307149062,0.533,0.043,6.38198812374509e-10,"Trrap-203",6.38198812374509e-10,"Up"
8.30404159021663e-15,1.90449553092658,0.533,0.043,6.38198812374509e-10,"Rab9-202",6.38198812374509e-10,"Up"
8.32884323302881e-15,2.52975239759776,0.767,0.121,6.40104917831196e-10,"Anxa4-201",6.40104917831196e-10,"Up"
8.3292498196892e-15,2.70553788250292,0.933,0.227,6.40136165642394e-10,"Lmna-201",6.40136165642394e-10,"Up"
8.43897128075076e-15,3.52438128482172,0.533,0.053,6.48568698810819e-10,"Capg-201",6.48568698810819e-10,"Up"
8.78163427030263e-15,2.71096555647025,0.5,0.039,6.74903720209838e-10,"Ercc6-201",6.74903720209838e-10,"Up"
8.86266304059909e-15,1.8363163901572,0.567,0.053,6.81131105322202e-10,"Mplkip-201",6.81131105322202e-10,"Up"
9.10381038108069e-15,3.02744125675724,0.433,0.024,6.99664243027575e-10,"Clec4n-201",6.99664243027575e-10,"Up"
9.10718456232943e-15,2.98290480261035,0.833,0.198,6.99923562353266e-10,"Plin2-201",6.99923562353266e-10,"Up"
9.14775795616297e-15,2.68654952175275,0.833,0.164,7.03041789962949e-10,"Tmsb4x-201",7.03041789962949e-10,"Up"
1.00375841043811e-14,2.74897390592617,0.433,0.024,7.71428488758102e-10,"Adssl1-201",7.71428488758102e-10,"Up"
1.00375841043811e-14,2.46931616669265,0.433,0.024,7.71428488758102e-10,"Oxct1-201",7.71428488758102e-10,"Up"
1.00375841043811e-14,2.3563049373468,0.433,0.024,7.71428488758102e-10,"Syngr2-201",7.71428488758102e-10,"Up"
1.02263984797472e-14,2.16308958939982,0.8,0.13,7.85939628762488e-10,"Lamc1-201",7.85939628762488e-10,"Up"
1.07962008211884e-14,2.13289421537523,0.7,0.101,8.29731217911617e-10,"Nup98-203",8.29731217911617e-10,"Up"
1.14094156208899e-14,2.03796944087911,0.5,0.039,8.76859228127873e-10,"Hip1-201",8.76859228127873e-10,"Up"
1.16175553810236e-14,2.89485295707573,0.433,0.024,8.9285560125319e-10,"Eloa-201",8.9285560125319e-10,"Up"
1.16175553810236e-14,2.40541973940362,0.433,0.024,8.9285560125319e-10,"Havcr2-201",8.9285560125319e-10,"Up"
1.16175553810236e-14,3.33218854149814,0.433,0.024,8.9285560125319e-10,"Rabep1-204",8.9285560125319e-10,"Up"
1.16250020631451e-14,2.16551404259709,0.667,0.082,8.93427908560951e-10,"Rbbp6-202",8.93427908560951e-10,"Up"
1.21572089071474e-14,3.69087708416205,0.467,0.034,9.34330133349905e-10,"Mef2a-204",9.34330133349905e-10,"Up"
1.21967378083089e-14,2.70170681258327,0.433,0.024,9.37368087519770e-10,"Uap1-203",9.37368087519770e-10,"Up"
1.2200390130913e-14,2.07886187514793,0.567,0.053,9.37648783121184e-10,"Nbr1-202",9.37648783121184e-10,"Up"
1.2200390130913e-14,2.07886187514793,0.567,0.053,9.37648783121184e-10,"Nbr1-204",9.37648783121184e-10,"Up"
1.23098174434046e-14,2.45139991649261,0.533,0.048,9.46058709795418e-10,"Foxp1-204",9.46058709795418e-10,"Up"
1.26766776366835e-14,2.53056417815789,0.567,0.058,9.7425338308967e-10,"Rassf4-201",9.7425338308967e-10,"Up"
1.28043096313071e-14,2.39882555184536,0.433,0.024,9.84062412404473e-10,"Sptssa-201",9.84062412404473e-10,"Up"
1.28043096313071e-14,2.56012787880863,0.433,0.024,9.84062412404473e-10,"Uap1-202",9.84062412404473e-10,"Up"
1.30358634120454e-14,1.93369760240513,0.6,0.063,1.00185824666934e-09,"Snx1-201",1.00185824666934e-09,"Up"
1.34416378675371e-14,2.32042856366595,0.433,0.024,1.0330436366717e-09,"Tec-201",1.0330436366717e-09,"Up"
1.34416378675371e-14,2.42132322212235,0.433,0.024,1.0330436366717e-09,"Arhgap1-201",1.0330436366717e-09,"Up"
1.3500077050737e-14,2.04010662394639,0.633,0.072,1.03753492165734e-09,"Atp6v0e-201",1.03753492165734e-09,"Up"
1.41101541392782e-14,1.93229888188563,0.433,0.024,1.08442178622009e-09,"Gins2-201",1.08442178622009e-09,"Up"
1.41788654799341e-14,2.20830680171866,0.5,0.039,1.08970252759485e-09,"Cd33-203",1.08970252759485e-09,"Up"
1.48113576670282e-14,1.83972955835552,0.433,0.024,1.13831208214179e-09,"Itga6-202",1.13831208214179e-09,"Up"
1.48113576670282e-14,1.83972955835552,0.433,0.024,1.13831208214179e-09,"Itga6-201",1.13831208214179e-09,"Up"
1.48113576670282e-14,1.57476861103484,0.433,0.024,1.13831208214179e-09,"Casp8-201",1.13831208214179e-09,"Up"
1.48113576670282e-14,1.74774271152341,0.433,0.024,1.13831208214179e-09,"Sf3a1-201",1.13831208214179e-09,"Up"
1.49418156363318e-14,3.58565592766386,0.4,0.019,1.14833829891465e-09,"Racgap1-213",1.14833829891465e-09,"Up"
1.51800563860314e-14,2.18826753724828,0.8,0.145,1.16664805349205e-09,"Tagln2-202",1.16664805349205e-09,"Up"
1.55468183987894e-14,1.45245753938943,0.433,0.024,1.19483518122056e-09,"B4galt7-201",1.19483518122056e-09,"Up"
1.63181802812087e-14,1.83534207059029,0.433,0.024,1.25411742733202e-09,"Rassf3-201",1.25411742733202e-09,"Up"
1.63181802812087e-14,2.00877583584912,0.433,0.024,1.25411742733202e-09,"Fam193a-201",1.25411742733202e-09,"Up"
1.63181802812087e-14,1.15323527200955,0.433,0.024,1.25411742733202e-09,"Sec16a-202",1.25411742733202e-09,"Up"
1.63181802812087e-14,1.15323527200955,0.433,0.024,1.25411742733202e-09,"Sec16a-201",1.25411742733202e-09,"Up"
1.68619209695295e-14,2.17213372602292,0.5,0.039,1.29590607419222e-09,"Eif2s1-201",1.29590607419222e-09,"Up"
1.68619209695295e-14,2.30058133905271,0.5,0.039,1.29590607419222e-09,"Smcr8-201",1.29590607419222e-09,"Up"
1.70085764440142e-14,1.68488768256614,0.6,0.063,1.30717713402827e-09,"Hivep2-205",1.30717713402827e-09,"Up"
1.77616378806614e-14,-9.54152044277283,0,0.86,1.36505291768035e-09,"Hbb-bh1-201",1.36505291768035e-09,"Down"
1.87233947279095e-14,2.55052506249333,0.767,0.135,1.43896777841876e-09,"Akap13-205",1.43896777841876e-09,"Up"
1.9196322870786e-14,1.95934858517555,0.5,0.039,1.47531419791138e-09,"Ceacam12-202",1.47531419791138e-09,"Up"
1.9196322870786e-14,1.98595390335747,0.5,0.039,1.47531419791138e-09,"Phf3-205",1.47531419791138e-09,"Up"
1.9196322870786e-14,1.98595390335747,0.5,0.039,1.47531419791138e-09,"Phf3-201",1.47531419791138e-09,"Up"
1.94427210348153e-14,1.19976948703865,0.633,0.072,1.49425088240969e-09,"Galnt2-201",1.49425088240969e-09,"Up"
1.99745742263441e-14,2.75713999264406,0.467,0.034,1.53512592759145e-09,"Bri3-201",1.53512592759145e-09,"Up"
2.00429692274687e-14,1.77143200502332,0.5,0.039,1.54038235700788e-09,"Mak16-201",1.54038235700788e-09,"Up"
2.0298737067889e-14,3.28251731329926,0.4,0.019,1.56003913861554e-09,"Itm2c-201",1.56003913861554e-09,"Up"
2.0298737067889e-14,3.39840010657863,0.4,0.019,1.56003913861554e-09,"Nfkb2-204",1.56003913861554e-09,"Up"
2.05534498104967e-14,1.77668507104132,0.6,0.063,1.57961483173591e-09,"Rab8a-201",1.57961483173591e-09,"Up"
2.08927578184751e-14,2.63715651765482,0.467,0.034,1.60569200938108e-09,"Rasgef1b-209",1.60569200938108e-09,"Up"
2.09087994917771e-14,2.08607964850169,0.633,0.072,1.60692487614103e-09,"Ppp1r15b-201",1.60692487614103e-09,"Up"
2.09742001554492e-14,1.4066512185721,0.533,0.048,1.61195117874689e-09,"Htra3-201",1.61195117874689e-09,"Up"
2.18476860523056e-14,2.45612086455418,0.533,0.048,1.67908206386389e-09,"Ddhd1-203",1.67908206386389e-09,"Up"
2.18479458829808e-14,1.47696575417971,0.5,0.039,1.6791020328906e-09,"Lin54-201",1.6791020328906e-09,"Up"
2.20513769359928e-14,2.77284958980308,0.567,0.063,1.69473652303879e-09,"Lilrb4b-213",1.69473652303879e-09,"Up"
2.21666800983077e-14,1.5479728476633,0.6,0.063,1.70359803227534e-09,"Bag3-201",1.70359803227534e-09,"Up"
2.22614239141234e-14,2.75236375762131,0.533,0.053,1.71087947349604e-09,"Shisa5-201",1.71087947349604e-09,"Up"
2.24738473524292e-14,3.4136350707284,0.4,0.019,1.72720506442359e-09,"Flnc-201",1.72720506442359e-09,"Up"
2.24738473524292e-14,3.11941412644979,0.4,0.019,1.72720506442359e-09,"Ergic3-201",1.72720506442359e-09,"Up"
2.24738473524292e-14,2.80165246260204,0.4,0.019,1.72720506442359e-09,"Arfgap1-201",1.72720506442359e-09,"Up"
2.25844187751207e-14,1.80337427119784,0.733,0.101,1.73570292054312e-09,"Gch1-201",1.73570292054312e-09,"Up"
2.27663205911078e-14,1.98514198126296,0.567,0.058,1.749682802709e-09,"Abr-213",1.749682802709e-09,"Up"
2.28432631807255e-14,3.29743352276238,0.5,0.043,1.75559614849148e-09,"Pdpn-201",1.75559614849148e-09,"Up"
2.36458051679646e-14,2.80736806274235,0.4,0.019,1.81727471037875e-09,"Golga5-201",1.81727471037875e-09,"Up"
2.36458051679646e-14,2.50683396510819,0.4,0.019,1.81727471037875e-09,"Lats2-201",1.81727471037875e-09,"Up"
2.36678947297363e-14,3.73907407518256,0.567,0.058,1.81897238155916e-09,"Brpf1-210",1.81897238155916e-09,"Up"
2.418821113767e-14,3.6680240382267,0.933,0.517,1.85896077877449e-09,"Psap-202",1.85896077877449e-09,"Up"
2.42230918984509e-14,3.38624136889871,0.733,0.111,1.86164150476354e-09,"Apoe-209",1.86164150476354e-09,"Up"
2.45296896137339e-14,4.02135385919781,0.433,0.029,1.88520476557391e-09,"Ralgds-202",1.88520476557391e-09,"Up"
2.48778266992567e-14,3.0435146967969,0.4,0.019,1.91196049314468e-09,"Pfkfb3-214",1.91196049314468e-09,"Up"
2.61729346691553e-14,2.26287007552621,0.4,0.019,2.01149472106326e-09,"Got1-201",2.01149472106326e-09,"Up"
2.61729346691553e-14,2.43358153517939,0.4,0.019,2.01149472106326e-09,"Tes-202",2.01149472106326e-09,"Up"
2.62576312396579e-14,2.93954254121234,0.7,0.116,2.01800399129267e-09,"Cd14-201",2.01800399129267e-09,"Up"
2.70895460572774e-14,1.39440194727614,0.5,0.039,2.081939972686e-09,"Sdha-201",2.081939972686e-09,"Up"
2.70895460572774e-14,1.46411925607067,0.5,0.039,2.081939972686e-09,"Kif4-201",2.081939972686e-09,"Up"
2.73404207665437e-14,2.57806074976251,0.467,0.034,2.10122069759195e-09,"Foxm1-201",2.10122069759195e-09,"Up"
2.75343010270358e-14,2.97306873590613,0.4,0.019,2.11612117113181e-09,"Rexo4-201",2.11612117113181e-09,"Up"
2.75343010270358e-14,2.97306873590613,0.4,0.019,2.11612117113181e-09,"Rexo4-202",2.11612117113181e-09,"Up"
2.75343010270358e-14,2.43260650108367,0.4,0.019,2.11612117113181e-09,"Psg19-201",2.11612117113181e-09,"Up"
2.75343010270358e-14,2.80689696962114,0.4,0.019,2.11612117113181e-09,"Retreg2-201",2.11612117113181e-09,"Up"
2.75343010270358e-14,2.36398034062605,0.4,0.019,2.11612117113181e-09,"Syncrip-208",2.11612117113181e-09,"Up"
2.75343010270358e-14,2.79109927213071,0.4,0.019,2.11612117113181e-09,"Uap1-201",2.11612117113181e-09,"Up"
2.89652541678089e-14,2.1335950271171,0.4,0.019,2.22609564381278e-09,"Sec24d-201",2.22609564381278e-09,"Up"
2.89652541678089e-14,1.74426695349234,0.4,0.019,2.22609564381278e-09,"Zc3h7a-201",2.22609564381278e-09,"Up"
2.89652541678089e-14,1.92981574738579,0.4,0.019,2.22609564381278e-09,"Tmed7-202",2.22609564381278e-09,"Up"
2.89652541678089e-14,2.21612839570062,0.4,0.019,2.22609564381278e-09,"Rab20-201",2.22609564381278e-09,"Up"
2.89652541678089e-14,1.38817822589607,0.4,0.019,2.22609564381278e-09,"Morc3-206",2.22609564381278e-09,"Up"
2.89652541678089e-14,2.71690366723902,0.4,0.019,2.22609564381278e-09,"Osm-201",2.22609564381278e-09,"Up"
2.89652541678089e-14,2.06094236113113,0.4,0.019,2.22609564381278e-09,"Hjurp-201",2.22609564381278e-09,"Up"
2.90479517697576e-14,2.42880269927228,0.533,0.048,2.23245128531295e-09,"Ppil2-201",2.23245128531295e-09,"Up"
2.90479517697576e-14,2.09089184313146,0.533,0.048,2.23245128531295e-09,"Psmd6-201",2.23245128531295e-09,"Up"
2.94566754065799e-14,3.24086332557374,0.533,0.053,2.26386333169729e-09,"Lilrb4b-201",2.26386333169729e-09,"Up"
2.98969844716028e-14,2.66296971153487,0.467,0.034,2.29770284458056e-09,"Mrpl32-202",2.29770284458056e-09,"Up"
2.99612519478244e-14,1.033826194973,0.6,0.063,2.30264205719809e-09,"Adam10-201",2.30264205719809e-09,"Up"
3.02511029213615e-14,2.0758276618339,0.533,0.048,2.32491826391832e-09,"Cenpe-201",2.32491826391832e-09,"Up"
3.03300153984061e-14,3.37618291025269,0.667,0.097,2.33098300342911e-09,"Gadd45b-201",2.33098300342911e-09,"Up"
3.04692864927152e-14,1.72440381722088,0.4,0.019,2.34168654411114e-09,"Kif20b-203",2.34168654411114e-09,"Up"
3.04692864927152e-14,1.89977895886178,0.4,0.019,2.34168654411114e-09,"Sfmbt1-201",2.34168654411114e-09,"Up"
3.04692864927152e-14,2.34292602838472,0.4,0.019,2.34168654411114e-09,"Abhd2-202",2.34168654411114e-09,"Up"
3.04692864927152e-14,2.66797091330114,0.4,0.019,2.34168654411114e-09,"Srgap2-201",2.34168654411114e-09,"Up"
3.04692864927152e-14,2.23169970493602,0.4,0.019,2.34168654411114e-09,"Fndc3a-205",2.34168654411114e-09,"Up"
3.04692864927152e-14,2.99798788257695,0.4,0.019,2.34168654411114e-09,"Ogdh-203",2.34168654411114e-09,"Up"
3.18033625874269e-14,4.01062251609867,0.367,0.014,2.4442156282941e-09,"Itprid2-205",2.4442156282941e-09,"Up"
3.20500623277175e-14,2.14144244147254,0.4,0.019,2.4631754901344e-09,"Sdhd-201",2.4631754901344e-09,"Up"
3.20500623277175e-14,1.8653139990133,0.4,0.019,2.4631754901344e-09,"Atl3-202",2.4631754901344e-09,"Up"
3.20500623277175e-14,2.12823457163125,0.4,0.019,2.4631754901344e-09,"Rin2-208",2.4631754901344e-09,"Up"
3.20500623277175e-14,2.5890783327421,0.4,0.019,2.4631754901344e-09,"Prr14l-201",2.4631754901344e-09,"Up"
3.28062987761452e-14,1.81445066958824,0.533,0.048,2.52129528614187e-09,"Ckap5-204",2.52129528614187e-09,"Up"
3.28062987761452e-14,2.23945351062015,0.533,0.048,2.52129528614187e-09,"Dctn4-201",2.52129528614187e-09,"Up"
3.33686867533891e-14,3.17689212609524,0.5,0.043,2.56451705174497e-09,"Mbnl2-201",2.56451705174497e-09,"Up"
3.35354838457322e-14,2.03281730269445,0.767,0.121,2.5773360754799e-09,"Plek-202",2.5773360754799e-09,"Up"
3.37114262160182e-14,2.25187632573217,0.4,0.019,2.59085795040587e-09,"Alas1-207",2.59085795040587e-09,"Up"
3.37114262160182e-14,1.68825721353621,0.4,0.019,2.59085795040587e-09,"Xpo6-217",2.59085795040587e-09,"Up"
3.37114262160182e-14,2.09393682815297,0.4,0.019,2.59085795040587e-09,"Tcirg1-211",2.59085795040587e-09,"Up"
3.37114262160182e-14,1.52423772283078,0.4,0.019,2.59085795040587e-09,"Crcp-201",2.59085795040587e-09,"Up"
3.37114262160182e-14,1.99432147204601,0.4,0.019,2.59085795040587e-09,"Fasn-201",2.59085795040587e-09,"Up"
3.37114262160182e-14,1.2947095798351,0.4,0.019,2.59085795040587e-09,"Pigt-202",2.59085795040587e-09,"Up"
3.37114262160182e-14,1.13306943012347,0.4,0.019,2.59085795040587e-09,"Secisbp2l-201",2.59085795040587e-09,"Up"
3.37642361396894e-14,2.28617274173368,0.933,0.304,2.59491660427969e-09,"Ctsb-201",2.59491660427969e-09,"Up"
3.42628051269095e-14,2.36755840075013,0.633,0.082,2.6332336252235e-09,"Tgfbi-201",2.6332336252235e-09,"Up"
3.54146169747093e-14,4.43862850717252,0.367,0.014,2.7217549729743e-09,"Cab39-201",2.7217549729743e-09,"Up"
3.54146169747093e-14,4.05055445003225,0.367,0.014,2.7217549729743e-09,"Mgat1-202",2.7217549729743e-09,"Up"
3.57355409361639e-14,2.56391296289573,0.467,0.034,2.74641926310794e-09,"Eepd1-201",2.74641926310794e-09,"Up"
3.71753743913754e-14,2.27679734101452,0.967,0.309,2.85707622347476e-09,"Itm2b-201",2.85707622347476e-09,"Up"
3.73622391341723e-14,2.89915978951017,0.467,0.034,2.87143752641768e-09,"Rabep1-203",2.87143752641768e-09,"Up"
3.90617007304839e-14,2.44483469426867,0.467,0.034,3.00204794794061e-09,"Ppp4r3a-202",3.00204794794061e-09,"Up"
3.94283781827306e-14,3.81464338765458,0.367,0.014,3.03022857685558e-09,"Mgat1-213",3.03022857685558e-09,"Up"
4.08371211553458e-14,2.37520567797935,0.467,0.034,3.13849610927295e-09,"Cyrib-201",3.13849610927295e-09,"Up"
4.08371211553458e-14,2.27637850013055,0.467,0.034,3.13849610927295e-09,"Mfsd1-201",3.13849610927295e-09,"Up"
4.08909164657188e-14,2.68223841969477,0.6,0.072,3.14263049405635e-09,"Srsf3-201",3.14263049405635e-09,"Up"
4.15997689115324e-14,3.6190530539947,0.367,0.014,3.19710863992691e-09,"Mga-215",3.19710863992691e-09,"Up"
4.26918334714249e-14,2.69815409959473,0.467,0.034,3.28103816961289e-09,"Cdc42bpb-201",3.28103816961289e-09,"Up"
4.29541889052658e-14,4.10377075135182,0.433,0.029,3.3012012341253e-09,"Sgk1-203",3.3012012341253e-09,"Up"
4.38886415216367e-14,2.87150792333256,0.367,0.014,3.37301765550387e-09,"Rpp30-201",3.37301765550387e-09,"Up"
4.38886415216367e-14,3.42564916568807,0.367,0.014,3.37301765550387e-09,"Svil-203",3.37301765550387e-09,"Up"
4.38886415216367e-14,3.91597903078718,0.367,0.014,3.37301765550387e-09,"Phactr4-203",3.37301765550387e-09,"Up"
4.53462875067871e-14,1.91050252767892,0.633,0.077,3.48504358004662e-09,"Snx2-201",3.48504358004662e-09,"Up"
4.58298679508668e-14,1.21022038708554,0.6,0.068,3.52220867149591e-09,"Ilf3-201",3.52220867149591e-09,"Up"
4.63012349752006e-14,3.66449098074097,0.367,0.014,3.55843511278407e-09,"Extl3-203",3.55843511278407e-09,"Up"
4.63012349752006e-14,2.89790013490279,0.367,0.014,3.55843511278407e-09,"Nudt9-201",3.55843511278407e-09,"Up"
4.66414740155902e-14,3.19455071777021,0.5,0.043,3.58458384399417e-09,"H3c1-201",3.58458384399417e-09,"Up"
4.66531892753565e-14,2.34703801281471,0.467,0.034,3.58548420856825e-09,"Ankle2-206",3.58548420856825e-09,"Up"
4.83010996719228e-14,2.05374727088669,0.733,0.121,3.71213271418595e-09,"Dgkz-214",3.71213271418595e-09,"Up"
4.86722177937934e-14,2.12132561290312,0.633,0.077,3.7406546263242e-09,"C1qb-201",3.7406546263242e-09,"Up"
4.88441131119054e-14,3.09148377931852,0.367,0.014,3.75386546910238e-09,"Havcr2-202",3.75386546910238e-09,"Up"
4.88441131119054e-14,3.16766821956303,0.367,0.014,3.75386546910238e-09,"Steep1-202",3.75386546910238e-09,"Up"
4.88441131119054e-14,3.16766821956303,0.367,0.014,3.75386546910238e-09,"Steep1-201",3.75386546910238e-09,"Up"
4.88441131119054e-14,3.3764838242368,0.367,0.014,3.75386546910238e-09,"Il11ra1-203",3.75386546910238e-09,"Up"
4.88441131119054e-14,3.3764838242368,0.367,0.014,3.75386546910238e-09,"Il11ra1-202",3.75386546910238e-09,"Up"
4.88441131119054e-14,2.90478891466782,0.367,0.014,3.75386546910238e-09,"Tmem184b-201",3.75386546910238e-09,"Up"
4.88441131119054e-14,3.59992165850594,0.367,0.014,3.75386546910238e-09,"Supv3l1-201",3.75386546910238e-09,"Up"
4.91280956870129e-14,1.23847626394082,0.533,0.048,3.77569066592969e-09,"Tcof1-202",3.77569066592969e-09,"Up"
5.08559637896305e-14,3.11401115851431,0.867,0.242,3.90848424108826e-09,"Sparc-201",3.90848424108826e-09,"Up"
5.1524181217847e-14,3.02725800743034,0.367,0.014,3.95983942331642e-09,"Prmt9-201",3.95983942331642e-09,"Up"
5.1524181217847e-14,3.00593854991243,0.367,0.014,3.95983942331642e-09,"Asap1-218",3.95983942331642e-09,"Up"
5.1524181217847e-14,3.00593854991243,0.367,0.014,3.95983942331642e-09,"Asap1-205",3.95983942331642e-09,"Up"
5.1524181217847e-14,3.00593854991243,0.367,0.014,3.95983942331642e-09,"Asap1-203",3.95983942331642e-09,"Up"
5.1524181217847e-14,3.00593854991243,0.367,0.014,3.95983942331642e-09,"Asap1-201",3.95983942331642e-09,"Up"
5.1524181217847e-14,3.75132731756692,0.367,0.014,3.95983942331642e-09,"Mmp19-201",3.95983942331642e-09,"Up"
5.1524181217847e-14,2.90995620450386,0.367,0.014,3.95983942331642e-09,"Ect2-202",3.95983942331642e-09,"Up"
5.1524181217847e-14,3.45540825437394,0.367,0.014,3.95983942331642e-09,"Celf2-201",3.95983942331642e-09,"Up"
5.1524181217847e-14,3.45540825437394,0.367,0.014,3.95983942331642e-09,"Celf2-202",3.95983942331642e-09,"Up"
5.1524181217847e-14,3.45540825437394,0.367,0.014,3.95983942331642e-09,"Celf2-206",3.95983942331642e-09,"Up"
5.3281817132408e-14,1.9772071356777,0.467,0.034,4.09492077389408e-09,"Specc1l-202",4.09492077389408e-09,"Up"
5.3281817132408e-14,1.9772071356777,0.467,0.034,4.09492077389408e-09,"Specc1l-201",4.09492077389408e-09,"Up"
5.34489855399923e-14,3.00291333111417,0.533,0.053,4.10776833469056e-09,"Srrm1-203",4.10776833469056e-09,"Up"
5.3702095904268e-14,1.92570941091985,0.7,0.097,4.12722087862661e-09,"Baz1b-201",4.12722087862661e-09,"Up"
5.4348703420965e-14,2.79684203620181,0.367,0.014,4.17691525271485e-09,"Rai14-207",4.17691525271485e-09,"Up"
5.4348703420965e-14,1.86232700474669,0.367,0.014,4.17691525271485e-09,"Prdm1-202",4.17691525271485e-09,"Up"
5.4348703420965e-14,2.64188661539344,0.367,0.014,4.17691525271485e-09,"Akap13-208",4.17691525271485e-09,"Up"
5.4348703420965e-14,2.96409594367217,0.367,0.014,4.17691525271485e-09,"Abcb1b-201",4.17691525271485e-09,"Up"
5.4348703420965e-14,2.51285596577774,0.367,0.014,4.17691525271485e-09,"Hps5-201",4.17691525271485e-09,"Up"
5.4348703420965e-14,2.51285595113654,0.367,0.014,4.17691525271485e-09,"Hps5-202",4.17691525271485e-09,"Up"
5.4348703420965e-14,2.70926837034302,0.367,0.014,4.17691525271485e-09,"Vhl-201",4.17691525271485e-09,"Up"
5.4348703420965e-14,2.58448072675366,0.367,0.014,4.17691525271485e-09,"Cd55-201",4.17691525271485e-09,"Up"
5.58177398838158e-14,1.99597359240536,0.8,0.15,4.28981658103078e-09,"Lgmn-201",4.28981658103078e-09,"Up"
5.73253209532886e-14,2.3920724429345,0.367,0.014,4.40568021654404e-09,"Med9-201",4.40568021654404e-09,"Up"
5.73253209532886e-14,1.99381401907242,0.367,0.014,4.40568021654404e-09,"Fmnl3-202",4.40568021654404e-09,"Up"
5.73253209532886e-14,2.99022509805588,0.367,0.014,4.40568021654404e-09,"Timm44-206",4.40568021654404e-09,"Up"
5.73253209532886e-14,2.02435975803284,0.367,0.014,4.40568021654404e-09,"F11r-201",4.40568021654404e-09,"Up"
5.73253209532886e-14,1.96247842989718,0.367,0.014,4.40568021654404e-09,"Supv3l1-205",4.40568021654404e-09,"Up"
5.73253209532886e-14,2.15895660644284,0.367,0.014,4.40568021654404e-09,"Agpat1-202",4.40568021654404e-09,"Up"
5.73253209532886e-14,2.15895660644284,0.367,0.014,4.40568021654404e-09,"Agpat1-208",4.40568021654404e-09,"Up"
5.73253209532886e-14,2.31479057897968,0.367,0.014,4.40568021654404e-09,"Ttyh2-201",4.40568021654404e-09,"Up"
5.73253209532886e-14,2.69246569801518,0.367,0.014,4.40568021654404e-09,"Sulf2-207",4.40568021654404e-09,"Up"
5.82066698494525e-14,1.68413850328181,0.467,0.034,4.47341540460982e-09,"Rnf4-207",4.47341540460982e-09,"Up"
5.82066698494525e-14,1.25752613835429,0.467,0.034,4.47341540460982e-09,"Syncrip-205",4.47341540460982e-09,"Up"
5.85419631577374e-14,4.92585790285362,0.333,0.01,4.49918403652475e-09,"Dbi-201",4.49918403652475e-09,"Up"
5.91926337518971e-14,1.56592347026283,0.667,0.087,4.5491906743683e-09,"Cep350-204",4.5491906743683e-09,"Up"
5.98846333900361e-14,2.83286878993632,0.5,0.043,4.60237361455784e-09,"Csf2ra-201",4.60237361455784e-09,"Up"
5.9999108038575e-14,1.39577388104345,0.667,0.082,4.61117144919664e-09,"Pdia6-201",4.61117144919664e-09,"Up"
6.04620713221728e-14,2.52026462509994,0.367,0.014,4.64675202939427e-09,"Klf9-201",4.64675202939427e-09,"Up"
6.04620713221728e-14,1.44014962581862,0.367,0.014,4.64675202939427e-09,"Cdk6-202",4.64675202939427e-09,"Up"
6.04620713221728e-14,2.53945761200215,0.367,0.014,4.64675202939427e-09,"Filip1l-202",4.64675202939427e-09,"Up"
6.04620713221728e-14,1.36789649058357,0.367,0.014,4.64675202939427e-09,"Plaat3-201",4.64675202939427e-09,"Up"
6.04620713221728e-14,2.1351459618822,0.367,0.014,4.64675202939427e-09,"Mtmr2-203",4.64675202939427e-09,"Up"
6.04620713221728e-14,2.21417756877961,0.367,0.014,4.64675202939427e-09,"A530032D15Rik-201",4.64675202939427e-09,"Up"
6.04620713221728e-14,2.49006758932276,0.367,0.014,4.64675202939427e-09,"Chka-201",4.64675202939427e-09,"Up"
6.04620713221728e-14,1.95576482256776,0.367,0.014,4.64675202939427e-09,"Bscl2-206",4.64675202939427e-09,"Up"
6.04620713221728e-14,1.97483335791768,0.367,0.014,4.64675202939427e-09,"Rbmx-203",4.64675202939427e-09,"Up"
6.04620713221728e-14,1.97483335791768,0.367,0.014,4.64675202939427e-09,"Rbmx-202",4.64675202939427e-09,"Up"
6.04620713221728e-14,2.84330464716694,0.367,0.014,4.64675202939427e-09,"Hsd11b1-205",4.64675202939427e-09,"Up"
6.04620713221728e-14,1.94660858832312,0.367,0.014,4.64675202939427e-09,"Fasn-205",4.64675202939427e-09,"Up"
6.04620713221728e-14,1.2111801647055,0.367,0.014,4.64675202939427e-09,"Dtx4-201",4.64675202939427e-09,"Up"
6.04620713221728e-14,2.00125404060072,0.367,0.014,4.64675202939427e-09,"Ocel1-201",4.64675202939427e-09,"Up"
6.04620713221728e-14,1.82728680853295,0.367,0.014,4.64675202939427e-09,"Lats1-202",4.64675202939427e-09,"Up"
6.04620713221728e-14,2.55168574832304,0.367,0.014,4.64675202939427e-09,"Pea15a-201",4.64675202939427e-09,"Up"
6.04620713221728e-14,1.48177657708137,0.367,0.014,4.64675202939427e-09,"Rusc2-201",4.64675202939427e-09,"Up"
6.04620713221728e-14,2.29993543393817,0.367,0.014,4.64675202939427e-09,"Phlda3-201",4.64675202939427e-09,"Up"
6.04620713221728e-14,2.79328068393715,0.367,0.014,4.64675202939427e-09,"Myadm-202",4.64675202939427e-09,"Up"
6.083425531912e-14,1.42670770139716,0.467,0.034,4.67535585829564e-09,"Eaf1-201",4.67535585829564e-09,"Up"
6.083425531912e-14,1.76055141128155,0.467,0.034,4.67535585829564e-09,"Ganab-202",4.67535585829564e-09,"Up"
6.14740277497321e-14,1.75293457464392,0.6,0.068,4.72452492867791e-09,"Rere-202",4.72452492867791e-09,"Up"
6.19927346366065e-14,2.65261975314835,0.333,0.01,4.76438962776175e-09,"Pigk-204",4.76438962776175e-09,"Up"
6.19927346366065e-14,4.59461846732799,0.333,0.01,4.76438962776175e-09,"Ampd3-201",4.76438962776175e-09,"Up"
6.19927346366065e-14,4.31819781638261,0.333,0.01,4.76438962776175e-09,"St8sia4-201",4.76438962776175e-09,"Up"
6.30391731054941e-14,3.76135265882688,0.7,0.111,4.84481260984964e-09,"Apoe-205",4.84481260984964e-09,"Up"
6.3179451873969e-14,3.45140569660837,0.633,0.087,4.85559359432202e-09,"Sirpa-214",4.85559359432202e-09,"Up"
6.35783657297747e-14,1.5225756495203,0.467,0.034,4.8862517197961e-09,"Csrp1-202",4.8862517197961e-09,"Up"
6.37661655650682e-14,1.80187087213975,0.6,0.068,4.90068488833775e-09,"Lama1-201",4.90068488833775e-09,"Up"
6.38143857201933e-14,1.48389742215602,0.633,0.072,4.90439080013973e-09,"Pdia6-206",4.90439080013973e-09,"Up"
6.5643279632098e-14,4.58179644114789,0.333,0.01,5.04494861284526e-09,"Nedd4l-202",5.04494861284526e-09,"Up"
6.5643279632098e-14,3.81064256807356,0.333,0.01,5.04494861284526e-09,"Qsox1-202",5.04494861284526e-09,"Up"
6.64440728226351e-14,1.87079213181694,0.467,0.034,5.1064927727108e-09,"Trrap-202",5.1064927727108e-09,"Up"
6.82409974816804e-14,2.75428951108783,0.433,0.029,5.24459362045707e-09,"Tpbpb-203",5.24459362045707e-09,"Up"
6.9504946289946e-14,4.07310855004514,0.333,0.01,5.34173314216751e-09,"Impact-201",5.34173314216751e-09,"Up"
6.9504946289946e-14,3.85007832874802,0.333,0.01,5.34173314216751e-09,"Rnf13-202",5.34173314216751e-09,"Up"
6.9504946289946e-14,4.49569024739923,0.333,0.01,5.34173314216751e-09,"Dpp7-207",5.34173314216751e-09,"Up"
6.9504946289946e-14,4.02018899158166,0.333,0.01,5.34173314216751e-09,"Cdk1-201",5.34173314216751e-09,"Up"
7.11585694909045e-14,2.15272552696403,0.6,0.068,5.46882069965397e-09,"Btg2-201",5.46882069965397e-09,"Up"
7.12588684062114e-14,1.51017296713069,0.667,0.082,5.47652907249097e-09,"Mtpn-201",5.47652907249097e-09,"Up"
7.14600469580079e-14,3.35383018827554,0.433,0.029,5.49199044891074e-09,"Mrc1-201",5.49199044891074e-09,"Up"
7.25616552233633e-14,1.36849861556223,0.467,0.034,5.57665345053637e-09,"Rapgef6-203",5.57665345053637e-09,"Up"
7.35897146147197e-14,3.33647554770709,0.333,0.01,5.65566392699967e-09,"Cdk5rap2-201",5.65566392699967e-09,"Up"
7.35897146147197e-14,3.81665282145752,0.333,0.01,5.65566392699967e-09,"Zfp326-205",5.65566392699967e-09,"Up"
7.35897146147197e-14,2.67763731113678,0.333,0.01,5.65566392699967e-09,"Ckap2-201",5.65566392699967e-09,"Up"
7.35897146147197e-14,4.35858549073667,0.333,0.01,5.65566392699967e-09,"Nufip2-204",5.65566392699967e-09,"Up"
7.35897146147197e-14,3.37221189063272,0.333,0.01,5.65566392699967e-09,"Dnaja3-202",5.65566392699967e-09,"Up"
7.35897146147197e-14,3.78813205429096,0.333,0.01,5.65566392699967e-09,"Rtn3-202",5.65566392699967e-09,"Up"
7.35897146147197e-14,3.78813205429096,0.333,0.01,5.65566392699967e-09,"Rtn3-204",5.65566392699967e-09,"Up"
7.35897146147197e-14,2.54361378028299,0.333,0.01,5.65566392699967e-09,"Eif2ak4-201",5.65566392699967e-09,"Up"
7.35897146147197e-14,4.76928212741801,0.333,0.01,5.65566392699967e-09,"Slc1a5-201",5.65566392699967e-09,"Up"
7.35897146147197e-14,3.99479887821686,0.333,0.01,5.65566392699967e-09,"Tpp1-206",5.65566392699967e-09,"Up"
7.35897146147197e-14,4.1205600949113,0.333,0.01,5.65566392699967e-09,"Nupr1-202",5.65566392699967e-09,"Up"
7.36919228603509e-14,2.16978873049437,0.5,0.043,5.6635190395094e-09,"Myd88-201",5.6635190395094e-09,"Up"
7.48282491522103e-14,4.01670355170228,0.433,0.029,5.75085026034397e-09,"Cntrl-202",5.75085026034397e-09,"Up"
7.48282491522103e-14,1.79610606672356,0.433,0.029,5.75085026034397e-09,"Mcm7-201",5.75085026034397e-09,"Up"
7.68073559188346e-14,2.30708623615601,0.5,0.043,5.90295253178612e-09,"Foxn2-201",5.90295253178612e-09,"Up"
7.70345084256542e-14,2.12345285287832,0.567,0.063,5.92041011054523e-09,"Pla2g7-201",5.92041011054523e-09,"Up"
7.79102309132747e-14,3.43932693637896,0.333,0.01,5.98771288660881e-09,"Prmt9-205",5.98771288660881e-09,"Up"
7.79102309132747e-14,3.69564480912984,0.333,0.01,5.98771288660881e-09,"Zc3h12c-201",5.98771288660881e-09,"Up"
7.79102309132747e-14,3.46322190264419,0.333,0.01,5.98771288660881e-09,"Dock4-201",5.98771288660881e-09,"Up"
7.79102309132747e-14,3.7941192336808,0.333,0.01,5.98771288660881e-09,"Pga5-201",5.98771288660881e-09,"Up"
7.79102309132747e-14,3.37804639912214,0.333,0.01,5.98771288660881e-09,"Gpalpp1-201",5.98771288660881e-09,"Up"
7.79102309132747e-14,3.58353393184927,0.333,0.01,5.98771288660881e-09,"Peli2-201",5.98771288660881e-09,"Up"
7.79102309132747e-14,3.26444357714113,0.333,0.01,5.98771288660881e-09,"Cep290-210",5.98771288660881e-09,"Up"
7.79102309132747e-14,3.25030516041616,0.333,0.01,5.98771288660881e-09,"Cse1l-201",5.98771288660881e-09,"Up"
7.79102309132747e-14,3.54781876667099,0.333,0.01,5.98771288660881e-09,"Stim1-201",5.98771288660881e-09,"Up"
7.79102309132747e-14,3.37949323172863,0.333,0.01,5.98771288660881e-09,"Atosb-202",5.98771288660881e-09,"Up"
7.79102309132747e-14,3.37949323172863,0.333,0.01,5.98771288660881e-09,"Atosb-201",5.98771288660881e-09,"Up"
7.79102309132747e-14,3.62349635798468,0.333,0.01,5.98771288660881e-09,"Gba-201",5.98771288660881e-09,"Up"
7.79102309132747e-14,3.71491835662839,0.333,0.01,5.98771288660881e-09,"Flot2-202",5.98771288660881e-09,"Up"
7.83523859262533e-14,2.77978244376537,0.433,0.029,6.02169426797627e-09,"Rnaset2a-202",6.02169426797627e-09,"Up"
8.20395414325e-14,2.68258533921898,0.433,0.029,6.30506691725336e-09,"Vps35-201",6.30506691725336e-09,"Up"
8.20395414325e-14,2.94845595305453,0.433,0.029,6.30506691725336e-09,"H2bc15-201",6.30506691725336e-09,"Up"
8.2427566650959e-14,1.60016232247928,0.7,0.097,6.3348882073928e-09,"Arpc5-201",6.3348882073928e-09,"Up"
8.24798440738859e-14,2.93926044756683,0.333,0.01,6.33890593645443e-09,"Nedd4l-221",6.33890593645443e-09,"Up"
8.24798440738859e-14,3.62019892290542,0.333,0.01,6.33890593645443e-09,"Plin2-208",6.33890593645443e-09,"Up"
8.24798440738859e-14,2.73675017278537,0.333,0.01,6.33890593645443e-09,"Coq10b-201",6.33890593645443e-09,"Up"
8.24798440738859e-14,3.12341809022831,0.333,0.01,6.33890593645443e-09,"Zc3h7a-205",6.33890593645443e-09,"Up"
8.24798440738859e-14,2.13742036368071,0.333,0.01,6.33890593645443e-09,"Psme3ip1-201",6.33890593645443e-09,"Up"
8.24798440738859e-14,3.05833473184442,0.333,0.01,6.33890593645443e-09,"Anxa6-203",6.33890593645443e-09,"Up"
8.24798440738859e-14,2.96065480842486,0.333,0.01,6.33890593645443e-09,"Hgsnat-201",6.33890593645443e-09,"Up"
8.24798440738859e-14,2.0919863872767,0.333,0.01,6.33890593645443e-09,"Slc23a2-201",6.33890593645443e-09,"Up"
8.24798440738859e-14,3.25304191396133,0.333,0.01,6.33890593645443e-09,"Gba-202",6.33890593645443e-09,"Up"
8.24798440738859e-14,2.88693457966975,0.333,0.01,6.33890593645443e-09,"Tulp4-209",6.33890593645443e-09,"Up"
8.24798440738859e-14,2.21387108477308,0.333,0.01,6.33890593645443e-09,"Ctbp1-201",6.33890593645443e-09,"Up"
8.24798440738859e-14,2.78906463284048,0.333,0.01,6.33890593645443e-09,"Atp6v0a1-202",6.33890593645443e-09,"Up"
8.40920183806155e-14,1.26540974375424,0.567,0.058,6.46280798062383e-09,"Xpo6-213",6.46280798062383e-09,"Up"
8.58971153066388e-14,2.94864333510808,0.433,0.029,6.60153689977641e-09,"Sumo3-201",6.60153689977641e-09,"Up"
8.69512145163383e-14,1.84954468591102,0.5,0.043,6.68254864043866e-09,"Prc1-202",6.68254864043866e-09,"Up"
8.69512145163383e-14,1.84954468591102,0.5,0.043,6.68254864043866e-09,"Prc1-201",6.68254864043866e-09,"Up"
8.73126437765519e-14,2.8745237548752,0.333,0.01,6.71032592480312e-09,"Mapre2-209",6.71032592480312e-09,"Up"
8.73126437765519e-14,3.04417114605757,0.333,0.01,6.71032592480312e-09,"Parvb-201",6.71032592480312e-09,"Up"
8.73126437765519e-14,2.94615847339023,0.333,0.01,6.71032592480312e-09,"Cep128-210",6.71032592480312e-09,"Up"
8.73126437765519e-14,1.68841281384143,0.333,0.01,6.71032592480312e-09,"Dele1-201",6.71032592480312e-09,"Up"
8.73126437765519e-14,1.68841281384143,0.333,0.01,6.71032592480312e-09,"Dele1-203",6.71032592480312e-09,"Up"
8.73126437765519e-14,2.62870768072378,0.333,0.01,6.71032592480312e-09,"Vps37c-201",6.71032592480312e-09,"Up"
8.73126437765519e-14,2.89970185663231,0.333,0.01,6.71032592480312e-09,"Olr1-201",6.71032592480312e-09,"Up"
8.73126437765519e-14,2.80679730498948,0.333,0.01,6.71032592480312e-09,"Ctdspl2-201",6.71032592480312e-09,"Up"
8.73126437765519e-14,2.27883046549545,0.333,0.01,6.71032592480312e-09,"Pias2-204",6.71032592480312e-09,"Up"
8.73126437765519e-14,1.52043266572885,0.333,0.01,6.71032592480312e-09,"Trappc3-201",6.71032592480312e-09,"Up"
8.73126437765519e-14,3.22714380922445,0.333,0.01,6.71032592480312e-09,"Cd80-201",6.71032592480312e-09,"Up"
8.73126437765519e-14,3.25003249668349,0.333,0.01,6.71032592480312e-09,"Pld2-203",6.71032592480312e-09,"Up"
8.73126437765519e-14,1.98784385030985,0.333,0.01,6.71032592480312e-09,"Zfp639-205",6.71032592480312e-09,"Up"
8.73126437765519e-14,2.17636503565285,0.333,0.01,6.71032592480312e-09,"Tnfrsf1a-201",6.71032592480312e-09,"Up"
8.73126437765519e-14,2.8246800076206,0.333,0.01,6.71032592480312e-09,"Noct-201",6.71032592480312e-09,"Up"
8.73126437765519e-14,2.62469179546321,0.333,0.01,6.71032592480312e-09,"Rusc2-205",6.71032592480312e-09,"Up"
8.73126437765519e-14,2.39904097213041,0.333,0.01,6.71032592480312e-09,"Tm9sf4-203",6.71032592480312e-09,"Up"
8.73126437765519e-14,1.34559530058739,0.333,0.01,6.71032592480312e-09,"Hrob-202",6.71032592480312e-09,"Up"
8.73126437765519e-14,3.32285503377876,0.333,0.01,6.71032592480312e-09,"Tor2a-201",6.71032592480312e-09,"Up"
8.73126437765519e-14,2.226498658463,0.333,0.01,6.71032592480312e-09,"Ube2t-201",6.71032592480312e-09,"Up"
8.73126437765519e-14,3.19542176208682,0.333,0.01,6.71032592480312e-09,"Bst1-201",6.71032592480312e-09,"Up"
9.4154777239981e-14,3.0646528405627,0.433,0.029,7.2361712500015e-09,"Tnfaip2-207",7.2361712500015e-09,"Up"
9.44338284267111e-14,2.5105522081082,0.5,0.043,7.25761744990646e-09,"Bst2-201",7.25761744990646e-09,"Up"
9.84089471327525e-14,1.7754241778797,0.5,0.043,7.56312122294056e-09,"Ifngr2-201",7.56312122294056e-09,"Up"
9.8571368747228e-14,3.05170770857621,0.433,0.029,7.57560397369946e-09,"Slc39a7-201",7.57560397369946e-09,"Up"
1.06051822281591e-13,2.20869858118602,0.767,0.135,8.15050674962936e-09,"Mpeg1-201",8.15050674962936e-09,"Up"
1.06051822281591e-13,2.20869858118602,0.767,0.135,8.15050674962936e-09,"ENSMUST00000249873.1",8.15050674962936e-09,"Up"
1.0685887488149e-13,2.34541659149629,0.5,0.043,8.21253197014203e-09,"Pgd-201",8.21253197014203e-09,"Up"
1.08024114674463e-13,2.15357973815854,0.433,0.029,8.30208530919115e-09,"Acsl4-203",8.30208530919115e-09,"Up"
1.09554443487768e-13,2.10144017559746,0.867,0.203,8.41969719980896e-09,"Cd63-201",8.41969719980896e-09,"Up"
1.1307906739846e-13,2.7570210875045,0.433,0.029,8.69057864584123e-09,"Hmox2-203",8.69057864584123e-09,"Up"
1.1307906739846e-13,1.44469959987902,0.433,0.029,8.69057864584123e-09,"Nfkb2-202",8.69057864584123e-09,"Up"
1.14365107958797e-13,1.58960812696531,0.7,0.097,8.78941600706538e-09,"Id2-201",8.78941600706538e-09,"Up"
1.15180251437968e-13,2.17012239480836,0.667,0.097,8.85206304401362e-09,"Epb41l2-207",8.85206304401362e-09,"Up"
1.16001973172096e-13,1.61446190743416,0.7,0.101,8.91521564616829e-09,"Tlr2-201",8.91521564616829e-09,"Up"
1.18366302024942e-13,2.65645680088992,0.433,0.029,9.0969237758249e-09,"Stil-201",9.0969237758249e-09,"Up"
1.2186753239069e-13,2.34890264024555,0.533,0.053,9.3660073343541e-09,"Pdlim7-201",9.3660073343541e-09,"Up"
1.2389628973561e-13,2.54510010607572,0.433,0.029,9.52192545134055e-09,"Pcyt1a-201",9.52192545134055e-09,"Up"
1.2389628973561e-13,2.37748626390982,0.433,0.029,9.52192545134055e-09,"Zfp703-202",9.52192545134055e-09,"Up"
1.2389628973561e-13,2.30036749250064,0.433,0.029,9.52192545134055e-09,"Hdac4-202",9.52192545134055e-09,"Up"
1.2389628973561e-13,2.18388891460216,0.433,0.029,9.52192545134055e-09,"Arhgap17-203",9.52192545134055e-09,"Up"
1.2389628973561e-13,2.25079404776161,0.433,0.029,9.52192545134055e-09,"Cnpy3-201",9.52192545134055e-09,"Up"
1.25151926631488e-13,2.29542451894294,0.9,0.285,9.61842616933635e-09,"Iqgap1-201",9.61842616933635e-09,"Up"
1.25194198391539e-13,2.17952695731928,0.567,0.063,9.62167492318331e-09,"Sel1l-201",9.62167492318331e-09,"Up"
1.2670910119559e-13,1.77083843453884,0.533,0.053,9.7381012632859e-09,"Zbtb21-203",9.7381012632859e-09,"Up"
1.28492257501199e-13,2.18103172567608,0.633,0.082,9.87514395799716e-09,"Rnf213-202",9.87514395799716e-09,"Up"
1.29679964291411e-13,2.13997756976334,0.433,0.029,9.96642397565211e-09,"Ifi203-205",9.96642397565211e-09,"Up"
1.31228805123884e-13,1.61235341167012,0.5,0.043,1.0085458588991e-08,"Zpr1-206",1.0085458588991e-08,"Up"
1.34619796134644e-13,2.81407788516377,0.567,0.068,1.03460698121319e-08,"Nlrp3-202",1.03460698121319e-08,"Up"
1.35581578316482e-13,3.8083637006218,0.467,0.039,1.04199866199349e-08,"Mbnl2-202",1.04199866199349e-08,"Up"
1.42054542729821e-13,2.36463982294312,0.433,0.029,1.09174598269577e-08,"Cep170b-202",1.09174598269577e-08,"Up"
1.42054542729821e-13,2.36463982294312,0.433,0.029,1.09174598269577e-08,"Cep170b-211",1.09174598269577e-08,"Up"
1.42054542729821e-13,1.4450909484207,0.433,0.029,1.09174598269577e-08,"Krcc1-203",1.09174598269577e-08,"Up"
1.42054542729821e-13,2.31340645091482,0.433,0.029,1.09174598269577e-08,"Scaf1-201",1.09174598269577e-08,"Up"
1.42054542729821e-13,1.88364422080796,0.433,0.029,1.09174598269577e-08,"Ptpn23-201",1.09174598269577e-08,"Up"
1.42438709535281e-13,1.55710085928125,0.5,0.043,1.09469845826245e-08,"Slc39a6-201",1.09469845826245e-08,"Up"
1.45252229535192e-13,2.20866111626677,0.567,0.063,1.11632148486977e-08,"Jmjd1c-206",1.11632148486977e-08,"Up"
1.48037936802421e-13,1.56364887946467,0.533,0.053,1.13773075950133e-08,"Zbtb7a-201",1.13773075950133e-08,"Up"
1.48669811300811e-13,2.18203451180703,0.433,0.029,1.14258696777125e-08,"Chd9-206",1.14258696777125e-08,"Up"
1.50741030124327e-13,1.22333709378374,0.567,0.063,1.1585051129175e-08,"Oser1-201",1.1585051129175e-08,"Up"
1.54588176900768e-13,1.95034184185807,0.5,0.043,1.18807197475317e-08,"Jmjd1c-211",1.18807197475317e-08,"Up"
1.55587540462778e-13,1.96693282437911,0.433,0.029,1.19575248347263e-08,"Arhgef2-201",1.19575248347263e-08,"Up"
1.55587540462778e-13,1.72357702138092,0.433,0.029,1.19575248347263e-08,"Psmc6-201",1.19575248347263e-08,"Up"
1.62821294324345e-13,1.36536718259658,0.433,0.029,1.25134677540032e-08,"Tcirg1-201",1.25134677540032e-08,"Up"
1.65832632921276e-13,2.59961812398104,0.6,0.077,1.27449011705318e-08,"Sgk1-201",1.27449011705318e-08,"Up"
1.68764776243975e-13,1.33497792494891,0.833,0.135,1.29702481134545e-08,"Arhgdia-202",1.29702481134545e-08,"Up"
1.7038523297659e-13,1.50581333432079,0.433,0.029,1.30947866951828e-08,"Ptgs2-201",1.30947866951828e-08,"Up"
1.74744595450405e-13,1.45218791456534,0.5,0.043,1.34298211387454e-08,"Trrap-201",1.34298211387454e-08,"Up"
1.74997205003823e-13,2.87043146622987,0.467,0.039,1.34492351933638e-08,"Osbpl9-214",1.34492351933638e-08,"Up"
1.83978225150314e-13,2.43030492675323,0.4,0.024,1.41394625157022e-08,"Clk4-201",1.41394625157022e-08,"Up"
1.86563439751011e-13,1.88809696027413,0.433,0.029,1.43381465986242e-08,"Rnf130-202",1.43381465986242e-08,"Up"
1.86563439751011e-13,1.51056282501071,0.433,0.029,1.43381465986242e-08,"Ubr7-201",1.43381465986242e-08,"Up"
1.86563439751011e-13,1.04827307725767,0.433,0.029,1.43381465986242e-08,"Ppme1-201",1.43381465986242e-08,"Up"
1.86563439751011e-13,1.27504358542732,0.433,0.029,1.43381465986242e-08,"Pitpnc1-202",1.43381465986242e-08,"Up"
1.86563439751011e-13,1.64846915911999,0.433,0.029,1.43381465986242e-08,"Ptprc-201",1.43381465986242e-08,"Up"
1.90486907418675e-13,2.33799768059337,0.467,0.039,1.46396807827549e-08,"Bcl2a1a-201",1.46396807827549e-08,"Up"
1.91558855228917e-13,2.11521002002425,0.6,0.072,1.47220642597632e-08,"Ilf3-203",1.47220642597632e-08,"Up"
1.92965748571971e-13,1.88416401643546,0.4,0.024,1.48301896407503e-08,"Foxp1-206",1.48301896407503e-08,"Up"
1.98729169974042e-13,3.18999339352381,0.467,0.039,1.5273131629185e-08,"Malt1-201",1.5273131629185e-08,"Up"
2.01097126205451e-13,-9.75098606494804,0,0.821,1.54551185373938e-08,"Hsd3b6-201",1.54551185373938e-08,"Down"
2.02384247853423e-13,1.87366724652161,0.4,0.024,1.5554038984527e-08,"Foxp1-226",1.5554038984527e-08,"Up"
2.10682257083854e-13,4.36134382344323,0.667,0.14,1.61917741859225e-08,"Fcgr2b-202",1.61917741859225e-08,"Up"
2.16278601168739e-13,1.68554302982008,0.467,0.039,1.66218756142222e-08,"Rnaset2a-201",1.66218756142222e-08,"Up"
2.16278601168739e-13,2.66029726917597,0.467,0.039,1.66218756142222e-08,"Rbm7-201",1.66218756142222e-08,"Up"
2.33432970427738e-13,2.98683170307522,0.4,0.024,1.79402575092534e-08,"Plagl1-203",1.79402575092534e-08,"Up"
2.3520971067631e-13,1.3610556666938,0.7,0.101,1.80768071043171e-08,"Arl4c-202",1.80768071043171e-08,"Up"
2.35348137155146e-13,2.24544137810374,0.467,0.039,1.80874457329216e-08,"Vav1-203",1.80874457329216e-08,"Up"
2.44787580102978e-13,2.9572523460617,0.4,0.024,1.88129046812343e-08,"Nol8-205",1.88129046812343e-08,"Up"
2.47366668875696e-13,3.85397853995514,0.433,0.034,1.90111179697728e-08,"Lilrb4b-209",1.90111179697728e-08,"Up"
2.52248574147635e-13,3.11405956419187,0.867,0.372,1.93863119175424e-08,"B2m-201",1.93863119175424e-08,"Up"
2.56684260268877e-13,2.63003252243977,0.4,0.024,1.97272121387043e-08,"Zfp638-201",1.97272121387043e-08,"Up"
2.56684260268877e-13,3.77592499444556,0.4,0.024,1.97272121387043e-08,"Tor1aip1-202",1.97272121387043e-08,"Up"
2.62189148454862e-13,1.94063349916723,0.567,0.063,2.01502848153499e-08,"P4ha1-201",2.01502848153499e-08,"Up"
2.62189148454862e-13,1.9090684451619,0.567,0.063,2.01502848153499e-08,"P4ha1-203",2.01502848153499e-08,"Up"
2.63300690427057e-13,1.68106881080101,0.767,0.121,2.0235711262081e-08,"Prl8a9-201",2.0235711262081e-08,"Up"
2.6914838375494e-13,2.11957492588233,0.4,0.024,2.06851298851022e-08,"Camsap2-201",2.06851298851022e-08,"Up"
2.70453944929842e-13,3.3861337490207,0.7,0.111,2.0785467483638e-08,"Apoe-201",2.0785467483638e-08,"Up"
2.72492372539665e-13,3.47091198151639,0.6,0.087,2.09421287991634e-08,"Ly6e-201",2.09421287991634e-08,"Up"
2.7263991682314e-13,2.81096486830228,0.533,0.058,2.09534681675256e-08,"Lamp2-201",2.09534681675256e-08,"Up"
2.80131939910498e-13,3.44394174812403,0.467,0.043,2.15292601098814e-08,"P2rx7-203",2.15292601098814e-08,"Up"
2.82206486474404e-13,3.23769575571944,0.4,0.024,2.16886973115039e-08,"Tsc22d2-203",2.16886973115039e-08,"Up"
2.95886319569251e-13,2.57528106786804,0.4,0.024,2.27400472041752e-08,"Adssl1-202",2.27400472041752e-08,"Up"
2.95886319569251e-13,2.27118369988355,0.4,0.024,2.27400472041752e-08,"Nfya-201",2.27400472041752e-08,"Up"
3.0302196407396e-13,2.30801549935861,0.467,0.039,2.32884500269401e-08,"Ddhd1-202",2.32884500269401e-08,"Up"
3.08189784812472e-13,1.2225617840689,0.533,0.053,2.36856177219777e-08,"Dnajc3-201",2.36856177219777e-08,"Up"
3.10216903838286e-13,2.71807950100856,0.4,0.024,2.38414099275876e-08,"Cep57-201",2.38414099275876e-08,"Up"
3.10216903838286e-13,1.96644570340968,0.4,0.024,2.38414099275876e-08,"Dnajb14-201",2.38414099275876e-08,"Up"
3.10216903838286e-13,2.61507636415635,0.4,0.024,2.38414099275876e-08,"Pde7b-201",2.38414099275876e-08,"Up"
3.10216903838286e-13,2.31477052410754,0.4,0.024,2.38414099275876e-08,"Wbp11-201",2.38414099275876e-08,"Up"
3.20231902708023e-13,1.23101008003625,0.533,0.053,2.46111026507224e-08,"Iws1-201",2.46111026507224e-08,"Up"
3.2137875841937e-13,2.06592573763474,0.867,0.213,2.46992430995623e-08,"Msn-201",2.46992430995623e-08,"Up"
3.25228586545749e-13,3.40312967090795,0.4,0.024,2.4995117790387e-08,"Rabep1-206",2.4995117790387e-08,"Up"
3.25959816064662e-13,2.07837493363375,0.9,0.227,2.50513157038336e-08,"Rrbp1-201",2.50513157038336e-08,"Up"
3.29573638753283e-13,2.21207267810062,0.467,0.039,2.53290524327448e-08,"Hyou1-201",2.53290524327448e-08,"Up"
3.29573638753283e-13,2.21207267810062,0.467,0.039,2.53290524327448e-08,"Hyou1-206",2.53290524327448e-08,"Up"
3.32735824157766e-13,1.68230974868872,0.533,0.053,2.55720790298209e-08,"Nbr1-208",2.55720790298209e-08,"Up"
3.32735824157766e-13,1.28614957615955,0.533,0.053,2.55720790298209e-08,"Fem1b-201",2.55720790298209e-08,"Up"
3.35862785447428e-13,2.06616981252822,0.5,0.048,2.58123985127767e-08,"Osbpl9-201",2.58123985127767e-08,"Up"
3.43693351204174e-13,1.40636051732991,0.467,0.039,2.64142088134456e-08,"Cert1-202",2.64142088134456e-08,"Up"
3.5047229660706e-13,2.33008703422937,0.633,0.092,2.6935197883439e-08,"Dnajc9-201",2.6935197883439e-08,"Up"
3.57423626991574e-13,2.54623862646454,0.4,0.024,2.74694354288104e-08,"Tap1-206",2.74694354288104e-08,"Up"
3.57423626991574e-13,2.60814259198856,0.4,0.024,2.74694354288104e-08,"Map3k8-201",2.74694354288104e-08,"Up"
3.57423626991574e-13,1.63810255037668,0.4,0.024,2.74694354288104e-08,"Nup214-201",2.74694354288104e-08,"Up"
3.58406698631654e-13,2.00338519227537,0.467,0.039,2.75449884166371e-08,"Cox7a2l-201",2.75449884166371e-08,"Up"
3.58406698631654e-13,2.77342663394856,0.467,0.039,2.75449884166371e-08,"Irf1-203",2.75449884166371e-08,"Up"
3.68210610197611e-13,2.23448867523406,0.633,0.087,2.82984582361272e-08,"Arl8b-201",2.82984582361272e-08,"Up"
3.72019915208194e-13,1.50541422591544,0.567,0.068,2.85912185634106e-08,"Lamp2-202",2.85912185634106e-08,"Up"
3.72019915208194e-13,2.58523298116048,0.567,0.068,2.85912185634106e-08,"Ncf1-202",2.85912185634106e-08,"Up"
3.74674858249941e-13,2.40892550117214,0.4,0.024,2.8795261555941e-08,"Utp14a-201",2.8795261555941e-08,"Up"
3.78196136983092e-13,1.83471920092714,0.5,0.048,2.90658859116985e-08,"Rbpj-ps3-201",2.90658859116985e-08,"Up"
3.92743066951514e-13,2.12639852347745,0.4,0.024,3.01838756674917e-08,"Dock8-201",3.01838756674917e-08,"Up"
3.92743066951514e-13,2.34432199079379,0.4,0.024,3.01838756674917e-08,"Lman1-202",3.01838756674917e-08,"Up"
3.92743066951514e-13,2.08250720226219,0.4,0.024,3.01838756674917e-08,"Ppp1r3b-201",3.01838756674917e-08,"Up"
3.92743066951514e-13,2.23921100225283,0.4,0.024,3.01838756674917e-08,"Afdn-212",3.01838756674917e-08,"Up"
3.92743066951514e-13,2.20367642269413,0.4,0.024,3.01838756674917e-08,"Arap1-201",3.01838756674917e-08,"Up"
3.95348051839629e-13,1.62717812051132,0.633,0.082,3.03840791760829e-08,"Os9-201",3.03840791760829e-08,"Up"
3.97442532221763e-13,2.45726785847787,0.533,0.058,3.05450483713714e-08,"Hal-202",3.05450483713714e-08,"Up"
4.09285405357301e-13,2.22579676047401,0.5,0.048,3.145522054333e-08,"Pkn1-201",3.145522054333e-08,"Up"
4.11666175480387e-13,1.94717333286926,0.4,0.024,3.16381922503697e-08,"Sowahc-201",3.16381922503697e-08,"Up"
4.11666175480387e-13,1.51444049805069,0.4,0.024,3.16381922503697e-08,"Yme1l1-201",3.16381922503697e-08,"Up"
4.11666175480387e-13,1.47533721124366,0.4,0.024,3.16381922503697e-08,"Tgfbr1-202",3.16381922503697e-08,"Up"
4.11666175480387e-13,1.6073753863804,0.4,0.024,3.16381922503697e-08,"Gins2-203",3.16381922503697e-08,"Up"
4.11666175480387e-13,1.49042616771021,0.4,0.024,3.16381922503697e-08,"H2-T22-203",3.16381922503697e-08,"Up"
4.11666175480387e-13,1.21155197210823,0.4,0.024,3.16381922503697e-08,"Agpat1-201",3.16381922503697e-08,"Up"
4.11666175480387e-13,1.87329860954759,0.4,0.024,3.16381922503697e-08,"Tsn-201",3.16381922503697e-08,"Up"
4.11666175480387e-13,1.43938869689657,0.4,0.024,3.16381922503697e-08,"Ogdh-202",3.16381922503697e-08,"Up"
4.14377026910139e-13,2.54431219952646,0.567,0.068,3.18465320261518e-08,"Ncor2-206",3.18465320261518e-08,"Up"
4.20735742904824e-13,1.92314878332518,0.633,0.087,3.23352247852073e-08,"H2-T23-201",3.23352247852073e-08,"Up"
4.22912454974363e-13,1.01228755624375,0.633,0.082,3.25025138145997e-08,"Coro1c-201",3.25025138145997e-08,"Up"
4.23700824910826e-13,1.64920312938391,0.467,0.039,3.25631031976966e-08,"Ppp2r1a-201",3.25631031976966e-08,"Up"
4.24470731930691e-13,1.74419963438366,0.667,0.097,3.26222736318014e-08,"Csf2rb2-201",3.26222736318014e-08,"Up"
4.28429090517911e-13,2.10122858310004,0.533,0.058,3.29264893226635e-08,"Ctdp1-201",3.29264893226635e-08,"Up"
4.31483829516834e-13,1.96061993550881,0.4,0.024,3.31612582336868e-08,"Ube3b-201",3.31612582336868e-08,"Up"
4.31483829516834e-13,1.29661385250063,0.4,0.024,3.31612582336868e-08,"Cnot8-202",3.31612582336868e-08,"Up"
4.31483829516834e-13,1.63062983083707,0.4,0.024,3.31612582336868e-08,"Trpm7-202",3.31612582336868e-08,"Up"
4.31778726266098e-13,1.96913914287203,0.733,0.13,3.31839222284547e-08,"Tgif1-201",3.31839222284547e-08,"Up"
4.33261788674164e-13,1.63117815751663,0.9,0.179,3.32979015067642e-08,"Mcl1-201",3.32979015067642e-08,"Up"
4.41769694290267e-13,1.2917486434719,0.467,0.039,3.39517680849842e-08,"Abhd2-201",3.39517680849842e-08,"Up"
4.42880602006514e-13,2.1735278659882,0.5,0.048,3.40371457866086e-08,"Cwc15-201",3.40371457866086e-08,"Up"
4.52237474599435e-13,1.60188577469015,0.4,0.024,3.4756258872865e-08,"Ebp-201",3.4756258872865e-08,"Up"
4.52237474599435e-13,1.91224240194469,0.4,0.024,3.4756258872865e-08,"Bap1-201",3.4756258872865e-08,"Up"
4.52237474599435e-13,1.90064492969023,0.4,0.024,3.4756258872865e-08,"Plod3-203",3.4756258872865e-08,"Up"
4.60594614144893e-13,1.9815283837512,0.467,0.039,3.53985384754916e-08,"Ubap2-202",3.53985384754916e-08,"Up"
4.60594614144893e-13,1.9815283837512,0.467,0.039,3.53985384754916e-08,"Ubap2-201",3.53985384754916e-08,"Up"
4.6607041939865e-13,3.25913007553458,0.5,0.053,3.58193760124638e-08,"Tns1-217",3.58193760124638e-08,"Up"
4.70378290168884e-13,1.32562703304667,0.567,0.063,3.61504531126394e-08,"Pacsin2-202",3.61504531126394e-08,"Up"
4.77098059704317e-13,2.6900820905796,0.433,0.034,3.66668942805156e-08,"Hilpda-201",3.66668942805156e-08,"Up"
4.9474159637569e-13,1.40618750256876,0.6,0.072,3.80228706478573e-08,"Actn1-201",3.80228706478573e-08,"Up"
4.94954361373218e-13,2.76759521509809,0.567,0.072,3.80392224889773e-08,"Ass1-201",3.80392224889773e-08,"Up"
4.98408936939865e-13,2.74326675356454,0.5,0.048,3.83047204395764e-08,"Mycbp2-201",3.83047204395764e-08,"Up"
5.00637877725683e-13,1.34637972840057,0.467,0.039,3.84760234547296e-08,"Tmem248-201",3.84760234547296e-08,"Up"
5.18395424172457e-13,2.29143969166886,0.5,0.048,3.984076192935e-08,"Dlgap5-208",3.984076192935e-08,"Up"
5.18395424172457e-13,1.67484218879823,0.5,0.048,3.984076192935e-08,"Fyn-201",3.984076192935e-08,"Up"
5.21615702773963e-13,2.20452932430944,0.6,0.077,4.00882532209902e-08,"Ckap2l-201",4.00882532209902e-08,"Up"
5.30912547248697e-13,2.1305168334347,0.633,0.087,4.08027529062513e-08,"Diaph1-204",4.08027529062513e-08,"Up"
5.39168246380542e-13,2.42726478567452,0.5,0.048,4.14372364073302e-08,"Alkbh5-201",4.14372364073302e-08,"Up"
5.4409390454003e-13,1.19033223183289,0.467,0.039,4.18157929395194e-08,"Tmed3-201",4.18157929395194e-08,"Up"
5.48805891368201e-13,1.99631944003133,0.633,0.087,4.21779279752117e-08,"Birc6-220",4.21779279752117e-08,"Up"
5.60757723924202e-13,1.81887477772322,0.5,0.048,4.30964741144706e-08,"Swap70-201",4.30964741144706e-08,"Up"
5.64858522006821e-13,1.59812205393686,0.733,0.116,4.34116368503122e-08,"Vat1-201",4.34116368503122e-08,"Up"
5.84653054863643e-13,3.28481625098403,0.367,0.019,4.49329258784904e-08,"Cdo1-201",4.49329258784904e-08,"Up"
5.86386908166806e-13,2.80612522804037,0.633,0.087,4.50661794402517e-08,"Brpf1-204",4.50661794402517e-08,"Up"
5.91247510893612e-13,1.00206721228378,0.467,0.039,4.54397362022177e-08,"Ptprc-203",4.54397362022177e-08,"Up"
6.06113547373217e-13,1.95967640022306,0.633,0.087,4.65822505698212e-08,"Chd7-202",4.65822505698212e-08,"Up"
6.14334372216064e-13,3.19439278188441,0.367,0.019,4.72140538422934e-08,"Sec11a-201",4.72140538422934e-08,"Up"
6.3074671356408e-13,1.68919668770975,0.5,0.048,4.84754079242538e-08,"Elof1-201",4.84754079242538e-08,"Up"
6.45493618720414e-13,2.29817302434986,0.367,0.019,4.96087665731387e-08,"Gon4l-201",4.96087665731387e-08,"Up"
6.46272600756194e-13,1.87010045443366,0.533,0.058,4.96686344585165e-08,"Eif4g3-203",4.96686344585165e-08,"Up"
6.55929547306666e-13,1.73518117198585,0.5,0.048,5.04108094287065e-08,"Haus8-201",5.04108094287065e-08,"Up"
6.75115168716626e-13,2.65480410709269,0.433,0.034,5.18853011765476e-08,"Ms4a6d-201",5.18853011765476e-08,"Up"
6.78202894192436e-13,3.19974797563673,0.367,0.019,5.21226052302655e-08,"Sgpl1-208",5.21226052302655e-08,"Up"
6.78202894192436e-13,3.38594949596189,0.367,0.019,5.21226052302655e-08,"Flnc-202",5.21226052302655e-08,"Up"
6.78202894192436e-13,2.88471345029926,0.367,0.019,5.21226052302655e-08,"Hdac5-202",5.21226052302655e-08,"Up"
6.79196522865903e-13,2.20455963645432,0.867,0.188,5.21989695683361e-08,"Csf2rb-206",5.21989695683361e-08,"Up"
6.83489864198953e-13,1.74123444227337,0.567,0.068,5.25289300231463e-08,"Ssu72-201",5.25289300231463e-08,"Up"
6.90744020996565e-13,2.24164044576527,0.667,0.111,5.308644098967e-08,"Soat1-207",5.308644098967e-08,"Up"
6.95187062474029e-13,1.8567552388924,0.733,0.121,5.3427906499379e-08,"Arpc1b-201",5.3427906499379e-08,"Up"
6.96199359172375e-13,2.03131642816883,0.533,0.058,5.35057055498337e-08,"Rrm2-201",5.35057055498337e-08,"Up"
7.12537740254916e-13,1.92767992258993,0.367,0.019,5.47613754895513e-08,"Calu-201",5.47613754895513e-08,"Up"
7.12537740254916e-13,3.03471157519349,0.367,0.019,5.47613754895513e-08,"Evi2-201",5.47613754895513e-08,"Up"
7.12537740254916e-13,2.75986206861359,0.367,0.019,5.47613754895513e-08,"Vps33a-201",5.47613754895513e-08,"Up"
7.21534584046723e-13,1.62847814882957,0.633,0.092,5.54528189223268e-08,"Tkt-201",5.54528189223268e-08,"Up"
7.34780692640118e-13,2.17744362711191,0.6,0.077,5.64708353521636e-08,"Pakap-213",5.64708353521636e-08,"Up"
7.48577300882297e-13,2.32625548016257,0.367,0.019,5.75311598820081e-08,"Ccnf-201",5.75311598820081e-08,"Up"
7.48577300882297e-13,2.45693469719606,0.367,0.019,5.75311598820081e-08,"Adprs-201",5.75311598820081e-08,"Up"
7.59058600932582e-13,2.58004953343557,0.6,0.082,5.83366897160726e-08,"Sptan1-204",5.83366897160726e-08,"Up"
7.69881349704492e-13,1.54772837437458,0.7,0.106,5.9168461250189e-08,"Actr2-201",5.9168461250189e-08,"Up"
7.8640449025083e-13,2.05845560216842,0.367,0.019,6.04383306937373e-08,"Ercc5-201",6.04383306937373e-08,"Up"
7.8640449025083e-13,2.74803102308958,0.367,0.019,6.04383306937373e-08,"Tlr4-201",6.04383306937373e-08,"Up"
7.8640449025083e-13,2.08336043209953,0.367,0.019,6.04383306937373e-08,"Glrx-201",6.04383306937373e-08,"Up"
7.8640449025083e-13,2.93383055819683,0.367,0.019,6.04383306937373e-08,"Scyl1-210",6.04383306937373e-08,"Up"
8.02426328759343e-13,2.29783163531949,0.433,0.034,6.16696730704706e-08,"Emsy-202",6.16696730704706e-08,"Up"
8.05744257819686e-13,1.83870688800828,0.667,0.097,6.19246691904742e-08,"Trip12-201",6.19246691904742e-08,"Up"
8.26106168217949e-13,2.01522610745169,0.367,0.019,6.34895634522223e-08,"Ercc5-202",6.34895634522223e-08,"Up"
8.26106168217949e-13,2.65097879787939,0.367,0.019,6.34895634522223e-08,"Dmxl1-201",6.34895634522223e-08,"Up"
8.26106168217949e-13,2.92487783849399,0.367,0.019,6.34895634522223e-08,"Haus3-201",6.34895634522223e-08,"Up"
8.26106168217949e-13,3.20539929821641,0.367,0.019,6.34895634522223e-08,"Atp9b-201",6.34895634522223e-08,"Up"
8.26106168217949e-13,2.97564774417903,0.367,0.019,6.34895634522223e-08,"H2bc6-202",6.34895634522223e-08,"Up"
8.26106168217949e-13,2.97564774417903,0.367,0.019,6.34895634522223e-08,"H2bc6-201",6.34895634522223e-08,"Up"
8.26106168217949e-13,2.77349706344403,0.367,0.019,6.34895634522223e-08,"Retreg2-208",6.34895634522223e-08,"Up"
8.26106168217949e-13,2.14923418598989,0.367,0.019,6.34895634522223e-08,"Supt20-210",6.34895634522223e-08,"Up"
8.26106168217949e-13,1.71778259966459,0.367,0.019,6.34895634522223e-08,"Knop1-204",6.34895634522223e-08,"Up"
8.26106168217949e-13,2.90528881074815,0.367,0.019,6.34895634522223e-08,"Tecr-216",6.34895634522223e-08,"Up"
8.26106168217949e-13,2.90528881074815,0.367,0.019,6.34895634522223e-08,"Tecr-201",6.34895634522223e-08,"Up"
8.26106168217949e-13,3.04149571045523,0.367,0.019,6.34895634522223e-08,"Oas3-203",6.34895634522223e-08,"Up"
8.26106168217949e-13,2.84751506847306,0.367,0.019,6.34895634522223e-08,"Rad50-201",6.34895634522223e-08,"Up"
8.26106168217949e-13,3.69847939976887,0.367,0.019,6.34895634522223e-08,"Nkiras2-201",6.34895634522223e-08,"Up"
8.29114340550847e-13,1.64028871865176,0.5,0.048,6.37207535286948e-08,"Ap3d1-201",6.37207535286948e-08,"Up"
8.29114340550847e-13,1.33705451114493,0.5,0.048,6.37207535286948e-08,"Golga3-202",6.37207535286948e-08,"Up"
8.38176246315126e-13,1.2475764840923,0.533,0.058,6.44171972343027e-08,"ENSMUST00000249658.1",6.44171972343027e-08,"Up"
8.4390678903485e-13,2.61903251289238,0.467,0.043,6.48576123644844e-08,"Tmem106a-201",6.48576123644844e-08,"Up"
8.62047721967908e-13,1.55976720721769,0.5,0.048,6.62518156241216e-08,"Ccdc82-206",6.62518156241216e-08,"Up"
8.62047721967908e-13,1.55976720721769,0.5,0.048,6.62518156241216e-08,"Ccdc82-201",6.62518156241216e-08,"Up"
8.67773323768482e-13,2.43355450605508,0.367,0.019,6.66918510249029e-08,"Brca1-201",6.66918510249029e-08,"Up"
8.67773323768482e-13,2.38969689681372,0.367,0.019,6.66918510249029e-08,"Vps13c-201",6.66918510249029e-08,"Up"
8.69806438911826e-13,2.42322241015386,0.533,0.058,6.68481040561295e-08,"Prdm2-201",6.68481040561295e-08,"Up"
8.74640094864834e-13,1.77142956133682,0.433,0.034,6.7219589850742e-08,"Lnpep-201",6.7219589850742e-08,"Up"
8.96264104586292e-13,1.34288866072771,0.5,0.048,6.88814814938749e-08,"Ckap5-202",6.88814814938749e-08,"Up"
8.96325548770904e-13,2.17879600084578,0.5,0.053,6.8886203725239e-08,"Apobec1-201",6.8886203725239e-08,"Up"
9.026073439362e-13,1.22234461784636,0.533,0.058,6.93689848108727e-08,"Eif4a2-202",6.93689848108727e-08,"Up"
9.11501266779863e-13,2.06362253733523,0.367,0.019,7.00525183570996e-08,"Nsmce3-201",7.00525183570996e-08,"Up"
9.11501266779863e-13,1.46019998906667,0.367,0.019,7.00525183570996e-08,"Srebf1-201",7.00525183570996e-08,"Up"
9.11501266779863e-13,2.14513543650482,0.367,0.019,7.00525183570996e-08,"Rdh11-203",7.00525183570996e-08,"Up"
9.11501266779863e-13,1.78688477335981,0.367,0.019,7.00525183570996e-08,"Pias2-202",7.00525183570996e-08,"Up"
9.11501266779863e-13,1.72378995414426,0.367,0.019,7.00525183570996e-08,"Pias2-203",7.00525183570996e-08,"Up"
9.11501266779863e-13,2.36231726109016,0.367,0.019,7.00525183570996e-08,"Srgap2-204",7.00525183570996e-08,"Up"
9.13101654436205e-13,1.84834813390549,0.433,0.034,7.01755145500401e-08,"Rbm5-214",7.01755145500401e-08,"Up"
9.14934520095033e-13,2.46704114063012,0.467,0.043,7.03163776073837e-08,"Osbpl9-202",7.03163776073837e-08,"Up"
9.28917146833079e-13,2.07847891991065,0.6,0.082,7.13909984027094e-08,"Vdac1-202",7.13909984027094e-08,"Up"
9.57389828473516e-13,2.08554726212822,0.367,0.019,7.35792378775036e-08,"Exosc8-201",7.35792378775036e-08,"Up"
9.57389828473516e-13,1.73473937828082,0.367,0.019,7.35792378775036e-08,"Dis3l-208",7.35792378775036e-08,"Up"
9.57389828473516e-13,1.73473937796144,0.367,0.019,7.35792378775036e-08,"Dis3l-201",7.35792378775036e-08,"Up"
9.91820366468663e-13,2.49512677914143,0.467,0.043,7.62253624445826e-08,"Tmem106a-202",7.62253624445826e-08,"Up"
9.95070633238743e-13,2.20758085821302,0.433,0.034,7.64751584469303e-08,"Gramd1b-201",7.64751584469303e-08,"Up"
1.00554357093553e-12,2.49160399755592,0.367,0.019,7.7280045600679e-08,"Plgrkt-208",7.7280045600679e-08,"Up"
1.00554357093553e-12,1.64309773951528,0.367,0.019,7.7280045600679e-08,"Slc25a33-201",7.7280045600679e-08,"Up"
1.00554357093553e-12,1.47213395813452,0.367,0.019,7.7280045600679e-08,"Vac14-204",7.7280045600679e-08,"Up"
1.00554357093553e-12,2.09553957547914,0.367,0.019,7.7280045600679e-08,"Map2k5-201",7.7280045600679e-08,"Up"
1.00554357093553e-12,1.05731139198817,0.367,0.019,7.7280045600679e-08,"Atl3-201",7.7280045600679e-08,"Up"
1.00554357093553e-12,1.65821710350092,0.367,0.019,7.7280045600679e-08,"Arhgap25-202",7.7280045600679e-08,"Up"
1.00554357093553e-12,1.95648398187466,0.367,0.019,7.7280045600679e-08,"Acp5-202",7.7280045600679e-08,"Up"
1.00554357093553e-12,1.78747250251629,0.367,0.019,7.7280045600679e-08,"Cuedc2-202",7.7280045600679e-08,"Up"
1.00554357093553e-12,1.78747250251629,0.367,0.019,7.7280045600679e-08,"Cuedc2-205",7.7280045600679e-08,"Up"
1.00846643767026e-12,2.1601207157901,0.533,0.058,7.75046796007101e-08,"Vps37a-201",7.75046796007101e-08,"Up"
1.03260644257286e-12,2.55148647279052,0.467,0.043,7.9359935537495e-08,"Hbp1-202",7.9359935537495e-08,"Up"
1.03872107316395e-12,2.04019461960667,0.433,0.034,7.98298693569424e-08,"Arhgap17-202",7.98298693569424e-08,"Up"
1.04696682061412e-12,1.09970755810301,0.5,0.048,8.04635880314773e-08,"Ap3b1-201",8.04635880314773e-08,"Up"
1.05805637982052e-12,1.89110861238659,0.633,0.097,8.13158650147261e-08,"Tmbim6-201",8.13158650147261e-08,"Up"
1.07503723934944e-12,2.54683228334741,0.467,0.043,8.26209119929619e-08,"Osbpl9-211",8.26209119929619e-08,"Up"
1.14343934367257e-12,1.0658735408867,0.6,0.077,8.78778873186117e-08,"Incenp-201",8.78778873186117e-08,"Up"
1.16571391573856e-12,3.99963310217005,0.333,0.014,8.95897772801712e-08,"Ctsh-202",8.95897772801712e-08,"Up"
1.18125760998468e-12,1.59059593036059,0.433,0.034,9.07843723577626e-08,"Glg1-204",9.07843723577626e-08,"Up"
1.18805341171666e-12,2.03630369581325,0.567,0.072,9.13066569040722e-08,"Gsn-205",9.13066569040722e-08,"Up"
1.2282938144707e-12,4.1724671432056,0.333,0.014,9.43992928173311e-08,"Slc6a8-201",9.43992928173311e-08,"Up"
1.23290620659397e-12,1.64460103429256,0.433,0.034,9.47537736015731e-08,"Rab3gap2-204",9.47537736015731e-08,"Up"
1.23290620659397e-12,2.60593669014743,0.433,0.034,9.47537736015731e-08,"Ndel1-202",9.47537736015731e-08,"Up"
1.23290620659397e-12,1.57078385847234,0.433,0.034,9.47537736015731e-08,"Hmgcs1-201",9.47537736015731e-08,"Up"
1.28676890039251e-12,1.69862842382116,0.433,0.034,9.88933370707663e-08,"Kbtbd2-201",9.88933370707663e-08,"Up"
1.29416694889718e-12,3.87515195036685,0.333,0.014,9.94619066905438e-08,"Dnajc1-209",9.94619066905438e-08,"Up"
1.29427720944055e-12,3.0521859922557,0.8,0.164,9.94703806543441e-08,"Fn1-217",9.94703806543441e-08,"Up"
1.29661543942883e-12,1.54857103578426,0.667,0.097,9.96500829818633e-08,"Epas1-201",9.96500829818633e-08,"Up"
1.31241707193896e-12,2.49519177943514,0.667,0.121,1.00864501646797e-07,"Prkcd-207",1.00864501646797e-07,"Up"
1.34293864402095e-12,1.319546723858,0.433,0.034,1.03210206547586e-07,"Lmo2-202",1.03210206547586e-07,"Up"
1.36350300812878e-12,3.58999290398583,0.333,0.014,1.04790660186729e-07,"Aen-202",1.04790660186729e-07,"Up"
1.36350300812878e-12,3.28431559193064,0.333,0.014,1.04790660186729e-07,"H2-Q6-202",1.04790660186729e-07,"Up"
1.36350300812878e-12,5.49545216887809,0.333,0.014,1.04790660186729e-07,"Ralgapb-201",1.04790660186729e-07,"Up"
1.36798036198095e-12,2.66032209534643,0.467,0.043,1.05134762739684e-07,"Kif11-201",1.05134762739684e-07,"Up"
1.40151220682701e-12,1.292216911497,0.433,0.034,1.07711819143483e-07,"Arhgef2-202",1.07711819143483e-07,"Up"
1.40297243485381e-12,2.62920415911839,0.6,0.087,1.07824043508255e-07,"Furin-201",1.07824043508255e-07,"Up"
1.41048560244756e-12,2.10096706198244,0.633,0.097,1.08401460490505e-07,"Ctnnb1-201",1.08401460490505e-07,"Up"
1.4248597305792e-12,2.04923522057761,0.633,0.092,1.09506169733934e-07,"Birc6-202",1.09506169733934e-07,"Up"
1.43648023112055e-12,3.03857490388567,0.333,0.014,1.10399251682539e-07,"Stx6-201",1.10399251682539e-07,"Up"
1.43648023112055e-12,3.89372934849161,0.333,0.014,1.10399251682539e-07,"Phactr4-202",1.10399251682539e-07,"Up"
1.43648023112055e-12,2.38014731593313,0.333,0.014,1.10399251682539e-07,"Apbb2-216",1.10399251682539e-07,"Up"
1.45709171576214e-12,1.49084800358959,0.533,0.058,1.11983326723184e-07,"Sh3bgrl-201",1.11983326723184e-07,"Up"
1.45709171576214e-12,1.26039564856161,0.533,0.058,1.11983326723184e-07,"St3gal1-202",1.11983326723184e-07,"Up"
1.4625903279145e-12,1.41059446673752,0.433,0.034,1.12405917061541e-07,"Washc4-201",1.12405917061541e-07,"Up"
1.51328582728385e-12,2.90269019743438,0.333,0.014,1.16302068970073e-07,"Snx27-201",1.16302068970073e-07,"Up"
1.51328582728385e-12,3.28924888886622,0.333,0.014,1.16302068970073e-07,"Cd48-202",1.16302068970073e-07,"Up"
1.51425183405552e-12,2.35569925987984,0.567,0.072,1.16376310454503e-07,"Trip11-201",1.16376310454503e-07,"Up"
1.52627787517546e-12,1.4886502726704,0.433,0.034,1.17300559818735e-07,"Rbm15-202",1.17300559818735e-07,"Up"
1.57023575740989e-12,2.30705915884605,0.567,0.077,1.2067889889998e-07,"Hipk3-201",1.2067889889998e-07,"Up"
1.59411641726652e-12,3.16389753353235,0.333,0.014,1.22514223132601e-07,"Jdp2-203",1.22514223132601e-07,"Up"
1.59411641726652e-12,3.16389753353235,0.333,0.014,1.22514223132601e-07,"Jdp2-202",1.22514223132601e-07,"Up"
1.6468960546665e-12,2.44570479041256,0.5,0.053,1.26570549385339e-07,"Pde4b-203",1.26570549385339e-07,"Up"
1.6619223616322e-12,1.137864335724,0.433,0.034,1.27725381180881e-07,"Ptprc-204",1.27725381180881e-07,"Up"
1.67917849484185e-12,2.71524575734149,0.333,0.014,1.29051584042575e-07,"Srek1-201",1.29051584042575e-07,"Up"
1.67917849484185e-12,2.53518859891667,0.333,0.014,1.29051584042575e-07,"Agap1-204",1.29051584042575e-07,"Up"
1.67917849484185e-12,2.85227762670948,0.333,0.014,1.29051584042575e-07,"Pik3ca-203",1.29051584042575e-07,"Up"
1.67917849484185e-12,3.1857837762376,0.333,0.014,1.29051584042575e-07,"Ppp2r5d-204",1.29051584042575e-07,"Up"
1.67917849484185e-12,2.96387367766201,0.333,0.014,1.29051584042575e-07,"Hpse-202",1.29051584042575e-07,"Up"
1.67917849484185e-12,2.8825388535855,0.333,0.014,1.29051584042575e-07,"Vav1-204",1.29051584042575e-07,"Up"
1.67917849484185e-12,2.77858061333207,0.333,0.014,1.29051584042575e-07,"Actr1b-201",1.29051584042575e-07,"Up"
1.67917849484185e-12,3.39870202425601,0.333,0.014,1.29051584042575e-07,"Celf2-204",1.29051584042575e-07,"Up"
1.72902613948327e-12,1.31502286034793,0.633,0.087,1.32882574923847e-07,"Igsf6-201",1.32882574923847e-07,"Up"
1.73885599199658e-12,2.17366990384082,0.467,0.043,1.33638038408905e-07,"Dbf4-207",1.33638038408905e-07,"Up"
1.74979146103787e-12,1.72161869265579,0.533,0.058,1.34478472946605e-07,"Pacsin2-210",1.34478472946605e-07,"Up"
1.76868891088961e-12,2.69510061934817,0.333,0.014,1.3593081755751e-07,"Asap1-208",1.3593081755751e-07,"Up"
1.76868891088961e-12,2.36619098179473,0.333,0.014,1.3593081755751e-07,"H2-DMb1-201",1.3593081755751e-07,"Up"
1.76868891088961e-12,2.78846190728265,0.333,0.014,1.3593081755751e-07,"Stat1-203",1.3593081755751e-07,"Up"
1.76868891088961e-12,2.37310968933204,0.333,0.014,1.3593081755751e-07,"Reps2-202",1.3593081755751e-07,"Up"
1.76868891088961e-12,1.06634840058568,0.333,0.014,1.3593081755751e-07,"Snx13-201",1.3593081755751e-07,"Up"
1.76868891088961e-12,2.11833710088875,0.333,0.014,1.3593081755751e-07,"Ppp1r12c-201",1.3593081755751e-07,"Up"
1.78662683333059e-12,3.30570069069176,0.4,0.029,1.37309418648789e-07,"Prkcsh-202",1.37309418648789e-07,"Up"
1.80959602213302e-12,1.3705144939085,0.467,0.043,1.39074692685011e-07,"Foxp1-228",1.39074692685011e-07,"Up"
1.80959602213302e-12,1.76224910541248,0.467,0.043,1.39074692685011e-07,"Prc1-206",1.39074692685011e-07,"Up"
1.86287538049669e-12,1.36166009783049,0.333,0.014,1.43169424492693e-07,"Acbd6-201",1.43169424492693e-07,"Up"
1.86287538049669e-12,2.15925914696277,0.333,0.014,1.43169424492693e-07,"Esco1-201",1.43169424492693e-07,"Up"
1.86287538049669e-12,2.62084396324803,0.333,0.014,1.43169424492693e-07,"Nr1d2-202",1.43169424492693e-07,"Up"
1.86287538049669e-12,2.39731737488994,0.333,0.014,1.43169424492693e-07,"Snx8-201",1.43169424492693e-07,"Up"
1.86287538049669e-12,2.2120950744916,0.333,0.014,1.43169424492693e-07,"Snx10-201",1.43169424492693e-07,"Up"
1.86287538049669e-12,1.69961191741302,0.333,0.014,1.43169424492693e-07,"Fcgrt-201",1.43169424492693e-07,"Up"
1.86287538049669e-12,1.69961191741302,0.333,0.014,1.43169424492693e-07,"Fcgrt-206",1.43169424492693e-07,"Up"
1.86287538049669e-12,1.97766073503311,0.333,0.014,1.43169424492693e-07,"Sec23b-201",1.43169424492693e-07,"Up"
1.88315697927518e-12,2.42473623553123,0.467,0.043,1.44728146485215e-07,"Slc25a25-205",1.44728146485215e-07,"Up"
1.88315697927518e-12,1.82762920342129,0.467,0.043,1.44728146485215e-07,"Elof1-202",1.44728146485215e-07,"Up"
1.91197968022555e-12,2.16254918841745,0.533,0.063,1.46943286344055e-07,"Dlgap5-201",1.46943286344055e-07,"Up"
1.95310390713981e-12,3.12290264473038,0.4,0.029,1.50103847679323e-07,"Cast-211",1.50103847679323e-07,"Up"
1.96197701425134e-12,1.42414957746068,0.333,0.014,1.50785781453273e-07,"Fas-201",1.50785781453273e-07,"Up"
1.96197701425134e-12,1.303462522758,0.333,0.014,1.50785781453273e-07,"Gnpda1-201",1.50785781453273e-07,"Up"
1.96197701425134e-12,1.85753049487031,0.333,0.014,1.50785781453273e-07,"Mrgbp-205",1.50785781453273e-07,"Up"
1.96197701425134e-12,2.30121088135928,0.333,0.014,1.50785781453273e-07,"Filip1l-203",1.50785781453273e-07,"Up"
1.96197701425134e-12,1.52509527347961,0.333,0.014,1.50785781453273e-07,"Plaat3-203",1.50785781453273e-07,"Up"
1.96197701425134e-12,1.69412560227514,0.333,0.014,1.50785781453273e-07,"Syne3-201",1.50785781453273e-07,"Up"
1.96197701425134e-12,1.69412560227514,0.333,0.014,1.50785781453273e-07,"Syne3-203",1.50785781453273e-07,"Up"
1.96197701425134e-12,1.92628615445394,0.333,0.014,1.50785781453273e-07,"Clock-201",1.50785781453273e-07,"Up"
1.96197701425134e-12,2.24102433320933,0.333,0.014,1.50785781453273e-07,"Cxcr4-202",1.50785781453273e-07,"Up"
1.96197701425134e-12,1.9536491657131,0.333,0.014,1.50785781453273e-07,"Slc25a17-201",1.50785781453273e-07,"Up"
1.96197701425134e-12,1.86969683391229,0.333,0.014,1.50785781453273e-07,"Atg4a-201",1.50785781453273e-07,"Up"
1.96197701425134e-12,2.25937173799088,0.333,0.014,1.50785781453273e-07,"Oxa1l-201",1.50785781453273e-07,"Up"
1.96197701425134e-12,1.99411297451278,0.333,0.014,1.50785781453273e-07,"Lzts2-201",1.50785781453273e-07,"Up"
1.96197701425134e-12,1.90091978124491,0.333,0.014,1.50785781453273e-07,"Hpgds-203",1.50785781453273e-07,"Up"
1.96197701425134e-12,2.59366188992132,0.333,0.014,1.50785781453273e-07,"Hsd11b1-203",1.50785781453273e-07,"Up"
1.96197701425134e-12,2.16777416371724,0.333,0.014,1.50785781453273e-07,"Sgms1-201",1.50785781453273e-07,"Up"
1.96197701425134e-12,2.05181181699293,0.333,0.014,1.50785781453273e-07,"Cuedc2-203",1.50785781453273e-07,"Up"
1.96197701425134e-12,2.05181181699293,0.333,0.014,1.50785781453273e-07,"Cuedc2-201",1.50785781453273e-07,"Up"
1.96197701425134e-12,1.59732866200429,0.333,0.014,1.50785781453273e-07,"Nek7-203",1.50785781453273e-07,"Up"
1.96197701425134e-12,1.41145468365744,0.333,0.014,1.50785781453273e-07,"Samd8-204",1.50785781453273e-07,"Up"
1.96197701425134e-12,1.81737155437268,0.333,0.014,1.50785781453273e-07,"Arhgap30-201",1.50785781453273e-07,"Up"
1.96197701425134e-12,1.81737155437268,0.333,0.014,1.50785781453273e-07,"Arhgap30-202",1.50785781453273e-07,"Up"
1.96197701425134e-12,1.70316972821116,0.333,0.014,1.50785781453273e-07,"Dis3l-202",1.50785781453273e-07,"Up"
1.96197701425134e-12,1.70316972821116,0.333,0.014,1.50785781453273e-07,"Dis3l-203",1.50785781453273e-07,"Up"
1.96197701425134e-12,2.74095936804332,0.333,0.014,1.50785781453273e-07,"Clmp-201",1.50785781453273e-07,"Up"
1.96197701425134e-12,1.05987021133639,0.333,0.014,1.50785781453273e-07,"Rusc2-202",1.50785781453273e-07,"Up"
1.96197701425134e-12,1.04089430466798,0.333,0.014,1.50785781453273e-07,"Hrob-201",1.50785781453273e-07,"Up"
1.96197701425134e-12,3.08680725331736,0.333,0.014,1.50785781453273e-07,"Pla2g4a-201",1.50785781453273e-07,"Up"
1.96197701425134e-12,2.43909209029549,0.333,0.014,1.50785781453273e-07,"Ncapg-201",1.50785781453273e-07,"Up"
1.96197701425134e-12,1.61850674034119,0.333,0.014,1.50785781453273e-07,"Tapt1-201",1.50785781453273e-07,"Up"
1.96826069670807e-12,1.48913676158344,0.633,0.087,1.51268707584802e-07,"Saraf-205",1.51268707584802e-07,"Up"
1.96826069670807e-12,1.48913676158344,0.633,0.087,1.51268707584802e-07,"Saraf-201",1.51268707584802e-07,"Up"
1.98889161297258e-12,2.46776785561886,0.5,0.053,1.52854276023395e-07,"Ash1l-202",1.52854276023395e-07,"Up"
1.98889161297258e-12,1.91259903744324,0.5,0.053,1.52854276023395e-07,"Txlna-201",1.52854276023395e-07,"Up"
1.9955078033464e-12,2.01052349188244,0.567,0.072,1.53362756718385e-07,"Fnip2-203",1.53362756718385e-07,"Up"
1.9955078033464e-12,1.78782944524956,0.567,0.072,1.53362756718385e-07,"Capza2-201",1.53362756718385e-07,"Up"
2.03918642663867e-12,1.89686185592154,0.467,0.043,1.56719633632888e-07,"Rock2-201",1.56719633632888e-07,"Up"
2.08013161766764e-12,3.15604841313044,0.567,0.092,1.59866435344229e-07,"Ctsa-202",1.59866435344229e-07,"Up"
2.23171902644481e-12,2.62218431482088,0.4,0.029,1.71516534058389e-07,"Trp53inp1-201",1.71516534058389e-07,"Up"
2.31182692677596e-12,2.05700083814057,0.5,0.053,1.7767314663044e-07,"Smc6-201",1.7767314663044e-07,"Up"
2.33298216993032e-12,2.15970600566635,0.4,0.029,1.79299011687825e-07,"Anapc1-201",1.79299011687825e-07,"Up"
2.37091509733789e-12,2.27190781974194,0.533,0.063,1.82214308890807e-07,"Selenoh-203",1.82214308890807e-07,"Up"
2.40028030839362e-12,1.74849385618596,0.5,0.053,1.84471142821283e-07,"Txlna-202",1.84471142821283e-07,"Up"
2.41432319878826e-12,2.45204141229493,0.933,0.386,1.85550395119673e-07,"H2-D1-202",1.85550395119673e-07,"Up"
2.43874793550271e-12,3.50963178120091,0.4,0.029,1.87427533835125e-07,"Map3k2-201",1.87427533835125e-07,"Up"
2.43923166698852e-12,1.30464678110923,0.6,0.082,1.87464710534735e-07,"Nucb1-210",1.87464710534735e-07,"Up"
2.48687112279939e-12,1.5626118864424,0.467,0.043,1.91125993271625e-07,"Cnot8-201",1.91125993271625e-07,"Up"
2.63929612672488e-12,1.80244404043124,0.533,0.063,2.02840464523314e-07,"Nfatc1-206",2.02840464523314e-07,"Up"
2.63929612672488e-12,2.56077581051434,0.533,0.063,2.02840464523314e-07,"Cenpb-201",2.02840464523314e-07,"Up"
2.6645794930283e-12,2.15135965512959,0.4,0.029,2.04783592357197e-07,"Arhgef7-202",2.04783592357197e-07,"Up"
2.6645794930283e-12,3.11063724489688,0.4,0.029,2.04783592357197e-07,"Ppfibp1-201",2.04783592357197e-07,"Up"
2.6645794930283e-12,2.12984884516489,0.4,0.029,2.04783592357197e-07,"Tet3-202",2.04783592357197e-07,"Up"
2.68603288810933e-12,1.90284335151674,0.5,0.053,2.06432371582754e-07,"Xrcc1-205",2.06432371582754e-07,"Up"
2.68603288810933e-12,1.90284335151674,0.5,0.053,2.06432371582754e-07,"Xrcc1-201",2.06432371582754e-07,"Up"
2.69178245004339e-12,1.7213948128521,0.467,0.043,2.06874248415635e-07,"Ppil2-202",2.06874248415635e-07,"Up"
2.70230899495188e-12,1.72700328121733,0.633,0.092,2.07683255498032e-07,"Ier3-201",2.07683255498032e-07,"Up"
2.78506255001528e-12,2.57861830976175,0.4,0.029,2.14043197218874e-07,"Mtrex-201",2.14043197218874e-07,"Up"
2.83454123557791e-12,1.73023917270918,0.533,0.063,2.17845832119105e-07,"Nfatc1-202",2.17845832119105e-07,"Up"
2.87586988561921e-12,1.9500373615369,0.6,0.082,2.21022104189379e-07,"Trip12-206",2.21022104189379e-07,"Up"
2.89480132900348e-12,2.12939387977409,0.5,0.053,2.22477061339234e-07,"Pdlim7-211",2.22477061339234e-07,"Up"
2.92173820737022e-12,3.01991801766056,0.8,0.174,2.2454726818923e-07,"Fn1-203",2.2454726818923e-07,"Up"
2.97197534137293e-12,2.0524485501795,0.6,0.082,2.28408192885875e-07,"Pakap-211",2.28408192885875e-07,"Up"
2.97197534137293e-12,2.0524485501795,0.6,0.082,2.28408192885875e-07,"Pakap-207",2.28408192885875e-07,"Up"
2.97197534137293e-12,2.0524485501795,0.6,0.082,2.28408192885875e-07,"Pakap-201",2.28408192885875e-07,"Up"
2.97197534137293e-12,2.0524485501795,0.6,0.082,2.28408192885875e-07,"Pakap-202",2.28408192885875e-07,"Up"
2.97197534137293e-12,2.0524485501795,0.6,0.082,2.28408192885875e-07,"Pakap-206",2.28408192885875e-07,"Up"
3.03055074233217e-12,1.45307746219019,0.467,0.043,2.32909946751197e-07,"Fam177a2-201",2.32909946751197e-07,"Up"
3.03055074233217e-12,1.45307746219019,0.467,0.043,2.32909946751197e-07,"Fam177a-201",2.32909946751197e-07,"Up"
3.03055074233217e-12,1.00208664457355,0.467,0.043,2.32909946751197e-07,"Zcchc8-204",2.32909946751197e-07,"Up"
3.0422736697271e-12,2.07933710506391,0.4,0.029,2.33810900613206e-07,"Thyn1-203",2.33810900613206e-07,"Up"
3.04393030584267e-12,2.03120541245531,0.533,0.063,2.33938219725232e-07,"Myo1f-201",2.33938219725232e-07,"Up"
3.07928099742789e-12,2.31545456401954,0.8,0.164,2.36655061776323e-07,"Fn1-211",2.36655061776323e-07,"Up"
3.11498495659357e-12,1.77847949557564,0.567,0.072,2.39399053854042e-07,"Hp1bp3-201",2.39399053854042e-07,"Up"
3.17947440058038e-12,2.34248772903653,0.4,0.029,2.44355325582204e-07,"Pik3c2a-201",2.44355325582204e-07,"Up"
3.2745986022671e-12,-2.18655753420632,0.967,1,2.51666000978636e-07,"Tpt1-201",2.51666000978636e-07,"Down"
3.27926884744572e-12,1.6322745851757,0.467,0.043,2.52024928001593e-07,"Vcpip1-201",2.52024928001593e-07,"Up"
3.32273710600202e-12,1.95268980430068,0.4,0.029,2.55365637544679e-07,"Tbc1d9-201",2.55365637544679e-07,"Up"
3.32273710600202e-12,1.17400002463992,0.4,0.029,2.55365637544679e-07,"Srfbp1-201",2.55365637544679e-07,"Up"
3.32273710600202e-12,1.47828174549433,0.4,0.029,2.55365637544679e-07,"Mkln1-201",2.55365637544679e-07,"Up"
3.32273710600202e-12,2.06492982558106,0.4,0.029,2.55365637544679e-07,"Mef2d-204",2.55365637544679e-07,"Up"
3.3611857742151e-12,1.45544855518627,0.5,0.053,2.58320571491528e-07,"Rpa1-202",2.58320571491528e-07,"Up"
3.4110263506598e-12,1.29347255291728,0.467,0.043,2.62151019153608e-07,"Prl2b1-202",2.62151019153608e-07,"Up"
3.48884404600435e-12,1.51683437634926,0.5,0.053,2.68131620311618e-07,"Ptms-201",2.68131620311618e-07,"Up"
3.62850783688546e-12,1.71330021547112,0.4,0.029,2.78865341295995e-07,"Itpr1-201",2.78865341295995e-07,"Up"
3.62850783688546e-12,1.71330021547112,0.4,0.029,2.78865341295995e-07,"Itpr1-205",2.78865341295995e-07,"Up"
3.62850783688546e-12,1.88177510480531,0.4,0.029,2.78865341295995e-07,"Atad5-201",2.78865341295995e-07,"Up"
3.62850783688546e-12,1.85481159304763,0.4,0.029,2.78865341295995e-07,"Rheb-201",2.78865341295995e-07,"Up"
3.62850783688546e-12,2.04026004684041,0.4,0.029,2.78865341295995e-07,"Lin54-202",2.78865341295995e-07,"Up"
3.62850783688546e-12,2.12624466757942,0.4,0.029,2.78865341295995e-07,"Afdn-216",2.78865341295995e-07,"Up"
3.69030122432954e-12,1.28119981978732,0.467,0.043,2.83614410294622e-07,"Xpo6-201",2.83614410294622e-07,"Up"
3.69030122432954e-12,1.66568097325926,0.467,0.043,2.83614410294622e-07,"Jmjd1c-201",2.83614410294622e-07,"Up"
3.69030122432954e-12,1.50219127620185,0.467,0.043,2.83614410294622e-07,"Gsto1-201",2.83614410294622e-07,"Up"
3.69030122432954e-12,1.09966809654771,0.467,0.043,2.83614410294622e-07,"Gtf2b-201",2.83614410294622e-07,"Up"
3.79157369580976e-12,2.23687385905673,0.4,0.029,2.91397604817763e-07,"Stil-204",2.91397604817763e-07,"Up"
3.79157369580976e-12,2.23299671399863,0.4,0.029,2.91397604817763e-07,"Bcap31-201",2.91397604817763e-07,"Up"
3.80491029608025e-12,2.35108654632084,0.6,0.092,2.92422575894951e-07,"Mtdh-201",2.92422575894951e-07,"Up"
3.82084540710424e-12,1.66527879153321,0.567,0.072,2.93647252917589e-07,"Gtpbp2-201",2.93647252917589e-07,"Up"
3.8480477582547e-12,2.6670746347087,0.433,0.039,2.95737862412906e-07,"Cpt1a-201",2.95737862412906e-07,"Up"
3.90101952737687e-12,1.90714954278179,0.5,0.053,2.99808954757022e-07,"Nbr1-206",2.99808954757022e-07,"Up"
3.96181812710265e-12,1.84155062643436,0.4,0.029,3.04481570340347e-07,"Tet2-201",3.04481570340347e-07,"Up"
3.96181812710265e-12,1.79631889463338,0.4,0.029,3.04481570340347e-07,"Tcof1-205",3.04481570340347e-07,"Up"
4.00876949317469e-12,2.49291907304181,0.433,0.039,3.08089970628448e-07,"Mgat5-201",3.08089970628448e-07,"Up"
4.06882877030058e-12,2.43741568469847,0.667,0.121,3.12705766312681e-07,"Adam8-202",3.12705766312681e-07,"Up"
4.13955031001563e-12,1.73288870324371,0.4,0.029,3.18140999525942e-07,"Psma1-201",3.18140999525942e-07,"Up"
4.13955031001563e-12,1.658812023876,0.4,0.029,3.18140999525942e-07,"Arhgef2-219",3.18140999525942e-07,"Up"
4.13955031001563e-12,1.76376407640607,0.4,0.029,3.18140999525942e-07,"Bltp2-201",3.18140999525942e-07,"Up"
4.20194515225413e-12,1.02013971546784,0.5,0.053,3.22936292731339e-07,"Smc2-201",3.22936292731339e-07,"Up"
4.32509243327719e-12,1.36257362064704,0.4,0.029,3.32400653867085e-07,"Atp7a-201",3.32400653867085e-07,"Up"
4.32509243327719e-12,1.23286574540546,0.4,0.029,3.32400653867085e-07,"Bicd2-201",3.32400653867085e-07,"Up"
4.32509243327719e-12,1.04762279883681,0.4,0.029,3.32400653867085e-07,"Bicd2-203",3.32400653867085e-07,"Up"
4.32509243327719e-12,1.59463858483484,0.4,0.029,3.32400653867085e-07,"Ech1-201",3.32400653867085e-07,"Up"
4.5187802290067e-12,1.88314493868657,0.4,0.029,3.47286335720081e-07,"Rnf130-201",3.47286335720081e-07,"Up"
4.52559415723627e-12,1.50792856061301,0.5,0.053,3.47810013360237e-07,"Arl5a-201",3.47810013360237e-07,"Up"
4.53145342056377e-12,2.21703746335338,0.433,0.039,3.48260321184008e-07,"Abr-205",3.48260321184008e-07,"Up"
4.65853074955311e-12,1.73194524005067,0.533,0.063,3.58026722226155e-07,"Fndc3b-204",3.58026722226155e-07,"Up"
4.72009979136316e-12,2.08514621242904,0.433,0.039,3.62758549365424e-07,"Ptp4a2-201",3.62758549365424e-07,"Up"
5.08229517797201e-12,1.43508860111446,0.667,0.106,3.90594713607861e-07,"Retreg1-201",3.90594713607861e-07,"Up"
5.50699926470219e-12,2.01991771304549,0.7,0.126,4.23234921489422e-07,"Psmd8-202",4.23234921489422e-07,"Up"
5.52792248176435e-12,1.51824552640822,0.6,0.082,4.24842954413518e-07,"Os9-202",4.24842954413518e-07,"Up"
5.55473581336043e-12,2.07144948610903,0.433,0.039,4.26903666200003e-07,"Erbin-203",4.26903666200003e-07,"Up"
5.6231175056656e-12,2.34733064365604,0.7,0.135,4.32159072780424e-07,"Akap13-201",4.32159072780424e-07,"Up"
5.62796680982358e-12,3.33914257061672,0.367,0.024,4.32531761202182e-07,"Sec11c-201",4.32531761202182e-07,"Up"
5.62796680982358e-12,3.27605761238603,0.367,0.024,4.32531761202182e-07,"Emsy-201",4.32531761202182e-07,"Up"
5.75063184633695e-12,1.97813502975013,0.833,0.198,4.4195905991838e-07,"Clec7a-203",4.4195905991838e-07,"Up"
5.81386999431171e-12,2.16422600392313,0.733,0.145,4.46819164542832e-07,"Aplp2-201",4.46819164542832e-07,"Up"
5.89304366130028e-12,3.95718985885583,0.367,0.024,4.52903977545572e-07,"Lpl-203",4.52903977545572e-07,"Up"
5.94282184592074e-12,2.94556177676227,0.467,0.053,4.56729630146393e-07,"Capg-203",4.56729630146393e-07,"Up"
5.9613833902732e-12,1.23986709491162,0.533,0.063,4.58156159076057e-07,"Ubr5-201",4.58156159076057e-07,"Up"
6.02468132899257e-12,2.3161509751957,0.433,0.039,4.63020858858395e-07,"Rbbp8-201",4.63020858858395e-07,"Up"
6.02468132899257e-12,1.52072188616188,0.433,0.039,4.63020858858395e-07,"Arfgap2-202",4.63020858858395e-07,"Up"
6.05075026530628e-12,2.52418133888917,0.533,0.068,4.65024360889849e-07,"Ncor2-205",4.65024360889849e-07,"Up"
6.17034576096323e-12,3.15451432702525,0.367,0.024,4.74215753113068e-07,"Rasgef1b-210",4.74215753113068e-07,"Up"
6.1923001775631e-12,3.04696546059253,0.567,0.087,4.75903037846434e-07,"Ly6e-213",4.75903037846434e-07,"Up"
6.20047633382034e-12,2.4964123966793,0.5,0.058,4.76531408159429e-07,"Pcna-201",4.76531408159429e-07,"Up"
6.31113106039419e-12,1.01388855997408,0.5,0.053,4.85035666515535e-07,"Adrm1-201",4.85035666515535e-07,"Up"
6.46676557064241e-12,2.19282768498893,0.567,0.082,4.96996801166152e-07,"Dmxl2-201",4.96996801166152e-07,"Up"
6.53352857331493e-12,2.97588398223006,0.433,0.039,5.02127804973545e-07,"Ino80d-203",5.02127804973545e-07,"Up"
6.54781469267228e-12,1.01465619231371,0.5,0.053,5.03225750390636e-07,"Cenpx-203",5.03225750390636e-07,"Up"
6.54781469267228e-12,1.01465619231371,0.5,0.053,5.03225750390636e-07,"Cenpx-204",5.03225750390636e-07,"Up"
6.62347740962782e-12,1.25099334885638,0.533,0.063,5.09040732839537e-07,"Acot13-201",5.09040732839537e-07,"Up"
6.66176495558914e-12,1.74789424341651,0.667,0.106,5.11983283896848e-07,"Slfn2-201",5.11983283896848e-07,"Up"
6.71079334411315e-12,2.56177263775272,0.733,0.155,5.15751311668472e-07,"Aldoa-201",5.15751311668472e-07,"Up"
6.71415018986741e-12,1.46152234584608,0.6,0.082,5.1600929869207e-07,"Gltp-201",5.1600929869207e-07,"Up"
6.80351417788655e-12,2.74556507826903,0.433,0.039,5.22877278627293e-07,"Irf1-202",5.22877278627293e-07,"Up"
7.08123973835499e-12,2.73704645373731,0.367,0.024,5.44221598851534e-07,"Lpp-201",5.44221598851534e-07,"Up"
7.08442416076516e-12,1.69193687066083,0.433,0.039,5.44466334451445e-07,"Sars-201",5.44466334451445e-07,"Up"
7.10436628058216e-12,1.25224734250509,0.533,0.063,5.45998966127861e-07,"Glipr2-201",5.45998966127861e-07,"Up"
7.34000864300138e-12,2.81149225325781,0.8,0.174,5.64109024249228e-07,"Fn1-214",5.64109024249228e-07,"Up"
7.37669078632768e-12,1.54341411484405,0.433,0.039,5.66928193692427e-07,"Rab7b-202",5.66928193692427e-07,"Up"
7.39761555290513e-12,2.18560602513509,0.467,0.048,5.68536345702971e-07,"Il4ra-201",5.68536345702971e-07,"Up"
7.5039153009053e-12,1.10837020219249,0.567,0.072,5.76705906535776e-07,"Ppp4r3b-202",5.76705906535776e-07,"Up"
7.68076302022371e-12,1.69409861449188,0.433,0.039,5.90297361156273e-07,"Cast-201",5.90297361156273e-07,"Up"
7.68076302022371e-12,1.59472304282503,0.433,0.039,5.90297361156273e-07,"Mgrn1-201",5.90297361156273e-07,"Up"
7.76040513558639e-12,2.28029676817539,0.367,0.024,5.96418176290356e-07,"Rbm5-201",5.96418176290356e-07,"Up"
7.76040513558639e-12,1.73976811857066,0.367,0.024,5.96418176290356e-07,"Igf2bp2-201",5.96418176290356e-07,"Up"
7.89039666338023e-12,1.4288364449271,0.6,0.082,6.06408545167425e-07,"Rock1-201",6.06408545167425e-07,"Up"
8.12352486327832e-12,2.11652581431066,0.367,0.024,6.24325379842392e-07,"Arrdc3-203",6.24325379842392e-07,"Up"
8.12352486327832e-12,2.71943813390534,0.367,0.024,6.24325379842392e-07,"Mrps31-201",6.24325379842392e-07,"Up"
8.12352486327832e-12,2.62494307016945,0.367,0.024,6.24325379842392e-07,"Clcn7-206",6.24325379842392e-07,"Up"
8.29094498117555e-12,2.29934694445446,0.467,0.048,6.37192285583266e-07,"Hp1bp3-214",6.37192285583266e-07,"Up"
8.40449766480861e-12,2.22545397171324,0.6,0.092,6.45919263531201e-07,"Slc11a1-201",6.45919263531201e-07,"Up"
8.41546988159159e-12,1.23984691625072,0.6,0.082,6.4676252227984e-07,"Rrm1-201",6.4676252227984e-07,"Up"
8.50327743032716e-12,2.43491130123803,0.367,0.024,6.53510883630363e-07,"Cox7a2l-202",6.53510883630363e-07,"Up"
8.50327743032716e-12,2.88254891205908,0.367,0.024,6.53510883630363e-07,"Nucb2-203",6.53510883630363e-07,"Up"
8.50327743032716e-12,3.06295984365496,0.367,0.024,6.53510883630363e-07,"Pip5k1c-208",6.53510883630363e-07,"Up"
8.50327743032716e-12,1.28634325338915,0.367,0.024,6.53510883630363e-07,"Hmg20b-201",6.53510883630363e-07,"Up"
8.66856691847021e-12,1.24434584245217,0.433,0.039,6.6621404195211e-07,"Faf2-203",6.6621404195211e-07,"Up"
8.68919812924666e-12,1.51043323022884,0.567,0.077,6.67799633025123e-07,"Fnbp1-209",6.67799633025123e-07,"Up"
8.90040766506364e-12,2.21014155027791,0.367,0.024,6.84031930690801e-07,"Ncaph-201",6.84031930690801e-07,"Up"
8.94435679514543e-12,2.27754111828824,0.467,0.048,6.87409597134107e-07,"Ddhd1-201",6.87409597134107e-07,"Up"
8.94435679514543e-12,1.74651094696559,0.467,0.048,6.87409597134107e-07,"Oser1-202",6.87409597134107e-07,"Up"
8.98049510121977e-12,1.50957067488328,0.567,0.077,6.90186970509145e-07,"Atad2-201",6.90186970509145e-07,"Up"
9.02470777207385e-12,1.89813145477054,0.433,0.039,6.93584891114963e-07,"Cd47-205",6.93584891114963e-07,"Up"
9.02470777207385e-12,1.89813145477054,0.433,0.039,6.93584891114963e-07,"Cd47-207",6.93584891114963e-07,"Up"
9.02470777207385e-12,1.6540247809705,0.433,0.039,6.93584891114963e-07,"Ccnt1-208",6.93584891114963e-07,"Up"
9.02470777207385e-12,1.34263739414211,0.433,0.039,6.93584891114963e-07,"Birc3-201",6.93584891114963e-07,"Up"
9.02470777207385e-12,1.66935140469755,0.433,0.039,6.93584891114963e-07,"Tinagl1-203",6.93584891114963e-07,"Up"
9.25751131043619e-12,3.14793129928397,0.433,0.043,7.11476774252263e-07,"Irf7-203",7.11476774252263e-07,"Up"
9.31569295372986e-12,2.2172775312957,0.367,0.024,7.15948266265954e-07,"Mcm10-201",7.15948266265954e-07,"Up"
9.31569295372986e-12,1.3585427549394,0.367,0.024,7.15948266265954e-07,"Golga5-202",7.15948266265954e-07,"Up"
9.31569295372986e-12,2.0431805132744,0.367,0.024,7.15948266265954e-07,"Snx6-201",7.15948266265954e-07,"Up"
9.31569295372986e-12,1.76998031594028,0.367,0.024,7.15948266265954e-07,"Csnk2b-203",7.15948266265954e-07,"Up"
9.31569295372986e-12,2.92557218876716,0.367,0.024,7.15948266265954e-07,"Irak3-201",7.15948266265954e-07,"Up"
9.31569295372986e-12,1.78232257435379,0.367,0.024,7.15948266265954e-07,"Rb1cc1-201",7.15948266265954e-07,"Up"
9.31569295372986e-12,2.37757481911265,0.367,0.024,7.15948266265954e-07,"Rbm18-201",7.15948266265954e-07,"Up"
9.3941057176965e-12,1.10249271590678,0.533,0.063,7.21974600827847e-07,"Sh3bgrl3-201",7.21974600827847e-07,"Up"
9.39517242002612e-12,1.38087590341023,0.433,0.039,7.22056581168688e-07,"Mapre2-201",7.22056581168688e-07,"Up"
9.39517242002612e-12,1.55584957849378,0.433,0.039,7.22056581168688e-07,"Dcn-202",7.22056581168688e-07,"Up"
9.39517242002612e-12,1.70290395716459,0.433,0.039,7.22056581168688e-07,"Rbmxl1-202",7.22056581168688e-07,"Up"
9.74994462723247e-12,1.9567890111278,0.367,0.024,7.49322244381324e-07,"Myo1c-202",7.49322244381324e-07,"Up"
9.74994462723247e-12,2.14627417668671,0.367,0.024,7.49322244381324e-07,"Arhgap1-204",7.49322244381324e-07,"Up"
9.74994462723247e-12,2.14627417668671,0.367,0.024,7.49322244381324e-07,"Arhgap1-203",7.49322244381324e-07,"Up"
9.74994462723247e-12,2.11904180459616,0.367,0.024,7.49322244381324e-07,"Plekhm1-201",7.49322244381324e-07,"Up"
9.7606089586988e-12,1.84277477553703,0.6,0.087,7.50141840911838e-07,"Birc6-204",7.50141840911838e-07,"Up"
9.78052408026374e-12,1.56184434310399,0.433,0.039,7.5167239766459e-07,"H2-T22-202",7.5167239766459e-07,"Up"
9.78052408026374e-12,1.62607585463908,0.433,0.039,7.5167239766459e-07,"Baiap2-202",7.5167239766459e-07,"Up"
9.78052408026374e-12,1.62607585463908,0.433,0.039,7.5167239766459e-07,"Baiap2-204",7.5167239766459e-07,"Up"
9.80109284141517e-12,1.9730838807014,0.533,0.068,7.53253189234121e-07,"Ncor2-203",7.53253189234121e-07,"Up"
1.00201008474766e-11,1.53128200026557,0.467,0.048,7.70084830531968e-07,"Wasf2-201",7.70084830531968e-07,"Up"
1.0181347588546e-11,1.15438031776929,0.433,0.039,7.82477287570116e-07,"Vps18-201",7.82477287570116e-07,"Up"
1.02040094053313e-11,1.8211222321351,0.367,0.024,7.84218938837331e-07,"Vps18-203",7.84218938837331e-07,"Up"
1.02040094053313e-11,2.00384571922849,0.367,0.024,7.84218938837331e-07,"Nf1-202",7.84218938837331e-07,"Up"
1.03532353328502e-11,1.19398732346666,0.767,0.14,7.95687548270871e-07,"Brd2-203",7.95687548270871e-07,"Up"
1.0678770900571e-11,1.41236762416844,0.367,0.024,8.20706258792487e-07,"Parg-201",8.20706258792487e-07,"Up"
1.0678770900571e-11,1.96380928598509,0.367,0.024,8.20706258792487e-07,"Slf2-201",8.20706258792487e-07,"Up"
1.0678770900571e-11,1.53679219901515,0.367,0.024,8.20706258792487e-07,"Adipor2-202",8.20706258792487e-07,"Up"
1.0678770900571e-11,1.57794073330815,0.367,0.024,8.20706258792487e-07,"Tcf12-201",8.20706258792487e-07,"Up"
1.0678770900571e-11,1.30682436036617,0.367,0.024,8.20706258792487e-07,"Surf1-201",8.20706258792487e-07,"Up"
1.0678770900571e-11,2.08390544402979,0.367,0.024,8.20706258792487e-07,"Rcn3-207",8.20706258792487e-07,"Up"
1.0678770900571e-11,2.08390544402979,0.367,0.024,8.20706258792487e-07,"Rcn3-204",8.20706258792487e-07,"Up"
1.0678770900571e-11,1.60559600483823,0.367,0.024,8.20706258792487e-07,"Gtf3c1-201",8.20706258792487e-07,"Up"
1.0793611243602e-11,3.16610364731884,0.467,0.053,8.29532198515787e-07,"Tns1-201",8.29532198515787e-07,"Up"
1.10318624619431e-11,1.31415506585989,0.433,0.039,8.47842757650172e-07,"Itgal-202",8.47842757650172e-07,"Up"
1.11751511843535e-11,1.3180049579247,0.367,0.024,8.58855069122306e-07,"Smcr8-202",8.58855069122306e-07,"Up"
1.11751511843535e-11,1.25967976705743,0.367,0.024,8.58855069122306e-07,"Dip2b-202",8.58855069122306e-07,"Up"
1.11751511843535e-11,1.85188111375776,0.367,0.024,8.58855069122306e-07,"Hprt-201",8.58855069122306e-07,"Up"
1.11751511843535e-11,1.87824277579425,0.367,0.024,8.58855069122306e-07,"Acp5-201",8.58855069122306e-07,"Up"
1.11751511843535e-11,1.86545887250704,0.367,0.024,8.58855069122306e-07,"Rin2-202",8.58855069122306e-07,"Up"
1.13995842202957e-11,1.75001436927454,0.633,0.106,8.76103645666605e-07,"Srsf2-201",8.76103645666605e-07,"Up"
1.16941124176394e-11,1.02034122534577,0.367,0.024,8.98739315745259e-07,"Rab31-201",8.98739315745259e-07,"Up"
1.16941124176394e-11,2.04095825804891,0.367,0.024,8.98739315745259e-07,"Dennd5a-201",8.98739315745259e-07,"Up"
1.16941124176394e-11,1.26218647307895,0.367,0.024,8.98739315745259e-07,"Atp9b-212",8.98739315745259e-07,"Up"
1.16941124176394e-11,1.76785239990933,0.367,0.024,8.98739315745259e-07,"Sgip1-212",8.98739315745259e-07,"Up"
1.16941124176394e-11,1.52967745165907,0.367,0.024,8.98739315745259e-07,"Ppp1r3b-202",8.98739315745259e-07,"Up"
1.16941124176394e-11,1.52441363484205,0.367,0.024,8.98739315745259e-07,"Minpp1-201",8.98739315745259e-07,"Up"
1.16941124176394e-11,1.24410191809758,0.367,0.024,8.98739315745259e-07,"Emc1-205",8.98739315745259e-07,"Up"
1.16941124176394e-11,1.03900488120985,0.367,0.024,8.98739315745259e-07,"Emc1-201",8.98739315745259e-07,"Up"
1.16941124176394e-11,1.78287629773111,0.367,0.024,8.98739315745259e-07,"Gtf2i-201",8.98739315745259e-07,"Up"
1.16941124176394e-11,1.3057926457688,0.367,0.024,8.98739315745259e-07,"Tbc1d10b-201",8.98739315745259e-07,"Up"
1.18668714486155e-11,2.1736860607895,0.333,0.019,9.12016538311894e-07,"Dab2-204",9.12016538311894e-07,"Up"
1.21010955528923e-11,1.55914387140684,0.467,0.048,9.30017597621987e-07,"Copa-206",9.30017597621987e-07,"Up"
1.2453581283855e-11,4.3970265912294,0.333,0.019,9.57107535989391e-07,"Rsrc2-208",9.57107535989391e-07,"Up"
1.25654300915076e-11,1.78691320230131,0.467,0.048,9.65703564252728e-07,"Cyth4-201",9.65703564252728e-07,"Up"
1.26735743359604e-11,3.59849204348854,0.433,0.043,9.74014882015901e-07,"Ccl3-201",9.74014882015901e-07,"Up"
1.32677375817103e-11,1.43883310330244,0.667,0.111,1.01967870410477e-06,"Akr1a1-201",1.01967870410477e-06,"Up"
1.34738763017257e-11,1.70990770699195,0.767,0.174,1.03552128929283e-06,"Itgb1-201",1.03552128929283e-06,"Up"
1.36044829755764e-11,2.87053049765679,0.4,0.034,1.04555893460495e-06,"Il7r-204",1.04555893460495e-06,"Up"
1.37134955729123e-11,4.16923981677023,0.333,0.019,1.0539369887606e-06,"Furin-205",1.0539369887606e-06,"Up"
1.37593870657379e-11,2.13607093699978,0.567,0.077,1.05746393355022e-06,"Kif1c-204",1.05746393355022e-06,"Up"
1.39341535490225e-11,2.84003950674714,0.767,0.164,1.07089543685657e-06,"Fn1-201",1.07089543685657e-06,"Up"
1.40656454437675e-11,2.33305863434995,0.467,0.048,1.0810011149353e-06,"Edem1-205",1.0810011149353e-06,"Up"
1.40656454437675e-11,1.48541046347914,0.467,0.048,1.0810011149353e-06,"Qars-201",1.0810011149353e-06,"Up"
1.42162818374431e-11,1.60682768324329,0.567,0.077,1.09257812433485e-06,"Mcm6-201",1.09257812433485e-06,"Up"
1.45072727946644e-11,2.96614993570818,0.467,0.053,1.11494194336114e-06,"Septin9-203",1.11494194336114e-06,"Up"
1.46036652955246e-11,1.63540412174807,0.467,0.048,1.12235009262224e-06,"Elf1-201",1.12235009262224e-06,"Up"
1.46036652955246e-11,1.13562646293376,0.467,0.048,1.12235009262224e-06,"Akirin1-201",1.12235009262224e-06,"Up"
1.47161250117273e-11,1.63574347085445,0.6,0.087,1.13099307165129e-06,"Fndc3b-201",1.13099307165129e-06,"Up"
1.52150347360059e-11,1.66902256347376,0.5,0.058,1.16933627960099e-06,"Incenp-205",1.16933627960099e-06,"Up"
1.57408592675828e-11,1.30294998576166,0.467,0.048,1.20974799815081e-06,"Ckap5-201",1.20974799815081e-06,"Up"
1.57408592675828e-11,1.3489556294027,0.467,0.048,1.20974799815081e-06,"Ppil2-209",1.20974799815081e-06,"Up"
1.57408592675828e-11,2.96825556425079,0.467,0.048,1.20974799815081e-06,"Impdh2-201",1.20974799815081e-06,"Up"
1.57408592675828e-11,1.42458142090195,0.467,0.048,1.20974799815081e-06,"U2af2-201",1.20974799815081e-06,"Up"
1.57659135549189e-11,1.60345551316877,0.5,0.058,1.21167352034974e-06,"Med1-203",1.21167352034974e-06,"Up"
1.63415330769784e-11,1.541646119748,0.467,0.048,1.2559121830981e-06,"Copb1-201",1.2559121830981e-06,"Up"
1.63415330769784e-11,1.32030093098713,0.467,0.048,1.2559121830981e-06,"Baz2b-202",1.2559121830981e-06,"Up"
1.67069688874959e-11,1.93722941230991,0.6,0.092,1.28399738687961e-06,"Sptan1-201",1.28399738687961e-06,"Up"
1.67331440744018e-11,1.03145089300888,0.567,0.077,1.28600905469407e-06,"Peds1-201",1.28600905469407e-06,"Up"
1.78577754587487e-11,1.60700327552743,0.567,0.077,1.37244147510667e-06,"Washc2-201",1.37244147510667e-06,"Up"
1.81766196900859e-11,1.99895451013558,0.7,0.126,1.39694592966186e-06,"Sf3b2-201",1.39694592966186e-06,"Up"
1.82097836288542e-11,2.56860041372695,0.4,0.034,1.39949471101196e-06,"Atrx-202",1.39949471101196e-06,"Up"
1.82097836288542e-11,2.61127859818618,0.4,0.034,1.39949471101196e-06,"Pfkp-207",1.39949471101196e-06,"Up"
1.82097836288542e-11,1.68592350346028,0.4,0.034,1.39949471101196e-06,"Atp2b4-206",1.39949471101196e-06,"Up"
1.82814315066395e-11,1.22835515398335,0.467,0.048,1.40500113701128e-06,"Stom-201",1.40500113701128e-06,"Up"
1.82899658347003e-11,2.70879198079029,0.333,0.019,1.40565703426006e-06,"Fcgr1-201",1.40565703426006e-06,"Up"
1.83463826729889e-11,1.86923634524644,0.833,0.208,1.40999289394989e-06,"Fos-201",1.40999289394989e-06,"Up"
1.84475182106786e-11,1.63858628945074,0.567,0.077,1.41776556456349e-06,"Csrnp1-201",1.41776556456349e-06,"Up"
1.84475182106786e-11,1.63858628945074,0.567,0.077,1.41776556456349e-06,"Csrnp1-204",1.41776556456349e-06,"Up"
1.89815375034251e-11,2.37551682498704,0.4,0.034,1.45880708328823e-06,"Cd36-206",1.45880708328823e-06,"Up"
1.89815375034251e-11,1.80140827082063,0.4,0.034,1.45880708328823e-06,"Aprt-201",1.45880708328823e-06,"Up"
1.91556928321411e-11,1.13476259333513,0.633,0.097,1.47219161692137e-06,"Ythdf3-202",1.47219161692137e-06,"Up"
1.91860045133152e-11,2.96470998897181,0.333,0.019,1.47452119086633e-06,"Tank-204",1.47452119086633e-06,"Up"
1.91860045133152e-11,2.55993378085904,0.333,0.019,1.47452119086633e-06,"Aurkb-201",1.47452119086633e-06,"Up"
2.01120469470587e-11,1.57342645418021,0.733,0.135,1.54569125606925e-06,"Dync1h1-201",1.54569125606925e-06,"Up"
2.01249813224345e-11,2.77321290123017,0.333,0.019,1.54668531455438e-06,"Stoml2-201",1.54668531455438e-06,"Up"
2.01249813224345e-11,2.64674809310449,0.333,0.019,1.54668531455438e-06,"Acly-201",1.54668531455438e-06,"Up"
2.06223344029369e-11,2.21096608954131,0.4,0.034,1.58490888820331e-06,"H13-204",1.58490888820331e-06,"Up"
2.09418408981866e-11,3.1675596638446,0.467,0.053,1.60946424038923e-06,"Ptbp1-206",1.60946424038923e-06,"Up"
2.11089060049467e-11,2.83470005778124,0.333,0.019,1.62230386210418e-06,"Acsl4-201",1.62230386210418e-06,"Up"
2.11089060049467e-11,2.61257086697364,0.333,0.019,1.62230386210418e-06,"Mapk3-202",1.62230386210418e-06,"Up"
2.12221881093769e-11,1.0369086399439,0.467,0.048,1.63101004495805e-06,"Was-201",1.63101004495805e-06,"Up"
2.12901668139895e-11,3.1787164408467,0.733,0.155,1.63623448032235e-06,"Fn1-213",1.63623448032235e-06,"Up"
2.14940206420863e-11,2.17995843334084,0.4,0.034,1.6519014624269e-06,"Cbl-211",1.6519014624269e-06,"Up"
2.15065835434933e-11,1.62180834562584,0.7,0.126,1.65286697165164e-06,"H3c15-201",1.65286697165164e-06,"Up"
2.1555473417489e-11,1.89804933924078,0.567,0.087,1.6566243540277e-06,"Vdac2-201",1.6566243540277e-06,"Up"
2.15761309675222e-11,2.01802994195354,0.667,0.116,1.65821196937795e-06,"Ifi207-202",1.65821196937795e-06,"Up"
2.16882089350447e-11,1.25359924355664,0.5,0.058,1.66682560949393e-06,"Itsn2-215",1.66682560949393e-06,"Up"
2.16882089350447e-11,1.25359924355664,0.5,0.058,1.66682560949393e-06,"Itsn2-201",1.66682560949393e-06,"Up"
2.17867577395445e-11,2.23035621401399,0.6,0.097,1.67439947931495e-06,"Atp6v1b2-201",1.67439947931495e-06,"Up"
2.1986793623148e-11,2.29905808649388,0.5,0.063,1.68977303711341e-06,"Trf-203",1.68977303711341e-06,"Up"
2.21398800318741e-11,1.87772082388848,0.333,0.019,1.70153833996965e-06,"Vps29-208",1.70153833996965e-06,"Up"
2.21398800318741e-11,2.60250517374299,0.333,0.019,1.70153833996965e-06,"Nfkb2-201",1.70153833996965e-06,"Up"
2.21398800318741e-11,2.82072819574895,0.333,0.019,1.70153833996965e-06,"Cfb-207",1.70153833996965e-06,"Up"
2.21398800318741e-11,3.18295620627161,0.333,0.019,1.70153833996965e-06,"Tinagl1-209",1.70153833996965e-06,"Up"
2.24017481787916e-11,1.19816330841449,0.4,0.034,1.72166395453285e-06,"Ergic2-208",1.72166395453285e-06,"Up"
2.31123365725843e-11,1.82960789285244,0.8,0.174,1.77627551494939e-06,"Clic1-201",1.77627551494939e-06,"Up"
2.32201006770564e-11,2.05050541177633,0.333,0.019,1.78455761743449e-06,"Jdp2-201",1.78455761743449e-06,"Up"
2.32201006770564e-11,2.52052843910877,0.333,0.019,1.78455761743449e-06,"Egr2-201",1.78455761743449e-06,"Up"
2.32201006770564e-11,2.49189619603686,0.333,0.019,1.78455761743449e-06,"Flot2-205",1.78455761743449e-06,"Up"
2.32201006770564e-11,2.49189619603686,0.333,0.019,1.78455761743449e-06,"Flot2-203",1.78455761743449e-06,"Up"
2.32201006770564e-11,2.49189619603686,0.333,0.019,1.78455761743449e-06,"Flot2-204",1.78455761743449e-06,"Up"
2.33469725894089e-11,2.07419490860461,0.4,0.034,1.79430823138643e-06,"Zbtb21-201",1.79430823138643e-06,"Up"
2.33469725894089e-11,2.01232996067616,0.4,0.034,1.79430823138643e-06,"Patl1-201",1.79430823138643e-06,"Up"
2.43312067754123e-11,1.08619092610342,0.4,0.034,1.86995056551754e-06,"Wipf1-203",1.86995056551754e-06,"Up"
2.43312067754123e-11,1.989534098338,0.4,0.034,1.86995056551754e-06,"Ppp4r3a-201",1.86995056551754e-06,"Up"
2.45192731695236e-11,1.02152270206055,0.533,0.068,1.88440422017057e-06,"Fstl1-201",1.88440422017057e-06,"Up"
2.45192731695236e-11,1.09204968221105,0.533,0.068,1.88440422017057e-06,"Wsb1-201",1.88440422017057e-06,"Up"
2.47228267406685e-11,3.20282228763246,0.7,0.169,1.90004812632733e-06,"App-203",1.90004812632733e-06,"Up"
2.53560231607061e-11,1.9066628825412,0.4,0.034,1.9487118039929e-06,"Ltn1-201",1.9487118039929e-06,"Up"
2.53761672490152e-11,1.66065157218849,0.767,0.159,1.95025995775581e-06,"Rnh1-201",1.95025995775581e-06,"Up"
2.55045536987992e-11,2.17584203771108,0.433,0.043,1.96012696996752e-06,"Cfap20-201",1.96012696996752e-06,"Up"
2.55045536987992e-11,2.83102198934032,0.433,0.043,1.96012696996752e-06,"Por-201",1.96012696996752e-06,"Up"
2.5537575617422e-11,1.87822592437884,0.333,0.019,1.96266483650135e-06,"Anapc7-202",1.96266483650135e-06,"Up"
2.5537575617422e-11,1.64229878991802,0.333,0.019,1.96266483650135e-06,"Tes-201",1.96266483650135e-06,"Up"
2.5537575617422e-11,1.86418884749417,0.333,0.019,1.96266483650135e-06,"Nck1-202",1.96266483650135e-06,"Up"
2.5537575617422e-11,1.93142016224956,0.333,0.019,1.96266483650135e-06,"Adprh-201",1.96266483650135e-06,"Up"
2.5537575617422e-11,1.88227209802457,0.333,0.019,1.96266483650135e-06,"Adipor2-201",1.96266483650135e-06,"Up"
2.5537575617422e-11,1.85342157256185,0.333,0.019,1.96266483650135e-06,"Rab33b-201",1.96266483650135e-06,"Up"
2.5537575617422e-11,2.03102070022605,0.333,0.019,1.96266483650135e-06,"Snx10-207",1.96266483650135e-06,"Up"
2.5537575617422e-11,2.32648545499248,0.333,0.019,1.96266483650135e-06,"Slfn10-ps-202",1.96266483650135e-06,"Up"
2.59309355971228e-11,2.0550131864435,0.667,0.126,1.99289612438128e-06,"Cd53-201",1.99289612438128e-06,"Up"
2.64230559707208e-11,1.69408146145734,0.4,0.034,2.03071754357378e-06,"Zfp91-201",2.03071754357378e-06,"Up"
2.64230559707208e-11,1.926733830012,0.4,0.034,2.03071754357378e-06,"Tinagl1-202",2.03071754357378e-06,"Up"
2.67797426515619e-11,2.39286751723787,0.333,0.019,2.05813034174314e-06,"Micu2-201",2.05813034174314e-06,"Up"
2.67797426515619e-11,1.93810823667733,0.333,0.019,2.05813034174314e-06,"Nup155-201",2.05813034174314e-06,"Up"
2.67797426515619e-11,2.3873645592287,0.333,0.019,2.05813034174314e-06,"Haus3-203",2.05813034174314e-06,"Up"
2.67797426515619e-11,1.67342239710713,0.333,0.019,2.05813034174314e-06,"Mtmr2-208",2.05813034174314e-06,"Up"
2.67797426515619e-11,1.89501926254156,0.333,0.019,2.05813034174314e-06,"Cenpn-201",2.05813034174314e-06,"Up"
2.67797426515619e-11,1.09586352601271,0.333,0.019,2.05813034174314e-06,"Zc3h7a-208",2.05813034174314e-06,"Up"
2.67797426515619e-11,1.94116136422923,0.333,0.019,2.05813034174314e-06,"Tex2-202",2.05813034174314e-06,"Up"
2.67797426515619e-11,1.98087284540503,0.333,0.019,2.05813034174314e-06,"Kat6b-206",2.05813034174314e-06,"Up"
2.67797426515619e-11,1.98087284540503,0.333,0.019,2.05813034174314e-06,"Kat6b-204",2.05813034174314e-06,"Up"
2.67797426515619e-11,1.98087284540503,0.333,0.019,2.05813034174314e-06,"Kat6b-208",2.05813034174314e-06,"Up"
2.67797426515619e-11,1.98087284540503,0.333,0.019,2.05813034174314e-06,"Kat6b-201",2.05813034174314e-06,"Up"
2.67797426515619e-11,2.26826787708243,0.333,0.019,2.05813034174314e-06,"9930022D16Rik-201",2.05813034174314e-06,"Up"
2.67797426515619e-11,1.82939969474373,0.333,0.019,2.05813034174314e-06,"Tle5-207",2.05813034174314e-06,"Up"
2.67797426515619e-11,1.3279245642203,0.333,0.019,2.05813034174314e-06,"Ino80-201",2.05813034174314e-06,"Up"
2.67947025830375e-11,1.20473908472949,0.5,0.058,2.05928007231676e-06,"Maged1-201",2.05928007231676e-06,"Up"
2.71199932190676e-11,1.33939936547292,0.533,0.068,2.08427995885822e-06,"Ralb-201",2.08427995885822e-06,"Up"
2.7534003596246e-11,1.32766115457744,0.4,0.034,2.11609831238589e-06,"Stag2-203",2.11609831238589e-06,"Up"
2.7534003596246e-11,1.071159533517,0.4,0.034,2.11609831238589e-06,"Usp34-208",2.11609831238589e-06,"Up"
2.7534003596246e-11,1.51076025945215,0.4,0.034,2.11609831238589e-06,"Pip4k2a-201",2.11609831238589e-06,"Up"
2.80809912291486e-11,2.40859771264386,0.333,0.019,2.15813649992499e-06,"Wdr7-204",2.15813649992499e-06,"Up"
2.80809912291486e-11,2.03368260776082,0.333,0.019,2.15813649992499e-06,"Alas1-202",2.15813649992499e-06,"Up"
2.80809912291486e-11,1.65827969528124,0.333,0.019,2.15813649992499e-06,"Zzz3-201",2.15813649992499e-06,"Up"
2.80809912291486e-11,1.68622003414475,0.333,0.019,2.15813649992499e-06,"Tec-203",2.15813649992499e-06,"Up"
2.80809912291486e-11,1.33317980724535,0.333,0.019,2.15813649992499e-06,"Vac14-202",2.15813649992499e-06,"Up"
2.80809912291486e-11,1.33317980724535,0.333,0.019,2.15813649992499e-06,"Vac14-203",2.15813649992499e-06,"Up"
2.80809912291486e-11,1.84204771222379,0.333,0.019,2.15813649992499e-06,"Peak1-201",2.15813649992499e-06,"Up"
2.80809912291486e-11,1.10225903143865,0.333,0.019,2.15813649992499e-06,"Caap1-201",2.15813649992499e-06,"Up"
2.80809912291486e-11,1.18929853054637,0.333,0.019,2.15813649992499e-06,"Phf12-201",2.15813649992499e-06,"Up"
2.80809912291486e-11,1.73528609078092,0.333,0.019,2.15813649992499e-06,"Parg-202",2.15813649992499e-06,"Up"
2.80809912291486e-11,1.52254409095355,0.333,0.019,2.15813649992499e-06,"Rcan1-202",2.15813649992499e-06,"Up"
2.80809912291486e-11,1.52254409095355,0.333,0.019,2.15813649992499e-06,"Rcan1-206",2.15813649992499e-06,"Up"
2.80809912291486e-11,2.32002145885247,0.333,0.019,2.15813649992499e-06,"Ptbp3-202",2.15813649992499e-06,"Up"
2.80809912291486e-11,1.61681124018495,0.333,0.019,2.15813649992499e-06,"Mest-202",2.15813649992499e-06,"Up"
2.80809912291486e-11,2.27324667763332,0.333,0.019,2.15813649992499e-06,"Pacsin2-206",2.15813649992499e-06,"Up"
2.80809912291486e-11,1.11696545781182,0.333,0.019,2.15813649992499e-06,"Rnf111-205",2.15813649992499e-06,"Up"
2.80809912291486e-11,1.73825194354452,0.333,0.019,2.15813649992499e-06,"Ccne1-201",2.15813649992499e-06,"Up"
2.80809912291486e-11,1.19125393021836,0.333,0.019,2.15813649992499e-06,"Ctdsp1-201",2.15813649992499e-06,"Up"
2.80809912291486e-11,2.65678857434868,0.333,0.019,2.15813649992499e-06,"Rabep1-207",2.15813649992499e-06,"Up"
2.80809912291486e-11,1.39226868822928,0.333,0.019,2.15813649992499e-06,"Sfswap-201",2.15813649992499e-06,"Up"
2.80809912291486e-11,2.38697114834192,0.333,0.019,2.15813649992499e-06,"Gtf2i-219",2.15813649992499e-06,"Up"
2.80809912291486e-11,1.68262828884408,0.333,0.019,2.15813649992499e-06,"Ipo9-208",2.15813649992499e-06,"Up"
2.80809912291486e-11,2.28386827513647,0.333,0.019,2.15813649992499e-06,"Atg16l2-202",2.15813649992499e-06,"Up"
2.80809912291486e-11,1.87852886840056,0.333,0.019,2.15813649992499e-06,"Nkiras2-203",2.15813649992499e-06,"Up"
2.80809912291486e-11,2.22103778428047,0.333,0.019,2.15813649992499e-06,"Fmnl2-203",2.15813649992499e-06,"Up"
2.80809912291486e-11,2.22103778428047,0.333,0.019,2.15813649992499e-06,"Fmnl2-204",2.15813649992499e-06,"Up"
2.80809912291486e-11,2.22103778428047,0.333,0.019,2.15813649992499e-06,"Fmnl2-201",2.15813649992499e-06,"Up"
2.80809912291486e-11,1.26652447925726,0.333,0.019,2.15813649992499e-06,"Trpm7-201",2.15813649992499e-06,"Up"
2.86009050480732e-11,1.32334072286834,0.633,0.106,2.19809395656462e-06,"Pum2-202",2.19809395656462e-06,"Up"
3.10113433283812e-11,1.1777276740655,0.533,0.068,2.38334578015941e-06,"Nub1-202",2.38334578015941e-06,"Up"
3.11212724811003e-11,1.40187977231729,0.6,0.087,2.39179427526248e-06,"Arhgdia-201",2.39179427526248e-06,"Up"
3.11483338779776e-11,1.14688399304904,0.4,0.034,2.39387405185809e-06,"Ppp1r3b-204",2.39387405185809e-06,"Up"
3.11483338779776e-11,1.34471968682162,0.4,0.034,2.39387405185809e-06,"Wdr62-205",2.39387405185809e-06,"Up"
3.11483338779776e-11,1.34471968682162,0.4,0.034,2.39387405185809e-06,"Wdr62-201",2.39387405185809e-06,"Up"
3.12595260782897e-11,2.11348128559981,0.467,0.053,2.40241961722088e-06,"Epb41l2-204",2.40241961722088e-06,"Up"
3.23951042716001e-11,1.62262943965526,0.567,0.082,2.48969334368956e-06,"Eif4e-201",2.48969334368956e-06,"Up"
3.24532957199617e-11,1.07309447905845,0.4,0.034,2.49416558926194e-06,"Kcmf1-201",2.49416558926194e-06,"Up"
3.24532957199617e-11,1.52621920018705,0.4,0.034,2.49416558926194e-06,"Itgal-201",2.49416558926194e-06,"Up"
3.31079477129033e-11,1.06543635450991,0.6,0.087,2.54447821352747e-06,"Itpkb-201",2.54447821352747e-06,"Up"
3.31770047936001e-11,1.48441418403354,0.633,0.101,2.54978552640734e-06,"Sirt2-201",2.54978552640734e-06,"Up"
3.36089394445928e-11,2.22050328572964,0.467,0.053,2.58298143207473e-06,"Sec24a-204",2.58298143207473e-06,"Up"
3.44675405823773e-11,2.00086110974189,0.5,0.063,2.64896836391802e-06,"Pld4-201",2.64896836391802e-06,"Up"
3.48475928922101e-11,1.80023404402106,0.467,0.053,2.67817690413791e-06,"Zfp655-202",2.67817690413791e-06,"Up"
3.5225732496824e-11,1.5516628471866,0.4,0.034,2.70723844531091e-06,"Prep-201",2.70723844531091e-06,"Up"
3.56227462998742e-11,1.47345544467733,0.567,0.082,2.73775054413053e-06,"Matr3-201",2.73775054413053e-06,"Up"
3.56734022168093e-11,1.76821900670486,0.533,0.072,2.74164365397066e-06,"Pgk1-201",2.74164365397066e-06,"Up"
3.60429274462355e-11,2.73135630126073,0.433,0.043,2.77004314595298e-06,"Mycbp2-209",2.77004314595298e-06,"Up"
3.74490699573884e-11,2.36870232741232,0.433,0.043,2.87811082250513e-06,"Csf2ra-207",2.87811082250513e-06,"Up"
3.89088489571596e-11,1.35425673417888,0.433,0.043,2.99030067775355e-06,"Tatdn2-205",2.99030067775355e-06,"Up"
3.91765508569156e-11,1.0148481152871,0.533,0.068,3.01087463955739e-06,"Lamb1-205",3.01087463955739e-06,"Up"
3.97073283655181e-11,3.13421194901683,0.367,0.029,3.05166701420353e-06,"Hnrnph1-215",3.05166701420353e-06,"Up"
4.0264577253972e-11,1.89838014792553,0.467,0.053,3.09449382027676e-06,"Tnf-201",3.09449382027676e-06,"Up"
4.07949701487525e-11,1.60927387223864,0.633,0.101,3.13525663581223e-06,"Nans-201",3.13525663581223e-06,"Up"
4.14509966159976e-11,3.06257977345281,0.367,0.029,3.18567489392588e-06,"Nfe2l1-201",3.18567489392588e-06,"Up"
4.1997378444788e-11,2.02102881958449,0.433,0.043,3.22766652299574e-06,"Ly86-201",3.22766652299574e-06,"Up"
4.1997378444788e-11,1.95503237083302,0.433,0.043,3.22766652299574e-06,"Lamtor3-201",3.22766652299574e-06,"Up"
4.1997378444788e-11,1.26096974364037,0.433,0.043,3.22766652299574e-06,"Slc43a3-201",3.22766652299574e-06,"Up"
4.2621960420107e-11,3.01132849533433,0.567,0.097,3.2756681461269e-06,"Ly6e-211",3.2756681461269e-06,"Up"
4.2782746057792e-11,2.13434296178328,0.667,0.116,3.28802516552555e-06,"Tcf25-203",3.28802516552555e-06,"Up"
4.32695147110928e-11,3.25471526312486,0.367,0.029,3.32543528360633e-06,"Dock10-205",3.32543528360633e-06,"Up"
4.32738366051639e-11,2.33845473347725,0.467,0.053,3.32576743845327e-06,"Khdrbs1-202",3.32576743845327e-06,"Up"
4.36303437276745e-11,1.4981559733548,0.433,0.043,3.3531664368467e-06,"Stxbp2-207",3.3531664368467e-06,"Up"
4.48598999024727e-11,2.04493853065635,0.467,0.053,3.44766274710464e-06,"Golgb1-202",3.44766274710464e-06,"Up"
4.53253802943802e-11,1.68181209739531,0.433,0.043,3.4834367771443e-06,"Zc3h14-204",3.4834367771443e-06,"Up"
4.58472216783698e-11,1.9636515634453,0.567,0.082,3.52354237486943e-06,"Mpp1-201",3.52354237486943e-06,"Up"
4.61401875287127e-11,2.35812627427374,0.533,0.082,3.54605797233168e-06,"Fcgr3-204",3.54605797233168e-06,"Up"
4.69346522959247e-11,1.83285838037199,0.5,0.063,3.607115767551e-06,"Tomm20-201",3.607115767551e-06,"Up"
4.70847911941627e-11,1.5349354959034,0.433,0.043,3.61865454243618e-06,"Rraga-201",3.61865454243618e-06,"Up"
4.71437729021084e-11,1.84547004678912,0.367,0.029,3.62318752261864e-06,"Tpbpb-202",3.62318752261864e-06,"Up"
4.82045065890005e-11,1.82146218673945,0.467,0.053,3.70470914939104e-06,"Rela-201",3.70470914939104e-06,"Up"
4.8566496960952e-11,1.71689904599403,0.5,0.063,3.73252955743701e-06,"Arhgap11a-201",3.73252955743701e-06,"Up"
4.89109627388605e-11,1.19243721767658,0.433,0.043,3.75900313033238e-06,"Cert1-201",3.75900313033238e-06,"Up"
4.91082044552493e-11,1.73499770612027,0.633,0.111,3.77416194520373e-06,"Actn4-211",3.77416194520373e-06,"Up"
4.94325894205205e-11,1.10541697019481,0.7,0.126,3.79909222732468e-06,"Gng5-201",3.79909222732468e-06,"Up"
5.08063674299714e-11,2.05179885021244,0.433,0.043,3.90467256246302e-06,"Abr-202",3.90467256246302e-06,"Up"
5.11586161570377e-11,1.71796940690438,0.533,0.072,3.93174428613297e-06,"Arpc2-201",3.93174428613297e-06,"Up"
5.27735669855426e-11,1.28704225982817,0.433,0.043,4.05585971710689e-06,"Ogdh-204",4.05585971710689e-06,"Up"
5.350773552228e-11,1.54969488028943,0.6,0.092,4.11228350582931e-06,"Selplg-201",4.11228350582931e-06,"Up"
5.36297262070499e-11,1.56205343079968,0.667,0.116,4.12165897791661e-06,"Rilpl2-201",4.12165897791661e-06,"Up"
5.37309970296379e-11,2.92378724439814,0.7,0.169,4.12944204571579e-06,"App-204",4.12944204571579e-06,"Up"
5.48152154701656e-11,1.80045232630283,0.433,0.043,4.21276856974411e-06,"Atp6v1e1-201",4.21276856974411e-06,"Up"
5.53492588576627e-11,1.65359357983716,0.567,0.082,4.25381194024681e-06,"Birc6-218",4.25381194024681e-06,"Up"
5.69340625314751e-11,1.86012216473983,0.433,0.043,4.37561044179399e-06,"Cep170-201",4.37561044179399e-06,"Up"
5.69340625314751e-11,1.68502234987155,0.433,0.043,4.37561044179399e-06,"Plekho2-204",4.37561044179399e-06,"Up"
5.69340625314751e-11,1.68502234987155,0.433,0.043,4.37561044179399e-06,"Plekho2-202",4.37561044179399e-06,"Up"
5.69340625314751e-11,1.30209444360317,0.433,0.043,4.37561044179399e-06,"Mdc1-201",4.37561044179399e-06,"Up"
5.76697871012579e-11,1.32400233648381,0.467,0.053,4.43215381788008e-06,"Map2k3-201",4.43215381788008e-06,"Up"
5.95888473946192e-11,1.59127627796044,0.5,0.063,4.57964127766606e-06,"Lrrc8d-205",4.57964127766606e-06,"Up"
6.02124729937814e-11,1.02459686235651,0.533,0.072,4.62756939946407e-06,"Gak-201",4.62756939946407e-06,"Up"
6.09167952813761e-11,3.11617900627294,0.367,0.029,4.68169938455488e-06,"Esyt2-201",4.68169938455488e-06,"Up"
6.14148490825392e-11,1.06495491602261,0.433,0.043,4.71997681138947e-06,"Midn-201",4.71997681138947e-06,"Up"
6.27275671950478e-11,1.77477777096308,0.567,0.082,4.8208644492082e-06,"Arl6ip5-201",4.8208644492082e-06,"Up"
6.35665681828245e-11,3.04980687451688,0.367,0.029,4.88534503112279e-06,"Ppfibp1-202",4.88534503112279e-06,"Up"
6.41976263705401e-11,1.26106623698399,0.467,0.053,4.93384437708149e-06,"Ythdc1-203",4.93384437708149e-06,"Up"
6.47175203434304e-11,1.50483444419807,0.567,0.082,4.973800308474e-06,"Bag6-201",4.973800308474e-06,"Up"
6.52951865922793e-11,1.49487350078033,0.667,0.116,5.01819627036303e-06,"Canx-205",5.01819627036303e-06,"Up"
6.59827943054353e-11,1.63285331098015,0.5,0.063,5.07104167354993e-06,"Gripap1-201",5.07104167354993e-06,"Up"
6.61332355479174e-11,1.76937048655545,0.6,0.101,5.08260368479964e-06,"Tnip1-205",5.08260368479964e-06,"Up"
6.62399655182427e-11,1.26046032762554,0.433,0.043,5.09080630993902e-06,"Elf1-202",5.09080630993902e-06,"Up"
6.63289660291895e-11,1.49896499849969,0.367,0.029,5.09764635520733e-06,"Ythdc1-208",5.09764635520733e-06,"Up"
6.63289660291895e-11,2.18839541981026,0.367,0.029,5.09764635520733e-06,"Septin8-203",5.09764635520733e-06,"Up"
6.65301057566985e-11,2.25812228786138,0.467,0.053,5.1131047478253e-06,"Ncoa6-201",5.1131047478253e-06,"Up"
6.8259635092705e-11,1.4215547242876,0.5,0.063,5.24602599541475e-06,"H2bc13-201",5.24602599541475e-06,"Up"
6.89454020339101e-11,1.60429190295189,0.467,0.053,5.29872992791412e-06,"Rars-201",5.29872992791412e-06,"Up"
6.89454020339101e-11,1.33310504569031,0.467,0.053,5.29872992791412e-06,"Apbb1ip-201",5.29872992791412e-06,"Up"
6.92086589560859e-11,2.03959618590993,0.367,0.029,5.31896227541102e-06,"Dop1b-201",5.31896227541102e-06,"Up"
6.92086589560859e-11,2.35288642819445,0.367,0.029,5.31896227541102e-06,"Prkx-202",5.31896227541102e-06,"Up"
6.92086589560859e-11,1.8377818821705,0.367,0.029,5.31896227541102e-06,"Morc2a-202",5.31896227541102e-06,"Up"
7.0505934718265e-11,1.40772447517279,0.633,0.106,5.41866310683754e-06,"Psmd1-201",5.41866310683754e-06,"Up"
7.10651021905573e-11,3.66679047014611,0.533,0.087,5.46163736375309e-06,"Ly6e-204",5.46163736375309e-06,"Up"
7.14203999361087e-11,2.07901002759117,0.5,0.068,5.4889434166897e-06,"Nop56-202",5.4889434166897e-06,"Up"
7.14352063725978e-11,1.00443989259867,0.433,0.043,5.49008135055963e-06,"Srpr-201",5.49008135055963e-06,"Up"
7.14463842568971e-11,1.45630688742664,0.467,0.053,5.49094041567957e-06,"Ogfr-201",5.49094041567957e-06,"Up"
7.14463842568971e-11,1.56019258936669,0.467,0.053,5.49094041567957e-06,"Lin7c-201",5.49094041567957e-06,"Up"
7.18606170879629e-11,2.18058216941406,0.533,0.077,5.5227758656783e-06,"Ubap2l-202",5.5227758656783e-06,"Up"
7.19762111811622e-11,3.13724871630456,0.4,0.039,5.53165973411704e-06,"Cd36-204",5.53165973411704e-06,"Up"
7.22105056800258e-11,1.37353347427657,0.367,0.029,5.5496662035327e-06,"Arrdc3-201",5.5496662035327e-06,"Up"
7.22105056800258e-11,1.66616667358879,0.367,0.029,5.5496662035327e-06,"Necap1-201",5.5496662035327e-06,"Up"
7.25523275920369e-11,1.91077378258325,0.667,0.126,5.5759365847584e-06,"Eno1b-202",5.5759365847584e-06,"Up"
7.41939594680295e-11,2.21012745856908,0.533,0.077,5.70210256095594e-06,"Atp6v0c-201",5.70210256095594e-06,"Up"
7.53395608979388e-11,1.69966283624826,0.367,0.029,5.79014661325019e-06,"Gramd1b-212",5.79014661325019e-06,"Up"
7.53395608979388e-11,1.30454903491052,0.367,0.029,5.79014661325019e-06,"Setd5-201",5.79014661325019e-06,"Up"
7.66013403031165e-11,1.81609439922912,0.533,0.077,5.88711940765572e-06,"Tcerg1-201",5.88711940765572e-06,"Up"
7.67173699428655e-11,1.19580059070588,0.467,0.053,5.89603674958899e-06,"Coro1a-201",5.89603674958899e-06,"Up"
7.78697547554033e-11,2.23087984453248,0.4,0.039,5.98460213197176e-06,"Bcl2a1d-201",5.98460213197176e-06,"Up"
7.80533753784469e-11,1.33142557397877,0.533,0.072,5.99871411133516e-06,"Mcm6-203",5.99871411133516e-06,"Up"
7.86010829680908e-11,2.5138024321521,0.367,0.029,6.04080763042965e-06,"Tnfaip2-202",6.04080763042965e-06,"Up"
7.86010829680908e-11,2.19620534382133,0.367,0.029,6.04080763042965e-06,"Tnfrsf9-204",6.04080763042965e-06,"Up"
7.86010829680908e-11,2.15827552658978,0.367,0.029,6.04080763042965e-06,"Peds1-204",6.04080763042965e-06,"Up"
7.89298252750203e-11,2.35171476411481,0.5,0.068,6.06607279168641e-06,"Sirpa-204",6.06607279168641e-06,"Up"
7.94908839326538e-11,1.27826349076522,0.467,0.053,6.10919239376017e-06,"Pcm1-201",6.10919239376017e-06,"Up"
8.20005418827503e-11,1.53874739810665,0.367,0.029,6.30206964585689e-06,"Ak6-202",6.30206964585689e-06,"Up"
8.20005418827503e-11,1.53874739810665,0.367,0.029,6.30206964585689e-06,"Ak6-205",6.30206964585689e-06,"Up"
8.20005418827503e-11,1.78487826220905,0.367,0.029,6.30206964585689e-06,"Srprb-201",6.30206964585689e-06,"Up"
8.23680091342688e-11,1.04999420948594,0.467,0.053,6.3303109740051e-06,"Phf5a-201",6.3303109740051e-06,"Up"
8.55436275433013e-11,1.32538151652033,0.367,0.029,6.57436995121288e-06,"Myo1c-203",6.57436995121288e-06,"Up"
8.55436275433013e-11,1.37850505032533,0.367,0.029,6.57436995121288e-06,"Arg2-201",6.57436995121288e-06,"Up"
8.55436275433013e-11,1.37924970422681,0.367,0.029,6.57436995121288e-06,"Erp44-201",6.57436995121288e-06,"Up"
8.55436275433013e-11,1.42381917752878,0.367,0.029,6.57436995121288e-06,"Ctbp1-211",6.57436995121288e-06,"Up"
8.92324345637862e-11,1.40713619972157,0.6,0.092,6.85786952596522e-06,"Sirt2-202",6.85786952596522e-06,"Up"
8.9236258348889e-11,1.53718242614016,0.367,0.029,6.85816339914552e-06,"Ctsm-202",6.85816339914552e-06,"Up"
8.9236258348889e-11,1.45796328624508,0.367,0.029,6.85816339914552e-06,"Get3-201",6.85816339914552e-06,"Up"
8.9236258348889e-11,1.37340101911422,0.367,0.029,6.85816339914552e-06,"Rab22a-201",6.85816339914552e-06,"Up"
8.9236258348889e-11,1.44903509431566,0.367,0.029,6.85816339914552e-06,"Arap1-202",6.85816339914552e-06,"Up"
8.9236258348889e-11,1.0453270110398,0.367,0.029,6.85816339914552e-06,"Stx12-201",6.85816339914552e-06,"Up"
9.17287757610849e-11,1.22584014717414,0.533,0.072,7.04972333234242e-06,"Ankhd1-212",7.04972333234242e-06,"Up"
9.28625075865253e-11,1.67432310874828,0.667,0.126,7.13685515805482e-06,"Il1rn-201",7.13685515805482e-06,"Up"
9.3084590110072e-11,1.35915819728695,0.367,0.029,7.15392308831948e-06,"Anapc7-203",7.15392308831948e-06,"Up"
9.3084590110072e-11,1.35915819728695,0.367,0.029,7.15392308831948e-06,"Anapc7-201",7.15392308831948e-06,"Up"
9.3084590110072e-11,1.63753624215403,0.367,0.029,7.15392308831948e-06,"Arhgef2-203",7.15392308831948e-06,"Up"
9.3084590110072e-11,1.57708964782168,0.367,0.029,7.15392308831948e-06,"Nucb2-201",7.15392308831948e-06,"Up"
9.3084590110072e-11,1.34950511473798,0.367,0.029,7.15392308831948e-06,"Atad5-202",7.15392308831948e-06,"Up"
9.3084590110072e-11,1.71169429737769,0.367,0.029,7.15392308831948e-06,"Sumo2-203",7.15392308831948e-06,"Up"
9.39849191133464e-11,1.13051797471193,0.567,0.082,7.22311697353712e-06,"Ythdf3-201",7.22311697353712e-06,"Up"
9.4718028327032e-11,1.81495507676097,0.633,0.111,7.27945934904571e-06,"Snx5-201",7.27945934904571e-06,"Up"
9.47454558696885e-11,2.95430390216766,0.4,0.039,7.28156726540904e-06,"Cux1-212",7.28156726540904e-06,"Up"
9.49166813778711e-11,1.6120953435534,0.467,0.053,7.2947266306149e-06,"Cep170-215",7.2947266306149e-06,"Up"
9.70950252993584e-11,1.24316107980724,0.367,0.029,7.46214107435689e-06,"Atp7a-202",7.46214107435689e-06,"Up"
9.70950252993584e-11,1.68425736051221,0.367,0.029,7.46214107435689e-06,"Rell1-204",7.46214107435689e-06,"Up"
9.70950252993584e-11,1.38174646148562,0.367,0.029,7.46214107435689e-06,"Med23-202",7.46214107435689e-06,"Up"
9.70950252993584e-11,1.38174646148562,0.367,0.029,7.46214107435689e-06,"Med23-201",7.46214107435689e-06,"Up"
9.88158626343191e-11,2.01185348248409,0.533,0.077,7.59439430689796e-06,"Tnfrsf1b-201",7.59439430689796e-06,"Up"
1.01274222650926e-10,1.29679752622688,0.367,0.029,7.7833291076143e-06,"Tet2-204",7.7833291076143e-06,"Up"
1.01274222650926e-10,1.03675976505298,0.367,0.029,7.7833291076143e-06,"Dusp16-201",7.7833291076143e-06,"Up"
1.01274222650926e-10,1.09515881330558,0.367,0.029,7.7833291076143e-06,"Ctsm-201",7.7833291076143e-06,"Up"
1.01274222650926e-10,1.25193765429214,0.367,0.029,7.7833291076143e-06,"P2ry6-201",7.7833291076143e-06,"Up"
1.01274222650926e-10,1.03313094666656,0.367,0.029,7.7833291076143e-06,"Htatip2-202",7.7833291076143e-06,"Up"
1.02001468582429e-10,1.75521974865715,0.533,0.077,7.83922086643397e-06,"Adgre5-201",7.83922086643397e-06,"Up"
1.02454312053587e-10,1.69280065328872,0.4,0.039,7.87402369856639e-06,"Sap18-204",7.87402369856639e-06,"Up"
1.02454312053587e-10,2.1973615783229,0.4,0.039,7.87402369856639e-06,"Tor1aip1-206",7.87402369856639e-06,"Up"
1.03123632719528e-10,1.16569426896,0.567,0.082,7.92546366902662e-06,"Cenpx-202",7.92546366902662e-06,"Up"
1.05536577954665e-10,1.14801800233583,0.467,0.053,8.11090816212783e-06,"Vps26a-201",8.11090816212783e-06,"Up"
1.06733368325804e-10,1.36928118808574,0.6,0.097,8.20288628931134e-06,"Runx1-202",8.20288628931134e-06,"Up"
1.10356356985196e-10,2.49679402629919,0.433,0.048,8.48132745974029e-06,"Pum2-201",8.48132745974029e-06,"Up"
1.10356356985196e-10,2.25896856904573,0.433,0.048,8.48132745974029e-06,"Cit-201",8.48132745974029e-06,"Up"
1.14043433073935e-10,1.15902023467833,0.667,0.116,8.76469400546419e-06,"Dnm2-211",8.76469400546419e-06,"Up"
1.14879556443297e-10,1.22553778973743,0.533,0.072,8.82895343089313e-06,"Usp47-201",8.82895343089313e-06,"Up"
1.15179880465586e-10,2.21021690055258,0.4,0.039,8.85203453330218e-06,"Capn2-201",8.85203453330218e-06,"Up"
1.21296265448215e-10,3.51928394786272,0.333,0.024,9.32210318475708e-06,"Pnpla2-203",9.32210318475708e-06,"Up"
1.23153362832757e-10,1.96004213274845,0.433,0.048,9.46482854714869e-06,"Nucb1-201",9.46482854714869e-06,"Up"
1.24081621779729e-10,1.04687849374097,0.567,0.082,9.53616896025928e-06,"Ppp2ca-201",9.53616896025928e-06,"Up"
1.24508773115132e-10,1.74156615134137,0.4,0.039,9.56899724899034e-06,"Actr1a-201",9.56899724899034e-06,"Up"
1.27329080466894e-10,2.83750590937557,0.567,0.101,9.78574915020264e-06,"Ly6e-208",9.78574915020264e-06,"Up"
1.29143295629678e-10,1.15041098681393,0.733,0.14,9.9251788423233e-06,"Canx-201",9.9251788423233e-06,"Up"
1.29148892028776e-10,3.80529752199162,0.467,0.063,9.92560894797959e-06,"Macf1-212",9.92560894797959e-06,"Up"
1.2944621107153e-10,1.91886379074128,0.4,0.039,9.94845910569134e-06,"Dlst-201",9.94845910569134e-06,"Up"
1.29910728061136e-10,1.79364676841935,0.567,0.087,9.98415909441055e-06,"Trip12-207",9.98415909441055e-06,"Up"
1.30996308393962e-10,1.68235743915915,0.467,0.058,1.00675902853095e-05,"Phip-201",1.00675902853095e-05,"Up"
1.34574843227123e-10,1.67099258296834,0.4,0.039,1.03426150013773e-05,"Pde4b-207",1.03426150013773e-05,"Up"
1.34574843227123e-10,1.86885485072222,0.4,0.039,1.03426150013773e-05,"Kif20a-202",1.03426150013773e-05,"Up"
1.34574843227123e-10,1.86885485072222,0.4,0.039,1.03426150013773e-05,"Kif20a-201",1.03426150013773e-05,"Up"
1.35576380731806e-10,2.1111820240377,0.533,0.077,1.04195871647622e-05,"Nisch-201",1.04195871647622e-05,"Up"
1.37397062707648e-10,2.32640075007472,0.433,0.048,1.05595138573336e-05,"Dlgap5-204",1.05595138573336e-05,"Up"
1.37525637285667e-10,-4.79825267519467,0.033,0.758,1.05693953279527e-05,"Tpt1-208",1.05693953279527e-05,"Down"
1.38579026171243e-10,3.0351748563173,0.333,0.024,1.06503524773647e-05,"Fnbp1-201",1.06503524773647e-05,"Up"
1.38579026171243e-10,3.44722108915268,0.333,0.024,1.06503524773647e-05,"Lrch3-201",1.06503524773647e-05,"Up"
1.39035948243657e-10,2.63401372092489,0.567,0.101,1.0685468766318e-05,"Ly6e-210",1.0685468766318e-05,"Up"
1.39901887157652e-10,1.94943811387876,0.4,0.039,1.07520196356142e-05,"Hyou1-204",1.07520196356142e-05,"Up"
1.39901887157652e-10,3.15518954656448,0.4,0.039,1.07520196356142e-05,"Il6ra-201",1.07520196356142e-05,"Up"
1.42286855808743e-10,1.4381378484326,0.567,0.087,1.09353140163251e-05,"Snd1-201",1.09353140163251e-05,"Up"
1.42493485222493e-10,2.48338705669879,0.433,0.048,1.09511943132895e-05,"Gak-211",1.09511943132895e-05,"Up"
1.45434825534575e-10,1.8158896682764,0.4,0.039,1.11772480816342e-05,"Wbp2-201",1.11772480816342e-05,"Up"
1.45434825534575e-10,1.27468106513409,0.4,0.039,1.11772480816342e-05,"Ahcyl-201",1.11772480816342e-05,"Up"
1.45782480718433e-10,2.61310666766797,0.567,0.097,1.12039667731344e-05,"Lyst-201",1.12039667731344e-05,"Up"
1.47097769074701e-10,1.27692342062136,0.733,0.14,1.13050519444671e-05,"Son-202",1.13050519444671e-05,"Up"
1.47774496476891e-10,2.22947989537806,0.433,0.048,1.1357061152235e-05,"Adam17-202",1.1357061152235e-05,"Up"
1.50970777360808e-10,1.25221230988973,0.733,0.14,1.16027081232875e-05,"Son-203",1.16027081232875e-05,"Up"
1.51181415576664e-10,1.72936123703272,0.4,0.039,1.16188965127289e-05,"Ddit4-201",1.16188965127289e-05,"Up"
1.51181415576664e-10,2.48672143636305,0.4,0.039,1.16188965127289e-05,"Rabep1-205",1.16188965127289e-05,"Up"
1.56967801394636e-10,1.67953274197205,0.7,0.145,1.20636034083834e-05,"Psmd8-203",1.20636034083834e-05,"Up"
1.56967801394636e-10,1.67953274197205,0.7,0.145,1.20636034083834e-05,"Psmd8-201",1.20636034083834e-05,"Up"
1.57149698827801e-10,1.01295918283126,0.4,0.039,1.20775829537118e-05,"Gpcpd1-205",1.20775829537118e-05,"Up"
1.57149698827801e-10,1.62568816254666,0.4,0.039,1.20775829537118e-05,"Helz2-202",1.20775829537118e-05,"Up"
1.58260744370505e-10,3.25404739672344,0.333,0.024,1.21629712478508e-05,"Trappc13-202",1.21629712478508e-05,"Up"
1.58260744370505e-10,2.81215687144898,0.333,0.024,1.21629712478508e-05,"Plagl1-201",1.21629712478508e-05,"Up"
1.58916578070761e-10,2.10310758719608,0.433,0.048,1.22133746910502e-05,"Irf2bpl-201",1.22133746910502e-05,"Up"
1.6059460332006e-10,1.46644882178811,0.567,0.087,1.23423376435599e-05,"Stat1-205",1.23423376435599e-05,"Up"
1.63051235417075e-10,4.35142883605088,0.367,0.034,1.25311396467439e-05,"H2bc23-202",1.25311396467439e-05,"Up"
1.63348011271845e-10,1.59236113950333,0.4,0.039,1.25539480582864e-05,"Fam76a-201",1.25539480582864e-05,"Up"
1.67483998284636e-10,2.32327793890095,0.667,0.15,1.28718152041675e-05,"Fcgr3-201",1.28718152041675e-05,"Up"
1.68947676329391e-10,2.76785788836952,0.533,0.077,1.2984304716619e-05,"Brpf1-203",1.2984304716619e-05,"Up"
1.69784993795772e-10,1.42456193283148,0.4,0.039,1.30486559131803e-05,"Ero1a-201",1.30486559131803e-05,"Up"
1.69784993795772e-10,1.55253729420891,0.4,0.039,1.30486559131803e-05,"Tinagl1-201",1.30486559131803e-05,"Up"
1.72872855120942e-10,3.13150601414354,0.333,0.024,1.32859704074649e-05,"Myef2-201",1.32859704074649e-05,"Up"
1.74236906347612e-10,1.72822047183507,0.5,0.068,1.33908032004394e-05,"Map4k4-202",1.33908032004394e-05,"Up"
1.75816826370832e-10,1.58447806916547,0.567,0.087,1.35122263739039e-05,"Birc6-213",1.35122263739039e-05,"Up"
1.7612072188131e-10,1.8555625634255,0.767,0.198,1.35355819594662e-05,"Prrc2c-202",1.35355819594662e-05,"Up"
1.76469603012656e-10,1.36214013410661,0.4,0.039,1.35623948699346e-05,"Nfyb-204",1.35623948699346e-05,"Up"
1.76469603012656e-10,1.66024078665432,0.4,0.039,1.35623948699346e-05,"Zc3h4-201",1.35623948699346e-05,"Up"
1.77184481342497e-10,1.4233368181123,0.433,0.048,1.36173361290963e-05,"Ddi2-201",1.36173361290963e-05,"Up"
1.80026375800618e-10,1.6826594012898,0.5,0.068,1.38357470857807e-05,"Tgfbr2-201",1.38357470857807e-05,"Up"
1.80665217345292e-10,1.76466511689841,0.333,0.024,1.38848446138551e-05,"Uggt1-209",1.38848446138551e-05,"Up"
1.83411122456431e-10,1.02917208797436,0.4,0.039,1.40958784052665e-05,"Atp2a2-203",1.40958784052665e-05,"Up"
1.83411122456431e-10,1.02917208797436,0.4,0.039,1.40958784052665e-05,"Atp2a2-201",1.40958784052665e-05,"Up"
1.83411122456431e-10,1.27328118485036,0.4,0.039,1.40958784052665e-05,"Smchd1-201",1.40958784052665e-05,"Up"
1.83570624314379e-10,1.95359122284261,0.933,0.377,1.41081367610573e-05,"Col4a1-201",1.41081367610573e-05,"Up"
1.90619174160748e-10,1.31682003169603,0.4,0.039,1.46498460109501e-05,"Iws1-206",1.46498460109501e-05,"Up"
1.90619174160748e-10,1.0987512932105,0.4,0.039,1.46498460109501e-05,"Mgrn1-202",1.46498460109501e-05,"Up"
1.90619174160748e-10,1.44324488853144,0.4,0.039,1.46498460109501e-05,"Baiap2-205",1.46498460109501e-05,"Up"
1.91213471071475e-10,1.60564689973758,0.467,0.058,1.46955201057272e-05,"Sel1l-203",1.46955201057272e-05,"Up"
1.97293112200561e-10,2.82408205787266,0.333,0.024,1.51627648450619e-05,"Arhgap21-213",1.51627648450619e-05,"Up"
1.97498795410802e-10,1.90292528542639,0.433,0.048,1.51785724225018e-05,"Gorasp2-201",1.51785724225018e-05,"Up"
1.98103730634624e-10,1.65315019452183,0.4,0.039,1.52250641141934e-05,"Cd47-210",1.52250641141934e-05,"Up"
1.9963973939983e-10,3.25425493951003,0.367,0.034,1.53431125318345e-05,"Pnp-201",1.53431125318345e-05,"Up"
2.03838603594314e-10,1.63428907600197,0.533,0.077,1.56658120406374e-05,"Sptbn1-201",1.56658120406374e-05,"Up"
2.0476287521926e-10,1.08318266726872,0.433,0.048,1.5736846012101e-05,"Oas1a-201",1.5736846012101e-05,"Up"
2.0476287521926e-10,1.89182536252,0.433,0.048,1.5736846012101e-05,"Lcp2-202",1.5736846012101e-05,"Up"
2.05875127248018e-10,1.2616831303992,0.4,0.039,1.58223270295192e-05,"Kpna4-203",1.58223270295192e-05,"Up"
2.06158648227726e-10,2.35357699268939,0.333,0.024,1.58441167508937e-05,"Akt1s1-202",1.58441167508937e-05,"Up"
2.11912393538274e-10,1.65953243122405,0.5,0.068,1.62863150929905e-05,"Wdr82-201",1.62863150929905e-05,"Up"
2.13944075040835e-10,1.0781058376817,0.4,0.039,1.64424579431883e-05,"Tcn2-204",1.64424579431883e-05,"Up"
2.13944075040835e-10,1.0781058376817,0.4,0.039,1.64424579431883e-05,"Tcn2-206",1.64424579431883e-05,"Up"
2.13944075040835e-10,1.0781058376817,0.4,0.039,1.64424579431883e-05,"Tcn2-205",1.64424579431883e-05,"Up"
2.13944075040835e-10,1.0781058376817,0.4,0.039,1.64424579431883e-05,"Tcn2-201",1.64424579431883e-05,"Up"
2.13944075040835e-10,1.0781058376817,0.4,0.039,1.64424579431883e-05,"Tcn2-202",1.64424579431883e-05,"Up"
2.16198179472461e-10,1.40818430991852,0.7,0.135,1.66156948851765e-05,"Cdc42-202",1.66156948851765e-05,"Up"
2.18921522219722e-10,1.69208231589423,0.5,0.068,1.68249946686745e-05,"Midn-202",1.68249946686745e-05,"Up"
2.22321673969327e-10,1.18451942646256,0.4,0.039,1.70863099312386e-05,"Maged1-207",1.70863099312386e-05,"Up"
2.22321673969327e-10,1.06123542274558,0.4,0.039,1.70863099312386e-05,"Smndc1-201",1.70863099312386e-05,"Up"
2.22321673969327e-10,1.13713826895097,0.4,0.039,1.70863099312386e-05,"Glrx3-201",1.70863099312386e-05,"Up"
2.25072649399319e-10,2.26509027279888,0.333,0.024,1.72977333969353e-05,"Ccn2-203",1.72977333969353e-05,"Up"
2.25072649399319e-10,1.87061494087582,0.333,0.024,1.72977333969353e-05,"Ifi204-201",1.72977333969353e-05,"Up"
2.25072649399319e-10,2.13613399309236,0.333,0.024,1.72977333969353e-05,"Elk4-202",1.72977333969353e-05,"Up"
2.25072649399319e-10,2.34435479374102,0.333,0.024,1.72977333969353e-05,"Ppp2r5d-201",1.72977333969353e-05,"Up"
2.25072649399319e-10,2.27428499174577,0.333,0.024,1.72977333969353e-05,"Cnot4-202",1.72977333969353e-05,"Up"
2.26156937917263e-10,1.2738433317178,0.5,0.068,1.73810653066934e-05,"Cycs-202",1.73810653066934e-05,"Up"
2.28731184738506e-10,2.33544154972202,0.7,0.164,1.75789064718931e-05,"Plk2-201",1.75789064718931e-05,"Up"
2.35155020797241e-10,2.01952002266473,0.333,0.024,1.80726039683511e-05,"Rbm26-201",1.80726039683511e-05,"Up"
2.35155020797241e-10,1.28310065608048,0.333,0.024,1.80726039683511e-05,"Mtch2-205",1.80726039683511e-05,"Up"
2.35155020797241e-10,2.06998138571791,0.333,0.024,1.80726039683511e-05,"Stat1-211",1.80726039683511e-05,"Up"
2.35155020797241e-10,1.78746509675921,0.333,0.024,1.80726039683511e-05,"U2surp-201",1.80726039683511e-05,"Up"
2.35155020797241e-10,1.72775288887901,0.333,0.024,1.80726039683511e-05,"Taok3-210",1.80726039683511e-05,"Up"
2.35155020797241e-10,1.84255842852696,0.333,0.024,1.80726039683511e-05,"Tacc3-202",1.80726039683511e-05,"Up"
2.35155020797241e-10,1.84255842852696,0.333,0.024,1.80726039683511e-05,"Tacc3-203",1.80726039683511e-05,"Up"
2.35155020797241e-10,2.10526621500094,0.333,0.024,1.80726039683511e-05,"Vps13d-210",1.80726039683511e-05,"Up"
2.36519813369878e-10,1.48674334385727,0.433,0.048,1.81774937367286e-05,"Gripap1-203",1.81774937367286e-05,"Up"
2.45182187840483e-10,1.88574235711961,0.433,0.048,1.88432318642925e-05,"Coro1a-202",1.88432318642925e-05,"Up"
2.45678087605836e-10,1.53543943514133,0.333,0.024,1.88813437448589e-05,"Ythdc1-201",1.88813437448589e-05,"Up"
2.45678087605836e-10,1.38838557909697,0.333,0.024,1.88813437448589e-05,"Tnpo3-201",1.88813437448589e-05,"Up"
2.45678087605836e-10,1.80062020760558,0.333,0.024,1.88813437448589e-05,"Vps26b-202",1.88813437448589e-05,"Up"
2.46089296490838e-10,2.67012635014152,0.6,0.126,1.89129467925069e-05,"Zeb2-212",1.89129467925069e-05,"Up"
2.56660611755144e-10,2.30188065135723,0.333,0.024,1.97253946558298e-05,"Ints6-202",1.97253946558298e-05,"Up"
2.56660611755144e-10,1.48593641989296,0.333,0.024,1.97253946558298e-05,"Slc39a9-208",1.97253946558298e-05,"Up"
2.56660611755144e-10,1.29250342892197,0.333,0.024,1.97253946558298e-05,"Etv6-202",1.97253946558298e-05,"Up"
2.56660611755144e-10,1.57386837553026,0.333,0.024,1.97253946558298e-05,"Tcf12-202",1.97253946558298e-05,"Up"
2.56660611755144e-10,1.65801854952964,0.333,0.024,1.97253946558298e-05,"Ccnl2-205",1.97253946558298e-05,"Up"
2.56660611755144e-10,1.73440121869477,0.333,0.024,1.97253946558298e-05,"Gtf2i-203",1.97253946558298e-05,"Up"
2.56660611755144e-10,1.84545160888584,0.333,0.024,1.97253946558298e-05,"Gtf2i-210",1.97253946558298e-05,"Up"
2.56660611755144e-10,1.67450169718814,0.333,0.024,1.97253946558298e-05,"Nf1-201",1.97253946558298e-05,"Up"
2.56660611755144e-10,1.66223860309672,0.333,0.024,1.97253946558298e-05,"Etv3-202",1.97253946558298e-05,"Up"
2.60824203745555e-10,2.34422997251736,0.6,0.121,2.00453833546609e-05,"Prpf38b-201",2.00453833546609e-05,"Up"
2.63446522151983e-10,1.26569962933063,0.433,0.048,2.02469190134685e-05,"Qars-203",2.02469190134685e-05,"Up"
2.63446522151983e-10,1.26231218907532,0.433,0.048,2.02469190134685e-05,"Taf15-204",2.02469190134685e-05,"Up"
2.63591413202572e-10,1.37503895361934,0.6,0.097,2.02580544702705e-05,"Huwe1-201",2.02580544702705e-05,"Up"
2.65812222086739e-10,2.61268235213924,0.7,0.15,2.04287325162543e-05,"Sf1-208",2.04287325162543e-05,"Up"
2.67792306087793e-10,2.00387085042158,0.433,0.053,2.05809098920712e-05,"Osbpl8-201",2.05809098920712e-05,"Up"
2.6812213155527e-10,1.81480583723354,0.333,0.024,2.06062582985487e-05,"Lipa-202",2.06062582985487e-05,"Up"
2.6812213155527e-10,1.33869175173956,0.333,0.024,2.06062582985487e-05,"Agpat5-202",2.06062582985487e-05,"Up"
2.73070405816276e-10,1.17533636220721,0.433,0.048,2.09865529686041e-05,"Baz2b-201",2.09865529686041e-05,"Up"
2.73614571230682e-10,3.53949143520906,0.6,0.135,2.10283742573628e-05,"Fcgr2b-201",2.10283742573628e-05,"Up"
2.74365946052199e-10,3.01341012821304,0.6,0.126,2.10861204178957e-05,"Tnfaip3-202",2.10861204178957e-05,"Up"
2.74735700622611e-10,1.26963314370797,0.5,0.068,2.11145375356501e-05,"Ociad1-201",2.11145375356501e-05,"Up"
2.79243631668758e-10,1.0238082607007,0.6,0.097,2.14609900682707e-05,"Sidt2-201",2.14609900682707e-05,"Up"
2.80082992846021e-10,2.02195086444211,0.333,0.024,2.15254983321881e-05,"Ints6-201",2.15254983321881e-05,"Up"
2.80082992846021e-10,1.57987526604822,0.333,0.024,2.15254983321881e-05,"Flcn-202",2.15254983321881e-05,"Up"
2.80082992846021e-10,1.61865006753845,0.333,0.024,2.15254983321881e-05,"Rara-201",2.15254983321881e-05,"Up"
2.80082992846021e-10,1.61865006753845,0.333,0.024,2.15254983321881e-05,"Rara-207",2.15254983321881e-05,"Up"
2.80082992846021e-10,1.38546778002434,0.333,0.024,2.15254983321881e-05,"Parp1-201",2.15254983321881e-05,"Up"
2.80082992846021e-10,1.15400183113271,0.333,0.024,2.15254983321881e-05,"Cep57-206",2.15254983321881e-05,"Up"
2.80082992846021e-10,1.71779916520904,0.333,0.024,2.15254983321881e-05,"Bap1-208",2.15254983321881e-05,"Up"
2.80082992846021e-10,1.07629693371678,0.333,0.024,2.15254983321881e-05,"Pold4-201",2.15254983321881e-05,"Up"
2.80082992846021e-10,1.13026991181535,0.333,0.024,2.15254983321881e-05,"Hsdl2-201",2.15254983321881e-05,"Up"
2.80082992846021e-10,1.02103464693003,0.333,0.024,2.15254983321881e-05,"Adam10-202",2.15254983321881e-05,"Up"
2.80082992846021e-10,1.57923323333022,0.333,0.024,2.15254983321881e-05,"Gtf2i-202",2.15254983321881e-05,"Up"
2.80082992846021e-10,1.20743897618857,0.333,0.024,2.15254983321881e-05,"Btbd1-201",2.15254983321881e-05,"Up"
2.80082992846021e-10,1.41190769565716,0.333,0.024,2.15254983321881e-05,"Clpp-201",2.15254983321881e-05,"Up"
2.80082992846021e-10,1.5444883318617,0.333,0.024,2.15254983321881e-05,"Cd300a-202",2.15254983321881e-05,"Up"
2.84080115182571e-10,1.0719066206383,0.567,0.087,2.18326931722413e-05,"Mrpl51-201",2.18326931722413e-05,"Up"
2.90280852877674e-10,2.61831492803544,0.4,0.043,2.23092446670608e-05,"Cflar-201",2.23092446670608e-05,"Up"
2.97724657228044e-10,1.58990040953366,0.467,0.058,2.28813308066041e-05,"Ncoa6-203",2.28813308066041e-05,"Up"
3.02301193874829e-10,1.67674348610238,0.933,0.396,2.32330559540561e-05,"Lamp1-201",2.32330559540561e-05,"Up"
3.04048381855682e-10,1.12309136391193,0.433,0.048,2.33673343391366e-05,"Iws1-203",2.33673343391366e-05,"Up"
3.10626573567077e-10,2.00523644505105,0.367,0.034,2.38728946849241e-05,"H2bc8-201",2.38728946849241e-05,"Up"
3.23291519525084e-10,2.66097104593849,0.367,0.034,2.48462464415808e-05,"Ddias-201",2.48462464415808e-05,"Up"
3.26765551327882e-10,3.03143448845844,0.467,0.068,2.5113239681753e-05,"ENSMUST00000249860.1",2.5113239681753e-05,"Up"
3.28629959352922e-10,1.5913789989894,0.533,0.082,2.52565268961095e-05,"Nr3c1-203",2.52565268961095e-05,"Up"
3.36460182014985e-10,2.67203708663372,0.367,0.034,2.58583108285797e-05,"Mbnl2-206",2.58583108285797e-05,"Up"
3.40856110953906e-10,1.15926189800657,0.467,0.058,2.61961555512515e-05,"Pcm1-204",2.61961555512515e-05,"Up"
3.48454540060987e-10,1.50865020227648,0.767,0.174,2.67801252218471e-05,"Actr3-201",2.67801252218471e-05,"Up"
3.61405652526138e-10,3.0664298495869,0.7,0.155,2.77754700192438e-05,"Fn1-216",2.77754700192438e-05,"Up"
3.64669193668908e-10,1.21781814134863,0.467,0.058,2.80262862102302e-05,"Atp6ap2-201",2.80262862102302e-05,"Up"
3.71446770911559e-10,1.33486173342159,0.733,0.159,2.85471701316369e-05,"Ube2d2a-202",2.85471701316369e-05,"Up"
3.7918723700996e-10,2.30462524249241,0.367,0.034,2.91420559131635e-05,"Cars-201",2.91420559131635e-05,"Up"
3.8899208683227e-10,4.87395187029952,0.433,0.058,2.98955978414073e-05,"Spp1-204",2.98955978414073e-05,"Up"
3.90654528825479e-10,1.13180903121183,0.467,0.063,3.00233631583534e-05,"Cflar-205",3.00233631583534e-05,"Up"
3.93390479974152e-10,2.23797008395713,0.533,0.087,3.02336319479335e-05,"Osbpl8-202",3.02336319479335e-05,"Up"
3.93874233445337e-10,1.06922586898301,0.567,0.087,3.02708103372079e-05,"Myo9b-202",3.02708103372079e-05,"Up"
3.93874233445337e-10,1.06922586898301,0.567,0.087,3.02708103372079e-05,"Myo9b-203",3.02708103372079e-05,"Up"
3.94573311961472e-10,1.85517110317393,0.367,0.034,3.0324537317487e-05,"Ccdc115-201",3.0324537317487e-05,"Up"
3.94609492095791e-10,1.77204571119945,0.6,0.106,3.03273179055299e-05,"Anxa4-202",3.03273179055299e-05,"Up"
4.05190853689498e-10,2.09878053657824,0.5,0.072,3.11405378694527e-05,"Tnfrsf21-201",3.11405378694527e-05,"Up"
4.16275384711141e-10,1.55428025798583,0.7,0.145,3.199242841659e-05,"Zmiz1-208",3.199242841659e-05,"Up"
4.227470711755e-10,1.91156906285112,0.633,0.121,3.24898034081219e-05,"Ifi207-201",3.24898034081219e-05,"Up"
4.27195510399656e-10,2.24973870208518,0.367,0.034,3.28316837562551e-05,"Nsd1-201",3.28316837562551e-05,"Up"
4.29954783515841e-10,1.39270998801803,0.7,0.15,3.30437449323264e-05,"Aff1-202",3.30437449323264e-05,"Up"
4.44479420268849e-10,1.92834857778115,0.367,0.034,3.41600213653421e-05,"Nudcd2-201",3.41600213653421e-05,"Up"
4.45214117374009e-10,1.70424638573082,0.533,0.082,3.42164857766621e-05,"Mpc1-208",3.42164857766621e-05,"Up"
4.52896974232064e-10,1.11465586603808,0.667,0.126,3.48069440576311e-05,"H3c14-201",3.48069440576311e-05,"Up"
4.52896974232064e-10,1.11465586917731,0.667,0.126,3.48069440576311e-05,"H3c14-202",3.48069440576311e-05,"Up"
4.6244522260824e-10,2.06179000730022,0.367,0.034,3.55407651383337e-05,"Ercc6-204",3.55407651383337e-05,"Up"
4.6244522260824e-10,2.20975437022026,0.367,0.034,3.55407651383337e-05,"Ssr4-201",3.55407651383337e-05,"Up"
4.68591645031591e-10,2.04284884438031,0.433,0.053,3.60131422872579e-05,"Nr3c1-208",3.60131422872579e-05,"Up"
4.81119101111753e-10,1.83291065945363,0.367,0.034,3.69759273968426e-05,"Bod1l-201",3.69759273968426e-05,"Up"
4.81119101111753e-10,2.01296270065003,0.367,0.034,3.69759273968426e-05,"Helz2-203",3.69759273968426e-05,"Up"
4.8951591878039e-10,-2.8440557063045,0.533,0.874,3.76212564219481e-05,"Gpx1-201",3.76212564219481e-05,"Down"
4.92778704185003e-10,1.16946341683303,0.567,0.092,3.78720145314342e-05,"Ptpn6-202",3.78720145314342e-05,"Up"
5.08707703749994e-10,1.88589175902495,0.467,0.063,3.9096221864002e-05,"Prpf40a-201",3.9096221864002e-05,"Up"
5.19784931800883e-10,1.86963910830261,0.733,0.188,3.99475511486251e-05,"Spi1-201",3.99475511486251e-05,"Up"
5.20700738619708e-10,1.88216452238357,0.367,0.034,4.00179345658791e-05,"Clptm1-201",4.00179345658791e-05,"Up"
5.20700738619708e-10,1.61339536538126,0.367,0.034,4.00179345658791e-05,"Taf15-202",4.00179345658791e-05,"Up"
5.22274216942282e-10,1.65954319405268,0.567,0.092,4.01388626688822e-05,"Tpx2-201",4.01388626688822e-05,"Up"
5.38320008585337e-10,1.79323268924314,0.433,0.053,4.13720459398175e-05,"Ptbp1-215",4.13720459398175e-05,"Up"
5.41665889270478e-10,1.6350281843384,0.367,0.034,4.16291902539933e-05,"Irf2-201",4.16291902539933e-05,"Up"
5.41665889270478e-10,1.53349666086956,0.367,0.034,4.16291902539933e-05,"Cgrrf1-201",4.16291902539933e-05,"Up"
5.41665889270478e-10,1.61728236039449,0.367,0.034,4.16291902539933e-05,"Golph3l-205",4.16291902539933e-05,"Up"
5.57276307695513e-10,2.15593884995475,0.433,0.053,4.28289133516309e-05,"Kmt2e-201",4.28289133516309e-05,"Up"
5.63453973638948e-10,1.10015075812431,0.367,0.034,4.33036916900477e-05,"Csf2rb2-202",4.33036916900477e-05,"Up"
5.63453973638948e-10,1.29268528528118,0.367,0.034,4.33036916900477e-05,"Hmgcs1-202",4.33036916900477e-05,"Up"
5.63453973638948e-10,1.05617785248342,0.367,0.034,4.33036916900477e-05,"Pi4kb-202",4.33036916900477e-05,"Up"
5.65244396524989e-10,1.2271898747388,0.4,0.043,4.34412928505315e-05,"Psmb8-201",4.34412928505315e-05,"Up"
5.66726108143159e-10,2.20424701185473,0.533,0.082,4.35551683152343e-05,"Brpf1-202",4.35551683152343e-05,"Up"
5.77650551299632e-10,5.18876380316658,0.5,0.097,4.43947554695819e-05,"Spp1-202",4.43947554695819e-05,"Up"
5.86096422544106e-10,1.48477323142855,0.367,0.034,4.50438544582047e-05,"Ktn1-219",4.50438544582047e-05,"Up"
5.86096422544106e-10,1.48477323142855,0.367,0.034,4.50438544582047e-05,"Ktn1-207",4.50438544582047e-05,"Up"
5.86096422544106e-10,1.08107377001392,0.367,0.034,4.50438544582047e-05,"Utp15-201",4.50438544582047e-05,"Up"
5.86096422544106e-10,1.40074249976039,0.367,0.034,4.50438544582047e-05,"Fxr1-208",4.50438544582047e-05,"Up"
5.97448073283865e-10,1.15030677618931,0.633,0.116,4.59162742241581e-05,"Pafah1b1-201",4.59162742241581e-05,"Up"
6.096258322409e-10,1.18550778713563,0.367,0.034,4.68521837110421e-05,"Abracl-201",4.68521837110421e-05,"Up"
6.24224822321143e-10,1.78156140507124,0.567,0.097,4.79741744946691e-05,"Sptan1-202",4.79741744946691e-05,"Up"
6.30994683131673e-10,1.73305247282977,0.4,0.043,4.84944653774016e-05,"Dhx8-201",4.84944653774016e-05,"Up"
6.34076006259791e-10,1.07263566006311,0.367,0.034,4.87312773850899e-05,"Kmt2b-201",4.87312773850899e-05,"Up"
6.34076006259791e-10,1.07263566006311,0.367,0.034,4.87312773850899e-05,"Kmt2b-202",4.87312773850899e-05,"Up"
6.39710547524164e-10,1.48401594289506,0.567,0.092,4.91643144194221e-05,"Tpx2-206",4.91643144194221e-05,"Up"
6.69663895093094e-10,1.6899260269938,0.5,0.072,5.14663489934847e-05,"Sptbn1-202",5.14663489934847e-05,"Up"
6.78913445851409e-10,1.94278499357704,0.4,0.043,5.21772139674642e-05,"Arid4a-201",5.21772139674642e-05,"Up"
6.78913445851409e-10,1.98664689547602,0.4,0.043,5.21772139674642e-05,"Daglb-201",5.21772139674642e-05,"Up"
6.85880158995146e-10,1.29118042191483,0.367,0.034,5.2712633739413e-05,"Tmx4-201",5.2712633739413e-05,"Up"
6.88104909300345e-10,1.4624873179687,0.6,0.106,5.28836146993687e-05,"Ski-202",5.28836146993687e-05,"Up"
6.88104909300345e-10,1.4624873179687,0.6,0.106,5.28836146993687e-05,"Ski-201",5.28836146993687e-05,"Up"
6.92400357675931e-10,2.21336031680659,0.533,0.087,5.3213737088826e-05,"Sptan1-203",5.3213737088826e-05,"Up"
7.11980660037023e-10,3.35240101138879,0.433,0.063,5.47185616464854e-05,"Ccnl1-201",5.47185616464854e-05,"Up"
7.12763839342358e-10,1.40974636547107,0.5,0.072,5.47787521088176e-05,"Cdk4-201",5.47787521088176e-05,"Up"
7.35316918394111e-10,1.4369427705654,0.5,0.072,5.6512046446261e-05,"Dhx9-201",5.6512046446261e-05,"Up"
7.38986047104056e-10,1.51686778340137,0.567,0.092,5.67940336641351e-05,"Ddx21-201",5.67940336641351e-05,"Up"
7.62483665099698e-10,2.97490516482958,0.533,0.092,5.85999195975722e-05,"Pcbp2-201",5.85999195975722e-05,"Up"
7.63705624249697e-10,2.32326501247475,0.667,0.179,5.86938320460862e-05,"H2ac7-201",5.86938320460862e-05,"Up"
7.66776272594679e-10,-3.44954628377583,0.567,0.85,5.89298236539914e-05,"Mkrn1-201",5.89298236539914e-05,"Down"
7.70843277610257e-10,2.31836599655721,0.6,0.121,5.92423892574587e-05,"Fip1l1-201",5.92423892574587e-05,"Up"
7.85636513126037e-10,1.12036271640666,0.4,0.043,6.03793085797885e-05,"Gatad2b-205",6.03793085797885e-05,"Up"
7.86465440945337e-10,1.82723790265806,0.433,0.053,6.04430149984129e-05,"Stx5a-208",6.04430149984129e-05,"Up"
8.11837991665454e-10,1.10466678328811,0.6,0.106,6.23929970114568e-05,"Niban2-201",6.23929970114568e-05,"Up"
8.13900675288473e-10,1.10282290375906,0.433,0.053,6.25515224986203e-05,"Kif20a-205",6.25515224986203e-05,"Up"
8.15366125735785e-10,3.61995091327871,0.333,0.029,6.2664148227298e-05,"Dock10-209",6.2664148227298e-05,"Up"
8.71600021020325e-10,1.55304794614366,0.433,0.053,6.6985948015496e-05,"Dlk1-206",6.6985948015496e-05,"Up"
8.76250370106677e-10,1.89695633620462,0.4,0.043,6.73433459441786e-05,"Abr-203",6.73433459441786e-05,"Up"
8.76250370106677e-10,1.89695633620462,0.4,0.043,6.73433459441786e-05,"Abr-204",6.73433459441786e-05,"Up"
8.76250370106677e-10,1.40126454422497,0.4,0.043,6.73433459441786e-05,"Agps-201",6.73433459441786e-05,"Up"
8.87647185245944e-10,1.37046597475035,0.533,0.082,6.82192367748918e-05,"Kif1c-203",6.82192367748918e-05,"Up"
9.01926798092321e-10,1.5257860789375,0.433,0.053,6.93166821405872e-05,"Ccdc86-201",6.93166821405872e-05,"Up"
9.07318273138937e-10,1.7652642171682,0.633,0.126,6.97310385638198e-05,"Rnh1-204",6.97310385638198e-05,"Up"
9.13877108326858e-10,1.40120908195,0.5,0.072,7.02351112833523e-05,"Nfkbib-202",7.02351112833523e-05,"Up"
9.15879143585844e-10,1.25524591410505,0.467,0.063,7.03889757011465e-05,"Arid4b-203",7.03889757011465e-05,"Up"
9.19361310669781e-10,1.43155574684449,0.7,0.159,7.06565941702154e-05,"Sfpq-201",7.06565941702154e-05,"Up"
9.42240345793244e-10,1.21591221798456,0.4,0.043,7.2414939535594e-05,"Arrdc4-201",7.2414939535594e-05,"Up"
9.42240345793244e-10,1.2467629146321,0.4,0.043,7.2414939535594e-05,"Smc2-202",7.2414939535594e-05,"Up"
9.49828561461848e-10,3.21223403738355,0.367,0.039,7.29981242625889e-05,"Ralgds-203",7.29981242625889e-05,"Up"
9.5455903524337e-10,1.16964845359991,0.7,0.15,7.33616800945939e-05,"Pdcd6ip-201",7.33616800945939e-05,"Up"
9.66939434076956e-10,1.0985973407465,0.633,0.116,7.43131632665503e-05,"Mlf2-202",7.43131632665503e-05,"Up"
9.99212968310464e-10,1.49028443042725,0.433,0.053,7.67935134665324e-05,"Gak-206",7.67935134665324e-05,"Up"
1.0093533087127e-09,1.22181867841798,0.467,0.063,7.75728391878056e-05,"Rasa3-201",7.75728391878056e-05,"Up"
1.01199365220869e-09,1.76672038779027,0.567,0.097,7.77757601468469e-05,"Dnttip2-201",7.77757601468469e-05,"Up"
1.03386028358398e-09,1.1674746639494,0.433,0.053,7.94562982345633e-05,"2610005L07Rik-201",7.94562982345633e-05,"Up"
1.03421571839852e-09,1.70493761833286,0.5,0.072,7.94836148217997e-05,"Ctsk-201",7.94836148217997e-05,"Up"
1.06663582418946e-09,1.57452588577095,0.5,0.072,8.19752296322571e-05,"Vps4b-201",8.19752296322571e-05,"Up"
1.10552012597703e-09,2.21520984016542,0.5,0.077,8.49636437618384e-05,"Hnrnph2-203",8.49636437618384e-05,"Up"
1.13447588710782e-09,1.0753638178734,0.5,0.072,8.71890098277841e-05,"Ankhd1-201",8.71890098277841e-05,"Up"
1.14497980753169e-09,1.24645601315526,0.433,0.053,8.79962781280403e-05,"Akr1b3-201",8.79962781280403e-05,"Up"
1.14783849366593e-09,3.09007067963119,0.367,0.039,8.82159795922011e-05,"Exoc4-202",8.82159795922011e-05,"Up"
1.17995085612198e-09,2.80385773892394,0.333,0.029,9.06839430963985e-05,"Ndrg1-212",9.06839430963985e-05,"Up"
1.17995085612198e-09,1.90238619212969,0.333,0.029,9.06839430963985e-05,"Foxn3-201",9.06839430963985e-05,"Up"
1.17995085612198e-09,2.67054917901028,0.333,0.029,9.06839430963985e-05,"Slc38a1-207",9.06839430963985e-05,"Up"
1.17995085612198e-09,2.44405431586381,0.333,0.029,9.06839430963985e-05,"Trak1-209",9.06839430963985e-05,"Up"
1.18620186389416e-09,1.62455182781785,0.467,0.063,9.11643580477215e-05,"Mcm4-201",9.11643580477215e-05,"Up"
1.22544075815141e-09,1.11539691092849,0.433,0.053,9.41800240269688e-05,"Tmem30a-201",9.41800240269688e-05,"Up"
1.26510201411113e-09,1.03960521328418,0.467,0.063,9.72281501924969e-05,"Piezo1-209",9.72281501924969e-05,"Up"
1.26771235133371e-09,1.11335506871207,0.433,0.053,9.74287650494012e-05,"Slk-202",9.74287650494012e-05,"Up"
1.28036215175092e-09,1.90794384076244,0.333,0.029,9.84009528106648e-05,"Slc43a2-211",9.84009528106648e-05,"Up"
1.28036215175092e-09,2.48430174613551,0.333,0.029,9.84009528106648e-05,"Erbin-202",9.84009528106648e-05,"Up"
1.32255901374778e-09,1.06794396357609,0.733,0.155,0.000101643950442572,"Chd1-201",0.000101643950442572,"Up"
1.34105293497526e-09,1.41523210945944,0.567,0.097,0.000103065282264589,"Rgcc-201",0.000103065282264589,"Up"
1.34910960223783e-09,1.15998414924352,0.467,0.063,0.000103684469370386,"Tox4-201",0.000103684469370386,"Up"
1.38908534044292e-09,1.83552558201708,0.333,0.029,0.0001067567647544,"Arhgef7-203",0.0001067567647544,"Up"
1.38908534044292e-09,2.20066338344644,0.333,0.029,0.0001067567647544,"Gaa-201",0.0001067567647544,"Up"
1.38908534044292e-09,1.5666664324115,0.333,0.029,0.0001067567647544,"Bbc3-201",0.0001067567647544,"Up"
1.38908534044292e-09,2.59093140618259,0.333,0.029,0.0001067567647544,"Cntrl-212",0.0001067567647544,"Up"
1.43530096833785e-09,2.14695015403689,0.733,0.193,0.000110308620620637,"Eno1-202",0.000110308620620637,"Up"
1.43854570266936e-09,1.00234137577357,0.467,0.063,0.000110557991432951,"BC005537-201",0.000110557991432951,"Up"
1.44677060886384e-09,1.66353096940234,0.333,0.029,0.000111190108373621,"Ipo7-202",0.000111190108373621,"Up"
1.44677060886384e-09,2.64468553153484,0.333,0.029,0.000111190108373621,"Cd36-202",0.000111190108373621,"Up"
1.44677060886384e-09,2.255805296744,0.333,0.029,0.000111190108373621,"Arfgef2-201",0.000111190108373621,"Up"
1.49402661200185e-09,2.69501546553314,0.367,0.039,0.00011482192123879,"Spdl1-201",0.00011482192123879,"Up"
1.50678825908056e-09,2.22800056993277,0.333,0.029,0.000115802704863378,"Cyld-203",0.000115802704863378,"Up"
1.55113701752012e-09,2.91094306160498,0.367,0.039,0.000119211084344491,"R3hdm2-203",0.000119211084344491,"Up"
1.63695615499397e-09,3.75031917885765,0.6,0.164,0.000125806628335906,"App-206",0.000125806628335906,"Up"
1.67118031290267e-09,1.44885578467055,0.633,0.121,0.000128436891767822,"Zfp36l2-201",0.000128436891767822,"Up"
1.68918059271417e-09,1.39135360751439,0.4,0.048,0.000129820285272455,"Git2-202",0.000129820285272455,"Up"
1.70176931881147e-09,1.76667417669119,0.333,0.029,0.000130787779227937,"Klhl24-201",0.000130787779227937,"Up"
1.70176931881147e-09,2.0728550065192,0.333,0.029,0.000130787779227937,"Pik3c2a-204",0.000130787779227937,"Up"
1.70176931881147e-09,1.17563909923645,0.333,0.029,0.000130787779227937,"ENSMUST00000381824.1",0.000130787779227937,"Up"
1.70176931881147e-09,1.55188625381883,0.333,0.029,0.000130787779227937,"Nploc4-201",0.000130787779227937,"Up"
1.70176931881147e-09,1.79160281328458,0.333,0.029,0.000130787779227937,"Kif1b-203",0.000130787779227937,"Up"
1.70176931881147e-09,1.79160281328458,0.333,0.029,0.000130787779227937,"Kif1b-212",0.000130787779227937,"Up"
1.74931576281738e-09,1.96541555550841,0.4,0.048,0.000134441913635567,"H3c10-201",0.000134441913635567,"Up"
1.77206827376935e-09,1.35422392000623,0.333,0.029,0.00013619053511227,"Usp34-205",0.00013619053511227,"Up"
1.77206827376935e-09,1.50018462735291,0.333,0.029,0.00013619053511227,"Vps26b-201",0.00013619053511227,"Up"
1.77206827376935e-09,1.55122551696244,0.333,0.029,0.00013619053511227,"Zfp335-201",0.00013619053511227,"Up"
1.77206827376935e-09,1.40587800070884,0.333,0.029,0.00013619053511227,"Kif22-201",0.00013619053511227,"Up"
1.77206827376935e-09,1.32976496507275,0.333,0.029,0.00013619053511227,"Ctbp1-212",0.00013619053511227,"Up"
1.77206827376935e-09,1.20503066490396,0.333,0.029,0.00013619053511227,"Etv3-203",0.00013619053511227,"Up"
1.78181998521205e-09,2.1074969354536,0.833,0.246,0.000136939993143487,"Ldha-202",0.000136939993143487,"Up"
1.82654898524121e-09,2.07302167306646,0.8,0.295,0.000140377595711728,"Ddx5-201",0.000140377595711728,"Up"
1.84519392370988e-09,1.71701270591798,0.333,0.029,0.000141810533812799,"Stag2-202",0.000141810533812799,"Up"
1.84519392370988e-09,1.27446776048084,0.333,0.029,0.000141810533812799,"Gpatch3-201",0.000141810533812799,"Up"
1.84519392370988e-09,1.54150831499625,0.333,0.029,0.000141810533812799,"Fam174a-202",0.000141810533812799,"Up"
1.84519392370988e-09,1.3184834424591,0.333,0.029,0.000141810533812799,"Lrrc8c-201",0.000141810533812799,"Up"
1.85387310841588e-09,1.0583002191812,0.7,0.14,0.000142477563874194,"Son-208",0.000142477563874194,"Up"
1.87015003888105e-09,2.54470606519636,0.367,0.039,0.000143728511088164,"Smarca2-202",0.000143728511088164,"Up"
1.87015003888105e-09,2.57814274782454,0.367,0.039,0.000143728511088164,"Ctnnd1-220",0.000143728511088164,"Up"
1.87015003888105e-09,2.57814274782454,0.367,0.039,0.000143728511088164,"Ctnnd1-203",0.000143728511088164,"Up"
1.92125666429021e-09,1.62535285392978,0.333,0.029,0.00014765625967736,"Casp3-204",0.00014765625967736,"Up"
1.92125666429021e-09,1.49383685115919,0.333,0.029,0.00014765625967736,"Nfil3-201",0.00014765625967736,"Up"
1.92125666429021e-09,1.41643592108336,0.333,0.029,0.00014765625967736,"Gramd1b-214",0.00014765625967736,"Up"
1.92125666429021e-09,1.74735397325808,0.333,0.029,0.00014765625967736,"Stx7-201",0.00014765625967736,"Up"
1.92125666429021e-09,1.56972315663199,0.333,0.029,0.00014765625967736,"Sumo2-205",0.00014765625967736,"Up"
1.94043784765129e-09,1.42960316863209,0.7,0.15,0.000149130410343392,"Kdm6b-201",0.000149130410343392,"Up"
1.94122171859646e-09,2.55241340309723,0.367,0.039,0.000149190653961012,"Plekhm3-201",0.000149190653961012,"Up"
2.00037106802834e-09,1.29418519007852,0.333,0.029,0.00015373651806225,"Als2-201",0.00015373651806225,"Up"
2.00037106802834e-09,1.23768001740416,0.333,0.029,0.00015373651806225,"Mthfd2-201",0.00015373651806225,"Up"
2.08265603692532e-09,1.59493384759939,0.333,0.029,0.000160060447061859,"Rnf130-204",0.000160060447061859,"Up"
2.08265603692532e-09,1.01865211500449,0.333,0.029,0.000160060447061859,"Hnrnpa0-201",0.000160060447061859,"Up"
2.08265603692532e-09,1.32840671895006,0.333,0.029,0.000160060447061859,"Atp6v1c1-205",0.000160060447061859,"Up"
2.08265603692532e-09,1.12295379293885,0.333,0.029,0.000160060447061859,"Clip1-201",0.000160060447061859,"Up"
2.08265603692532e-09,1.16927543731589,0.333,0.029,0.000160060447061859,"Pcgf3-201",0.000160060447061859,"Up"
2.1770760391648e-09,2.74511629713584,0.5,0.087,0.000167317001913971,"Ly6e-205",0.000167317001913971,"Up"
2.1770760391648e-09,2.74511629713584,0.5,0.087,0.000167317001913971,"Ly6e-206",0.000167317001913971,"Up"
2.19008968412536e-09,1.31789327540825,0.7,0.15,0.00016831715258377,"Psmb6-201",0.00016831715258377,"Up"
2.21332745276752e-09,1.11833559183597,0.6,0.111,0.000170103068054995,"Jpt1-201",0.000170103068054995,"Up"
2.33795312662998e-09,1.96803620787307,0.367,0.039,0.00017968104959402,"Vps13b-201",0.00017968104959402,"Up"
2.33795312662998e-09,1.94398880944458,0.367,0.039,0.00017968104959402,"Gatad2a-202",0.00017968104959402,"Up"
2.33795312662998e-09,2.03156472919331,0.367,0.039,0.00017968104959402,"Gps1-202",0.00017968104959402,"Up"
2.33795312662998e-09,2.38761193409692,0.367,0.039,0.00017968104959402,"Brap-202",0.00017968104959402,"Up"
2.42628256141437e-09,2.7732721288546,0.367,0.039,0.00018646951997494,"Osgin2-201",0.00018646951997494,"Up"
2.47766496182466e-09,2.02773546010847,0.4,0.048,0.000190418462976073,"Gtf2h1-201",0.000190418462976073,"Up"
2.48528990396045e-09,1.82888583813015,0.867,0.275,0.000191004470278976,"Klf6-201",0.000191004470278976,"Up"
2.50057239934866e-09,1.42259554528732,0.6,0.116,0.000192178991179542,"Prex1-201",0.000192178991179542,"Up"
2.5178591807848e-09,1.74187965606514,0.367,0.039,0.000193507549480035,"Dbf4-201",0.000193507549480035,"Up"
2.5178591807848e-09,2.29727133750571,0.367,0.039,0.000193507549480035,"Smad7-201",0.000193507549480035,"Up"
2.5178591807848e-09,1.84092813373031,0.367,0.039,0.000193507549480035,"Washc2-210",0.000193507549480035,"Up"
2.5178591807848e-09,2.66580021410155,0.367,0.039,0.000193507549480035,"Il4ra-205",0.000193507549480035,"Up"
2.51797388084249e-09,1.85749527967069,0.867,0.382,0.000193516364638269,"Ybx1-201",0.000193516364638269,"Up"
2.51906529936872e-09,1.2845998919037,0.8,0.208,0.000193600244517684,"Ets2-201",0.000193600244517684,"Up"
2.5946371531184e-09,1.22775808383,0.6,0.111,0.000199408243765762,"Hnrnpm-201",0.000199408243765762,"Up"
2.61279888209917e-09,1.93320006853747,0.367,0.039,0.00020080404528485,"Ddhd1-208",0.00020080404528485,"Up"
2.65595142805358e-09,1.49997464873166,0.7,0.15,0.00020412049105163,"Slc15a3-201",0.00020412049105163,"Up"
2.70576179201475e-09,1.01703206545694,0.667,0.13,0.000207948616763501,"Ube2b-201",0.000207948616763501,"Up"
2.7112215681605e-09,1.37654138874375,0.367,0.039,0.000208368222399407,"Cog4-201",0.000208368222399407,"Up"
2.7112215681605e-09,1.47021195261765,0.367,0.039,0.000208368222399407,"Sumo1-201",0.000208368222399407,"Up"
2.7112215681605e-09,1.49827754749552,0.367,0.039,0.000208368222399407,"Helz2-201",0.000208368222399407,"Up"
2.74871765676186e-09,2.2411466743569,0.4,0.048,0.000211249946792776,"Slbp-201",0.000211249946792776,"Up"
2.76361728887284e-09,3.04947771252038,0.467,0.082,0.000212395043119033,"Lilrb4b-212",0.000212395043119033,"Up"
2.77440944698902e-09,2.10936011316096,0.4,0.053,0.000213224463638895,"Hnrnpdl-205",0.000213224463638895,"Up"
2.79753609473514e-09,1.37256970655366,0.433,0.058,0.000215001839024774,"Eif4g3-215",0.000215001839024774,"Up"
2.81325128082572e-09,1.72737978403062,0.367,0.039,0.00021620961393658,"Lta4h-201",0.00021620961393658,"Up"
2.81325128082572e-09,1.68975779362816,0.367,0.039,0.00021620961393658,"Tspan14-201",0.00021620961393658,"Up"
2.81325128082572e-09,1.36601813262467,0.367,0.039,0.00021620961393658,"Msrb1-201",0.00021620961393658,"Up"
2.8404447860054e-09,1.47747738468796,0.667,0.15,0.000218299543583659,"Lrrfip2-205",0.000218299543583659,"Up"
2.89024718875816e-09,2.17150674717519,0.433,0.058,0.000222127057444819,"Kat6a-202",0.000222127057444819,"Up"
2.89024718875816e-09,1.59687784524839,0.433,0.058,0.000222127057444819,"Dlk1-204",0.000222127057444819,"Up"
2.91901633889879e-09,1.93024291591832,0.367,0.039,0.000224338081709727,"Luc7l3-203",0.000224338081709727,"Up"
2.94523957928058e-09,1.20356655103898,0.4,0.048,0.00022635344262603,"Kdm5a-201",0.00022635344262603,"Up"
3.00201757015734e-09,2.02987805335085,0.5,0.082,0.000230717058336872,"Sptan1-205",0.000230717058336872,"Up"
3.02864948043937e-09,1.29130164960518,0.367,0.039,0.000232763827169687,"Mia3-202",0.000232763827169687,"Up"
3.02864948043937e-09,1.3056126462849,0.367,0.039,0.000232763827169687,"Oasl1-201",0.000232763827169687,"Up"
3.04856539713264e-09,1.31842167880346,0.4,0.048,0.000234294445031232,"ENSMUST00000249998.1",0.000234294445031232,"Up"
3.08473072841567e-09,1.68552961489522,0.433,0.058,0.000237073895401658,"Ubn1-207",0.000237073895401658,"Up"
3.14228800962261e-09,1.00789626349392,0.367,0.039,0.000241497402691536,"Usp8-201",0.000241497402691536,"Up"
3.15788840311861e-09,1.2591181235675,0.5,0.077,0.000242696355333278,"Kat6a-201",0.000242696355333278,"Up"
3.18035025122054e-09,1.79305353157054,0.733,0.184,0.000244422638207303,"Igf2-205",0.000244422638207303,"Up"
3.22886654090117e-09,1.32800807677517,0.467,0.068,0.000248151309134419,"Ptpn6-201",0.000248151309134419,"Up"
3.22886654090117e-09,1.32800807677517,0.467,0.068,0.000248151309134419,"Ptpn6-203",0.000248151309134419,"Up"
3.23035482639468e-09,2.17791016904504,0.467,0.072,0.000248265689827737,"Fubp1-202",0.000248265689827737,"Up"
3.24625345843265e-09,3.69371330085061,0.567,0.116,0.000249487563294383,"Iqsec1-201",0.000249487563294383,"Up"
3.253540037102e-09,1.37261765109291,0.7,0.155,0.000250047566011437,"Ier5-201",0.000250047566011437,"Up"
3.26007394828876e-09,1.59393500455038,0.367,0.039,0.000250549723221785,"Dnajc13-201",0.000250549723221785,"Up"
3.37363622684287e-09,2.23769994479681,0.5,0.082,0.000259277438577782,"Sirpa-211",0.000259277438577782,"Up"
3.42012904395938e-09,1.44633481415799,0.6,0.116,0.000262850597544454,"Trib1-201",0.000262850597544454,"Up"
3.50868067303491e-09,1.21691896274526,0.367,0.039,0.000269656144445425,"Klhdc4-201",0.000269656144445425,"Up"
3.51266389008479e-09,1.68293882630366,0.433,0.058,0.000269962270608576,"Khdrbs1-201",0.000269962270608576,"Up"
3.54215983376915e-09,1.32298940226919,0.467,0.068,0.000272229151864494,"Washc2-206",0.000272229151864494,"Up"
3.55785315602317e-09,1.27031121824608,0.667,0.135,0.000273435246453004,"Mdh1-201",0.000273435246453004,"Up"
3.55785315602317e-09,1.27031121824608,0.667,0.135,0.000273435246453004,"Mdh1-206",0.000273435246453004,"Up"
3.56489508227156e-09,1.78776769422762,0.533,0.092,0.000273976446652898,"Txnrd1-206",0.000273976446652898,"Up"
3.61480540053947e-09,1.5210651909996,0.667,0.15,0.00027781225425306,"Fam107b-201",0.00027781225425306,"Up"
3.62048186000167e-09,1.88977558854964,0.4,0.048,0.000278248512868568,"Rhog-201",0.000278248512868568,"Up"
3.7083790485839e-09,1.11262626958829,0.533,0.087,0.000285003763399867,"Myo9b-201",0.000285003763399867,"Up"
3.74625273760699e-09,1.32021703034651,0.567,0.101,0.000287914507896047,"Pafah1b1-205",0.000287914507896047,"Up"
3.77734098837495e-09,1.80376190366051,0.567,0.111,0.000290303764320569,"Cd83-201",0.000290303764320569,"Up"
3.87100789168606e-09,1.3560471914916,0.433,0.058,0.000297502440507641,"Gak-203",0.000297502440507641,"Up"
3.87739215206944e-09,1.17499465085725,0.4,0.048,0.000297993096455144,"Qars-218",0.000297993096455144,"Up"
3.90153231365189e-09,1.61050101134283,0.5,0.082,0.000299848364433403,"Ubap2l-208",0.000299848364433403,"Up"
4.04780257692747e-09,2.82507969095038,0.333,0.034,0.000311089819247183,"Ralgds-201",0.000311089819247183,"Up"
4.12941509878902e-09,1.32258688907645,0.433,0.058,0.000317362068002331,"Slc38a4-201",0.000317362068002331,"Up"
4.12941509878902e-09,1.04339981445891,0.433,0.058,0.000317362068002331,"Gigyf2-201",0.000317362068002331,"Up"
4.17161942343689e-09,1.16792517771858,0.733,0.184,0.000320605639168818,"Selenop-203",0.000320605639168818,"Up"
4.21545469961525e-09,1.29845038782297,0.533,0.092,0.000323974555484231,"Eprs-201",0.000323974555484231,"Up"
4.25840826046807e-09,1.72277704986716,0.567,0.106,0.000327275708450013,"Tnip1-201",0.000327275708450013,"Up"
4.27847746264299e-09,1.46542171782434,0.933,0.275,0.000328818106913964,"Tln1-201",0.000328818106913964,"Up"
4.29633353936177e-09,1.0949176155027,0.4,0.048,0.000330190417834109,"Aco2-201",0.000330190417834109,"Up"
4.45600298218017e-09,2.76460197161528,0.367,0.043,0.000342461653192475,"Irf7-210",0.000342461653192475,"Up"
4.52387011355262e-09,1.13702015648695,0.567,0.101,0.000347677513706973,"Hcls1-201",0.000347677513706973,"Up"
4.62640818590979e-09,2.45940185676799,0.867,0.449,0.000355557974719911,"Lgals3-204",0.000355557974719911,"Up"
4.7118953188442e-09,1.44054827071709,0.533,0.092,0.000362128002834452,"Ylpm1-201",0.000362128002834452,"Up"
4.78833648390779e-09,1.68744565496479,0.467,0.072,0.000368002812134249,"Epb41l2-202",0.000368002812134249,"Up"
4.96468459105826e-09,1.18475819877191,0.467,0.068,0.000381555869561191,"Snx18-201",0.000381555869561191,"Up"
5.4260820026326e-09,1.28038290364378,0.533,0.097,0.000417016106230326,"Ctnnb1-208",0.000417016106230326,"Up"
5.8291805545978e-09,2.68622412707644,0.667,0.179,0.000447995842343059,"Tnfaip3-201",0.000447995842343059,"Up"
5.90291172065569e-09,1.86381580746556,0.733,0.203,0.000453662377379273,"Csf1r-202",0.000453662377379273,"Up"
6.07098929139764e-09,1.10287978267242,0.433,0.058,0.000466579811001074,"Gspt1-205",0.000466579811001074,"Up"
6.16705471034039e-09,2.24261014526125,0.333,0.034,0.0004739628227085,"Lmbrd1-206",0.0004739628227085,"Up"
6.19123793773118e-09,1.21652330121167,0.433,0.063,0.000475821400466392,"H4c8-201",0.000475821400466392,"Up"
6.3917425918296e-09,1.62435950887047,0.533,0.097,0.000491230985152472,"Itga5-201",0.000491230985152472,"Up"
6.40884281487747e-09,2.70877917920103,0.4,0.053,0.000492545205694593,"Usp1-201",0.000492545205694593,"Up"
6.46327209088304e-09,1.66515167066315,0.467,0.072,0.000496728313272725,"Adgre5-202",0.000496728313272725,"Up"
6.60866945859648e-09,-4.67004358956308,0.5,0.768,0.000507902682570974,"Nudt4-201",0.000507902682570974,"Down"
6.65428682371836e-09,2.14802079200182,0.333,0.034,0.000511408559550051,"Cux1-211",0.000511408559550051,"Up"
6.81657050405869e-09,2.38316231793151,0.367,0.043,0.000523880709518927,"Foxp1-220",0.000523880709518927,"Up"
6.81657050405869e-09,1.50742536220813,0.367,0.043,0.000523880709518927,"Gtf3c2-201",0.000523880709518927,"Up"
6.87841477434509e-09,1.89143504495691,0.5,0.092,0.000528633689067517,"Lilrb4b-207",0.000528633689067517,"Up"
7.13224793281393e-09,1.22660124608596,0.533,0.092,0.000548141782628481,"Snx3-201",0.000548141782628481,"Up"
7.31607685090255e-09,1.00810080282567,0.567,0.101,0.000562269770299264,"Smg1-201",0.000562269770299264,"Up"
7.45604134328541e-09,2.30819134119779,0.333,0.034,0.000573026601396857,"Hycc1-201",0.000573026601396857,"Up"
7.45604134328541e-09,1.764650857629,0.333,0.034,0.000573026601396857,"Il21r-201",0.000573026601396857,"Up"
7.45604134328541e-09,1.9417452866174,0.333,0.034,0.000573026601396857,"Psd4-202",0.000573026601396857,"Up"
7.56004057572527e-09,2.01279699439436,0.4,0.053,0.00058101935840679,"Cd36-203",0.00058101935840679,"Up"
7.58072545514248e-09,2.81971652387422,0.4,0.058,0.00058260907412952,"Rgs1-205",0.00058260907412952,"Up"
7.67477857562654e-09,1.75529672402699,0.733,0.188,0.000589837432651202,"Egr1-201",0.000589837432651202,"Up"
7.72865592971631e-09,1.32099565313903,0.467,0.072,0.000593978122822417,"Csrnp1-203",0.000593978122822417,"Up"
8.04193064364969e-09,2.50080437488088,0.333,0.034,0.000618054537687053,"Ikbkb-201",0.000618054537687053,"Up"
8.04193064364969e-09,2.50080437488088,0.333,0.034,0.000618054537687053,"Ikbkb-202",0.000618054537687053,"Up"
8.04193064364969e-09,1.00028379211207,0.333,0.034,0.000618054537687053,"Cd82-201",0.000618054537687053,"Up"
8.04193064364969e-09,2.3392626871909,0.333,0.034,0.000618054537687053,"Mapk6-202",0.000618054537687053,"Up"
8.12573501309064e-09,2.29464512805373,0.367,0.043,0.000624495238696068,"Brpf1-208",0.000624495238696068,"Up"
8.20168305771495e-09,1.63039481859609,0.467,0.072,0.000630332149717624,"Rbbp6-210",0.000630332149717624,"Up"
8.35142490425344e-09,1.89095152528859,0.333,0.034,0.000641840409591494,"Gaa-203",0.000641840409591494,"Up"
8.41396326196301e-09,1.44457656013663,0.633,0.13,0.000646646732534905,"Ppcdc-209",0.000646646732534905,"Up"
8.44863566766872e-09,1.63396258136564,0.467,0.072,0.000649311445603012,"Stat6-201",0.000649311445603012,"Up"
8.67248727403576e-09,1.53749538418866,0.333,0.034,0.000666515336958745,"Foxp1-205",0.000666515336958745,"Up"
8.67248727403576e-09,1.7890049270214,0.333,0.034,0.000666515336958745,"Ilk-201",0.000666515336958745,"Up"
8.67248727403576e-09,1.57232567651758,0.333,0.034,0.000666515336958745,"Acer3-201",0.000666515336958745,"Up"
8.71521014275024e-09,1.67146775220404,0.367,0.043,0.000669798760310927,"Kmt2e-202",0.000669798760310927,"Up"
8.96441542742754e-09,1.19904644351456,0.467,0.072,0.000688951183259516,"Rac1-201",0.000688951183259516,"Up"
9.00553662733554e-09,1.21296272551225,0.333,0.034,0.000692111511957246,"Gnl3-201",0.000692111511957246,"Up"
9.00553662733554e-09,1.43945034561126,0.333,0.034,0.000692111511957246,"Hbegf-201",0.000692111511957246,"Up"
9.16571476559143e-09,1.46740925569602,0.733,0.193,0.000704421842594764,"Chd2-203",0.000704421842594764,"Up"
9.23365762733044e-09,1.35228276083031,0.467,0.072,0.000709643523290854,"Znfx1-201",0.000709643523290854,"Up"
9.3461758245699e-09,1.56530556123471,0.367,0.043,0.000718290996821495,"Asph-212",0.000718290996821495,"Up"
9.35100648655323e-09,1.30758550285717,0.333,0.034,0.000718662252517562,"Man1a2-201",0.000718662252517562,"Up"
9.35100648655323e-09,2.45928874365589,0.333,0.034,0.000718662252517562,"Krr1-203",0.000718662252517562,"Up"
9.35100648655323e-09,1.52888595899923,0.333,0.034,0.000718662252517562,"Dnajc14-201",0.000718662252517562,"Up"
9.35100648655323e-09,1.70738265249618,0.333,0.034,0.000718662252517562,"Msh6-201",0.000718662252517562,"Up"
9.35100648655323e-09,1.54784910690231,0.333,0.034,0.000718662252517562,"Arhgap17-208",0.000718662252517562,"Up"
9.35100648655323e-09,1.8143273591622,0.333,0.034,0.000718662252517562,"Herc4-201",0.000718662252517562,"Up"
9.35100648655323e-09,1.8143273591622,0.333,0.034,0.000718662252517562,"Herc4-208",0.000718662252517562,"Up"
9.35100648655323e-09,1.07553533291616,0.333,0.034,0.000718662252517562,"Akt1s1-204",0.000718662252517562,"Up"
9.35100648655323e-09,1.07553533291616,0.333,0.034,0.000718662252517562,"Akt1s1-201",0.000718662252517562,"Up"
9.48959787008049e-09,1.15994690041211,0.5,0.082,0.000729313554707166,"Il1rn-204",0.000729313554707166,"Up"
9.51523310390325e-09,1.67150917730429,0.4,0.053,0.00073128372496738,"Cux1-204",0.00073128372496738,"Up"
9.57370869744058e-09,1.17679260208554,0.767,0.188,0.000735777808233098,"Aff4-201",0.000735777808233098,"Up"
9.70934551498645e-09,1.27479966432631,0.333,0.034,0.000746202040208768,"Mcfd2-201",0.000746202040208768,"Up"
9.70934551498645e-09,1.27479966432631,0.333,0.034,0.000746202040208768,"Mcfd2-204",0.000746202040208768,"Up"
9.70934551498645e-09,1.1616073843969,0.333,0.034,0.000746202040208768,"Mtr-201",0.000746202040208768,"Up"
9.70934551498645e-09,1.41479228295073,0.333,0.034,0.000746202040208768,"Igfbp7-201",0.000746202040208768,"Up"
9.83191475296463e-09,1.6995915973348,0.4,0.053,0.000755621976424343,"Dock2-205",0.000755621976424343,"Up"
9.88290928173615e-09,1.01455442134521,0.433,0.063,0.00075954110993855,"Aftph-201",0.00075954110993855,"Up"
1.0081018025542e-08,1.03325424364698,0.333,0.034,0.000774766559335006,"Rufy3-205",0.000774766559335006,"Up"
1.0081018025542e-08,1.56152217455743,0.333,0.034,0.000774766559335006,"Mydgf-201",0.000774766559335006,"Up"
1.00894046418251e-08,1.19364824718618,0.467,0.072,0.000775411104342829,"Acod1-201",0.000775411104342829,"Up"
1.03056289792879e-08,1.51380325946611,0.8,0.242,0.000792028809574193,"Spag9-202",0.000792028809574193,"Up"
1.03766513843265e-08,1.4642903851168,0.367,0.043,0.000797487165491026,"Prc1-204",0.000797487165491026,"Up"
1.04270796607863e-08,1.67377388492332,0.5,0.087,0.000801362780250068,"Bin2-207",0.000801362780250068,"Up"
1.04452651075071e-08,1.67106832057689,0.567,0.111,0.000802760404572349,"Tnip1-203",0.000802760404572349,"Up"
1.04452651075071e-08,1.67106832057689,0.567,0.111,0.000802760404572349,"Tnip1-206",0.000802760404572349,"Up"
1.04665045058113e-08,1.29446721510948,0.333,0.034,0.000804392737289622,"Trim8-201",0.000804392737289622,"Up"
1.04963037566802e-08,1.43578633375446,0.4,0.053,0.000806682928915901,"Erbin-201",0.000806682928915901,"Up"
1.07217569692636e-08,1.49362729775556,0.5,0.087,0.000824009910115781,"Epb41l2-201",0.000824009910115781,"Up"
1.07440683718773e-08,1.49250104991507,0.367,0.043,0.000825724630652255,"Zbtb21-202",0.000825724630652255,"Up"
1.07440683718773e-08,1.62407651313031,0.367,0.043,0.000825724630652255,"Por-202",0.000825724630652255,"Up"
1.08440410469406e-08,1.22615293710394,0.433,0.063,0.000833407930621571,"Tnpo1-202",0.000833407930621571,"Up"
1.08446616164955e-08,1.75295227459645,0.4,0.053,0.000833455623874148,"Myo1f-202",0.000833455623874148,"Up"
1.08446616164955e-08,1.98165808826128,0.4,0.053,0.000833455623874148,"Ilf3-202",0.000833455623874148,"Up"
1.08446616164955e-08,1.67450136116124,0.4,0.053,0.000833455623874148,"Arpc2-203",0.000833455623874148,"Up"
1.08446616164955e-08,2.39925141502523,0.4,0.053,0.000833455623874148,"Ptbp1-216",0.000833455623874148,"Up"
1.08663021600097e-08,1.71171652147532,0.333,0.034,0.000835118786205383,"Nsd2-203",0.000835118786205383,"Up"
1.08663021600097e-08,1.71171652147532,0.333,0.034,0.000835118786205383,"Nsd2-202",0.000835118786205383,"Up"
1.08663021600097e-08,1.15585994274761,0.333,0.034,0.000835118786205383,"Relb-202",0.000835118786205383,"Up"
1.09302850991835e-08,1.02047540208514,0.5,0.082,0.000840036131012646,"Myo9b-204",0.000840036131012646,"Up"
1.09997442672341e-08,1.59279205952519,0.633,0.13,0.000845374345914011,"Eif4b-201",0.000845374345914011,"Up"
1.11241163733848e-08,1.87598955803294,0.367,0.043,0.000854932839760118,"ENSMUST00000250009.1",0.000854932839760118,"Up"
1.11241163733848e-08,1.87598955803294,0.367,0.043,0.000854932839760118,"ENSMUST00000250008.1",0.000854932839760118,"Up"
1.1204245141973e-08,1.31418900379149,0.4,0.053,0.000861091056141195,"Mylip-201",0.000861091056141195,"Up"
1.12809254682949e-08,1.73170207800981,0.333,0.034,0.000866984245940339,"Ktn1-213",0.000866984245940339,"Up"
1.12809254682949e-08,1.73170207800981,0.333,0.034,0.000866984245940339,"Ktn1-205",0.000866984245940339,"Up"
1.12809254682949e-08,1.73170207800981,0.333,0.034,0.000866984245940339,"Ktn1-223",0.000866984245940339,"Up"
1.12809254682949e-08,1.73170207800981,0.333,0.034,0.000866984245940339,"Ktn1-203",0.000866984245940339,"Up"
1.12809254682949e-08,1.73170207800981,0.333,0.034,0.000866984245940339,"Ktn1-216",0.000866984245940339,"Up"
1.12809254682949e-08,1.73170207800981,0.333,0.034,0.000866984245940339,"Ktn1-208",0.000866984245940339,"Up"
1.12809254682949e-08,1.73170207800981,0.333,0.034,0.000866984245940339,"Ktn1-215",0.000866984245940339,"Up"
1.12809254682949e-08,1.07668281502887,0.333,0.034,0.000866984245940339,"Nelfe-204",0.000866984245940339,"Up"
1.13511406232266e-08,1.28515742286676,0.467,0.072,0.000872380561457458,"Cnot1-202",0.000872380561457458,"Up"
1.15754046512935e-08,1.65343009315175,0.4,0.053,0.000889616149070511,"Srrm1-208",0.000889616149070511,"Up"
1.17099385164267e-08,1.82715688847882,0.633,0.169,0.000899955614741455,"Stmn1-201",0.000899955614741455,"Up"
1.17109067639955e-08,1.18145335673114,0.333,0.034,0.000900030028440106,"Mreg-201",0.000900030028440106,"Up"
1.17109067639955e-08,1.02065321788387,0.333,0.034,0.000900030028440106,"Fxr1-204",0.000900030028440106,"Up"
1.19238009071251e-08,1.43806791835331,0.367,0.043,0.00091639179491619,"Cdca2-207",0.00091639179491619,"Up"
1.19585010163265e-08,1.4168183589657,0.4,0.053,0.000919058637108759,"Dhx9-202",0.000919058637108759,"Up"
1.19585010163265e-08,1.43213199501886,0.4,0.053,0.000919058637108759,"U2surp-202",0.000919058637108759,"Up"
1.19585010163265e-08,1.47871816403469,0.4,0.053,0.000919058637108759,"U2surp-209",0.000919058637108759,"Up"
1.2156796829292e-08,1.15443372216361,0.333,0.034,0.000934298463518404,"Brd1-202",0.000934298463518404,"Up"
1.2156796829292e-08,1.15443372216361,0.333,0.034,0.000934298463518404,"Brd1-201",0.000934298463518404,"Up"
1.2156796829292e-08,1.08502659954968,0.333,0.034,0.000934298463518404,"Itgal-204",0.000934298463518404,"Up"
1.23443193836501e-08,1.48588864933618,0.367,0.043,0.000948710321911048,"Arpc4-201",0.000948710321911048,"Up"
1.23443193836501e-08,1.19719045582802,0.367,0.043,0.000948710321911048,"Stat2-201",0.000948710321911048,"Up"
1.26504326932987e-08,1.6108053715731,0.733,0.184,0.000972236354210782,"Csf2rb-201",0.000972236354210782,"Up"
1.26512968548027e-08,1.25488929908727,0.433,0.063,0.00097230276847901,"Hmgcl-201",0.00097230276847901,"Up"
1.26512968548027e-08,1.01794546491998,0.433,0.063,0.00097230276847901,"Arid4b-201",0.00097230276847901,"Up"
1.26841658555526e-08,1.41250673878988,0.533,0.101,0.000974828882662642,"Septin7-202",0.000974828882662642,"Up"
1.27620024123031e-08,1.46356943703307,0.4,0.053,0.000980810933395143,"Ubr2-201",0.000980810933395143,"Up"
1.27792336101552e-08,1.32076113280115,0.367,0.043,0.000982135219874865,"Chst11-201",0.000982135219874865,"Up"
1.29595168819908e-08,2.31126314407238,0.6,0.14,0.000995990710448522,"Ptp4a1-206",0.000995990710448522,"Up"
1.3046344056676e-08,1.11617702419721,0.433,0.063,0.00100266372613178,"Gvin2-201",0.00100266372613178,"Up"
1.3046344056676e-08,1.11617702419721,0.433,0.063,0.00100266372613178,"Gvin1-201",0.00100266372613178,"Up"
1.31452393429566e-08,1.03173581451021,0.467,0.072,0.00101026422446359,"Stx5a-213",0.00101026422446359,"Up"
1.3389083495907e-08,1.4716640636023,0.5,0.087,0.00102900462299444,"Ddx23-201",0.00102900462299444,"Up"
1.36178592099949e-08,1.04034294261723,0.4,0.053,0.00104658695172495,"Slc49a4-201",0.00104658695172495,"Up"
1.38727128319868e-08,1.18436106865007,0.433,0.063,0.00106617347198951,"Nktr-201",0.00106617347198951,"Up"
1.40664441926435e-08,1.02259692072789,0.4,0.053,0.00108106250198143,"H2bc3-201",0.00108106250198143,"Up"
1.41586214409574e-08,2.01256648925251,0.433,0.068,0.00108814669222334,"Vsir-203",0.00108814669222334,"Up"
1.45293706163787e-08,1.05854029837842,0.4,0.053,0.00111664024935117,"Arhgap45-202",0.00111664024935117,"Up"
1.45858376563307e-08,1.11905681342924,0.767,0.203,0.00112097996723964,"Sf3b1-201",0.00112097996723964,"Up"
1.46726217366021e-08,1.1972415587186,0.367,0.043,0.00112764967094481,"Zfand5-203",0.00112764967094481,"Up"
1.46726217366021e-08,1.32200680253087,0.367,0.043,0.00112764967094481,"Eif4a2-203",0.00112764967094481,"Up"
1.47824673877995e-08,1.40839851359506,0.633,0.14,0.00113609174862194,"Sik1-201",0.00113609174862194,"Up"
1.50070822798084e-08,1.02034692346434,0.4,0.053,0.0011533543015324,"Rab14-201",0.0011533543015324,"Up"
1.51277656536098e-08,1.76600784886292,0.467,0.077,0.00116262930154253,"Samhd1-201",0.00116262930154253,"Up"
1.51869835137389e-08,1.13225311893839,0.367,0.043,0.00116718043096489,"Brix1-201",0.00116718043096489,"Up"
1.51869835137389e-08,1.03742497995798,0.367,0.043,0.00116718043096489,"Utrn-205",0.00116718043096489,"Up"
1.51869835137389e-08,1.27045045103897,0.367,0.043,0.00116718043096489,"Rnf166-201",0.00116718043096489,"Up"
1.51869835137389e-08,1.14490258514461,0.367,0.043,0.00116718043096489,"Jade1-202",0.00116718043096489,"Up"
1.54974364505495e-08,1.9266185180372,0.433,0.068,0.00119103998097053,"Nptn-201",0.00119103998097053,"Up"
1.55000362312392e-08,1.35031090227292,0.4,0.053,0.00119123978451566,"Sema4d-201",0.00119123978451566,"Up"
1.56367290426059e-08,3.74088960247871,0.333,0.039,0.00120174517384044,"Emp1-202",0.00120174517384044,"Up"
1.57188421136675e-08,1.06983137318419,0.367,0.043,0.0012080558918038,"Itsn2-211",0.0012080558918038,"Up"
1.57250708650814e-08,1.02348393546178,0.567,0.111,0.00120853459626497,"Zmiz1-201",0.00120853459626497,"Up"
1.58123032288037e-08,1.10773409988702,0.633,0.159,0.00121523875234648,"H2ac11-201",0.00121523875234648,"Up"
1.60087031487703e-08,1.11723226857431,0.4,0.053,0.00123033287179559,"Anapc11-202",0.00123033287179559,"Up"
1.62687735057672e-08,1.09792456880289,0.367,0.043,0.00125032031901223,"Zc3h4-202",0.00125032031901223,"Up"
1.63058871258574e-08,1.75519147066341,0.867,0.285,0.00125317264917064,"Emilin2-203",0.00125317264917064,"Up"
1.65335677308102e-08,1.01774381053708,0.4,0.053,0.00127067081438369,"Smc4-202",0.00127067081438369,"Up"
1.74252505392337e-08,1.06147064212119,0.367,0.043,0.00133920020494227,"Rtcb-201",0.00133920020494227,"Up"
1.82076436509035e-08,1.06121149458568,0.533,0.097,0.00139933024514654,"Atp6v1d-201",0.00139933024514654,"Up"
1.89944696626352e-08,1.73423838513296,0.5,0.092,0.00145980097145216,"Slc3a2-202",0.00145980097145216,"Up"
1.91171230198992e-08,1.19450691817723,0.433,0.068,0.00146922737257133,"Dtnbp1-201",0.00146922737257133,"Up"
1.94069840356378e-08,3.12268892628403,0.333,0.039,0.00149150435107491,"Exoc4-206",0.00149150435107491,"Up"
2.01187898816956e-08,1.534745420646,0.6,0.126,0.00154620947756783,"Rgs10-201",0.00154620947756783,"Up"
2.1062396034632e-08,2.80715718754617,0.633,0.188,0.00161872938484561,"Sparc-202",0.00161872938484561,"Up"
2.17410363446966e-08,1.72961341548239,0.5,0.092,0.00167088560723531,"Mbnl1-201",0.00167088560723531,"Up"
2.24874782878719e-08,1.54432482751366,0.533,0.106,0.00172825265633611,"Bcas2-201",0.00172825265633611,"Up"
2.34802855676759e-08,2.26745118485209,0.367,0.048,0.00180455386701816,"Cux1-201",0.00180455386701816,"Up"
2.38569550931217e-08,1.22750528446516,0.567,0.116,0.00183350242672678,"Hnrnpl-211",0.00183350242672678,"Up"
2.38569550931217e-08,1.22750528184384,0.567,0.116,0.00183350242672678,"Hnrnpl-201",0.00183350242672678,"Up"
2.42622966171544e-08,1.84090327078832,0.433,0.068,0.00186465454421478,"Sptan1-208",0.00186465454421478,"Up"
2.42739321494643e-08,2.20771659975018,0.367,0.048,0.00186554878141493,"Nid1-202",0.00186554878141493,"Up"
2.42806468126489e-08,1.12438279206925,0.6,0.121,0.00186606483013932,"Ncor1-201",0.00186606483013932,"Up"
2.42806468126489e-08,1.12438279206925,0.6,0.121,0.00186606483013932,"Ncor1-204",0.00186606483013932,"Up"
2.44002451190216e-08,1.34111213273301,0.533,0.101,0.00187525643837729,"Pum1-203",0.00187525643837729,"Up"
2.49267445975784e-08,2.62026624230997,0.333,0.039,0.00191572002930229,"Exoc4-204",0.00191572002930229,"Up"
2.49267445975784e-08,2.62026625488499,0.333,0.039,0.00191572002930229,"Exoc4-203",0.00191572002930229,"Up"
2.53718898591351e-08,1.70831120328868,0.4,0.058,0.00194993122323397,"Cebpg-202",0.00194993122323397,"Up"
2.57807183885051e-08,1.71893037411142,0.6,0.14,0.00198135133103017,"Ptp4a1-204",0.00198135133103017,"Up"
2.65109193215523e-08,1.29168981616884,0.8,0.198,0.00203747019353858,"Rhob-201",0.00203747019353858,"Up"
2.67656948859585e-08,2.3945576192924,0.333,0.039,0.00205705071476545,"Brpf1-201",0.00205705071476545,"Up"
2.77169856580257e-08,2.08852405461397,0.367,0.048,0.00213016121576191,"Ankfy1-206",0.00213016121576191,"Up"
2.77338791177825e-08,2.4027066959779,0.333,0.039,0.00213145954571806,"Pld4-203",0.00213145954571806,"Up"
2.78613307412304e-08,2.03360862066697,0.4,0.058,0.00214125471278652,"Prpf40a-211",0.00214125471278652,"Up"
2.81357771597271e-08,1.22651034262516,0.433,0.068,0.00216234701783367,"H2-Ab1-201",0.00216234701783367,"Up"
2.83079854895157e-08,1.36955479010463,0.467,0.077,0.00217558191681124,"Bag6-202",0.00217558191681124,"Up"
2.91179290088285e-08,1.31013173145325,0.467,0.077,0.00223782931604451,"Brpf1-209",0.00223782931604451,"Up"
3.0587098158391e-08,2.35195935135608,0.4,0.058,0.00235074084186498,"Chmp1b-201",0.00235074084186498,"Up"
3.06056905264028e-08,1.94107403445105,0.367,0.048,0.00235216973971616,"Terf1-203",0.00235216973971616,"Up"
3.0846747467333e-08,2.07726597747963,0.333,0.039,0.00237069592985441,"Eya3-203",0.00237069592985441,"Up"
3.13316237146167e-08,1.84483187002105,0.567,0.126,0.00240796060896316,"Aldoa-203",0.00240796060896316,"Up"
3.15518910635245e-08,1.03761597576778,0.4,0.058,0.00242488903579611,"Zswim8-201",0.00242488903579611,"Up"
3.16319537656554e-08,1.83012923274003,0.367,0.048,0.00243104217470568,"Gcn1-201",0.00243104217470568,"Up"
3.1957769410175e-08,2.49522959546926,0.333,0.039,0.00245608241024959,"Ctnnd1-201",0.00245608241024959,"Up"
3.24869322373897e-08,1.37718217821629,0.967,0.372,0.00249675069017235,"P4hb-201",0.00249675069017235,"Up"
3.25461783610753e-08,1.80654405289326,0.4,0.058,0.00250130399176208,"Gtpbp2-217",0.00250130399176208,"Up"
3.26915671087474e-08,2.86821675064613,0.367,0.048,0.00251247769857568,"Nr3c1-204",0.00251247769857568,"Up"
3.31075686373915e-08,2.01810181152373,0.333,0.039,0.00254444908005808,"Gsn-201",0.00254444908005808,"Up"
3.31885872291111e-08,1.47889642632944,0.667,0.184,0.00255067568290611,"H3c3-201",0.00255067568290611,"Up"
3.36452243611222e-08,3.34533441285072,0.7,0.266,0.00258577007304968,"Txnip-202",0.00258577007304968,"Up"
3.44709941402229e-08,1.01586991314756,0.467,0.077,0.00264923378365269,"Ccdc59-201",0.00264923378365269,"Up"
3.46267461546662e-08,1.52127437501831,0.4,0.058,0.00266120394897071,"Dlk1-203",0.00266120394897071,"Up"
3.6081139044122e-08,2.01305063042137,0.367,0.048,0.00277297986009695,"Sbno1-216",0.00277297986009695,"Up"
3.62039525896427e-08,1.92584012901946,0.5,0.097,0.0027824185723244,"Golph3-201",0.0027824185723244,"Up"
3.68029198687476e-08,1.91535842883897,0.333,0.039,0.00282845160359273,"Aak1-202",0.00282845160359273,"Up"
3.68360734870437e-08,1.97925346698544,0.4,0.058,0.00283099959177325,"Ilf3-213",0.00283099959177325,"Up"
3.68484344956719e-08,1.01378332973945,0.533,0.101,0.00283194958473037,"Ccny-201",0.00283194958473037,"Up"
3.72849460720497e-08,1.76882523999523,0.367,0.048,0.00286549724542131,"Eif4a2-201",0.00286549724542131,"Up"
3.81213356397089e-08,1.8339383212451,0.333,0.039,0.00292977712925419,"Ctsj-201",0.00292977712925419,"Up"
3.81213356397089e-08,1.31481903057931,0.333,0.039,0.00292977712925419,"Fbxo28-201",0.00292977712925419,"Up"
3.94855047205332e-08,2.18853594894308,0.333,0.039,0.00303461897979186,"Ctnnd1-221",0.00303461897979186,"Up"
3.94855047205332e-08,2.18853594894308,0.333,0.039,0.00303461897979186,"Ctnnd1-222",0.00303461897979186,"Up"
3.94855047205332e-08,2.18853594894308,0.333,0.039,0.00303461897979186,"Ctnnd1-218",0.00303461897979186,"Up"
3.94855047205332e-08,2.18853594894308,0.333,0.039,0.00303461897979186,"Ctnnd1-219",0.00303461897979186,"Up"
4.1134735521969e-08,1.51713784811412,0.367,0.048,0.00316136896380541,"Nr1h2-201",0.00316136896380541,"Up"
4.1134735521969e-08,1.36196393590265,0.367,0.048,0.00316136896380541,"Bltp1-201",0.00316136896380541,"Up"
4.15506085400709e-08,1.02650819290276,0.767,0.198,0.00319333046873861,"Atp1a1-201",0.00319333046873861,"Up"
4.23572861494553e-08,1.12273236382581,0.333,0.039,0.00325532686973024,"Ilk-212",0.00325532686973024,"Up"
4.23572861494553e-08,1.50516807180894,0.333,0.039,0.00325532686973024,"Mapk6-201",0.00325532686973024,"Up"
4.23683394888657e-08,1.26758110032768,0.5,0.092,0.00325617636307729,"Bptf-202",0.00325617636307729,"Up"
4.23683394888657e-08,1.26758110032768,0.5,0.092,0.00325617636307729,"Bptf-203",0.00325617636307729,"Up"
4.29742766849857e-08,1.9962349501222,0.4,0.058,0.00330274506034789,"Kat6a-204",0.00330274506034789,"Up"
4.29742766849857e-08,1.202621316122,0.4,0.058,0.00330274506034789,"ENSMUST00000249889.1",0.00330274506034789,"Up"
4.35022730745095e-08,1.28740714946133,0.5,0.092,0.00334332369486835,"Hdgfl2-212",0.00334332369486835,"Up"
4.38681153260823e-08,1.67267509282337,0.333,0.039,0.00337144013527073,"Gps1-201",0.00337144013527073,"Up"
4.38681153260823e-08,1.0431069637553,0.333,0.039,0.00337144013527073,"Pds5a-209",0.00337144013527073,"Up"
4.38681153260823e-08,1.81984235226488,0.333,0.039,0.00337144013527073,"Lin37-201",0.00337144013527073,"Up"
4.38885935135157e-08,1.69496057746235,0.533,0.111,0.00337301396588773,"Lgmn-202",0.00337301396588773,"Up"
4.39125140506556e-08,1.77806337739162,0.367,0.048,0.00337485235484909,"Srrm1-201",0.00337485235484909,"Up"
4.46889651434745e-08,2.20590357996465,0.533,0.106,0.00343452572713659,"Tnip1-202",0.00343452572713659,"Up"
4.53687631764327e-08,1.47021656194118,0.367,0.048,0.00348677092516156,"Egln2-201",0.00348677092516156,"Up"
4.53687631764327e-08,1.2193971769116,0.367,0.048,0.00348677092516156,"Slfn5-201",0.00348677092516156,"Up"
4.54311345691696e-08,1.18414037330383,0.333,0.039,0.00349156441617896,"Dnajc14-202",0.00349156441617896,"Up"
4.54311345691696e-08,1.41337877374705,0.333,0.039,0.00349156441617896,"Ralgapa1-201",0.00349156441617896,"Up"
4.54311345691696e-08,1.80384045508408,0.333,0.039,0.00349156441617896,"Dctn4-203",0.00349156441617896,"Up"
4.54311345691696e-08,1.73341992709318,0.333,0.039,0.00349156441617896,"Nup54-201",0.00349156441617896,"Up"
4.66531570075579e-08,1.28094969218761,0.467,0.082,0.00358548172865885,"Ppp1r18-202",0.00358548172865885,"Up"
4.68717829140445e-08,1.2389874537754,0.367,0.048,0.00360228400407597,"Trp53bp2-201",0.00360228400407597,"Up"
4.68717829140445e-08,1.1495035779714,0.367,0.048,0.00360228400407597,"Ifngr1-203",0.00360228400407597,"Up"
4.70480845064482e-08,1.11426197675227,0.333,0.039,0.00361583348665857,"Hnrnpr-202",0.00361583348665857,"Up"
4.70480845064482e-08,1.59892699683675,0.333,0.039,0.00361583348665857,"Ino80d-201",0.00361583348665857,"Up"
4.70480845064482e-08,1.17869633713108,0.333,0.039,0.00361583348665857,"Gtf2h5-201",0.00361583348665857,"Up"
4.70480845064482e-08,1.28710855635089,0.333,0.039,0.00361583348665857,"Cyth2-205",0.00361583348665857,"Up"
4.72665615669289e-08,1.03652821343785,0.567,0.111,0.00363262432266475,"Ube2z-201",0.00363262432266475,"Up"
4.83394554313661e-08,1.46154481193011,0.467,0.097,0.00371508050772221,"H2ac8-201",0.00371508050772221,"Up"
4.84230235653178e-08,1.33548301116988,0.367,0.048,0.00372150305308893,"Dhx15-201",0.00372150305308893,"Up"
4.87207616022824e-08,1.45978004113359,0.333,0.039,0.00374438541218181,"Dtl-201",0.00374438541218181,"Up"
4.87207616022824e-08,1.64548705641479,0.333,0.039,0.00374438541218181,"Bub1b-201",0.00374438541218181,"Up"
4.87207616022824e-08,1.34996748125059,0.333,0.039,0.00374438541218181,"Dnm2-205",0.00374438541218181,"Up"
4.87207616022824e-08,1.03522357966398,0.333,0.039,0.00374438541218181,"Asxl1-205",0.00374438541218181,"Up"
4.87207616022824e-08,1.03522357966398,0.333,0.039,0.00374438541218181,"Asxl1-201",0.00374438541218181,"Up"
5.04510198721888e-08,1.04796945452013,0.333,0.039,0.0038773626812572,"Ptpre-204",0.0038773626812572,"Up"
5.04510198721888e-08,1.45327644916315,0.333,0.039,0.0038773626812572,"Stxbp2-201",0.0038773626812572,"Up"
5.06712263944947e-08,1.60394853519364,0.533,0.106,0.0038942864333225,"Sun2-201",0.0038942864333225,"Up"
5.16761863268809e-08,1.12091968938917,0.367,0.048,0.00397152162396611,"Asxl2-201",0.00397152162396611,"Up"
5.16761863268809e-08,1.451101515254,0.367,0.048,0.00397152162396611,"Ubr2-202",0.00397152162396611,"Up"
5.20492211802049e-08,1.29344287629747,0.467,0.082,0.00400019084458347,"Gatad2a-206",0.00400019084458347,"Up"
5.2240772647434e-08,1.17060947307995,0.333,0.039,0.00401491234104589,"Smarca2-209",0.00401491234104589,"Up"
5.33454433585776e-08,1.38252371277838,0.733,0.208,0.00409981070388012,"Cd9-201",0.00409981070388012,"Up"
5.33812302896911e-08,1.02674574923408,0.367,0.048,0.00410256107268392,"Lman2-201",0.00410256107268392,"Up"
5.49104190046107e-08,1.02486565914019,0.4,0.058,0.00422008534218035,"P4ha1-202",0.00422008534218035,"Up"
5.60067225669637e-08,1.04174152956627,0.333,0.039,0.00430434065616142,"Tspan14-202",0.00430434065616142,"Up"
5.69563990510479e-08,1.07050642516729,0.367,0.048,0.00437732709266923,"Itsn2-205",0.00437732709266923,"Up"
5.69563990510479e-08,1.18912082660867,0.367,0.048,0.00437732709266923,"Sbno2-209",0.00437732709266923,"Up"
5.76347818145343e-08,-1.61689779723192,0.767,0.894,0.00442946352157422,"Alas2-201",0.00442946352157422,"Down"
6.11914877449456e-08,1.22494285873236,0.633,0.145,0.00470281059915005,"Wac-207",0.00470281059915005,"Up"
6.2981520037067e-08,1.28745496788815,0.467,0.082,0.00484038174092875,"Cdk12-203",0.00484038174092875,"Up"
6.4410652075817e-08,1.71671805913864,0.433,0.072,0.00495021625463484,"Ubap2l-215",0.00495021625463484,"Up"
6.56922201654556e-08,2.48943503361902,0.367,0.053,0.00504870988859592,"Vps11-201",0.00504870988859592,"Up"
6.6986428312199e-08,1.48372506930845,0.7,0.193,0.00514817496150574,"Csf1r-201",0.00514817496150574,"Up"
7.15648378689696e-08,1.07378982554913,0.5,0.092,0.00550004404958179,"Tbl1x-201",0.00550004404958179,"Up"
7.22068760412584e-08,3.13208929212468,0.367,0.053,0.00554938725127488,"Chtop-202",0.00554938725127488,"Up"
7.48383748258382e-08,1.47635209821006,0.5,0.097,0.00575162845886497,"Tnip1-204",0.00575162845886497,"Up"
7.632661815095e-08,1.56486341805429,0.433,0.072,0.00586600591137311,"Tcerg1-209",0.00586600591137311,"Up"
8.06037866728304e-08,1.80149316550451,0.667,0.203,0.00619472342095371,"Plaur-201",0.00619472342095371,"Up"
8.74448125790689e-08,1.2009980056633,0.467,0.087,0.00672048362595176,"Safb2-201",0.00672048362595176,"Up"
8.75662704588556e-08,1.08451511519868,0.533,0.106,0.00672981814984489,"Atxn2l-206",0.00672981814984489,"Up"
8.78634558030231e-08,1.08441338711368,0.433,0.072,0.00675265803228553,"Vsir-201",0.00675265803228553,"Up"
9.03653733166585e-08,1.34857341269459,0.433,0.072,0.00694494040087847,"Pum2-216",0.00694494040087847,"Up"
9.20259915569136e-08,1.76043033885308,0.4,0.063,0.00707256555511504,"Plek-201",0.00707256555511504,"Up"
9.25549784578701e-08,1.57755947827003,0.5,0.101,0.00711322031440115,"Anxa4-209",0.00711322031440115,"Up"
9.35814034227851e-08,1.39328376591086,0.567,0.126,0.00719210517865473,"Rnh1-202",0.00719210517865473,"Up"
9.57288522651592e-08,2.1656082452389,0.367,0.053,0.00735714521198654,"Hnrnpl-202",0.00735714521198654,"Up"
9.57288522651592e-08,1.86612067341692,0.367,0.053,0.00735714521198654,"Inpp5d-210",0.00735714521198654,"Up"
9.60680275773412e-08,2.33500762481545,0.333,0.043,0.00738321219142898,"Tm9sf2-201",0.00738321219142898,"Up"
9.76114093931311e-08,1.47779496326486,0.4,0.063,0.0075018272574997,"Dock2-203",0.0075018272574997,"Up"
9.76114093931311e-08,1.71309632552906,0.4,0.063,0.0075018272574997,"Sirpa-201",0.0075018272574997,"Up"
1.03524346866133e-07,1.4607118408621,0.4,0.063,0.00795626015404977,"Dock2-206",0.00795626015404977,"Up"
1.03945927597565e-07,1.03663080890838,0.433,0.072,0.00798866031958329,"Tmed5-201",0.00798866031958329,"Up"
1.06946023990657e-07,1.17114730313655,0.5,0.097,0.00821922972777793,"Siva1-201",0.00821922972777793,"Up"
1.08422710930412e-07,1.67780853527564,0.367,0.053,0.00833271902584589,"Ankrd12-201",0.00833271902584589,"Up"
1.09691138905872e-07,1.11092544008543,0.5,0.097,0.00843020278947192,"Bptf-201",0.00843020278947192,"Up"
1.1184224007641e-07,1.57118158276439,0.367,0.053,0.00859552351883245,"Diaph3-202",0.00859552351883245,"Up"
1.1192004746549e-07,1.51440848911253,0.433,0.077,0.00860150332791279,"Ik-206",0.00860150332791279,"Up"
1.13021232180305e-07,1.23649207837637,0.433,0.072,0.00868613377798517,"Mlf2-201",0.00868613377798517,"Up"
1.1536603069156e-07,1.73759302391894,0.367,0.053,0.00886634092276917,"Dmxl2-202",0.00886634092276917,"Up"
1.1536603069156e-07,1.67851442879065,0.367,0.053,0.00886634092276917,"Eif4e-204",0.00886634092276917,"Up"
1.1536603069156e-07,1.73999715275517,0.367,0.053,0.00886634092276917,"Gramd1a-205",0.00886634092276917,"Up"
1.21369429081622e-07,1.03723348411625,0.5,0.097,0.00932772610263898,"Ago2-201",0.00932772610263898,"Up"
1.25293391154645e-07,1.9012423316627,0.333,0.043,0.00962929828379908,"Gtf2a1-201",0.00962929828379908,"Up"
1.27074964792327e-07,1.10306222214663,0.4,0.063,0.00976621934414948,"Usp19-201",0.00976621934414948,"Up"
1.29502272615457e-07,2.07682677524687,0.333,0.043,0.00995276765958835,"Nabp1-210",0.00995276765958835,"Up"
