"p_val","avg_log2FC","pct.1","pct.2","p_val_adj","gene","p_val_adj_plot","Significance"
4.85564938203638e-19,-2.57142871406206,0.173,0.922,3.73176077607024e-14,"Usp9x-201",3.73176077607024e-14,"Down"
9.16016440710865e-19,-3.2853018711889,0.048,0.765,7.03995275343929e-14,"Sipa1l1-202",7.03995275343929e-14,"Down"
1.04993246192802e-18,-2.52325408225128,0.135,0.882,8.0691509429016e-14,"Baiap2l1-201",8.0691509429016e-14,"Down"
1.11319225906573e-16,-2.74664904457757,0.077,0.745,8.55532778782378e-12,"Qrich1-201",8.55532778782378e-12,"Down"
1.98515632708423e-16,-2.49558422940383,0.096,0.784,1.52567204361732e-11,"Cct4-204",1.52567204361732e-11,"Down"
2.08727409193139e-16,-3.36065272376356,0.183,0.843,1.60415363061295e-11,"Plac1-202",1.60415363061295e-11,"Down"
3.24422447162667e-16,-2.00103269178677,0.173,0.922,2.49331627542396e-11,"Sfpq-201",2.49331627542396e-11,"Down"
3.78955598708969e-16,-2.78790702345306,0.077,0.725,2.91242535831791e-11,"Pcm1-204",2.91242535831791e-11,"Down"
4.23117137687956e-16,-3.13958856334647,0.087,0.745,3.25182444998702e-11,"Etl4-202",3.25182444998702e-11,"Down"
5.3687428476718e-16,-2.62845708536257,0.067,0.725,4.12609362814968e-11,"Bod1l-201",4.12609362814968e-11,"Down"
1.10241648413727e-15,-3.39484908132517,0.048,0.667,8.47251164718857e-11,"Topbp1-201",8.47251164718857e-11,"Down"
2.09524829293492e-15,-2.55153924758623,0.154,0.843,1.61028212305221e-10,"Ctnnb1-201",1.61028212305221e-10,"Down"
2.25574264794524e-15,-3.16383471964623,0.01,0.549,1.73362845465184e-10,"Supt20-210",1.73362845465184e-10,"Down"
2.29542730054008e-15,-2.98174050658375,0.087,0.725,1.76412769755708e-10,"Etl4-209",1.76412769755708e-10,"Down"
3.03809511781566e-15,-1.49121665210494,0.846,1,2.33489762184605e-10,"Eef1a1-201",2.33489762184605e-10,"Down"
3.22038846115139e-15,-3.34905859865338,0.048,0.647,2.47499734793329e-10,"Usp34-205",2.47499734793329e-10,"Down"
3.22038846115139e-15,-3.34905859865338,0.048,0.647,2.47499734793329e-10,"Usp34-208",2.47499734793329e-10,"Down"
3.73177699275099e-15,-2.95863477207106,0.096,0.745,2.86801989000885e-10,"Ptbp1-216",2.86801989000885e-10,"Down"
4.01928223176812e-15,-2.86315437439714,0.096,0.745,3.08897916640307e-10,"Ptbp1-206",3.08897916640307e-10,"Down"
4.67734120679352e-15,-2.59902764618616,0.058,0.667,3.59472381106909e-10,"Rere-202",3.59472381106909e-10,"Down"
5.25633171322752e-15,-2.74218035839375,0.038,0.627,4.03970117488388e-10,"Sipa1l1-210",4.03970117488388e-10,"Down"
5.25633171322752e-15,-2.74218035839375,0.038,0.627,4.03970117488388e-10,"Sipa1l1-201",4.03970117488388e-10,"Down"
8.24157894645281e-15,-4.10184505700425,0.01,0.529,6.33398308350684e-10,"Tnpo3-202",6.33398308350684e-10,"Down"
9.40507794441313e-15,-2.46674564174646,0.115,0.765,7.22817860339927e-10,"Ubap2l-208",7.22817860339927e-10,"Down"
1.05480574309395e-14,-2.66053083941212,0.25,0.863,8.10660405797421e-10,"Mbnl3-202",8.10660405797421e-10,"Down"
1.08852204729643e-14,-5.26022210905769,0,0.49,8.365727342292e-10,"Supt20-203",8.365727342292e-10,"Down"
1.30334545369046e-14,-2.04206798393194,0.048,0.647,1.00167311497927e-09,"Gspt1-205",1.00167311497927e-09,"Down"
1.60192484195705e-14,-3.82625117919494,0.019,0.549,1.23114331803767e-09,"Polr1a-201",1.23114331803767e-09,"Down"
1.7069644323406e-14,-3.95184588990044,0.038,0.588,1.31187044483104e-09,"Setd1b-204",1.31187044483104e-09,"Down"
2.01355241410657e-14,-2.2103571897292,0.115,0.784,1.54749557233746e-09,"Rrm1-201",1.54749557233746e-09,"Down"
2.19224879864803e-14,-2.75221522484672,0.038,0.608,1.68483089171295e-09,"Sipa1l1-205",1.68483089171295e-09,"Down"
2.19835263415745e-14,-1.76357203972532,0.077,0.706,1.68952193345537e-09,"Bod1l-204",1.68952193345537e-09,"Down"
2.93955674717175e-14,-2.08706956643761,0.048,0.627,2.25916694247137e-09,"Mcm3-201",2.25916694247137e-09,"Down"
2.95764932653863e-14,-3.00491490646842,0.087,0.686,2.273071813418e-09,"Hat1-201",2.273071813418e-09,"Down"
3.05642656072055e-14,-2.10792353020503,0.106,0.745,2.34898606897617e-09,"Ptbp1-215",2.34898606897617e-09,"Down"
3.4110864946187e-14,-2.82153974760248,0.096,0.725,2.62155641457426e-09,"Abce1-201",2.62155641457426e-09,"Down"
3.76611226668307e-14,-2.6521133439658,0.077,0.667,2.89440792143661e-09,"Pcm1-201",2.89440792143661e-09,"Down"
4.08457410192366e-14,-2.56005242425154,0.096,0.725,3.13915858029241e-09,"Khdrbs1-201",3.13915858029241e-09,"Down"
4.0995180215233e-14,-2.44571108975362,0.115,0.745,3.15064358026152e-09,"Ubap2l-202",3.15064358026152e-09,"Down"
4.11588953533597e-14,-3.40256145214269,0.087,0.667,3.16322574348711e-09,"Zfp64-201",3.16322574348711e-09,"Down"
4.15275878201109e-14,-2.04668522385445,0.135,0.784,3.1915612343268e-09,"Got2-201",3.1915612343268e-09,"Down"
4.19291514307315e-14,-2.41489876729395,0.077,0.686,3.22242300405743e-09,"Nup153-201",3.22242300405743e-09,"Down"
4.25089587166401e-14,-3.12279698927723,0.067,0.647,3.26698351320866e-09,"Top2a-201",3.26698351320866e-09,"Down"
4.37392411864325e-14,-3.38923242825133,0.077,0.667,3.36153564214208e-09,"Srrm1-203",3.36153564214208e-09,"Down"
4.46980793019106e-14,-5.80264714764239,0,0.471,3.43522618666904e-09,"Nckap1-202",3.43522618666904e-09,"Down"
5.11434347411828e-14,-3.4050808372451,0.038,0.588,3.93057753359886e-09,"Gspt1-201",3.93057753359886e-09,"Down"
5.350344715404e-14,-1.8330235486901,0.26,0.882,4.11195392757659e-09,"Krt19-201",4.11195392757659e-09,"Down"
5.7589307308385e-14,-2.3068585998224,0.154,0.804,4.42596862387862e-09,"Ctnnb1-208",4.42596862387862e-09,"Down"
6.47752104116811e-14,-1.9323208567741,0.173,0.843,4.97823402097934e-09,"Ep400-201",4.97823402097934e-09,"Down"
7.07107033700346e-14,-3.50362804622973,0.077,0.647,5.43440039680064e-09,"Ubap2l-204",5.43440039680064e-09,"Down"
7.95197962363401e-14,-2.5327461323499,0.038,0.588,6.11141441994768e-09,"Rbm33-204",6.11141441994768e-09,"Down"
8.32739936429002e-14,-2.34818718731347,0.24,0.843,6.39993950743145e-09,"Ldoc1-201",6.39993950743145e-09,"Down"
8.90288812899683e-14,-3.74410858578191,0.038,0.569,6.84222564265923e-09,"Tcf12-202",6.84222564265923e-09,"Down"
8.96406263253661e-14,-2.6511728502531,0.038,0.588,6.88924069560968e-09,"Sipa1l1-208",6.88924069560968e-09,"Down"
9.18521696348745e-14,-3.92852690636925,0.029,0.549,7.05920664511865e-09,"Cycs-202",7.05920664511865e-09,"Down"
1.00416320820394e-13,-4.74366856038286,0.01,0.49,7.7173959203306e-09,"Acsl4-201",7.7173959203306e-09,"Down"
1.09391749783109e-13,-2.8748144665246,0.038,0.588,8.40719353783107e-09,"Ccnf-201",8.40719353783107e-09,"Down"
1.14492787129628e-13,-3.30867750665805,0.058,0.627,8.79922866206042e-09,"Klf4-201",8.79922866206042e-09,"Down"
1.23234010053957e-13,-2.06248027762773,0.038,0.588,9.47102660868679e-09,"Casp8ap2-201",9.47102660868679e-09,"Down"
1.23234010053957e-13,-2.06248027762773,0.038,0.588,9.47102660868679e-09,"Casp8ap2-205",9.47102660868679e-09,"Down"
1.32414278564938e-13,-1.87453135645784,0.048,0.608,1.01765669648298e-08,"Mcm3-202",1.01765669648298e-08,"Down"
1.43931184766955e-13,-1.85229514130174,0.115,0.745,1.10616872740796e-08,"Gata2-201",1.10616872740796e-08,"Down"
1.46359615674518e-13,-2.40998509173578,0.115,0.725,1.12483219030494e-08,"Sfmbt2-201",1.12483219030494e-08,"Down"
1.5053431119106e-13,-2.60231706017507,0.096,0.706,1.15691639522777e-08,"Ss18-203",1.15691639522777e-08,"Down"
1.64163382731462e-13,-1.43523203408083,0.087,0.686,1.26166126164438e-08,"Ergic2-208",1.26166126164438e-08,"Down"
1.73837956780801e-13,-2.61536062407928,0.058,0.627,1.33601423304317e-08,"Ythdf1-201",1.33601423304317e-08,"Down"
1.80450597481229e-13,-5.82633452635244,0,0.451,1.38683502188224e-08,"Tsr1-201",1.38683502188224e-08,"Down"
1.80450597481229e-13,-5.09332319299378,0,0.451,1.38683502188224e-08,"Capns1-208",1.38683502188224e-08,"Down"
1.80450597481229e-13,-5.09332319299378,0,0.451,1.38683502188224e-08,"Capns1-202",1.38683502188224e-08,"Down"
1.93366926103053e-13,-1.65305558303404,0.202,0.843,1.48610217387241e-08,"Trip12-206",1.48610217387241e-08,"Down"
2.07876498275204e-13,-2.1520576908565,0.125,0.745,1.59761403984425e-08,"Ddx21-201",1.59761403984425e-08,"Down"
2.09966108282675e-13,-2.22574639834142,0.058,0.627,1.61367352859567e-08,"Ero1a-201",1.61367352859567e-08,"Down"
2.2639924188325e-13,-1.72292932590684,0.058,0.627,1.73996873356953e-08,"Polr2a-201",1.73996873356953e-08,"Down"
2.46177339402173e-13,-3.49814459217949,0.019,0.51,1.89197132424146e-08,"Papola-215",1.89197132424146e-08,"Down"
2.4999618450382e-13,-3.0596326868533,0.048,0.588,1.92132067638566e-08,"Eps8l2-201",1.92132067638566e-08,"Down"
2.66481004565614e-13,-2.92849290301101,0.067,0.627,2.04801311248857e-08,"Srrm1-208",2.04801311248857e-08,"Down"
2.73331717376754e-13,-2.07865377841772,0.144,0.784,2.10066358072731e-08,"Pnn-201",2.10066358072731e-08,"Down"
2.91976365222037e-13,-1.70508740957348,0.125,0.745,2.24395515727745e-08,"Zbed6-201",2.24395515727745e-08,"Down"
2.94457836572022e-13,-1.5100768621278,0.269,0.922,2.26302625719062e-08,"Trip12-201",2.26302625719062e-08,"Down"
3.70795869146015e-13,-2.66651015065138,0.038,0.549,2.84971457273478e-08,"Rfx7-202",2.84971457273478e-08,"Down"
3.80625128472389e-13,-2.96622358278244,0.087,0.647,2.9252563623617e-08,"Trrap-215",2.9252563623617e-08,"Down"
4.14707978399428e-13,-2.25071423957581,0.087,0.686,3.18719669719097e-08,"Lyar-202",3.18719669719097e-08,"Down"
4.20637442537889e-13,-2.32630454848468,0.038,0.569,3.2327670008807e-08,"Eif2a-201",3.2327670008807e-08,"Down"
4.20637442537889e-13,-2.87604155875032,0.038,0.569,3.2327670008807e-08,"Nup214-201",3.2327670008807e-08,"Down"
4.47008276213299e-13,-1.91030920537366,0.096,0.706,3.43543740600969e-08,"Nsd1-201",3.43543740600969e-08,"Down"
4.94785773529423e-13,-2.0695086437003,0.106,0.725,3.80262658388303e-08,"Derl3-201",3.80262658388303e-08,"Down"
5.25698235044634e-13,-2.58530517888857,0.087,0.647,4.04020121561203e-08,"Ubap2l-220",4.04020121561203e-08,"Down"
5.82151703189849e-13,-2.4628357076154,0.135,0.725,4.47406869969526e-08,"Cnot1-202",4.47406869969526e-08,"Down"
6.59369011711196e-13,-3.04701611933856,0.029,0.529,5.06751460260523e-08,"Bcl2l13-201",5.06751460260523e-08,"Down"
6.85618171251357e-13,-1.90235429128723,0.077,0.647,5.26924989333518e-08,"Nsun2-202",5.26924989333518e-08,"Down"
7.05008799540372e-13,-1.88728769226193,0.048,0.588,5.41827462798757e-08,"Rbm33-202",5.41827462798757e-08,"Down"
7.12366333544492e-13,-1.65091204824886,0.115,0.745,5.47482021982284e-08,"Ahctf1-201",5.47482021982284e-08,"Down"
7.36631013887438e-13,-2.42272304425814,0.077,0.647,5.66130399413052e-08,"Scaf8-201",5.66130399413052e-08,"Down"
7.73706942139546e-13,-3.01812108433418,0.067,0.608,5.94624733311926e-08,"Zfp207-201",5.94624733311926e-08,"Down"
8.39960170225789e-13,-2.55863829349176,0.029,0.529,6.45542989225328e-08,"Chd8-212",6.45542989225328e-08,"Down"
8.65728966923205e-13,-2.02215046568354,0.192,0.824,6.6534734023916e-08,"Sp1-201",6.6534734023916e-08,"Down"
8.84593008840342e-13,-3.27499604665852,0.038,0.549,6.79845111014156e-08,"Cpsf6-201",6.79845111014156e-08,"Down"
9.13074892747333e-13,-2.09147123437991,0.077,0.647,7.01734578072035e-08,"Utp14b-201",7.01734578072035e-08,"Down"
9.35400643646314e-13,-1.69016567039591,0.144,0.765,7.18892810667938e-08,"Prrc2a-201",7.18892810667938e-08,"Down"
9.50919958269153e-13,-2.48820357014764,0.087,0.667,7.30820024728175e-08,"Adrm1-201",7.30820024728175e-08,"Down"
9.62497192398141e-13,-1.68758599788513,0.077,0.667,7.39717592245667e-08,"Helz-203",7.39717592245667e-08,"Down"
1.07579293398684e-12,-2.56458624626909,0.038,0.549,8.26789901486244e-08,"Atic-201",8.26789901486244e-08,"Down"
1.11340613111004e-12,-2.35742665267713,0.144,0.745,8.55697148003314e-08,"Trrap-203",8.55697148003314e-08,"Down"
1.13389619396642e-12,-2.13117779669681,0.106,0.686,8.71444580910955e-08,"Eif3l-201",8.71444580910955e-08,"Down"
1.37612287228103e-12,-1.91699280906535,0.135,0.765,1.05760547226287e-07,"Bclaf1-201",1.05760547226287e-07,"Down"
1.38566559909696e-12,-1.89437960759284,0.067,0.627,1.06493943952998e-07,"Tnpo3-201",1.06493943952998e-07,"Down"
1.41315097107358e-12,-2.70079381880168,0.038,0.549,1.08606304730889e-07,"Topors-201",1.08606304730889e-07,"Down"
1.41359458107959e-12,-2.67278247445655,0.077,0.627,1.08640397934291e-07,"Zfp207-207",1.08640397934291e-07,"Down"
1.56436023386167e-12,-2.33549984009347,0.115,0.706,1.20227341413205e-07,"Mybbp1a-201",1.20227341413205e-07,"Down"
1.79404094344428e-12,-1.01790850699268,0.019,0.49,1.37879222667466e-07,"Nckap1-201",1.37879222667466e-07,"Down"
1.85337467953781e-12,-2.10992563804441,0.048,0.569,1.42439257621199e-07,"Uhrf1-204",1.42439257621199e-07,"Down"
1.90198565117233e-12,-2.10383075807717,0.269,0.843,1.46175205235198e-07,"Mki67-201",1.46175205235198e-07,"Down"
2.09043510617795e-12,-1.97752178034074,0.106,0.686,1.606582996502e-07,"Nav1-208",1.606582996502e-07,"Down"
2.15519629984887e-12,-1.94682456229979,0.048,0.569,1.65635456428585e-07,"Ippk-201",1.65635456428585e-07,"Down"
2.16329507015262e-12,-1.78387446364518,0.038,0.549,1.6625787932151e-07,"Rsl24d1-201",1.6625787932151e-07,"Down"
2.23648089561297e-12,-2.1932180466917,0.106,0.686,1.71882502751439e-07,"Srsf2-201",1.71882502751439e-07,"Down"
2.25527037244004e-12,-2.91511957102504,0.058,0.588,1.73326549203507e-07,"Psmc6-201",1.73326549203507e-07,"Down"
2.25527037244004e-12,-2.0802203252762,0.058,0.588,1.73326549203507e-07,"Uhrf1-201",1.73326549203507e-07,"Down"
2.31273310970224e-12,-2.96784253276229,0.01,0.451,1.77742790413056e-07,"Marchf7-202",1.77742790413056e-07,"Down"
2.31273310970224e-12,-2.96784253276229,0.01,0.451,1.77742790413056e-07,"Marchf7-201",1.77742790413056e-07,"Down"
2.41493821825482e-12,-2.23269742421156,0.01,0.451,1.85597661825756e-07,"Atf2-201",1.85597661825756e-07,"Down"
2.42751587728283e-12,-2.84731899468327,0.058,0.588,1.86564305232694e-07,"Ftsj3-201",1.86564305232694e-07,"Down"
2.61641999051801e-12,-3.11530562637777,0.038,0.529,2.01082341951271e-07,"Slf2-201",2.01082341951271e-07,"Down"
2.8308464227684e-12,-2.00892293937678,0.106,0.686,2.17561870975443e-07,"Stag1-206",2.17561870975443e-07,"Down"
2.84013550026802e-12,-2.72570892542272,0.096,0.647,2.18275773737599e-07,"Adm-201",2.18275773737599e-07,"Down"
2.88936488529364e-12,-1.9700047971158,0.087,0.667,2.22059248894357e-07,"Gjb3-202",2.22059248894357e-07,"Down"
2.92596621063061e-12,-1.91742952430132,0.221,0.824,2.24872207151805e-07,"Sf3b1-201",2.24872207151805e-07,"Down"
2.94484192482531e-12,-1.44826381212674,0.115,0.706,2.26322881290525e-07,"Eif3e-201",2.26322881290525e-07,"Down"
2.97103941378001e-12,-2.06371669196891,0.067,0.608,2.28336263106649e-07,"Smad5-201",2.28336263106649e-07,"Down"
3.20280314749395e-12,-1.4389232632071,0.087,0.667,2.461482330975e-07,"Ippk-202",2.461482330975e-07,"Down"
3.6824610718138e-12,-2.7234444453484,0.067,0.588,2.83011863213178e-07,"Aldoa-203",2.83011863213178e-07,"Down"
3.6824610718138e-12,-2.7234444453484,0.067,0.588,2.83011863213178e-07,"ENSMUST00000381763.1",2.83011863213178e-07,"Down"
3.71054761336664e-12,-1.3911045238802,0.115,0.706,2.8517042627768e-07,"Sptan1-202",2.8517042627768e-07,"Down"
4.09349639024321e-12,-2.13011827545573,0.26,0.824,3.14601571575751e-07,"Huwe1-201",3.14601571575751e-07,"Down"
4.16767944470388e-12,-2.85670665706745,0.058,0.569,3.20302836043272e-07,"Srrm1-201",3.20302836043272e-07,"Down"
4.50793677138476e-12,-1.88029961069401,0.087,0.667,3.46452972628004e-07,"Mcl1-201",3.46452972628004e-07,"Down"
4.53808050138303e-12,-2.07441708568653,0.077,0.627,3.48769638853291e-07,"Eif4e-201",3.48769638853291e-07,"Down"
4.67407799436811e-12,-1.66409826487447,0.125,0.745,3.59221590179167e-07,"Usp1-202",3.59221590179167e-07,"Down"
4.81528238879263e-12,-2.7760274885801,0.048,0.549,3.70073712708269e-07,"Eps8l2-206",3.70073712708269e-07,"Down"
5.01443909501951e-12,-1.68273247896145,0.096,0.686,3.8537970220863e-07,"Bptf-201",3.8537970220863e-07,"Down"
5.44946423286775e-12,-2.85581890767394,0.038,0.529,4.18813124152818e-07,"Ccnl1-201",4.18813124152818e-07,"Down"
5.56749596762217e-12,-2.62582837482065,0.019,0.471,4.27884335095635e-07,"Braf-201",4.27884335095635e-07,"Down"
5.63303990996819e-12,-2.21033155632973,0.144,0.725,4.32921649240696e-07,"Trrap-201",4.32921649240696e-07,"Down"
5.80120044740173e-12,-3.30481323147512,0.019,0.471,4.45845459184612e-07,"Cse1l-201",4.45845459184612e-07,"Down"
5.82700118542482e-12,-3.44348974500774,0.029,0.49,4.4782834910464e-07,"Zc3h18-202",4.4782834910464e-07,"Down"
6.23081952462839e-12,-1.78271139048463,0.125,0.725,4.7886340374579e-07,"Bclaf1-202",4.7886340374579e-07,"Down"
6.29781675587452e-12,-2.93489849499394,0.019,0.471,4.84012408955981e-07,"Abhd5-204",4.84012408955981e-07,"Down"
6.7643294507777e-12,-2.00943534583769,0.298,0.843,5.1986577561007e-07,"Dsp-201",5.1986577561007e-07,"Down"
6.91481034261302e-12,-1.13615142047501,0.115,0.725,5.31430834071181e-07,"Ube2q2-201",5.31430834071181e-07,"Down"
6.96299362795668e-12,-1.4009149264729,0.087,0.647,5.35133912282983e-07,"Klhl22-201",5.35133912282983e-07,"Down"
7.06900026399219e-12,-3.54663765288403,0.038,0.51,5.43280946288856e-07,"Tcf12-201",5.43280946288856e-07,"Down"
7.18913314695331e-12,-1.61266841917263,0.106,0.686,5.5251363887595e-07,"Tox4-201",5.5251363887595e-07,"Down"
7.29688797774421e-12,-1.84142186142965,0.212,0.843,5.60795028641554e-07,"Prune2-201",5.60795028641554e-07,"Down"
7.37625241283843e-12,-1.60128893883127,0.115,0.725,5.66894502936285e-07,"Gjb3-201",5.66894502936285e-07,"Down"
7.79196713802285e-12,-4.91858178227129,0.019,0.451,5.98843842425608e-07,"Med14-202",5.98843842425608e-07,"Down"
7.8048943134323e-12,-1.31673283046078,0.269,0.941,5.99837347564526e-07,"Jup-201",5.99837347564526e-07,"Down"
8.00840452977251e-12,-3.29929888652367,0.029,0.49,6.15477921731137e-07,"Ints13-201",6.15477921731137e-07,"Down"
8.00840452977251e-12,-2.07181728167405,0.029,0.49,6.15477921731137e-07,"Pard3-224",6.15477921731137e-07,"Down"
8.50207024124564e-12,-4.10500021689705,0.01,0.431,6.53418106320693e-07,"Rif1-201",6.53418106320693e-07,"Down"
8.85445802720007e-12,-1.36265640276063,0.231,0.902,6.80500517222434e-07,"Tcf20-201",6.80500517222434e-07,"Down"
8.85445802720007e-12,-1.36265640276063,0.231,0.902,6.80500517222434e-07,"Tcf20-202",6.80500517222434e-07,"Down"
8.99220379867724e-12,-2.21594130308696,0.163,0.725,6.9108683074354e-07,"Rrm2-201",6.9108683074354e-07,"Down"
9.1605843109349e-12,-3.20394658259448,0.096,0.608,7.04027546632591e-07,"Pds5a-209",7.04027546632591e-07,"Down"
9.26359340898898e-12,-2.18752989341164,0.01,0.431,7.11944207854439e-07,"Atf2-207",7.11944207854439e-07,"Down"
9.26359340898898e-12,-2.98553152163016,0.01,0.431,7.11944207854439e-07,"Ranbp3-206",7.11944207854439e-07,"Down"
9.3813831483184e-12,-3.19541286456596,0.029,0.49,7.20996820480862e-07,"Dgcr8-201",7.20996820480862e-07,"Down"
1.01364179023128e-11,-2.39913406342589,0.115,0.686,7.7902426146435e-07,"Ssrp1-209",7.7902426146435e-07,"Down"
1.04289863187583e-11,-1.55258957386532,0.144,0.745,8.01509314541847e-07,"Cdc42-202",8.01509314541847e-07,"Down"
1.07540281021655e-11,-5.92961397947008,0,0.392,8.26490075763828e-07,"Csk-201",8.26490075763828e-07,"Down"
1.09841905961962e-11,-2.23328261281655,0.029,0.49,8.44178984080063e-07,"Zfp91-201",8.44178984080063e-07,"Down"
1.09841905961962e-11,-2.67236064983285,0.029,0.49,8.44178984080063e-07,"Ehmt1-202",8.44178984080063e-07,"Down"
1.11675018994778e-11,-2.79413811187747,0.087,0.608,8.58267190982464e-07,"Ubap2l-201",8.58267190982464e-07,"Down"
1.17925773336361e-11,-2.05040801397678,0.096,0.647,9.0630673839927e-07,"Dhx9-201",9.0630673839927e-07,"Down"
1.20782078823046e-11,-2.20363421930893,0.106,0.667,9.28258588586637e-07,"Fblim1-201",9.28258588586637e-07,"Down"
1.20782078823046e-11,-2.20363421930893,0.106,0.667,9.28258588586637e-07,"Fblim1-202",9.28258588586637e-07,"Down"
1.23848760698114e-11,-2.19565515651178,0.067,0.588,9.51827265469287e-07,"Bcor-204",9.51827265469287e-07,"Down"
1.23848760698114e-11,-2.39534494999521,0.067,0.588,9.51827265469287e-07,"Pex14-201",9.51827265469287e-07,"Down"
1.27206133124401e-11,-2.17906638410074,0.115,0.686,9.77630015514275e-07,"Bzw1-201",9.77630015514275e-07,"Down"
1.33384242564565e-11,-1.79300984087036,0.058,0.569,1.02511125780571e-06,"Ippk-203",1.02511125780571e-06,"Down"
1.33685914576881e-11,-2.19579243451563,0.029,0.49,1.02742972788916e-06,"Chd8-201",1.02742972788916e-06,"Down"
1.35752638213962e-11,-2.68404595237388,0.038,0.51,1.04331332572959e-06,"Bclaf1-208",1.04331332572959e-06,"Down"
1.37152467510219e-11,-1.55583227977444,0.077,0.627,1.05407157380304e-06,"Helz-201",1.05407157380304e-06,"Down"
1.40163609741467e-11,-2.07871283009823,0.115,0.686,1.07721340630707e-06,"Fblim1-203",1.07721340630707e-06,"Down"
1.46501308244607e-11,-1.96521607244074,0.038,0.51,1.1259211543831e-06,"Cbx5-202",1.1259211543831e-06,"Down"
1.50352787235879e-11,-2.68044438458397,0.029,0.49,1.15552131102263e-06,"Kpna4-201",1.15552131102263e-06,"Down"
1.64204076943086e-11,-3.02989211767322,0.038,0.51,1.26197401293839e-06,"Farsb-202",1.26197401293839e-06,"Down"
1.64204076943086e-11,-3.07309928922512,0.038,0.51,1.26197401293839e-06,"Farsb-201",1.26197401293839e-06,"Down"
1.71413882136984e-11,-1.94404565204773,0.058,0.569,1.31738424977558e-06,"Cenpf-204",1.31738424977558e-06,"Down"
1.731555137926e-11,-2.53175550041701,0.096,0.627,1.33076938570165e-06,"Gnb1-203",1.33076938570165e-06,"Down"
1.8410620646064e-11,-1.77377317603033,0.058,0.569,1.4149298391326e-06,"Nsd2-208",1.4149298391326e-06,"Down"
1.85964066915501e-11,-2.87032909494782,0.048,0.529,1.42920823987239e-06,"Sin3a-208",1.42920823987239e-06,"Down"
1.91099129299156e-11,-2.48480702471769,0.038,0.51,1.46867324831574e-06,"Fhdc1-202",1.46867324831574e-06,"Down"
1.92657118844732e-11,-3.13525728167108,0.019,0.451,1.4806470211693e-06,"Mapre2-209",1.4806470211693e-06,"Down"
2.00669679697495e-11,-2.67681324448636,0.019,0.451,1.54222675634713e-06,"Ehmt1-208",1.54222675634713e-06,"Down"
2.01798483256225e-11,-1.58726329385345,0.125,0.706,1.55090206321739e-06,"Kpna3-201",1.55090206321739e-06,"Down"
2.06954933164148e-11,-3.37887474408116,0.029,0.471,1.59053144333974e-06,"Ptbp1-205",1.59053144333974e-06,"Down"
2.07081914424953e-11,1.89085421363263,0.962,0.941,1.59150734512153e-06,"Tpt1-201",1.59150734512153e-06,"Up"
2.07159320264145e-11,-2.49403767028641,0.115,0.647,1.59210223995806e-06,"Srpk1-204",1.59210223995806e-06,"Down"
2.10950603499467e-11,-1.93979408643606,0.115,0.667,1.6212397681348e-06,"Mpzl2-201",1.6212397681348e-06,"Down"
2.15820520835486e-11,-1.36869488772377,0.279,0.922,1.65866703082905e-06,"Ddx3x-201",1.65866703082905e-06,"Down"
2.17200691589444e-11,-1.6923442313244,0.087,0.627,1.66927419514152e-06,"Mical3-216",1.66927419514152e-06,"Down"
2.17200691589444e-11,-1.6923442313244,0.087,0.627,1.66927419514152e-06,"Mical3-222",1.66927419514152e-06,"Down"
2.17200691589444e-11,-1.6923442313244,0.087,0.627,1.66927419514152e-06,"Mical3-221",1.66927419514152e-06,"Down"
2.17200691589444e-11,-1.6923442313244,0.087,0.627,1.66927419514152e-06,"Mical3-223",1.66927419514152e-06,"Down"
2.17949397516452e-11,-2.25022922128803,0.067,0.569,1.67502829967294e-06,"Smchd1-201",1.67502829967294e-06,"Down"
2.2360032059977e-11,-2.4365299842173,0.048,0.529,1.71845790393747e-06,"Usp14-201",1.71845790393747e-06,"Down"
2.24634314768837e-11,-2.00582702276124,0.067,0.588,1.72640456272442e-06,"U2af2-201",1.72640456272442e-06,"Down"
2.24686280949632e-11,-1.85379506730113,0.106,0.667,1.7268039436103e-06,"Bclaf1-204",1.7268039436103e-06,"Down"
2.26715650011018e-11,-2.57776040798505,0.019,0.451,1.74240045659468e-06,"Yeats2-202",1.74240045659468e-06,"Down"
2.28169035353002e-11,-4.21022609450242,0.01,0.412,1.75357030430196e-06,"Rfc1-201",1.75357030430196e-06,"Down"
2.28169035353002e-11,-4.98510880295757,0.01,0.412,1.75357030430196e-06,"Nup133-201",1.75357030430196e-06,"Down"
2.39707341383004e-11,-1.86513311755076,0.038,0.51,1.84224680146494e-06,"Ehmt1-210",1.84224680146494e-06,"Down"
2.4400186859052e-11,-2.6349423686741,0.058,0.549,1.87525196086559e-06,"Srgap2-201",1.87525196086559e-06,"Down"
2.48904041382696e-11,-1.71703987339307,0.154,0.745,1.91292711964257e-06,"Sf3b2-201",1.91292711964257e-06,"Down"
2.50838062176039e-11,-2.08248226914888,0.067,0.569,1.92779084304773e-06,"Jpt2-201",1.92779084304773e-06,"Down"
2.5340133385301e-11,-1.39997543637614,0.096,0.667,1.94749061119392e-06,"Klf13-201",1.94749061119392e-06,"Down"
2.59435226532053e-11,-4.42841507264878,0.01,0.412,1.99386348998944e-06,"Acsl4-204",1.99386348998944e-06,"Down"
2.62137135028376e-11,-1.67209622819896,0.058,0.549,2.01462873754708e-06,"Nsun2-201",2.01462873754708e-06,"Down"
2.6609998992103e-11,-1.49993489004173,0.115,0.706,2.04508486253908e-06,"Sec31a-201",2.04508486253908e-06,"Down"
2.67844446942798e-11,-1.69378286530229,0.077,0.608,2.05849171253418e-06,"Setd5-201",2.05849171253418e-06,"Down"
2.70761033421197e-11,-4.79818739067923,0.01,0.412,2.08090684625527e-06,"Cep170b-202",2.08090684625527e-06,"Down"
2.70761033421197e-11,-4.79818739067923,0.01,0.412,2.08090684625527e-06,"Cep170b-211",2.08090684625527e-06,"Down"
2.75860563862451e-11,-1.78229604234439,0.096,0.627,2.12009877750848e-06,"Papola-202",2.12009877750848e-06,"Down"
2.76680650423805e-11,-1.3082749141327,0.067,0.588,2.12640147076711e-06,"Zfx-203",2.12640147076711e-06,"Down"
2.76680650423805e-11,-1.3082749141327,0.067,0.588,2.12640147076711e-06,"Zfx-204",2.12640147076711e-06,"Down"
2.94119293716341e-11,-1.40644459442536,0.135,0.706,2.26042441992757e-06,"Pou2f3-202",2.26042441992757e-06,"Down"
2.99847320721785e-11,-2.3780992212876,0.048,0.529,2.30444659867521e-06,"Sumo1-201",2.30444659867521e-06,"Down"
3.03705022491714e-11,-1.5697020996359,0.269,0.882,2.33409457985782e-06,"Serpinb9b-201",2.33409457985782e-06,"Down"
3.06503631747268e-11,-2.1123781277669,0.029,0.471,2.35560301143045e-06,"Fam83b-202",2.35560301143045e-06,"Down"
3.08660576320422e-11,-2.0704595535731,0.135,0.686,2.37217999325297e-06,"Sptbn1-202",2.37217999325297e-06,"Down"
3.249545714043e-11,-1.40035602772802,0.135,0.725,2.49740586307061e-06,"Ythdf3-203",2.49740586307061e-06,"Down"
3.35058637297436e-11,-3.78139736773897,0.01,0.412,2.57505965108572e-06,"Agps-203",2.57505965108572e-06,"Down"
3.35058637297436e-11,-3.90891214181706,0.01,0.412,2.57505965108572e-06,"Rev3l-201",2.57505965108572e-06,"Down"
3.39647247502407e-11,-1.60074737931299,0.077,0.608,2.610324955955e-06,"Spen-201",2.610324955955e-06,"Down"
3.46990785860712e-11,-2.01622909511167,0.048,0.529,2.66676298565392e-06,"Rpp30-201",2.66676298565392e-06,"Down"
3.49604863593842e-11,-2.10666027229813,0.01,0.412,2.68685321866412e-06,"Atf2-205",2.68685321866412e-06,"Down"
3.51334388879774e-11,-1.58642782482689,0.077,0.608,2.70014531229661e-06,"Spen-202",2.70014531229661e-06,"Down"
3.5242170713744e-11,-1.48506090777208,0.067,0.588,2.70850178803408e-06,"Nsd2-203",2.70850178803408e-06,"Down"
3.5242170713744e-11,-1.48506090777208,0.067,0.588,2.70850178803408e-06,"Nsd2-202",2.70850178803408e-06,"Down"
3.58314121810811e-11,-2.25756270194578,0.029,0.471,2.7537873517648e-06,"Plrg1-204",2.7537873517648e-06,"Down"
3.59866603239685e-11,-1.72215076433485,0.048,0.529,2.76571879253827e-06,"Bcor-203",2.76571879253827e-06,"Down"
3.72550954745655e-11,-2.46607356185949,0.029,0.471,2.86320310760226e-06,"Chdh-201",2.86320310760226e-06,"Down"
3.74736659195632e-11,-3.22930614927383,0.038,0.49,2.88000112058211e-06,"Zc3h18-201",2.88000112058211e-06,"Down"
3.74736659195632e-11,-3.22930614927383,0.038,0.49,2.88000112058211e-06,"Zc3h18-205",2.88000112058211e-06,"Down"
3.76613690210534e-11,-1.60625837929438,0.106,0.667,2.89442685474404e-06,"Derl3-202",2.89442685474404e-06,"Down"
3.83660376159324e-11,-1.98134884274787,0.096,0.627,2.94858345493487e-06,"Rtn4-205",2.94858345493487e-06,"Down"
3.87340857649671e-11,-2.57178009818369,0.029,0.471,2.97686942738078e-06,"ENSMUST00000249896.1",2.97686942738078e-06,"Down"
4.01857374665373e-11,-1.61385582869084,0.163,0.745,3.08843466725325e-06,"Xpo1-202",3.08843466725325e-06,"Down"
4.02704806013949e-11,-2.63036323673426,0.029,0.471,3.0949475161396e-06,"Ehmt1-205",3.0949475161396e-06,"Down"
4.06843274444371e-11,-5.00602111708913,0,0.373,3.12675330141477e-06,"Kif20b-201",3.12675330141477e-06,"Down"
4.06843274444371e-11,-5.00602111708913,0,0.373,3.12675330141477e-06,"Kif20b-203",3.12675330141477e-06,"Down"
4.06843274444371e-11,-5.34362143801038,0,0.373,3.12675330141477e-06,"Prss8-202",3.12675330141477e-06,"Down"
4.18664550604045e-11,-2.749395723108,0.029,0.471,3.21760453721233e-06,"Knop1-204",3.21760453721233e-06,"Down"
4.35856028662132e-11,-2.39719101285551,0.038,0.49,3.34972792267995e-06,"Anapc1-201",3.34972792267995e-06,"Down"
4.374857361374e-11,-3.14874513934853,0.048,0.51,3.36225287651038e-06,"Ipo9-201",3.36225287651038e-06,"Down"
4.47019077881532e-11,-1.88322131084946,0.087,0.608,3.43552042115072e-06,"Stag1-201",3.43552042115072e-06,"Down"
4.5246247608439e-11,-1.57457810440204,0.029,0.471,3.47735511369897e-06,"Bud23-202",3.47735511369897e-06,"Down"
4.5246247608439e-11,-1.91114440456,0.029,0.471,3.47735511369897e-06,"Vezf1-201",3.47735511369897e-06,"Down"
4.52599371008118e-11,-2.76494051773624,0.038,0.49,3.47840720594579e-06,"Slf2-203",3.47840720594579e-06,"Down"
4.52599371008118e-11,-2.74480707522309,0.038,0.49,3.47840720594579e-06,"Fam136a-201",3.47840720594579e-06,"Down"
4.6792740704692e-11,-2.70729606589426,0.087,0.588,3.5962092941184e-06,"Ubap2l-203",3.5962092941184e-06,"Down"
4.87995401566547e-11,-2.48294319116119,0.038,0.49,3.75043985919954e-06,"Fbrs-202",3.75043985919954e-06,"Down"
4.88925229303994e-11,-2.00282252065719,0.029,0.471,3.75758595729292e-06,"Eif2a-207",3.75758595729292e-06,"Down"
4.88925229303994e-11,-1.13677100446586,0.029,0.471,3.75758595729292e-06,"Pard3-201",3.75758595729292e-06,"Down"
5.172484272367e-11,-1.39618181132702,0.048,0.529,3.97526106268493e-06,"Micall1-201",3.97526106268493e-06,"Down"
5.30339094226829e-11,-1.54925972709309,0.231,0.824,4.07586807477087e-06,"Stip1-201",4.07586807477087e-06,"Down"
5.32730880965887e-11,-1.21102224386639,0.115,0.667,4.09424991257523e-06,"Sptan1-201",4.09424991257523e-06,"Down"
5.49068264719746e-11,-2.11465396958081,0.029,0.471,4.21980924167713e-06,"Ddx10-201",4.21980924167713e-06,"Down"
5.67099590348825e-11,-2.97448807141198,0.038,0.49,4.35838719166686e-06,"Sec16a-202",4.35838719166686e-06,"Down"
5.67099590348825e-11,-2.97448810209905,0.038,0.49,4.35838719166686e-06,"Sec16a-201",4.35838719166686e-06,"Down"
5.81572913723535e-11,-4.45368465450698,0.019,0.431,4.46962047113086e-06,"Vps26c-201",4.46962047113086e-06,"Down"
5.82968165409453e-11,-1.5604089033478,0.356,0.902,4.48034353843781e-06,"Ddx5-201",4.48034353843781e-06,"Down"
5.87399552039187e-11,-1.55471906103504,0.106,0.647,4.51440051724197e-06,"Sptan1-203",4.51440051724197e-06,"Down"
6.04472934033811e-11,-1.50886519430511,0.115,0.667,4.64561628722345e-06,"Hnrnpdl-201",4.64561628722345e-06,"Down"
6.04472934033811e-11,-2.95581189427715,0.125,0.647,4.64561628722345e-06,"Nap1l1-203",4.64561628722345e-06,"Down"
6.05598280437067e-11,-3.31653614187799,0.019,0.431,4.65426502447104e-06,"Ythdc1-208",4.65426502447104e-06,"Down"
6.08115157757351e-11,-3.9276229597872,0.048,0.51,4.67360823342834e-06,"Ktn1-210",4.67360823342834e-06,"Down"
6.16429107855333e-11,-1.23861748285732,0.029,0.471,4.73750426551138e-06,"Wdfy3-201",4.73750426551138e-06,"Down"
6.19212534487304e-11,-2.76831665978695,0.106,0.627,4.75889601254873e-06,"Rab11fip1-202",4.75889601254873e-06,"Down"
6.45114695570736e-11,-2.28983819468185,0.192,0.745,4.95796448133933e-06,"Hnrnph1-203",4.95796448133933e-06,"Down"
6.56596951339022e-11,-2.24685786692922,0.019,0.431,5.04621020982092e-06,"Acsl4-202",5.04621020982092e-06,"Down"
6.56596951339022e-11,-3.49548810733267,0.019,0.431,5.04621020982092e-06,"Frmpd1-201",5.04621020982092e-06,"Down"
6.59179812124475e-11,-1.77638760277146,0.058,0.549,5.06606052810144e-06,"Larp4-202",5.06606052810144e-06,"Down"
6.74378779870618e-11,-2.08241169905745,0.163,0.725,5.18287067481765e-06,"Arid5b-204",5.18287067481765e-06,"Down"
6.83648129125958e-11,-3.11463240367437,0.019,0.431,5.25410933158464e-06,"U2af2-206",5.25410933158464e-06,"Down"
6.85130611314104e-11,-1.80979289255831,0.212,0.804,5.26550280019341e-06,"Eif4b-201",5.26550280019341e-06,"Down"
7.09781837982359e-11,-2.06585774417016,0.038,0.49,5.45495733762962e-06,"Atic-205",5.45495733762962e-06,"Down"
7.09781837982359e-11,-2.34534098093184,0.038,0.49,5.45495733762962e-06,"Cyfip1-203",5.45495733762962e-06,"Down"
7.10715103207653e-11,-2.12688360799032,0.077,0.569,5.4621298541921e-06,"Sptan1-208",5.4621298541921e-06,"Down"
7.11788281481533e-11,-3.40072939951923,0.019,0.431,5.47037765849817e-06,"Rapgef1-201",5.47037765849817e-06,"Down"
7.12587787769492e-11,-1.45891614666461,0.106,0.667,5.47652218412365e-06,"Sec31a-210",5.47652218412365e-06,"Down"
7.41060175057624e-11,-2.75556435759358,0.019,0.431,5.69534386938786e-06,"Zbtb21-201",5.69534386938786e-06,"Down"
7.71508212001615e-11,-2.97227119212854,0.019,0.431,5.92934921251721e-06,"Mapre2-202",5.92934921251721e-06,"Down"
7.85428031758292e-11,-1.41585824509974,0.058,0.549,6.03632859527518e-06,"Nsd2-207",6.03632859527518e-06,"Down"
8.13311425275043e-11,-2.25620174361301,0.048,0.51,6.25062362780882e-06,"Drosha-201",6.25062362780882e-06,"Down"
8.23825789568375e-11,-2.61112189079729,0.038,0.49,6.33143072314879e-06,"Rsl1d1-201",6.33143072314879e-06,"Down"
8.23825789568375e-11,-2.04679738059269,0.038,0.49,6.33143072314879e-06,"Bcor-201",6.33143072314879e-06,"Down"
8.39854999609779e-11,-2.28391108122893,0.058,0.529,6.454621614001e-06,"Taf1-205",6.454621614001e-06,"Down"
8.82903369275372e-11,-1.2923833358838,0.163,0.765,6.78546555422894e-06,"Ssrp1-201",6.78546555422894e-06,"Down"
8.85076820648344e-11,-1.59977718218442,0.135,0.686,6.80216939741079e-06,"Qrich1-202",6.80216939741079e-06,"Down"
8.8738214199407e-11,-1.01876245042351,0.038,0.49,6.81988671408123e-06,"Ehmt1-203",6.81988671408123e-06,"Down"
8.87491226396966e-11,-4.25301519309774,0.01,0.392,6.82072507135124e-06,"Rfc1-206",6.82072507135124e-06,"Down"
8.98913163777526e-11,-2.19103187804163,0.365,0.902,6.9085072288958e-06,"Npm1-201",6.9085072288958e-06,"Down"
9.43703522991354e-11,-4.99986561797885,0.019,0.412,7.25273905559775e-06,"Ilf2-201",7.25273905559775e-06,"Down"
9.54352238564721e-11,-1.41864955669756,0.096,0.627,7.33457869426531e-06,"Arid2-201",7.33457869426531e-06,"Down"
9.55724437864715e-11,-1.36885316512297,0.038,0.49,7.34512459476548e-06,"Rapgef1-203",7.34512459476548e-06,"Down"
9.91799099952321e-11,-2.28611703916625,0.038,0.49,7.62237280277357e-06,"Ak6-202",7.62237280277357e-06,"Down"
9.91799099952321e-11,-2.28611703916625,0.038,0.49,7.62237280277357e-06,"Ak6-205",7.62237280277357e-06,"Down"
1.0026649707382e-10,-2.65868735290037,0.067,0.529,7.70588136611139e-06,"Nxf7-201",7.70588136611139e-06,"Down"
1.02250396496584e-10,-1.62704758915516,0.279,0.882,7.8583519723485e-06,"Hdlbp-202",7.8583519723485e-06,"Down"
1.06602428304768e-10,-2.13238063069282,0.029,0.451,8.19282302493466e-06,"Lap3-201",8.19282302493466e-06,"Down"
1.10997675567498e-10,-1.42866524667585,0.106,0.647,8.53061535806452e-06,"Nktr-201",8.53061535806452e-06,"Down"
1.13606400741614e-10,-1.98484198403226,0.144,0.686,8.73110632259602e-06,"Sptbn1-201",8.73110632259602e-06,"Down"
1.14739981924397e-10,-1.50422580276624,0.096,0.608,8.81822657081761e-06,"Ranbp2-201",8.81822657081761e-06,"Down"
1.14988541485786e-10,-1.58860356398769,0.038,0.49,8.83732936734858e-06,"Ube2l3-205",8.83732936734858e-06,"Down"
1.14988541485786e-10,-1.58860356398769,0.038,0.49,8.83732936734858e-06,"Ube2l3-201",8.83732936734858e-06,"Down"
1.19310585411831e-10,-1.50752858832302,0.038,0.49,9.16949573124082e-06,"Ect2-207",9.16949573124082e-06,"Down"
1.24393442943154e-10,-2.20124641875656,0.029,0.451,9.56013366395318e-06,"Sh3gl1-201",9.56013366395318e-06,"Down"
1.24488185580623e-10,-3.83695007359383,0.01,0.392,9.56741501461322e-06,"Myb-201",9.56741501461322e-06,"Down"
1.29843509633949e-10,-1.91895985952526,0.01,0.392,9.9789930894075e-06,"Atf2-202",9.9789930894075e-06,"Down"
1.29843509633949e-10,-1.91895985952526,0.01,0.392,9.9789930894075e-06,"Atf2-204",9.9789930894075e-06,"Down"
1.29843509633949e-10,-1.82758529038109,0.01,0.392,9.9789930894075e-06,"Atf2-203",9.9789930894075e-06,"Down"
1.29843509633949e-10,-2.27538597971354,0.01,0.392,9.9789930894075e-06,"Supt20-208",9.9789930894075e-06,"Down"
1.30422768234481e-10,-2.22358977983619,0.077,0.569,1.00235114298928e-05,"Pum2-201",1.00235114298928e-05,"Down"
1.30422768234481e-10,-2.17443475463023,0.077,0.569,1.00235114298928e-05,"Ube2v1-202",1.00235114298928e-05,"Down"
1.32093150936853e-10,-2.12409881000768,0.125,0.647,1.01518870221009e-05,"Trrap-202",1.01518870221009e-05,"Down"
1.32563294872872e-10,-2.10705670920315,0.067,0.549,1.01880194641597e-05,"Kif20a-202",1.01880194641597e-05,"Down"
1.32563294872872e-10,-2.10705670920315,0.067,0.549,1.01880194641597e-05,"Kif20a-201",1.01880194641597e-05,"Down"
1.34674441012539e-10,-1.37680150274304,0.048,0.51,1.03502694895777e-05,"Cyfip1-201",1.03502694895777e-05,"Down"
1.35665994489494e-10,-1.31480630126609,0.067,0.569,1.04264743404955e-05,"Ckap2l-201",1.04264743404955e-05,"Down"
1.35676345308301e-10,-1.879731178211,0.125,0.667,1.04272698423242e-05,"Crebbp-201",1.04272698423242e-05,"Down"
1.37040912964207e-10,-1.90675484076551,0.077,0.588,1.05321423249512e-05,"Bag3-201",1.05321423249512e-05,"Down"
1.39610296236378e-10,-2.13598007170946,0.029,0.451,1.07296097069506e-05,"Plrg1-201",1.07296097069506e-05,"Down"
1.41655804840306e-10,-1.2055437907035,0.077,0.588,1.08868152251969e-05,"Khsrp-201",1.08868152251969e-05,"Down"
1.42529004500854e-10,-1.40220579747172,0.125,0.686,1.09539241119086e-05,"Cul1-201",1.09539241119086e-05,"Down"
1.44610774394352e-10,-2.03452819012233,0.221,0.804,1.11139164553035e-05,"Wnk1-202",1.11139164553035e-05,"Down"
1.46865406790943e-10,-1.72076695248393,0.067,0.549,1.12871939735111e-05,"Aamp-202",1.12871939735111e-05,"Down"
1.51345737700978e-10,-1.0014473354575,0.077,0.588,1.1631525325271e-05,"Gga2-201",1.1631525325271e-05,"Down"
1.51345737700978e-10,-1.0014473354575,0.077,0.588,1.1631525325271e-05,"Gga2-202",1.1631525325271e-05,"Down"
1.51558284843056e-10,-5.64218082656287,0,0.353,1.16478604233282e-05,"Lsm12-202",1.16478604233282e-05,"Down"
1.51558284843056e-10,-5.10545532816661,0,0.353,1.16478604233282e-05,"Nol11-201",1.16478604233282e-05,"Down"
1.51558284843056e-10,-5.10545532816661,0,0.353,1.16478604233282e-05,"Nol11-202",1.16478604233282e-05,"Down"
1.56641352625601e-10,-3.1451481475192,0.029,0.451,1.2038514514688e-05,"Cpsf6-206",1.2038514514688e-05,"Down"
1.61079946095985e-10,-1.50804373984946,0.087,0.608,1.23796381772608e-05,"Aco2-201",1.23796381772608e-05,"Down"
1.61794617815405e-10,-1.47082494540638,0.183,0.784,1.24345635575851e-05,"Atxn2l-206",1.24345635575851e-05,"Down"
1.70787137204241e-10,-1.02225011130863,0.202,0.784,1.31256746426947e-05,"Smc1a-201",1.31256746426947e-05,"Down"
1.75377909845999e-10,-1.29259196608176,0.125,0.706,1.34784938833044e-05,"Ncoa6-203",1.34784938833044e-05,"Down"
1.75377909845999e-10,-1.29259196608176,0.125,0.706,1.34784938833044e-05,"Ncoa6-201",1.34784938833044e-05,"Down"
1.80070343966076e-10,-2.53720042027472,0.058,0.51,1.38391262151688e-05,"Errfi1-202",1.38391262151688e-05,"Down"
1.80136392595014e-10,-1.96633130554774,0.067,0.549,1.38442023164972e-05,"Bclaf1-203",1.38442023164972e-05,"Down"
1.80766891470811e-10,-1.56001462565009,0.173,0.765,1.38926586770977e-05,"Psmd11-201",1.38926586770977e-05,"Down"
1.82538578202372e-10,-2.15297602388673,0.029,0.451,1.40288198891651e-05,"Mef2d-204",1.40288198891651e-05,"Down"
1.86757572906056e-10,-1.85051693090552,0.212,0.784,1.4353066508122e-05,"Birc6-218",1.4353066508122e-05,"Down"
1.9278361628633e-10,-1.58220111418366,0.067,0.549,1.48161920460696e-05,"Prrc2b-202",1.48161920460696e-05,"Down"
1.94877461308893e-10,-1.56303822434498,0.135,0.686,1.49771124114337e-05,"Gnb1-201",1.49771124114337e-05,"Down"
1.97011455531739e-10,-2.09854017339662,0.029,0.451,1.51411184034363e-05,"Ect2-212",1.51411184034363e-05,"Down"
2.03478143914585e-10,-1.78784768414093,0.019,0.412,1.56381092724115e-05,"Zfp638-220",1.56381092724115e-05,"Down"
2.03478143914585e-10,-2.15170517819087,0.019,0.412,1.56381092724115e-05,"Zfp638-201",1.56381092724115e-05,"Down"
2.03744948475905e-10,-2.54380583003705,0.183,0.706,1.56586142701672e-05,"Ncor2-202",1.56586142701672e-05,"Down"
2.07945448322565e-10,-1.79039723539026,0.077,0.569,1.59814394853824e-05,"Utp14b-202",1.59814394853824e-05,"Down"
2.10378055681477e-10,-2.43186189277745,0.087,0.569,1.61683950913442e-05,"Gnb1-208",1.61683950913442e-05,"Down"
2.17981459147899e-10,-1.26058883984256,0.125,0.667,1.67527470613526e-05,"Smg1-201",1.67527470613526e-05,"Down"
2.20446762676001e-10,-3.77875921304286,0.019,0.412,1.69422154987014e-05,"Bltp1-201",1.69422154987014e-05,"Down"
2.20446762676001e-10,-2.8041936196656,0.019,0.412,1.69422154987014e-05,"Btf3l4-204",1.69422154987014e-05,"Down"
2.23198654357064e-10,-2.21763425675669,0.038,0.471,1.71537093819578e-05,"Imp4-201",1.71537093819578e-05,"Down"
2.24712686635857e-10,-1.40907569077394,0.125,0.667,1.72700688187122e-05,"Tnpo1-201",1.72700688187122e-05,"Down"
2.24712686635857e-10,-1.77176940956319,0.125,0.667,1.72700688187122e-05,"Matr3-202",1.72700688187122e-05,"Down"
2.29441796127666e-10,-3.06453004073249,0.019,0.412,1.76335197995956e-05,"Psma1-203",1.76335197995956e-05,"Down"
2.29441796127666e-10,-3.16183965254499,0.019,0.412,1.76335197995956e-05,"Ythdc1-207",1.76335197995956e-05,"Down"
2.29658025173963e-10,-1.57734387993267,0.077,0.569,1.76501378667198e-05,"Setd5-203",1.76501378667198e-05,"Down"
2.37376092182059e-10,-1.63040018908212,0.077,0.569,1.824330218856e-05,"Zxdc-202",1.824330218856e-05,"Down"
2.3799713543519e-10,-1.41389666766364,0.048,0.51,1.82910318467361e-05,"Srsf4-201",1.82910318467361e-05,"Down"
2.38794999984347e-10,-3.49735370981863,0.019,0.412,1.8352350928797e-05,"Pola2-202",1.8352350928797e-05,"Down"
2.4026659754364e-10,-2.37656857677297,0.038,0.471,1.84654490876189e-05,"Cyfip1-202",1.84654490876189e-05,"Down"
2.47795623099806e-10,-1.96747060445278,0.096,0.608,1.90440848177125e-05,"Tcerg1-201",1.90440848177125e-05,"Down"
2.48520267258611e-10,-2.75781165973275,0.019,0.412,1.90997766198933e-05,"Zfp148-201",1.90997766198933e-05,"Down"
2.49272157053754e-10,-2.62503305495511,0.038,0.471,1.91575623582092e-05,"Rfwd3-201",1.91575623582092e-05,"Down"
2.49272157053754e-10,-2.33425636589966,0.038,0.471,1.91575623582092e-05,"Cyfip1-207",1.91575623582092e-05,"Down"
2.55263852246603e-10,-1.17743666206604,0.135,0.686,1.96180481005604e-05,"Tnpo1-202",1.96180481005604e-05,"Down"
2.56252304422776e-10,-1.48425666643109,0.096,0.627,1.9694014604108e-05,"Bptf-202",1.9694014604108e-05,"Down"
2.56252304422776e-10,-1.48425666643109,0.096,0.627,1.9694014604108e-05,"Bptf-203",1.9694014604108e-05,"Down"
2.58607105199969e-10,-2.44498395718821,0.038,0.471,1.98749904630384e-05,"Cpsf6-208",1.98749904630384e-05,"Down"
2.58607105199969e-10,-2.80627218550251,0.038,0.471,1.98749904630384e-05,"Ctr9-201",1.98749904630384e-05,"Down"
2.58632014832952e-10,-3.2975993860273,0.019,0.412,1.98769048679717e-05,"Frmpd1-202",1.98769048679717e-05,"Down"
2.61181536022488e-10,-2.22610311295095,0.096,0.588,2.00728457694723e-05,"Ubap2l-215",2.00728457694723e-05,"Down"
2.62081806211216e-10,-1.31396120652995,0.077,0.569,2.01420351345568e-05,"Smarcb1-201",2.01420351345568e-05,"Down"
2.63978097805525e-10,-2.30585157507565,0.212,0.765,2.02877727287458e-05,"Birc6-213",2.02877727287458e-05,"Down"
2.68283177859314e-10,-1.86596145304461,0.038,0.471,2.06186353511997e-05,"Alpl-201",2.06186353511997e-05,"Down"
2.68438135903399e-10,-2.62360062696883,0.029,0.431,2.06305444967199e-05,"Ogt-201",2.06305444967199e-05,"Down"
2.7831251737781e-10,-2.19064629646452,0.038,0.471,2.13894302105542e-05,"Pard3-226",2.13894302105542e-05,"Down"
2.79929293175521e-10,-1.4494523131453,0.077,0.569,2.15136858977115e-05,"Tcof1-202",2.15136858977115e-05,"Down"
2.79929293175521e-10,-1.44150235983584,0.077,0.569,2.15136858977115e-05,"Tcof1-204",2.15136858977115e-05,"Down"
2.8870768622162e-10,-2.66042556555146,0.038,0.471,2.21883405168764e-05,"Pitpnb-201",2.21883405168764e-05,"Down"
2.90411618769973e-10,-1.72234193711025,0.096,0.608,2.23192945489475e-05,"Rap2c-201",2.23192945489475e-05,"Down"
3.00587961013304e-10,-2.46297276546521,0.048,0.49,2.31013871557164e-05,"Iws1-203",2.31013871557164e-05,"Down"
3.00587961013304e-10,-2.37626318169219,0.048,0.49,2.31013871557164e-05,"Ccnd3-201",2.31013871557164e-05,"Down"
3.03251573105199e-10,-2.52275892948,0.019,0.412,2.3306096399427e-05,"Emsy-202",2.3306096399427e-05,"Down"
3.08946216188679e-10,-1.3026089533134,0.077,0.569,2.37437524989647e-05,"Zc3h14-204",2.37437524989647e-05,"Down"
3.10647947373983e-10,-2.5364974379203,0.038,0.471,2.38745373474801e-05,"Akap9-201",2.38745373474801e-05,"Down"
3.22764450214883e-10,-2.15969757216996,0.048,0.49,2.48057390568146e-05,"Sin3a-204",2.48057390568146e-05,"Down"
3.22764450214883e-10,-2.15969757216996,0.048,0.49,2.48057390568146e-05,"Sin3a-201",2.48057390568146e-05,"Down"
3.22764450214883e-10,-2.50390733094934,0.048,0.49,2.48057390568146e-05,"Arfgap2-202",2.48057390568146e-05,"Down"
3.25573908100306e-10,-4.30160883254321,0.01,0.373,2.50216571331409e-05,"Btf3l4b-201",2.50216571331409e-05,"Down"
3.2617754229939e-10,-1.39007933170179,0.058,0.529,2.50680488358773e-05,"Smc4-207",2.50680488358773e-05,"Down"
3.32250742231317e-10,-1.57100863759501,0.212,0.745,2.55347985434456e-05,"Cul4b-203",2.55347985434456e-05,"Down"
3.3524988969653e-10,-1.73873681396363,0.212,0.784,2.57652950227372e-05,"Spag9-202",2.57652950227372e-05,"Down"
3.35286525825874e-10,-1.41452081412973,0.144,0.706,2.57681106558218e-05,"Tfg-201",2.57681106558218e-05,"Down"
3.38629756972926e-10,-1.68014976112972,0.163,0.725,2.60250513423973e-05,"Brd4-203",2.60250513423973e-05,"Down"
3.41565897702184e-10,-2.00855232887172,0.019,0.412,2.62507055020037e-05,"Cpd-201",2.62507055020037e-05,"Down"
3.41565897702184e-10,-1.76033700523028,0.019,0.412,2.62507055020037e-05,"Arid4b-204",2.62507055020037e-05,"Down"
3.42202028458238e-10,-1.20932032589313,0.163,0.745,2.62995946951294e-05,"Eif3d-201",2.62995946951294e-05,"Down"
3.5074509299956e-10,-1.61228985707102,0.231,0.784,2.69561633773882e-05,"Slc38a4-201",2.69561633773882e-05,"Down"
3.54137827724289e-10,-2.76643602686832,0.01,0.373,2.72169086119225e-05,"Pard3-221",2.72169086119225e-05,"Down"
3.62827809374272e-10,-1.69074267782661,0.106,0.647,2.78847684616503e-05,"Vps35-201",2.78847684616503e-05,"Down"
3.63618816486061e-10,-1.21187585157275,0.202,0.784,2.79455605222197e-05,"Csde1-201",2.79455605222197e-05,"Down"
3.69323085613375e-10,-2.73287369905197,0.01,0.373,2.83839564217303e-05,"Pard3-223",2.83839564217303e-05,"Down"
3.69323085613375e-10,-2.73287369905197,0.01,0.373,2.83839564217303e-05,"Pard3-216",2.83839564217303e-05,"Down"
3.75519075379824e-10,-2.74106408426732,0.048,0.471,2.8860143019241e-05,"Vars-201",2.8860143019241e-05,"Down"
3.8854769817616e-10,-1.65297609217969,0.077,0.569,2.98614447956306e-05,"Pard3-209",2.98614447956306e-05,"Down"
3.96339984377447e-10,-1.78039071346241,0.183,0.725,3.04603131593443e-05,"Actn4-201",3.04603131593443e-05,"Down"
3.98824346701976e-10,-3.28123943024956,0.038,0.451,3.06512463414337e-05,"Ipo9-206",3.06512463414337e-05,"Down"
4.01026240771128e-10,-1.20482165471478,0.038,0.471,3.08204707082243e-05,"Rab35-201",3.08204707082243e-05,"Down"
4.01442475268967e-10,-1.61875495830552,0.077,0.569,3.08524599943212e-05,"Zfp703-202",3.08524599943212e-05,"Down"
4.01624574232038e-10,-3.39608020861106,0.01,0.373,3.08664550280291e-05,"Bltp1-217",3.08664550280291e-05,"Down"
4.01624574232038e-10,-3.30046515075156,0.01,0.373,3.08664550280291e-05,"Qars-231",3.08664550280291e-05,"Down"
4.08958106030257e-10,-2.92732404242231,0.029,0.431,3.14300662808494e-05,"Wapl-202",3.14300662808494e-05,"Down"
4.1879353248549e-10,-4.22787601433468,0.01,0.373,3.21859581456399e-05,"Myb-203",3.21859581456399e-05,"Down"
4.1879353248549e-10,-4.03032256923189,0.01,0.373,3.21859581456399e-05,"Tgoln1-201",3.21859581456399e-05,"Down"
4.23461266494485e-10,-1.31405032455931,0.288,0.882,3.25446921751671e-05,"Nono-201",3.25446921751671e-05,"Down"
4.2482496460484e-10,-2.67642598001541,0.029,0.431,3.26494978297404e-05,"Csnk2a1-201",3.26494978297404e-05,"Down"
4.28572278082861e-10,-1.53620678800012,0.048,0.49,3.29374938597802e-05,"Gtf2a1-201",3.29374938597802e-05,"Down"
4.31257392505095e-10,-1.09884118314899,0.038,0.471,3.31438556435866e-05,"Kdm5a-201",3.31438556435866e-05,"Down"
4.4713647099511e-10,-1.3556209338278,0.135,0.706,3.43642263418582e-05,"Usp1-201",3.43642263418582e-05,"Down"
4.4713647099511e-10,-1.63172602955164,0.144,0.686,3.43642263418582e-05,"Septin2-201",3.43642263418582e-05,"Down"
4.51471739015328e-10,-1.24644522731665,0.096,0.608,3.4697409030284e-05,"Usp7-207",3.4697409030284e-05,"Down"
4.51788623467953e-10,-1.38525787996322,0.106,0.627,3.4721762868006e-05,"Ptbp3-212",3.4721762868006e-05,"Down"
4.55307599514854e-10,-3.27166857817067,0.01,0.373,3.49922102531146e-05,"Snx27-202",3.49922102531146e-05,"Down"
4.55307599514854e-10,-3.73338507311079,0.01,0.373,3.49922102531146e-05,"Myb-202",3.49922102531146e-05,"Down"
4.55307599514854e-10,-3.41527271072858,0.01,0.373,3.49922102531146e-05,"Fen1-202",3.49922102531146e-05,"Down"
4.55307599514854e-10,-3.67615301845915,0.01,0.373,3.49922102531146e-05,"Rev3l-204",3.49922102531146e-05,"Down"
4.59052628993191e-10,-1.64603513949435,0.087,0.569,3.52800307486427e-05,"Fam168a-202",3.52800307486427e-05,"Down"
4.59916691903782e-10,-1.39639821677498,0.048,0.49,3.53464374395732e-05,"Uhrf1-202",3.53464374395732e-05,"Down"
4.65697242307148e-10,-2.18474034377427,0.077,0.549,3.57906958602736e-05,"Hirip3-201",3.57906958602736e-05,"Down"
4.65927804097925e-10,-1.50020673341241,0.106,0.627,3.58084154561419e-05,"Gab1-202",3.58084154561419e-05,"Down"
4.67725937736551e-10,-2.4292267136747,0.298,0.784,3.59466092188049e-05,"Prrc2c-210",3.59466092188049e-05,"Down"
4.74711929511999e-10,-2.52821679897647,0.01,0.373,3.64835106307152e-05,"BC005537-201",3.64835106307152e-05,"Down"
4.76116854133741e-10,-2.22452246845871,0.029,0.431,3.65914847075946e-05,"Daam1-205",3.65914847075946e-05,"Down"
4.76417052279058e-10,-2.28692970743655,0.048,0.49,3.66145561358547e-05,"Otud4-202",3.66145561358547e-05,"Down"
4.76417052279058e-10,-1.20802268703858,0.048,0.49,3.66145561358547e-05,"Fkbp3-201",3.66145561358547e-05,"Down"
4.88826287968858e-10,-1.65942281704121,0.154,0.706,3.75682555355586e-05,"Kif5b-201",3.75682555355586e-05,"Down"
4.93494680805232e-10,-2.51558562939377,0.048,0.49,3.79270401986053e-05,"Prss8-201",3.79270401986053e-05,"Down"
4.95914054353297e-10,-1.87760454553138,0.163,0.686,3.81129787332683e-05,"Tardbp-202",3.81129787332683e-05,"Down"
5.04159147002119e-10,-1.32277728793912,0.077,0.569,3.87466470837008e-05,"Rybp-201",3.87466470837008e-05,"Down"
5.13618699401331e-10,-2.48911954142072,0.029,0.431,3.94736515237899e-05,"Polr2a-202",3.94736515237899e-05,"Down"
5.46442876489902e-10,-1.47478284236161,0.058,0.51,4.19963208297549e-05,"Uhrf1-203",4.19963208297549e-05,"Down"
5.5403893589076e-10,-1.38874792798536,0.125,0.667,4.25801083789484e-05,"Gab1-201",4.25801083789484e-05,"Down"
5.54975153892288e-10,-1.29823202541628,0.212,0.804,4.26520604772379e-05,"Smarcc1-207",4.26520604772379e-05,"Down"
5.56136486788268e-10,-4.71562073202857,0,0.333,4.27413135556255e-05,"E2f3-201",4.27413135556255e-05,"Down"
5.56136486788268e-10,-5.22754194561552,0,0.333,4.27413135556255e-05,"Brca2-210",4.27413135556255e-05,"Down"
5.56136486788268e-10,-4.080964726846,0,0.333,4.27413135556255e-05,"Dis3l-202",4.27413135556255e-05,"Down"
5.56136486788268e-10,-4.080964726846,0,0.333,4.27413135556255e-05,"Dis3l-203",4.27413135556255e-05,"Down"
5.73425020902298e-10,-1.45505356578519,0.183,0.784,4.40700065564252e-05,"Smarca5-201",4.40700065564252e-05,"Down"
5.73937861569938e-10,-1.54081718192496,0.077,0.569,4.4109420413096e-05,"Ctnnd1-222",4.4109420413096e-05,"Down"
5.75332790641985e-10,-2.30221506564338,0.029,0.431,4.42166262919991e-05,"Cpsf6-207",4.42166262919991e-05,"Down"
5.75332790641985e-10,-1.43906458152951,0.029,0.431,4.42166262919991e-05,"Rapgef1-202",4.42166262919991e-05,"Down"
5.90091206454708e-10,-2.03353286292798,0.067,0.529,4.53508695808701e-05,"Gapvd1-202",4.53508695808701e-05,"Down"
5.90091206454708e-10,-2.03353286292798,0.067,0.529,4.53508695808701e-05,"Gapvd1-201",4.53508695808701e-05,"Down"
5.90091206454708e-10,-2.03353286292798,0.067,0.529,4.53508695808701e-05,"Gapvd1-203",4.53508695808701e-05,"Down"
5.97432137181539e-10,-2.94188848803071,0.038,0.451,4.591504947095e-05,"Ipo9-208",4.591504947095e-05,"Down"
6.0923054874722e-10,-1.41496229972925,0.048,0.49,4.68218045934188e-05,"Cdk13-207",4.68218045934188e-05,"Down"
6.1690127956802e-10,-1.40764451636116,0.087,0.588,4.74113309399206e-05,"Rnf126-201",4.74113309399206e-05,"Down"
6.2043496209813e-10,-1.54908556304802,0.029,0.431,4.76829085770897e-05,"Hsd17b12-201",4.76829085770897e-05,"Down"
6.26500420796009e-10,-1.9331956602477,0.058,0.51,4.81490633398565e-05,"Zfp655-205",4.81490633398565e-05,"Down"
6.30799092340231e-10,-1.88760048796221,0.067,0.529,4.84794334427161e-05,"Yme1l1-201",4.84794334427161e-05,"Down"
6.32705897721385e-10,-1.90642337133276,0.106,0.608,4.86259790634793e-05,"Pum2-203",4.86259790634793e-05,"Down"
6.44261698241017e-10,-1.81522376430485,0.029,0.431,4.95140885566151e-05,"Eif2a-202",4.95140885566151e-05,"Down"
6.44261698241017e-10,-1.66538526628767,0.029,0.431,4.95140885566151e-05,"Atp11a-201",4.95140885566151e-05,"Down"
6.48070891529278e-10,-1.88088008485254,0.115,0.627,4.98068402975911e-05,"Pum2-216",4.98068402975911e-05,"Down"
6.54884080689928e-10,-1.51440957545298,0.769,0.98,5.03304611373437e-05,"Nrk-202",5.03304611373437e-05,"Down"
6.74242332469113e-10,-1.99986413443472,0.067,0.529,5.18182202195812e-05,"Larp1-203",5.18182202195812e-05,"Down"
6.93944332517537e-10,-1.69337732610497,0.058,0.51,5.33323977313028e-05,"Bcor-206",5.33323977313028e-05,"Down"
7.0608543185949e-10,-1.60183385472962,0.192,0.745,5.42654897801292e-05,"Phb2-201",5.42654897801292e-05,"Down"
7.15647193734121e-10,-1.09943596367421,0.346,0.941,5.50003494272422e-05,"Tln1-201",5.50003494272422e-05,"Down"
7.17961436913557e-10,-1.27570817967909,0.058,0.51,5.51782082725545e-05,"Usp19-210",5.51782082725545e-05,"Down"
7.17961436913557e-10,-1.27570817967909,0.058,0.51,5.51782082725545e-05,"Usp19-204",5.51782082725545e-05,"Down"
7.21224382854613e-10,-1.6013128020081,0.029,0.431,5.54289787199084e-05,"Micall1-203",5.54289787199084e-05,"Down"
7.31026529625088e-10,-1.86257052588482,0.163,0.686,5.61823129078065e-05,"Hcfc1-201",5.61823129078065e-05,"Down"
7.46221580702513e-10,-1.73814855335828,0.125,0.647,5.73501133633109e-05,"Matr3-217",5.73501133633109e-05,"Down"
7.53935244684364e-10,-1.80162655567645,0.115,0.627,5.79429392949721e-05,"Ik-202",5.79429392949721e-05,"Down"
7.58758869525577e-10,-3.0318084579162,0.019,0.392,5.83136541585187e-05,"Sos1-201",5.83136541585187e-05,"Down"
7.60090039197932e-10,-2.00757742510539,0.077,0.549,5.84159598725179e-05,"Bcor-202",5.84159598725179e-05,"Down"
7.67198214217702e-10,-1.31016776028,0.183,0.765,5.89622515554873e-05,"Matr3-201",5.89622515554873e-05,"Down"
7.6845277755455e-10,-2.18108099949097,0.058,0.51,5.90586697661774e-05,"Pcnt-202",5.90586697661774e-05,"Down"
7.6845277755455e-10,-2.18108099949097,0.058,0.51,5.90586697661774e-05,"Pcnt-201",5.90586697661774e-05,"Down"
7.77440950138457e-10,-1.90521427325496,0.029,0.431,5.9749446781941e-05,"Kpna4-203",5.9749446781941e-05,"Down"
7.77932248363642e-10,-1.31631646173444,0.048,0.49,5.97872050157393e-05,"Ect2-202",5.97872050157393e-05,"Down"
8.09095253254467e-10,-1.84978996443323,0.106,0.608,6.21822065936188e-05,"Magea9-201",6.21822065936188e-05,"Down"
8.16441434094595e-10,-1.00828527374623,0.087,0.569,6.2746789975906e-05,"Acsl3-205",6.2746789975906e-05,"Down"
8.16441434094595e-10,-1.55997274515023,0.087,0.569,6.2746789975906e-05,"Slc16a1-201",6.2746789975906e-05,"Down"
8.21214145257532e-10,-3.14369130454282,0.019,0.392,6.31135919196223e-05,"Ergic2-201",6.31135919196223e-05,"Down"
8.40402153486678e-10,-2.08648718229407,0.135,0.627,6.45882671040652e-05,"Cnot1-216",6.45882671040652e-05,"Down"
8.5089619561601e-10,-2.4010224759349,0.048,0.471,6.53947762178728e-05,"Mtmr4-203",6.53947762178728e-05,"Down"
8.59727436912861e-10,-2.0817597422008,0.038,0.451,6.6073492436501e-05,"Ncoa2-202",6.6073492436501e-05,"Down"
8.59727436912861e-10,-1.97588808987813,0.038,0.451,6.6073492436501e-05,"Ccnk-201",6.6073492436501e-05,"Down"
8.88673480746278e-10,-2.80838636057989,0.019,0.392,6.82981116892744e-05,"Pdcd10-201",6.82981116892744e-05,"Down"
9.03372651993898e-10,-1.07947161662394,0.115,0.627,6.9427801796339e-05,"Sptan1-204",6.9427801796339e-05,"Down"
9.10315847904484e-10,-1.26681706991132,0.058,0.51,6.99614141748512e-05,"Mfsd14b-203",6.99614141748512e-05,"Down"
9.24400253875569e-10,-2.91107862102845,0.019,0.392,7.1043857111353e-05,"U2af2-204",7.1043857111353e-05,"Down"
9.28033080484935e-10,-1.72254627735515,0.231,0.804,7.13230543675892e-05,"Kat7-205",7.13230543675892e-05,"Down"
9.46320281840458e-10,-3.17654753418379,0.067,0.51,7.27284989405666e-05,"Auts2-209",7.27284989405666e-05,"Down"
9.52183421335902e-10,-2.00386194841514,0.096,0.588,7.31791046633494e-05,"Pbrm1-207",7.31791046633494e-05,"Down"
9.61526334903844e-10,-2.85699986631303,0.019,0.392,7.38971449427e-05,"Fen1-203",7.38971449427e-05,"Down"
9.74754241281093e-10,-1.7204259154197,0.26,0.804,7.49137624594171e-05,"Plin2-201",7.49137624594171e-05,"Down"
1.01431498328939e-09,-2.02080234691686,0.048,0.471,7.79541637257225e-05,"Ktn1-201",7.79541637257225e-05,"Down"
1.03257292909221e-09,-1.58149104860784,0.077,0.529,7.9357359892453e-05,"Brd7-201",7.9357359892453e-05,"Down"
1.04019153758257e-09,-2.61812937250896,0.019,0.392,7.99428804293705e-05,"Knstrn-206",7.99428804293705e-05,"Down"
1.04505626536259e-09,-1.82552604386012,0.096,0.588,8.03167542181768e-05,"Eloa-201",8.03167542181768e-05,"Down"
1.05049070651213e-09,-2.09951414265641,0.048,0.471,8.07344127582833e-05,"Drosha-207",8.07344127582833e-05,"Down"
1.05913808510225e-09,-1.35471230528139,0.183,0.706,8.13989983924483e-05,"Tle3-204",8.13989983924483e-05,"Down"
1.06153043860568e-09,-2.81965808832888,0.125,0.588,8.1582860328601e-05,"Tle3-201",8.1582860328601e-05,"Down"
1.07760493179847e-09,-1.3260007533209,0.058,0.51,8.28182494284396e-05,"Smc4-202",8.28182494284396e-05,"Down"
1.08184320865647e-09,-2.1345010430042,0.019,0.392,8.31439779580841e-05,"Ehmt1-213",8.31439779580841e-05,"Down"
1.08463249011972e-09,-2.13065358087254,0.077,0.549,8.33583453956613e-05,"Zxdc-203",8.33583453956613e-05,"Down"
1.08792334713425e-09,-2.10809642072417,0.048,0.471,8.36112609206555e-05,"Akt1-201",8.36112609206555e-05,"Down"
1.12511942952463e-09,-2.01307646441458,0.019,0.392,8.64699286366858e-05,"Sdk2-201",8.64699286366858e-05,"Down"
1.17008179203482e-09,-1.6002709473451,0.019,0.392,8.99254660450444e-05,"Ociad1-204",8.99254660450444e-05,"Down"
1.17008179203482e-09,-1.37940422850505,0.019,0.392,8.99254660450444e-05,"Yeats2-201",8.99254660450444e-05,"Down"
1.216794152396e-09,-1.41231126029473,0.019,0.392,9.3515497788242e-05,"Bud23-201",9.3515497788242e-05,"Down"
1.23268529744014e-09,-1.28751233680072,0.058,0.51,9.47367958494647e-05,"Arhgap10-203",9.47367958494647e-05,"Down"
1.23317430718154e-09,-2.04431781937861,0.038,0.451,9.47743782041301e-05,"Chsy1-201",9.47743782041301e-05,"Down"
1.23317430718154e-09,-1.58504506007596,0.038,0.451,9.47743782041301e-05,"Smc2-202",9.47743782041301e-05,"Down"
1.23338125595371e-09,-1.61684196190794,0.077,0.549,9.47902830450667e-05,"Ddx20-201",9.47902830450667e-05,"Down"
1.2344209472157e-09,-1.13521873482107,0.231,0.863,9.48701874773155e-05,"Lmnb1-201",9.48701874773155e-05,"Down"
1.25109336657175e-09,-2.17217387794687,0.048,0.471,9.6151529594505e-05,"Fip1l1-206",9.6151529594505e-05,"Down"
1.26258779525986e-09,-1.46476964280761,0.067,0.529,9.70349224169012e-05,"Gars-201",9.70349224169012e-05,"Down"
1.27511275596796e-09,-2.46090285955113,0.029,0.412,9.79975157471615e-05,"Mrtfb-201",9.79975157471615e-05,"Down"
1.27511275596796e-09,-3.21219901501694,0.029,0.412,9.79975157471615e-05,"Fmr1-206",9.79975157471615e-05,"Down"
1.27794657545037e-09,-1.44765353317486,0.106,0.608,9.82153061096629e-05,"Dyrk1a-201",9.82153061096629e-05,"Down"
1.27833750141449e-09,-4.48004189949743,0.01,0.353,9.82453503337093e-05,"Mycbp2-202",9.82453503337093e-05,"Down"
1.31818016688004e-09,-1.13615628560816,0.058,0.51,0.000101307418545399,"Tasor2-201",0.000101307418545399,"Down"
1.31946559536439e-09,-2.46587851999651,0.067,0.51,0.000101406208866135,"Brpf1-208",0.000101406208866135,"Down"
1.32491564788415e-09,-1.07548494069418,0.038,0.451,0.000101825067202488,"Arhgef3-202",0.000101825067202488,"Down"
1.33083968908833e-09,-1.96762541182369,0.096,0.569,0.000102280353465194,"Mybbp1a-205",0.000102280353465194,"Down"
1.33264581943567e-09,-2.69075058429554,0.01,0.353,0.000102419161806909,"Pard3-210",0.000102419161806909,"Down"
1.33803143430874e-09,-1.33372544055812,0.096,0.588,0.000102833067852364,"Pxn-202",0.000102833067852364,"Down"
1.34139195712032e-09,-2.00310105141325,0.048,0.471,0.000103091337472525,"ENSMUST00000381755.1",0.000103091337472525,"Down"
1.36734971297896e-09,-1.92389902158028,0.058,0.49,0.000105086294841285,"Mtmr4-202",0.000105086294841285,"Down"
1.37986107071769e-09,-1.42800377641074,0.096,0.588,0.000106047842728937,"Nsd1-207",0.000106047842728937,"Down"
1.38920072396982e-09,-4.74285375219183,0.01,0.353,0.000106765632439977,"Zbtb1-201",0.000106765632439977,"Down"
1.38920072396982e-09,-3.72694173343866,0.01,0.353,0.000106765632439977,"Arnt-211",0.000106765632439977,"Down"
1.4232974671625e-09,-1.66615764998187,0.038,0.451,0.000109386103541307,"Riok2-201",0.000109386103541307,"Down"
1.4274461796504e-09,-1.96120177070933,0.029,0.412,0.000109704948690852,"Cdc27-201",0.000109704948690852,"Down"
1.43803190942935e-09,-2.14679355358378,0.048,0.471,0.000110518504367283,"Ythdf1-202",0.000110518504367283,"Down"
1.48394810648083e-09,-1.78081848220527,0.173,0.686,0.000114047347775477,"Pde4dip-205",0.000114047347775477,"Down"
1.48886391740959e-09,-1.55921716815176,0.048,0.471,0.000114425147508597,"Setd1a-201",0.000114425147508597,"Down"
1.48886391740959e-09,-1.55921716815176,0.048,0.471,0.000114425147508597,"Setd1a-202",0.000114425147508597,"Down"
1.50152843622306e-09,-1.54675844678303,0.202,0.765,0.000115398466437487,"Ptp4a1-205",0.000115398466437487,"Down"
1.50941502341724e-09,-3.85909669931211,0.01,0.353,0.000116004582209709,"Arhgap27-201",0.000116004582209709,"Down"
1.53609134924194e-09,-3.12041382429249,0.077,0.51,0.00011805476455464,"Dido1-202",0.00011805476455464,"Down"
1.53870815981218e-09,-3.08129868844089,0.029,0.412,0.000118255876914206,"Afdn-216",0.000118255876914206,"Down"
1.53870815981218e-09,-3.08129868844089,0.029,0.412,0.000118255876914206,"Afdn-212",0.000118255876914206,"Down"
1.55959850893445e-09,-1.3127654525035,0.125,0.647,0.000119861383805648,"Vcl-202",0.000119861383805648,"Down"
1.57053676476531e-09,-1.58914363507526,0.087,0.549,0.000120702032519273,"Elf3-201",0.000120702032519273,"Down"
1.5732657117218e-09,-2.94107253469192,0.01,0.353,0.000120911763008667,"Shc1-201",0.000120911763008667,"Down"
1.5732657117218e-09,-2.94107253469192,0.01,0.353,0.000120911763008667,"Shc1-203",0.000120911763008667,"Down"
1.5732657117218e-09,-2.94107253469192,0.01,0.353,0.000120911763008667,"Shc1-210",0.000120911763008667,"Down"
1.5732657117218e-09,-3.90833462536584,0.01,0.353,0.000120911763008667,"Arhgap11a-201",0.000120911763008667,"Down"
1.59583545720151e-09,-1.12682481846702,0.048,0.471,0.000122646338227765,"Ccnk-202",0.000122646338227765,"Down"
1.59746458846821e-09,-1.62984087999028,0.029,0.412,0.000122771543482135,"Fam83b-201",0.000122771543482135,"Down"
1.60856216800326e-09,-2.03808054999829,0.067,0.51,0.000123624436859722,"Gse1-201",0.000123624436859722,"Down"
1.61923201333919e-09,-2.34209947071398,0.058,0.49,0.00012444445715317,"Flii-201",0.00012444445715317,"Down"
1.61988028172316e-09,-1.29890513112316,0.135,0.667,0.000124494279171552,"Vcl-201",0.000124494279171552,"Down"
1.62477758773193e-09,-1.29274536784201,0.077,0.529,0.000124870656727549,"Srcap-207",0.000124870656727549,"Down"
1.63974584303248e-09,-2.58680699508917,0.01,0.353,0.000126021027020418,"Arntl-201",0.000126021027020418,"Down"
1.65840541615757e-09,-2.76188289692855,0.029,0.412,0.000127455089853373,"Ccdc86-201",0.000127455089853373,"Down"
1.65840541615757e-09,-3.36937164732346,0.029,0.412,0.000127455089853373,"Myh10-203",0.000127455089853373,"Down"
1.68406526824612e-09,-1.45166732023364,0.087,0.569,0.000129427152125788,"Syncrip-201",0.000129427152125788,"Down"
1.69764870008583e-09,-2.32123488220616,0.087,0.529,0.000130471093196397,"Zwint-204",0.000130471093196397,"Down"
1.70896060743332e-09,-2.14023720673891,0.01,0.353,0.00013134045852368,"Skp2-201",0.00013134045852368,"Down"
1.70896060743332e-09,-2.95266477161927,0.01,0.353,0.00013134045852368,"Cse1l-211",0.00013134045852368,"Down"
1.71028337583327e-09,-1.12935110712623,0.048,0.471,0.00013144211856629,"Zfp148-202",0.00013144211856629,"Down"
1.72160953975157e-09,-2.68487834736029,0.029,0.412,0.000132312579568067,"Rprd1b-202",0.000132312579568067,"Down"
1.73497701227547e-09,-2.81384441841704,0.048,0.451,0.000133339923301419,"Mast2-201",0.000133339923301419,"Down"
1.74965638826443e-09,-1.4504867875969,0.067,0.529,0.000134468092063674,"Nipbl-201",0.000134468092063674,"Down"
1.75251239952414e-09,-1.28803175138977,0.077,0.549,0.000134687587953028,"Cdc5l-201",0.000134687587953028,"Down"
1.76365456308902e-09,-2.19238963598636,0.106,0.569,0.000135543907791644,"Nin-211",0.000135543907791644,"Down"
1.76365456308902e-09,-2.19238963598636,0.106,0.569,0.000135543907791644,"Nin-202",0.000135543907791644,"Down"
1.78715861757099e-09,-2.75961427035293,0.029,0.412,0.000137350288394801,"Fhdc1-201",0.000137350288394801,"Down"
1.79238466358361e-09,-1.40056328708163,0.087,0.569,0.000137751930935055,"Ctnnd1-203",0.000137751930935055,"Down"
1.8490607827763e-09,-1.0652259203795,0.087,0.569,0.00014210771739949,"Nop56-202",0.00014210771739949,"Down"
1.85513716276092e-09,-1.54347085888649,0.029,0.412,0.000142574711506828,"Adgrg1-202",0.000142574711506828,"Down"
1.85513716276092e-09,-1.54347085888649,0.029,0.412,0.000142574711506828,"Adgrg1-201",0.000142574711506828,"Down"
1.89116692525192e-09,-1.82237411924361,0.115,0.588,0.000145343742873311,"Srpk1-212",0.000145343742873311,"Down"
1.91612380555003e-09,-2.08881877719617,0.058,0.49,0.000147261778951742,"Syncrip-208",0.000147261778951742,"Down"
1.92563263970445e-09,-1.46293346469898,0.029,0.412,0.000147992570891846,"Mfge8-201",0.000147992570891846,"Down"
1.92909850474975e-09,-1.67038312017718,0.096,0.569,0.000148258936484038,"Gata2-202",0.000148258936484038,"Down"
1.97260522210665e-09,-1.20560904732265,0.173,0.725,0.000151602601739784,"Nxf7-202",0.000151602601739784,"Down"
1.99873556356966e-09,-2.25870082372906,0.029,0.412,0.000153610823002583,"Gabpa-201",0.000153610823002583,"Down"
2.02976785672915e-09,-1.31345136408142,0.087,0.569,0.000155995778861062,"Ctnnd1-218",0.000155995778861062,"Down"
2.02976785672915e-09,-1.31345136408142,0.087,0.569,0.000155995778861062,"Ctnnd1-219",0.000155995778861062,"Down"
2.03252323619214e-09,-1.15759044831328,0.048,0.471,0.000156207540794311,"Larp4-209",0.000156207540794311,"Down"
2.03485906421461e-09,-3.48104008110254,0.038,0.431,0.00015638705852115,"Tpx2-206",0.00015638705852115,"Down"
2.07453960308772e-09,-2.1676943683949,0.029,0.412,0.000159436666655704,"Nr6a1-201",0.000159436666655704,"Down"
2.10943150678593e-09,-2.11931172378828,0.038,0.431,0.000162118249022526,"Ppp6r3-202",0.000162118249022526,"Down"
2.11904942393926e-09,-1.35974428452208,0.058,0.49,0.000162857424427428,"Uaca-201",0.000162857424427428,"Down"
2.12073480999578e-09,-1.21907876443402,0.115,0.647,0.000162986953087415,"Golgb1-202",0.000162986953087415,"Down"
2.15192182346222e-09,-1.51000805119213,0.125,0.627,0.000165383799820365,"Eif2s3x-201",0.000165383799820365,"Down"
2.15314168666216e-09,-1.63975919676934,0.029,0.412,0.000165477551186734,"Sh3bgrl-201",0.000165477551186734,"Down"
2.15771446821823e-09,-1.12712290718468,0.135,0.667,0.000165828987740444,"Cct3-201",0.000165828987740444,"Down"
2.16984871269794e-09,-1.16606229912623,0.221,0.804,0.000166761552965688,"Smarcc1-201",0.000166761552965688,"Down"
2.18151689895418e-09,-1.66105750441215,0.096,0.569,0.000167658299752224,"Shoc2-202",0.000167658299752224,"Down"
2.2202132700989e-09,-1.6014432899236,0.144,0.647,0.000170632270660181,"Cep164-204",0.000170632270660181,"Down"
2.23464211191302e-09,-2.31228444796535,0.029,0.412,0.000171741184868964,"M6pr-202",0.000171741184868964,"Down"
2.25349501898805e-09,-1.98571987168569,0.048,0.471,0.000173190106189307,"Utp20-201",0.000173190106189307,"Down"
2.25820334789383e-09,-1.32556171898249,0.077,0.549,0.000173551960099032,"Ctnnd1-220",0.000173551960099032,"Down"
2.29767682974707e-09,-1.23416413686983,0.087,0.569,0.000176585655073381,"H2ax-201",0.000176585655073381,"Down"
2.30095100835988e-09,-1.56355963434758,0.298,0.804,0.000176837288796491,"Kpnb1-201",0.000176837288796491,"Down"
2.31706981673517e-09,-1.9568794104703,0.288,0.784,0.000178076083695365,"Prrc2c-202",0.000178076083695365,"Down"
2.31914465876219e-09,-1.76215522374672,0.029,0.412,0.000178235543604509,"Med1-203",0.000178235543604509,"Down"
2.31914465876219e-09,-2.04112656315963,0.029,0.412,0.000178235543604509,"Txndc5-203",0.000178235543604509,"Down"
2.31914465876219e-09,-2.04112656315963,0.029,0.412,0.000178235543604509,"Txndc5-204",0.000178235543604509,"Down"
2.34285409725573e-09,-1.141733020507,0.058,0.49,0.000180057708790492,"Atrx-202",0.000180057708790492,"Down"
2.37792454507496e-09,-3.85370636518003,0.019,0.373,0.000182753012987191,"Stag1-203",0.000182753012987191,"Down"
2.38353464048319e-09,-1.4908482143223,0.067,0.51,0.000183184171259695,"Tcof1-201",0.000183184171259695,"Down"
2.38353464048319e-09,-1.39524795089563,0.067,0.51,0.000183184171259695,"Ilf3-202",0.000183184171259695,"Down"
2.40257428111504e-09,1.40219816075705,0.971,0.902,0.000184647443800815,"Tpbpa-201",0.000184647443800815,"Up"
2.40675670616943e-09,-1.85408662856472,0.029,0.412,0.000184968879895945,"Pard3-211",0.000184968879895945,"Down"
2.41802842534175e-09,-1.70828473983893,0.125,0.627,0.000185835156601215,"Api5-201",0.000185835156601215,"Down"
2.47302818910543e-09,-3.54253808138037,0.019,0.373,0.000190062108445509,"Ints8-201",0.000190062108445509,"Down"
2.47302818910543e-09,-3.54253808138037,0.019,0.373,0.000190062108445509,"ENSMUST00000249941.1",0.000190062108445509,"Down"
2.4789999104627e-09,-1.20594848164777,0.115,0.627,0.000190521059118701,"Cct3-208",0.000190521059118701,"Down"
2.48051487803262e-09,-1.00078320085668,0.106,0.588,0.000190637490436319,"Sptan1-205",0.000190637490436319,"Down"
2.49758935263197e-09,-1.21984113863119,0.029,0.412,0.000191949732107178,"Tet3-202",0.000191949732107178,"Down"
2.49758935263197e-09,-1.47359950391062,0.029,0.412,0.000191949732107178,"Esf1-201",0.000191949732107178,"Down"
2.49780289993037e-09,-1.30881780932394,0.048,0.471,0.000191966144071248,"Ap3d1-201",0.000191966144071248,"Down"
2.52408055297398e-09,-1.82725176351903,0.038,0.431,0.000193985686818263,"Rbbp8-201",0.000193985686818263,"Down"
2.54185373289336e-09,-1.28107865068935,0.173,0.745,0.000195351626787786,"Stat3-202",0.000195351626787786,"Down"
2.54359676982113e-09,-1.6847559787204,0.231,0.765,0.000195485586147833,"Tpr-203",0.000195485586147833,"Down"
2.56179613708943e-09,-1.23095226311692,0.077,0.549,0.000196884280319871,"Ctnnd1-221",0.000196884280319871,"Down"
2.58962006703417e-09,-1.4704125833446,0.058,0.49,0.000199022660631844,"Uaca-202",0.000199022660631844,"Down"
2.60541522682204e-09,-1.33365855660227,0.231,0.784,0.000200236581842181,"Dsc2-202",0.000200236581842181,"Down"
2.6160571943415e-09,-2.86991555161399,0.038,0.431,0.000201054459613922,"Copb1-201",0.000201054459613922,"Down"
2.62813370588135e-09,-1.12500658632442,0.067,0.51,0.000201982587831805,"Pcgf3-201",0.000201982587831805,"Down"
2.63711129805524e-09,-3.1883292586202,0.048,0.451,0.000202672551700738,"Ppp4r1-204",0.000202672551700738,"Down"
2.67447757601393e-09,-3.64647708291571,0.019,0.373,0.000205544299626974,"Ctbp2-201",0.000205544299626974,"Down"
2.71129484969106e-09,-1.80457632740838,0.038,0.431,0.000208373854378156,"Usp7-206",0.000208373854378156,"Down"
2.71129484969106e-09,-2.3979581694621,0.038,0.431,0.000208373854378156,"Ubtf-206",0.000208373854378156,"Down"
2.71129484969106e-09,-2.76837779422186,0.038,0.431,0.000208373854378156,"Arfgap2-201",0.000208373854378156,"Down"
2.78110803433972e-09,-3.30042888669468,0.019,0.373,0.000213739276871145,"Memo1-201",0.000213739276871145,"Down"
2.78649980027643e-09,-1.96967700323436,0.096,0.569,0.000214153655650445,"Rnf2-204",0.000214153655650445,"Down"
2.82716299258741e-09,-1.77870956988204,0.067,0.49,0.000217278784632313,"Raph1-204",0.000217278784632313,"Down"
2.89187418206665e-09,-4.13959269710498,0.019,0.373,0.000222252098388551,"Zc3h4-202",0.000222252098388551,"Down"
2.89711345093433e-09,-1.90118057422424,0.067,0.51,0.000222654757158107,"Jade3-204",0.000222654757158107,"Down"
2.91200591066432e-09,-1.92418399297547,0.038,0.431,0.000223799302258196,"Dnajc7-207",0.000223799302258196,"Down"
2.9225557565104e-09,-1.71073714590324,0.154,0.647,0.00022461010011085,"Immt-201",0.00022461010011085,"Down"
2.92603691132244e-09,-2.28244705156157,0.048,0.451,0.000224877640782775,"Fam168a-201",0.000224877640782775,"Down"
2.94073885758965e-09,-2.33844347169702,0.096,0.549,0.000226007544161195,"Hnrnpc-209",0.000226007544161195,"Down"
2.95030062707773e-09,-1.01571513756153,0.125,0.647,0.000226742404393432,"Ppp1r15b-201",0.000226742404393432,"Down"
2.98114223098206e-09,-1.14897391201545,0.077,0.529,0.000229112705019896,"Wdr75-201",0.000229112705019896,"Down"
2.99756704566778e-09,-1.02372559090276,0.077,0.549,0.000230375017727752,"Nfe2l1-211",0.000230375017727752,"Down"
2.99756704566778e-09,-1.02372559090276,0.077,0.549,0.000230375017727752,"Nfe2l1-201",0.000230375017727752,"Down"
2.99756704566778e-09,-1.02372559090276,0.077,0.549,0.000230375017727752,"Nfe2l1-202",0.000230375017727752,"Down"
3.00693170754706e-09,-2.96681599587993,0.019,0.373,0.000231094729451822,"Usp14-202",0.000231094729451822,"Down"
3.01771514184447e-09,-1.98651077669696,0.038,0.431,0.000231923479511315,"Tatdn2-205",0.000231923479511315,"Down"
3.01771514184447e-09,-1.98651077669696,0.038,0.431,0.000231923479511315,"Tatdn2-202",0.000231923479511315,"Down"
3.05822111158598e-09,-1.19553237005797,0.058,0.49,0.000235036525309829,"Mfsd14b-201",0.000235036525309829,"Down"
3.12644197237092e-09,-1.92600714869219,0.019,0.373,0.000240279571344595,"Rfc1-202",0.000240279571344595,"Down"
3.12644197237092e-09,-3.65033639857442,0.019,0.373,0.000240279571344595,"Afdn-210",0.000240279571344595,"Down"
3.12715728242343e-09,-2.48402933803561,0.038,0.431,0.000240334545783371,"U2af2-209",0.000240334545783371,"Down"
3.24046027287262e-09,-2.50894956901781,0.038,0.431,0.000249042333811352,"Snx6-201",0.000249042333811352,"Down"
3.31957984512747e-09,-2.03305009144454,0.125,0.608,0.000255122989417427,"Tfrc-201",0.000255122989417427,"Down"
3.3249219279805e-09,-1.13315068368005,0.087,0.569,0.000255533549853014,"Smc4-201",0.000255533549853014,"Down"
3.33286300729189e-09,-2.4289382590774,0.077,0.51,0.000256143853562411,"Eif3e-204",0.000256143853562411,"Down"
3.37798325245163e-09,-1.19680444819716,0.058,0.49,0.000259611524883917,"Zzz3-203",0.000259611524883917,"Down"
3.37949573605486e-09,-1.82981516829169,0.019,0.373,0.00025972776529876,"Cdk5rap2-206",0.00025972776529876,"Down"
3.37949573605486e-09,-1.47460594360734,0.019,0.373,0.00025972776529876,"Adgrg1-212",0.00025972776529876,"Down"
3.38191646189506e-09,-2.41413658701018,0.058,0.471,0.000259913807762483,"Sinhcaf-202",0.000259913807762483,"Down"
3.47918192292303e-09,-2.04717159635306,0.038,0.431,0.000267389047504327,"Sin3a-206",0.000267389047504327,"Down"
3.491632418518e-09,-1.05132037421617,0.058,0.49,0.000268345917892782,"Larp4-201",0.000268345917892782,"Down"
3.59926462235531e-09,-2.02636042503832,0.048,0.451,0.000276617883286495,"Ktn1-209",0.000276617883286495,"Down"
3.59926462235531e-09,-2.25409419931151,0.048,0.451,0.000276617883286495,"Irx3-201",0.000276617883286495,"Down"
3.65107525825174e-09,-1.60415881260959,0.231,0.784,0.000280599737897679,"Cdx2-201",0.000280599737897679,"Down"
3.65244758000484e-09,-2.59344568814808,0.019,0.373,0.000280705206313692,"Eci2-201",0.000280705206313692,"Down"
3.65244758000484e-09,-2.97304571602095,0.019,0.373,0.000280705206313692,"Ppp2r3a-202",0.000280705206313692,"Down"
3.65244758000484e-09,-2.69915974927743,0.019,0.373,0.000280705206313692,"Plcd1-203",0.000280705206313692,"Down"
3.7393663664338e-09,-2.146360251946,0.058,0.471,0.000287385262725903,"Pxn-203",0.000287385262725903,"Down"
3.75220024111105e-09,-1.79037692478731,0.067,0.51,0.000288371597330348,"Ctnnd1-211",0.000288371597330348,"Down"
3.86649300140528e-09,-2.09360447903905,0.058,0.471,0.000297155453130002,"ENSMUST00000249914.1",0.000297155453130002,"Down"
3.96091849175247e-09,-1.43408702115865,0.077,0.529,0.000304412429765144,"Tanc2-202",0.000304412429765144,"Down"
3.99021636012259e-09,-1.98961102544713,0.048,0.451,0.000306664088140861,"Prrc2b-201",0.000306664088140861,"Down"
4.00171578246164e-09,-1.3115376465588,0.067,0.51,0.000307547864745307,"Pold3-201",0.000307547864745307,"Down"
4.00185874200508e-09,-1.86338932891593,0.087,0.549,0.000307558851758059,"Cops3-201",0.000307558851758059,"Down"
4.1025316143236e-09,-1.75041944623189,0.019,0.373,0.000315295964687226,"Exoc3-201",0.000315295964687226,"Down"
4.11808046041604e-09,-1.08289337278914,0.058,0.49,0.000316490955704814,"Ola1-206",0.000316490955704814,"Down"
4.12683974147943e-09,-1.04161531774871,0.173,0.745,0.00031716414149166,"Dnttip2-201",0.00031716414149166,"Down"
4.15335844146134e-09,-1.47924011720571,0.038,0.431,0.00031920220966007,"Cdk13-201",0.00031920220966007,"Down"
4.15335844146134e-09,-1.99457481712957,0.038,0.431,0.00031920220966007,"Mdc1-201",0.00031920220966007,"Down"
4.22212813383319e-09,-3.53800304891098,0.029,0.392,0.000324487435597616,"Ints6-201",0.000324487435597616,"Down"
4.22212813383319e-09,-3.53800304891098,0.029,0.392,0.000324487435597616,"Ints6-202",0.000324487435597616,"Down"
4.22212813383319e-09,-2.30233887143267,0.029,0.392,0.000324487435597616,"Ppp6r3-203",0.000324487435597616,"Down"
4.26422263475062e-09,-2.00682093571066,0.019,0.373,0.000327722566371124,"Taf9-205",0.000327722566371124,"Down"
4.26422263475062e-09,-2.09363193576869,0.019,0.373,0.000327722566371124,"Abhd5-201",0.000327722566371124,"Down"
4.26422263475062e-09,-1.61215305786206,0.019,0.373,0.000327722566371124,"Phc1-201",0.000327722566371124,"Down"
4.26422263475062e-09,-2.23519137583575,0.019,0.373,0.000327722566371124,"Phc1-202",0.000327722566371124,"Down"
4.26422263475062e-09,-1.61215305786206,0.019,0.373,0.000327722566371124,"Phc1-215",0.000327722566371124,"Down"
4.26422263475062e-09,-1.61215305786206,0.019,0.373,0.000327722566371124,"Phc1-208",0.000327722566371124,"Down"
4.26422263475062e-09,-2.23519137583575,0.019,0.373,0.000327722566371124,"Phc1-211",0.000327722566371124,"Down"
4.26422263475062e-09,-2.23519137583575,0.019,0.373,0.000327722566371124,"Phc1-203",0.000327722566371124,"Down"
4.26422263475062e-09,-1.89474333661301,0.019,0.373,0.000327722566371124,"Ndc1-201",0.000327722566371124,"Down"
4.27349598024956e-09,-1.98559169346564,0.048,0.451,0.0003284352600661,"Setd5-210",0.0003284352600661,"Down"
4.30269301613888e-09,-1.07985315183738,0.038,0.431,0.000330679169062338,"Srebf1-207",0.000330679169062338,"Down"
4.35238542247646e-09,-1.29026510605563,0.077,0.529,0.000334498229259006,"Dld-201",0.000334498229259006,"Down"
4.42238198247848e-09,-1.79956184608407,0.048,0.451,0.000339877744881401,"Rbms1-201",0.000339877744881401,"Down"
4.43826957249604e-09,-2.93277713727636,0.038,0.412,0.000341098769724611,"Mcm7-201",0.000341098769724611,"Down"
4.4572481105987e-09,-1.54624297152778,0.038,0.431,0.000342557346291953,"Slk-202",0.000342557346291953,"Down"
4.4572481105987e-09,-1.27967455910418,0.038,0.431,0.000342557346291953,"Atp11a-202",0.000342557346291953,"Down"
4.49105364933839e-09,-1.2088105522442,0.077,0.529,0.000345155437166253,"Ccnd3-205",0.000345155437166253,"Down"
4.49105364933839e-09,-1.11686389996025,0.077,0.529,0.000345155437166253,"Spty2d1-201",0.000345155437166253,"Down"
4.53467578641621e-09,-1.96102776769511,0.125,0.588,0.000348507972889232,"Dek-201",0.000348507972889232,"Down"
4.61720074951138e-09,-1.05046491058838,0.038,0.431,0.000354850346402948,"N4bp2l2-201",0.000354850346402948,"Down"
4.61720074951138e-09,-1.51326282749616,0.038,0.431,0.000354850346402948,"Mef2d-201",0.000354850346402948,"Down"
4.66336736073318e-09,-1.06670566976817,0.096,0.569,0.000358398435141788,"Ctnnd1-202",0.000358398435141788,"Down"
4.6972514540167e-09,-1.21241351302105,0.212,0.745,0.000361002563246999,"Srsf1-205",0.000361002563246999,"Down"
4.80703425903625e-09,-1.02442393056785,0.221,0.784,0.000369439810943972,"Ep400-204",0.000369439810943972,"Down"
4.88074563967501e-09,-1.71958845823185,0.077,0.51,0.000375104825391583,"Paxip1-201",0.000375104825391583,"Down"
4.91233923541138e-09,-1.396458853251,0.173,0.706,0.000377532919598306,"Errfi1-201",0.000377532919598306,"Down"
4.93565111758603e-09,-4.11294976116688,0.01,0.333,0.000379324530990956,"Ipo11-201",0.000379324530990956,"Down"
4.93565111758603e-09,-4.02624441134389,0.01,0.333,0.000379324530990956,"Cbx5-201",0.000379324530990956,"Down"
5.04668198998229e-09,-1.78675442333772,0.058,0.471,0.000387857697658099,"Mtmr4-201",0.000387857697658099,"Down"
5.07004218313228e-09,-1.99565909229053,0.048,0.451,0.000389653021942448,"Hp1bp3-201",0.000389653021942448,"Down"
5.25043677141928e-09,-2.59116005047313,0.067,0.49,0.000403517067630657,"Ppp4r1-201",0.000403517067630657,"Down"
5.25066445779579e-09,-1.1186695874302,0.096,0.549,0.000403534566239437,"Eif4h-201",0.000403534566239437,"Down"
5.35855637187202e-09,-3.90238439617836,0.01,0.333,0.000411826491403853,"Farsb-204",0.000411826491403853,"Down"
5.35855637187202e-09,-4.1491063704564,0.01,0.333,0.000411826491403853,"Anln-201",0.000411826491403853,"Down"
5.41792531791436e-09,-1.28284171401639,0.077,0.529,0.00041638923238299,"E2f8-202",0.00041638923238299,"Down"
5.42759393504861e-09,-1.38523483373892,0.048,0.451,0.000417132304284226,"Ncoa2-203",0.000417132304284226,"Down"
5.42759393504861e-09,-2.3135913502523,0.048,0.451,0.000417132304284226,"Herc1-201",0.000417132304284226,"Down"
5.42759393504861e-09,-2.12346944804042,0.048,0.451,0.000417132304284226,"Luzp1-201",0.000417132304284226,"Down"
5.43835290341795e-09,-1.26542665952266,0.087,0.549,0.000417959174039283,"Rnf6-206",0.000417959174039283,"Down"
5.4859364072393e-09,-1.09194712810576,0.106,0.608,0.00042161615664197,"Ncoa6-204",0.00042161615664197,"Down"
5.53722302472981e-09,-1.19891470368377,0.212,0.804,0.000425557738342585,"Nub1-201",0.000425557738342585,"Down"
5.54089630980562e-09,-1.85807759876781,0.106,0.569,0.000425840044993801,"Gigyf2-201",0.000425840044993801,"Down"
5.58302691229422e-09,-3.93314861076967,0.01,0.333,0.00042907795031746,"Pdzd8-201",0.00042907795031746,"Down"
5.58302691229422e-09,-3.87280298636626,0.01,0.333,0.00042907795031746,"Arhgap11a-203",0.00042907795031746,"Down"
5.58302691229422e-09,-3.41790076731194,0.01,0.333,0.00042907795031746,"Emsy-207",0.00042907795031746,"Down"
5.67787951562018e-09,-3.31498879205012,0.029,0.392,0.000436367752293473,"Myh10-202",0.000436367752293473,"Down"
5.67787951562018e-09,-2.81181797710282,0.029,0.392,0.000436367752293473,"Wnk2-205",0.000436367752293473,"Down"
5.68105460245425e-09,-1.61463033217044,0.135,0.627,0.000436611770417019,"Tsc22d2-201",0.000436611770417019,"Down"
5.80132666997312e-09,-1.07982362668904,0.115,0.608,0.000445855159894114,"Dyrk1a-202",0.000445855159894114,"Down"
5.81663485940625e-09,-3.17743549913604,0.01,0.333,0.000447031655484808,"Aen-201",0.000447031655484808,"Down"
5.81663485940625e-09,-2.84822380168759,0.01,0.333,0.000447031655484808,"Rbm10-205",0.000447031655484808,"Down"
5.81663485940625e-09,-2.58859675736098,0.01,0.333,0.000447031655484808,"Shc1-202",0.000447031655484808,"Down"
5.81663485940625e-09,-3.25691835148208,0.01,0.333,0.000447031655484808,"Ino80e-203",0.000447031655484808,"Down"
5.81663485940625e-09,-3.18350880386395,0.01,0.333,0.000447031655484808,"Zim1-201",0.000447031655484808,"Down"
5.83374998314326e-09,-1.13308774030376,0.183,0.725,0.000448347021204492,"Copg1-202",0.000448347021204492,"Down"
5.89109136490522e-09,-2.5635135875691,0.029,0.392,0.000452753935758426,"Ythdc1-201",0.000452753935758426,"Down"
6.05974077313343e-09,-2.40589479726011,0.01,0.333,0.000465715317378397,"Dennd4c-204",0.000465715317378397,"Down"
6.05974077313343e-09,-2.5913572955759,0.01,0.333,0.000465715317378397,"Tut7-201",0.000465715317378397,"Down"
6.05974077313343e-09,-2.66948195144796,0.01,0.333,0.000465715317378397,"Rprd2-201",0.000465715317378397,"Down"
6.05974077313343e-09,-2.70343215207773,0.01,0.333,0.000465715317378397,"Cecr2-202",0.000465715317378397,"Down"
6.05974077313343e-09,-2.12835581694545,0.01,0.333,0.000465715317378397,"Atp6v0c-205",0.000465715317378397,"Down"
6.05974077313343e-09,-2.35022933707264,0.01,0.333,0.000465715317378397,"Nelfa-201",0.000465715317378397,"Down"
6.05974077313343e-09,-3.29535586155632,0.01,0.333,0.000465715317378397,"Spop-202",0.000465715317378397,"Down"
6.11208364128234e-09,-2.38381725174006,0.029,0.392,0.000469738076167113,"Dnm1l-203",0.000469738076167113,"Down"
6.11996639477466e-09,-3.141751366341,0.038,0.412,0.000470343897304012,"Fmr1-201",0.000470343897304012,"Down"
6.21777717923475e-09,-1.61136968018723,0.048,0.451,0.000477861047332907,"Trpm7-201",0.000477861047332907,"Down"
6.32447254323361e-09,-2.87840901643771,0.048,0.431,0.000486061012837676,"Brd1-203",0.000486061012837676,"Down"
6.34113157707903e-09,-2.53771280229901,0.029,0.392,0.000487341326224832,"Gtf3c2-210",0.000487341326224832,"Down"
6.34129706240266e-09,-2.6239798107386,0.038,0.412,0.000487354044433894,"Arfgef1-201",0.000487354044433894,"Down"
6.36144271694998e-09,-1.7122557015488,0.058,0.471,0.000488902318568474,"Dnajc7-201",0.000488902318568474,"Down"
6.4321771353835e-09,-1.49449275083629,0.048,0.451,0.000494338541562763,"Bag6-213",0.000494338541562763,"Down"
6.4808329556859e-09,-1.73261624701309,0.077,0.51,0.000498077935976284,"E2f7-201",0.000498077935976284,"Down"
6.4861440535368e-09,-1.25327382536115,0.096,0.549,0.000498486115090517,"Tnrc18-202",0.000498486115090517,"Down"
6.82454271933002e-09,-2.55698124173766,0.029,0.392,0.00052449340615139,"Psen1-202",0.00052449340615139,"Down"
6.82454271933002e-09,-2.20167207154367,0.029,0.392,0.00052449340615139,"Mkln1-201",0.00052449340615139,"Down"
6.82454271933002e-09,-1.87482029039723,0.029,0.392,0.00052449340615139,"Ttll5-209",0.00052449340615139,"Down"
6.82454271933002e-09,-2.20243826270927,0.029,0.392,0.00052449340615139,"Wdr12-203",0.00052449340615139,"Down"
6.97003244832149e-09,-1.7797660596757,0.183,0.667,0.0005356748737833,"Slc38a4-205",0.0005356748737833,"Down"
7.00101019521586e-09,-1.11042779678603,0.635,0.961,0.00053805563754312,"Eif4g2-213",0.00053805563754312,"Down"
7.07950469294267e-09,-2.11992653381473,0.029,0.392,0.000544088253671416,"Nr6a1-210",0.000544088253671416,"Down"
7.12607815763905e-09,-1.18254524528004,0.115,0.588,0.000547667610727192,"Hnrnpdl-202",0.000547667610727192,"Down"
7.25652287593224e-09,-1.5366464430598,0.058,0.471,0.000557692809106896,"Coro2a-203",0.000557692809106896,"Down"
7.25652287593224e-09,-1.5366464430598,0.058,0.471,0.000557692809106896,"Coro2a-201",0.000557692809106896,"Down"
7.36398573540885e-09,-1.32359903649848,0.048,0.451,0.000565951759709111,"Smc2-201",0.000565951759709111,"Down"
7.38655276994108e-09,-1.20050126752641,0.25,0.824,0.000567686126581052,"Cdh3-201",0.000567686126581052,"Down"
7.49330607354456e-09,-1.22157875769535,0.24,0.784,0.000575890544976194,"Dsc2-201",0.000575890544976194,"Down"
7.49552589419457e-09,-1.02398356507157,0.202,0.765,0.000576061147072429,"Atxn2l-201",0.000576061147072429,"Down"
7.49781099807864e-09,-1.33469673601734,0.635,0.961,0.000576236766446336,"Ncl-201",0.000576236766446336,"Down"
7.58970307311304e-09,-1.51586958036355,0.087,0.529,0.000583299039981029,"Ssb-206",0.000583299039981029,"Down"
7.74885615299726e-09,-1.48934165491545,0.058,0.471,0.000595530590782451,"Sp2-203",0.000595530590782451,"Down"
7.74885615299726e-09,-1.23316677154728,0.058,0.471,0.000595530590782451,"Sp2-202",0.000595530590782451,"Down"
7.90122666785937e-09,-2.49705464241849,0.029,0.392,0.000607240874331664,"Cmklr1-201",0.000607240874331664,"Down"
7.97239415674847e-09,-1.38905924831169,0.067,0.49,0.000612710380522747,"Setd5-202",0.000612710380522747,"Down"
8.00705395503833e-09,-1.62767316008624,0.058,0.471,0.000615374124660515,"Fen1-204",0.000615374124660515,"Down"
8.00705395503833e-09,-1.62767316008624,0.058,0.471,0.000615374124660515,"Fen1-201",0.000615374124660515,"Down"
8.00705395503833e-09,-1.23835448673055,0.058,0.471,0.000615374124660515,"Hp1bp3-214",0.000615374124660515,"Down"
8.19520152083502e-09,-1.47773290112752,0.029,0.392,0.000629834017682255,"Pes1-202",0.000629834017682255,"Down"
8.19520152083502e-09,-1.74739369139467,0.029,0.392,0.000629834017682255,"Nfe2l1-204",0.000629834017682255,"Down"
8.32331948173304e-09,-1.85034169094424,0.077,0.51,0.000639680395449111,"Ctnnd1-201",0.000639680395449111,"Down"
8.38459450520365e-09,-1.09591836134056,0.163,0.686,0.000644389626102921,"Rest-201",0.000644389626102921,"Down"
8.40542723813118e-09,-1.27508879384536,0.163,0.706,0.000645990704959333,"Sf3b3-201",0.000645990704959333,"Down"
8.41534038495274e-09,-2.12831400308616,0.038,0.412,0.000646752569945158,"Ktn1-217",0.000646752569945158,"Down"
8.42654673633208e-09,-1.45122293720996,0.048,0.451,0.000647613822874065,"Srp68-202",0.000647613822874065,"Down"
8.57463797871081e-09,-1.05260846672548,0.087,0.549,0.00065899522721584,"Ola1-201",0.00065899522721584,"Down"
8.58640539572472e-09,-3.1143000208452,0.019,0.353,0.000659899600283027,"Sema6d-202",0.000659899600283027,"Down"
8.78215960609985e-09,-1.26911124924571,0.202,0.725,0.000674944094367198,"Jup-202",0.000674944094367198,"Down"
8.81539397391566e-09,-1.53885150063055,0.029,0.392,0.000677498288471314,"Riok2-203",0.000677498288471314,"Down"
8.90718794291386e-09,-2.49109022545659,0.048,0.431,0.000684553022164702,"Wdr48-201",0.000684553022164702,"Down"
8.90718794291386e-09,-2.49109022545659,0.048,0.431,0.000684553022164702,"Wdr48-205",0.000684553022164702,"Down"
8.92512203107337e-09,-3.3759920219531,0.019,0.353,0.000685931328576113,"Mllt10-201",0.000685931328576113,"Down"
8.97732236974885e-09,-1.61691718556068,0.115,0.588,0.000689943133404678,"Pum2-204",0.000689943133404678,"Down"
9.1423680385983e-09,-1.33726918544993,0.029,0.392,0.000702627553238434,"Herc2-203",0.000702627553238434,"Down"
9.14415540995185e-09,-1.38413308421058,0.106,0.569,0.00070276491987644,"Amd1-201",0.00070276491987644,"Down"
9.14415540995185e-09,-1.38413308421058,0.106,0.569,0.00070276491987644,"Amd1-206",0.00070276491987644,"Down"
9.35211487873172e-09,-2.59037946668726,0.038,0.412,0.000718747436890047,"Klf2-201",0.000718747436890047,"Down"
9.42876839655592e-09,-1.44326678138183,0.058,0.471,0.000724638566348909,"Celf1-201",0.000724638566348909,"Down"
9.42876839655592e-09,-1.25475110420797,0.058,0.471,0.000724638566348909,"Nsd2-201",0.000724638566348909,"Down"
9.53488164075872e-09,-2.83870210108359,0.048,0.431,0.000732793793618871,"Fnd3c2-201",0.000732793793618871,"Down"
9.96330407141418e-09,-1.43237017058847,0.067,0.49,0.000765719771104466,"Ash1l-201",0.000765719771104466,"Down"
1.00321444955929e-08,-1.32147130700633,0.038,0.412,0.000771010433064296,"Rbbp8-210",0.000771010433064296,"Down"
1.00321444955929e-08,-1.6371556906599,0.038,0.412,0.000771010433064296,"Ndel1-202",0.000771010433064296,"Down"
1.00321444955929e-08,-1.84667873395251,0.038,0.412,0.000771010433064296,"Dnajc7-219",0.000771010433064296,"Down"
1.00636965349718e-08,-1.29120840788698,0.058,0.471,0.000773435333498726,"Trpm7-202",0.000773435333498726,"Down"
1.02845428196059e-08,-1.56029154860304,0.067,0.49,0.000790408253857994,"Luzp1-203",0.000790408253857994,"Down"
1.02845428196059e-08,-1.08370635601327,0.067,0.49,0.000790408253857994,"Bltp2-201",0.000790408253857994,"Down"
1.04036715109418e-08,-2.80908745665438,0.067,0.471,0.00079956377030192,"Srrm1-202",0.00079956377030192,"Down"
1.04146440311172e-08,-2.33834863324296,0.019,0.353,0.000800407052367483,"Map3k1-201",0.000800407052367483,"Down"
1.06711989445559e-08,-1.0307744959512,0.077,0.51,0.000820124323684898,"Wdr75-207",0.000820124323684898,"Down"
1.10374044500498e-08,-1.2261093509595,0.375,0.882,0.000848268681604127,"Tubb5-201",0.000848268681604127,"Down"
1.10426260889957e-08,-2.09030027827475,0.135,0.588,0.000848669985443673,"Cnot1-201",0.000848669985443673,"Down"
1.10946759155374e-08,-1.03527877104759,0.058,0.471,0.00085267022281271,"Tjp2-204",0.00085267022281271,"Down"
1.11431373765456e-08,-2.48326424983273,0.038,0.412,0.000856394679937038,"Gpsm2-201",0.000856394679937038,"Down"
1.11431373765456e-08,-1.71518768112221,0.038,0.412,0.000856394679937038,"Srsf11-213",0.000856394679937038,"Down"
1.12080917279777e-08,-1.41533977501691,0.106,0.549,0.000861386681662,"Nrbp1-201",0.000861386681662,"Down"
1.12473725749195e-08,-2.70578566110721,0.019,0.353,0.000864405571872863,"Ints10-201",0.000864405571872863,"Down"
1.12473725749195e-08,-2.70578566110721,0.019,0.353,0.000864405571872863,"Ints10-204",0.000864405571872863,"Down"
1.12473725749195e-08,-2.70578566110721,0.019,0.353,0.000864405571872863,"Ints10-202",0.000864405571872863,"Down"
1.12473725749195e-08,-2.90026062296259,0.019,0.353,0.000864405571872863,"Pold3-209",0.000864405571872863,"Down"
1.12919764407808e-08,-1.25056377820509,0.269,0.863,0.00086783355737977,"Tubb4b-201",0.00086783355737977,"Down"
1.13656007715374e-08,-1.5142353995258,0.125,0.588,0.000873491881695735,"Prpf8-202",0.000873491881695735,"Down"
1.1431118167797e-08,-1.79453704730495,0.144,0.608,0.000878527155667869,"Hcfc1-202",0.000878527155667869,"Down"
1.14606130681894e-08,-1.31336444483166,0.058,0.471,0.000880793956742629,"Pno1-201",0.000880793956742629,"Down"
1.15420653848214e-08,-2.18679232857175,0.087,0.51,0.000887053893085062,"Smg7-201",0.000887053893085062,"Down"
1.16284802754283e-08,-1.71211417990806,0.115,0.569,0.000893695223087765,"Polr2m-202",0.000893695223087765,"Down"
1.16869807456053e-08,-1.99890321195214,0.048,0.431,0.00089819121822275,"Ktn1-225",0.00089819121822275,"Down"
1.16876524789858e-08,-3.1507708505154,0.019,0.353,0.000898242843619972,"Kctd15-203",0.000898242843619972,"Down"
1.16876524789858e-08,-3.1507708505154,0.019,0.353,0.000898242843619972,"Kctd15-201",0.000898242843619972,"Down"
1.18776565769688e-08,-3.63535047803713,0.029,0.373,0.00091284541856636,"Sec24a-201",0.00091284541856636,"Down"
1.18780411769362e-08,-1.12562743887407,0.308,0.882,0.000912874976612255,"Dstn-201",0.000912874976612255,"Down"
1.21377322789268e-08,-1.90282856175177,0.096,0.549,0.000932833276564641,"Gtpbp4-204",0.000932833276564641,"Down"
1.21446616818231e-08,-2.0161953601844,0.019,0.353,0.000933365828894836,"Clk1-201",0.000933365828894836,"Down"
1.21446616818231e-08,-2.11681490196089,0.019,0.353,0.000933365828894836,"Clk1-210",0.000933365828894836,"Down"
1.21446616818231e-08,-2.62645546234135,0.019,0.353,0.000933365828894836,"Pola2-213",0.000933365828894836,"Down"
1.21446616818231e-08,-2.31951399067682,0.019,0.353,0.000933365828894836,"Dpysl2-201",0.000933365828894836,"Down"
1.2307000496978e-08,2.39601555601891,0.769,0.627,0.00094584221619475,"Ftl1-ps1-202",0.00094584221619475,"Up"
1.23733287598885e-08,-1.01049376052857,0.038,0.412,0.00095093980851247,"Sec23a-201",0.00095093980851247,"Down"
1.23733287598885e-08,-1.86045933206096,0.038,0.412,0.00095093980851247,"Wdr12-202",0.00095093980851247,"Down"
1.25019775111743e-08,-1.07418723900984,0.096,0.549,0.000960826979643789,"Epb41l2-202",0.000960826979643789,"Down"
1.26190155704419e-08,-2.30124058430235,0.019,0.353,0.000969821822650739,"Zbtb21-204",0.000969821822650739,"Down"
1.28584097551018e-08,-1.34024077160691,0.154,0.627,0.000988220223318593,"Ak2-202",0.000988220223318593,"Down"
1.29332085849983e-08,-1.90165844976927,0.048,0.431,0.000993968812591461,"Ktn1-219",0.000993968812591461,"Down"
1.31055400763143e-08,-1.8374655348595,0.087,0.529,0.00100721317702506,"Fkbp1a-205",0.00100721317702506,"Down"
1.31113513765714e-08,-2.44112554439413,0.019,0.353,0.00100765979869502,"Eci2-211",0.00100765979869502,"Down"
1.31113513765714e-08,-2.44112554439413,0.019,0.353,0.00100765979869502,"Eci2-203",0.00100765979869502,"Down"
1.31113513765714e-08,-2.44112554439413,0.019,0.353,0.00100765979869502,"Eci2-213",0.00100765979869502,"Down"
1.31113513765714e-08,-2.66874666638435,0.019,0.353,0.00100765979869502,"Perp-201",0.00100765979869502,"Down"
1.31113513765714e-08,-1.63384538908309,0.019,0.353,0.00100765979869502,"Tmem33-204",0.00100765979869502,"Down"
1.31113513765714e-08,-2.74437174699784,0.019,0.353,0.00100765979869502,"Ccne1-201",0.00100765979869502,"Down"
1.31113513765714e-08,-2.09950919589492,0.019,0.353,0.00100765979869502,"Ehmt1-217",0.00100765979869502,"Down"
1.31187205217597e-08,-2.06041281621811,0.058,0.451,0.00100822614697932,"Pxn-213",0.00100822614697932,"Down"
1.31187205217597e-08,-2.42777326181542,0.058,0.451,0.00100822614697932,"Gatad2b-202",0.00100822614697932,"Down"
1.31187205217597e-08,-2.21213648105558,0.058,0.451,0.00100822614697932,"Cherp-201",0.00100822614697932,"Down"
1.32788650336226e-08,-1.54443233010789,0.221,0.784,0.00102053389329403,"Pdcd6ip-201",0.00102053389329403,"Down"
1.33239712898348e-08,-1.18526035347989,0.125,0.627,0.00102400048950897,"Rab8b-201",0.00102400048950897,"Down"
1.3350368133366e-08,-1.22509828590235,0.106,0.569,0.00102602919252171,"Kdm5c-203",0.00102602919252171,"Down"
1.36223289219818e-08,-2.09975739413158,0.019,0.353,0.00104693046696999,"Plcd1-201",0.00104693046696999,"Down"
1.36223289219818e-08,-2.72068575700192,0.019,0.353,0.00104693046696999,"Smarcd2-203",0.00104693046696999,"Down"
1.36578089629876e-08,-1.18158361201114,0.077,0.51,0.00104965725004145,"Ccnd3-202",0.00104965725004145,"Down"
1.36578089629876e-08,-1.18158361201114,0.077,0.51,0.00104965725004145,"Ccnd3-215",0.00104965725004145,"Down"
1.36578089629876e-08,-1.18158361201114,0.077,0.51,0.00104965725004145,"Ccnd3-218",0.00104965725004145,"Down"
1.36578089629876e-08,-1.5401170346733,0.077,0.51,0.00104965725004145,"Ctnnd1-215",0.00104965725004145,"Down"
1.41034942274217e-08,-1.69380180270611,0.067,0.49,0.00108390994535426,"Npat-201",0.00108390994535426,"Down"
1.41135736162747e-08,-1.72763940634872,0.212,0.725,0.00108468458670517,"Birc6-202",0.00108468458670517,"Down"
1.41526313881243e-08,-1.53086654641825,0.019,0.353,0.00108768633270291,"Aco1-201",0.00108768633270291,"Down"
1.41526313881243e-08,-1.8824291371363,0.019,0.353,0.00108768633270291,"Psme4-201",0.00108768633270291,"Down"
1.42205340129837e-08,-1.69128190763569,0.038,0.412,0.00109290492103385,"Cd2bp2-206",0.00109290492103385,"Down"
1.42718792382042e-08,-2.79646680428722,0.029,0.373,0.00109685100697295,"Anapc1-203",0.00109685100697295,"Down"
1.43430118957885e-08,-1.67007850945451,0.087,0.529,0.00110231783623893,"Stk24-201",0.00110231783623893,"Down"
1.44884891562325e-08,-1.56999699526357,0.096,0.549,0.0011134983456131,"Rbm27-203",0.0011134983456131,"Down"
1.4522989137972e-08,-1.29959188798868,0.077,0.51,0.0011161498072097,"Sema4d-202",0.0011161498072097,"Down"
1.47029661108433e-08,-1.71266703482668,0.019,0.353,0.00112998175748275,"Hmmr-201",0.00112998175748275,"Down"
1.47029661108433e-08,-2.01304169075852,0.019,0.353,0.00112998175748275,"Gemin5-205",0.00112998175748275,"Down"
1.47226455003193e-08,-1.63683775280878,0.038,0.412,0.00113149419728154,"Wdr36-201",0.00113149419728154,"Down"
1.47226455003193e-08,-1.63683775280878,0.038,0.412,0.00113149419728154,"Wdr36-202",0.00113149419728154,"Down"
1.4784365849167e-08,-2.17098908369612,0.067,0.471,0.00113623765297188,"Acly-207",0.00113623765297188,"Down"
1.47972728213355e-08,-1.78734352554709,0.048,0.431,0.00113722960541092,"Cr1l-204",0.00113722960541092,"Down"
1.48040751946341e-08,-1.11686240431783,0.029,0.373,0.00113775239500841,"Fbxw7-204",0.00113775239500841,"Down"
1.49210607506105e-08,-1.21683526624547,0.096,0.549,0.00114674320292742,"Acly-203",0.00114674320292742,"Down"
1.49210607506105e-08,-1.21683526624547,0.096,0.549,0.00114674320292742,"Acly-201",0.00114674320292742,"Down"
1.49513880404859e-08,-2.00454236367365,0.058,0.451,0.0011490739764635,"Ralgds-201",0.0011490739764635,"Down"
1.50130763035736e-08,-1.44130996397453,0.115,0.588,0.00115381496623484,"Ubr5-201",0.00115381496623484,"Down"
1.530260750191e-08,-1.46761154583201,0.048,0.431,0.00117606659695179,"Mapk6-202",0.00117606659695179,"Down"
1.54413123886835e-08,-1.44055376730693,0.077,0.51,0.00118672662231988,"Ctnnd1-216",0.00118672662231988,"Down"
1.54413123886835e-08,-1.44055376730693,0.077,0.51,0.00118672662231988,"Ctnnd1-212",0.00118672662231988,"Down"
1.54413123886835e-08,-1.44055376730693,0.077,0.51,0.00118672662231988,"Ctnnd1-214",0.00118672662231988,"Down"
1.59586827361145e-08,-1.87013897325535,0.058,0.451,0.00122648860300134,"Tnrc18-201",0.00122648860300134,"Down"
1.59896958021872e-08,-1.45886209696658,0.067,0.49,0.00122887208118129,"Ctnnd1-210",0.00122887208118129,"Down"
1.62615290858766e-08,-1.5093349561109,0.067,0.471,0.00124976355636596,"Hivep1-201",0.00124976355636596,"Down"
1.63404319132265e-08,-2.14761415482297,0.115,0.549,0.00125582755425911,"Cnot1-203",0.00125582755425911,"Down"
1.63640519583989e-08,-2.03127322386089,0.048,0.431,0.00125764284921079,"Mospd1-202",0.00125764284921079,"Down"
1.65189233902169e-08,-3.30712469654548,0.029,0.373,0.00126954533823173,"Fmr1-204",0.00126954533823173,"Down"
1.65189233902169e-08,-2.82111964107325,0.029,0.373,0.00126954533823173,"Ptbp1-202",0.00126954533823173,"Down"
1.65991904931751e-08,-1.37376975985369,0.317,0.843,0.00127571418616248,"Hnrnpa1-202",0.00127571418616248,"Down"
1.66619345075383e-08,-1.28679398353134,0.087,0.529,0.00128053631464235,"Glyr1-202",0.00128053631464235,"Down"
1.66619345075383e-08,-1.12963241832105,0.087,0.529,0.00128053631464235,"Luzp1-207",0.00128053631464235,"Down"
1.68174710760538e-08,-1.15193518920375,0.106,0.569,0.00129248992207904,"Leng8-204",0.00129248992207904,"Down"
1.68474638764792e-08,-1.03777595381396,0.183,0.706,0.00129479498876293,"Ubap2-202",0.00129479498876293,"Down"
1.68474638764792e-08,-1.03777595381396,0.183,0.706,0.00129479498876293,"Ubap2-201",0.00129479498876293,"Down"
1.713228378738e-08,-2.82912040582964,0.029,0.373,0.0013166845381953,"Fmr1-205",0.0013166845381953,"Down"
1.713228378738e-08,-2.08972353768042,0.029,0.373,0.0013166845381953,"Zfp384-208",0.0013166845381953,"Down"
1.75029522353026e-08,-1.08922793152802,0.038,0.412,0.00134517189109194,"Mapk1ip1l-201",0.00134517189109194,"Down"
1.76399667380335e-08,-1.21683357502781,0.163,0.686,0.00135570200368483,"Uqcrc2-201",0.00135570200368483,"Down"
1.76880949817999e-08,-1.57645184113923,0.087,0.529,0.00135940085173125,"Nup93-201",0.00135940085173125,"Down"
1.76880949817999e-08,-1.57645184113923,0.087,0.529,0.00135940085173125,"Nup93-207",0.00135940085173125,"Down"
1.76880949817999e-08,-1.57645184113923,0.087,0.529,0.00135940085173125,"Nup93-202",0.00135940085173125,"Down"
1.7767737630771e-08,-2.54368249544549,0.029,0.373,0.00136552170787527,"Rbm5-219",0.00136552170787527,"Down"
1.787475254539e-08,-1.54785845437077,0.106,0.549,0.00137374623212341,"Cops7a-201",0.00137374623212341,"Down"
1.78816254859301e-08,-1.91598886221447,0.067,0.471,0.00137427444509568,"Sinhcaf-211",0.00137427444509568,"Down"
1.8091463995136e-08,-2.03578138376935,0.048,0.431,0.00139040137388218,"Otud4-203",0.00139040137388218,"Down"
1.8091463995136e-08,-1.63453854391048,0.048,0.431,0.00139040137388218,"Khsrp-205",0.00139040137388218,"Down"
1.81199754879778e-08,-1.34938165047014,0.067,0.49,0.00139259259615305,"Ctnnd1-213",0.00139259259615305,"Down"
1.81355667745776e-08,-1.0272780958333,0.096,0.569,0.00139379084889339,"Ppp1r10-202",0.00139379084889339,"Down"
1.81355667745776e-08,-1.0272780958333,0.096,0.569,0.00139379084889339,"Ppp1r10-201",0.00139379084889339,"Down"
1.82965595030941e-08,-1.54714397517317,0.173,0.647,0.00140616378405079,"Pde4dip-202",0.00140616378405079,"Down"
1.83203882592816e-08,-1.27048587777044,0.096,0.549,0.00140799511927883,"Cdca8-201",0.00140799511927883,"Down"
1.84556952396483e-08,-2.14137254261812,0.067,0.471,0.00141839400194793,"Atf4-203",0.00141839400194793,"Down"
1.85476181669198e-08,-1.39349501447052,0.077,0.51,0.00142545864660046,"Cebpz-201",0.00142545864660046,"Down"
1.87181568172494e-08,-1.22777220639527,0.346,0.863,0.00143856522403288,"Eef1g-201",0.00143856522403288,"Down"
1.89135433187737e-08,-1.60062825168083,0.115,0.569,0.00145358145822103,"Smg7-202",0.00145358145822103,"Down"
1.90411084743106e-08,-2.34846391979845,0.048,0.412,0.00146338535068467,"Vars-210",0.00146338535068467,"Down"
1.93030782167469e-08,-1.00583632319216,0.125,0.608,0.00148351877326986,"Mtdh-201",0.00148351877326986,"Down"
1.93401034437752e-08,-1.30489393550213,0.048,0.431,0.0014863643100679,"Usp19-203",0.0014863643100679,"Down"
1.93401034437752e-08,-1.30489393550213,0.048,0.431,0.0014863643100679,"Usp19-202",0.0014863643100679,"Down"
1.93747416401787e-08,-1.12318594021627,0.202,0.745,0.00148902639401429,"Brd2-201",0.00148902639401429,"Down"
1.9392139579736e-08,-2.05387196453424,0.058,0.451,0.00149036349526103,"Srgap2-204",0.00149036349526103,"Down"
1.94960680603858e-08,-1.68980481599606,0.106,0.549,0.00149835081471289,"Gigyf2-205",0.00149835081471289,"Down"
1.99164478572138e-08,-1.28443301655449,0.154,0.667,0.00153065868361831,"Map1b-201",0.00153065868361831,"Down"
2.04808537769848e-08,-1.21827992904086,0.115,0.588,0.00157403553617639,"Cpsf3-201",0.00157403553617639,"Down"
2.05244108821135e-08,-1.0748050876817,0.087,0.51,0.00157738307393395,"Papola-203",0.00157738307393395,"Down"
2.05293039011384e-08,-1.72858750822605,0.087,0.529,0.00157775912201809,"Agps-201",0.00157775912201809,"Down"
2.05462782106829e-08,-2.55069634303161,0.029,0.373,0.00157906366560382,"Gpatch8-201",0.00157906366560382,"Down"
2.06722500949562e-08,-1.23581974523768,0.048,0.431,0.00158874510879776,"Tjp2-201",0.00158874510879776,"Down"
2.06722500949562e-08,-1.70933875647046,0.048,0.431,0.00158874510879776,"Arpc3-201",0.00158874510879776,"Down"
2.06722500949562e-08,-1.61341151040034,0.048,0.431,0.00158874510879776,"Cdc6-201",0.00158874510879776,"Down"
2.06885161234937e-08,-1.04915472947959,0.058,0.451,0.00158999521815498,"Phip-201",0.00158999521815498,"Down"
2.13042775755016e-08,-2.92520487431295,0.029,0.373,0.0016373189487876,"Thop1-201",0.0016373189487876,"Down"
2.13042775755016e-08,-2.63732343490845,0.029,0.373,0.0016373189487876,"Wnk2-207",0.0016373189487876,"Down"
2.13042775755016e-08,-2.71716071409979,0.029,0.373,0.0016373189487876,"Wnk2-203",0.0016373189487876,"Down"
2.14980078267892e-08,-2.03101318283928,0.077,0.49,0.00165220789352006,"Prpf4b-208",0.00165220789352006,"Down"
2.16052397902941e-08,-1.90295842497566,0.067,0.471,0.00166044909884326,"Adrm1b-201",0.00166044909884326,"Down"
2.20688645835383e-08,-1.33159493698905,0.058,0.451,0.00169608051870326,"Mcm5-201",0.00169608051870326,"Down"
2.20688645835383e-08,-1.33159493698905,0.058,0.451,0.00169608051870326,"Mcm5-203",0.00169608051870326,"Down"
2.20688645835383e-08,-1.33159493698905,0.058,0.451,0.00169608051870326,"Mcm5-205",0.00169608051870326,"Down"
2.20893947808869e-08,-1.37652918138516,0.029,0.373,0.00169765834649028,"Sacm1l-205",0.00169765834649028,"Down"
2.20933000700996e-08,-1.1099314718024,0.048,0.431,0.00169795848358744,"Hmgcr-201",0.00169795848358744,"Down"
2.21645840513886e-08,-1.29552914631223,0.125,0.608,0.00170343694268542,"Leng8-201",0.00170343694268542,"Down"
2.21654536869894e-08,-1.32221956233366,0.154,0.647,0.00170350377765988,"Tsc22d2-203",0.00170350377765988,"Down"
2.22949833233784e-08,-2.1672639903625,0.067,0.471,0.00171345864833492,"Hsd17b4-201",0.00171345864833492,"Down"
2.23955843729525e-08,-1.27398753989769,0.106,0.569,0.00172119024139889,"Cherp-207",0.00172119024139889,"Down"
2.25206534862275e-08,-1.59449338164536,0.106,0.549,0.00173080230303052,"Mdn1-201",0.00173080230303052,"Down"
2.2792158317982e-08,-1.04043577288617,0.058,0.451,0.00175166853537019,"Snx4-201",0.00175166853537019,"Down"
2.2792158317982e-08,-1.54003880714179,0.058,0.451,0.00175166853537019,"Larp1-201",0.00175166853537019,"Down"
2.2838941351357e-08,-1.0389866570643,0.048,0.431,0.00175526399861719,"Pitpnb-204",0.00175526399861719,"Down"
2.29025679555044e-08,-2.21874579793222,0.029,0.373,0.00176015395765233,"Mark2-209",0.00176015395765233,"Down"
2.30675830694648e-08,-1.11323770844273,0.144,0.667,0.00177283602922065,"Baiap2-202",0.00177283602922065,"Down"
2.35682285387879e-08,-2.0094535873478,0.077,0.49,0.00181131263612001,"Glo1-206",0.00181131263612001,"Down"
2.38101656057117e-08,-1.19448742223503,0.096,0.549,0.00182990646746137,"Slc7a5-201",0.00182990646746137,"Down"
2.44016967092095e-08,-1.78656329686028,0.115,0.569,0.00187536799888959,"Ylpm1-201",0.00187536799888959,"Down"
2.46169920995974e-08,-1.4528982313716,0.029,0.373,0.00189191431082246,"Upp1-205",0.00189191431082246,"Down"
2.46593519294314e-08,-1.25555030211901,0.144,0.627,0.00189516983318452,"Mcm2-201",0.00189516983318452,"Down"
2.51028139308173e-08,-1.42167835166923,0.058,0.451,0.00192925166183903,"Mtrex-201",0.00192925166183903,"Down"
2.5225393111963e-08,-1.40893874278968,0.048,0.431,0.0019386723622268,"Nufip1-201",0.0019386723622268,"Down"
2.55202797305353e-08,-2.40779377570983,0.029,0.373,0.00196133557841056,"Yipf6-201",0.00196133557841056,"Down"
2.55202797305353e-08,-1.60470489020764,0.029,0.373,0.00196133557841056,"Rnf111-202",0.00196133557841056,"Down"
2.5707821923624e-08,-2.4560885115771,0.038,0.392,0.0019757489461182,"Luc7l-208",0.0019757489461182,"Down"
2.5707821923624e-08,-2.49968997988296,0.038,0.392,0.0019757489461182,"Gcn1-201",0.0019757489461182,"Down"
2.61084245487172e-08,-1.78078814972651,0.096,0.529,0.00200653686026711,"Thoc2-201",0.00200653686026711,"Down"
2.64144326442172e-08,-1.51522708255807,0.192,0.686,0.00203005480643867,"Hnrnpa1-201",0.00203005480643867,"Down"
2.64556987468412e-08,-2.20423625970549,0.029,0.373,0.00203322627148973,"Cenpn-201",0.00203322627148973,"Down"
2.64556987468412e-08,-2.1719932354213,0.029,0.373,0.00203322627148973,"Usp5-202",0.00203322627148973,"Down"
2.66153506055416e-08,-2.75810165998876,0.038,0.392,0.00204549615543829,"Ndrg1-201",0.00204549615543829,"Down"
2.66316344847438e-08,-1.62866957365033,0.077,0.49,0.0020467476366905,"Tlk2-204",0.0020467476366905,"Down"
2.68685796078545e-08,-1.66268530868631,0.087,0.51,0.00206495781718205,"Tcerg1-203",0.00206495781718205,"Down"
2.68821850543903e-08,-1.27146142229284,0.096,0.529,0.00206600345017011,"Bnip3l-202",0.00206600345017011,"Down"
2.70965607233628e-08,-1.01534746915999,0.115,0.588,0.00208247907783333,"Noc2l-201",0.00208247907783333,"Down"
2.7357014959906e-08,-1.25678465918658,0.385,0.902,0.00210249602772862,"Vcp-201",0.00210249602772862,"Down"
2.74243539627356e-08,-2.13716133985675,0.029,0.373,0.00210767129945208,"Usp5-201",0.00210767129945208,"Down"
2.74243539627356e-08,-1.81395117519912,0.029,0.373,0.00210767129945208,"Smg6-201",0.00210767129945208,"Down"
2.75539357749847e-08,-2.33523309810887,0.038,0.392,0.00211763018005067,"Phf23-209",0.00211763018005067,"Down"
2.76781783448136e-08,-1.76875932603721,0.096,0.529,0.00212717871851231,"Ssrp1-204",0.00212717871851231,"Down"
2.77582456998381e-08,-1.55156453806622,0.067,0.471,0.00213333221501536,"Ncoa4-202",0.00213333221501536,"Down"
2.82421746022444e-08,-3.47820749407685,0.019,0.333,0.00217052408688089,"Satb1-208",0.00217052408688089,"Down"
2.84273867829641e-08,-1.21082887063843,0.029,0.373,0.00218475838381792,"Golph3-205",0.00218475838381792,"Down"
2.84273867829641e-08,-1.55688116697753,0.029,0.373,0.00218475838381792,"Rnf168-201",0.00218475838381792,"Down"
2.84273867829641e-08,-1.55688116697753,0.029,0.373,0.00218475838381792,"Rnf168-203",0.00218475838381792,"Down"
2.84273867829641e-08,-1.35299606926848,0.029,0.373,0.00218475838381792,"Desi1-206",0.00218475838381792,"Down"
2.85219925531136e-08,-2.31332454906937,0.048,0.412,0.002192029215677,"Lig3-211",0.002192029215677,"Down"
2.85246046926799e-08,-2.13493349473963,0.038,0.392,0.00219222996905122,"Mtmr2-201",0.00219222996905122,"Down"
2.86488613223691e-08,-1.22052056946443,0.115,0.588,0.00220177958806936,"Kat6a-204",0.00220177958806936,"Down"
2.88910032169619e-08,-1.31309112073518,0.317,0.824,0.00222038916123639,"Actn1-201",0.00222038916123639,"Down"
2.91536553911895e-08,-1.2137939272318,0.096,0.549,0.00224057503143448,"Fasn-201",0.00224057503143448,"Down"
2.9465976364892e-08,-1.06998537535717,0.029,0.373,0.00226457814754741,"Rbm10-203",0.00226457814754741,"Down"
2.9465976364892e-08,-1.15812240743393,0.029,0.373,0.00226457814754741,"Sf3a3-201",0.00226457814754741,"Down"
2.94923789086929e-08,-2.65588518668054,0.048,0.412,0.00226660728864868,"Pcbp2-212",0.00226660728864868,"Down"
3.0484968063777e-08,-3.41144829657497,0.019,0.333,0.00234289173557352,"Kdm6a-202",0.00234289173557352,"Down"
3.05413408157886e-08,-1.01074343342804,0.029,0.373,0.00234722420705662,"Mepce-201",0.00234722420705662,"Down"
3.05664674489654e-08,-2.77562175819766,0.038,0.392,0.00234915528932279,"Tra2a-202",0.00234915528932279,"Down"
3.05664674489654e-08,-2.39388620155094,0.038,0.392,0.00234915528932279,"Akap11-201",0.00234915528932279,"Down"
3.10787737302357e-08,-1.01886106131899,0.125,0.588,0.00238852807626354,"Ncam1-204",0.00238852807626354,"Down"
3.13848751743089e-08,-1.10800020071447,0.135,0.627,0.00241205319664633,"Sumo2-207",0.00241205319664633,"Down"
3.144178469585e-08,-1.35239606301464,0.067,0.471,0.00241642692101486,"Rbm15-201",0.00241642692101486,"Down"
3.15378119300938e-08,-1.55094444126923,0.365,0.843,0.00242380699807543,"Ubc-202",0.00242380699807543,"Down"
3.15578107680061e-08,-1.15911646544797,0.24,0.765,0.00242534398876434,"Septin11-201",0.00242534398876434,"Down"
3.19628473414827e-08,-1.99331105035058,0.077,0.49,0.00245647266958231,"Srsf3-202",0.00245647266958231,"Down"
3.23988964697268e-08,-1.15955489953112,0.212,0.765,0.00248998478928438,"Rbbp4-201",0.00248998478928438,"Down"
3.24318610854908e-08,-1.67637666105015,0.058,0.451,0.00249251825186431,"Pgk1-203",0.00249251825186431,"Down"
3.27498296939337e-08,-2.25770453598234,0.038,0.392,0.00251695541129758,"Helz-202",0.00251695541129758,"Down"
3.29001483689888e-08,-3.41580823507476,0.019,0.333,0.00252850800275026,"Memo1-203",0.00252850800275026,"Down"
3.29239551095257e-08,-1.15581964973929,0.087,0.529,0.00253033764598749,"Prpf40a-208",0.00253033764598749,"Down"
3.34563011172251e-08,-1.20759323995631,0.635,0.98,0.00257125056606322,"Igf2-205",0.00257125056606322,"Down"
3.50032125679549e-08,-1.93248647682978,0.077,0.49,0.00269013689869761,"Pacsin2-206",0.00269013689869761,"Down"
3.55005007284076e-08,-3.08894658431099,0.019,0.333,0.00272835548298104,"Cyfip1-212",0.00272835548298104,"Down"
3.55005007284076e-08,-3.41182441239852,0.019,0.333,0.00272835548298104,"Usp37-205",0.00272835548298104,"Down"
3.559766854522e-08,-1.0499218073483,0.067,0.471,0.00273582321837434,"Prcc-201",0.00273582321837434,"Down"
3.56838795429074e-08,-1.30347605209128,0.058,0.451,0.0027424488783906,"Cebpz-204",0.0027424488783906,"Down"
3.6311052718565e-08,-2.35334450460514,0.038,0.392,0.00279064964563259,"Med19-201",0.00279064964563259,"Down"
3.6311052718565e-08,-2.53158127021975,0.038,0.392,0.00279064964563259,"Kdm2b-202",0.00279064964563259,"Down"
3.6311052718565e-08,-2.53158127021975,0.038,0.392,0.00279064964563259,"Kdm2b-203",0.00279064964563259,"Down"
3.70053058943544e-08,-1.52987739589121,0.096,0.529,0.00284400577920471,"Ptk2-201",0.00284400577920471,"Down"
3.70053058943544e-08,-1.64369015970298,0.096,0.529,0.00284400577920471,"Ddx17-203",0.00284400577920471,"Down"
3.71840288875304e-08,-1.20304788211307,0.077,0.49,0.00285774135612226,"Ankrd13a-201",0.00285774135612226,"Down"
3.72353701847102e-08,-1.37757156227955,0.087,0.51,0.00286168714017572,"Ep300-201",0.00286168714017572,"Down"
3.75795176633147e-08,-1.7048260724518,0.038,0.392,0.00288813625049638,"Slc4a1ap-209",0.00288813625049638,"Down"
3.75795176633147e-08,-1.7048260724518,0.038,0.392,0.00288813625049638,"Slc4a1ap-201",0.00288813625049638,"Down"
3.75795176633147e-08,-1.57807098941075,0.038,0.392,0.00288813625049638,"Celf1-204",0.00288813625049638,"Down"
3.80253049859053e-08,-1.05923938927701,0.058,0.451,0.00292239678938676,"Baz2a-209",0.00292239678938676,"Down"
3.80253049859053e-08,-1.05923938927701,0.058,0.451,0.00292239678938676,"Baz2a-201",0.00292239678938676,"Down"
3.80253049859053e-08,-1.02487504732047,0.058,0.451,0.00292239678938676,"Suz12-206",0.00292239678938676,"Down"
3.82997218607404e-08,-2.87837463246736,0.019,0.333,0.00294348682388534,"Gtf2a1-202",0.00294348682388534,"Down"
3.82997218607404e-08,-2.66637838515439,0.019,0.333,0.00294348682388534,"Ints10-203",0.00294348682388534,"Down"
3.82997218607404e-08,-2.28915815731068,0.019,0.333,0.00294348682388534,"Fam91a1-201",0.00294348682388534,"Down"
3.82997218607404e-08,-2.91349532541257,0.019,0.333,0.00294348682388534,"Wnk2-204",0.00294348682388534,"Down"
3.84971667415192e-08,-2.06725293058853,0.048,0.412,0.00295866125275271,"Pcgf3-202",0.00295866125275271,"Down"
3.88909106924326e-08,-1.9283237149961,0.038,0.392,0.00298892205035622,"Alas1-207",0.00298892205035622,"Down"
3.88909106924326e-08,-1.9283237149961,0.038,0.392,0.00298892205035622,"Alas1-201",0.00298892205035622,"Down"
3.88909106924326e-08,-1.24392393075551,0.038,0.392,0.00298892205035622,"Exosc8-201",0.00298892205035622,"Down"
3.88909106924326e-08,-1.23257186688029,0.038,0.392,0.00298892205035622,"Rbm7-204",0.00298892205035622,"Down"
3.93598464872376e-08,-1.09747333152452,0.558,0.961,0.00302496164193016,"Ybx1-201",0.00302496164193016,"Down"
3.94977875795995e-08,-1.49139077149558,0.087,0.51,0.00303556296664254,"Ptk2-216",0.00303556296664254,"Down"
3.95510987464182e-08,-1.32541845397641,0.26,0.745,0.00303966014305722,"Alyref-201",0.00303966014305722,"Down"
4.02466349889776e-08,-1.82389273492603,0.038,0.392,0.00309311488544289,"Sin3a-207",0.00309311488544289,"Down"
4.02466349889776e-08,-1.29587289721714,0.038,0.392,0.00309311488544289,"Klf10-202",0.00309311488544289,"Down"
4.02842377597534e-08,-1.30999953958221,0.067,0.471,0.00309600480878809,"Wapl-205",0.00309600480878809,"Down"
4.06784298933858e-08,-1.24271501015506,0.087,0.51,0.00312630005102627,"Gon4l-201",0.00312630005102627,"Down"
4.11352300872999e-08,-1.85907117127362,0.048,0.412,0.00316140697312935,"Ktn1-207",0.00316140697312935,"Down"
4.1188958179914e-08,-1.51637717239301,0.163,0.627,0.00316553619195911,"Actn4-211",0.00316553619195911,"Down"
4.13124821650404e-08,-2.55758079272465,0.019,0.333,0.00317502950431202,"Pigt-205",0.00317502950431202,"Down"
4.1534381448631e-08,-1.48387588026088,0.096,0.529,0.00319208335185309,"Ddx17-201",0.00319208335185309,"Down"
4.16481378708911e-08,-1.77695798798062,0.038,0.392,0.00320082598792947,"Pds5b-201",0.00320082598792947,"Down"
4.16481378708911e-08,-1.95232049551744,0.038,0.392,0.00320082598792947,"Diaph1-201",0.00320082598792947,"Down"
4.19478900599134e-08,-1.15658439711691,0.077,0.49,0.00322386314266458,"Bms1-201",0.00322386314266458,"Down"
4.22026643803377e-08,-1.00605889205794,0.115,0.588,0.00324344356828647,"Jade3-202",0.00324344356828647,"Down"
4.2260146994483e-08,-2.3724599211209,0.067,0.451,0.003247861337114,"Cdc73-201",0.003247861337114,"Down"
4.25191750309927e-08,-2.15501000296052,0.048,0.412,0.00326776867783192,"Lyar-206",0.00326776867783192,"Down"
4.29029753626994e-08,-1.77180048451576,0.202,0.647,0.0032972652685249,"Trip12-207",0.0032972652685249,"Down"
4.29038064529292e-08,-2.60613189043316,0.019,0.333,0.00329732914113342,"Nde1-201",0.00329732914113342,"Down"
4.29038064529292e-08,-3.15350177589636,0.019,0.333,0.00329732914113342,"Chdh-202",0.00329732914113342,"Down"
4.29038064529292e-08,-2.69549620383648,0.019,0.333,0.00329732914113342,"Mark3-201",0.00329732914113342,"Down"
4.29038064529292e-08,-2.69549620383648,0.019,0.333,0.00329732914113342,"Mark3-202",0.00329732914113342,"Down"
4.29038064529292e-08,-3.04718478594997,0.019,0.333,0.00329732914113342,"Myh10-201",0.00329732914113342,"Down"
4.29038064529292e-08,-2.12178791749052,0.019,0.333,0.00329732914113342,"Isyna1-201",0.00329732914113342,"Down"
4.30969121205589e-08,-1.64263167688494,0.038,0.392,0.00331217008411343,"Cacul1-201",0.00331217008411343,"Down"
4.30969121205589e-08,-1.17222407597439,0.038,0.392,0.00331217008411343,"Ruvbl2-201",0.00331217008411343,"Down"
4.30969121205589e-08,-1.18329687708104,0.038,0.392,0.00331217008411343,"Nsd2-209",0.00331217008411343,"Down"
4.35471815411703e-08,-1.86645256167757,0.058,0.431,0.0033467750901651,"Gnl3-201",0.0033467750901651,"Down"
4.4268855718667e-08,-2.13401200841436,0.077,0.471,0.00340223863740243,"Dhx9-202",0.00340223863740243,"Down"
4.44407538367218e-08,-1.20904316302906,0.135,0.627,0.00341544969536742,"Clip2-202",0.00341544969536742,"Down"
4.45544919249366e-08,-2.11279039115917,0.019,0.333,0.00342419092239908,"Desi1-205",0.00342419092239908,"Down"
4.45544919249366e-08,-2.64631825456099,0.019,0.333,0.00342419092239908,"Nup205-204",0.00342419092239908,"Down"
4.45544919249366e-08,-2.64631825456099,0.019,0.333,0.00342419092239908,"Nup205-201",0.00342419092239908,"Down"
4.45544919249366e-08,-2.02176288478763,0.019,0.333,0.00342419092239908,"Map3k3-201",0.00342419092239908,"Down"
4.5423779374458e-08,-1.84314392411662,0.048,0.412,0.00349099914004459,"Ktn1-224",0.00349099914004459,"Down"
4.5423779374458e-08,-1.83901942166318,0.048,0.412,0.00349099914004459,"Ktn1-205",0.00349099914004459,"Down"
4.5423779374458e-08,-1.83026519462829,0.048,0.412,0.00349099914004459,"Ktn1-202",0.00349099914004459,"Down"
4.5423779374458e-08,-2.04167721237729,0.048,0.412,0.00349099914004459,"Mrtfb-204",0.00349099914004459,"Down"
4.55179462485947e-08,-1.39459894225448,0.144,0.627,0.0034982362409895,"Copa-206",0.0034982362409895,"Down"
4.57525818903086e-08,-1.02235457359566,0.087,0.51,0.00351626892859778,"Stk10-201",0.00351626892859778,"Down"
4.58982094486755e-08,-1.08405973498174,0.106,0.549,0.00352746098896851,"Kdm5c-202",0.00352746098896851,"Down"
4.62666764112948e-08,-2.04389041393379,0.019,0.333,0.00355577914891365,"Plcd1-202",0.00355577914891365,"Down"
4.62666764112948e-08,-1.70324634145094,0.019,0.333,0.00355577914891365,"Kctd20-204",0.00355577914891365,"Down"
4.62666764112948e-08,-1.3079819527336,0.019,0.333,0.00355577914891365,"Arhgef1-213",0.00355577914891365,"Down"
4.62666764112948e-08,-2.34556647154449,0.019,0.333,0.00355577914891365,"Camsap1-202",0.00355577914891365,"Down"
4.64625645692874e-08,-1.24913101367032,0.24,0.765,0.00357083393740801,"Fscn1-201",0.00357083393740801,"Down"
4.65989574700805e-08,-1.25955510520654,0.096,0.529,0.00358131627740556,"Ilf3-201",0.00358131627740556,"Down"
4.69473199140417e-08,-2.20881537870813,0.048,0.412,0.00360808932467376,"H1f1-201",0.00360808932467376,"Down"
4.71139927218253e-08,-1.08324963768214,0.087,0.51,0.00362089879664316,"Glrx3-203",0.00362089879664316,"Down"
4.73462777621122e-08,-1.18145323943526,0.163,0.667,0.00363875083112937,"Trio-201",0.00363875083112937,"Down"
4.77425018632877e-08,-1.01800810778389,0.038,0.392,0.00366920223820111,"A430005L14Rik-201",0.00366920223820111,"Down"
4.77425018632877e-08,-1.2411784408502,0.038,0.392,0.00366920223820111,"Dnajc7-222",0.00366920223820111,"Down"
4.79557765412951e-08,-1.51772714288857,0.096,0.529,0.0036855932503047,"Ss18-201",0.0036855932503047,"Down"
4.80425717914844e-08,-2.38916869116889,0.019,0.333,0.00369226381246274,"Aen-202",0.00369226381246274,"Down"
4.80425717914844e-08,-1.72364156437391,0.019,0.333,0.00369226381246274,"Stk25-204",0.00369226381246274,"Down"
4.84921018031027e-08,-1.43184688337817,0.163,0.647,0.00372681199197566,"Eprs-201",0.00372681199197566,"Down"
4.85566028383335e-08,-1.41984251148767,0.106,0.549,0.00373176915453729,"Leng8-203",0.00373176915453729,"Down"
4.9381263350262e-08,-1.93149103680601,0.067,0.451,0.00379514761352103,"Kpna2-201",0.00379514761352103,"Down"
4.9396247395678e-08,-1.552986310745,0.038,0.392,0.00379629919734744,"Ccnl1-206",0.00379629919734744,"Down"
4.94942083723287e-08,-1.44049186925861,0.058,0.431,0.00380382789024695,"Mta3-208",0.00380382789024695,"Down"
4.9884466449282e-08,-1.31912984396911,0.019,0.333,0.00383382078449312,"Ambra1-202",0.00383382078449312,"Down"
4.9884466449282e-08,-1.74686860294388,0.019,0.333,0.00383382078449312,"Srp54a-201",0.00383382078449312,"Down"
4.9884466449282e-08,-1.4879957067873,0.019,0.333,0.00383382078449312,"Phc1-207",0.00383382078449312,"Down"
4.9884466449282e-08,-1.4879957067873,0.019,0.333,0.00383382078449312,"Phc1-216",0.00383382078449312,"Down"
5.01444102533034e-08,-2.20942985830724,0.048,0.412,0.00385379850560738,"Rnf4-204",0.00385379850560738,"Down"
5.01444102533034e-08,-1.47031286372045,0.048,0.412,0.00385379850560738,"Camsap2-202",0.00385379850560738,"Down"
5.1313782294658e-08,-1.06140221241328,0.135,0.608,0.00394366942447364,"Cops2-203",0.00394366942447364,"Down"
5.13639833629846e-08,-1.323008953149,0.106,0.549,0.00394752757737882,"Prpf4b-201",0.00394752757737882,"Down"
5.15181414790112e-08,-1.31751797744898,0.067,0.471,0.00395937524522792,"Cd2bp2-203",0.00395937524522792,"Down"
5.18211103063369e-08,-1.48415595410805,0.048,0.412,0.00398265961148322,"Specc1-213",0.00398265961148322,"Down"
5.24597585820478e-08,-1.16206255022195,0.163,0.667,0.0040317422860647,"ENSMUST00000249998.1",0.0040317422860647,"Down"
5.2838050485444e-08,-2.33285319364227,0.029,0.353,0.00406081553200831,"Dnaja3-202",0.00406081553200831,"Down"
5.28719336848169e-08,-1.64443204720808,0.038,0.392,0.00406341959141292,"Arhgef3-201",0.00406341959141292,"Down"
5.29833831498158e-08,-1.64332447819821,0.135,0.588,0.00407198492859594,"Psmd11-204",0.00407198492859594,"Down"
5.30978170890907e-08,-1.61701539805513,0.077,0.471,0.00408077963456498,"Slu7-201",0.00408077963456498,"Down"
5.35520931256754e-08,-1.57553616803681,0.048,0.412,0.00411569256508066,"Pik3c2a-201",0.00411569256508066,"Down"
5.44637197755244e-08,-1.73900056526261,0.058,0.431,0.00418575471962815,"Sf3a1-201",0.00418575471962815,"Down"
5.45318382341904e-08,-1.20242754729113,0.087,0.51,0.00419098989565047,"Ago2-201",0.00419098989565047,"Down"
5.46975217377296e-08,-1.18299340438273,0.038,0.392,0.00420372333563147,"Sec23b-201",0.00420372333563147,"Down"
5.49296698839776e-08,-1.27888365662232,0.077,0.49,0.00422156484926321,"Pgk1-rs7-201",0.00422156484926321,"Down"
5.53350456659721e-08,-1.09469559616529,0.096,0.529,0.00425271959961262,"Srf-201",0.00425271959961262,"Down"
5.53390549136431e-08,-1.76789482799124,0.048,0.412,0.00425302772633313,"Senp1-204",0.00425302772633313,"Down"
5.62252078827782e-08,-1.83061753888683,0.058,0.431,0.00432113212662304,"Gse1-202",0.00432113212662304,"Down"
5.62252078827782e-08,-1.18177598190138,0.058,0.431,0.00432113212662304,"Nav2-216",0.00432113212662304,"Down"
5.65841327563635e-08,-1.14801854882872,0.038,0.392,0.00434871693885756,"Stxbp5-209",0.00434871693885756,"Down"
5.67716852033924e-08,-1.96077585987343,0.029,0.353,0.00436313109462152,"Ralgds-203",0.00436313109462152,"Down"
5.88434799466806e-08,-1.41644435877991,0.029,0.353,0.00452235680782219,"Cnot2-202",0.00452235680782219,"Down"
5.88434799466806e-08,-2.50451588117849,0.029,0.353,0.00452235680782219,"Arhgap27-204",0.00452235680782219,"Down"
5.8986558957709e-08,-1.57317216330969,0.135,0.588,0.00453335300213577,"Nucks1-201",0.00453335300213577,"Down"
5.90879564627395e-08,-1.67593420227536,0.048,0.412,0.00454114580598738,"Ythdf2-202",0.00454114580598738,"Down"
5.96292822998131e-08,-1.46055278808244,0.087,0.49,0.00458274886186983,"Srsf11-204",0.00458274886186983,"Down"
5.99079230163252e-08,-1.90040874318974,0.077,0.471,0.00460416351549666,"Rapgef2-206",0.00460416351549666,"Down"
6.00653878017881e-08,-1.02164248308576,0.077,0.49,0.00461626531411862,"Polr2b-201",0.00461626531411862,"Down"
6.02787814945836e-08,-1.09221677285,0.096,0.529,0.00463266547298473,"Igbp1-201",0.00463266547298473,"Down"
6.05873880084836e-08,-1.478860085808,0.135,0.588,0.004656383118004,"Sfmbt2-205",0.004656383118004,"Down"
6.09884534737214e-08,-2.09899193403715,0.029,0.353,0.00468720660326939,"Slc12a7-201",0.00468720660326939,"Down"
6.11391944884993e-08,-1.1446656992014,0.269,0.824,0.00469879165321913,"Dcakd-201",0.00469879165321913,"Down"
6.32090995559838e-08,-2.72158043708773,0.029,0.353,0.00485787213727558,"Wnk2-211",0.00485787213727558,"Down"
6.32090995559838e-08,-1.06602167150303,0.029,0.353,0.00485787213727558,"Zfp384-201",0.00485787213727558,"Down"
6.33770888009902e-08,-1.05240716197555,0.144,0.647,0.0048707827827113,"Clip2-201",0.0048707827827113,"Down"
6.38095739634446e-08,-1.04064687184122,0.096,0.529,0.00490402099738657,"B4galt1-201",0.00490402099738657,"Down"
6.48861079241163e-08,-1.32324433675456,0.154,0.608,0.00498675693840003,"Zwint-201",0.00498675693840003,"Down"
6.51765657221633e-08,-1.84017010367131,0.048,0.412,0.00500907978201114,"Pum3-208",0.00500907978201114,"Down"
6.55079936310002e-08,-1.82016296247325,0.029,0.353,0.00503455134251689,"Smc5-201",0.00503455134251689,"Down"
6.58940099529462e-08,-1.5230892963354,0.058,0.431,0.00506421824092373,"Rbm15-202",0.00506421824092373,"Down"
6.63688949125011e-08,-1.55438182079222,0.212,0.667,0.00510071504960536,"Cul4b-202",0.00510071504960536,"Down"
6.73379800545742e-08,-1.42540434094926,0.048,0.412,0.00517519311911424,"Nfkbiz-203",0.00517519311911424,"Down"
6.73379800545742e-08,-1.20429800656311,0.048,0.412,0.00517519311911424,"Ruvbl2-205",0.00517519311911424,"Down"
6.75043433104995e-08,-1.39613794734764,0.212,0.706,0.00518797880078513,"Lima1-201",0.00518797880078513,"Down"
6.78877953595191e-08,-2.18313677331505,0.029,0.353,0.00521744862456048,"Rbm6-201",0.00521744862456048,"Down"
6.78877953595191e-08,-1.580894712005,0.029,0.353,0.00521744862456048,"Pnp-201",0.00521744862456048,"Down"
6.78877953595191e-08,-2.27500375965295,0.029,0.353,0.00521744862456048,"Ubtf-209",0.00521744862456048,"Down"
7.03512512587126e-08,-2.27531623857876,0.029,0.353,0.0054067750642371,"Arpp19-211",0.0054067750642371,"Down"
7.03512512587126e-08,-2.27531623857876,0.029,0.353,0.0054067750642371,"Arpp19-203",0.0054067750642371,"Down"
7.18710482479014e-08,-1.25356320883529,0.048,0.412,0.00552357754204421,"Oxr1-204",0.00552357754204421,"Down"
7.2469776994759e-08,-1.1720310789691,0.135,0.608,0.00556959224115521,"Tubb6-201",0.00556959224115521,"Down"
7.29011974135708e-08,-2.38257938616478,0.029,0.353,0.00560274862602257,"Pbrm1-204",0.00560274862602257,"Down"
7.42470603606871e-08,-1.13103915519431,0.048,0.412,0.00570618357696024,"Celf1-205",0.00570618357696024,"Down"
7.55405622686646e-08,-2.42118576395163,0.029,0.353,0.00580559437259595,"Alas1-202",0.00580559437259595,"Down"
7.55405622686646e-08,-1.77318934513136,0.029,0.353,0.00580559437259595,"Foxm1-201",0.00580559437259595,"Down"
7.55405622686646e-08,-2.03758978216198,0.029,0.353,0.00580559437259595,"Eml4-205",0.00580559437259595,"Down"
7.55405622686646e-08,-2.23675665919859,0.029,0.353,0.00580559437259595,"Yes1-201",0.00580559437259595,"Down"
7.78207848187119e-08,-1.18769961454704,0.173,0.647,0.00598083859645729,"Prpf8-201",0.00598083859645729,"Down"
7.82723695025225e-08,-1.64045279317769,0.029,0.353,0.00601554468574686,"Arhgef7-202",0.00601554468574686,"Down"
7.85038027066656e-08,-1.40997732217999,0.25,0.745,0.00603333125321808,"Hnrnph1-201",0.00603333125321808,"Down"
7.87978637923789e-08,-1.22143128646905,0.308,0.804,0.00605593102389949,"Actr2-201",0.00605593102389949,"Down"
7.9229426109941e-08,-1.13499093405756,0.048,0.412,0.00608909831425341,"Oxr1-214",0.00608909831425341,"Down"
7.9229426109941e-08,-1.13499093405756,0.048,0.412,0.00608909831425341,"Oxr1-207",0.00608909831425341,"Down"
7.9229426109941e-08,-1.13499093405756,0.048,0.412,0.00608909831425341,"Oxr1-203",0.00608909831425341,"Down"
7.9229426109941e-08,-1.44422354212898,0.048,0.412,0.00608909831425341,"Rtn3-202",0.00608909831425341,"Down"
7.9229426109941e-08,-1.44422354212898,0.048,0.412,0.00608909831425341,"Rtn3-204",0.00608909831425341,"Down"
7.96333722318402e-08,-1.24377694855763,0.058,0.431,0.00612014318950585,"Usp7-208",0.00612014318950585,"Down"
7.96333722318402e-08,-1.27343900090349,0.058,0.431,0.00612014318950585,"Dnajc7-213",0.00612014318950585,"Down"
7.96333722318402e-08,-1.67352134906002,0.058,0.431,0.00612014318950585,"Nt5c3b-203",0.00612014318950585,"Down"
7.96333722318402e-08,-1.81396681152153,0.058,0.431,0.00612014318950585,"Bmpr2-201",0.00612014318950585,"Down"
8.10997409869141e-08,-1.75192527654613,0.029,0.353,0.00623283949380829,"Nr1h2-202",0.00623283949380829,"Down"
8.10997409869141e-08,-2.46460038020551,0.029,0.353,0.00623283949380829,"Cab39-201",0.00623283949380829,"Down"
8.10997409869141e-08,-2.28768251311109,0.029,0.353,0.00623283949380829,"Afdn-214",0.00623283949380829,"Down"
8.33151683343556e-08,-1.27315540646412,0.106,0.529,0.00640310394716856,"Hnrnpdl-207",0.00640310394716856,"Down"
8.36473867841369e-08,-1.70422530874513,0.115,0.529,0.00642863626390806,"Nin-201",0.00642863626390806,"Down"
8.40258998334067e-08,-1.73967225095184,0.029,0.353,0.00645772650579664,"Cacul1-202",0.00645772650579664,"Down"
8.40258998334067e-08,-1.2923067013072,0.029,0.353,0.00645772650579664,"Upp1-201",0.00645772650579664,"Down"
8.52590568228004e-08,-1.0690613676923,0.144,0.627,0.0065524995530595,"Sh3bp4-201",0.0065524995530595,"Down"
8.59918845152151e-08,-1.76850249291608,0.115,0.529,0.00660882029253234,"Nin-204",0.00660882029253234,"Down"
8.70541735296096e-08,-2.34517015273675,0.029,0.353,0.00669046145244462,"Cyb5b-202",0.00669046145244462,"Down"
8.70541735296096e-08,-2.45613066646181,0.029,0.353,0.00669046145244462,"F2r-201",0.00669046145244462,"Down"
8.70541735296096e-08,-1.82814673562332,0.029,0.353,0.00669046145244462,"Dvl3-203",0.00669046145244462,"Down"
8.70541735296096e-08,-1.9443110474185,0.029,0.353,0.00669046145244462,"Nadk-201",0.00669046145244462,"Down"
8.70541735296096e-08,-1.51556967124234,0.029,0.353,0.00669046145244462,"Cyth2-205",0.00669046145244462,"Down"
8.78868701212382e-08,-1.57422714877518,0.096,0.51,0.00675445751629764,"Ppp4r2-201",0.00675445751629764,"Down"
8.86394066238762e-08,-1.09859788816537,0.067,0.451,0.00681229295667138,"Tipin-205",0.00681229295667138,"Down"
9.01836354087977e-08,-1.09390638720355,0.048,0.412,0.00693097311570774,"Snx27-201",0.00693097311570774,"Down"
9.01879971675893e-08,-2.07972762686937,0.029,0.353,0.0069313083343179,"Sdhd-201",0.0069313083343179,"Down"
9.01879971675893e-08,-1.76286253664817,0.029,0.353,0.0069313083343179,"Mettl2-204",0.0069313083343179,"Down"
9.01879971675893e-08,-1.96797184441036,0.029,0.353,0.0069313083343179,"Phb-204",0.0069313083343179,"Down"
9.16564301877253e-08,-1.71877322479686,0.038,0.373,0.00704416328564744,"Ppp6r3-201",0.00704416328564744,"Down"
9.28863395299671e-08,-1.2809606305797,0.433,0.902,0.00713868673823609,"Hmgb1-201",0.00713868673823609,"Down"
9.31670395314508e-08,-1.22715674669864,0.058,0.431,0.00716025965615012,"Pard3-202",0.00716025965615012,"Down"
9.34134842806164e-08,-1.75923115240341,0.115,0.529,0.0071791999209025,"Prrc2a-206",0.0071791999209025,"Down"
9.48232147344931e-08,-2.26715694958806,0.038,0.373,0.00728754334520473,"Ube2i-207",0.00728754334520473,"Down"
9.48232147344931e-08,-2.01509508456516,0.038,0.373,0.00728754334520473,"Sumo2-203",0.00728754334520473,"Down"
9.51465582192638e-08,-1.29426694404216,0.087,0.49,0.0073123935853833,"Usp48-205",0.0073123935853833,"Down"
9.61291197058607e-08,-1.67726036001484,0.058,0.431,0.00738790736587422,"Sec23ip-201",0.00738790736587422,"Down"
9.67865926955449e-08,-2.06001279983445,0.029,0.353,0.00743843679502341,"Arhgef3-204",0.00743843679502341,"Down"
9.67865926955449e-08,-1.14869734443052,0.029,0.353,0.00743843679502341,"Aen-203",0.00743843679502341,"Down"
9.67865926955449e-08,-1.13329680904851,0.029,0.353,0.00743843679502341,"Dennd4c-202",0.00743843679502341,"Down"
9.67865926955449e-08,-1.11222671648588,0.029,0.353,0.00743843679502341,"Itpr1-201",0.00743843679502341,"Down"
9.71220551090204e-08,-1.31945037037156,0.067,0.451,0.00746421842334866,"Alkbh5-201",0.00746421842334866,"Down"
9.80958020810092e-08,-2.06639098317709,0.038,0.373,0.00753905477313388,"Pxn-214",0.00753905477313388,"Down"
9.91822708194815e-08,-1.03135316685478,0.058,0.431,0.00762255424156043,"Rbmxl1-201",0.00762255424156043,"Down"
1.00258803189433e-07,-1.49508512092781,0.029,0.353,0.0077052900603207,"Mavs-201",0.0077052900603207,"Down"
1.00275515045985e-07,-1.39697281579972,0.192,0.667,0.00770657443334413,"Hnrnpa1-204",0.00770657443334413,"Down"
1.00312486775225e-07,-1.62389436027561,0.202,0.706,0.00770941585862317,"Psmd4-202",0.00770941585862317,"Down"
1.00345916897232e-07,-1.66824139182593,0.135,0.588,0.00771198509721988,"Stat3-201",0.00771198509721988,"Down"
1.00935528705733e-07,-1.57414315428089,0.115,0.549,0.00775729912315042,"Ncor1-201",0.00775729912315042,"Down"
1.00935528705733e-07,-1.57414315428089,0.115,0.549,0.00775729912315042,"Ncor1-204",0.00775729912315042,"Down"
1.0147759885094e-07,-2.0101476864098,0.038,0.373,0.00779895938209018,"Kitl-202",0.00779895938209018,"Down"
1.02329191468468e-07,-1.47599374411451,0.058,0.431,0.00786440768111761,"Chmp2b-201",0.00786440768111761,"Down"
1.02540992993792e-07,-1.41557187732282,0.077,0.471,0.00788068547554488,"Smarcc2-203",0.00788068547554488,"Down"
1.03023325742026e-07,-1.14249444687544,0.135,0.588,0.00791775467657768,"Git2-204",0.00791775467657768,"Down"
1.03188161595619e-07,-1.10151598872094,0.202,0.686,0.0079304229712697,"Ppp2r2c-201",0.0079304229712697,"Down"
1.03208213949316e-07,-1.63469492342178,0.067,0.451,0.00793196407486075,"Agfg1-201",0.00793196407486075,"Down"
1.03721451880399e-07,-1.35749729218601,0.115,0.549,0.00797140846281615,"Xpo6-213",0.00797140846281615,"Down"
1.04865010139808e-07,-1.07512745477539,0.125,0.588,0.00805929548928482,"Kat6a-202",0.00805929548928482,"Down"
1.05572656991704e-07,-1.12553722673674,0.058,0.431,0.00811368098044041,"Baz2a-203",0.00811368098044041,"Down"
1.05572656991704e-07,-1.12553722673674,0.058,0.431,0.00811368098044041,"Baz2a-202",0.00811368098044041,"Down"
1.05620644037599e-07,-1.66652014168548,0.077,0.471,0.00811736897686564,"Mfn2-204",0.00811736897686564,"Down"
1.05620644037599e-07,-1.39698925627364,0.077,0.471,0.00811736897686564,"Ash2l-210",0.00811736897686564,"Down"
1.05620644037599e-07,-1.39698925627364,0.077,0.471,0.00811736897686564,"Ash2l-203",0.00811736897686564,"Down"
1.0638813092117e-07,-1.52619197219173,0.067,0.451,0.00817635341381557,"Zfp326-201",0.00817635341381557,"Down"
1.06478392176393e-07,-2.7330835047431,0.058,0.412,0.00818329035232449,"Ciz1-222",0.00818329035232449,"Down"
1.08582976561055e-07,-1.67706707281108,0.038,0.373,0.00834503608062333,"Mllt10-204",0.00834503608062333,"Down"
1.0908354569301e-07,-2.3078906670324,0.048,0.392,0.0083835068206906,"Ctnnb1-214",0.0083835068206906,"Down"
1.09662777468308e-07,-2.06483384671502,0.067,0.451,0.00842802309954933,"Mbnl2-202",0.00842802309954933,"Down"
1.13101158311006e-07,-1.59930228947016,0.106,0.529,0.00869227642083408,"Fxr1-201",0.00869227642083408,"Down"
1.13588637449312e-07,-1.1721980610971,0.596,0.941,0.00872974114252939,"Naca-201",0.00872974114252939,"Down"
1.15911271460291e-07,-1.00183889236309,0.058,0.431,0.00890824485680919,"Zfp592-201",0.00890824485680919,"Down"
1.16168762545738e-07,-1.86866586903868,0.038,0.373,0.00892803407669018,"Ckap5-203",0.00892803407669018,"Down"
1.16500957534472e-07,-2.19228171540716,0.087,0.471,0.0089535645903543,"Ahsa1-201",0.0089535645903543,"Down"
1.17065024838549e-07,-2.15410022027538,0.058,0.412,0.00899691541894185,"Rbmx-201",0.00899691541894185,"Down"
1.17797666293559e-07,-1.35415124122908,0.212,0.706,0.0090532218453252,"Nup98-203",0.0090532218453252,"Down"
1.19812453624882e-07,-1.5476751947689,0.25,0.745,0.00920806631088667,"Myo18a-208",0.00920806631088667,"Down"
1.20151500384289e-07,-2.15744719431597,0.038,0.373,0.00923412341053411,"Mfn2-201",0.00923412341053411,"Down"
1.20151500384289e-07,-1.45414707620682,0.038,0.373,0.00923412341053411,"Fut8-203",0.00923412341053411,"Down"
1.22411442896037e-07,-1.26062721869043,0.077,0.471,0.00940780903233206,"Ilf3-213",0.00940780903233206,"Down"
1.23406704598064e-07,-1.29366884194379,0.096,0.51,0.0094842988751796,"Bdp1-201",0.0094842988751796,"Down"
1.24266209588784e-07,-1.05230616917708,0.038,0.373,0.00955035527173642,"Rbm5-201",0.00955035527173642,"Down"
1.24266209588784e-07,-1.89732847805276,0.038,0.373,0.00955035527173642,"Uba6-201",0.00955035527173642,"Down"
1.27312612730744e-07,-1.03225000188313,0.298,0.784,0.00978448353880862,"Gdi2-209",0.00978448353880862,"Down"
1.28517101912606e-07,-1.7891284963161,0.038,0.373,0.00987705335039145,"Taf9b-201",0.00987705335039145,"Down"
1.28517101912606e-07,-1.7891284963161,0.038,0.373,0.00987705335039145,"Taf9b-202",0.00987705335039145,"Down"
1.28517101912606e-07,-1.47780595696176,0.038,0.373,0.00987705335039145,"Rnf111-207",0.00987705335039145,"Down"
