"p_val","avg_log2FC","pct.1","pct.2","p_val_adj","gene","p_val_adj_plot","Significance"
1.89570878631141e-95,-3.22274114950375,0.42,0.949,1.45692803063177e-90,"Dab2-202",1.45692803063177e-90,"Down"
4.03323717525651e-93,-1.62627399781944,0.77,0.996,3.09970409867164e-88,"Eef1a1-201",3.09970409867164e-88,"Down"
1.69124713556849e-76,-2.22918895697952,0.122,0.829,1.29979107356981e-71,"Plek-202",1.29979107356981e-71,"Down"
1.86665198718563e-76,-1.95904305639014,0.461,0.965,1.43459671823164e-71,"Mrc1-201",1.43459671823164e-71,"Down"
1.5594512632484e-75,-2.24079273656091,0.16,0.84,1.19850067385693e-70,"Lcp1-209",1.19850067385693e-70,"Down"
2.06280989831642e-74,-2.77585121556284,0.133,0.789,1.5853519192521e-69,"Lcp1-206",1.5853519192521e-69,"Down"
5.54074908966629e-69,-2.63209623368298,0.152,0.785,4.25828730537213e-64,"Ahnak-202",4.25828730537213e-64,"Down"
5.60287267107185e-69,1.93956240002689,0.984,0.981,4.30603176262556e-64,"Tpt1-201",4.30603176262556e-64,"Up"
1.0395496960349e-68,-2.46484582814902,0.16,0.801,7.9893552339066e-64,"Jmjd1c-206",7.9893552339066e-64,"Down"
6.04087279864365e-67,-2.13927976142068,0.393,0.898,4.64265238066959e-62,"Ifi207-201",4.64265238066959e-62,"Down"
2.84814026265137e-66,-2.2442308831034,0.149,0.782,2.18890971745809e-61,"Cdc42-202",2.18890971745809e-61,"Down"
7.79214292382383e-66,-1.65064897202508,0.442,0.958,5.98857352267557e-61,"Ctsb-201",5.98857352267557e-61,"Down"
2.12483434431364e-65,-1.81664377108212,0.268,0.901,1.6330201869788e-60,"C3ar1-201",1.6330201869788e-60,"Down"
8.56520817781035e-65,-2.13844585732401,0.136,0.787,6.58270509297437e-60,"Mpp1-201",6.58270509297437e-60,"Down"
2.34954078584066e-64,-2.19511591302724,0.087,0.729,1.80571607554998e-59,"Ms4a6c-201",1.80571607554998e-59,"Down"
1.81348638888069e-63,-1.81777513403685,0.255,0.914,1.39373682931037e-58,"C1qa-201",1.39373682931037e-58,"Down"
8.89317064007202e-63,-2.00820448125807,0.369,0.886,6.83475736372095e-58,"Ddx5-201",6.83475736372095e-58,"Down"
2.11314186605033e-62,-1.97859000467584,0.203,0.836,1.62403404973432e-57,"Slfn2-201",1.62403404973432e-57,"Down"
1.25756561479113e-61,-2.84063172276627,0.081,0.669,9.66489477591578e-57,"Plek-201",9.66489477591578e-57,"Down"
2.4417064297941e-61,-2.1037024312183,0.111,0.732,1.87654905955396e-56,"Kdm6b-201",1.87654905955396e-56,"Down"
4.79486278266688e-61,-1.76027826364695,0.238,0.849,3.6850438429908e-56,"Sirpa-203",3.6850438429908e-56,"Down"
9.17495524227557e-61,-2.19059074315068,0.092,0.702,7.05132010189846e-56,"Rgl1-203",7.05132010189846e-56,"Down"
1.44734865420458e-60,-2.8333328903132,0.089,0.685,1.11234533470239e-55,"Cyfip1-201",1.11234533470239e-55,"Down"
1.73429195434753e-60,-2.25178176201556,0.081,0.692,1.33287273859425e-55,"Fcgr1-201",1.33287273859425e-55,"Down"
4.07631295340332e-60,-1.64579658352881,0.119,0.75,3.13280955720858e-55,"Rgl1-201",3.13280955720858e-55,"Down"
8.09410124229196e-60,-2.05572803926635,0.136,0.766,6.22064056875106e-55,"Adgre1-202",6.22064056875106e-55,"Down"
1.07143699504889e-59,-1.79608538350835,0.263,0.852,8.23442188174874e-55,"Plin2-201",8.23442188174874e-55,"Down"
1.3613488465995e-59,-1.81640868087009,0.119,0.743,1.04625104256558e-54,"Cyth4-201",1.04625104256558e-54,"Down"
3.82289827582345e-59,-2.57369779833248,0.068,0.65,2.93805024090136e-54,"Nckap1l-201",2.93805024090136e-54,"Down"
4.80929438379536e-59,-2.51897076214464,0.079,0.658,3.69613510572208e-54,"Cd86-201",3.69613510572208e-54,"Down"
5.8071054157538e-58,-1.97512709085478,0.236,0.831,4.46299279622343e-53,"Sirpa-204",4.46299279622343e-53,"Down"
6.30311436127043e-58,-1.72063925970817,0.631,0.988,4.84419551121078e-53,"Selenop-203",4.84419551121078e-53,"Down"
1.34667199191284e-56,-1.56925569646704,0.146,0.773,1.03497129266469e-51,"Ms4a6b-205",1.03497129266469e-51,"Down"
2.1440978006737e-56,-2.50471390412916,0.065,0.621,1.64782492372977e-51,"Gvin-ps7-201",1.64782492372977e-51,"Down"
7.11131540417857e-56,-1.64711211404889,0.32,0.889,5.4653303407274e-51,"Fcrls-201",5.4653303407274e-51,"Down"
3.12899287396436e-55,-2.10320305960619,0.404,0.924,2.40475618335657e-50,"Selenop-201",2.40475618335657e-50,"Down"
4.42317060926529e-55,-1.46395690391362,0.285,0.88,3.39938354004475e-50,"Prdx1-204",3.39938354004475e-50,"Down"
4.48888212280284e-55,-3.08912380950092,0.06,0.6,3.4498854666589e-50,"Eps15-202",3.4498854666589e-50,"Down"
8.05428274402596e-55,-2.82780805871584,0.081,0.629,6.19003846009372e-50,"Parp14-201",6.19003846009372e-50,"Down"
8.88672827828053e-55,-2.99810533869349,0.108,0.657,6.82980615098972e-50,"Macf1-203",6.82980615098972e-50,"Down"
1.54560196502104e-54,-2.22137570674877,0.141,0.722,1.18785693419727e-49,"Zeb2-212",1.18785693419727e-49,"Down"
2.1122427409364e-54,-1.56068763768308,0.29,0.879,1.62334303611926e-49,"Gdi2-209",1.62334303611926e-49,"Down"
2.55039880373656e-54,-2.20191155596685,0.157,0.729,1.9600834966237e-49,"Stab1-201",1.9600834966237e-49,"Down"
3.2165738411141e-54,-2.57703129645828,0.182,0.732,2.47206565984983e-49,"F13a1-201",2.47206565984983e-49,"Down"
4.29099389095494e-54,-2.42247483828846,0.1,0.655,3.29780044495451e-49,"Ranbp2-201",3.29780044495451e-49,"Down"
6.31542303025538e-54,-2.17492822923101,0.309,0.84,4.85365521567247e-49,"Vim-201",4.85365521567247e-49,"Down"
1.20491777746893e-53,-2.60290088630706,0.084,0.636,9.26027508695974e-49,"Cyfip1-203",9.26027508695974e-49,"Down"
1.31315540283123e-53,-1.85054740450353,0.168,0.761,1.00921245329191e-48,"Sfpq-201",1.00921245329191e-48,"Down"
2.27188218592179e-53,-3.62022452048933,0.024,0.526,1.74603233516833e-48,"Cd180-201",1.74603233516833e-48,"Down"
2.86788385692393e-53,-2.02952941428406,0.098,0.658,2.20408345940032e-48,"Nfe2l2-201",2.20408345940032e-48,"Down"
4.55291053518062e-53,-1.44028943824323,0.146,0.754,3.49909386270772e-48,"Ms4a6b-201",3.49909386270772e-48,"Down"
4.80084867251431e-53,-2.30335574067865,0.073,0.614,3.68964423877415e-48,"Fyb-201",3.68964423877415e-48,"Down"
4.87589900888181e-53,-2.10752355732424,0.1,0.653,3.74732342428602e-48,"Ubap2l-208",3.74732342428602e-48,"Down"
7.66722515851748e-53,-1.84395979801486,0.377,0.854,5.89256922332702e-48,"Ifi207-202",5.89256922332702e-48,"Down"
8.56534531421176e-53,-1.53564378804307,0.184,0.789,6.5828104877843e-48,"Capza2-201",6.5828104877843e-48,"Down"
1.93414015599556e-52,-1.3455068016322,0.206,0.838,1.48646407548883e-47,"Fcgr3-201",1.48646407548883e-47,"Down"
2.88924478222508e-52,-1.82280413306088,0.106,0.683,2.22050018493127e-47,"Plekho2-204",2.22050018493127e-47,"Down"
9.5887928324035e-52,-1.81899536277863,0.127,0.713,7.36937084341539e-47,"Samhd1-201",7.36937084341539e-47,"Down"
9.9279470770603e-52,-1.81048360221031,0.106,0.68,7.63002444660392e-47,"Plekho2-202",7.63002444660392e-47,"Down"
2.11904885454027e-51,-1.70596091885124,0.106,0.669,1.62857380666838e-46,"Bltp2-201",1.62857380666838e-46,"Down"
2.98021564569102e-51,2.22099805766886,0.816,0.776,2.29041493233938e-46,"Set-201",2.29041493233938e-46,"Up"
6.12295591339381e-51,-1.42470044840222,0.352,0.898,4.70573653767968e-46,"Tmsb4x-201",4.70573653767968e-46,"Down"
6.1749378460199e-51,1.86502114177867,0.851,0.757,4.74568673218013e-46,"Hnrnpab-201",4.74568673218013e-46,"Up"
9.57260866843404e-51,-1.67385640147559,0.19,0.78,7.3569326660383e-46,"Gas6-201",7.3569326660383e-46,"Down"
1.02609824686411e-50,-1.68612771549663,0.073,0.604,7.88597546644944e-46,"Dock2-201",7.88597546644944e-46,"Down"
1.542456169758e-50,-2.60121582332845,0.079,0.606,1.18543926470581e-45,"Cyfip1-202",1.18543926470581e-45,"Down"
1.75435729907917e-50,-1.53861571555096,0.285,0.849,1.3482937586343e-45,"Calr-201",1.3482937586343e-45,"Down"
1.87189914239134e-50,-1.75790272822155,0.1,0.655,1.43862936689344e-45,"Ptprj-204",1.43862936689344e-45,"Down"
2.26927085634526e-50,-1.86410609921849,0.146,0.702,1.74402542393558e-45,"Bmp2k-201",1.74402542393558e-45,"Down"
3.26484921644355e-50,-2.58995667777178,0.068,0.579,2.50916721680553e-45,"Mapk6-202",2.50916721680553e-45,"Down"
3.35873806827753e-50,-1.41434314662437,0.42,0.951,2.58132455499402e-45,"Ctsc-201",2.58132455499402e-45,"Down"
5.75906564999384e-50,-3.04145532424131,0.049,0.546,4.42607231464627e-45,"Ifi204-201",4.42607231464627e-45,"Down"
6.52890192175313e-50,-1.61803013272424,0.103,0.641,5.01772228294415e-45,"Ubap2l-202",5.01772228294415e-45,"Down"
7.55177442275216e-50,-1.39925034836734,0.382,0.921,5.80384071486195e-45,"Cltc-202",5.80384071486195e-45,"Down"
1.47286174634624e-49,-1.54057326854208,0.133,0.701,1.13195316653694e-44,"Nono-201",1.13195316653694e-44,"Down"
1.8704874162419e-49,1.86060145471051,0.843,0.757,1.43754439887855e-44,"Hnrnpab-202",1.43754439887855e-44,"Up"
2.08802293739582e-49,-1.95951223992949,0.119,0.671,1.60472914830619e-44,"Fcgr3-204",1.60472914830619e-44,"Down"
2.32146684005207e-49,-1.8604689621038,0.125,0.681,1.78414012525362e-44,"Trip12-206",1.78414012525362e-44,"Down"
2.95274398326851e-49,-1.96894896136683,0.111,0.646,2.26930186090118e-44,"Atp2b1-201",2.26930186090118e-44,"Down"
5.04272766211721e-49,-1.39978393284722,0.336,0.859,3.87553791744356e-44,"Iqgap1-201",3.87553791744356e-44,"Down"
8.61458614420537e-49,-2.74989525049813,0.054,0.553,6.62065403526759e-44,"Nckap1l-203",6.62065403526759e-44,"Down"
1.59629065961178e-48,-1.57945892659845,0.157,0.727,1.22681322353803e-43,"Canx-205",1.22681322353803e-43,"Down"
2.06439112587277e-48,-1.77658269864514,0.136,0.69,1.58656715587826e-43,"Trip12-201",1.58656715587826e-43,"Down"
3.05888018863212e-48,-2.03317430231077,0.06,0.563,2.35087178017133e-43,"Dnajc13-201",2.35087178017133e-43,"Down"
5.34989996683299e-48,-1.93286230299893,0.184,0.745,4.11161212050982e-43,"Wnk1-202",4.11161212050982e-43,"Down"
6.02816564401552e-48,-2.36425491810637,0.152,0.704,4.63288642405169e-43,"Lyz2-201",4.63288642405169e-43,"Down"
9.0148657672416e-48,-1.98721747221406,0.117,0.658,6.92828493675586e-43,"Adgre1-201",6.92828493675586e-43,"Down"
1.04730569254323e-47,-1.43649816886949,0.301,0.868,8.04896316947174e-43,"Sirpa-214",8.04896316947174e-43,"Down"
1.11144915724973e-47,-2.57194801393916,0.073,0.576,8.5419313531271e-43,"Myo5a-201",8.5419313531271e-43,"Down"
1.48432175870057e-47,-2.54307776509423,0.122,0.629,1.14076064443174e-42,"F13a1-202",1.14076064443174e-42,"Down"
2.07259126626084e-47,-1.85206638810457,0.073,0.585,1.59286929177211e-42,"Plxnd1-201",1.59286929177211e-42,"Down"
6.89913889608656e-47,-2.68741385779336,0.035,0.505,5.30226420719836e-42,"Asah1-201",5.30226420719836e-42,"Down"
7.06630451363134e-47,-1.56135823783636,0.322,0.87,5.43073767090623e-42,"Colec12-204",5.43073767090623e-42,"Down"
1.6283728515857e-46,-1.48107159654153,0.198,0.743,1.25146967135767e-41,"Hdlbp-202",1.25146967135767e-41,"Down"
3.31925268314527e-46,-1.48911077564973,0.453,0.938,2.55097845710447e-41,"Ubc-202",2.55097845710447e-41,"Down"
3.36794344519227e-46,-1.86693584537748,0.133,0.66,2.58839925536807e-41,"Zeb2-202",2.58839925536807e-41,"Down"
3.38095653908271e-46,-1.94632153879264,0.054,0.544,2.59840033854662e-41,"Dpysl2-201",2.59840033854662e-41,"Down"
5.30423330256667e-46,-1.04610104497036,0.157,0.724,4.07651546235459e-41,"Eif5-202",4.07651546235459e-41,"Down"
5.47872387986554e-46,-1.46262929609121,0.081,0.599,4.21061845063186e-41,"Plxnb2-202",4.21061845063186e-41,"Down"
7.03737875312233e-46,-1.56794690367311,0.26,0.815,5.40850706692464e-41,"Rnf213-201",5.40850706692464e-41,"Down"
8.22534135397541e-46,1.74816924043135,0.843,0.766,6.32150384418426e-41,"Hnrnpab-203",6.32150384418426e-41,"Up"
9.90588637285003e-46,-1.38400896555244,0.198,0.783,7.61306991299016e-41,"Gatm-201",7.61306991299016e-41,"Down"
1.18592825125573e-45,-2.15323326285094,0.111,0.625,9.1143329822008e-41,"Rasgef1b-209",9.1143329822008e-41,"Down"
1.23024357550432e-45,-1.80292004606891,0.122,0.651,9.45491397518092e-41,"Mpp1-202",9.45491397518092e-41,"Down"
1.70557984069387e-45,-1.8441910731946,0.122,0.646,1.31080633076686e-40,"Tnfaip3-202",1.31080633076686e-40,"Down"
2.50702783067238e-45,-1.90954414827512,0.084,0.577,1.92675116898495e-40,"Mapk6-201",1.92675116898495e-40,"Down"
2.85461892736532e-45,-1.91879763603037,0.062,0.548,2.19388883043734e-40,"Ptbp3-212",2.19388883043734e-40,"Down"
4.91316600406589e-45,-1.46337673371337,0.168,0.708,3.7759646007648e-40,"Ctsa-202",3.7759646007648e-40,"Down"
5.00157270691114e-45,-1.9966329002156,0.087,0.593,3.84390868816948e-40,"Abca1-201",3.84390868816948e-40,"Down"
6.03760789696437e-45,-2.79011664454968,0.062,0.523,4.640143173133e-40,"Usp9x-201",4.640143173133e-40,"Down"
6.45661029147433e-45,-2.32306578896888,0.043,0.509,4.96216327340968e-40,"Ptprc-207",4.96216327340968e-40,"Down"
7.32692408308656e-45,-1.45476769461378,0.163,0.713,5.63103423481535e-40,"Actr2-201",5.63103423481535e-40,"Down"
7.77656422797919e-45,-1.63143128816889,0.07,0.567,5.97660067177113e-40,"Plxnb2-201",5.97660067177113e-40,"Down"
8.14355138316629e-45,-1.86059998184597,0.184,0.722,6.25864498001862e-40,"Wnk1-203",6.25864498001862e-40,"Down"
9.12977874156896e-45,-3.06282220036358,0.035,0.489,7.01660015404541e-40,"Ptprc-201",7.01660015404541e-40,"Down"
1.14524367771172e-44,-1.39214823331178,0.106,0.629,8.80165576068565e-40,"Rab7b-202",8.80165576068565e-40,"Down"
1.54857890637475e-44,-1.71958543761904,0.157,0.685,1.19014483270525e-39,"Huwe1-201",1.19014483270525e-39,"Down"
1.54923156100962e-44,-2.0924052222604,0.057,0.533,1.19064642389833e-39,"Hpgds-201",1.19064642389833e-39,"Down"
1.5997828606177e-44,-1.13193640677969,0.098,0.621,1.22949711969913e-39,"Wasf2-201",1.22949711969913e-39,"Down"
1.84281239510109e-44,-2.13039921573966,0.081,0.569,1.41627503813099e-39,"Gvin2-202",1.41627503813099e-39,"Down"
2.5464314401409e-44,-1.63091686997589,0.263,0.798,1.95703441900589e-39,"Sdcbp-201",1.95703441900589e-39,"Down"
2.75963199650934e-44,-2.80905997900755,0.041,0.495,2.12088757459729e-39,"Anxa6-201",2.12088757459729e-39,"Down"
3.37144450516358e-44,-1.17795167201081,0.352,0.905,2.59108995999842e-39,"Tln1-201",2.59108995999842e-39,"Down"
3.46516754024519e-44,-2.9062571168664,0.035,0.486,2.66311986138004e-39,"Ptprc-204",2.66311986138004e-39,"Down"
3.74932471105112e-44,-2.37614368722975,0.046,0.511,2.88150601343123e-39,"Arhgdib-203",2.88150601343123e-39,"Down"
4.78586757230493e-44,-1.33399430726211,0.257,0.81,3.67813066401923e-39,"Gnas-202",3.67813066401923e-39,"Down"
4.99851724043954e-44,-1.87178799185599,0.119,0.636,3.84156043996741e-39,"Fcgr3-203",3.84156043996741e-39,"Down"
5.703662965257e-44,-1.29946555966778,0.201,0.766,4.38349313531862e-39,"Rac2-201",4.38349313531862e-39,"Down"
5.89305137499405e-44,-1.69952644185485,0.111,0.629,4.52904570373793e-39,"Capza1-201",4.52904570373793e-39,"Down"
6.28307643691101e-44,-1.01898654961407,0.547,0.956,4.82879556482359e-39,"Cfl1-202",4.82879556482359e-39,"Down"
6.44024935366335e-44,-1.72076884328649,0.138,0.658,4.94958923826443e-39,"Ddx3x-201",4.94958923826443e-39,"Down"
9.76058135047057e-44,-2.52156920426264,0.049,0.507,7.50139719109065e-39,"Eif5-212",7.50139719109065e-39,"Down"
1.04079103355303e-43,-2.12680880019022,0.087,0.569,7.99889540926844e-39,"Ubap2l-201",7.99889540926844e-39,"Down"
1.31576960816032e-43,-2.41111524234213,0.06,0.521,1.01122157465553e-38,"Gbp7-201",1.01122157465553e-38,"Down"
1.71098332110348e-43,-1.52793182949338,0.179,0.722,1.31495912160087e-38,"Grn-211",1.31495912160087e-38,"Down"
1.71098332110348e-43,-1.5279318292637,0.179,0.722,1.31495912160087e-38,"Grn-201",1.31495912160087e-38,"Down"
1.71119613943959e-43,-1.85289951960662,0.114,0.611,1.3151226810049e-38,"Ccdc50-203",1.3151226810049e-38,"Down"
2.0955650320195e-43,-1.20219520819476,0.26,0.806,1.61052554970827e-38,"Cap1-202",1.61052554970827e-38,"Down"
2.4586500029776e-43,-2.18720009476216,0.046,0.5,1.8895708732884e-38,"Anxa6-202",1.8895708732884e-38,"Down"
4.31676767963836e-43,-1.49230795758028,0.23,0.771,3.31760863250927e-38,"Capzb-202",3.31760863250927e-38,"Down"
4.93625614918684e-43,-1.38722426912254,0.252,0.787,3.79371030089605e-38,"Cap1-201",3.79371030089605e-38,"Down"
5.31682789050884e-43,-1.8545777986018,0.073,0.548,4.08619490697166e-38,"Cd68-201",4.08619490697166e-38,"Down"
8.44254608161843e-43,-1.56448922384794,0.081,0.569,6.48843436556703e-38,"Ptbp3-201",6.48843436556703e-38,"Down"
8.66489492113617e-43,-1.99760596024158,0.136,0.641,6.65931834268999e-38,"Cd44-201",6.65931834268999e-38,"Down"
9.91743088050482e-43,-2.30101326288733,0.103,0.581,7.62194232890318e-38,"Lamp2-202",7.62194232890318e-38,"Down"
1.00635684127782e-42,-1.88597093397346,0.103,0.6,7.73425486795653e-38,"Aldh2-201",7.73425486795653e-38,"Down"
1.13404006443982e-42,-1.72197612695293,0.222,0.731,8.71555151124578e-38,"Sirpa-201",8.71555151124578e-38,"Down"
1.16017880939327e-42,-2.27609400380146,0.043,0.489,8.91643822171101e-38,"Wasf2-202",8.91643822171101e-38,"Down"
1.24372628914972e-42,-1.27834961536269,0.236,0.794,9.55853402263123e-38,"Laptm5-207",9.55853402263123e-38,"Down"
1.72356913808071e-42,-2.02513012882977,0.073,0.548,1.32463182538055e-37,"C5ar1-201",1.32463182538055e-37,"Down"
1.91798296377523e-42,-1.463237651689,0.241,0.775,1.47404662697982e-37,"Gnas-208",1.47404662697982e-37,"Down"
1.98034053710945e-42,-3.20654070240618,0.03,0.46,1.5219709163901e-37,"Sh3bp1-201",1.5219709163901e-37,"Down"
1.99306819402733e-42,-1.98003153753193,0.076,0.553,1.53175262983777e-37,"C5ar1-202",1.53175262983777e-37,"Down"
3.0091856792155e-42,-1.25547473782321,0.249,0.783,2.31267956190428e-37,"Bach1-201",2.31267956190428e-37,"Down"
3.03418074547427e-42,-1.49798322608824,0.144,0.66,2.3318892701268e-37,"Coro1c-201",2.3318892701268e-37,"Down"
3.0562882578386e-42,-1.20488491447297,0.249,0.822,2.34887977767928e-37,"Arpc1b-201",2.34887977767928e-37,"Down"
3.53250168987821e-42,-1.84783335589648,0.098,0.576,2.714868848739e-37,"Eea1-201",2.714868848739e-37,"Down"
3.64223265197776e-42,-1.39249480236737,0.136,0.665,2.79920148235099e-37,"Cx3cr1-203",2.79920148235099e-37,"Down"
3.74674140685211e-42,-1.26261600947513,0.182,0.729,2.87952064082212e-37,"Msn-201",2.87952064082212e-37,"Down"
4.5059177555755e-42,-1.23462854881411,0.122,0.639,3.46297803187e-37,"Snx6-201",3.46297803187e-37,"Down"
5.09036463095278e-42,-1.25331040956885,0.163,0.701,3.91214883347245e-37,"Wdr26-209",3.91214883347245e-37,"Down"
5.09036463095278e-42,-1.25331040982587,0.163,0.701,3.91214883347245e-37,"Wdr26-207",3.91214883347245e-37,"Down"
1.74622810463432e-41,-1.99637639733498,0.136,0.632,1.34204614753566e-36,"Cd44-207",1.34204614753566e-36,"Down"
2.04891558753655e-41,-1.44482706584936,0.051,0.502,1.57467358564534e-36,"Ptprc-203",1.57467358564534e-36,"Down"
2.17109344065339e-41,-1.3527949697779,0.108,0.614,1.66857215287976e-36,"Samhd1-206",1.66857215287976e-36,"Down"
3.02474742371016e-41,-1.03581059893161,0.068,0.537,2.3246393850182e-36,"Mapre2-201",2.3246393850182e-36,"Down"
3.28542728336035e-41,-2.23796993607212,0.117,0.579,2.52498228435377e-36,"Jmjd1c-211",2.52498228435377e-36,"Down"
3.28581746277254e-41,-2.32409023375466,0.068,0.526,2.5252821528392e-36,"Picalm-213",2.5252821528392e-36,"Down"
3.97377004955465e-41,-1.0504417432824,0.146,0.665,3.05400123388473e-36,"Aff1-202",3.05400123388473e-36,"Down"
4.57243602300855e-41,-1.42169293084074,0.39,0.886,3.51409998112299e-36,"Ubc-203",3.51409998112299e-36,"Down"
5.40669928059557e-41,-1.64292413138436,0.062,0.525,4.15526466510892e-36,"Arhgdib-201",4.15526466510892e-36,"Down"
6.05958093186245e-41,-1.66298473303466,0.187,0.706,4.65703032937357e-36,"Wnk1-223",4.65703032937357e-36,"Down"
6.15057197611423e-41,-1.8553439918825,0.081,0.546,4.72696058652283e-36,"Gvin1-202",4.72696058652283e-36,"Down"
6.31926958090543e-41,-2.26366908837389,0.081,0.546,4.85661144370906e-36,"Cyfip1-207",4.85661144370906e-36,"Down"
6.45861325778826e-41,-1.35284404914805,0.285,0.79,4.96370263314059e-36,"Tpm3-201",4.96370263314059e-36,"Down"
6.85796893146214e-41,-1.71487710065154,0.13,0.613,5.27062344258591e-36,"Atp6v1a-202",5.27062344258591e-36,"Down"
7.45037418391449e-41,-1.58367270601121,0.106,0.599,5.72591057530564e-36,"Atp6v1b2-201",5.72591057530564e-36,"Down"
8.07964033822111e-41,-1.42183587095573,0.249,0.778,6.20952678553645e-36,"Rnf213-202",6.20952678553645e-36,"Down"
9.21701303886708e-41,-3.45859232646818,0.019,0.426,7.0836432008909e-36,"Vwa5a-202",7.0836432008909e-36,"Down"
1.11362946314402e-40,-1.76022899233253,0.084,0.551,8.55868787604705e-36,"Coro1a-202",8.55868787604705e-36,"Down"
1.21336141326693e-40,-1.33981655581698,0.136,0.655,9.32516780552163e-36,"Cx3cr1-201",9.32516780552163e-36,"Down"
1.2133619755761e-40,-1.6764567319938,0.108,0.588,9.32517212709255e-36,"Nisch-201",9.32517212709255e-36,"Down"
1.22935787724065e-40,-1.55444611102014,0.206,0.718,9.44810702974528e-36,"Zmiz1-208",9.44810702974528e-36,"Down"
1.35902412482491e-40,-1.38498485110604,0.271,0.789,1.04446440089294e-35,"Lgmn-202",1.04446440089294e-35,"Down"
1.53315820099265e-40,-1.35536125309426,0.125,0.62,1.17829340379089e-35,"Aff1-201",1.17829340379089e-35,"Down"
1.77569986790395e-40,-1.20550735248546,0.179,0.717,1.3646963764789e-35,"Pld4-203",1.3646963764789e-35,"Down"
1.92784755813842e-40,-2.31267168930312,0.043,0.475,1.4816279623317e-35,"Fnbp1-201",1.4816279623317e-35,"Down"
2.05495692429462e-40,-1.79424049960856,0.062,0.516,1.57931659459739e-35,"Vps26a-201",1.57931659459739e-35,"Down"
2.13780575647176e-40,-2.75041176023202,0.027,0.442,1.6429892360788e-35,"Mapre2-209",1.6429892360788e-35,"Down"
2.14787973570712e-40,-1.50940692269994,0.087,0.563,1.65073149208035e-35,"Evi2a-202",1.65073149208035e-35,"Down"
2.22636837352295e-40,-3.01356311382891,0.019,0.423,1.71105314978733e-35,"Cfh-201",1.71105314978733e-35,"Down"
2.22636837352295e-40,-3.01356311367056,0.019,0.423,1.71105314978733e-35,"Cfh-202",1.71105314978733e-35,"Down"
2.61458684994834e-40,-1.90910690506078,0.122,0.593,2.0094145776593e-35,"Atp6v1a-201",2.0094145776593e-35,"Down"
3.17143811761182e-40,2.84468744758575,0.61,0.282,2.43737705090939e-35,"Gna13-202",2.43737705090939e-35,"Up"
3.87198159418726e-40,-1.78151881031144,0.049,0.486,2.97577273439667e-35,"Hnrnph2-203",2.97577273439667e-35,"Down"
4.22445332399803e-40,-1.84134240051049,0.046,0.484,3.24666135762545e-35,"Fnip1-201",3.24666135762545e-35,"Down"
5.92024126553965e-40,-1.96775596885821,0.076,0.53,4.54994222221785e-35,"Slfn5-201",4.54994222221785e-35,"Down"
7.11160218529096e-40,-1.94425733013857,0.081,0.532,5.46555074348351e-35,"Ubap2l-203",5.46555074348351e-35,"Down"
7.96778196014605e-40,-1.92182361847331,0.054,0.486,6.12355914765065e-35,"Erbin-203",6.12355914765065e-35,"Down"
8.08240592250676e-40,-1.32260074562157,0.222,0.773,6.21165224768334e-35,"Tnfaip3-201",6.21165224768334e-35,"Down"
8.33324873095212e-40,-1.90658903908303,0.068,0.516,6.40443497968594e-35,"Prpf8-202",6.40443497968594e-35,"Down"
8.83801212846503e-40,-1.34200342445859,0.171,0.694,6.79236584121051e-35,"Son-202",6.79236584121051e-35,"Down"
9.27686303350949e-40,-1.52338169264444,0.073,0.533,7.12964031577339e-35,"Vps26a-202",7.12964031577339e-35,"Down"
1.18847249882633e-39,-1.24450567763164,0.13,0.632,9.13388654247987e-35,"Ptp4a1-203",9.13388654247987e-35,"Down"
1.36857125182739e-39,-1.30574398167118,0.241,0.778,1.05180174987942e-34,"Mcl1-201",1.05180174987942e-34,"Down"
1.42097458687771e-39,-1.57722049472998,0.114,0.595,1.092075808999e-34,"Ncf2-202",1.092075808999e-34,"Down"
1.46348819441332e-39,-1.10442947296175,0.455,0.93,1.12474921693441e-34,"Snx2-201",1.12474921693441e-34,"Down"
1.48471247222903e-39,-1.60963798937826,0.092,0.56,1.1410609234069e-34,"Ptbp1-215",1.1410609234069e-34,"Down"
1.51221676076852e-39,-2.685819701529,0.057,0.486,1.16219906932104e-34,"Cnot1-202",1.16219906932104e-34,"Down"
1.57290019077826e-39,-1.63338652901012,0.154,0.644,1.20883671262072e-34,"Arhgap31-201",1.20883671262072e-34,"Down"
1.58872062999305e-39,-1.81760082425335,0.043,0.474,1.22099535297486e-34,"Vwa5a-201",1.22099535297486e-34,"Down"
3.24533417472739e-39,-2.7160566587636,0.038,0.449,2.49416912664499e-34,"Ifi211-201",2.49416912664499e-34,"Down"
3.40408887857456e-39,-2.06773519798999,0.06,0.493,2.61617846673969e-34,"Cd14-201",2.61617846673969e-34,"Down"
3.92618672006793e-39,-2.22819017466986,0.07,0.505,3.01743154184101e-34,"Pacsin2-206",3.01743154184101e-34,"Down"
4.37205340830026e-39,-1.6495290589497,0.035,0.447,3.36009792641509e-34,"Tor3a-206",3.36009792641509e-34,"Down"
5.57400851319447e-39,-2.74886761824765,0.027,0.431,4.28384850273048e-34,"Ifi202b-201",4.28384850273048e-34,"Down"
7.25075469332474e-39,-1.02458089675537,0.618,0.967,5.5724950120078e-34,"Ybx1-201",5.5724950120078e-34,"Down"
7.31570539561413e-39,-1.85328704272745,0.108,0.567,5.62241222474528e-34,"Zeb2-201",5.62241222474528e-34,"Down"
7.70785570550342e-39,-1.139643650828,0.285,0.819,5.9237954239076e-34,"Ehd1-201",5.9237954239076e-34,"Down"
8.1814404424809e-39,-1.83312401127822,0.06,0.491,6.28776423766427e-34,"Ncor2-206",6.28776423766427e-34,"Down"
9.69212979230519e-39,-1.98726410235506,0.057,0.486,7.44878943057823e-34,"Spty2d1-201",7.44878943057823e-34,"Down"
9.74175564224752e-39,-1.20572280609295,0.173,0.692,7.48692888129291e-34,"Son-203",7.48692888129291e-34,"Down"
9.97924748483795e-39,-2.4798685730836,0.035,0.445,7.66945086199736e-34,"Hnrnph2-204",7.66945086199736e-34,"Down"
1.0183072861196e-38,-1.21276204983225,0.117,0.613,7.82609881674356e-34,"Samhd1-203",7.82609881674356e-34,"Down"
1.05676347879081e-38,-1.20372364091508,0.119,0.616,8.12165003989893e-34,"Samhd1-202",8.12165003989893e-34,"Down"
1.17415922490303e-38,-1.80036210452934,0.076,0.526,9.02388330706971e-34,"Vps35-201",9.02388330706971e-34,"Down"
1.35493542829634e-38,-1.51280784413414,0.117,0.6,1.04132207406287e-33,"Ly86-201",1.04132207406287e-33,"Down"
1.55006653147716e-38,-1.46796696787001,0.122,0.609,1.19128813210146e-33,"Fcgrt-201",1.19128813210146e-33,"Down"
1.64850661086963e-38,-1.26176233132385,0.171,0.685,1.26694327071774e-33,"Son-208",1.26694327071774e-33,"Down"
1.75621710320236e-38,-1.04215045932618,0.176,0.701,1.34972309249514e-33,"Csde1-206",1.34972309249514e-33,"Down"
1.87840236575053e-38,-2.00253653366512,0.07,0.509,1.44362735417391e-33,"Myo5a-214",1.44362735417391e-33,"Down"
2.09466790075861e-38,-2.41544153051548,0.035,0.444,1.60983606844902e-33,"Gusb-201",1.60983606844902e-33,"Down"
2.49353116551602e-38,-1.53305515279454,0.114,0.586,1.91637844194569e-33,"Ncf2-201",1.91637844194569e-33,"Down"
2.54949231267264e-38,-2.60903170972312,0.027,0.426,1.95938682198143e-33,"Mapre2-202",1.95938682198143e-33,"Down"
2.85413643975996e-38,-1.14645446813992,0.152,0.655,2.19351801941312e-33,"Akap13-205",2.19351801941312e-33,"Down"
4.10308474776983e-38,-1.02069295729861,0.228,0.762,3.15338475205102e-33,"Caprin1-202",3.15338475205102e-33,"Down"
4.85268093847976e-38,-2.67175651809962,0.035,0.437,3.72947940845923e-33,"Stk40-202",3.72947940845923e-33,"Down"
5.06497224568784e-38,-2.40611171995983,0.035,0.44,3.89263376970093e-33,"Hnrnph2-205",3.89263376970093e-33,"Down"
5.35524770256758e-38,-1.55160818193105,0.084,0.532,4.11572206933129e-33,"Sdha-201",4.11572206933129e-33,"Down"
6.06198423259797e-38,-1.38066061605526,0.117,0.593,4.65887736212084e-33,"Adam17-201",4.65887736212084e-33,"Down"
6.21632459299218e-38,-1.82432825175109,0.057,0.479,4.77749410269821e-33,"Ncor2-205",4.77749410269821e-33,"Down"
6.65436325306025e-38,-2.14742970290482,0.114,0.553,5.11414433450692e-33,"Jmjd1c-201",5.11414433450692e-33,"Down"
7.93512435968994e-38,-3.09799543609756,0.019,0.403,6.0984604753961e-33,"Frmd4b-203",6.0984604753961e-33,"Down"
8.06823925974933e-38,-2.40360789434261,0.057,0.477,6.20076460068775e-33,"Ncor2-202",6.20076460068775e-33,"Down"
8.31463656228502e-38,-1.10946985795342,0.127,0.625,6.39013078357853e-33,"Evi2a-201",6.39013078357853e-33,"Down"
8.52615844189492e-38,-1.57942672488557,0.079,0.53,6.55269380893392e-33,"Sp110-201",6.55269380893392e-33,"Down"
9.20993406978315e-38,-1.38572646935934,0.133,0.625,7.07820272999114e-33,"Serinc3-201",7.07820272999114e-33,"Down"
9.98715114880436e-38,-1.83267824296881,0.087,0.532,7.6755251439021e-33,"Gvin2-201",7.6755251439021e-33,"Down"
1.02142251853003e-37,-1.21945786444471,0.222,0.752,7.85004062391073e-33,"Pdia6-206",7.85004062391073e-33,"Down"
1.06237320374406e-37,-1.04704366510723,0.247,0.813,8.16476302005462e-33,"Marcks-201",8.16476302005462e-33,"Down"
1.20885139186547e-37,-1.36462773452913,0.051,0.474,9.29050648704289e-33,"Hnrnph2-202",9.29050648704289e-33,"Down"
1.26859270341129e-37,-1.06862915165259,0.106,0.583,9.74964236279713e-33,"Scaf11-201",9.74964236279713e-33,"Down"
1.30899668985548e-37,-1.00636427027641,0.095,0.542,1.00601631602153e-32,"Ubap2l-215",1.00601631602153e-32,"Down"
1.49086394796451e-37,-1.82333348396122,0.051,0.465,1.14578857856865e-32,"Stard8-201",1.14578857856865e-32,"Down"
1.62127756270165e-37,-3.50031042919883,0.03,0.417,1.24601665803873e-32,"Pmp22-204",1.24601665803873e-32,"Down"
1.65608127308586e-37,-1.67143457030014,0.114,0.574,1.27276470161741e-32,"Trip12-207",1.27276470161741e-32,"Down"
1.81834905419644e-37,3.84194422235664,0.518,0.185,1.39747398211213e-32,"Fam220a-207",1.39747398211213e-32,"Up"
1.99822363110989e-37,-1.4151276287687,0.214,0.71,1.53571478945319e-32,"Hdlbp-201",1.53571478945319e-32,"Down"
2.0988919678482e-37,-1.69885377994672,0.043,0.456,1.61308243297006e-32,"Dse-201",1.61308243297006e-32,"Down"
2.21102659176306e-37,-1.16940669310975,0.293,0.813,1.69926237683359e-32,"Ctsl-205",1.69926237683359e-32,"Down"
2.21703428190941e-37,-3.08331163689475,0.019,0.4,1.70387952701866e-32,"Frmd4b-204",1.70387952701866e-32,"Down"
2.78264888434883e-37,-2.23493149112171,0.043,0.452,2.13857697357745e-32,"Cttnbp2nl-201",2.13857697357745e-32,"Down"
2.87024247631557e-37,-1.32145375726969,0.103,0.565,2.20589615274757e-32,"Ptbp1-206",2.20589615274757e-32,"Down"
2.92807754886656e-37,-1.73930709298118,0.081,0.511,2.2503447194059e-32,"Ubap2l-204",2.2503447194059e-32,"Down"
3.13066211696088e-37,-2.53443905959312,0.038,0.437,2.40603906336912e-32,"Dnajc13-203",2.40603906336912e-32,"Down"
3.51088256587024e-37,-2.08354553277762,0.046,0.454,2.69825368717391e-32,"Tet2-201",2.69825368717391e-32,"Down"
4.34027138592344e-37,-1.57586857314533,0.108,0.569,3.3356721709376e-32,"Slc25a5-201",3.3356721709376e-32,"Down"
5.03866759022753e-37,-2.83220900432866,0.041,0.435,3.87241758979347e-32,"Ccnd1-201",3.87241758979347e-32,"Down"
5.19818951624992e-37,-2.81280348270896,0.019,0.396,3.99501657081872e-32,"Cfh-204",3.99501657081872e-32,"Down"
5.94424836553312e-37,-1.2648927668165,0.331,0.819,4.56839263884683e-32,"Tubb5-201",4.56839263884683e-32,"Down"
6.95266706769882e-37,-2.23442782523164,0.041,0.44,5.34340274820925e-32,"Eif5-213",5.34340274820925e-32,"Down"
7.05061056564986e-37,-2.98881275868722,0.035,0.424,5.41867624412454e-32,"Eps15-207",5.41867624412454e-32,"Down"
7.33165405551648e-37,-1.27537199680614,0.236,0.759,5.63466940782664e-32,"Ctsd-202",5.63466940782664e-32,"Down"
7.60263279329529e-37,-1.6193847075114,0.092,0.532,5.84292740695916e-32,"Rtn4-205",5.84292740695916e-32,"Down"
8.47954411998478e-37,-1.0454904858266,0.463,0.926,6.5168688379731e-32,"Rrbp1-201",6.5168688379731e-32,"Down"
8.81078308684132e-37,-1.9567462448432,0.068,0.498,6.77143923356102e-32,"Hivep2-201",6.77143923356102e-32,"Down"
8.98707959285991e-37,-2.10193040543211,0.065,0.484,6.90693015029655e-32,"Myo5a-206",6.90693015029655e-32,"Down"
9.88918032261424e-37,-1.63026796474311,0.114,0.57,7.60023064514195e-32,"Pacsin2-210",7.60023064514195e-32,"Down"
1.04243290507851e-36,-2.04922408317336,0.06,0.475,8.01151384869037e-32,"Dnm2-206",8.01151384869037e-32,"Down"
1.08661925176813e-36,-1.80298482881001,0.07,0.498,8.35110359753882e-32,"Plcg2-201",8.35110359753882e-32,"Down"
1.08865381084334e-36,-1.99523078714807,0.046,0.454,8.36673999785539e-32,"Cttnbp2nl-202",8.36673999785539e-32,"Down"
1.12164404986428e-36,-1.65743513420817,0.141,0.6,8.62028318082691e-32,"Gpi1-201",8.62028318082691e-32,"Down"
1.1511860987127e-36,-1.38389993157769,0.087,0.532,8.84732564304659e-32,"Prrc2a-206",8.84732564304659e-32,"Down"
1.1736214487904e-36,-2.74502892791845,0.051,0.452,9.01975028253371e-32,"Cnot1-201",9.01975028253371e-32,"Down"
1.25606412311625e-36,-1.13192847435263,0.241,0.776,9.65335521179762e-32,"Pdia6-201",9.65335521179762e-32,"Down"
1.31605548063861e-36,-1.09256223539258,0.152,0.644,1.01144127909e-31,"Akap13-201",1.01144127909e-31,"Down"
1.33946655218311e-36,-1.7074212037333,0.07,0.495,1.02943362401481e-31,"Rapgef2-206",1.02943362401481e-31,"Down"
1.43948299074667e-36,-2.26315544969337,0.046,0.451,1.10630025770844e-31,"Smarcc2-203",1.10630025770844e-31,"Down"
1.5574987750395e-36,-1.31652555386692,0.084,0.511,1.19700010856886e-31,"Ubap2l-220",1.19700010856886e-31,"Down"
1.64572438983013e-36,-1.76322208313401,0.065,0.486,1.26480502256005e-31,"Pmp22-201",1.26480502256005e-31,"Down"
1.68319934263974e-36,-1.85648636152724,0.06,0.474,1.29360602279235e-31,"Ncor2-203",1.29360602279235e-31,"Down"
1.74418972201544e-36,-1.41253771183663,0.073,0.5,1.34047956895775e-31,"Psme2-201",1.34047956895775e-31,"Down"
1.82141694097405e-36,-1.30532039011349,0.106,0.558,1.39983177581619e-31,"Man2b1-201",1.39983177581619e-31,"Down"
2.11041899254853e-36,-1.19471798415293,0.095,0.549,1.62194141253325e-31,"Tox4-201",1.62194141253325e-31,"Down"
2.1401445081547e-36,-1.27123993972087,0.149,0.627,1.64478666029722e-31,"Lrp1-201",1.64478666029722e-31,"Down"
2.27316112756693e-36,-1.67266242625059,0.043,0.444,1.74701525298029e-31,"Tpp1-201",1.74701525298029e-31,"Down"
2.27912231529134e-36,-1.38187087926595,0.098,0.549,1.75159666419401e-31,"Prpf8-201",1.75159666419401e-31,"Down"
2.3926814814793e-36,-1.14500276842145,0.122,0.6,1.8388714257761e-31,"Tubb2a-201",1.8388714257761e-31,"Down"
2.64039873158845e-36,-1.05000617732105,0.217,0.724,2.02925204117499e-31,"Thrap3-201",2.02925204117499e-31,"Down"
2.71218914897655e-36,-1.77255811253777,0.068,0.493,2.08442584855444e-31,"Hivep1-201",2.08442584855444e-31,"Down"
2.92128834910599e-36,-1.0822757991894,0.409,0.898,2.24512694782192e-31,"Eif4g2-213",2.24512694782192e-31,"Down"
3.00568150760565e-36,-2.01809385530166,0.046,0.447,2.30998646585525e-31,"Tet2-204",2.30998646585525e-31,"Down"
3.01913238115627e-36,-1.12004442991255,0.211,0.729,2.32032400021384e-31,"Kpnb1-201",2.32032400021384e-31,"Down"
3.0351601952021e-36,-2.67176029575982,0.049,0.445,2.33264201642062e-31,"Cnot1-203",2.33264201642062e-31,"Down"
3.47799876980379e-36,-1.2002286767387,0.127,0.577,2.67298117454501e-31,"Swap70-201",2.67298117454501e-31,"Down"
3.51181237075968e-36,-1.49929361600916,0.073,0.504,2.69896827942364e-31,"Bclaf1-201",2.69896827942364e-31,"Down"
3.7646766339398e-36,-2.7967293663011,0.019,0.389,2.89330458024809e-31,"Cfh-203",2.89330458024809e-31,"Down"
3.90989801979807e-36,-1.26272737124346,0.073,0.505,3.00491302413561e-31,"Ctss-201",3.00491302413561e-31,"Down"
4.34073172834753e-36,-1.71315242628629,0.076,0.507,3.33602596250421e-31,"Ifi203-205",3.33602596250421e-31,"Down"
5.13993922288496e-36,-1.46670807226972,0.1,0.555,3.950248890356e-31,"Fermt3-201",3.950248890356e-31,"Down"
5.52765002563012e-36,-1.19200351673592,0.423,0.914,4.24822015069777e-31,"B2m-201",4.24822015069777e-31,"Down"
5.67403320610741e-36,-1.16978728716835,0.087,0.533,4.36072148022179e-31,"Trim8-201",4.36072148022179e-31,"Down"
6.09347710009687e-36,-2.13142636399702,0.041,0.435,4.68308089050845e-31,"Nipbl-201",4.68308089050845e-31,"Down"
6.33370184898253e-36,-1.33840682888025,0.119,0.572,4.86770321901703e-31,"Epb41l2-202",4.86770321901703e-31,"Down"
7.02508042229912e-36,-1.34615182171728,0.084,0.505,5.39905530775377e-31,"Septin2-201",5.39905530775377e-31,"Down"
7.43933224912333e-36,-2.64435518946271,0.051,0.447,5.71742440674124e-31,"Cnot1-216",5.71742440674124e-31,"Down"
7.96272002524623e-36,-1.1031900627873,0.092,0.542,6.11966884820273e-31,"Ctss-202",6.11966884820273e-31,"Down"
8.69122217003522e-36,-1.69758489019742,0.054,0.463,6.67955188655887e-31,"Tor3a-201",6.67955188655887e-31,"Down"
8.74163140470997e-36,-1.57521070114845,0.068,0.491,6.7182933997758e-31,"Hivep2-205",6.7182933997758e-31,"Down"
8.82876972005789e-36,-1.76638321960682,0.084,0.504,6.78526268065329e-31,"Hipk3-201",6.78526268065329e-31,"Down"
9.31853060702172e-36,-1.49172212057741,0.266,0.708,7.16166351272047e-31,"Hnrnpk-202",7.16166351272047e-31,"Down"
9.33540866451534e-36,-1.5523857267734,0.168,0.634,7.17463497502662e-31,"Rab7-204",7.17463497502662e-31,"Down"
9.53610727375201e-36,-1.2967278241509,0.127,0.597,7.32887988416937e-31,"Igsf6-201",7.32887988416937e-31,"Down"
1.0302807003596e-35,-1.58848242074354,0.054,0.467,7.91811929454369e-31,"Sirt2-202",7.91811929454369e-31,"Down"
1.06457296926231e-35,-1.22946130808664,0.095,0.542,8.18166909796859e-31,"Eif3e-201",8.18166909796859e-31,"Down"
1.08487149564342e-35,-1.36779616101443,0.287,0.81,8.3376713926179e-31,"Lmna-201",8.3376713926179e-31,"Down"
1.2934912932215e-35,-1.46189918750974,0.187,0.667,9.94099798492452e-31,"Eif4g1-202",9.94099798492452e-31,"Down"
1.38026210552478e-35,-1.1055717047512,0.13,0.616,1.06078663858002e-30,"Ralb-201",1.06078663858002e-30,"Down"
1.56526373356292e-35,-1.78373314892769,0.1,0.54,1.20296778979245e-30,"Srrm1-203",1.20296778979245e-30,"Down"
1.58944723355133e-35,-1.70795047904299,0.087,0.516,1.22155377687354e-30,"Gvin1-201",1.22155377687354e-30,"Down"
1.66088592283194e-35,-1.42010817412627,0.076,0.495,1.27645726713326e-30,"Nap1l1-203",1.27645726713326e-30,"Down"
1.72279678097326e-35,-1.178504869265,0.276,0.775,1.32403823804919e-30,"Prrc2c-210",1.32403823804919e-30,"Down"
1.9303438435087e-35,-1.12297141506976,0.108,0.57,1.48354645749017e-30,"Ppp2ca-201",1.48354645749017e-30,"Down"
2.05731702886072e-35,-1.82511521351677,0.054,0.46,1.58113042936062e-30,"Ap3b1-201",1.58113042936062e-30,"Down"
2.30506554840342e-35,-1.39746052378064,0.087,0.532,1.77153507656996e-30,"Tns3-206",1.77153507656996e-30,"Down"
2.41432183606642e-35,-1.35804055912977,0.06,0.475,1.85550290389048e-30,"Sirt2-201",1.85550290389048e-30,"Down"
2.74044748758096e-35,-1.47328549854453,0.442,0.875,2.10614351210547e-30,"Eif4a1-213",2.10614351210547e-30,"Down"
2.82077020551469e-35,-1.09273018158984,0.19,0.676,2.16787473374626e-30,"Eef1g-201",2.16787473374626e-30,"Down"
2.918211763469e-35,-1.13329504234606,0.206,0.69,2.24276246869646e-30,"Sf3b1-201",2.24276246869646e-30,"Down"
3.62516943544636e-35,-1.62926053473618,0.081,0.511,2.78608771791795e-30,"Ap2a2-201",2.78608771791795e-30,"Down"
3.87853826121156e-35,-1.38701468461404,0.087,0.53,2.98081179527153e-30,"Tns3-201",2.98081179527153e-30,"Down"
4.07843216540302e-35,-1.3056687022707,0.095,0.528,3.13443825639884e-30,"Rbbp6-201",3.13443825639884e-30,"Down"
4.49512718638256e-35,-2.32097648183526,0.046,0.433,3.45468504782245e-30,"Specc1-201",3.45468504782245e-30,"Down"
5.07283735438762e-35,-1.86265147324262,0.046,0.44,3.89867842034106e-30,"Pip5k1c-210",3.89867842034106e-30,"Down"
5.11107098559861e-35,-1.05230851161838,0.287,0.796,3.92806249527196e-30,"Ctsl-201",3.92806249527196e-30,"Down"
5.62991841673948e-35,-1.51396440734021,0.049,0.445,4.32681750000096e-30,"Smarcc2-201",4.32681750000096e-30,"Down"
5.95924038581491e-35,-1.93689762573154,0.051,0.449,4.57991460611419e-30,"Sh3bp1-203",4.57991460611419e-30,"Down"
6.12490472364608e-35,-2.28277690721718,0.03,0.405,4.70723427631096e-30,"Dmxl1-201",4.70723427631096e-30,"Down"
6.53070348402525e-35,-1.60416763820095,0.051,0.449,5.01910685561277e-30,"Stk40-201",5.01910685561277e-30,"Down"
7.13692468352059e-35,-1.97135204927976,0.098,0.523,5.48501209627292e-30,"Ednrb-201",5.48501209627292e-30,"Down"
8.18116294619553e-35,-1.76454368564449,0.089,0.518,6.28755097066911e-30,"Birc6-220",6.28755097066911e-30,"Down"
8.50143240789734e-35,-1.2771036836532,0.163,0.627,6.53369086276542e-30,"Sf3b2-201",6.53369086276542e-30,"Down"
9.83436731569743e-35,-1.52936264148399,0.073,0.495,7.5581046568061e-30,"Sp110-204",7.5581046568061e-30,"Down"
1.00157972424942e-34,-1.92708613625906,0.051,0.447,7.6975408127465e-30,"Sh3bp1-202",7.6975408127465e-30,"Down"
1.15731619491975e-34,-1.62426109078676,0.054,0.452,8.89443788443622e-30,"Aco2-201",8.89443788443622e-30,"Down"
1.19692537807652e-34,-1.9212358720229,0.035,0.415,9.19885030066928e-30,"Sirt2-209",9.19885030066928e-30,"Down"
1.20501104233045e-34,-1.32957737422818,0.108,0.555,9.26099186472642e-30,"Adam17-207",9.26099186472642e-30,"Down"
1.22646793162189e-34,-1.15600044612672,0.089,0.528,9.42589664168687e-30,"Morf4l2-201",9.42589664168687e-30,"Down"
1.25087023450137e-34,-1.78438244113156,0.057,0.458,9.61343810023687e-30,"Myo1f-201",9.61343810023687e-30,"Down"
1.42237298191968e-34,-1.03081839160447,0.198,0.697,1.09315053152455e-29,"Csde1-201",1.09315053152455e-29,"Down"
1.65588647787324e-34,-1.91971176364848,0.051,0.445,1.2726149937047e-29,"Sh3bp1-204",1.2726149937047e-29,"Down"
1.7516092726025e-34,-1.52849334981358,0.038,0.419,1.34618179036593e-29,"Nfkb2-202",1.34618179036593e-29,"Down"
1.76246618900008e-34,-1.57647225464776,0.154,0.62,1.35452576489412e-29,"Unc93b1-203",1.35452576489412e-29,"Down"
1.92331789241815e-34,-2.51099879006109,0.046,0.428,1.47814673303904e-29,"Ptbp1-202",1.47814673303904e-29,"Down"
2.01426230719581e-34,-2.1905347730905,0.057,0.454,1.54804115357227e-29,"Hprt-201",1.54804115357227e-29,"Down"
2.13076941624374e-34,3.53526664460745,0.626,0.414,1.63758152715997e-29,"Gpx1-201",1.63758152715997e-29,"Up"
2.21564800905243e-34,-1.66126717284128,0.236,0.667,1.70281412087715e-29,"Tmsb4x-203",1.70281412087715e-29,"Down"
2.34549741707955e-34,-1.50659627066105,0.108,0.548,1.80260858492231e-29,"Birc6-202",1.80260858492231e-29,"Down"
2.61774551214898e-34,-1.57071709157448,0.062,0.465,2.01184213590698e-29,"Eif3e-204",2.01184213590698e-29,"Down"
2.66493206240784e-34,-2.31473473024581,0.041,0.415,2.04810688724292e-29,"Atrx-202",2.04810688724292e-29,"Down"
2.80425149747104e-34,-1.3158836621275,0.089,0.514,2.15517944586639e-29,"Copa-206",2.15517944586639e-29,"Down"
3.51375247918284e-34,-1.11588287298905,0.073,0.489,2.70045933035118e-29,"Bclaf1-202",2.70045933035118e-29,"Down"
3.73505488429708e-34,-1.40340414378106,0.266,0.699,2.87053908077768e-29,"Hnrnpk-232",2.87053908077768e-29,"Down"
3.96346672687496e-34,-2.73719234066017,0.024,0.386,3.04608271827248e-29,"Pip5k1c-208",3.04608271827248e-29,"Down"
3.9786657465828e-34,-1.56799721803599,0.122,0.567,3.05776377287875e-29,"Lcp2-201",3.05776377287875e-29,"Down"
4.04523340985696e-34,-1.10174849373365,0.092,0.53,3.10892368481146e-29,"Morf4l2-212",3.10892368481146e-29,"Down"
4.65696772928342e-34,-1.47167579700756,0.076,0.493,3.57906597866348e-29,"Icam1-201",3.57906597866348e-29,"Down"
4.73606368927536e-34,-1.03397072509493,0.089,0.518,3.63985438775568e-29,"Ndel1-201",3.63985438775568e-29,"Down"
4.99372450655833e-34,-1.14357339195091,0.111,0.565,3.83787703227034e-29,"Lrrc25-201",3.83787703227034e-29,"Down"
5.30941447770902e-34,-2.64461218030381,0.022,0.377,4.08049740269849e-29,"Fnbp1-204",4.08049740269849e-29,"Down"
5.37183679625409e-34,-1.3157030396721,0.092,0.532,4.12847145139312e-29,"Tns3-205",4.12847145139312e-29,"Down"
5.45815775719468e-34,1.18911169498541,0.87,0.935,4.1948125627144e-29,"Ftl1-ps1-202",4.1948125627144e-29,"Up"
5.90051060474076e-34,-2.96831224897757,0.03,0.391,4.53477842016746e-29,"Nckap1l-202",4.53477842016746e-29,"Down"
7.24294442608484e-34,-1.00736362738052,0.19,0.68,5.56649250922325e-29,"Rasgef1b-201",5.56649250922325e-29,"Down"
7.33932156336701e-34,-2.06764799153326,0.035,0.407,5.64056219431008e-29,"Stag2-203",5.64056219431008e-29,"Down"
7.51055388870661e-34,-1.01554126722526,0.171,0.662,5.77216108562658e-29,"Aif1-206",5.77216108562658e-29,"Down"
7.51055388870661e-34,-1.01554126747937,0.171,0.662,5.77216108562658e-29,"Aif1-201",5.77216108562658e-29,"Down"
9.50389480625261e-34,-2.85837113248325,0.033,0.396,7.30412331439738e-29,"Vav1-204",7.30412331439738e-29,"Down"
9.89309002971712e-34,-1.20789095652461,0.111,0.553,7.6032354114388e-29,"Ncoa4-202",7.6032354114388e-29,"Down"
9.97213498535346e-34,-2.30935503588372,0.062,0.454,7.66398462164355e-29,"Zc3h12c-202",7.66398462164355e-29,"Down"
1.02451082186866e-33,-1.11874845063119,0.179,0.637,7.87377547038943e-29,"Rab7-203",7.87377547038943e-29,"Down"
1.05674999351408e-33,-1.78787543379958,0.051,0.444,8.12154640015308e-29,"Tnfrsf11a-201",8.12154640015308e-29,"Down"
1.13063726278533e-33,-1.52611217746494,0.081,0.5,8.68939961941036e-29,"Atp5pb-203",8.68939961941036e-29,"Down"
1.18184374501122e-33,-1.11587200684459,0.13,0.593,9.08294191790926e-29,"Ptpn6-201",9.08294191790926e-29,"Down"
1.23243825227559e-33,-1.40083914682932,0.203,0.687,9.47178094403878e-29,"Runx1-202",9.47178094403878e-29,"Down"
1.33233122233797e-33,-1.91128568047732,0.06,0.451,1.02394983761563e-28,"Eps15-208",1.02394983761563e-28,"Down"
1.37398252194447e-33,-1.00120614368972,0.171,0.66,1.0559605274152e-28,"Aif1-203",1.0559605274152e-28,"Down"
1.37758721403828e-33,-1.00810049711307,0.244,0.769,1.05873087747698e-28,"Dync1h1-201",1.05873087747698e-28,"Down"
1.49844205687888e-33,-2.61905214547505,0.038,0.405,1.1516126583937e-28,"Ptprj-202",1.1516126583937e-28,"Down"
1.74419255551574e-33,-1.69389285842808,0.073,0.474,1.34048174661607e-28,"Birc3-201",1.34048174661607e-28,"Down"
1.7785386467274e-33,-1.74964428962451,0.046,0.428,1.36687809155587e-28,"Pip5k1c-201",1.36687809155587e-28,"Down"
1.95699277655008e-33,-1.54966891521419,0.103,0.532,1.5040272284898e-28,"Birc6-218",1.5040272284898e-28,"Down"
2.02487430950562e-33,-1.33871822899604,0.163,0.616,1.55619690182745e-28,"Nfat5-206",1.55619690182745e-28,"Down"
2.06600556288268e-33,-2.31181729029243,0.041,0.412,1.58780791529785e-28,"Anxa6-203",1.58780791529785e-28,"Down"
2.09216791121323e-33,-2.01435139702789,0.035,0.403,1.60791472648382e-28,"Stag2-202",1.60791472648382e-28,"Down"
2.10327471082475e-33,-1.49943316061181,0.111,0.528,1.61645074625725e-28,"Mtss1-201",1.61645074625725e-28,"Down"
2.12300805452488e-33,-1.09831507779438,0.13,0.592,1.63161661022455e-28,"Ptpn6-203",1.63161661022455e-28,"Down"
2.61109761120208e-33,-2.77362605590541,0.041,0.407,2.00673295811324e-28,"Rcan1-201",2.00673295811324e-28,"Down"
2.71882660385952e-33,-1.35872487385141,0.16,0.607,2.0895269981302e-28,"Rab1a-206",2.0895269981302e-28,"Down"
2.76198108625952e-33,-1.09817897161947,0.203,0.706,2.12269294403389e-28,"Septin9-205",2.12269294403389e-28,"Down"
3.51393192774253e-33,-1.36325660505129,0.084,0.504,2.70059724374725e-28,"Ptafr-201",2.70059724374725e-28,"Down"
3.59948012173491e-33,-2.04031836087412,0.051,0.431,2.76634445275814e-28,"Ndel1-202",2.76634445275814e-28,"Down"
4.14207641796417e-33,-1.43418470467423,0.07,0.472,3.18335141026218e-28,"Ndel1-203",3.18335141026218e-28,"Down"
4.50377785684619e-33,-1.23279671100952,0.076,0.488,3.46133343410057e-28,"Dock8-201",3.46133343410057e-28,"Down"
4.6654080817904e-33,-2.05264085199467,0.057,0.44,3.58555272717919e-28,"Rapgef2-201",3.58555272717919e-28,"Down"
4.72388105017155e-33,-1.8118852247486,0.068,0.456,3.63049154229884e-28,"Eif4e-201",3.63049154229884e-28,"Down"
4.91489350348386e-33,-2.02964554901601,0.057,0.44,3.77729225316749e-28,"Rapgef2-202",3.77729225316749e-28,"Down"
5.04060006482574e-33,-1.8445471552576,0.065,0.46,3.87390277382117e-28,"Aif1-202",3.87390277382117e-28,"Down"
5.59002951263947e-33,-1.46209700989741,0.103,0.528,4.29616128164394e-28,"Birc6-213",4.29616128164394e-28,"Down"
5.86702791817426e-33,-1.24445361874653,0.114,0.549,4.50904563623364e-28,"Adam17-202",4.50904563623364e-28,"Down"
5.91190639039946e-33,-1.81669820918944,0.081,0.482,4.5435365372776e-28,"Smarcc1-207",4.5435365372776e-28,"Down"
6.27605600794771e-33,-1.47529442136276,0.1,0.523,4.82340008434813e-28,"Birc6-204",4.82340008434813e-28,"Down"
6.71773894329326e-33,-2.91348059423126,0.014,0.35,5.1628510874786e-28,"Ppt1-203",5.1628510874786e-28,"Down"
6.85614356973954e-33,-1.57366773370419,0.033,0.393,5.26922057908762e-28,"Lgals8-201",5.26922057908762e-28,"Down"
8.23005101989674e-33,3.42583523513524,0.737,0.685,6.32512341083144e-28,"Prdx2-201",6.32512341083144e-28,"Up"
9.16620815693735e-33,-1.50872692915213,0.076,0.488,7.04459761693263e-28,"Eif5a-207",7.04459761693263e-28,"Down"
9.97292167224975e-33,-1.97336728061191,0.043,0.415,7.66458922199082e-28,"Smarcc2-202",7.66458922199082e-28,"Down"
1.01270809987705e-32,-2.06306286220987,0.049,0.423,7.78306683079511e-28,"Tkt-209",7.78306683079511e-28,"Down"
1.01923919029196e-32,-1.43233469673575,0.079,0.493,7.83326087306981e-28,"Eif5a-202",7.83326087306981e-28,"Down"
1.02542075762503e-32,-1.73764679454752,0.084,0.486,7.88076869065138e-28,"Smarcc1-201",7.88076869065138e-28,"Down"
1.04727563352556e-32,-1.63443187512729,0.073,0.468,8.04873215389737e-28,"Trafd1-201",8.04873215389737e-28,"Down"
1.05669538355517e-32,-2.84862560080823,0.03,0.382,8.12112670077487e-28,"Msr1-202",8.12112670077487e-28,"Down"
1.08246176474109e-32,-1.61807064446702,0.062,0.449,8.31915164674115e-28,"Tnpo1-201",8.31915164674115e-28,"Down"
1.12055948650989e-32,-1.42255406037635,0.119,0.553,8.61194787762313e-28,"Huwe1-202",8.61194787762313e-28,"Down"
1.21973898508766e-32,-1.52796145576696,0.038,0.403,9.37418199599269e-28,"Stag2-201",9.37418199599269e-28,"Down"
1.27986232691967e-32,-1.7289748712004,0.019,0.363,9.83625392730844e-28,"Atp6v0c-205",9.83625392730844e-28,"Down"
1.43429474321202e-32,-2.20436064910469,0.035,0.394,1.10231288194817e-27,"Trim30a-201",1.10231288194817e-27,"Down"
1.44256839931361e-32,-1.45114603879026,0.057,0.442,1.10867151760848e-27,"Casp8-201",1.10867151760848e-27,"Down"
1.50256529376677e-32,-1.80455175287381,0.046,0.419,1.15478153087152e-27,"Eps8-202",1.15478153087152e-27,"Down"
1.59819192675733e-32,-1.43989400103987,0.076,0.486,1.22827442339008e-27,"Eif5a-208",1.22827442339008e-27,"Down"
1.59819192675733e-32,-1.43989400103987,0.076,0.486,1.22827442339008e-27,"Eif5a-213",1.22827442339008e-27,"Down"
1.62296755137999e-32,-1.40650422696332,0.073,0.467,1.24731548193758e-27,"Trafd1-202",1.24731548193758e-27,"Down"
1.69193670812802e-32,-1.17105557524856,0.344,0.805,1.30032103766471e-27,"Actr3-201",1.30032103766471e-27,"Down"
1.71287630086451e-32,-1.6291087398892,0.051,0.43,1.31641395226641e-27,"Azin1-203",1.31641395226641e-27,"Down"
1.75068150314342e-32,-1.07390762625745,0.173,0.629,1.34546876242584e-27,"Eif4g1-203",1.34546876242584e-27,"Down"
1.77363015292412e-32,-2.36518553239317,0.022,0.364,1.3631057177283e-27,"Fnbp1-202",1.3631057177283e-27,"Down"
1.80424048667213e-32,-1.09809529346957,0.098,0.519,1.386630983627e-27,"Dgkz-201",1.386630983627e-27,"Down"
2.07258446025912e-32,-1.42267599664155,0.068,0.458,1.59286406108754e-27,"Ppp1r10-202",1.59286406108754e-27,"Down"
2.08026586978103e-32,-1.54001461768596,0.117,0.54,1.59876753156151e-27,"Rasgef1b-210",1.59876753156151e-27,"Down"
2.12636298295108e-32,-1.30980821318437,0.19,0.648,1.63419500691722e-27,"Eif4g1-205",1.63419500691722e-27,"Down"
2.16532976247844e-32,-1.14459012973212,0.287,0.768,1.66414253565518e-27,"Prrc2c-202",1.66414253565518e-27,"Down"
2.23055178190676e-32,-1.4481946975706,0.157,0.599,1.71426826646662e-27,"Eif4g1-201",1.71426826646662e-27,"Down"
2.32735272065619e-32,-1.40322036825902,0.341,0.808,1.7886636599331e-27,"Npm1-201",1.7886636599331e-27,"Down"
2.44740165153976e-32,-1.19478196494573,0.149,0.59,1.88092606527437e-27,"Brd4-203",1.88092606527437e-27,"Down"
2.48352840615988e-32,-2.58110750481439,0.043,0.407,1.90869092127012e-27,"Cyfip1-212",1.90869092127012e-27,"Down"
2.51700293159176e-32,-1.74958623655073,0.03,0.384,1.93441743304553e-27,"Nfkb2-204",1.93441743304553e-27,"Down"
2.57085610408984e-32,-1.59748146251545,0.089,0.491,1.9758057502372e-27,"Ep300-201",1.9758057502372e-27,"Down"
2.5898326459004e-32,-2.70962749257456,0.024,0.366,1.9903899816803e-27,"Spred1-201",1.9903899816803e-27,"Down"
2.74959492372506e-32,-1.05747571085526,0.29,0.766,2.11317368267966e-27,"Sirpa-211",2.11317368267966e-27,"Down"
2.7543718541941e-32,-1.52561046580383,0.081,0.479,2.11684494482233e-27,"Rbbp6-202",2.11684494482233e-27,"Down"
2.87800357387073e-32,-1.88949451326834,0.068,0.449,2.21186086666261e-27,"Pnp-201",2.21186086666261e-27,"Down"
3.05898487229495e-32,-1.66927108157189,0.057,0.438,2.35095223375356e-27,"Myo1f-202",2.35095223375356e-27,"Down"
3.26865751506949e-32,-1.75403175846758,0.07,0.456,2.5120940466315e-27,"Fndc3a-201",2.5120940466315e-27,"Down"
3.32517970916227e-32,-1.15397881104125,0.095,0.514,2.55553361367957e-27,"Pak2-201",2.55553361367957e-27,"Down"
3.44303148148168e-32,-1.41108725235356,0.068,0.456,2.64610741477793e-27,"Ppp1r10-201",2.64610741477793e-27,"Down"
3.45959143031935e-32,-2.58835014867275,0.049,0.41,2.65883439785763e-27,"Nrp1-201",2.65883439785763e-27,"Down"
3.66902146954312e-32,-1.92294116724902,0.049,0.417,2.81978976020267e-27,"Mef2c-227",2.81978976020267e-27,"Down"
4.18705751008067e-32,-2.00501652095853,0.038,0.396,3.2179211787974e-27,"Sbf2-205",3.2179211787974e-27,"Down"
4.46185911049608e-32,-1.80313624714621,0.095,0.493,3.42911720078066e-27,"Ipo5-203",3.42911720078066e-27,"Down"
4.49174213130189e-32,-1.96393181987291,0.081,0.477,3.45208349759075e-27,"Serpinb6a-203",3.45208349759075e-27,"Down"
4.62217955432639e-32,-1.61538732294325,0.06,0.44,3.552329874682e-27,"Rab3il1-203",3.552329874682e-27,"Down"
4.84116104405073e-32,-1.08924580817239,0.081,0.493,3.72062590879475e-27,"Eif5a-201",3.72062590879475e-27,"Down"
4.87044762913729e-32,-1.86930338473429,0.1,0.496,3.74313382089717e-27,"Rassf4-201",3.74313382089717e-27,"Down"
5.12549547350013e-32,-1.37867544187237,0.079,0.488,3.93914829120379e-27,"Eif5a-203",3.93914829120379e-27,"Down"
5.61019721223985e-32,-1.46388851678576,0.084,0.489,4.31166096549481e-27,"Dgkz-202",4.31166096549481e-27,"Down"
5.75801745583691e-32,-1.05359892695342,0.114,0.544,4.4252667355089e-27,"Matr3-201",4.4252667355089e-27,"Down"
6.28016474384461e-32,-1.87534438332177,0.062,0.447,4.82655781223434e-27,"Hivep2-204",4.82655781223434e-27,"Down"
7.27015790706327e-32,-1.68593750364749,0.06,0.44,5.5874071578944e-27,"Cpd-201",5.5874071578944e-27,"Down"
7.43463147631941e-32,-1.91675706231488,0.051,0.419,5.71381167481052e-27,"Erbin-202",5.71381167481052e-27,"Down"
7.79192377866787e-32,-1.53115920898015,0.06,0.445,5.9884051008574e-27,"BC005537-201",5.9884051008574e-27,"Down"
7.79412887265016e-32,-2.24314945801103,0.022,0.359,5.99009980378656e-27,"Fnbp1-206",5.99009980378656e-27,"Down"
8.46525284187878e-32,-2.37100042349881,0.046,0.407,6.50588541909752e-27,"Ncor2-201",6.50588541909752e-27,"Down"
9.11417185807178e-32,-3.00272128965162,0.019,0.35,7.00460563980249e-27,"ENSMUST00000249932.1",7.00460563980249e-27,"Down"
9.1423265959014e-32,-1.65674142630712,0.095,0.495,7.02624368201406e-27,"Zc3hav1-203",7.02624368201406e-27,"Down"
9.71207876923152e-32,-2.07897768919613,0.033,0.384,7.46412101730519e-27,"Tpp1-206",7.46412101730519e-27,"Down"
1.00543272197132e-31,-1.39088123726142,0.087,0.481,7.72715264143837e-27,"Rbpj-ps3-201",7.72715264143837e-27,"Down"
1.05545742862553e-31,-1.07068219805025,0.114,0.542,8.11161252195863e-27,"Ncoa4-201",8.11161252195863e-27,"Down"
1.05773053528048e-31,-1.07524414349019,0.076,0.474,8.12908225584462e-27,"Rnf2-204",8.12908225584462e-27,"Down"
1.09494087585178e-31,-1.01089516626602,0.203,0.695,8.4150586072713e-27,"Septin9-202",8.4150586072713e-27,"Down"
1.11282642327794e-31,-1.88390818178516,0.046,0.41,8.55251619346029e-27,"Irf5-202",8.55251619346029e-27,"Down"
1.18345205015049e-31,-1.32718142907397,0.154,0.593,9.09530238622659e-27,"Wnk1-224",9.09530238622659e-27,"Down"
1.26880279010412e-31,-2.22884296318488,0.022,0.357,9.7512569630662e-27,"Fnbp1-203",9.7512569630662e-27,"Down"
1.41091702364081e-31,-1.17540644685788,0.07,0.46,1.08434616934891e-26,"Picalm-201",1.08434616934891e-26,"Down"
1.44719926418798e-31,-1.53336248566941,0.068,0.451,1.11223052249903e-26,"Tnpo1-202",1.11223052249903e-26,"Down"
1.59298411412169e-31,-1.16198815426102,0.114,0.539,1.22427201106709e-26,"Ptbp1-216",1.22427201106709e-26,"Down"
1.93870333727687e-31,-3.50863591669813,0.03,0.368,1.48997106283076e-26,"Sp100-202",1.48997106283076e-26,"Down"
1.95011661152261e-31,-1.28586637474717,0.16,0.597,1.49874262061959e-26,"Eif4g1-204",1.49874262061959e-26,"Down"
1.97016310662595e-31,-1.29618332708561,0.119,0.549,1.51414915396631e-26,"Selenot-201",1.51414915396631e-26,"Down"
2.03793564652659e-31,-1.36284834986155,0.073,0.463,1.56623506178154e-26,"Iqgap2-201",1.56623506178154e-26,"Down"
2.11173651485269e-31,-1.83565706985921,0.062,0.442,1.62295398112488e-26,"Nmt1-201",1.62295398112488e-26,"Down"
2.48358713770263e-31,-1.92503595350772,0.089,0.468,1.90873605880998e-26,"Raph1-204",1.90873605880998e-26,"Down"
2.63672413943837e-31,-1.5040741045936,0.068,0.452,2.02642797012396e-26,"Mapre1-201",2.02642797012396e-26,"Down"
2.68531371665995e-31,-1.231019818707,0.095,0.505,2.06377100380184e-26,"Dgkz-203",2.06377100380184e-26,"Down"
2.74916158428471e-31,-1.43990323950817,0.1,0.505,2.11284064398617e-26,"Dot1l-201",2.11284064398617e-26,"Down"
2.79520948615368e-31,-1.19843512807617,0.179,0.651,2.14823029848855e-26,"Picalm-205",2.14823029848855e-26,"Down"
2.81801525122595e-31,-2.0798439039554,0.033,0.38,2.16575744117719e-26,"Tor3a-203",2.16575744117719e-26,"Down"
3.25623146329984e-31,-1.54201866019929,0.07,0.456,2.50254412880446e-26,"Stt3a-201",2.50254412880446e-26,"Down"
3.30703018184447e-31,-1.50229250787283,0.06,0.435,2.54158497595475e-26,"Zfhx3-204",2.54158497595475e-26,"Down"
3.81600712165536e-31,3.38265977403549,0.477,0.174,2.93275411327701e-26,"Hsd3b6-201",2.93275411327701e-26,"Up"
3.85218546150532e-31,-1.76860067390435,0.079,0.458,2.9605586145853e-26,"Acin1-218",2.9605586145853e-26,"Down"
3.92936368207663e-31,-1.93987303941537,0.057,0.426,3.01987316422318e-26,"Bcor-204",3.01987316422318e-26,"Down"
3.95451078444968e-31,-1.25570305025985,0.22,0.671,3.03919971828096e-26,"Gnas-207",3.03919971828096e-26,"Down"
4.93519641942682e-31,-1.10448142848536,0.111,0.542,3.79289585618629e-26,"Rab8b-201",3.79289585618629e-26,"Down"
4.95377315522451e-31,-1.90463676815482,0.038,0.387,3.80717282071625e-26,"Sbf2-201",3.80717282071625e-26,"Down"
5.47980782634262e-31,-1.1520422165687,0.076,0.468,4.21145150685736e-26,"Inpp5d-210",4.21145150685736e-26,"Down"
5.62234038042936e-31,-1.80271127167679,0.051,0.415,4.32099347597518e-26,"Ube2l3-205",4.32099347597518e-26,"Down"
5.62234038042936e-31,-1.80271127167679,0.051,0.415,4.32099347597518e-26,"Ube2l3-201",4.32099347597518e-26,"Down"
5.7831530581286e-31,-1.75685959711412,0.033,0.377,4.44458445129415e-26,"Dync1i2-205",4.44458445129415e-26,"Down"
5.79336985585716e-31,-1.66617013777191,0.06,0.431,4.45243646902046e-26,"Rbmxl1-202",4.45243646902046e-26,"Down"
6.77883474143595e-31,-2.49632996270989,0.03,0.366,5.20980565218318e-26,"Klf10-202",5.20980565218318e-26,"Down"
7.90165426672021e-31,-1.49593659700784,0.062,0.437,6.07273737014515e-26,"Stx7-201",6.07273737014515e-26,"Down"
8.12876984600027e-31,-1.27611363553032,0.111,0.518,6.24728477744505e-26,"Bzw1-201",6.24728477744505e-26,"Down"
8.94416658130153e-31,-1.73101127499507,0.054,0.419,6.87394978439347e-26,"Irf5-201",6.87394978439347e-26,"Down"
9.32018506606895e-31,-1.39505072146431,0.084,0.475,7.16293503067663e-26,"Ppig-202",7.16293503067663e-26,"Down"
9.8199003964137e-31,-1.68948610792346,0.079,0.461,7.54698625065978e-26,"Skil-204",7.54698625065978e-26,"Down"
1.04635277100951e-30,-1.52348412485769,0.1,0.498,8.04163958631651e-26,"Septin11-201",8.04163958631651e-26,"Down"
1.09694793700848e-30,-1.16491386544023,0.295,0.731,8.43048367508497e-26,"Psap-203",8.43048367508497e-26,"Down"
1.18850006680643e-30,-1.61978528997893,0.049,0.414,9.13409841343412e-26,"Mtpn-201",9.13409841343412e-26,"Down"
1.18928157651478e-30,-1.43816779935548,0.046,0.403,9.14010462814672e-26,"Dync1i2-204",9.14010462814672e-26,"Down"
1.45186334085005e-30,-2.14124022118204,0.068,0.435,1.1158150519769e-25,"Uhrf1-204",1.1158150519769e-25,"Down"
1.71976179152209e-30,-1.39511680942268,0.108,0.521,1.32170572725639e-25,"Fcgrt-206",1.32170572725639e-25,"Down"
1.77586306983228e-30,-1.03267922457159,0.098,0.489,1.3648218036889e-25,"Acin1-201",1.3648218036889e-25,"Down"
1.78047948348789e-30,-2.11805426575812,0.046,0.396,1.36836970223978e-25,"Erbin-207",1.36836970223978e-25,"Down"
2.00180550273924e-30,-1.85032756424268,0.049,0.405,1.53846760107522e-25,"Bcor-202",1.53846760107522e-25,"Down"
2.082044856635e-30,-2.41424753671703,0.041,0.382,1.60013475411827e-25,"Gas7-201",1.60013475411827e-25,"Down"
2.08731239037862e-30,-1.06287477828643,0.198,0.643,1.60418306450158e-25,"Cct5-201",1.60418306450158e-25,"Down"
2.09505206683886e-30,-1.70715130677032,0.054,0.412,1.61013131544834e-25,"Hip1-201",1.61013131544834e-25,"Down"
2.37152014079297e-30,-1.44082747234601,0.179,0.613,1.82260808900503e-25,"Eif4g1-206",1.82260808900503e-25,"Down"
2.39074441097951e-30,-1.1963830208194,0.108,0.518,1.83738270961419e-25,"Snd1-201",1.83738270961419e-25,"Down"
2.9180823963813e-30,-1.6401662174241,0.098,0.491,2.24266304491488e-25,"Ik-202",2.24266304491488e-25,"Down"
2.98526241673025e-30,-1.1141026215497,0.125,0.542,2.29429357775386e-25,"Numa1-201",2.29429357775386e-25,"Down"
3.07359350440994e-30,-1.03547790650657,0.103,0.512,2.36217955187921e-25,"Pik3r1-202",2.36217955187921e-25,"Down"
3.11393960581412e-30,-1.61844309829663,0.076,0.449,2.39318714465238e-25,"Cxcl10-201",2.39318714465238e-25,"Down"
3.13010057777365e-30,-1.61284196749369,0.038,0.379,2.40560749804216e-25,"Picalm-202",2.40560749804216e-25,"Down"
3.18594735837901e-30,-1.15774125869514,0.526,0.908,2.4485279828086e-25,"Actg1-204",2.4485279828086e-25,"Down"
3.2186278481119e-30,-1.06619359253721,0.076,0.465,2.47364424638792e-25,"Il6ra-201",2.47364424638792e-25,"Down"
4.0389002978565e-30,-2.52591398219452,0.035,0.371,3.10405643491464e-25,"Syk-201",3.10405643491464e-25,"Down"
4.2071044592049e-30,-1.08842805682438,0.073,0.456,3.23332806107734e-25,"Atf4-203",3.23332806107734e-25,"Down"
4.60997633240675e-30,-1.41488676847521,0.136,0.546,3.54295121050788e-25,"Wnk1-204",3.54295121050788e-25,"Down"
4.76582677406583e-30,-2.83630689377352,0.033,0.364,3.66272850894056e-25,"Ms4a4a-201",3.66272850894056e-25,"Down"
5.1861219653295e-30,-1.10759980424186,0.125,0.555,3.98574217523433e-25,"Ptpra-201",3.98574217523433e-25,"Down"
5.74626894353051e-30,-1.6814669212599,0.098,0.489,4.41623753386094e-25,"Bptf-201",4.41623753386094e-25,"Down"
6.01399858822761e-30,-1.18299475652762,0.073,0.454,4.62199847499645e-25,"Psmd2-206",4.62199847499645e-25,"Down"
6.10494778025021e-30,-1.84138057644051,0.049,0.4,4.6918965670335e-25,"Naa15-205",4.6918965670335e-25,"Down"
6.22056229079751e-30,-1.15049881711096,0.068,0.449,4.78075094296952e-25,"Eif4g3-203",4.78075094296952e-25,"Down"
6.33163736316069e-30,-1.28869488997868,0.07,0.451,4.86611657908351e-25,"Scpep1-201",4.86611657908351e-25,"Down"
6.50077123110805e-30,-1.42182251429144,0.173,0.6,4.99610272195578e-25,"Rab7-202",4.99610272195578e-25,"Down"
6.50480478707258e-30,-1.28143630362695,0.103,0.505,4.99920267105676e-25,"Prkar1a-203",4.99920267105676e-25,"Down"
7.08617148942301e-30,-1.37059068282119,0.133,0.54,5.44600623648116e-25,"Cd44-203",5.44600623648116e-25,"Down"
7.38872976110562e-30,-1.32390945540996,0.068,0.44,5.67853437060011e-25,"Zfhx3-201",5.67853437060011e-25,"Down"
7.5486705237421e-30,-1.92105616405871,0.165,0.562,5.80145524431675e-25,"Hmgb1-203",5.80145524431675e-25,"Down"
7.83371521847324e-30,-1.20292709697098,0.041,0.387,6.02052349400543e-25,"Nfkb2-201",6.02052349400543e-25,"Down"
9.67024291538834e-30,-1.7303218332329,0.084,0.456,7.43196849019256e-25,"Prkcd-201",7.43196849019256e-25,"Down"
9.98373857062651e-30,-1.4720173470422,0.152,0.546,7.6729024410693e-25,"Sdcbp-202",7.6729024410693e-25,"Down"
1.01543521794669e-29,-2.15311471821231,0.033,0.366,7.80402582400752e-25,"Eps8-203",7.80402582400752e-25,"Down"
1.08042145181884e-29,-1.48514509314842,0.173,0.583,8.30347102580852e-25,"Naca-202",8.30347102580852e-25,"Down"
1.08962454650983e-29,-1.54961390297731,0.051,0.401,8.37420048974662e-25,"Mef2c-223",8.37420048974662e-25,"Down"
1.1327782455353e-29,-2.27101149884973,0.027,0.354,8.70585392823696e-25,"Dusp3-206",8.70585392823696e-25,"Down"
1.13330099613915e-29,-1.18446656003187,0.068,0.44,8.70987147572784e-25,"Gspt1-205",8.70987147572784e-25,"Down"
1.21702584702827e-29,-1.35162154347049,0.095,0.489,9.35333044475103e-25,"Matr3-202",9.35333044475103e-25,"Down"
1.23533751757663e-29,-1.56316966431868,0.049,0.4,9.49406295758344e-25,"Inpp5d-201",9.49406295758344e-25,"Down"
1.38290737848676e-29,-2.13846530829846,0.022,0.336,1.06281963666222e-24,"Ccnl1-205",1.06281963666222e-24,"Down"
1.38992172480356e-29,-1.88443578240918,0.087,0.46,1.06821044238053e-24,"Uhrf1-201",1.06821044238053e-24,"Down"
1.6489366392114e-29,-1.81525759826322,0.049,0.396,1.26727376469953e-24,"Naa15-201",1.26727376469953e-24,"Down"
1.72163381327304e-29,-1.20562517598364,0.154,0.577,1.32314445085287e-24,"Ep400-201",1.32314445085287e-24,"Down"
1.8524675935019e-29,-1.80361847325024,0.033,0.364,1.42369544430995e-24,"Vps37b-202",1.42369544430995e-24,"Down"
1.89753812941529e-29,-1.96837233519086,0.062,0.421,1.45833395398082e-24,"Zc3h12c-201",1.45833395398082e-24,"Down"
2.01182872858107e-29,-1.35562035800997,0.092,0.482,1.54617085106369e-24,"Matr3-217",1.54617085106369e-24,"Down"
2.13001616733537e-29,-1.62019605120047,0.038,0.377,1.63700262524393e-24,"Rassf2-202",1.63700262524393e-24,"Down"
2.14461063755065e-29,-1.10594469314688,0.068,0.438,1.64821905938318e-24,"Bclaf1-204",1.64821905938318e-24,"Down"
2.1813216228432e-29,-1.4715736516551,0.081,0.458,1.67643292001992e-24,"Cct4-204",1.67643292001992e-24,"Down"
2.23284671079624e-29,-1.48400877397202,0.1,0.484,1.71603201111534e-24,"Mdm2-202",1.71603201111534e-24,"Down"
2.26958606523111e-29,-1.41176630078988,0.087,0.472,1.74426767457271e-24,"Ptpn6-210",1.74426767457271e-24,"Down"
2.27858959161746e-29,-1.09419203770426,0.114,0.505,1.75118724474168e-24,"Zeb2-214",1.75118724474168e-24,"Down"
2.28075255644385e-29,-1.3560773122622,0.127,0.539,1.75284956972936e-24,"Csde1-215",1.75284956972936e-24,"Down"
2.42270347432673e-29,-1.47522784633713,0.043,0.387,1.86194452815906e-24,"Abl2-202",1.86194452815906e-24,"Down"
2.66236547366301e-29,-1.21086078951342,0.122,0.528,2.04613436112897e-24,"Cd53-201",2.04613436112897e-24,"Down"
2.76575940698795e-29,-1.86722814570477,0.07,0.437,2.12559673464652e-24,"Arsb-201",2.12559673464652e-24,"Down"
2.88679346473885e-29,-2.85891734164401,0.033,0.357,2.2186162493904e-24,"Dock2-203",2.2186162493904e-24,"Down"
3.10325023379078e-29,-1.28591888661974,0.07,0.435,2.38497193467757e-24,"Dhx9-201",2.38497193467757e-24,"Down"
3.24330261981485e-29,-1.88659824254844,0.033,0.361,2.4926077954325e-24,"Parp9-203",2.4926077954325e-24,"Down"
3.24350061834153e-29,-1.56632551823212,0.122,0.516,2.4927599652202e-24,"Eif4g1-217",2.4927599652202e-24,"Down"
3.55369632128658e-29,-1.9801853616388,0.06,0.412,2.73115777076159e-24,"Slc3a2-202",2.73115777076159e-24,"Down"
3.59724593703669e-29,-1.98842882831485,0.043,0.38,2.76462739245018e-24,"Mef2c-214",2.76462739245018e-24,"Down"
3.61012773464156e-29,-1.52338560532508,0.062,0.424,2.77452756918142e-24,"Fes-208",2.77452756918142e-24,"Down"
3.81476016221177e-29,-3.02283500809868,0.03,0.35,2.93179577506624e-24,"Rigi-201",2.93179577506624e-24,"Down"
3.90194512315512e-29,-1.50735066998259,0.054,0.403,2.99880090494963e-24,"Coro1b-211",2.99880090494963e-24,"Down"
3.9765209096282e-29,-1.06196596474213,0.119,0.521,3.05611537988566e-24,"Brd4-201",3.05611537988566e-24,"Down"
4.05395122277308e-29,-1.25398970603502,0.187,0.613,3.11562367275002e-24,"ENSMUST00000249728.1",3.11562367275002e-24,"Down"
4.160461887029e-29,-2.34189066271266,0.038,0.37,3.19748137865727e-24,"Ckap5-202",3.19748137865727e-24,"Down"
4.30647034001108e-29,-3.07269347346655,0.033,0.354,3.30969471511212e-24,"Ifih1-201",3.30969471511212e-24,"Down"
4.91617117002911e-29,-1.9994198147726,0.051,0.396,3.77827419101417e-24,"Srgap2-201",3.77827419101417e-24,"Down"
5.24219772158697e-29,-1.04941005855913,0.103,0.5,4.02883863694845e-24,"Rrp1-206",4.02883863694845e-24,"Down"
5.2550372160694e-29,-1.41503369862008,0.057,0.412,4.03870630203798e-24,"Arhgap18-201",4.03870630203798e-24,"Down"
5.58970292289885e-29,-1.55109300071905,0.065,0.424,4.29591028436468e-24,"Klf10-201",4.29591028436468e-24,"Down"
5.64241124292307e-29,-1.95648958257542,0.054,0.396,4.33641873663609e-24,"Rbpj-208",4.33641873663609e-24,"Down"
5.9339869232444e-29,-1.94060752033093,0.054,0.396,4.56050630999025e-24,"Rbpj-202",4.56050630999025e-24,"Down"
6.14452566170542e-29,-1.74595567822551,0.043,0.384,4.72231375204708e-24,"Dctn1-205",4.72231375204708e-24,"Down"
6.20677253452294e-29,-1.24349954232252,0.084,0.46,4.77015296368226e-24,"Ppig-201",4.77015296368226e-24,"Down"
6.49962109962535e-29,-1.0421576230091,0.076,0.449,4.99521879990607e-24,"Mob1a-202",4.99521879990607e-24,"Down"
6.62234199624019e-29,-1.03698270969985,0.081,0.463,5.08953471779044e-24,"Myo9b-201",5.08953471779044e-24,"Down"
6.94213435703288e-29,-1.12847857934237,0.084,0.463,5.33530793875405e-24,"Ap1b1-201",5.33530793875405e-24,"Down"
7.32639753908021e-29,-1.16110122341791,0.133,0.548,5.6306295646847e-24,"Crebbp-201",5.6306295646847e-24,"Down"
7.74920349369207e-29,-1.10610990080212,0.095,0.489,5.9555728530421e-24,"Ddx21-201",5.9555728530421e-24,"Down"
8.75306042720097e-29,-1.91441475510813,0.03,0.35,6.72707706072103e-24,"P2ry6-201",6.72707706072103e-24,"Down"
9.04139119169559e-29,2.09255509125119,0.74,0.755,6.94867078646573e-24,"Smdt1-201",6.94867078646573e-24,"Up"
9.12107499148777e-29,-1.38999863961015,0.038,0.371,7.00991097395801e-24,"Vps33a-201",7.00991097395801e-24,"Down"
1.06860251760378e-28,1.01352852941088,0.943,0.972,8.21263778879208e-24,"Fth1-201",8.21263778879208e-24,"Up"
1.15080700173115e-28,-1.52168557331531,0.065,0.423,8.84441213110456e-24,"Ap1b1-203",8.84441213110456e-24,"Down"
1.18118472710952e-28,-1.05463460960827,0.079,0.449,9.0778771017275e-24,"Rest-202",9.0778771017275e-24,"Down"
1.22538634892794e-28,-3.12668402905747,0.024,0.335,9.41758424605082e-24,"Mef2c-212",9.41758424605082e-24,"Down"
1.31378589186905e-28,-2.06879000820067,0.041,0.371,1.00969700933704e-23,"Ckap5-204",1.00969700933704e-23,"Down"
1.31725563877299e-28,-1.54702981944343,0.046,0.389,1.0123636486226e-23,"ENSMUST00000249658.1",1.0123636486226e-23,"Down"
1.33346694112809e-28,-1.74204425216353,0.041,0.373,1.02482268293458e-23,"Rgs2-202",1.02482268293458e-23,"Down"
1.36233393018564e-28,-1.96989332875847,0.043,0.375,1.04700811870488e-23,"Erbin-204",1.04700811870488e-23,"Down"
1.46468385033327e-28,-1.34147354321567,0.051,0.398,1.12566812633513e-23,"1700017B05Rik-201",1.12566812633513e-23,"Down"
1.48516128398158e-28,-1.7458513340522,0.043,0.38,1.14140585319121e-23,"Dctn1-204",1.14140585319121e-23,"Down"
1.48813864019921e-28,-1.73103945491915,0.054,0.4,1.1436940705387e-23,"Bcor-203",1.1436940705387e-23,"Down"
1.50738770917878e-28,-1.35826822651081,0.084,0.458,1.15848775001226e-23,"Ipo7-201",1.15848775001226e-23,"Down"
1.6226661062542e-28,-1.13715244949613,0.146,0.558,1.2470838093006e-23,"Hadha-201",1.2470838093006e-23,"Down"
1.63614482510862e-28,-1.29805932528146,0.051,0.398,1.25744274388898e-23,"Inpp5d-209",1.25744274388898e-23,"Down"
1.69559332403165e-28,-1.41048036865587,0.051,0.398,1.30313129325128e-23,"Dctn1-203",1.30313129325128e-23,"Down"
1.70168329834633e-28,-1.07902754840399,0.092,0.479,1.30781168211109e-23,"Sptbn1-202",1.30781168211109e-23,"Down"
1.80205311348421e-28,-2.07783043992948,0.033,0.354,1.38494989983716e-23,"Casp8-202",1.38494989983716e-23,"Down"
1.96993881076139e-28,-1.97665605811809,0.046,0.382,1.51397677362256e-23,"Mga-204",1.51397677362256e-23,"Down"
2.05755575369738e-28,-1.32433962442428,0.079,0.445,1.58131389894659e-23,"Ncoa4-206",1.58131389894659e-23,"Down"
2.10288023995407e-28,-2.3662786662491,0.024,0.336,1.6161475796143e-23,"Skap2-201",1.6161475796143e-23,"Down"
2.23268661306325e-28,-1.05963189638994,0.111,0.502,1.71590896960363e-23,"Rnh1-204",1.71590896960363e-23,"Down"
2.29440309668818e-28,-1.11470800682533,0.057,0.403,1.76334055592873e-23,"Arhgap17-202",1.76334055592873e-23,"Down"
2.34348496565322e-28,-1.46261800632126,0.06,0.408,1.80106193550312e-23,"Snx30-201",1.80106193550312e-23,"Down"
2.35867349590685e-28,-2.3584890570738,0.043,0.371,1.81273492854425e-23,"Dnm2-212",1.81273492854425e-23,"Down"
2.42152199370681e-28,-1.66402864918845,0.046,0.382,1.86103651304343e-23,"Bcor-206",1.86103651304343e-23,"Down"
2.87671956840762e-28,-2.14045005245931,0.068,0.415,2.21087405710399e-23,"Klf3-201",2.21087405710399e-23,"Down"
2.89316390357898e-28,-2.3024014836428,0.046,0.377,2.22351218645659e-23,"Cybb-201",2.22351218645659e-23,"Down"
3.27460434493396e-28,-2.05220356310071,0.035,0.354,2.51666442325554e-23,"Cdk6-202",2.51666442325554e-23,"Down"
3.41610749039216e-28,-1.026453502371,0.168,0.592,2.62541525066599e-23,"Mdm2-201",2.62541525066599e-23,"Down"
3.42418303939094e-28,-1.62452945984968,0.041,0.37,2.63162163309351e-23,"Stat1-211",2.63162163309351e-23,"Down"
3.74661626668597e-28,-1.56821472390648,0.049,0.386,2.87942446559884e-23,"Lpin2-204",2.87942446559884e-23,"Down"
3.92470092076585e-28,-1.74486250212374,0.035,0.356,3.01628964564538e-23,"Acly-201",3.01628964564538e-23,"Down"
3.96110021415447e-28,-1.6977599867339,0.089,0.452,3.04426395858628e-23,"Mbnl1-201",3.04426395858628e-23,"Down"
3.96458524087007e-28,-1.23873877573948,0.081,0.452,3.04694234101828e-23,"Fermt3-204",3.04694234101828e-23,"Down"
4.40485152139337e-28,-2.04346313732962,0.046,0.377,3.38530458825166e-23,"Arhgap17-201",3.38530458825166e-23,"Down"
4.45394928980495e-28,-1.48413417552591,0.062,0.408,3.4230381871867e-23,"Atp6ap1-201",3.4230381871867e-23,"Down"
4.66921553442533e-28,-2.65812045880953,0.035,0.35,3.58847890682725e-23,"Ccnl1-203",3.58847890682725e-23,"Down"
5.02332269449509e-28,-1.94716384146796,0.038,0.363,3.86062442362726e-23,"Smchd1-201",3.86062442362726e-23,"Down"
5.39244644049364e-28,-2.04947874888887,0.049,0.38,4.14431078737699e-23,"Emp1-202",4.14431078737699e-23,"Down"
5.64295066116827e-28,-1.17250408527646,0.049,0.387,4.33683330113426e-23,"Lgals8-203",4.33683330113426e-23,"Down"
5.64295066116827e-28,-1.17250408527646,0.049,0.387,4.33683330113426e-23,"Lgals8-202",4.33683330113426e-23,"Down"
5.66210903600297e-28,-1.332354123365,0.049,0.391,4.35155727852972e-23,"Eif4g3-205",4.35155727852972e-23,"Down"
6.01550531815856e-28,-1.45474399573787,0.073,0.428,4.62315645721758e-23,"Sh3bgrl-201",4.62315645721758e-23,"Down"
6.28980017072002e-28,-1.15058697343373,0.092,0.472,4.83396302320517e-23,"Fermt3-203",4.83396302320517e-23,"Down"
6.53872995867996e-28,-1.2521038853181,0.068,0.419,5.0252755224439e-23,"Nr3c1-204",5.0252755224439e-23,"Down"
6.65798136858046e-28,-1.17424826392391,0.07,0.424,5.11692500100883e-23,"Copa-201",5.11692500100883e-23,"Down"
6.78117293226631e-28,-1.40576255311879,0.089,0.458,5.21160264536395e-23,"Srrm1-208",5.21160264536395e-23,"Down"
7.18500297147429e-28,-1.66990747091626,0.035,0.356,5.52196218369685e-23,"Asap1-205",5.52196218369685e-23,"Down"
7.72699353463707e-28,-1.31071011035188,0.163,0.565,5.93850361110998e-23,"Rab7-201",5.93850361110998e-23,"Down"
8.89838731989769e-28,-1.63709298037132,0.079,0.437,6.83876659083417e-23,"Fcgrt-203",6.83876659083417e-23,"Down"
9.24202829566234e-28,-1.07101043023733,0.057,0.398,7.10286842634834e-23,"Arhgap17-203",7.10286842634834e-23,"Down"
9.86233750564057e-28,-1.42982340654311,0.079,0.437,7.579600866585e-23,"Il4ra-201",7.579600866585e-23,"Down"
1.00134364858725e-27,-2.25978032763388,0.041,0.361,7.69572647685243e-23,"Fkbp15-201",7.69572647685243e-23,"Down"
1.0089808774002e-27,-1.74230316329176,0.035,0.354,7.7544216351715e-23,"Osbpl9-201",7.7544216351715e-23,"Down"
1.01180529709354e-27,-2.08606636371146,0.049,0.379,7.77612843028272e-23,"Fndc3a-205",7.77612843028272e-23,"Down"
1.08495185424357e-27,-1.43153805998399,0.089,0.461,8.33828898060357e-23,"Sptan1-203",8.33828898060357e-23,"Down"
1.13452688935369e-27,-1.49046000146925,0.057,0.396,8.71929295543883e-23,"Zfp207-201",8.71929295543883e-23,"Down"
1.13789547388195e-27,-2.15797949291071,0.062,0.396,8.74518187497235e-23,"Tpm3-204",8.74518187497235e-23,"Down"
1.16384467606105e-27,-1.10567352476353,0.065,0.417,8.94461187339957e-23,"Bclaf1-203",8.94461187339957e-23,"Down"
1.16610499227027e-27,-1.84356641711052,0.062,0.396,8.96198330759396e-23,"Blvra-201",8.96198330759396e-23,"Down"
1.16801098900637e-27,-1.43011014025913,0.049,0.382,8.97663165490954e-23,"Twf2-204",8.97663165490954e-23,"Down"
1.2219846358189e-27,-1.41600337064267,0.095,0.467,9.39144072012256e-23,"Bptf-203",9.39144072012256e-23,"Down"
1.23380486244596e-27,-1.94288463308388,0.046,0.375,9.48228388984222e-23,"Mga-201",9.48228388984222e-23,"Down"
1.34726993476159e-27,-1.37270398167535,0.089,0.46,1.03543083566167e-22,"Crybg3-205",1.03543083566167e-22,"Down"
1.43351719667184e-27,-1.39074881108893,0.07,0.426,1.10171530633017e-22,"Rpn2-205",1.10171530633017e-22,"Down"
1.46936035847399e-27,-2.12747146380034,0.033,0.345,1.1292622099016e-22,"Myo7a-202",1.1292622099016e-22,"Down"
1.52495371037305e-27,-1.05270842859226,0.108,0.489,1.1719879245701e-22,"Epb41l2-204",1.1719879245701e-22,"Down"
1.59807502324218e-27,-1.9757078827925,0.041,0.361,1.22818457836255e-22,"Mef2c-213",1.22818457836255e-22,"Down"
1.70203168314077e-27,-1.19869968549945,0.095,0.47,1.30807942976101e-22,"Sptan1-202",1.30807942976101e-22,"Down"
1.82588095601228e-27,-1.21796263919132,0.076,0.44,1.40326254993368e-22,"Ddx46-203",1.40326254993368e-22,"Down"
1.86856947367579e-27,-1.30971990483049,0.049,0.382,1.4360703832988e-22,"Asap1-203",1.4360703832988e-22,"Down"
2.1612387989185e-27,-2.06614972458148,0.062,0.398,1.66099846652082e-22,"Atf3-203",1.66099846652082e-22,"Down"
2.17979768890592e-27,-1.80258811551162,0.054,0.386,1.67526171583176e-22,"Gas2l3-202",1.67526171583176e-22,"Down"
2.68790317261707e-27,-1.40953040387406,0.054,0.393,2.06576110428313e-22,"Ifi30-201",2.06576110428313e-22,"Down"
2.80260431270124e-27,-1.48761355987815,0.114,0.486,2.15391351848341e-22,"Eno1b-201",2.15391351848341e-22,"Down"
2.92968058218823e-27,-2.03070514374151,0.035,0.349,2.25157671463494e-22,"Myo7a-201",2.25157671463494e-22,"Down"
3.09687687759621e-27,-1.83957397165122,0.043,0.364,2.38007375550779e-22,"Rnase4-202",2.38007375550779e-22,"Down"
3.39171688260943e-27,-1.55767915174839,0.079,0.43,2.60667009296065e-22,"Srrm1-201",2.60667009296065e-22,"Down"
3.41084533469802e-27,-1.37801777522541,0.095,0.463,2.62137107352881e-22,"Bptf-202",2.62137107352881e-22,"Down"
3.73057304702831e-27,-1.33392535321925,0.087,0.445,2.86709460956314e-22,"Rac1-202",2.86709460956314e-22,"Down"
3.79817392299724e-27,-1.29750539940485,0.087,0.451,2.9190485867803e-22,"Ski-201",2.9190485867803e-22,"Down"
3.88733904266343e-27,-1.48389913379285,0.041,0.359,2.98757554784856e-22,"Acly-203",2.98757554784856e-22,"Down"
3.98225267371367e-27,-1.52061352911458,0.049,0.371,3.0605204698559e-22,"Dhx9-202",3.0605204698559e-22,"Down"
4.24314010988711e-27,-1.39545281658529,0.062,0.407,3.26102290005264e-22,"Usp47-202",3.26102290005264e-22,"Down"
4.37203478254569e-27,-1.08577163199187,0.103,0.489,3.36008361177766e-22,"Tmem131-208",3.36008361177766e-22,"Down"
4.37323360777825e-27,-1.76934183998412,0.049,0.375,3.36100495692189e-22,"Srgap2-204",3.36100495692189e-22,"Down"
4.42350409322964e-27,-1.91013930883258,0.043,0.364,3.39963983581071e-22,"Zbtb21-202",3.39963983581071e-22,"Down"
4.58994643125365e-27,-1.9513490053192,0.046,0.368,3.52755743027568e-22,"Arhgap17-211",3.52755743027568e-22,"Down"
4.68243721774037e-27,-1.12124465955139,0.068,0.421,3.59864029932218e-22,"Tmem248-201",3.59864029932218e-22,"Down"
4.70201293397985e-27,-1.39973673187203,0.054,0.389,3.61368502028087e-22,"Ctnnd1-218",3.61368502028087e-22,"Down"
4.70654852118102e-27,-1.10114501786881,0.1,0.484,3.61717080046846e-22,"Tmem131-201",3.61717080046846e-22,"Down"
4.86902167477353e-27,-1.19611301269653,0.049,0.379,3.74203791793045e-22,"Asap1-218",3.74203791793045e-22,"Down"
4.86902167477353e-27,-1.19611301269653,0.049,0.379,3.74203791793045e-22,"Asap1-201",3.74203791793045e-22,"Down"
4.94619660105292e-27,-1.79195645399545,0.057,0.389,3.80134993577321e-22,"Mtr-201",3.80134993577321e-22,"Down"
5.10737753147766e-27,-1.55437809169703,0.043,0.364,3.92522392804184e-22,"Lpin2-203",3.92522392804184e-22,"Down"
5.80504076896698e-27,-1.26822133067967,0.065,0.41,4.46140603258188e-22,"Pum2-216",4.46140603258188e-22,"Down"
5.97313904135712e-27,-1.86699242203688,0.041,0.357,4.5905962788446e-22,"Cpsf6-201",4.5905962788446e-22,"Down"
6.34556881580667e-27,-1.73970251509756,0.051,0.377,4.87682345770005e-22,"Fmn1-201",4.87682345770005e-22,"Down"
6.49174637746127e-27,-1.20805881460649,0.13,0.519,4.98916676093409e-22,"Golga4-201",4.98916676093409e-22,"Down"
7.39335719722508e-27,-1.93805686283467,0.046,0.366,5.68209074035536e-22,"Arhgap17-204",5.68209074035536e-22,"Down"
7.8351801703218e-27,-1.05324983230809,0.073,0.426,6.02164936809912e-22,"Cndp2-201",6.02164936809912e-22,"Down"
8.25047499407336e-27,-1.46160717482416,0.051,0.377,6.34082005194514e-22,"Zbed6-201",6.34082005194514e-22,"Down"
8.44061354839857e-27,-1.37277198892698,0.065,0.41,6.48694913648624e-22,"Nsun2-201",6.48694913648624e-22,"Down"
8.66594244937889e-27,-1.98275650888724,0.043,0.361,6.66012341004565e-22,"Sumo2-205",6.66012341004565e-22,"Down"
1.00590770231475e-26,-1.24937437814415,0.087,0.447,7.73080305536975e-22,"Ski-202",7.73080305536975e-22,"Down"
1.04977124274263e-26,-1.35885134184109,0.043,0.354,8.0679119089742e-22,"Gsn-201",8.0679119089742e-22,"Down"
1.05425744551377e-26,-1.31790116688181,0.073,0.421,8.10239017175155e-22,"Atf6-201",8.10239017175155e-22,"Down"
1.15828098644285e-26,-2.2258191818524,0.035,0.343,8.90185269320785e-22,"Ckap5-201",8.90185269320785e-22,"Down"
1.21427717577281e-26,-1.00513435446663,0.054,0.387,9.33220580668436e-22,"Cyrib-201",9.33220580668436e-22,"Down"
1.33278603197806e-26,-1.01237698949596,0.16,0.581,1.02429937701642e-21,"Dnm2-211",1.02429937701642e-21,"Down"
1.40880994564653e-26,-1.63849306195022,0.046,0.368,1.08272679562718e-21,"Copb1-201",1.08272679562718e-21,"Down"
1.4094734661041e-26,-1.07777068910102,0.084,0.445,1.08323673763964e-21,"Zfp703-202",1.08323673763964e-21,"Down"
1.43052999815342e-26,-1.21986991343424,0.07,0.415,1.09941952478083e-21,"Rsu1-201",1.09941952478083e-21,"Down"
1.50533849114989e-26,-1.0933885310489,0.068,0.412,1.15691284398834e-21,"Ankfy1-202",1.15691284398834e-21,"Down"
1.54541492725317e-26,-1.32235646444123,0.073,0.414,1.18771318819115e-21,"Klf13-201",1.18771318819115e-21,"Down"
1.7094134862075e-26,-1.41837268324126,0.084,0.44,1.31375264068991e-21,"Sptan1-208",1.31375264068991e-21,"Down"
1.73167421556129e-26,-1.19444897316794,0.073,0.419,1.33086090162747e-21,"Syncrip-201",1.33086090162747e-21,"Down"
1.79273600425612e-26,-1.99253505046151,0.043,0.357,1.377789328711e-21,"Ap1b1-202",1.377789328711e-21,"Down"
1.86565884827956e-26,-1.32961825139422,0.111,0.481,1.43383345125677e-21,"Wdfy3-201",1.43383345125677e-21,"Down"
1.86679757156825e-26,-1.82126823228242,0.03,0.331,1.43470860565306e-21,"Clip1-205",1.43470860565306e-21,"Down"
1.89410879320434e-26,-1.94820093462821,0.051,0.373,1.45569837192927e-21,"Resf1-208",1.45569837192927e-21,"Down"
1.92678239591928e-26,-2.12911373815705,0.046,0.361,1.4808093425598e-21,"Ppp1r12a-201",1.4808093425598e-21,"Down"
1.93710723360226e-26,-1.00553761084156,0.092,0.451,1.48874439331268e-21,"Aldoa-203",1.48874439331268e-21,"Down"
1.93710723360226e-26,-1.00553761723984,0.092,0.451,1.48874439331268e-21,"ENSMUST00000381763.1",1.48874439331268e-21,"Down"
1.95645149495489e-26,-1.38724233273606,0.06,0.389,1.50361123193263e-21,"Cd47-201",1.50361123193263e-21,"Down"
2.03373840894758e-26,-2.64160317038334,0.035,0.333,1.56300931681258e-21,"Nrp2-205",1.56300931681258e-21,"Down"
2.14293243863243e-26,-1.23302970749989,0.043,0.359,1.64692929638657e-21,"Ythdc1-208",1.64692929638657e-21,"Down"
2.23241059440107e-26,-1.18632586648214,0.057,0.389,1.715696838221e-21,"Ctnnd1-219",1.715696838221e-21,"Down"
2.30963290857067e-26,-1.5862064884886,0.041,0.354,1.7750452755529e-21,"Bcor-201",1.7750452755529e-21,"Down"
2.31535973644919e-26,-1.74429558004827,0.054,0.379,1.77944657185066e-21,"Ms4a6b-203",1.77944657185066e-21,"Down"
2.4283121806602e-26,-1.10120352127811,0.07,0.412,1.86625504332459e-21,"Gtf2a1-201",1.86625504332459e-21,"Down"
2.44715785836044e-26,-1.62453432936671,0.057,0.387,1.88073870046433e-21,"Nlrp3-202",1.88073870046433e-21,"Down"
2.51848785164473e-26,-1.28207099594389,0.084,0.442,1.93555865350304e-21,"Mideas-202",1.93555865350304e-21,"Down"
2.54420566089361e-26,-1.94835528864359,0.043,0.357,1.95532381862318e-21,"Mga-203",1.95532381862318e-21,"Down"
2.74052418248193e-26,-2.08055036226124,0.035,0.34,2.10620245520466e-21,"Myo7a-204",2.10620245520466e-21,"Down"
2.85271191792064e-26,-1.97883954317837,0.035,0.34,2.19242321739873e-21,"Myo7a-203",2.19242321739873e-21,"Down"
3.37184187320187e-26,-1.01557441108194,0.062,0.401,2.59139535323056e-21,"Dusp3-201",2.59139535323056e-21,"Down"
3.61129948156505e-26,-3.22635678857578,0.035,0.331,2.775428103562e-21,"Hmga1b-201",2.775428103562e-21,"Down"
3.65460599198416e-26,-1.90276200813972,0.054,0.371,2.80871088907951e-21,"Rbpj-207",2.80871088907951e-21,"Down"
3.76839755408353e-26,-1.47844386016918,0.068,0.401,2.89616425621535e-21,"Ddx24-201",2.89616425621535e-21,"Down"
3.78265176324776e-26,-1.61230866141968,0.057,0.386,2.90711918612644e-21,"Nlrp3-201",2.90711918612644e-21,"Down"
3.7942143571165e-26,-1.47389618918737,0.035,0.338,2.91600550201832e-21,"Ythdc1-207",2.91600550201832e-21,"Down"
4.00735505758079e-26,-2.20981739156337,0.035,0.338,3.07981265595314e-21,"Ckap5-203",3.07981265595314e-21,"Down"
4.03407135610311e-26,-1.74444641211135,0.046,0.363,3.10034520001949e-21,"Irf5-205",3.10034520001949e-21,"Down"
4.04101568336835e-26,-1.07228450733926,0.07,0.414,3.10568219329591e-21,"Ncf1-202",3.10568219329591e-21,"Down"
4.12775248128169e-26,-1.11632040487851,0.043,0.361,3.17234289196423e-21,"Aftph-201",3.17234289196423e-21,"Down"
4.19114276312026e-26,-1.70199929577708,0.103,0.454,3.22106085916844e-21,"Csf1-201",3.22106085916844e-21,"Down"
4.3235432228617e-26,-1.7710103212071,0.046,0.361,3.32281590849813e-21,"Sumo2-203",3.32281590849813e-21,"Down"
4.3892734723608e-26,-1.97799720171721,0.035,0.338,3.37333223444817e-21,"Myo7a-213",3.37333223444817e-21,"Down"
4.74888159325318e-26,-1.50974078248982,0.051,0.375,3.6497054596788e-21,"Ubr5-201",3.6497054596788e-21,"Down"
5.12576547953356e-26,-1.26324702213893,0.051,0.375,3.93935580164072e-21,"Ctnnd1-203",3.93935580164072e-21,"Down"
5.1294607702332e-26,-1.91061507912961,0.057,0.377,3.94219578035502e-21,"Fnip2-203",3.94219578035502e-21,"Down"
5.36794156994719e-26,-1.17252104230349,0.057,0.386,4.12547781416721e-21,"Ctnnd1-221",4.12547781416721e-21,"Down"
5.97865664821677e-26,-1.8380193671673,0.043,0.354,4.59483678042052e-21,"Agps-201",4.59483678042052e-21,"Down"
6.56500301613113e-26,-1.63718201451415,0.065,0.394,5.04546741801742e-21,"Cherp-207",5.04546741801742e-21,"Down"
6.84200514393022e-26,-1.65331918238336,0.049,0.364,5.25835463331613e-21,"Dhx15-207",5.25835463331613e-21,"Down"
6.87404832211607e-26,-1.86014660100603,0.038,0.343,5.28298109747909e-21,"Ythdc1-201",5.28298109747909e-21,"Down"
8.45602730725067e-26,-2.07383235515566,0.046,0.356,6.49879522671443e-21,"Ncor2-204",6.49879522671443e-21,"Down"
8.63772122388062e-26,-1.55902337551379,0.068,0.398,6.63843426940121e-21,"Skil-201",6.63843426940121e-21,"Down"
8.92158964746912e-26,-1.49066221653522,0.035,0.336,6.85659850766592e-21,"Inpp5d-202",6.85659850766592e-21,"Down"
9.51356207876201e-26,-1.06985303564937,0.079,0.426,7.31155300001175e-21,"Notch1-201",7.31155300001175e-21,"Down"
9.73875956288612e-26,-1.88416814554585,0.049,0.363,7.4846262744605e-21,"Phldb1-210",7.4846262744605e-21,"Down"
9.8420181068927e-26,-1.21279469114764,0.065,0.394,7.56398459587131e-21,"Nr3c1-201",7.56398459587131e-21,"Down"
9.85294258328477e-26,-1.7578737562117,0.043,0.35,7.57238049295768e-21,"Erbin-205",7.57238049295768e-21,"Down"
1.04332577744805e-25,-1.88397428484091,0.043,0.352,8.01837592999923e-21,"Mga-202",8.01837592999923e-21,"Down"
1.07525653017474e-25,-1.38594409480976,0.081,0.424,8.26377653700497e-21,"Ncor1-204",8.26377653700497e-21,"Down"
1.09324341401452e-25,-1.45658135647751,0.054,0.373,8.4020129340672e-21,"Arhgef2-202",8.4020129340672e-21,"Down"
1.11552722949259e-25,-1.46610399929266,0.062,0.391,8.57327296954238e-21,"Eif2s1-201",8.57327296954238e-21,"Down"
1.17288463988552e-25,-1.60089360198731,0.079,0.41,9.01408761137614e-21,"Ubap2l-205",9.01408761137614e-21,"Down"
1.17700704234279e-25,-1.43096851938184,0.051,0.368,9.04576992322125e-21,"Arhgef2-219",9.04576992322125e-21,"Down"
1.20745165529485e-25,-1.93883762989859,0.051,0.364,9.27974895160308e-21,"Dtx3l-201",9.27974895160308e-21,"Down"
1.25337694234551e-25,-1.06514964940689,0.209,0.643,9.63270315270217e-21,"App-206",9.63270315270217e-21,"Down"
1.37281721780952e-25,-1.33041564522814,0.073,0.41,1.05506494457533e-20,"Clint1-203",1.05506494457533e-20,"Down"
1.3947656367716e-25,-2.16790095969927,0.035,0.331,1.07193318248445e-20,"Cdkn1a-205",1.07193318248445e-20,"Down"
1.54274013948568e-25,-1.37246661425974,0.084,0.428,1.18565750680033e-20,"Ncor1-201",1.18565750680033e-20,"Down"
1.57686747429358e-25,-1.3947596849272,0.06,0.384,1.21188572869359e-20,"Zbtb21-203",1.21188572869359e-20,"Down"
1.73848245259981e-25,-1.06180614753235,0.108,0.482,1.33609330412106e-20,"Emilin2-201",1.33609330412106e-20,"Down"
1.7831063625375e-25,-1.01401650366846,0.068,0.401,1.37038856386457e-20,"Mef2a-204",1.37038856386457e-20,"Down"
1.82532219713227e-25,-1.17189106167805,0.06,0.386,1.40283312138403e-20,"Ncf1-201",1.40283312138403e-20,"Down"
1.82532219713227e-25,-1.17189106193488,0.06,0.386,1.40283312138403e-20,"Ncf1-205",1.40283312138403e-20,"Down"
1.87763932120948e-25,-1.67605673851443,0.035,0.331,1.44304092392234e-20,"Heatr1-201",1.44304092392234e-20,"Down"
1.9920114754932e-25,-1.07371441484893,0.19,0.611,1.53094049937554e-20,"App-203",1.53094049937554e-20,"Down"
2.08371765402023e-25,-1.18355330329118,0.038,0.34,1.6014203658207e-20,"Hnrnph2-201",1.6014203658207e-20,"Down"
2.15643864992477e-25,-1.65421408857015,0.084,0.417,1.65730936001318e-20,"Zeb2-203",1.65730936001318e-20,"Down"
2.39873951283393e-25,-1.04287231123488,0.054,0.375,1.84352726519339e-20,"Ctnnd1-220",1.84352726519339e-20,"Down"
2.45183365104167e-25,-1.29402072869255,0.092,0.438,1.88433223417156e-20,"Srrm1-202",1.88433223417156e-20,"Down"
2.52067201701932e-25,-1.27503751775405,0.057,0.375,1.93723727196003e-20,"Gas2l3-201",1.93723727196003e-20,"Down"
2.71715841408838e-25,-2.49664640209742,0.046,0.347,2.08824492756348e-20,"Lpp-201",2.08824492756348e-20,"Down"
2.80553412206486e-25,-1.13482641546631,0.079,0.423,2.15616519417173e-20,"Mideas-201",2.15616519417173e-20,"Down"
2.85325477540004e-25,-1.46216601823349,0.038,0.34,2.19284042508595e-20,"Sirt2-208",2.19284042508595e-20,"Down"
3.04064935090154e-25,-1.02114974711957,0.07,0.403,2.33686065214187e-20,"Glyr1-202",2.33686065214187e-20,"Down"
3.05068350623016e-25,-1.50769081788662,0.057,0.375,2.34457230187813e-20,"Rgl1-202",2.34457230187813e-20,"Down"
3.06178175631027e-25,-1.1262265242402,0.111,0.482,2.35310175099469e-20,"Emilin2-202",2.35310175099469e-20,"Down"
3.43157755964771e-25,-1.21549307432101,0.046,0.35,2.63730461769165e-20,"Arhgef6-201",2.63730461769165e-20,"Down"
3.7116995105383e-25,-1.00731077118026,0.089,0.438,2.85258954182911e-20,"Park7-204",2.85258954182911e-20,"Down"
3.77190461894847e-25,-1.78643727061618,0.046,0.35,2.89885957584666e-20,"Rgs1-208",2.89885957584666e-20,"Down"
3.8679326392666e-25,-1.26161027220757,0.092,0.43,2.97266095058195e-20,"Tmbim6-201",2.97266095058195e-20,"Down"
4.02666558713213e-25,-1.76373529503532,0.049,0.357,3.09465357033453e-20,"Ctnnd1-202",3.09465357033453e-20,"Down"
4.07898794744066e-25,-1.5930814174033,0.106,0.449,3.13486539712604e-20,"Gdi2-201",3.13486539712604e-20,"Down"
4.44272740998001e-25,-1.19107867388189,0.054,0.371,3.41441372366603e-20,"Itprid2-205",3.41441372366603e-20,"Down"
5.07420111312688e-25,-1.21030685856726,0.062,0.384,3.89972652348253e-20,"Zfp207-207",3.89972652348253e-20,"Down"
5.33292924853053e-25,-1.39251210271185,0.051,0.364,4.09856944466566e-20,"Specc1-203",4.09856944466566e-20,"Down"
5.56412713803892e-25,-1.33698235774069,0.041,0.342,4.27625427066843e-20,"Asap1-206",4.27625427066843e-20,"Down"
5.59262966192665e-25,-1.41694628600448,0.057,0.371,4.2981596003771e-20,"Eif5-201",4.2981596003771e-20,"Down"
5.71100924093633e-25,-1.31531800980323,0.089,0.421,4.38913904202921e-20,"Macf1-212",4.38913904202921e-20,"Down"
5.84667557893734e-25,-1.56638756342795,0.043,0.347,4.4934040494365e-20,"Kansl1-203",4.4934040494365e-20,"Down"
5.94009239899091e-25,-1.34615400227706,0.062,0.379,4.56519861232048e-20,"Oasl2-201",4.56519861232048e-20,"Down"
6.11774082871619e-25,-1.59487378732874,0.06,0.379,4.70172853650154e-20,"Cct8-209",4.70172853650154e-20,"Down"
6.20381969048183e-25,-1.40304044599425,0.051,0.363,4.76788358492291e-20,"Wipf1-201",4.76788358492291e-20,"Down"
6.68092045308438e-25,-1.29234926909899,0.07,0.401,5.13455460501347e-20,"Rtf2-201",5.13455460501347e-20,"Down"
7.4270400196652e-25,-1.88649673612679,0.062,0.375,5.70797733671349e-20,"Ifit3-201",5.70797733671349e-20,"Down"
7.56297350052522e-25,-1.61840450100267,0.046,0.349,5.81244765409365e-20,"Tet3-202",5.81244765409365e-20,"Down"
8.10797687779378e-25,-1.37256248650327,0.046,0.352,6.23130454965963e-20,"Ctnnd1-212",6.23130454965963e-20,"Down"
8.19949097126336e-25,-1.31462615466253,0.049,0.359,6.30163679105474e-20,"Ubr5-204",6.30163679105474e-20,"Down"
9.11441696859923e-25,-1.05073593808937,0.087,0.43,7.00479401704725e-20,"Park7-203",7.00479401704725e-20,"Down"
9.18105625684201e-25,-1.56958160803561,0.054,0.366,7.05600897563336e-20,"Myo1c-202",7.05600897563336e-20,"Down"
9.4098065662394e-25,-1.09048872263999,0.065,0.384,7.23181273841763e-20,"Eif2s3x-201",7.23181273841763e-20,"Down"
9.94918266238725e-25,-1.35058263189778,0.049,0.352,7.6463448433511e-20,"Cdkn1a-201",7.6463448433511e-20,"Down"
1.24236220200608e-24,-1.20763056518098,0.054,0.366,9.54805046729749e-20,"Pgk1-rs7-201",9.54805046729749e-20,"Down"
1.25877453340727e-24,-1.96348171265712,0.051,0.354,9.67418579904825e-20,"Zfp106-211",9.67418579904825e-20,"Down"
1.26953958047313e-24,-1.51573007456733,0.046,0.349,9.75691949176821e-20,"Atp2a2-202",9.75691949176821e-20,"Down"
1.30098509855011e-24,-1.32987987376992,0.122,0.467,9.99859087639699e-20,"Dynlt1c-201",9.99859087639699e-20,"Down"
1.3697712848434e-24,-1.22499382893762,0.038,0.335,1.05272402325355e-19,"Aftph-209",1.05272402325355e-19,"Down"
1.41625163007167e-24,-1.05797166654315,0.19,0.6,1.08844602777528e-19,"App-204",1.08844602777528e-19,"Down"
1.45125935706288e-24,-1.09523803003633,0.043,0.345,1.1153508662771e-19,"Hsd17b12-201",1.1153508662771e-19,"Down"
1.63477426657084e-24,-1.4312923960886,0.073,0.396,1.25638941483035e-19,"Ckb-201",1.25638941483035e-19,"Down"
1.64714785607348e-24,-1.12830458880784,0.041,0.338,1.26589901330672e-19,"Hyou1-201",1.26589901330672e-19,"Down"
1.64714785607348e-24,-1.12830458880784,0.041,0.338,1.26589901330672e-19,"Hyou1-206",1.26589901330672e-19,"Down"
1.75581815314857e-24,-1.4559316163799,0.038,0.331,1.3494164834208e-19,"Asap1-210",1.3494164834208e-19,"Down"
2.02585558029608e-24,-1.72680318486192,0.051,0.357,1.55695104768075e-19,"Med13l-201",1.55695104768075e-19,"Down"
2.16670247046492e-24,-1.33164747143591,0.049,0.354,1.66519751665111e-19,"Ctnnd1-216",1.66519751665111e-19,"Down"
2.18389145447922e-24,-1.19777842713754,0.057,0.37,1.67840793842546e-19,"Ssb-206",1.67840793842546e-19,"Down"
2.18598870577253e-24,-1.36868737044284,0.051,0.356,1.68001975993442e-19,"Mef2a-208",1.68001975993442e-19,"Down"
2.22235857976642e-24,-1.12102572370236,0.233,0.634,1.70797146289369e-19,"Prrc2c-209",1.70797146289369e-19,"Down"
2.22876260585781e-24,-1.5259633779277,0.1,0.438,1.71289321310596e-19,"Lamp2-201",1.71289321310596e-19,"Down"
2.27762010126068e-24,-1.29335947206586,0.084,0.417,1.75044215262288e-19,"Slc7a8-201",1.75044215262288e-19,"Down"
2.30452526570721e-24,-1.1535508963032,0.049,0.354,1.77111984770662e-19,"Ctnnd1-214",1.77111984770662e-19,"Down"
2.39770353606644e-24,-1.04361548870812,0.103,0.452,1.84273107560851e-19,"Tfg-201",1.84273107560851e-19,"Down"
2.39885795428034e-24,-1.66430921872129,0.043,0.34,1.84361829218261e-19,"Syncrip-208",1.84361829218261e-19,"Down"
2.60160434748685e-24,-1.2256415816411,0.084,0.412,1.99943700521754e-19,"Wdr26-208",1.99943700521754e-19,"Down"
2.7340727711215e-24,-1.59679650439505,0.049,0.349,2.10124428751772e-19,"Specc1l-202",2.10124428751772e-19,"Down"
2.80562542207657e-24,-1.54492286080223,0.42,0.82,2.15623536188273e-19,"Plec-207",2.15623536188273e-19,"Down"
3.05298074969281e-24,-1.01636490609135,0.062,0.382,2.34633782536891e-19,"Acap2-206",2.34633782536891e-19,"Down"
3.05388657233717e-24,-1.35121282473431,0.049,0.35,2.34703398630401e-19,"Nptn-206",2.34703398630401e-19,"Down"
3.20635566772413e-24,-1.04647987020543,0.084,0.414,2.4642125848727e-19,"Tacc1-201",2.4642125848727e-19,"Down"
3.23241796605928e-24,-1.09653551824831,0.127,0.488,2.4842425036352e-19,"Smg1-201",2.4842425036352e-19,"Down"
3.26952376664924e-24,-1.27226629588791,0.073,0.396,2.51275979562061e-19,"Nktr-201",2.51275979562061e-19,"Down"
3.55188906230736e-24,-1.0513275535371,0.211,0.604,2.7297688199457e-19,"Capzb-201",2.7297688199457e-19,"Down"
3.72997096396019e-24,-1.10250168545118,0.076,0.407,2.86663188464197e-19,"Nrd1-203",2.86663188464197e-19,"Down"
3.80645943408032e-24,-1.69650579578069,0.046,0.34,2.92541633346809e-19,"Rtn4-203",2.92541633346809e-19,"Down"
3.90198538928448e-24,-1.49420354800862,0.098,0.433,2.99883185108069e-19,"Ccl2-201",2.99883185108069e-19,"Down"
4.42785869874803e-24,-1.55675713327802,0.079,0.405,3.40298652433581e-19,"Mpeg1-201",3.40298652433581e-19,"Down"
4.42785869874803e-24,-1.55675713633179,0.079,0.405,3.40298652433581e-19,"ENSMUST00000249873.1",3.40298652433581e-19,"Down"
4.74865810850394e-24,-1.00149809237519,0.125,0.496,3.64953370270962e-19,"Hcfc1-202",3.64953370270962e-19,"Down"
5.13537725474181e-24,-1.31400449127599,0.049,0.35,3.94674283535927e-19,"Ctnnd1-213",3.94674283535927e-19,"Down"
5.60189924607721e-24,-1.27758926976628,0.046,0.345,4.30528364658018e-19,"Ctnnd1-215",4.30528364658018e-19,"Down"
5.663011168402e-24,-1.97448708414458,0.046,0.338,4.35225060336367e-19,"Emp1-203",4.35225060336367e-19,"Down"
5.86536185933652e-24,-1.24903698460449,0.165,0.532,4.50776520337449e-19,"Gnas-211",4.50776520337449e-19,"Down"
5.9831711993792e-24,-1.26787105798525,0.057,0.366,4.59830639357089e-19,"Pum2-210",4.59830639357089e-19,"Down"
6.03957964232201e-24,-1.13244472690021,0.081,0.415,4.64165853831015e-19,"Nup98-204",4.64165853831015e-19,"Down"
6.3055212264838e-24,-1.01368518822956,0.073,0.4,4.84604528340186e-19,"Pum2-203",4.84604528340186e-19,"Down"
6.43853140792381e-24,-1.29244131282515,0.122,0.467,4.94826892824576e-19,"Eif4g1-210",4.94826892824576e-19,"Down"
6.77854053521126e-24,-1.38269180176625,0.07,0.391,5.20957954293126e-19,"Itsn2-211",5.20957954293126e-19,"Down"
6.94512857211288e-24,-1.49614275081371,0.043,0.335,5.33760911281163e-19,"Pcbp2-212",5.33760911281163e-19,"Down"
6.97623311601168e-24,-1.54329939899784,0.049,0.345,5.36151419897962e-19,"Specc1l-201",5.36151419897962e-19,"Down"
7.08470814437159e-24,-1.52560273458972,0.049,0.343,5.44488159727534e-19,"Trrap-215",5.44488159727534e-19,"Down"
7.34718118650278e-24,-1.04394141280138,0.081,0.412,5.64660262907485e-19,"Kdm5c-202",5.64660262907485e-19,"Down"
7.63259372842093e-24,-1.11334584145068,0.087,0.421,5.86595358404062e-19,"Ski-203",5.86595358404062e-19,"Down"
7.81309437154148e-24,-1.09481305798493,0.049,0.349,6.00467554830449e-19,"Asap1-202",6.00467554830449e-19,"Down"
8.31821635683995e-24,-1.13321242174741,0.057,0.363,6.39288199888578e-19,"Hnrnpc-209",6.39288199888578e-19,"Down"
8.41808504940002e-24,-1.3939985533274,0.043,0.335,6.46963508386589e-19,"Arhgap30-201",6.46963508386589e-19,"Down"
8.47076902192013e-24,-1.35399258308713,0.201,0.558,6.5101248241065e-19,"Cltc-201",6.5101248241065e-19,"Down"
8.81887045555918e-24,-1.31118954145843,0.049,0.347,6.77765469991545e-19,"Wipf1-203",6.77765469991545e-19,"Down"
8.8821041365397e-24,-1.20881223696511,0.057,0.364,6.82625231309622e-19,"Gadd45b-201",6.82625231309622e-19,"Down"
9.18596850172581e-24,-1.4083631278188,0.054,0.357,7.05978423231635e-19,"Tsc22d2-201",7.05978423231635e-19,"Down"
9.45969827225835e-24,-1.04970781749721,0.046,0.34,7.27015651016143e-19,"Ipo9-208",7.27015651016143e-19,"Down"
9.65656646801571e-24,-1.60917186743973,0.046,0.34,7.42145759332879e-19,"Specc1-213",7.42145759332879e-19,"Down"
9.75023762720024e-24,-1.29925972272147,0.06,0.368,7.49344762600847e-19,"Adam9-204",7.49344762600847e-19,"Down"
1.06267570258778e-23,-1.3508694945022,0.06,0.368,8.16708784466814e-19,"Myo1c-203",8.16708784466814e-19,"Down"
1.07724032387864e-23,-1.00110241642732,0.073,0.401,8.27902278513694e-19,"Eif5a-206",8.27902278513694e-19,"Down"
1.14808161325983e-23,-1.5032788328703,0.054,0.354,8.82346643054707e-19,"Phf3-205",8.82346643054707e-19,"Down"
1.14808161325983e-23,-1.5032788328703,0.054,0.354,8.82346643054707e-19,"Phf3-201",8.82346643054707e-19,"Down"
1.22142782682221e-23,-1.50116387717962,0.06,0.364,9.38716142025942e-19,"Atp6ap1-202",9.38716142025942e-19,"Down"
1.32084614638354e-23,-1.25888622169772,0.046,0.342,1.0151230973416e-18,"Ctnnd1-210",1.0151230973416e-18,"Down"
1.36779009821564e-23,-1.1156497946517,0.081,0.405,1.05120140208265e-18,"Gas7-202",1.05120140208265e-18,"Down"
1.53348516305011e-23,-1.35254461413616,0.054,0.356,1.17854468721053e-18,"Specc1-207",1.17854468721053e-18,"Down"
1.62595745049289e-23,-1.2268690012276,0.079,0.4,1.24961333900181e-18,"Trio-201",1.24961333900181e-18,"Down"
1.67876159609165e-23,-1.89537363264273,0.106,0.424,1.29019543706028e-18,"Lcp1-202",1.29019543706028e-18,"Down"
1.68306236631988e-23,-1.57466489656539,0.043,0.331,1.29350075101148e-18,"Atp13a2-201",1.29350075101148e-18,"Down"
1.70941928015194e-23,-1.53347950771513,0.062,0.368,1.31375709356797e-18,"Herc1-201",1.31375709356797e-18,"Down"
1.73097869738602e-23,-1.09412600447764,0.049,0.343,1.33032636808905e-18,"Copg1-202",1.33032636808905e-18,"Down"
1.73129251226626e-23,-1.13649706681265,0.06,0.366,1.33056754737712e-18,"Myo1c-201",1.33056754737712e-18,"Down"
1.77612689174396e-23,-1.35275229292761,0.054,0.357,1.3650245613809e-18,"Bmpr2-201",1.3650245613809e-18,"Down"
1.89613512897608e-23,-1.76380463907543,0.119,0.447,1.45725569202328e-18,"Ppia-201",1.45725569202328e-18,"Down"
1.93052935053663e-23,-1.59490904198294,0.095,0.414,1.48368902706142e-18,"Top2a-201",1.48368902706142e-18,"Down"
2.19839990959978e-23,-1.12842859402666,0.114,0.463,1.68955826652382e-18,"Dnmt1-202",1.68955826652382e-18,"Down"
2.26088522533556e-23,-1.11050967510678,0.073,0.389,1.73758073107939e-18,"Gnb1-203",1.73758073107939e-18,"Down"
2.31340810253271e-23,-1.40077408114495,0.106,0.437,1.77794666312049e-18,"Lpl-201",1.77794666312049e-18,"Down"
2.38548925695888e-23,-1.00535736891811,0.079,0.405,1.83334391354318e-18,"Pkn1-204",1.83334391354318e-18,"Down"
2.9289950969216e-23,-1.20538509601644,0.054,0.352,2.25104989178813e-18,"Larp1-203",2.25104989178813e-18,"Down"
2.96378621395689e-23,-1.76852920545835,0.065,0.37,2.27778825687443e-18,"Ncor1-205",2.27778825687443e-18,"Down"
3.16344234294982e-23,-1.3026294681403,0.054,0.354,2.43123197825066e-18,"Atxn2l-202",2.43123197825066e-18,"Down"
3.22962050890056e-23,-1.72475835862278,0.119,0.445,2.48209254591044e-18,"Ppia-206",2.48209254591044e-18,"Down"
3.26617880987341e-23,-1.1079632707902,0.1,0.426,2.51018906254011e-18,"Tor1aip1-206",2.51018906254011e-18,"Down"
3.67040347395502e-23,-1.54938142376614,0.06,0.359,2.82085188587339e-18,"Csrnp1-201",2.82085188587339e-18,"Down"
3.67040347395502e-23,-1.54938141117974,0.06,0.359,2.82085188587339e-18,"Csrnp1-204",2.82085188587339e-18,"Down"
3.78507722840915e-23,-1.09797753933416,0.062,0.364,2.90898325312157e-18,"Trrap-203",2.90898325312157e-18,"Down"
3.90903338757194e-23,-1.01620896095924,0.065,0.37,3.00424851968454e-18,"Nsd1-201",3.00424851968454e-18,"Down"
3.98047019672086e-23,-1.21195236149057,0.125,0.474,3.05915056498785e-18,"Nfat5-202",3.05915056498785e-18,"Down"
4.06832596197844e-23,-1.01272644863383,0.076,0.387,3.12667123481891e-18,"Fbrs-202",3.12667123481891e-18,"Down"
4.11292588621918e-23,-1.40399345887373,0.051,0.347,3.16094806059489e-18,"N4bp1-201",3.16094806059489e-18,"Down"
4.6208676963589e-23,-1.00389689805992,0.079,0.393,3.55132165935967e-18,"Txlna-202",3.55132165935967e-18,"Down"
4.64424797576617e-23,-1.11117338191897,0.051,0.349,3.56929033929533e-18,"Arhgap45-203",3.56929033929533e-18,"Down"
4.9763956541247e-23,-1.39189684569831,0.046,0.335,3.82455911602099e-18,"Specc1-217",3.82455911602099e-18,"Down"
5.14802825229267e-23,-1.09992169410791,0.117,0.465,3.95646563301701e-18,"Dnmt1-203",3.95646563301701e-18,"Down"
5.40032820684419e-23,-1.14966999966616,0.057,0.357,4.15036824008803e-18,"Arid1b-202",4.15036824008803e-18,"Down"
5.41660662774087e-23,-1.33490537504817,0.062,0.363,4.16287885768397e-18,"Nras-201",4.16287885768397e-18,"Down"
5.47897828884875e-23,-1.61394661373811,0.136,0.465,4.21081397411182e-18,"Ppia-205",4.21081397411182e-18,"Down"
6.03297732086199e-23,-1.06410955855318,0.062,0.363,4.63658439017528e-18,"Trrap-201",4.63658439017528e-18,"Down"
6.50974694389704e-23,-1.24411161317514,0.076,0.387,5.00300091626263e-18,"Rbbp6-210",5.00300091626263e-18,"Down"
6.79247451507851e-23,-1.74906050476429,0.049,0.336,5.22028836381844e-18,"Tgoln1-201",5.22028836381844e-18,"Down"
6.84663583507997e-23,-1.11537642258299,0.079,0.394,5.26191350469236e-18,"Ak2-202",5.26191350469236e-18,"Down"
7.32550696723097e-23,-1.30118474883017,0.163,0.516,5.62994512459569e-18,"Gnas-223",5.62994512459569e-18,"Down"
7.32815589864102e-23,-1.00133366776472,0.057,0.354,5.63198093434157e-18,"Hat1-201",5.63198093434157e-18,"Down"
7.37459456854236e-23,-1.17693197757801,0.057,0.35,5.66767090970755e-18,"Trrap-202",5.66767090970755e-18,"Down"
7.43639816681913e-23,-1.11536372676166,0.062,0.366,5.71516944712717e-18,"Ptp4a2-201",5.71516944712717e-18,"Down"
7.44608707349871e-23,-1.39659574781815,0.046,0.331,5.7226157594667e-18,"Atp13a2-203",5.7226157594667e-18,"Down"
7.66958215382648e-23,-1.32176165793701,0.062,0.361,5.8943806685018e-18,"Ddx24-206",5.8943806685018e-18,"Down"
8.24412581335378e-23,-1.19702893775642,0.046,0.331,6.33594045259492e-18,"Igf2bp3-201",6.33594045259492e-18,"Down"
8.4036856985197e-23,-1.23861764030062,0.16,0.512,6.45856860674033e-18,"Gnas-203",6.45856860674033e-18,"Down"
1.09458989907653e-22,-1.07590729182599,0.057,0.356,8.41236121036277e-18,"Stx12-201",8.41236121036277e-18,"Down"
1.14649283993102e-22,3.09321688199766,0.626,0.532,8.81125607200589e-18,"Peg10-202",8.81125607200589e-18,"Up"
1.17987472581762e-22,-1.19708330539894,0.089,0.414,9.06780921779875e-18,"M6pr-202",9.06780921779875e-18,"Down"
1.22429875728841e-22,-1.31813978423153,0.068,0.373,9.40922566926431e-18,"Emilin2-206",9.40922566926431e-18,"Down"
1.2586196454673e-22,-1.4217874351043,0.068,0.363,9.67299542327441e-18,"Itgav-201",9.67299542327441e-18,"Down"
1.28186286608636e-22,-1.02589556750284,0.217,0.599,9.85162887102011e-18,"Prrc2c-201",9.85162887102011e-18,"Down"
1.29383182650027e-22,-1.11735295481358,0.057,0.354,9.94361511938519e-18,"Arid1b-207",9.94361511938519e-18,"Down"
1.33309699604524e-22,-1.125683863159,0.054,0.347,1.02453836534061e-17,"Usp14-201",1.02453836534061e-17,"Down"
1.41156249715709e-22,-1.32753161014922,0.07,0.377,1.08484224156511e-17,"Mcm3-202",1.08484224156511e-17,"Down"
1.49587384958244e-22,-1.3988997599705,0.098,0.415,1.14963888835808e-17,"Zeb2-215",1.14963888835808e-17,"Down"
1.58859439338965e-22,-1.00371594015524,0.057,0.35,1.22089833509568e-17,"Specc1l-204",1.22089833509568e-17,"Down"
1.59391473756332e-22,-1.31451414268801,0.057,0.349,1.22498723240691e-17,"Anp32a-207",1.22498723240691e-17,"Down"
1.60421165685341e-22,-1.09160689401717,0.051,0.338,1.23290082675812e-17,"Tm9sf3-202",1.23290082675812e-17,"Down"
1.62059448196749e-22,-1.15033027093489,0.06,0.354,1.2454916831713e-17,"Anp32a-205",1.2454916831713e-17,"Down"
1.79706635289263e-22,-1.0003043163976,0.13,0.486,1.3811173748521e-17,"Ighm-202",1.3811173748521e-17,"Down"
1.80025212038906e-22,-1.24033543206804,0.079,0.389,1.38356576460381e-17,"Smarcc1-204",1.38356576460381e-17,"Down"
2.06577199281506e-22,-1.04271858393368,0.06,0.356,1.58762840735809e-17,"Mef2d-201",1.58762840735809e-17,"Down"
2.09129582782164e-22,-1.24689559143922,0.051,0.34,1.60724449551404e-17,"Polr2a-202",1.60724449551404e-17,"Down"
2.59205404681199e-22,-1.3255596546029,0.054,0.343,1.99209721713689e-17,"Gins2-203",1.99209721713689e-17,"Down"
2.80985854246488e-22,-1.13843235270742,0.106,0.433,2.15948868422596e-17,"Ctsc-203",2.15948868422596e-17,"Down"
2.81105046092582e-22,-1.88100735600326,0.062,0.349,2.16040472123993e-17,"Man1a-201",2.16040472123993e-17,"Down"
2.84560894945511e-22,-1.06589721234925,0.068,0.37,2.18696430201423e-17,"Itga6-202",2.18696430201423e-17,"Down"
2.93256791177846e-22,-1.05764744109795,0.057,0.352,2.25379574291822e-17,"Lgals9-203",2.25379574291822e-17,"Down"
3.11491398155815e-22,-1.45458962356064,0.051,0.331,2.3939359913867e-17,"Crk-201",2.3939359913867e-17,"Down"
3.17374887646346e-22,-1.51251193208177,0.076,0.377,2.43915296151723e-17,"Mbnl1-218",2.43915296151723e-17,"Down"
3.26636704132524e-22,-1.248007458095,0.062,0.357,2.5103337259401e-17,"Pcbp2-202",2.5103337259401e-17,"Down"
3.60974264165184e-22,-1.81353153180647,0.054,0.338,2.7742316098151e-17,"Srcap-207",2.7742316098151e-17,"Down"
3.79771040508873e-22,-1.65753228371914,0.084,0.384,2.9186923547269e-17,"Hdlbp-204",2.9186923547269e-17,"Down"
4.51779371519589e-22,-1.06663790592379,0.092,0.412,3.47210518187665e-17,"Pcm1-204",3.47210518187665e-17,"Down"
5.44570161253772e-22,-1.24844709796714,0.076,0.382,4.18523951729974e-17,"Mcm3-201",4.18523951729974e-17,"Down"
5.63355341015409e-22,-1.358231848769,0.057,0.345,4.32961113783983e-17,"Tapbp-201",4.32961113783983e-17,"Down"
5.64809792706893e-22,-1.62329437536525,0.057,0.342,4.34078918086956e-17,"Nup214-201",4.34078918086956e-17,"Down"
5.81649005743931e-22,-1.53038102342173,0.065,0.356,4.47020526874441e-17,"Uhrf1-202",4.47020526874441e-17,"Down"
6.42473873473126e-22,-1.08862050083678,0.141,0.479,4.93766870719037e-17,"Kmt2c-201",4.93766870719037e-17,"Down"
6.55303889522918e-22,-1.13679738188549,0.065,0.357,5.03627251253944e-17,"Wsb2-201",5.03627251253944e-17,"Down"
6.83079906747034e-22,-1.17343554066989,0.065,0.359,5.24974231531366e-17,"Tbc1d15-201",5.24974231531366e-17,"Down"
7.01796940042267e-22,-1.43686853788552,0.062,0.352,5.39359020300084e-17,"Midn-202",5.39359020300084e-17,"Down"
8.07102565432424e-22,-1.081779106666,0.06,0.352,6.20290605637435e-17,"Dtx4-201",6.20290605637435e-17,"Down"
8.8609844808833e-22,-1.29486138976705,0.092,0.407,6.81002101293805e-17,"Bin1-205",6.81002101293805e-17,"Down"
9.24734502955841e-22,-1.09492563987354,0.076,0.382,7.10695454901682e-17,"Eloa-201",7.10695454901682e-17,"Down"
9.67470313804432e-22,-1.18669434023153,0.076,0.38,7.43539634971258e-17,"Ptbp1-205",7.43539634971258e-17,"Down"
1.19793133029532e-21,-1.5963180161253,0.079,0.377,9.20658144585166e-17,"Uhrf1-203",9.20658144585166e-17,"Down"
1.34482921942834e-21,-1.58517861984017,0.057,0.338,1.03355504829946e-16,"Bzw1-202",1.03355504829946e-16,"Down"
1.41333605902358e-21,-1.00668474132258,0.114,0.445,1.08620529480199e-16,"Csde1-214",1.08620529480199e-16,"Down"
1.42526065077059e-21,-1.08197078141287,0.087,0.398,1.09536982054323e-16,"Pcm1-201",1.09536982054323e-16,"Down"
1.48224108309735e-21,-1.03114694955123,0.228,0.609,1.13916156200364e-16,"Spag9-202",1.13916156200364e-16,"Down"
1.50290653811993e-21,-1.31767085981535,0.062,0.35,1.15504379080669e-16,"Il4ra-205",1.15504379080669e-16,"Down"
1.55958349922364e-21,-1.0594367703348,0.054,0.338,1.19860230249334e-16,"Dctn4-201",1.19860230249334e-16,"Down"
1.60767364149606e-21,-1.11234718811063,0.084,0.393,1.23556150043538e-16,"Septin11-205",1.23556150043538e-16,"Down"
1.85516936988528e-21,-1.32383587853178,0.062,0.35,1.42577186753163e-16,"G3bp2-203",1.42577186753163e-16,"Down"
2.17159235761577e-21,-1.43346834799126,0.06,0.343,1.66895559052202e-16,"Gnb1-208",1.66895559052202e-16,"Down"
2.58245608778127e-21,-1.12597716887831,0.073,0.366,1.98472080170342e-16,"Sp1-201",1.98472080170342e-16,"Down"
2.6565324959262e-21,-1.28903550065359,0.081,0.384,2.04165148441912e-16,"Ctnnb1-214",2.04165148441912e-16,"Down"
2.79850783445251e-21,-1.13514794276918,0.106,0.421,2.15076521109013e-16,"Khdrbs1-201",2.15076521109013e-16,"Down"
3.14612365464798e-21,-1.01059784480273,0.068,0.361,2.41792187354316e-16,"Gins2-201",2.41792187354316e-16,"Down"
4.26749176623936e-21,-1.35534725538463,0.081,0.382,3.2797381220256e-16,"Serpinb6a-214",3.2797381220256e-16,"Down"
4.80220602949094e-21,-1.08664095751581,0.076,0.361,3.69068742190497e-16,"Macf1-214",3.69068742190497e-16,"Down"
4.92194843423282e-21,-1.23959162676171,0.06,0.34,3.78271424964529e-16,"Prpf4b-208",3.78271424964529e-16,"Down"
5.42353644227642e-21,-1.00823622703627,0.133,0.47,4.16820469734712e-16,"Tcp1-201",4.16820469734712e-16,"Down"
5.430946696627e-21,-1.03210809895375,0.057,0.338,4.17389977422571e-16,"Arid1b-201",4.17389977422571e-16,"Down"
5.7998292208018e-21,-1.28067669861656,0.417,0.796,4.45740074935501e-16,"Plec-218",4.45740074935501e-16,"Down"
7.06840974681484e-21,-1.05360189323845,0.057,0.336,5.43235562681708e-16,"Dld-201",5.43235562681708e-16,"Down"
7.67578249739705e-21,-1.525418044105,0.06,0.333,5.89914588054953e-16,"Srpk1-204",5.89914588054953e-16,"Down"
7.8656951230084e-21,-1.02801930233541,0.079,0.375,6.04510132983687e-16,"ENSMUST00000249875.1",6.04510132983687e-16,"Down"
7.98883156174112e-21,-1.40260988378033,0.057,0.335,6.13973660846052e-16,"Septin11-203",6.13973660846052e-16,"Down"
8.12044399426392e-21,-1.17971280484206,0.057,0.333,6.24088602735159e-16,"Glrx3-203",6.24088602735159e-16,"Down"
9.59134704906365e-21,-1.23870964727388,0.065,0.347,7.37133386108738e-16,"Nupr1-201",7.37133386108738e-16,"Down"
9.60014568221439e-21,-1.25280550379174,0.079,0.373,7.37809596260904e-16,"Xpo1-202",7.37809596260904e-16,"Down"
9.90200692456547e-21,-1.04769665334192,0.098,0.412,7.61008840180555e-16,"Sf3b3-201",7.61008840180555e-16,"Down"
1.00934616389004e-20,-1.29372244406022,0.057,0.333,7.75722900796048e-16,"Helz-203",7.75722900796048e-16,"Down"
1.20539417235926e-20,2.58729212033959,0.566,0.266,9.26393637224985e-16,"Tpt1-206",9.26393637224985e-16,"Up"
1.38389223623804e-20,-1.38543485978949,0.065,0.35,1.06357653923838e-15,"ENSMUST00000249703.1",1.06357653923838e-15,"Down"
1.47444889024597e-20,2.69952659174871,0.366,0.136,1.13317295010963e-15,"Ankrd17-213",1.13317295010963e-15,"Up"
2.06421127004601e-20,-1.00913151339101,0.095,0.401,1.58642892948116e-15,"Bin1-202",1.58642892948116e-15,"Down"
2.21108487157561e-20,3.17542517823589,0.526,0.361,1.69930716720072e-15,"Mkrn1-201",1.69930716720072e-15,"Up"
2.49521675760037e-20,-1.13065732822278,0.084,0.375,1.91767388688619e-15,"Lig1-206",1.91767388688619e-15,"Down"
2.69055430321222e-20,-1.00729631366564,0.087,0.382,2.06779860419072e-15,"Scaf8-201",2.06779860419072e-15,"Down"
2.91629479971767e-20,-1.001732538711,0.068,0.349,2.24128920537502e-15,"Smg7-202",2.24128920537502e-15,"Down"
3.5026508577221e-20,2.83587710582234,0.407,0.181,2.69192729019374e-15,"Clic4-202",2.69192729019374e-15,"Up"
3.94265649976558e-20,-1.02306569749058,0.087,0.379,3.03008922632984e-15,"Lig1-205",3.03008922632984e-15,"Down"
3.95079866003788e-20,-1.26778627041185,0.084,0.375,3.03634680218551e-15,"Slk-201",3.03634680218551e-15,"Down"
4.01095963807082e-20,-1.04616698163585,0.114,0.428,3.08258292024295e-15,"Laptm5-201",3.08258292024295e-15,"Down"
4.57939920406041e-20,-1.09358238053385,0.06,0.333,3.51945146428859e-15,"Khsrp-205",3.51945146428859e-15,"Down"
4.62560153156496e-20,-1.08015167763829,0.079,0.37,3.55495980106893e-15,"Septin11-208",3.55495980106893e-15,"Down"
4.99580580413642e-20,-1.0073701771315,0.068,0.352,3.83947659271101e-15,"Sec14l1-203",3.83947659271101e-15,"Down"
5.27420125316252e-20,-1.18353986426581,0.068,0.343,4.05343463110552e-15,"Sf3a1-201",4.05343463110552e-15,"Down"
7.1389336501776e-20,-1.03203965849699,0.087,0.377,5.4865560675075e-15,"Git2-204",5.4865560675075e-15,"Down"
7.65977447740174e-20,-1.00172988584026,0.117,0.419,5.88684307686233e-15,"Tpd52-202",5.88684307686233e-15,"Down"
1.34408995250179e-19,-1.06176484146135,0.084,0.373,1.03298689209573e-14,"Mbnl2-201",1.03298689209573e-14,"Down"
1.96402148628652e-19,-1.12350942475213,0.068,0.343,1.50942907307064e-14,"Nfkbib-201",1.50942907307064e-14,"Down"
2.09837927457728e-19,-1.24895136148532,0.079,0.352,1.61268840768362e-14,"Macf1-201",1.61268840768362e-14,"Down"
2.14805474403936e-19,-1.12595475544752,0.084,0.364,1.65086599298401e-14,"Git2-202",1.65086599298401e-14,"Down"
2.77861595830136e-19,-1.03469957883831,0.339,0.673,2.13547750859293e-14,"Hnrnpk-201",2.13547750859293e-14,"Down"
3.32798964004754e-19,-1.38081953929512,0.07,0.335,2.55769315796214e-14,"Macf1-215",2.55769315796214e-14,"Down"
4.29973451452316e-19,-1.05662585335444,0.073,0.349,3.30451796379163e-14,"Cpeb4-202",3.30451796379163e-14,"Down"
4.75134972568644e-19,-1.07700044034427,0.073,0.345,3.65160231817906e-14,"Gbp7-202",3.65160231817906e-14,"Down"
6.81789214117224e-19,1.14663254475811,0.07,0.345,5.23982282617652e-14,"Ube2i-211",5.23982282617652e-14,"Up"
7.85980890248133e-19,-1.37094992824016,0.098,0.377,6.040577533913e-14,"Calm1-201",6.040577533913e-14,"Down"
9.19396111483736e-19,-1.02989696400165,0.079,0.359,7.06592687519711e-14,"Nucb1-210",7.06592687519711e-14,"Down"
9.36397098621228e-19,-1.35419489527687,0.079,0.354,7.19658626174358e-14,"Mbnl2-202",7.19658626174358e-14,"Down"
1.1429764259909e-18,-1.56093284120038,0.076,0.342,8.78423102431046e-14,"Ifit2-201",8.78423102431046e-14,"Down"
1.40107247427047e-18,-1.25219282894824,0.076,0.34,1.07678023937582e-13,"Stab1-205",1.07678023937582e-13,"Down"
2.41388249234867e-18,-1.1683530934718,0.095,0.371,1.85516525066965e-13,"Ell2-201",1.85516525066965e-13,"Down"
3.71721707103655e-18,-1.02445862314148,0.098,0.38,2.85683000777443e-13,"Osbpl8-202",2.85683000777443e-13,"Down"
4.4028603514091e-18,-1.01316133755191,0.073,0.338,3.38377429447195e-13,"Lima1-202",3.38377429447195e-13,"Down"
5.84719541948651e-18,-1.09229643466667,0.098,0.37,4.49380356769216e-13,"Papola-214",4.49380356769216e-13,"Down"
6.2190730350162e-18,-1.02459046850687,0.073,0.331,4.77960639033135e-13,"Nfkbiz-203",4.77960639033135e-13,"Down"
6.66420755200053e-18,-1.12976785112497,0.163,0.463,5.12171007201449e-13,"Hnrnpf-210",5.12171007201449e-13,"Down"
9.39344872821875e-18,-1.15349715167377,0.1,0.377,7.21924108558524e-13,"Immt-203",7.21924108558524e-13,"Down"
1.40258055082757e-17,-1.01901414139939,0.076,0.335,1.07793925653302e-12,"Ddx17-201",1.07793925653302e-12,"Down"
3.88185187182916e-17,-1.1715826343332,0.098,0.364,2.98335843757558e-12,"Dst-211",2.98335843757558e-12,"Down"
2.26311538445722e-16,-1.12865305578681,0.087,0.34,1.73929469757075e-11,"Hgsnat-201",1.73929469757075e-11,"Down"
2.66578656420591e-16,2.17108689981017,0.68,0.41,2.04876360605481e-11,"Tpt1-208",2.04876360605481e-11,"Up"
2.78139784890186e-16,-1.01642252476506,0.098,0.357,2.13761550279503e-11,"Dst-201",2.13761550279503e-11,"Down"
3.61760644445117e-16,-1.42980117904326,0.144,0.419,2.7802752568185e-11,"Rsad2-201",2.7802752568185e-11,"Down"
3.95130361889242e-16,-1.07586513315529,0.119,0.386,3.03673488326358e-11,"Gnas-228",3.03673488326358e-11,"Down"
3.95130361889242e-16,-1.07586513103338,0.119,0.386,3.03673488326358e-11,"Gnas-225",3.03673488326358e-11,"Down"
7.16460537478019e-16,-1.54905433397786,0.117,0.364,5.50628581473356e-11,"Eif4g2-206",5.50628581473356e-11,"Down"
9.57675372319928e-16,-1.44822948460672,0.095,0.331,7.36011830642758e-11,"Lyve1-201",7.36011830642758e-11,"Down"
1.6132121600356e-15,-1.14953087028902,0.092,0.335,1.23981807347376e-10,"Hnrnph1-205",1.23981807347376e-10,"Down"
1.63788224882037e-15,-1.24994873110809,0.293,0.544,1.2587780235084e-10,"Ddx5-208",1.2587780235084e-10,"Down"
2.80156786399387e-15,1.79654188234972,0.098,0.361,2.15311696619385e-10,"Ube2i-213",2.15311696619385e-10,"Up"
4.33389332399154e-15,2.89058366993432,0.491,0.398,3.33077037522046e-10,"Txnl1-206",3.33077037522046e-10,"Up"
1.02765898460054e-14,-1.11094496806871,0.098,0.338,7.89797036024901e-10,"Bmp2k-202",7.89797036024901e-10,"Down"
1.12838962024864e-14,1.10849591867275,0.141,0.438,8.67212558745891e-10,"Pum2-202",8.67212558745891e-10,"Up"
1.41376679650155e-14,1.94080182305319,0.363,0.158,1.0865363337833e-09,"Csf1r-204",1.0865363337833e-09,"Up"
3.15105953895239e-14,2.65528808657211,0.515,0.424,2.42171529806647e-09,"Cox6c-201",2.42171529806647e-09,"Up"
8.01908652700518e-14,2.7371172093409,0.401,0.257,6.16298875946456e-09,"Arf5-201",6.16298875946456e-09,"Up"
1.34729400975725e-13,-1.06930171624402,0.111,0.338,1.03544933825884e-08,"Slc40a1-201",1.03544933825884e-08,"Down"
1.58457678481544e-13,-1.03354708649515,0.127,0.38,1.21781064220206e-08,"Fcgr2b-202",1.21781064220206e-08,"Down"
7.43999441306184e-12,3.20333350930854,0.347,0.204,5.71793330621455e-07,"Ost4-201",5.71793330621455e-07,"Up"
1.44095061517919e-11,2.01950509166288,0.469,0.308,1.10742818578981e-06,"H3c2-201",1.10742818578981e-06,"Up"
1.89457578517933e-11,-1.74479394550907,0.146,0.35,1.45605727394172e-06,"Dab2-201",1.45605727394172e-06,"Down"
2.12386410934664e-11,3.22933026274684,0.423,0.312,1.63227452259727e-06,"Gpx4-202",1.63227452259727e-06,"Up"
6.02028020141955e-11,1.03846068069177,0.114,0.336,4.62682614599898e-06,"Ilf3-201",4.62682614599898e-06,"Up"
8.56296899928914e-11,1.13529548049453,0.125,0.357,6.58098419471367e-06,"Naa60-211",6.58098419471367e-06,"Up"
9.30881079917681e-11,1.11433511980106,0.168,0.438,7.15419345159935e-06,"U2af1-201",7.15419345159935e-06,"Up"
2.95593782704128e-10,1.7250467848365,0.615,0.607,2.27175645759431e-05,"Hnrnpa2b1-201",2.27175645759431e-05,"Up"
4.55723087736058e-10,1.1701683090869,0.225,0.5,3.5024142184867e-05,"Epb41-215",3.5024142184867e-05,"Up"
5.23400200471665e-10,1.81569681500548,0.531,0.535,4.02253990070493e-05,"Riok3-215",4.02253990070493e-05,"Up"
8.65673665045169e-10,1.32725525351996,0.702,0.738,6.65304838533814e-05,"Pf4-201",6.65304838533814e-05,"Up"
1.25100511386333e-09,1.52668819882163,0.241,0.565,9.61447470208526e-05,"Eif5a-210",9.61447470208526e-05,"Up"
2.91947742690826e-09,1.59984155942172,0.566,0.621,0.000224373518167607,"Riok3-204",0.000224373518167607,"Up"
4.54105189447634e-09,1.00580440281253,0.133,0.345,0.000348998002298085,"Arhgap1-202",0.000348998002298085,"Up"
6.84687257791948e-09,2.66711776471906,0.48,0.474,0.000526209545103424,"Ubxn1-204",0.000526209545103424,"Up"
9.25356167421513e-09,1.43220068364103,0.173,0.412,0.00071117322891013,"Mfsd11-209",0.00071117322891013,"Up"
1.80783106611542e-08,1.7109302713838,0.602,0.748,0.00138939048755234,"Lars2-209",0.00138939048755234,"Up"
2.14495564042353e-08,1.24070400501618,0.136,0.335,0.0016484842078911,"Add1-204",0.0016484842078911,"Up"
3.40057002536352e-08,1.68106422651036,0.602,0.757,0.00261347408729288,"Lars2-201",0.00261347408729288,"Up"
5.63884616774044e-08,2.42454170904707,0.417,0.377,0.00433367883375524,"Txnl1-201",0.00433367883375524,"Up"
1.10998302663112e-07,1.37382733401419,0.16,0.37,0.00853066355287078,"Ppdpf-201",0.00853066355287078,"Up"
