"p_val","avg_log2FC","pct.1","pct.2","p_val_adj","gene","p_val_adj_plot","Significance"
1.51346593680331e-25,5.06224024346504,0.34,0.022,1.16315911107082e-20,"Peg3-203",1.16315911107082e-20,"Up"
6.59472528506157e-25,-1.6138952200792,0.872,1,5.06831017058122e-20,"Eef1a1-201",5.06831017058122e-20,"Down"
9.41738180169616e-24,-3.19167288251526,0.213,0.984,7.23763460987557e-19,"Hmga2-201",7.23763460987557e-19,"Down"
1.26722397040371e-22,-3.5054670511023,0.213,0.928,9.7391231021407e-18,"Nasp-201",9.7391231021407e-18,"Down"
4.1427369423189e-22,-6.1509244619345,0.021,0.854,3.18385904964977e-17,"Zfhx4-201",3.18385904964977e-17,"Down"
1.25685631419459e-21,2.39243485217632,1,0.989,9.6594435171111e-17,"Tpt1-201",9.6594435171111e-17,"Up"
4.55548371232916e-21,-2.23650566701957,0.362,0.986,3.50107145227345e-16,"Tubb5-201",3.50107145227345e-16,"Down"
1.3628445525562e-20,-2.73983442131,0.319,0.969,1.04740055242154e-15,"Gpc3-201",1.04740055242154e-15,"Down"
2.16086611131348e-20,-2.3653949432057,0.255,0.981,1.66071204118886e-15,"Sfpq-201",1.66071204118886e-15,"Down"
5.55963874668001e-20,-2.20679323536451,0.426,0.989,4.27280476237346e-15,"Nedd4-201",4.27280476237346e-15,"Down"
9.15619302232079e-20,-2.51292671571028,0.255,0.969,7.03690058537442e-15,"Myh10-203",7.03690058537442e-15,"Down"
5.11849616274126e-19,-1.71902456226993,0.489,0.998,3.93376904091317e-14,"Eif4g2-213",3.93376904091317e-14,"Down"
7.42702977640483e-19,-3.44076200815601,0.149,0.891,5.70796946435817e-14,"Vcan-203",5.70796946435817e-14,"Down"
7.63994036312862e-19,-1.92352422053433,0.681,0.992,5.87159976667887e-14,"Hmgb1-201",5.87159976667887e-14,"Down"
1.17656644445374e-18,-2.33746521465307,0.277,0.95,9.04238375220474e-14,"Huwe1-201",9.04238375220474e-14,"Down"
1.42016246312924e-18,-2.41078172418667,0.085,0.908,1.09145165941335e-13,"Macroh2a2-201",1.09145165941335e-13,"Down"
3.13540392031558e-18,-2.09074024739137,0.298,0.96,2.40968332891934e-13,"Vcp-201",2.40968332891934e-13,"Down"
3.26385653927545e-18,-2.42898249296082,0.255,0.939,2.50840430469475e-13,"Myh10-202",2.50840430469475e-13,"Down"
3.97353834620551e-18,-1.85417135301125,0.638,0.994,3.05382316059278e-13,"Pkm-201",3.05382316059278e-13,"Down"
5.86556400693824e-18,-3.04482302399495,0.128,0.866,4.50792056189232e-13,"Crebbp-201",4.50792056189232e-13,"Down"
6.65840179712716e-18,-2.10660600570289,0.404,0.952,5.11724811716411e-13,"Ddx5-201",5.11724811716411e-13,"Down"
1.53855901314303e-17,-2.20518608694477,0.277,0.97,1.18244414396095e-12,"Maged1-201",1.18244414396095e-12,"Down"
1.55719661014866e-17,-7.43664276416364,0,0.732,1.19676788276365e-12,"Pbx1-205",1.19676788276365e-12,"Down"
1.79071102959822e-17,-6.10386233568435,0,0.731,1.37623305468742e-12,"Usp34-208",1.37623305468742e-12,"Down"
1.88458334421494e-17,-3.12322740566144,0.319,0.882,1.44837768336295e-12,"Hnrnpk-224",1.44837768336295e-12,"Down"
1.96897137050295e-17,-3.2253529276558,0.085,0.826,1.51323325708634e-12,"Anp32e-202",1.51323325708634e-12,"Down"
2.07759499209805e-17,-2.23370106228479,0.128,0.916,1.59671485522703e-12,"Cdk4-201",1.59671485522703e-12,"Down"
2.19043895103424e-17,-2.68734540635758,0.043,0.79,1.68343995142785e-12,"Fbn2-201",1.68343995142785e-12,"Down"
2.65528820556063e-17,-2.67225494429499,0.021,0.768,2.04069519750157e-12,"Ubqln2-201",2.04069519750157e-12,"Down"
2.76914130406295e-17,-2.87959389214482,0.191,0.883,2.12819585782454e-12,"Nisch-201",2.12819585782454e-12,"Down"
3.99982518944904e-17,-1.85251438205764,0.319,0.981,3.07402565109917e-12,"Nono-201",3.07402565109917e-12,"Down"
5.18957981888201e-17,-1.68124927542183,0.17,0.931,3.98839967400358e-12,"Matr3-201",3.98839967400358e-12,"Down"
5.64053517138158e-17,-2.69610779019979,0.149,0.855,4.3349769006136e-12,"Zmiz1-208",4.3349769006136e-12,"Down"
6.0192174773929e-17,-2.77176841690454,0.149,0.883,4.62600940007554e-12,"Ttc3-235",4.62600940007554e-12,"Down"
6.19904469245834e-17,-6.27839154409851,0,0.717,4.76421380794193e-12,"Zfp521-201",4.76421380794193e-12,"Down"
6.8574595162845e-17,-2.54278351836037,0.085,0.829,5.27023193664529e-12,"Hmgb3-204",5.27023193664529e-12,"Down"
7.5953026024145e-17,-2.86752058911482,0.085,0.807,5.83729386205964e-12,"Rere-202",5.83729386205964e-12,"Down"
8.46821586411495e-17,-2.74199360515937,0.128,0.871,6.5081626202069e-12,"Dbn1-203",6.5081626202069e-12,"Down"
9.2383238250204e-17,-2.24810055682148,0.191,0.922,7.10002139248117e-12,"Rbbp4-201",7.10002139248117e-12,"Down"
9.32151946450474e-17,-2.26932032666742,0.255,0.941,7.16396056925047e-12,"Smarcc1-201",7.16396056925047e-12,"Down"
1.04193492546159e-16,-2.18398742360227,0.106,0.866,8.0076866761425e-12,"Arid1a-205",8.0076866761425e-12,"Down"
1.07244337187132e-16,-2.78944071952914,0.085,0.813,8.24215629017986e-12,"Kat6a-201",8.24215629017986e-12,"Down"
1.32352150888363e-16,-2.04393910053334,0.191,0.939,1.01717922043743e-11,"Marcks-201",1.01717922043743e-11,"Down"
1.39661852974963e-16,-6.2425977994787,0,0.707,1.07335720485378e-11,"Zfp521-204",1.07335720485378e-11,"Down"
2.09694602259338e-16,-5.46865525359223,0.021,0.721,1.61158689620392e-11,"Zfhx4-205",1.61158689620392e-11,"Down"
2.9405478257402e-16,-3.91432320640654,0.064,0.754,2.25992862599437e-11,"Phip-201",2.25992862599437e-11,"Down"
3.12193049026068e-16,-1.96735819853166,0.149,0.883,2.39932845898494e-11,"Sox11-201",2.39932845898494e-11,"Down"
3.33885545790738e-16,-1.84961354926051,0.617,0.984,2.56604397362014e-11,"Peg3-201",2.56604397362014e-11,"Down"
4.04657012068145e-16,-5.90474171156631,0,0.695,3.10995100054852e-11,"Usp34-205",3.10995100054852e-11,"Down"
4.8235256692383e-16,-2.57248455887089,0.064,0.773,3.7070724178364e-11,"Ckap5-202",3.7070724178364e-11,"Down"
5.34245668733209e-16,-2.26011428556007,0.106,0.83,4.1058916624822e-11,"Bzw1-201",4.1058916624822e-11,"Down"
5.48327910763276e-16,-3.24442339675323,0.085,0.785,4.21411932538008e-11,"Matr3-202",4.21411932538008e-11,"Down"
5.70246589721739e-16,-2.33106026391849,0.085,0.826,4.38257314064745e-11,"Syne2-210",4.38257314064745e-11,"Down"
6.92628770936684e-16,-2.67511579562366,0.128,0.844,5.32312915615679e-11,"Brd4-203",5.32312915615679e-11,"Down"
7.17940717064947e-16,-2.13906546356914,0.17,0.88,5.51766158693094e-11,"Sf3b2-201",5.51766158693094e-11,"Down"
7.25061791901905e-16,-2.19203012373281,0.191,0.907,5.5723898954829e-11,"Dync1h1-201",5.5723898954829e-11,"Down"
7.69618473599983e-16,-1.76414548449973,0.085,0.821,5.91482581700531e-11,"Tut4-201",5.91482581700531e-11,"Down"
8.36984067731943e-16,-1.89458243663122,0.128,0.849,6.43255735414707e-11,"Prpf8-201",6.43255735414707e-11,"Down"
9.19291707612219e-16,-2.22066719614686,0.532,0.922,7.06512448968295e-11,"Hnrnpa3-203",7.06512448968295e-11,"Down"
1.13080528753804e-15,-2.55978842531401,0.064,0.804,8.69069095684486e-11,"Nipbl-201",8.69069095684486e-11,"Down"
1.20869087299026e-15,-2.83881706214421,0.043,0.751,9.28927283527932e-11,"Sox4-201",9.28927283527932e-11,"Down"
1.48389235491338e-15,-5.8118870893201,0,0.679,1.14043063044513e-10,"Ptbp2-213",1.14043063044513e-10,"Down"
1.91290131246566e-15,-1.56448370727944,0.681,0.997,1.47014117468236e-10,"Igf2-205",1.47014117468236e-10,"Down"
3.18461010396872e-15,-7.06367740017073,0,0.67,2.44750024930412e-10,"Fndc3c1-201",2.44750024930412e-10,"Down"
3.18461010396872e-15,-5.73077708104315,0,0.67,2.44750024930412e-10,"Ptbp2-201",2.44750024930412e-10,"Down"
3.52661873800855e-15,-2.12929127833944,0.255,0.91,2.71034756490909e-10,"Smarcc1-207",2.71034756490909e-10,"Down"
3.55702446261025e-15,-2.11211439515816,0.085,0.816,2.73371558049448e-10,"Arhgap35-201",2.73371558049448e-10,"Down"
3.90027340408146e-15,-2.00610427169929,0.085,0.788,2.99751612197277e-10,"Ckap5-204",2.99751612197277e-10,"Down"
4.25786794639768e-15,-3.07739078659745,0.064,0.763,3.27234183152448e-10,"Sulf2-202",3.27234183152448e-10,"Down"
5.22347327327161e-15,3.31842814424629,0.468,0.101,4.01444814944016e-10,"Ankrd17-213",4.01444814944016e-10,"Up"
6.6873771373673e-15,-3.87465295085825,0.043,0.702,5.13951682515226e-10,"Ckap5-201",5.13951682515226e-10,"Down"
7.24595706011704e-15,-2.19134349859464,0.085,0.798,5.56880783898235e-10,"Syne2-201",5.56880783898235e-10,"Down"
7.64057591878807e-15,-2.06075789456128,0.106,0.822,5.87208821662539e-10,"Dcakd-201",5.87208821662539e-10,"Down"
7.7102519699928e-15,-3.10517980107919,0.085,0.757,5.92563704901827e-10,"Matr3-217",5.92563704901827e-10,"Down"
8.28523252293373e-15,-3.4068789350422,0.085,0.749,6.36753260317549e-10,"Tenm3-206",6.36753260317549e-10,"Down"
8.47159135370965e-15,-1.71128787064551,0.255,0.936,6.51075681898001e-10,"Egr1-201",6.51075681898001e-10,"Down"
8.56672376280384e-15,-2.39310201667481,0.064,0.748,6.58386988066526e-10,"Arid2-201",6.58386988066526e-10,"Down"
1.10831852888798e-14,-3.48377254135367,0.064,0.72,8.51787122191565e-10,"Gli3-201",8.51787122191565e-10,"Down"
1.13332028154294e-14,-3.22673486037149,0.128,0.782,8.71001969177014e-10,"Wnk1-202",8.71001969177014e-10,"Down"
1.44448228223847e-14,-1.7355903356635,0.106,0.824,1.11014241319155e-09,"Igf2bp2-201",1.11014241319155e-09,"Down"
1.52612716280645e-14,-2.40285182009109,0.149,0.824,1.17288976970327e-09,"Atrx-202",1.17288976970327e-09,"Down"
1.54215137280782e-14,-3.23429274352775,0.085,0.74,1.18520501605772e-09,"Prpf8-202",1.18520501605772e-09,"Down"
1.60000921412204e-14,-5.29357316284377,0,0.65,1.22967108142135e-09,"Tcf4-207",1.22967108142135e-09,"Down"
1.67979984154344e-14,-3.97095774979332,0.043,0.696,1.29099337021979e-09,"Rbmxl1-202",1.29099337021979e-09,"Down"
2.16445033460909e-14,-1.84448080513677,0.553,0.97,1.66346666016047e-09,"Gnas-202",1.66346666016047e-09,"Down"
2.23369827020174e-14,-2.36051265325784,0.149,0.826,1.71668646858084e-09,"Ttc3-234",1.71668646858084e-09,"Down"
2.29559478625259e-14,-3.26561499112858,0.255,0.821,1.76425641702657e-09,"Nap1l1-203",1.76425641702657e-09,"Down"
2.60829213825416e-14,1.38582084169019,0.979,0.835,2.00457683993385e-09,"Hnrnpab-202",2.00457683993385e-09,"Up"
2.65890603209898e-14,-1.14277892849728,0.723,1,2.04347564190935e-09,"Ybx1-201",2.04347564190935e-09,"Down"
2.75563513712438e-14,-2.33886818591397,0.128,0.791,2.11781582828557e-09,"Bptf-203",2.11781582828557e-09,"Down"
2.77995783512165e-14,-2.75932912004418,0.064,0.74,2.1365087946044e-09,"Tcf12-201",2.1365087946044e-09,"Down"
2.91416812272933e-14,-3.04403877232771,0.064,0.738,2.2396547690424e-09,"Kdm5b-201",2.2396547690424e-09,"Down"
2.97532712877481e-14,-1.83655775289281,0.17,0.852,2.2866579115486e-09,"Smarca4-201",2.2866579115486e-09,"Down"
3.51816292783343e-14,-2.54641988915542,0.128,0.807,2.70384893655711e-09,"Dbn1-202",2.70384893655711e-09,"Down"
3.64050399370702e-14,-2.57801577771127,0.213,0.846,2.7978729393236e-09,"Bclaf1-201",2.7978729393236e-09,"Down"
3.72741737212463e-14,4.00721826558228,0.617,0.246,2.86466934717267e-09,"Gna13-202",2.86466934717267e-09,"Up"
3.81108690186258e-14,-1.58017408815726,0.043,0.72,2.92897272755747e-09,"Ipo9-201",2.92897272755747e-09,"Down"
4.07002507877019e-14,-2.37059031422709,0.17,0.819,3.12797707403804e-09,"Ylpm1-201",3.12797707403804e-09,"Down"
4.62999234861705e-14,4.39809265417721,0.681,0.324,3.55833431960615e-09,"Gpx1-201",3.55833431960615e-09,"Up"
4.81432802127114e-14,-2.40248809627018,0.043,0.702,3.70000365746772e-09,"Rbbp6-201",3.70000365746772e-09,"Down"
4.91417216418192e-14,-4.19267570358168,0.021,0.665,3.77673787506037e-09,"Aff3-203",3.77673787506037e-09,"Down"
4.94075663928041e-14,-1.89396492859273,0.085,0.731,3.79716910755257e-09,"Ubap2l-208",3.79716910755257e-09,"Down"
5.07160491672303e-14,-3.08077840327501,0.128,0.76,3.89773124269832e-09,"Ptbp1-215",3.89773124269832e-09,"Down"
5.17137066497357e-14,-2.10146100358587,0.404,0.889,3.97440521085879e-09,"Prrc2c-210",3.97440521085879e-09,"Down"
5.3145216386541e-14,-1.61937130736455,0.17,0.852,4.08442246017122e-09,"Bptf-201",4.08442246017122e-09,"Down"
5.688768856597e-14,-2.54640518135604,0.149,0.794,4.37204641704906e-09,"Rrm1-201",4.37204641704906e-09,"Down"
6.64164571500875e-14,-2.33505020872849,0.17,0.833,5.10437039781283e-09,"Chd1-201",5.10437039781283e-09,"Down"
7.07612243405759e-14,-1.93326603216205,0.085,0.726,5.43828313547062e-09,"Ubap2l-202",5.43828313547062e-09,"Down"
7.41333916219079e-14,2.20435226576318,0.851,0.84,5.69744767971011e-09,"Junb-201",5.69744767971011e-09,"Up"
7.54135654860159e-14,-2.37766324895254,0.34,0.933,5.79583416186226e-09,"Septin11-201",5.79583416186226e-09,"Down"
8.01692094151946e-14,-4.16453281132384,0.021,0.659,6.16132442039537e-09,"Aff3-206",6.16132442039537e-09,"Down"
8.65412319732887e-14,-2.34061579414427,0.085,0.754,6.65103984207513e-09,"Usp9x-201",6.65103984207513e-09,"Down"
9.41330695673097e-14,-2.92955519397933,0.021,0.668,7.23450292852602e-09,"Zfp462-203",7.23450292852602e-09,"Down"
1.0113590679112e-13,-3.94854975855656,0.043,0.676,7.77269898052477e-09,"Zfp207-207",7.77269898052477e-09,"Down"
1.02135249864549e-13,-1.97986679766222,0.064,0.71,7.84950249309004e-09,"Birc6-220",7.84950249309004e-09,"Down"
1.05751880032883e-13,-1.76914736444056,0.17,0.869,8.12745498804715e-09,"Cd24a-201",8.12745498804715e-09,"Down"
1.07329442975449e-13,-4.00223156187648,0.021,0.66,8.24869701043517e-09,"Polr2a-201",8.24869701043517e-09,"Down"
1.09827441101885e-13,-3.15808987830364,0.064,0.712,8.44067815844425e-09,"Cpsf6-201",8.44067815844425e-09,"Down"
1.12066324514865e-13,-2.62594848042801,0.106,0.763,8.61274530426542e-09,"Pom121-201",8.61274530426542e-09,"Down"
1.17144609373381e-13,-2.24923426614202,0.128,0.776,9.00303180878181e-09,"Bptf-202",9.00303180878181e-09,"Down"
1.20000482599669e-13,-1.487001999854,0.277,0.922,9.22251708971497e-09,"Eef1g-201",9.22251708971497e-09,"Down"
1.20720836627867e-13,-1.84037724299135,0.191,0.911,9.27787917819809e-09,"Prrc2a-201",9.27787917819809e-09,"Down"
1.23688173235308e-13,-3.0772993063532,0.043,0.692,9.50593086582638e-09,"Brd3-201",9.50593086582638e-09,"Down"
1.24358016203363e-13,-1.65674025665419,0.277,0.91,9.55741097729329e-09,"Srsf1-205",9.55741097729329e-09,"Down"
1.33924419161972e-13,-3.94081743080868,0.021,0.657,1.02926273102742e-08,"Ilf2-201",1.02926273102742e-08,"Down"
1.36591550076612e-13,-2.18749449172756,0.17,0.818,1.04976069895879e-08,"Ep400-204",1.04976069895879e-08,"Down"
1.45041785789588e-13,-2.26306475443316,0.149,0.791,1.1147041405073e-08,"Smarca4-204",1.1147041405073e-08,"Down"
1.45531437231638e-13,-3.87206118821906,0.064,0.685,1.11846730770003e-08,"Zbed6-201",1.11846730770003e-08,"Down"
1.93781902584789e-13,-6.67968555380439,0,0.617,1.48929143412513e-08,"Dusp6-201",1.48929143412513e-08,"Down"
1.97981714933642e-13,-3.82675492516098,0.043,0.668,1.52156867195101e-08,"Zfp207-201",1.52156867195101e-08,"Down"
2.05685515979016e-13,-2.05440513949499,0.106,0.771,1.58077546450513e-08,"Epb41-203",1.58077546450513e-08,"Down"
2.16724648251881e-13,-1.49707156942656,0.17,0.891,1.66561561167501e-08,"Polr2m-201",1.66561561167501e-08,"Down"
2.30864668501073e-13,-2.2445318338377,0.085,0.729,1.77428732329815e-08,"Kat6a-202",1.77428732329815e-08,"Down"
2.45051860992161e-13,-1.46301262238402,0.085,0.754,1.88332157246916e-08,"Tut4-202",1.88332157246916e-08,"Down"
2.49719752726962e-13,-2.11535277615515,0.149,0.801,1.91919618760779e-08,"Ttc3-201",1.91919618760779e-08,"Down"
2.76749444885701e-13,-2.19287255149738,0.213,0.832,2.12693018372457e-08,"Eif4g1-202",2.12693018372457e-08,"Down"
2.77099579580412e-13,-1.39630823947528,0.319,0.936,2.1296211089073e-08,"Smarce1-201",2.1296211089073e-08,"Down"
2.81699626414238e-13,-1.26849666666283,0.447,0.981,2.16497430884399e-08,"Pabpc1-201",2.16497430884399e-08,"Down"
2.93639393755944e-13,-2.1995533246257,0.064,0.729,2.25673619677193e-08,"Dpysl2-201",2.25673619677193e-08,"Down"
3.04073791655564e-13,-1.72630933914465,0.298,0.897,2.33692871838967e-08,"Sf3b1-201",2.33692871838967e-08,"Down"
3.06905381538882e-13,-2.69293798757161,0.064,0.713,2.35869061927892e-08,"Brd3-202",2.35869061927892e-08,"Down"
3.25965915826847e-13,-2.29055639107519,0.064,0.695,2.50517844949565e-08,"Ckap5-203",2.50517844949565e-08,"Down"
3.45482173896133e-13,-2.22936171619555,0.191,0.822,2.65516869926134e-08,"Zfhx3-201",2.65516869926134e-08,"Down"
3.58932981946219e-13,-2.43902962154879,0.064,0.715,2.75854353944947e-08,"Uhrf1-201",2.75854353944947e-08,"Down"
3.68544956856162e-13,-1.72966892477101,0.277,0.896,2.83241541142235e-08,"Numa1-201",2.83241541142235e-08,"Down"
3.82478498014469e-13,-4.09917827987828,0.021,0.639,2.9395002486404e-08,"Aff3-202",2.9395002486404e-08,"Down"
4.12639109420114e-13,-1.65858588543407,0.17,0.846,3.17129661153735e-08,"Ddx6-203",3.17129661153735e-08,"Down"
4.5137707471798e-13,-1.98824269254382,0.319,0.84,3.46901337003756e-08,"Hnrnpa1-204",3.46901337003756e-08,"Down"
4.57708037697889e-13,-1.77522843962793,0.106,0.798,3.51766935292335e-08,"Rest-201",3.51766935292335e-08,"Down"
4.81729411148436e-13,-1.01376423120487,0.191,0.908,3.70228321644019e-08,"Baz1b-201",3.70228321644019e-08,"Down"
4.87510552618529e-13,-2.25327812142318,0.043,0.684,3.74671360109444e-08,"Pgk1-201",3.74671360109444e-08,"Down"
5.80098142202765e-13,-4.39997227681379,0.021,0.628,4.45828626208513e-08,"Tcf12-220",4.45828626208513e-08,"Down"
6.08399257876119e-13,-1.64777146632955,0.043,0.66,4.67579165648112e-08,"Zfp292-201",4.67579165648112e-08,"Down"
6.20016038473457e-13,-2.01022351904236,0.191,0.827,4.76507126208391e-08,"Dhx9-201",4.76507126208391e-08,"Down"
6.35072563253966e-13,-2.90794270875566,0.085,0.712,4.88078667763203e-08,"Ranbp2-201",4.88078667763203e-08,"Down"
7.15647559113212e-13,-1.66305915998113,0.106,0.787,5.50003775080868e-08,"Vezf1-201",5.50003775080868e-08,"Down"
7.40361126976797e-13,-1.34805767654665,0.213,0.935,5.68997140526748e-08,"Fscn1-201",5.68997140526748e-08,"Down"
7.58235979544191e-13,-4.92382251217603,0,0.598,5.82734679718892e-08,"Rbmx-202",5.82734679718892e-08,"Down"
7.77215152098299e-13,-1.57785323623965,0.191,0.847,5.97320932993626e-08,"Smarca4-202",5.97320932993626e-08,"Down"
7.7984851053288e-13,-1.75409779657511,0.404,0.871,5.9934477428494e-08,"Nedd4-212",5.9934477428494e-08,"Down"
7.87863141805319e-13,-1.49696373624465,0.106,0.763,6.0550433900306e-08,"Birc6-202",6.0550433900306e-08,"Down"
8.47873113558483e-13,-4.97658178184764,0,0.597,6.51624402694237e-08,"Tcf4-202",6.51624402694237e-08,"Down"
8.47873113558483e-13,-5.10962342138447,0,0.597,6.51624402694237e-08,"Ipo9-208",6.51624402694237e-08,"Down"
8.74031016679674e-13,-2.85299718299457,0.085,0.715,6.71727797558997e-08,"Eif4e-201",6.71727797558997e-08,"Down"
8.74434706634199e-13,-3.7936926128605,0.064,0.674,6.72038049436647e-08,"Macf1-203",6.72038049436647e-08,"Down"
8.82223244347501e-13,-2.31299994436917,0.064,0.707,6.78023852210828e-08,"Trp53bp1-202",6.78023852210828e-08,"Down"
9.22610656280857e-13,-1.34668416237937,0.17,0.846,7.0906319377809e-08,"Ptp4a1-206",7.0906319377809e-08,"Down"
9.53375468768314e-13,-1.64403785013663,0.064,0.685,7.327071827672e-08,"Rbmxl1-201",7.327071827672e-08,"Down"
9.79157518670355e-13,-2.01253505133034,0.213,0.852,7.52521719398915e-08,"Tardbp-202",7.52521719398915e-08,"Down"
1.01123197572312e-12,-3.79432475519933,0.043,0.645,7.77172222622249e-08,"Kmt2a-201",7.77172222622249e-08,"Down"
1.01646332936366e-12,-3.52779260842141,0.064,0.667,7.81192727149149e-08,"Ccnd2-201",7.81192727149149e-08,"Down"
1.04151573812402e-12,-2.81088279182603,0.021,0.636,8.00446505377834e-08,"Srsf3-202",8.00446505377834e-08,"Down"
1.0635939285532e-12,-1.33274949097503,0.17,0.844,8.17414477850274e-08,"Ptp4a1-204",8.17414477850274e-08,"Down"
1.15528632003808e-12,-2.21479169670755,0.213,0.813,8.87883748402062e-08,"Pcm1-204",8.87883748402062e-08,"Down"
1.18341494334228e-12,-6.12954248855674,0,0.592,9.09501720556274e-08,"Hdgfl3-202",9.09501720556274e-08,"Down"
1.2285289521307e-12,-3.10478490551377,0.021,0.632,9.44173640870527e-08,"Ipo9-206",9.44173640870527e-08,"Down"
1.24421296992851e-12,-2.36498013680892,0.106,0.754,9.5622743590886e-08,"Prpf40a-201",9.5622743590886e-08,"Down"
1.2836137036226e-12,-1.73199470253703,0.149,0.805,9.86508475782114e-08,"Srsf2-201",9.86508475782114e-08,"Down"
1.35346122367371e-12,-4.05756476003455,0.021,0.625,1.04018908884219e-07,"Gpatch8-206",1.04018908884219e-07,"Down"
1.37917449298967e-12,-2.39877355645359,0.17,0.783,1.05995076484228e-07,"Ptbp1-206",1.05995076484228e-07,"Down"
1.39367927910746e-12,-4.32227101735166,0.021,0.618,1.07109827316525e-07,"Rbbp6-202",1.07109827316525e-07,"Down"
1.39564487771948e-12,-1.17310977961384,0.532,1,1.07260891432253e-07,"Ywhae-201",1.07260891432253e-07,"Down"
1.42330300843386e-12,-1.72129789349408,0.234,0.864,1.09386529410176e-07,"Tnpo1-202",1.09386529410176e-07,"Down"
1.49798314375713e-12,-1.30027678198767,0.34,0.949,1.15125996530311e-07,"Ddx3x-201",1.15125996530311e-07,"Down"
1.50026608742428e-12,-2.88746827919564,0.106,0.707,1.15301449882906e-07,"Wnk1-203",1.15301449882906e-07,"Down"
1.57347117338138e-12,-2.43273303458264,0.085,0.715,1.20927553559053e-07,"Ipo7-201",1.20927553559053e-07,"Down"
1.86925084444001e-12,-2.41747117947663,0.191,0.78,1.43659404398593e-07,"Eif4g1-203",1.43659404398593e-07,"Down"
1.98633252461017e-12,-2.01399516149431,0.191,0.805,1.5265759984639e-07,"Zfhx3-204",1.5265759984639e-07,"Down"
2.00806106557889e-12,-2.19673220758237,0.085,0.724,1.54327525134e-07,"Ncoa6-203",1.54327525134e-07,"Down"
2.02275939503309e-12,-2.9573544861221,0.043,0.653,1.55457150545873e-07,"Gtf2i-203",1.55457150545873e-07,"Down"
2.05078801590287e-12,-4.83608092252688,0,0.584,1.576112621742e-07,"Rbmx-203",1.576112621742e-07,"Down"
2.08159384670826e-12,-2.94095785929102,0.106,0.723,1.59978813494916e-07,"Macf1-212",1.59978813494916e-07,"Down"
2.13032706563169e-12,-2.80732106644481,0.021,0.625,1.63724156302058e-07,"Acat2-201",1.63724156302058e-07,"Down"
2.25089722412121e-12,-1.83798269428434,0.213,0.849,1.72990455262611e-07,"Ep400-201",1.72990455262611e-07,"Down"
2.38101437078271e-12,-2.60577103582472,0.064,0.684,1.82990478452134e-07,"Api5-201",1.82990478452134e-07,"Down"
2.44265385015986e-12,-1.58169925665111,0.277,0.927,1.87727719000186e-07,"Ankrd11-202",1.87727719000186e-07,"Down"
2.5039215653059e-12,-4.44151869055605,0.021,0.601,1.9243638798002e-07,"Stag2-203",1.9243638798002e-07,"Down"
2.51621232310432e-12,-1.7110430129431,0.213,0.855,1.93380981879859e-07,"Smc1a-201",1.93380981879859e-07,"Down"
2.53585405186922e-12,-1.58965067563282,0.064,0.682,1.94890527302357e-07,"U2af2-201",1.94890527302357e-07,"Down"
2.59117596296303e-12,-2.54569412152121,0.064,0.687,1.99142237457561e-07,"Sulf2-207",1.99142237457561e-07,"Down"
2.61236840904128e-12,-2.48873036302512,0.106,0.727,2.00770961708459e-07,"Xpo1-202",2.00770961708459e-07,"Down"
2.69120718203304e-12,-1.99196522566402,0.489,0.896,2.06830036767967e-07,"Hnrnpa1-202",2.06830036767967e-07,"Down"
2.73006180336548e-12,-2.44475815029055,0.106,0.729,2.0981616983585e-07,"Dbn1-201",2.0981616983585e-07,"Down"
2.80192838620562e-12,-2.13842048315408,0.085,0.696,2.15339404193447e-07,"Kat6a-204",2.15339404193447e-07,"Down"
2.89328653881712e-12,-1.77948035610748,0.298,0.88,2.22360643654251e-07,"Hnrnph1-201",2.22360643654251e-07,"Down"
2.95593066269582e-12,-3.7353197021418,0.043,0.631,2.27175095150824e-07,"Kmt2a-202",2.27175095150824e-07,"Down"
3.09873290612472e-12,-2.37270067579183,0.085,0.706,2.38150018767309e-07,"Qser1-201",2.38150018767309e-07,"Down"
3.14596711632936e-12,-2.72633316688437,0.149,0.743,2.41780156758377e-07,"Ptbp1-216",2.41780156758377e-07,"Down"
3.18882323182713e-12,-1.89233713969291,0.128,0.773,2.45073820658842e-07,"Tcf3-210",2.45073820658842e-07,"Down"
3.28887634820505e-12,-2.16427445105724,0.085,0.718,2.52763302864951e-07,"Ncoa6-201",2.52763302864951e-07,"Down"
3.31043801555933e-12,1.1893205200879,0.979,0.857,2.54420403247797e-07,"Hnrnpab-203",2.54420403247797e-07,"Up"
3.39018602049779e-12,-2.64820631010423,0.085,0.702,2.60549356419337e-07,"Cdh11-201",2.60549356419337e-07,"Down"
3.56053151460078e-12,-2.97633249259074,0.085,0.679,2.73641089023129e-07,"Tenm3-201",2.73641089023129e-07,"Down"
4.108758168184e-12,-2.7226042081764,0.064,0.668,3.15774500257613e-07,"Bod1l-204",3.15774500257613e-07,"Down"
4.1687800678492e-12,-2.32456672254125,0.064,0.678,3.20387423334483e-07,"Ncor1-201",3.20387423334483e-07,"Down"
4.46350394857296e-12,-2.0202986669937,0.043,0.656,3.43038132463627e-07,"Ppp1r10-202",3.43038132463627e-07,"Down"
4.46350394857296e-12,-2.0202986669937,0.043,0.656,3.43038132463627e-07,"Ppp1r10-201",3.43038132463627e-07,"Down"
4.7822210841679e-12,-2.72744047411559,0.021,0.614,3.6753281920264e-07,"Srsf4-201",3.6753281920264e-07,"Down"
4.94288577697731e-12,-1.39617683213043,0.17,0.812,3.79880543503814e-07,"Scaf11-201",3.79880543503814e-07,"Down"
5.04916216166744e-12,-1.28204463267809,0.319,0.922,3.8804830877279e-07,"Ywhaq-202",3.8804830877279e-07,"Down"
5.43301177190647e-12,-2.28634509919412,0.043,0.65,4.175486867181e-07,"Trp53bp1-201",4.175486867181e-07,"Down"
6.16435296555436e-12,-1.53031879437373,0.149,0.807,4.73755182814715e-07,"Tcf3-202",4.73755182814715e-07,"Down"
6.5160362963548e-12,-1.27799101319044,0.106,0.737,5.00783453520052e-07,"Birc6-213",5.00783453520052e-07,"Down"
6.68015596312905e-12,-2.68422836109616,0.064,0.662,5.1339670639032e-07,"Bod1l-201",5.1339670639032e-07,"Down"
6.69426333113953e-12,-1.21269305309847,0.106,0.737,5.14480914051398e-07,"Birc6-218",5.14480914051398e-07,"Down"
6.75306016287163e-12,-3.6497526911395,0.021,0.604,5.18999685757336e-07,"Zc3h7b-201",5.18999685757336e-07,"Down"
6.81841381740217e-12,-1.73833028250534,0.128,0.748,5.24022375522627e-07,"Cbx5-202",5.24022375522627e-07,"Down"
7.2911523876715e-12,-3.18431814198349,0.128,0.696,5.60354225602106e-07,"Map1b-201",5.60354225602106e-07,"Down"
7.449812779666e-12,-5.81511048325053,0,0.565,5.72547911368451e-07,"Robo1-201",5.72547911368451e-07,"Down"
7.718789057851e-12,-1.99539956178707,0.213,0.774,5.93219814252081e-07,"Hmga2-203",5.93219814252081e-07,"Down"
8.73425283139891e-12,-2.93326318680116,0.043,0.636,6.71262267104332e-07,"Sf3a1-201",6.71262267104332e-07,"Down"
8.91452069362758e-12,-2.16203105533946,0.128,0.732,6.85116573388054e-07,"Prrc2b-202",6.85116573388054e-07,"Down"
9.36935161099798e-12,-1.93430707040483,0.128,0.749,7.20072148711639e-07,"Hnrnpr-207",7.20072148711639e-07,"Down"
9.64483714778012e-12,-2.02912674408849,0.149,0.776,7.41244314155493e-07,"Syncrip-201",7.41244314155493e-07,"Down"
9.89867740134058e-12,-2.43203349067048,0.085,0.69,7.60752953002629e-07,"Arid1a-202",7.60752953002629e-07,"Down"
1.00538389489983e-11,-2.33407062978071,0.149,0.749,7.72677738586314e-07,"Hnrnpm-206",7.72677738586314e-07,"Down"
1.03791242209515e-11,-1.86197691027753,0.149,0.779,7.97677212877005e-07,"Foxp4-204",7.97677212877005e-07,"Down"
1.07957440062201e-11,-1.85837002201045,0.128,0.727,8.29696109854039e-07,"Ep300-201",8.29696109854039e-07,"Down"
1.11155249084539e-11,-2.65655331858402,0.021,0.601,8.54272551314313e-07,"Dock1-201",8.54272551314313e-07,"Down"
1.16894500996677e-11,-3.85613989798375,0.021,0.597,8.98380997959865e-07,"Capn6-201",8.98380997959865e-07,"Down"
1.19111181243192e-11,-4.23245259375586,0.021,0.579,9.15417072326425e-07,"Stag2-202",9.15417072326425e-07,"Down"
1.26397175034771e-11,-3.18843235102814,0.043,0.626,9.71412849012232e-07,"Usp1-202",9.71412849012232e-07,"Down"
1.27804202702032e-11,-2.10140453236102,0.213,0.785,9.82226419446194e-07,"Pcm1-201",9.82226419446194e-07,"Down"
1.31241531586739e-11,-1.32987760656534,0.085,0.723,1.00864366685673e-06,"Nup153-201",1.00864366685673e-06,"Down"
1.37897073176886e-11,-1.06666298761527,0.085,0.704,1.05979416619364e-06,"Sulf2-201",1.05979416619364e-06,"Down"
1.39841817928816e-11,-2.14474988121696,0.128,0.717,1.07474030751013e-06,"Gnb1-201",1.07474030751013e-06,"Down"
1.40703987243977e-11,-2.39497556182179,0.085,0.667,1.08136642356486e-06,"Amotl2-211",1.08136642356486e-06,"Down"
1.47163599631919e-11,-2.09003380760943,0.128,0.724,1.13101112861115e-06,"Scaf11-202",1.13101112861115e-06,"Down"
1.54562077765467e-11,-3.69692339720673,0.021,0.59,1.18787139245872e-06,"Uhrf1-203",1.18787139245872e-06,"Down"
1.59580056707824e-11,-2.13000468825033,0.064,0.665,1.22643656782231e-06,"Uhrf1-204",1.22643656782231e-06,"Down"
1.61892039561863e-11,-1.73128366285018,0.064,0.646,1.24420508084874e-06,"Hmgb3-203",1.24420508084874e-06,"Down"
1.77280474625321e-11,-2.01264639138396,0.128,0.732,1.36247135968544e-06,"Rtn4-205",1.36247135968544e-06,"Down"
1.80572656772633e-11,-1.69186367908429,0.149,0.782,1.38777309636039e-06,"Ssrp1-209",1.38777309636039e-06,"Down"
1.81306839569172e-11,-1.70849621184334,0.106,0.715,1.39341558482492e-06,"Epb41-208",1.39341558482492e-06,"Down"
1.89349667390756e-11,-1.53554886534068,0.085,0.681,1.45522793376492e-06,"Hmgb3-202",1.45522793376492e-06,"Down"
1.90966197353747e-11,-1.46056515659656,0.574,0.978,1.46765161314249e-06,"Npm1-201",1.46765161314249e-06,"Down"
1.92874255833004e-11,-2.10693344791421,0.106,0.702,1.48231580577897e-06,"Chd3-202",1.48231580577897e-06,"Down"
1.93655177636138e-11,-4.45507491634917,0.021,0.572,1.48831750220478e-06,"Zfp292-202",1.48831750220478e-06,"Down"
1.95483218136255e-11,-1.0952357338581,0.106,0.723,1.50236672466437e-06,"Birc6-204",1.50236672466437e-06,"Down"
1.97662155630571e-11,-2.39522668895788,0.085,0.684,1.51911273088319e-06,"Sox9-201",1.51911273088319e-06,"Down"
2.14045958578844e-11,-1.17298118355573,0.17,0.807,1.64502881006185e-06,"Setd2-201",1.64502881006185e-06,"Down"
2.14322121622308e-11,-1.72047660046839,0.128,0.749,1.64715123351608e-06,"Tcf3-201",1.64715123351608e-06,"Down"
2.14966606014533e-11,-1.40079917323997,0.106,0.724,1.65210435386409e-06,"Septin7-201",1.65210435386409e-06,"Down"
2.23743435887171e-11,-1.25096607196426,0.128,0.743,1.71955780216727e-06,"Dhx15-201",1.71955780216727e-06,"Down"
2.25815950502852e-11,-4.28059432842757,0.021,0.576,1.73548590599462e-06,"Tcf12-207",1.73548590599462e-06,"Down"
2.25951546319311e-11,-1.82225511426499,0.404,0.86,1.73652801408243e-06,"Prrc2c-202",1.73652801408243e-06,"Down"
2.26377044100047e-11,-1.53032358279306,0.17,0.774,1.7397981347265e-06,"Ppp1cb-201",1.7397981347265e-06,"Down"
2.34469657102921e-11,-5.99610286864881,0,0.548,1.80199310269879e-06,"Tnks2-201",1.80199310269879e-06,"Down"
2.39278806374119e-11,-2.07448053013678,0.064,0.667,1.83895333850765e-06,"Tns3-205",1.83895333850765e-06,"Down"
2.47241119613811e-11,-1.2735647373191,0.085,0.698,1.90014690067998e-06,"Uba1-202",1.90014690067998e-06,"Down"
2.55109088484948e-11,-4.73792156943155,0.021,0.573,1.96061538864222e-06,"Fat4-201",1.96061538864222e-06,"Down"
2.60386937009498e-11,-2.38041781996784,0.085,0.679,2.0011777656928e-06,"Actn1-201",2.0011777656928e-06,"Down"
2.66763996599499e-11,-1.43315780800887,0.106,0.724,2.05018801946579e-06,"Cct4-204",2.05018801946579e-06,"Down"
2.67785128127728e-11,-1.6285207490364,0.17,0.794,2.05803582371284e-06,"Trip12-206",2.05803582371284e-06,"Down"
2.67911028981199e-11,-1.48238278231062,0.277,0.902,2.05900342213211e-06,"Ankrd11-203",2.05900342213211e-06,"Down"
2.8762631182885e-11,-1.43690201271949,0.17,0.818,2.21052325692944e-06,"Tcf3-209",2.21052325692944e-06,"Down"
3.16336005522143e-11,-1.77382717014199,0.085,0.69,2.43116873683987e-06,"Spen-201",2.43116873683987e-06,"Down"
3.18678577204562e-11,-5.48380408056425,0,0.544,2.44917233724794e-06,"Ttc28-206",2.44917233724794e-06,"Down"
3.18678577204562e-11,-5.37245504973435,0,0.544,2.44917233724794e-06,"Rev3l-201",2.44917233724794e-06,"Down"
3.2510370396382e-11,-1.40963342976336,0.085,0.679,2.49855200644354e-06,"Sptan1-201",2.49855200644354e-06,"Down"
3.33982036256418e-11,-1.36868828933944,0.106,0.713,2.56678554144508e-06,"Qser1-202",2.56678554144508e-06,"Down"
3.34259691835999e-11,-1.38385161309159,0.362,0.925,2.56891943563639e-06,"Thrap3-201",2.56891943563639e-06,"Down"
3.35110423491899e-11,-1.84823711520149,0.191,0.787,2.57545764870464e-06,"Hnrnpdl-201",2.57545764870464e-06,"Down"
3.36839804913175e-11,-2.32321994271297,0.064,0.651,2.58874863667972e-06,"Scd2-201",2.58874863667972e-06,"Down"
3.54097397635236e-11,-2.02142425497394,0.043,0.623,2.72138013978585e-06,"Mdk-201",2.72138013978585e-06,"Down"
3.63339858898577e-11,-3.0045857234792,0.043,0.611,2.79241215157913e-06,"Gtf2i-210",2.79241215157913e-06,"Down"
3.64342388476175e-11,-1.57699367159482,0.234,0.829,2.80011699239479e-06,"Tnpo1-201",2.80011699239479e-06,"Down"
3.78514414380081e-11,-1.55058485551114,0.064,0.65,2.90903468027667e-06,"Dnmt3a-218",2.90903468027667e-06,"Down"
3.79941072298036e-11,-2.76382531738094,0.021,0.583,2.91999911703932e-06,"Igf2bp2-202",2.91999911703932e-06,"Down"
3.80538863212134e-11,-2.31440631082582,0.064,0.648,2.92459337933054e-06,"Pds5a-209",2.92459337933054e-06,"Down"
3.86383808516368e-11,-1.55219082810808,0.149,0.751,2.96951412197169e-06,"Amotl2-201",2.96951412197169e-06,"Down"
3.98698942058059e-11,-2.14506656877051,0.064,0.654,3.064160849293e-06,"Vcl-201",3.064160849293e-06,"Down"
4.03549288195224e-11,-1.7358059890935,0.128,0.751,3.10143769949557e-06,"Sp3-202",3.10143769949557e-06,"Down"
4.0462533843661e-11,-2.14405684998179,0.128,0.702,3.10970757602072e-06,"Gnb1-202",3.10970757602072e-06,"Down"
4.18461261261472e-11,-1.67395702745162,0.277,0.807,3.21604217729892e-06,"Csnk1a1-204",3.21604217729892e-06,"Down"
4.20053206686356e-11,-3.48357968968037,0.043,0.593,3.22827691466732e-06,"Hmgb3-201",3.22827691466732e-06,"Down"
4.23961252271653e-11,-2.73400421333952,0.085,0.65,3.25831180820856e-06,"Mcm3-201",3.25831180820856e-06,"Down"
4.26996329040547e-11,-2.17479531180402,0.064,0.654,3.28163758720822e-06,"Pum2-209",3.28163758720822e-06,"Down"
4.32063140132784e-11,-4.95582533893692,0,0.539,3.3205780571765e-06,"Zfp644-204",3.3205780571765e-06,"Down"
4.38372352260319e-11,-1.49812110953163,0.106,0.723,3.36906687606145e-06,"Akap9-201",3.36906687606145e-06,"Down"
4.38446217920286e-11,-2.22844567146297,0.191,0.757,3.36963456320456e-06,"Bclaf1-202",3.36963456320456e-06,"Down"
4.56297157419251e-11,-3.54256366626166,0.021,0.575,3.50682617362991e-06,"Zc3h14-204",3.50682617362991e-06,"Down"
4.72932948038348e-11,-2.69250415805491,0.021,0.579,3.63467887885392e-06,"Ash1l-201",3.63467887885392e-06,"Down"
4.7591151339217e-11,-2.38766373819486,0.128,0.696,3.65757034502418e-06,"Crebbp-205",3.65757034502418e-06,"Down"
4.77941975367703e-11,-6.10300526353464,0,0.537,3.67317525749094e-06,"Six4-201",3.67317525749094e-06,"Down"
5.16283282237229e-11,-2.22704746311189,0.191,0.748,3.967843537306e-06,"Eif4g1-206",3.967843537306e-06,"Down"
5.67486428418465e-11,-1.42273751725959,0.34,0.933,4.36136019696727e-06,"Ewsr1-203",4.36136019696727e-06,"Down"
5.7831939924529e-11,-4.44837708651002,0.021,0.562,4.44461591095975e-06,"Tcf12-217",4.44461591095975e-06,"Down"
6.12240662644151e-11,-1.20727136091172,0.468,0.975,4.70531438868536e-06,"Ddb1-201",4.70531438868536e-06,"Down"
6.27111198583989e-11,-2.45768657451335,0.043,0.606,4.81960040559739e-06,"Gtf2i-201",4.81960040559739e-06,"Down"
6.45881233561294e-11,-4.76098780500581,0,0.533,4.96385563241197e-06,"Rbmx-201",4.96385563241197e-06,"Down"
6.5659143585745e-11,-1.24465776554431,0.128,0.757,5.04616782113885e-06,"Copb2-201",5.04616782113885e-06,"Down"
6.61657439035346e-11,-2.00738997633556,0.064,0.632,5.08510208196225e-06,"Hnrnpc-205",5.08510208196225e-06,"Down"
6.62977424400094e-11,-1.83789059492867,0.234,0.818,5.09524669748448e-06,"Son-203",5.09524669748448e-06,"Down"
6.63422124685967e-11,-3.03408435002532,0.043,0.603,5.09866439706153e-06,"Usp1-201",5.09866439706153e-06,"Down"
7.20247429390865e-11,-3.18272172080015,0.021,0.57,5.53538959384055e-06,"Cep170-215",5.53538959384055e-06,"Down"
7.91008884515717e-11,-3.17760218670159,0.043,0.598,6.07921968105709e-06,"Smg7-202",6.07921968105709e-06,"Down"
8.00513621836031e-11,-1.78726353598563,0.234,0.816,6.15226738925863e-06,"Son-202",6.15226738925863e-06,"Down"
8.06194728140427e-11,1.30096078081388,0.894,0.986,6.19592896365044e-06,"Set-201",6.19592896365044e-06,"Up"
8.83151587018067e-11,-1.37529978828806,0.149,0.773,6.78737320686865e-06,"Tcf3-208",6.78737320686865e-06,"Down"
8.96554401165932e-11,-4.23175991382732,0.021,0.548,6.89037919472065e-06,"Rai14-201",6.89037919472065e-06,"Down"
9.56141601846451e-11,-2.64621336606325,0.043,0.598,7.34833066683071e-06,"Gtf2i-222",7.34833066683071e-06,"Down"
9.61358489913909e-11,-4.67908578683883,0,0.526,7.38842453838436e-06,"Kdm4a-204",7.38842453838436e-06,"Down"
9.83434382894665e-11,-4.41690763218,0.021,0.547,7.55808660629866e-06,"Rai14-207",7.55808660629866e-06,"Down"
9.8592264212333e-11,-1.68655452643405,0.085,0.674,7.57720987377464e-06,"Spen-202",7.57720987377464e-06,"Down"
9.8692285741466e-11,-1.91532598144211,0.043,0.607,7.58489692837463e-06,"Zfp423-202",7.58489692837463e-06,"Down"
1.02367235637096e-10,-1.9227195330502,0.064,0.646,7.86733152765337e-06,"Tns3-206",7.86733152765337e-06,"Down"
1.02367235637096e-10,-1.92271953259063,0.064,0.646,7.86733152765337e-06,"Tns3-201",7.86733152765337e-06,"Down"
1.05762697926562e-10,-1.17195667785265,0.128,0.727,8.12828638644801e-06,"Amotl1-201",8.12828638644801e-06,"Down"
1.14794052817222e-10,-4.49415905467395,0.021,0.551,8.82238213521481e-06,"Hmga1b-201",8.82238213521481e-06,"Down"
1.17099565480603e-10,-4.71512500570713,0,0.523,8.99957000544623e-06,"Zfp644-205",8.99957000544623e-06,"Down"
1.18262676563915e-10,-1.59110896279076,0.128,0.732,9.08895974464313e-06,"Eprs-201",9.08895974464313e-06,"Down"
1.18532615866353e-10,-2.02516133657995,0.064,0.631,9.10970565979268e-06,"Ncor1-204",9.10970565979268e-06,"Down"
1.25473280667136e-10,-2.88188783141737,0.043,0.592,9.64312351239203e-06,"Fkbp3-203",9.64312351239203e-06,"Down"
1.25865587990595e-10,-2.33867818927044,0.064,0.639,9.67327389942918e-06,"Cltc-201",9.67327389942918e-06,"Down"
1.26877913123751e-10,-2.82676929949976,0.085,0.643,9.75107513521278e-06,"Pbrm1-207",9.75107513521278e-06,"Down"
1.27473212127158e-10,-1.38220590840881,0.149,0.766,9.79682624482063e-06,"Tcf3-204",9.79682624482063e-06,"Down"
1.2777879234238e-10,-1.67986699853117,0.064,0.621,9.8203113066813e-06,"Abce1-201",9.8203113066813e-06,"Down"
1.30326161827592e-10,-3.02915167867155,0.085,0.621,1.00160868410978e-05,"Stt3a-201",1.00160868410978e-05,"Down"
1.32333459903082e-10,-1.43988733989897,0.191,0.779,1.01703557273915e-05,"Ctnna1-201",1.01703557273915e-05,"Down"
1.3372756972731e-10,-1.64221550238436,0.17,0.748,1.02774986438227e-05,"Tcerg1-201",1.02774986438227e-05,"Down"
1.4998519855631e-10,-2.87230777664646,0.064,0.589,1.15269624498466e-05,"Ubap2l-201",1.15269624498466e-05,"Down"
1.54232572968507e-10,-1.9018399703825,0.255,0.826,1.18533901629216e-05,"Ss18-203",1.18533901629216e-05,"Down"
1.56001188639788e-10,-1.3345468367874,0.106,0.701,1.19893153517223e-05,"Tcf12-202",1.19893153517223e-05,"Down"
1.57107236765193e-10,-4.82317036228869,0,0.519,1.20743195743521e-05,"Meis2-205",1.20743195743521e-05,"Down"
1.58207335999398e-10,-1.78358342507542,0.043,0.601,1.21588666008977e-05,"Mdk-204",1.21588666008977e-05,"Down"
1.59235426929732e-10,-1.46137344263988,0.149,0.732,1.22378795012577e-05,"Amotl2-207",1.22378795012577e-05,"Down"
1.61702171551057e-10,-1.32615255646827,0.064,0.632,1.24274586923849e-05,"Eif2s3x-201",1.24274586923849e-05,"Down"
1.6548737977126e-10,-2.84078963547581,0.085,0.631,1.27183670849404e-05,"Pitrm1-207",1.27183670849404e-05,"Down"
1.67234670013122e-10,-1.98483258829905,0.106,0.692,1.28526533291885e-05,"Gja1-201",1.28526533291885e-05,"Down"
1.73186459569916e-10,-6.25704128557237,0,0.517,1.33100721637863e-05,"Col2a1-201",1.33100721637863e-05,"Down"
1.81024051638128e-10,-2.13570926936899,0.213,0.755,1.39124224645967e-05,"Ptn-201",1.39124224645967e-05,"Down"
1.85654401891869e-10,-2.99626281052701,0.064,0.611,1.42682834029977e-05,"Lrig3-201",1.42682834029977e-05,"Down"
1.9076636218124e-10,-1.43451552248263,0.064,0.636,1.4661157999077e-05,"Setbp1-201",1.4661157999077e-05,"Down"
1.9151033453513e-10,-1.92699554777899,0.085,0.653,1.47183352503628e-05,"Prkar1a-203",1.47183352503628e-05,"Down"
1.92267337719032e-10,-3.12607335901264,0.021,0.556,1.47765139730585e-05,"Arhgap5-204",1.47765139730585e-05,"Down"
1.95642645416543e-10,-1.95132922414929,0.234,0.793,1.5035919870843e-05,"Hnrnpd-211",1.5035919870843e-05,"Down"
2.11835221156463e-10,-3.32049983979755,0.021,0.551,1.62803840867588e-05,"Uhrf1-202",1.62803840867588e-05,"Down"
2.15623901924274e-10,-2.22573764828149,0.064,0.625,1.65715593584881e-05,"Qser1-203",1.65715593584881e-05,"Down"
2.15885192717344e-10,-2.85552974201243,0.043,0.578,1.65916406010987e-05,"Arid1a-201",1.65916406010987e-05,"Down"
2.17019306387188e-10,-1.12952208274445,0.447,0.984,1.66788017730809e-05,"H3f3a-205",1.66788017730809e-05,"Down"
2.31624006862127e-10,-4.10506335939485,0,0.512,1.78012314233819e-05,"Paip2-204",1.78012314233819e-05,"Down"
2.31624006862127e-10,-4.10506335939485,0,0.512,1.78012314233819e-05,"Paip2-205",1.78012314233819e-05,"Down"
2.31624006862127e-10,-4.71453618022034,0,0.512,1.78012314233819e-05,"Zfp644-201",1.78012314233819e-05,"Down"
2.32925967300205e-10,-4.51076064720688,0.021,0.536,1.790129229089e-05,"Slf2-201",1.790129229089e-05,"Down"
2.46153789305839e-10,4.25904352000268,0.404,0.115,1.89179033233109e-05,"Rhox9-201",1.89179033233109e-05,"Up"
2.49488928865342e-10,-2.21013752747037,0.085,0.648,1.9174222139017e-05,"Pbx1-208",1.9174222139017e-05,"Down"
2.49778802391696e-10,-1.21710662207521,0.234,0.835,1.91965000790114e-05,"Fat1-205",1.91965000790114e-05,"Down"
2.55062465950639e-10,-5.11106082002879,0,0.511,1.96025707581704e-05,"Phf6-201",1.96025707581704e-05,"Down"
2.55062465950639e-10,-4.64765791848201,0,0.511,1.96025707581704e-05,"Gjc1-203",1.96025707581704e-05,"Down"
2.5676269062437e-10,-1.56813998419029,0.298,0.816,1.97332398252453e-05,"Tuba1b-201",1.97332398252453e-05,"Down"
2.59814269102962e-10,-1.55813400735849,0.085,0.648,1.9967765837639e-05,"Igf2bp3-201",1.9967765837639e-05,"Down"
2.64996606448333e-10,-1.18367692833586,0.149,0.748,2.03660491919802e-05,"Fasn-201",2.03660491919802e-05,"Down"
2.68404050002803e-10,-2.36078864751592,0.298,0.738,2.06279248589154e-05,"Hnrnpk-232",2.06279248589154e-05,"Down"
2.69251260462629e-10,-2.12761364983811,0.149,0.676,2.06930363715949e-05,"Huwe1-202",2.06930363715949e-05,"Down"
2.69376072365692e-10,-1.66111892381683,0.149,0.704,2.07026286655929e-05,"Hdac2-201",2.07026286655929e-05,"Down"
2.7447566809954e-10,2.51337656703068,0.766,0.696,2.10945529961221e-05,"Sqstm1-202",2.10945529961221e-05,"Up"
2.79525181798949e-10,-1.12980302948322,0.085,0.656,2.14826283219765e-05,"Ddx46-203",2.14826283219765e-05,"Down"
2.80159175402388e-10,-1.4151782495211,0.213,0.807,2.15313532663751e-05,"Septin9-201",2.15313532663751e-05,"Down"
2.82040481702643e-10,-1.15392714746169,0.128,0.726,2.16759391807749e-05,"Tmem131-208",2.16759391807749e-05,"Down"
2.83505426496405e-10,-1.70730584266456,0.149,0.737,2.17885260479547e-05,"Actn4-201",2.17885260479547e-05,"Down"
2.86939637420471e-10,-2.59408308093512,0.085,0.623,2.20524588943128e-05,"Mcm3-202",2.20524588943128e-05,"Down"
2.87580140261087e-10,-1.59057642524496,0.106,0.684,2.21016840996256e-05,"Chd7-202",2.21016840996256e-05,"Down"
2.98668899072304e-10,-1.18128031949516,0.149,0.76,2.29538995693028e-05,"Ppp2ca-201",2.29538995693028e-05,"Down"
3.02899638598986e-10,-1.7163267350006,0.043,0.587,2.32790488248865e-05,"Iws1-201",2.32790488248865e-05,"Down"
3.21265695805021e-10,-2.37198290013491,0.043,0.581,2.4690553785399e-05,"Gtf2i-202",2.4690553785399e-05,"Down"
3.23288631628784e-10,-2.51407062738015,0.128,0.66,2.48460244951986e-05,"Hnrnpdl-202",2.48460244951986e-05,"Down"
3.30709189390255e-10,-2.9112034958207,0.021,0.547,2.54163240413987e-05,"Cep170-201",2.54163240413987e-05,"Down"
3.40062617218721e-10,-5.20776388780403,0,0.506,2.61351723837276e-05,"Rev3l-204",2.61351723837276e-05,"Down"
3.56506265472631e-10,-1.986820010614,0.064,0.623,2.73989325266336e-05,"Pum2-203",2.73989325266336e-05,"Down"
3.58578815640064e-10,-2.46129077807368,0.043,0.583,2.75582162972015e-05,"Erbin-203",2.75582162972015e-05,"Down"
3.60446441829896e-10,-2.46469923500049,0.085,0.628,2.77017508403948e-05,"Dhx15-207",2.77017508403948e-05,"Down"
3.72982502240364e-10,-1.86856786288445,0.085,0.646,2.8665197227181e-05,"Igf2bp2-206",2.8665197227181e-05,"Down"
3.74086270986423e-10,-5.81898044421238,0,0.505,2.87500262703906e-05,"Zfp266-202",2.87500262703906e-05,"Down"
3.74086270986423e-10,-4.77292638047705,0,0.505,2.87500262703906e-05,"Meis2-206",2.87500262703906e-05,"Down"
3.76567094445866e-10,-2.54869753157448,0.064,0.586,2.89406874765426e-05,"Akap11-201",2.89406874765426e-05,"Down"
3.78497910778484e-10,-1.80082460516632,0.021,0.547,2.90890784349696e-05,"Farp1-201",2.90890784349696e-05,"Down"
3.84633526973041e-10,-3.0300912202429,0.043,0.575,2.95606250819861e-05,"Srcap-207",2.95606250819861e-05,"Down"
3.84683563103052e-10,-1.90649786737503,0.043,0.586,2.95644705587219e-05,"Chd8-212",2.95644705587219e-05,"Down"
3.85255174984371e-10,-2.82051106021128,0.021,0.545,2.96084012182489e-05,"Camsap2-201",2.96084012182489e-05,"Down"
3.95030949577435e-10,-1.29463979993185,0.17,0.783,3.03597085988242e-05,"Tcf3-207",3.03597085988242e-05,"Down"
3.99642742181824e-10,-1.73745852696632,0.128,0.699,3.07141433076419e-05,"Lima1-202",3.07141433076419e-05,"Down"
4.04949653427239e-10,-3.10476124090821,0.043,0.567,3.1122000664497e-05,"Tro-202",3.1122000664497e-05,"Down"
4.09680078718708e-10,-1.92659109645323,0.043,0.57,3.14855527698476e-05,"Zfhx4-203",3.14855527698476e-05,"Down"
4.13268195352434e-10,-2.0592354209126,0.128,0.685,3.17613138856159e-05,"Brd4-201",3.17613138856159e-05,"Down"
4.21911117528175e-10,-1.59311288002832,0.277,0.864,3.24255570265103e-05,"Sf1-208",3.24255570265103e-05,"Down"
4.22847798048125e-10,-1.72400668628892,0.064,0.621,3.24975446711906e-05,"Ppp6r3-202",3.24975446711906e-05,"Down"
4.2603586911457e-10,-1.03860118464561,0.149,0.773,3.27425606849311e-05,"Pum2-202",3.27425606849311e-05,"Down"
4.3322447825901e-10,-1.53278408966146,0.043,0.583,3.32950340521179e-05,"Cnot2-203",3.32950340521179e-05,"Down"
4.33828354604424e-10,-3.73142655543592,0.021,0.536,3.33414443647684e-05,"Zdbf2-202",3.33414443647684e-05,"Down"
4.54653675941618e-10,-1.49118239047179,0.064,0.625,3.49419536108171e-05,"Smchd1-201",3.49419536108171e-05,"Down"
4.657793942022e-10,4.00943561912256,0.34,0.075,3.57970095620159e-05,"Actg1-205",3.57970095620159e-05,"Up"
4.68334303964162e-10,-2.68260283018934,0.043,0.576,3.59933645968617e-05,"Anapc1-201",3.59933645968617e-05,"Down"
4.70056499605838e-10,-1.61398351057193,0.298,0.827,3.6125722220707e-05,"Hnrnph1-203",3.6125722220707e-05,"Down"
5.01157495884206e-10,-3.00924163815063,0.043,0.569,3.85159581886848e-05,"Tasor2-201",3.85159581886848e-05,"Down"
5.01157495884206e-10,-3.30472721332853,0.043,0.569,3.85159581886848e-05,"Palld-203",3.85159581886848e-05,"Down"
5.13399828944134e-10,-3.36137860654381,0.043,0.565,3.94568304536725e-05,"Meis1-206",3.94568304536725e-05,"Down"
5.17708803389282e-10,-2.41878225203368,0.064,0.601,3.97879923756799e-05,"Atn1-201",3.97879923756799e-05,"Down"
5.20224999581811e-10,-1.29201789635055,0.298,0.868,3.99813721178605e-05,"Hdlbp-202",3.99813721178605e-05,"Down"
5.22943986656292e-10,1.11298896296415,0.957,1,4.01903371504827e-05,"Ftl1-201",4.01903371504827e-05,"Up"
5.30911170547686e-10,-2.45624368461424,0.064,0.589,4.08026471012719e-05,"Sh3bgrl-201",4.08026471012719e-05,"Down"
5.34034341024055e-10,-2.28039608361553,0.085,0.634,4.10426752450627e-05,"Nktr-201",4.10426752450627e-05,"Down"
5.44523629331764e-10,-1.49966277242247,0.106,0.676,4.18488190086634e-05,"Nap1l4-209",4.18488190086634e-05,"Down"
5.46396824251057e-10,-4.83223826193544,0,0.498,4.19927815309908e-05,"Tanc1-201",4.19927815309908e-05,"Down"
5.56816084535058e-10,-1.60821572429548,0.043,0.561,4.27935433608574e-05,"Rai14-202",4.27935433608574e-05,"Down"
5.6028873598527e-10,-1.88338699844294,0.064,0.615,4.30604305154119e-05,"Vcl-202",4.30604305154119e-05,"Down"
5.60706036605429e-10,-2.15204273284572,0.213,0.752,4.30925017372737e-05,"Cbx1-204",4.30925017372737e-05,"Down"
5.65235819383285e-10,-1.11356841175402,0.191,0.79,4.3440633662883e-05,"Srrm1-203",4.3440633662883e-05,"Down"
5.69513427909698e-10,-2.46609060644964,0.043,0.564,4.3769384988572e-05,"Nsa2-201",4.3769384988572e-05,"Down"
5.70783617930416e-10,-1.32291877260086,0.34,0.891,4.38670041724242e-05,"Calr-201",4.38670041724242e-05,"Down"
5.7549409970901e-10,-2.58069304221991,0.043,0.572,4.42290235390362e-05,"Brd3-210",4.42290235390362e-05,"Down"
5.99092696727415e-10,-1.09495117913871,0.128,0.715,4.60426701142888e-05,"Tmem131-201",4.60426701142888e-05,"Down"
6.00295290902225e-10,-5.79770313871381,0,0.497,4.61350942869996e-05,"Rhobtb3-201",4.61350942869996e-05,"Down"
6.00454933753124e-10,-1.50839518438546,0.17,0.729,4.61473634786626e-05,"Tcerg1-209",4.61473634786626e-05,"Down"
6.12781840829726e-10,-2.51140207283823,0.064,0.592,4.70947355951277e-05,"Epb41-202",4.70947355951277e-05,"Down"
6.12865990393403e-10,-1.3709005524994,0.149,0.723,4.71012028256946e-05,"ENSMUST00000249998.1",4.71012028256946e-05,"Down"
6.13155948418117e-10,-2.23505792578093,0.043,0.576,4.71234872597259e-05,"Igf2bp2-207",4.71234872597259e-05,"Down"
6.13155948418117e-10,-2.23505792540735,0.043,0.576,4.71234872597259e-05,"Igf2bp2-210",4.71234872597259e-05,"Down"
6.27094935783408e-10,-2.3119227105591,0.043,0.578,4.81947541946981e-05,"Rsl1d1-201",4.81947541946981e-05,"Down"
6.42808749895392e-10,-2.37185370105354,0.106,0.623,4.94024236644605e-05,"Dhx9-202",4.94024236644605e-05,"Down"
6.50870847000655e-10,-1.6658243731221,0.085,0.625,5.00220280753883e-05,"Ccnd1-201",5.00220280753883e-05,"Down"
6.75005020135301e-10,-1.90976958655576,0.149,0.695,5.18768358174784e-05,"Qrich1-201",5.18768358174784e-05,"Down"
6.84139942719651e-10,-1.34786210231965,0.106,0.664,5.25788911577761e-05,"Aplp2-209",5.25788911577761e-05,"Down"
7.01889298581585e-10,-3.89683413758229,0.021,0.525,5.39430001531891e-05,"Nf1-201",5.39430001531891e-05,"Down"
7.03949810754928e-10,-1.08210031250538,0.085,0.636,5.41013587557592e-05,"Sptan1-204",5.41013587557592e-05,"Down"
7.06257050150184e-10,-2.22334763174097,0.149,0.676,5.42786793322423e-05,"Top2a-201",5.42786793322423e-05,"Down"
7.12255813329379e-10,-1.09264060635352,0.298,0.938,5.47397082776161e-05,"Prdx1-204",5.47397082776161e-05,"Down"
7.29776626103061e-10,-1.23097644989143,0.149,0.74,5.60862528225246e-05,"Jmjd1c-206",5.60862528225246e-05,"Down"
7.33976218101837e-10,-1.74358925468334,0.021,0.536,5.64090082659986e-05,"Rif1-201",5.64090082659986e-05,"Down"
7.64145831569902e-10,-1.6918865270269,0.106,0.671,5.87276637394733e-05,"Prpf40a-211",5.87276637394733e-05,"Down"
7.75172686205372e-10,-1.28049019384437,0.298,0.899,5.95751216256276e-05,"Rad21-201",5.95751216256276e-05,"Down"
7.754579469582e-10,-2.36418036153686,0.043,0.553,5.95970450555255e-05,"Cnot3-201",5.95970450555255e-05,"Down"
7.83184399568165e-10,-1.45255078176725,0.17,0.766,6.01908538444118e-05,"Tcf3-206",6.01908538444118e-05,"Down"
7.93160473950419e-10,-2.05517377302428,0.064,0.598,6.09575550649855e-05,"Gspt1-201",6.09575550649855e-05,"Down"
8.18515395085043e-10,-1.17466741126676,0.255,0.815,6.29061821738659e-05,"Hmgcs1-201",6.29061821738659e-05,"Down"
8.59353240502415e-10,-1.43075399363955,0.085,0.651,6.60447339455726e-05,"Eif3e-204",6.60447339455726e-05,"Down"
8.68099756191438e-10,-1.71021585249962,0.277,0.816,6.67169386623368e-05,"Eno1-202",6.67169386623368e-05,"Down"
8.88445289867258e-10,-1.09494694595205,0.085,0.65,6.82805743074582e-05,"F2r-201",6.82805743074582e-05,"Down"
9.03242919122972e-10,-1.38527489285785,0.085,0.625,6.94178313062769e-05,"Hnrnph2-203",6.94178313062769e-05,"Down"
9.20118613174838e-10,-1.47275273256759,0.255,0.816,7.0714795896939e-05,"Hmgcs1-202",7.0714795896939e-05,"Down"
9.30746161101988e-10,-2.55361634961944,0.085,0.607,7.15315654653322e-05,"Lima1-201",7.15315654653322e-05,"Down"
9.57192465862474e-10,-4.93567353523495,0,0.489,7.35640697713946e-05,"Stox2-201",7.35640697713946e-05,"Down"
9.88047556632157e-10,-1.9671844228847,0.191,0.707,7.59354069174078e-05,"Eif4g1-201",7.59354069174078e-05,"Down"
9.93909811285057e-10,-2.96331163948576,0.064,0.576,7.63859446365018e-05,"Tro-203",7.63859446365018e-05,"Down"
9.98896294897046e-10,-2.68900403552926,0.064,0.576,7.67691758480176e-05,"Dlg5-203",7.67691758480176e-05,"Down"
1.010068821821e-09,-1.45196091672473,0.106,0.693,7.76278292322315e-05,"Kdm6b-201",7.76278292322315e-05,"Down"
1.01979536126499e-09,-3.46952475072849,0.021,0.526,7.83753526946597e-05,"Gpatch8-201",7.83753526946597e-05,"Down"
1.04300653564309e-09,-1.36451964791395,0.362,0.816,8.01592242903137e-05,"Hnrnpa1-201",8.01592242903137e-05,"Down"
1.05002165639997e-09,-5.12960170695906,0,0.488,8.06983643809633e-05,"Ttc28-201",8.06983643809633e-05,"Down"
1.05002165639997e-09,-5.91108670653629,0,0.488,8.06983643809633e-05,"Got2-201",8.06983643809633e-05,"Down"
1.05002165639997e-09,-4.47572707242582,0,0.488,8.06983643809633e-05,"Gjc1-202",8.06983643809633e-05,"Down"
1.09748697942198e-09,-2.41037351874107,0.043,0.561,8.43462643164968e-05,"Gtf2i-223",8.43462643164968e-05,"Down"
1.10445700168034e-09,-1.33952847761369,0.191,0.779,8.4881938407141e-05,"Eif5-202",8.4881938407141e-05,"Down"
1.12086894554766e-09,-1.96172806623221,0.191,0.706,8.61432619411198e-05,"Eif4g1-204",8.61432619411198e-05,"Down"
1.14420548936903e-09,-1.24834929838065,0.149,0.718,8.79367686799677e-05,"Cct3-208",8.79367686799677e-05,"Down"
1.15290205213877e-09,-1.60015969654915,0.234,0.785,8.86051343150727e-05,"Son-208",8.86051343150727e-05,"Down"
1.23350023044351e-09,-3.31538784506192,0.021,0.522,9.47994267105057e-05,"Phf21a-207",9.47994267105057e-05,"Down"
1.25174161731889e-09,-1.81272450951094,0.064,0.604,9.6201350257426e-05,"Irf2bpl-201",9.6201350257426e-05,"Down"
1.26261414239052e-09,-4.74398449198831,0,0.484,9.70369472992807e-05,"Tanc1-203",9.70369472992807e-05,"Down"
1.33073748238406e-09,-1.24186233649081,0.17,0.724,0.000102272498471144,"Ccar1-201",0.000102272498471144,"Down"
1.34032023639669e-09,-1.07318940065284,0.17,0.721,0.000103008971448031,"Atp5c1-202",0.000103008971448031,"Down"
1.34803878310529e-09,-1.56099552424765,0.106,0.673,0.000103602172636774,"Prrc2a-206",0.000103602172636774,"Down"
1.37054978771013e-09,-2.4459779750146,0.021,0.525,0.000105332233384674,"Mbd3-201",0.000105332233384674,"Down"
1.38402722580386e-09,-4.12851192979155,0,0.483,0.00010636802841193,"Cntrl-202",0.00010636802841193,"Down"
1.40569673914497e-09,-1.98017112435643,0.021,0.525,0.000108033417190248,"Mga-201",0.000108033417190248,"Down"
1.41016351899504e-09,-1.39677577994712,0.106,0.66,0.000108376707088844,"Dnaja1-210",0.000108376707088844,"Down"
1.45295217880363e-09,-1.23593015151391,0.17,0.737,0.000111665186749774,"Nsd1-201",0.000111665186749774,"Down"
1.46767432978195e-09,-1.79080306560635,0.17,0.707,0.000112796642941062,"Qrich1-202",0.000112796642941062,"Down"
1.47467269348286e-09,-1.38355040837714,0.234,0.818,0.000113334495184931,"Trip12-201",0.000113334495184931,"Down"
1.50337793477203e-09,-2.82055924624305,0.021,0.522,0.00011554060779897,"Cep170-212",0.00011554060779897,"Down"
1.51148997769131e-09,-1.10657716660757,0.149,0.706,0.000116164050745488,"Prpf38b-201",0.000116164050745488,"Down"
1.56613558880108e-09,-2.63009353078514,0.064,0.581,0.000120363784541718,"Sumo2-203",0.000120363784541718,"Down"
1.566798449973e-09,-1.58367682610022,0.34,0.852,0.000120414728074225,"Chd4-201",0.000120414728074225,"Down"
1.59683391882047e-09,-1.76328223580542,0.085,0.628,0.000122723073997028,"Arid1b-202",0.000122723073997028,"Down"
1.60457648556468e-09,-2.18285083197183,0.043,0.556,0.000123318121221588,"Gtf2i-219",0.000123318121221588,"Down"
1.60635618360789e-09,-2.74834903038932,0.021,0.52,0.000123454898135001,"Cnot2-212",0.000123454898135001,"Down"
1.6250142704434e-09,-1.06979635187999,0.213,0.824,0.000124888846740657,"Tcf20-201",0.000124888846740657,"Down"
1.62953189197588e-09,-2.86700186815422,0.064,0.572,0.000125236044025914,"Dst-201",0.000125236044025914,"Down"
1.66176502108042e-09,-4.63699231882434,0,0.48,0.000127713288930115,"Virma-202",0.000127713288930115,"Down"
1.671705258969e-09,-2.06874072024811,0.021,0.522,0.000128477235972803,"Nrep-203",0.000128477235972803,"Down"
1.72411070172839e-09,-3.21580014335686,0.043,0.534,0.000132504803870634,"Adnp-202",0.000132504803870634,"Down"
1.7434884381231e-09,-2.12810348033581,0.043,0.558,0.000133994060423512,"Eif5a-201",0.000133994060423512,"Down"
1.76448358152937e-09,-1.01768067405971,0.149,0.745,0.000135607621174858,"Sumo1-201",0.000135607621174858,"Down"
1.77155091882019e-09,-2.12589289218607,0.064,0.59,0.000136150774315007,"Pds5b-201",0.000136150774315007,"Down"
1.81768509769224e-09,-2.05476025345226,0.191,0.718,0.000139696370498039,"Ddx39b-203",0.000139696370498039,"Down"
1.85892201758198e-09,-2.12715573457036,0.085,0.62,0.000142865592739245,"Foxp4-202",0.000142865592739245,"Down"
1.87498178983674e-09,-1.88906388177457,0.043,0.559,0.000144099850476113,"Sin3a-208",0.000144099850476113,"Down"
1.90474721768986e-09,-3.20219485525213,0.043,0.533,0.000146387442668336,"Adnp-201",0.000146387442668336,"Down"
1.99326874086356e-09,-5.07129116096318,0,0.477,0.000153190675810328,"Fam193a-202",0.000153190675810328,"Down"
1.99326874086356e-09,-3.08922530234237,0,0.477,0.000153190675810328,"Prom1-203",0.000153190675810328,"Down"
1.99693436098938e-09,-1.13751543194191,0.234,0.843,0.000153472393379478,"Igfbp4-201",0.000153472393379478,"Down"
2.02483001150228e-09,-2.64996322974254,0.043,0.551,0.000155616285703996,"Rnf20-210",0.000155616285703996,"Down"
2.03411983885459e-09,-1.58521815056777,0.106,0.657,0.00015633024609533,"Prpf40a-208",0.00015633024609533,"Down"
2.07343842122035e-09,-2.37772620693843,0.064,0.581,0.000159352036424469,"Smc2-201",0.000159352036424469,"Down"
2.17226074929703e-09,-2.95503503165088,0.064,0.565,0.000166946927626474,"Dst-211",0.000166946927626474,"Down"
2.2020266467342e-09,-1.95442027848693,0.064,0.589,0.00016923455590811,"Pds5b-208",0.00016923455590811,"Down"
2.26672565077993e-09,-2.0101159984071,0.043,0.558,0.000174206933165041,"Pds5b-202",0.000174206933165041,"Down"
2.29619177613987e-09,-1.36280722652059,0.064,0.59,0.000176471522763454,"Med13-201",0.000176471522763454,"Down"
2.34598170580265e-09,-2.01839208639312,0.043,0.553,0.000180298078017757,"Eif5a-202",0.000180298078017757,"Down"
2.35581815078091e-09,-1.04408055016814,0.213,0.819,0.000181054048160116,"Tcf20-202",0.000181054048160116,"Down"
2.35759658351362e-09,-2.04382709967964,0.043,0.553,0.000181190727829356,"Eif5a-207",0.000181190727829356,"Down"
2.36934408542227e-09,-2.04065046776883,0.149,0.671,0.000182093570341043,"Golga4-201",0.000182093570341043,"Down"
2.43193607288882e-09,-1.19149317017355,0.468,0.949,0.000186904014945798,"Ctnnb1-201",0.000186904014945798,"Down"
2.45765279685915e-09,-3.00385884335928,0.064,0.545,0.000188880448049813,"Ubap2l-220",0.000188880448049813,"Down"
2.47899568558327e-09,-1.10788800410328,0.277,0.886,0.000190520734419817,"Ccn1-201",0.000190520734419817,"Down"
2.55628948847153e-09,-1.23610987073144,0.447,0.91,0.000196461072346991,"Hnrnpf-209",0.000196461072346991,"Down"
2.56134668655841e-09,-1.10008952389821,0.064,0.589,0.00019684973824876,"Dnajc7-201",0.00019684973824876,"Down"
2.5743492779688e-09,-1.77960080236658,0.085,0.603,0.000197849039409014,"Gmps-201",0.000197849039409014,"Down"
2.60558972080946e-09,-2.06218196822677,0.043,0.551,0.00020024999240309,"Eif5a-208",0.00020024999240309,"Down"
2.63593840528506e-09,-3.92163004998318,0.021,0.502,0.000202582410199778,"Gtf3c1-201",0.000202582410199778,"Down"
2.64547752720117e-09,-1.08668871774757,0.149,0.712,0.000203315529875519,"Hnrnpr-202",0.000203315529875519,"Down"
2.64576938930891e-09,-1.1256173592054,0.255,0.818,0.000203337960645947,"Caprin1-202",0.000203337960645947,"Down"
2.6594266395818e-09,-1.96495922821564,0.021,0.514,0.00020438757495842,"Nrep-202",0.00020438757495842,"Down"
2.72225092178729e-09,-1.44104114395154,0.234,0.791,0.00020921587234304,"Trim28-201",0.00020921587234304,"Down"
2.72481492365236e-09,-1.87118167225449,0.106,0.65,0.000209412926142378,"Trio-201",0.000209412926142378,"Down"
2.72642575520281e-09,-2.41512788315648,0.043,0.54,0.000209536724990357,"Tpx2-201",0.000209536724990357,"Down"
2.75256709310769e-09,-1.8826756428414,0.064,0.586,0.000211545791373698,"Smg7-201",0.000211545791373698,"Down"
2.7530983632736e-09,2.94921270318673,0.596,0.307,0.000211586621611029,"Cdv3-205",0.000211586621611029,"Up"
2.85877160955664e-09,-1.17663900053672,0.128,0.668,0.000219708033280866,"Cdc42-202",0.000219708033280866,"Down"
2.85944206828866e-09,-4.26472082777536,0,0.47,0.000219759560716257,"Kdm4a-203",0.000219759560716257,"Down"
2.86526341158919e-09,-3.21042223363916,0.021,0.508,0.000220206954234276,"Frmd4a-201",0.000220206954234276,"Down"
2.93558427803412e-09,4.29804741550825,0.468,0.188,0.000225611394104034,"Rhox6-201",0.000225611394104034,"Up"
2.95687685207716e-09,-1.57130087472485,0.149,0.693,0.000227247813589538,"Rbfox2-204",0.000227247813589538,"Down"
3.02273157758962e-09,-2.04234709225955,0.043,0.542,0.000232309012664073,"Smarcb1-201",0.000232309012664073,"Down"
3.05386723305978e-09,-1.65576365496868,0.085,0.607,0.000234701912329576,"Smarcc2-201",0.000234701912329576,"Down"
3.12748894158709e-09,-4.97383788603469,0,0.469,0.000240360035116734,"Rlf-203",0.000240360035116734,"Down"
3.12748894158709e-09,-4.21925228898856,0,0.469,0.000240360035116734,"Med12-201",0.000240360035116734,"Down"
3.12996598369644e-09,-1.76950181120844,0.255,0.763,0.000240550405711007,"Mest-202",0.000240550405711007,"Down"
3.13964383673071e-09,-1.85138099099134,0.043,0.545,0.000241294187428102,"Dnajc7-207",0.000241294187428102,"Down"
3.1408103858365e-09,-1.69141787513134,0.043,0.551,0.000241383841393078,"Aco2-201",0.000241383841393078,"Down"
3.15907817664694e-09,-1.67451313258095,0.128,0.687,0.000242787794188024,"Fnbp1l-201",0.000242787794188024,"Down"
3.16430746496117e-09,-1.95726331401693,0.043,0.548,0.000243189685912126,"Eif5a-209",0.000243189685912126,"Down"
3.16756327085656e-09,-1.06673521143734,0.319,0.886,0.00024343990761841,"Nnat-202",0.00024343990761841,"Down"
3.24213683003382e-09,-1.49616701453419,0.064,0.583,0.000249171183935419,"Zdbf2-204",0.000249171183935419,"Down"
3.37183874848151e-09,-1.89334298025265,0.106,0.634,0.000259139295175798,"Gspt1-205",0.000259139295175798,"Down"
3.41353283063836e-09,-1.87084794223865,0.021,0.509,0.000262343652165881,"Dnajc7-219",0.000262343652165881,"Down"
3.41983444384261e-09,-5.34425960704736,0,0.467,0.00026282795634708,"Ints13-201",0.00026282795634708,"Down"
3.41983444384261e-09,-5.4509924609719,0,0.467,0.00026282795634708,"Mecom-202",0.00026282795634708,"Down"
3.49423042226084e-09,-1.93725480220239,0.043,0.547,0.000268545584872435,"Eif5a-203",0.000268545584872435,"Down"
3.51525688507325e-09,-1.5732018707943,0.043,0.551,0.00027016155264542,"Smo-201",0.00027016155264542,"Down"
3.54949431897372e-09,-2.36482515858097,0.043,0.545,0.000272792836390406,"Erbin-201",0.000272792836390406,"Down"
3.69052763854239e-09,-2.91096109959074,0.064,0.539,0.000283631811132537,"Ubap2l-204",0.000283631811132537,"Down"
3.71048352929227e-09,-2.37737181271018,0.085,0.59,0.000285165501160228,"Macf1-201",0.000285165501160228,"Down"
3.72380810388196e-09,-1.96179357945846,0.043,0.547,0.000286189548015744,"Kmt2e-201",0.000286189548015744,"Down"
3.73860416596923e-09,-4.2379746691919,0,0.466,0.0002873266845714,"Kdm4a-202",0.0002873266845714,"Down"
3.74712237941403e-09,-1.6277456827687,0.106,0.632,0.000287981343347486,"Midn-202",0.000287981343347486,"Down"
3.85746794198029e-09,-1.66141764109418,0.043,0.545,0.000296461841212953,"Hivep1-201",0.000296461841212953,"Down"
3.86773973039332e-09,-1.52996717663622,0.043,0.548,0.000297251269239648,"Celf1-207",0.000297251269239648,"Down"
3.9407882050832e-09,-2.72023439011801,0.043,0.526,0.000302865336713464,"Drosha-207",0.000302865336713464,"Down"
3.96603443944497e-09,-2.22629206841491,0.128,0.639,0.000304805610809104,"Hnrnpm-202",0.000304805610809104,"Down"
4.01068126428907e-09,-1.43208691891071,0.128,0.684,0.000308236897885672,"Ncor2-202",0.000308236897885672,"Down"
4.04875683022968e-09,-4.48115631974045,0.021,0.486,0.000311163157430472,"Glg1-204",0.000311163157430472,"Down"
4.08610270150352e-09,-3.99062818036858,0,0.464,0.000314033337021351,"Cntrl-212",0.000314033337021351,"Down"
4.14386871080523e-09,-3.31452867145509,0.043,0.52,0.000318472885900225,"Bzw2-201",0.000318472885900225,"Down"
4.3058723948634e-09,-2.97183335694649,0.021,0.503,0.000330923517034832,"Cdk13-207",0.000330923517034832,"Down"
4.41112313968366e-09,-2.988596813555,0.021,0.502,0.000339012457777248,"Bag6-213",0.000339012457777248,"Down"
4.43824013299337e-09,-2.44228286283693,0.021,0.505,0.000341096507181072,"Zmym2-201",0.000341096507181072,"Down"
4.4625831041486e-09,-2.06138900308685,0.106,0.634,0.000342967361886237,"Hmgcr-201",0.000342967361886237,"Down"
4.65598407343214e-09,-3.7104344145431,0.021,0.494,0.000357830999979553,"Nf1-202",0.000357830999979553,"Down"
4.70682858978333e-09,-1.652466096962,0.128,0.656,0.000361738604439208,"Apc-202",0.000361738604439208,"Down"
4.72367263803896e-09,-1.98308611927413,0.383,0.815,0.000363033136923846,"Tmpo-202",0.000363033136923846,"Down"
4.73626084662041e-09,-1.28450123465358,0.234,0.755,0.000364000591106165,"Eif4g1-205",0.000364000591106165,"Down"
4.769905454964e-09,-2.33968861556443,0.043,0.54,0.000366586313835803,"Srsf3-201",0.000366586313835803,"Down"
4.78644807491492e-09,-4.98121423103161,0.021,0.481,0.000367857680349511,"Kif26b-202",0.000367857680349511,"Down"
4.87748754896558e-09,-4.06759193579215,0,0.461,0.0003748544280882,"Armcx2-202",0.0003748544280882,"Down"
4.87748754896558e-09,-4.53101172147828,0,0.461,0.0003748544280882,"Tanc1-208",0.0003748544280882,"Down"
4.96654249291923e-09,-3.2179341090276,0.043,0.514,0.000381698656750814,"Cct3-207",0.000381698656750814,"Down"
4.9702529910156e-09,-2.17439357019082,0.085,0.592,0.000381983823371513,"Cops3-201",0.000381983823371513,"Down"
4.99222945383728e-09,-2.57673194079596,0.043,0.534,0.00038367280244521,"Dicer1-201",0.00038367280244521,"Down"
5.02438262588386e-09,-2.54148861195822,0.064,0.562,0.000386143902329678,"Sumo2-205",0.000386143902329678,"Down"
5.09402103156663e-09,-1.07092962639102,0.574,0.986,0.000391495892360022,"Mest-211",0.000391495892360022,"Down"
5.10374689874241e-09,-1.66510149076354,0.085,0.598,0.000392243364155949,"Ssr3-201",0.000392243364155949,"Down"
5.18135647402678e-09,-1.48838460371773,0.128,0.667,0.000398207970454854,"Actn4-211",0.000398207970454854,"Down"
5.18776322654746e-09,-1.07230952977779,0.17,0.732,0.000398700355013079,"Ptp4a1-205",0.000398700355013079,"Down"
5.19081191248927e-09,-1.44904563391477,0.064,0.579,0.000398934658722451,"Zmym4-201",0.000398934658722451,"Down"
5.2098657380615e-09,-1.75259566866725,0.043,0.539,0.000400399021432978,"Mga-204",0.000400399021432978,"Down"
5.21428192540167e-09,-2.26569165435301,0.064,0.567,0.00040073842309482,"Smc2-202",0.00040073842309482,"Down"
5.32701398542239e-09,-2.85118393479344,0,0.46,0.000409402332835653,"Prom1-205",0.000409402332835653,"Down"
5.54038305628127e-09,-1.61933753410818,0.085,0.609,0.000425800599407441,"Arid1b-207",0.000425800599407441,"Down"
5.55949634577644e-09,-1.59372574049213,0.064,0.578,0.000427269532158302,"ENSMUST00000381763.1",0.000427269532158302,"Down"
5.58581301525475e-09,-3.20265538305512,0.021,0.498,0.000429292073474388,"Kmt2e-202",0.000429292073474388,"Down"
5.59031167242466e-09,-2.67752120914571,0.021,0.5,0.000429637813272525,"PTPRG-201",0.000429637813272525,"Down"
5.62199754302157e-09,-1.46154204246915,0.043,0.542,0.00043207299917138,"Celf1-208",0.00043207299917138,"Down"
5.80443598757909e-09,-2.36570055559042,0.043,0.528,0.000446094123389404,"Tpx2-202",0.000446094123389404,"Down"
5.81658436122622e-09,-2.8113960958443,0,0.458,0.00044702777449768,"Prom1-207",0.00044702777449768,"Down"
5.84919831702703e-09,-1.59111210568043,0.043,0.54,0.000449534287456795,"Celf1-201",0.000449534287456795,"Down"
5.94886154273628e-09,-2.05897681750828,0.043,0.533,0.000457193805005454,"Smc5-201",0.000457193805005454,"Down"
5.96457729084635e-09,-1.40355709007998,0.149,0.712,0.000458401623110706,"Usp47-202",0.000458401623110706,"Down"
6.00317343096157e-09,-3.10062149640504,0.021,0.495,0.000461367890863121,"Frmd4a-219",0.000461367890863121,"Down"
6.0095841909074e-09,-2.89957491614767,0.021,0.497,0.000461860583407997,"Ppp6r3-203",0.000461860583407997,"Down"
6.12252442115866e-09,-1.94518283645215,0.064,0.556,0.000470540491863728,"Phc1-215",0.000470540491863728,"Down"
6.27139525577669e-09,-2.34400850008931,0.064,0.556,0.000481981810987462,"Epb41-201",0.000481981810987462,"Down"
6.30425696258237e-09,-1.52538344213743,0.064,0.576,0.000484507364602306,"Aldoa-202",0.000484507364602306,"Down"
6.34963902085258e-09,-4.37453983313202,0,0.456,0.000487995157308604,"Pgk1-rs7-201",0.000487995157308604,"Down"
6.42952883194658e-09,-1.21990475799473,0.574,0.961,0.000494135008850422,"Eif4a1-213",0.000494135008850422,"Down"
6.44449771640225e-09,-1.91200093792565,0.021,0.498,0.000495285427496378,"Rnf20-201",0.000495285427496378,"Down"
6.48574367340603e-09,-1.87670225938782,0.064,0.556,0.000498455344275947,"Smarcc2-202",0.000498455344275947,"Down"
6.49154871877079e-09,-2.09773552181269,0.043,0.533,0.00049890148523241,"Gtf2i-224",0.00049890148523241,"Down"
6.64618312397286e-09,-1.78547158381753,0.043,0.536,0.00051078575780981,"Pcbp4-201",0.00051078575780981,"Down"
6.66488576289824e-09,-3.46555218678342,0.021,0.491,0.000512223130421781,"Zdbf2-201",0.000512223130421781,"Down"
6.67508746153395e-09,-1.50848824320981,0.085,0.615,0.00051300717176873,"Pum2-216",0.00051300717176873,"Down"
6.86434598623462e-09,-2.49203667826406,0.021,0.497,0.000527552446426075,"Camsap2-202",0.000527552446426075,"Down"
6.92990267418615e-09,-4.2609840877584,0,0.455,0.000532590740121902,"Gstm5-204",0.000532590740121902,"Down"
6.9384684861421e-09,-1.40616936097628,0.128,0.676,0.000533249057033965,"Sp3-201",0.000533249057033965,"Down"
6.98381315213152e-09,-2.13050594020181,0.064,0.567,0.000536733975993916,"Brd3-203",0.000536733975993916,"Down"
7.08010336577725e-09,-1.24381752873566,0.043,0.534,0.000544134264073444,"Dync1i2-204",0.000544134264073444,"Down"
7.24005070298482e-09,-1.73409630418024,0.064,0.559,0.000556426856727195,"Sptan1-208",0.000556426856727195,"Down"
7.28049719406181e-09,-1.54858950328344,0.043,0.537,0.000559535331352426,"Celf1-214",0.000559535331352426,"Down"
7.52036201977906e-09,-1.13627026021629,0.277,0.787,0.0005779699026681,"Ywhaq-205",0.0005779699026681,"Down"
7.56586372144659e-09,-2.65949724513723,0.021,0.495,0.000581466890448056,"Arhgef12-201",0.000581466890448056,"Down"
7.68433245699586e-09,-2.69318926789255,0.043,0.516,0.00059057168664996,"Smc4-201",0.00059057168664996,"Down"
7.88573378342157e-09,-2.00811815271739,0.255,0.727,0.000606050184191082,"Rbm39-201",0.000606050184191082,"Down"
8.20524248669873e-09,-4.69511327592921,0.021,0.472,0.000630605706072744,"Kdm7a-201",0.000630605706072744,"Down"
8.2176931614261e-09,-2.02927642704819,0.064,0.565,0.000631562590228242,"Amot-202",0.000631562590228242,"Down"
8.22302185516798e-09,-1.50590952651775,0.064,0.572,0.00063197212165708,"Aldoa-203",0.00063197212165708,"Down"
8.24851463029594e-09,-5.28095526948827,0,0.452,0.000633931343396764,"Tpbg-201",0.000633931343396764,"Down"
8.42104731832812e-09,-2.97607799468351,0.043,0.523,0.000647191170602789,"Amot-201",0.000647191170602789,"Down"
8.45069913710914e-09,-3.14165680937315,0.021,0.492,0.000649470031483386,"Lrp6-201",0.000649470031483386,"Down"
8.61047612156016e-09,-1.34371341729159,0.064,0.573,0.000661749531846384,"Ppp6r3-201",0.000661749531846384,"Down"
8.92285938498804e-09,-1.094204549976,0.17,0.721,0.000685757435173871,"Rbm25-201",0.000685757435173871,"Down"
8.94014729379797e-09,-1.9574440240912,0.17,0.682,0.00068708608011755,"Hnrnpm-201",0.00068708608011755,"Down"
8.99594578946017e-09,-5.73916157476307,0,0.45,0.000691374417703172,"Col2a1-202",0.000691374417703172,"Down"
8.99594578946017e-09,-5.5770425386531,0,0.45,0.000691374417703172,"Bmpr1a-201",0.000691374417703172,"Down"
8.99594578946017e-09,-4.40708202020112,0,0.45,0.000691374417703172,"Virma-203",0.000691374417703172,"Down"
9.00570720327379e-09,-3.10842304379226,0.043,0.514,0.000692124621400404,"Atf4-203",0.000692124621400404,"Down"
9.0148523725423e-09,-2.11125361095943,0.043,0.526,0.000692827464239366,"Gtf2i-206",0.000692827464239366,"Down"
9.24435988793525e-09,-2.33759211855098,0.043,0.511,0.000710466034827376,"Phc1-207",0.000710466034827376,"Down"
9.34211999908314e-09,-2.1614552397309,0.085,0.583,0.000717979290409535,"Phf3-205",0.000717979290409535,"Down"
9.34211999908314e-09,-2.1614552397309,0.085,0.583,0.000717979290409535,"Phf3-201",0.000717979290409535,"Down"
9.45675599603889e-09,-1.60198514759722,0.064,0.553,0.000726789525319572,"Sec23a-201",0.000726789525319572,"Down"
9.46501409162146e-09,-2.899077448738,0.021,0.488,0.000727424192997475,"Taf9-205",0.000727424192997475,"Down"
9.53853152682518e-09,-2.29691496390931,0.021,0.491,0.000733074301962623,"U2surp-202",0.000733074301962623,"Down"
9.54974588781131e-09,-2.862640945294,0.064,0.536,0.000733936170461851,"Ppp1r12a-201",0.000733936170461851,"Down"
9.80810708485858e-09,-1.50186844886047,0.213,0.727,0.000753792261899721,"Kmt2c-201",0.000753792261899721,"Down"
9.80880580261109e-09,-4.52367980210104,0,0.449,0.000753845961153873,"Phldb2-202",0.000753845961153873,"Down"
9.80880580261109e-09,-2.92481143342261,0,0.449,0.000753845961153873,"Dnajc7-211",0.000753845961153873,"Down"
9.85731922862691e-09,-2.57683514901678,0.021,0.489,0.000757574411996893,"Cnot2-210",0.000757574411996893,"Down"
9.90199471210792e-09,-2.16811193438916,0.043,0.519,0.000761007901604342,"Tpx2-206",0.000761007901604342,"Down"
9.9151964805507e-09,-2.15184882308256,0.064,0.551,0.000762022510316244,"Sbno1-201",0.000762022510316244,"Down"
1.00158650958961e-08,-1.85635518878848,0.021,0.491,0.00076975929608,"Mga-203",0.00076975929608,"Down"
1.00623172228231e-08,-1.48835756965418,0.085,0.609,0.000773329327842844,"Ptms-201",0.000773329327842844,"Down"
1.0330209387262e-08,-2.58480137229993,0.085,0.565,0.000793917912248633,"Sdha-201",0.000793917912248633,"Down"
1.04011447593422e-08,-2.38252130987756,0.021,0.489,0.000799369579334486,"Emsy-202",0.000799369579334486,"Down"
1.0692615531545e-08,-3.88901256501856,0,0.447,0.000821770274061362,"Cntrl-203",0.000821770274061362,"Down"
1.07221575342909e-08,-3.72118326524846,0.021,0.481,0.000824040695140394,"Hipk2-206",0.000824040695140394,"Down"
1.08455211315135e-08,-1.09374423511152,0.234,0.787,0.00083352168104134,"Khdrbs1-201",0.00083352168104134,"Down"
1.08981283892589e-08,-1.00583925466687,0.128,0.67,0.000837564759228104,"Ncor2-203",0.000837564759228104,"Down"
1.1014253071158e-08,-2.71228561085843,0.043,0.52,0.000846489405530778,"Ppp4r3a-201",0.000846489405530778,"Down"
1.10672259225707e-08,-2.46518464861632,0.043,0.52,0.00085056058105325,"Myef2-207",0.00085056058105325,"Down"
1.10809154252655e-08,-2.08901942665236,0.043,0.526,0.000851612674093355,"Erbin-202",0.000851612674093355,"Down"
1.11931232278537e-08,-3.03432350362532,0.021,0.484,0.000860236292553465,"Frmd4a-202",0.000860236292553465,"Down"
1.13317812686227e-08,-1.54763288926157,0.106,0.637,0.000870892717618731,"Pum2-207",0.000870892717618731,"Down"
1.14327738579548e-08,-2.79183848048964,0.021,0.486,0.000878654402079262,"Zc3h14-203",0.000878654402079262,"Down"
1.15348392422651e-08,-1.83870764427057,0.064,0.558,0.000886498535125043,"Ilf3-203",0.000886498535125043,"Down"
1.16031708423693e-08,-2.19220871692791,0.128,0.625,0.000891750091919449,"Eno1b-202",0.000891750091919449,"Down"
1.16533437382306e-08,-3.91049128330735,0,0.445,0.000895606079657976,"Armcx2-207",0.000895606079657976,"Down"
1.17146495314291e-08,-2.69696499025077,0.021,0.486,0.000900317675088454,"Phldb2-201",0.000900317675088454,"Down"
1.19475861544259e-08,-2.89163896803659,0.043,0.503,0.000918219786312245,"Pclaf-201",0.000918219786312245,"Down"
1.20451436328576e-08,-1.27181335887487,0.106,0.612,0.000925717468759635,"Dhx15-205",0.000925717468759635,"Down"
1.21148079730293e-08,-2.67341525605481,0.043,0.519,0.000931071451959191,"Pdgfra-201",0.000931071451959191,"Down"
1.25041279540886e-08,-1.20050045556072,0.085,0.606,0.000960992249783528,"Rad54l2-201",0.000960992249783528,"Down"
1.26308417589314e-08,-1.39349656252078,0.064,0.565,0.000970730712540916,"Celf1-203",0.000970730712540916,"Down"
1.27068285536697e-08,-1.69144978576996,0.085,0.59,0.00097657060166373,"Mcl1-201",0.00097657060166373,"Down"
1.27863960300961e-08,-2.13557370594936,0.021,0.486,0.000982685680497006,"Acat2-203",0.000982685680497006,"Down"
1.30308515830358e-08,1.90628203947383,0.872,0.95,0.00100147306756263,"Serpinh1-201",0.00100147306756263,"Up"
1.30961873090913e-08,-1.57723224505251,0.128,0.64,0.0010064943794529,"Apc-203",0.0010064943794529,"Down"
1.32697285802122e-08,-1.80401722887644,0.064,0.544,0.00101983172030363,"Phc1-208",0.00101983172030363,"Down"
1.33246468030187e-08,-1.76102522370401,0.106,0.607,0.0010240524053992,"Tcof1-204",0.0010240524053992,"Down"
1.34625118432478e-08,-1.3368641839421,0.213,0.754,0.00103464788520096,"Cnot1-202",0.00103464788520096,"Down"
1.35641858333148e-08,-1.54637820320417,0.106,0.631,0.00104246193803358,"Ptprs-201",0.00104246193803358,"Down"
1.36691179404308e-08,-1.44247985111838,0.043,0.526,0.00105052639019387,"Sin3a-204",0.00105052639019387,"Down"
1.38318817331368e-08,-3.90252714078191,0,0.442,0.0010630354387185,"Armcx2-201",0.0010630354387185,"Down"
1.38403704403323e-08,-2.01858749325799,0.085,0.567,0.0010636878298213,"Eif4g3-205",0.0010636878298213,"Down"
1.45721878891911e-08,-1.50862767513266,0.128,0.65,0.0011199309280359,"Rsf1-201",0.0011199309280359,"Down"
1.46105805847153e-08,-1.47123948673625,0.043,0.525,0.00112288156025771,"Gjc1-201",0.00112288156025771,"Down"
1.46234600508859e-08,-3.14114576008038,0.021,0.477,0.00112387139875079,"Picalm-213",0.00112387139875079,"Down"
1.46417365573627e-08,-1.77429180995973,0.064,0.542,0.00112527602137955,"Phc1-201",0.00112527602137955,"Down"
1.50209591518331e-08,-1.61443147688729,0.064,0.555,0.00115442079465498,"Med1-203",0.00115442079465498,"Down"
1.50304815640873e-08,-1.15308025583951,0.128,0.642,0.00115515263012636,"Eif4g3-203",0.00115515263012636,"Down"
1.50641951878536e-08,-5.08051644772195,0,0.441,0.0011577436569673,"Srpk2-201",0.0011577436569673,"Down"
1.50641951878536e-08,-4.82469374376191,0,0.441,0.0011577436569673,"Mdk-203",0.0011577436569673,"Down"
1.52931743227576e-08,-2.13591008380047,0.106,0.583,0.00117534161940121,"Stag1-206",0.00117534161940121,"Down"
1.53721562112846e-08,-3.03112007624186,0.021,0.481,0.00118141169346207,"Polr2a-202",0.00118141169346207,"Down"
1.54093985259183e-08,-1.15322568994434,0.106,0.625,0.00118427391431092,"Cdk4-207",0.00118427391431092,"Down"
1.54637546368707e-08,-1.48320886006143,0.064,0.564,0.00118845139886206,"Mapk1ip1l-201",0.00118845139886206,"Down"
1.55917834077906e-08,-2.39268410184255,0.064,0.547,0.00119829092202234,"Myef2-206",0.00119829092202234,"Down"
1.59791137601274e-08,-2.38838939047761,0.021,0.481,0.00122805880892083,"Pcdh18-201",0.00122805880892083,"Down"
1.64025178099313e-08,-5.05425937379952,0,0.439,0.00126059910376446,"Atf7ip-201",0.00126059910376446,"Down"
1.64500487005424e-08,-1.47210902257625,0.043,0.523,0.00126425204283148,"Arhgap5-201",0.00126425204283148,"Down"
1.66506260427916e-08,-1.691343153354,0.234,0.741,0.0012796672138927,"Ss18-201",0.0012796672138927,"Down"
1.67841502378428e-08,-2.30595210054167,0.106,0.579,0.00128992908237917,"Wnk1-223",0.00128992908237917,"Down"
1.70347005799767e-08,-1.01006551654619,0.34,0.748,0.00130918487837353,"Hnrnpk-202",0.00130918487837353,"Down"
1.70559550383872e-08,-1.07838901609241,0.085,0.583,0.00131081836852021,"Sbno1-216",0.00131081836852021,"Down"
1.71008591112671e-08,-1.97895417145295,0.064,0.542,0.00131426942613732,"Zfp148-202",0.00131426942613732,"Down"
1.7149424630424e-08,-2.78026369358185,0.021,0.48,0.00131800188054661,"Nrip1-202",0.00131800188054661,"Down"
1.71960424147063e-08,-1.02280891961405,0.149,0.67,0.00132158464373984,"Rnf2-204",0.00132158464373984,"Down"
1.74292658167053e-08,-2.94216151974008,0.043,0.506,0.00133950879507707,"Ivns1abp-201",0.00133950879507707,"Down"
1.77099103751929e-08,-3.56738228976462,0.021,0.472,0.00136107745197508,"Rbbp6-210",0.00136107745197508,"Down"
1.77814818690741e-08,3.59508355074805,0.617,0.425,0.00136657800756582,"Krt8-201",0.00136657800756582,"Up"
1.78732794476649e-08,-1.24998946969731,0.106,0.62,0.00137363301867084,"Ube4b-202",0.00137363301867084,"Down"
1.81304772899688e-08,-4.04707754899304,0.021,0.464,0.00139339970164326,"Slf2-203",0.00139339970164326,"Down"
1.86668222748072e-08,-1.64047429247453,0.064,0.561,0.00143461995910803,"Atxn7l3b-201",0.00143461995910803,"Down"
1.87480961291238e-08,-1.30214535154638,0.553,0.889,0.00144086617990768,"Gnas-208",0.00144086617990768,"Down"
1.89703234808437e-08,-2.5944452868957,0.043,0.511,0.00145794524079676,"Pdgfra-202",0.00145794524079676,"Down"
1.95961026249685e-08,-3.9027763445899,0.021,0.464,0.00150603887113933,"Idi1-201",0.00150603887113933,"Down"
1.95961026249685e-08,-3.5709747988484,0.021,0.464,0.00150603887113933,"Tug1-203",0.00150603887113933,"Down"
1.96535519528395e-08,-3.29315310281863,0.021,0.474,0.00151045408178352,"Zfp207-202",0.00151045408178352,"Down"
1.99376793063241e-08,-1.21566119435326,0.064,0.559,0.00153229040540823,"Eftud2-201",0.00153229040540823,"Down"
1.9987480459863e-08,-4.4915214714791,0.021,0.456,0.00153611782326231,"Bzw1-202",0.00153611782326231,"Down"
2.04058040636645e-08,-1.56716037025975,0.213,0.706,0.00156826766550887,"Hnrnph1-202",0.00156826766550887,"Down"
2.05089763600014e-08,-2.6140518960499,0.149,0.601,0.00157619686917155,"Dido1-202",0.00157619686917155,"Down"
2.05496285863144e-08,-1.71725207411767,0.064,0.547,0.00157932115537261,"Ncor1-205",0.00157932115537261,"Down"
2.0619670229238e-08,-1.48471845302725,0.106,0.609,0.00158470413579785,"Gnb1-203",0.00158470413579785,"Down"
2.0838161527604e-08,-3.0174099018077,0.021,0.466,0.00160149606604248,"Epb41-206",0.00160149606604248,"Down"
2.11449457558356e-08,-4.91653838433079,0,0.435,0.00162507366111899,"Cct4-201",0.00162507366111899,"Down"
2.12700116047026e-08,-1.18650844866717,0.128,0.634,0.00163468547186781,"Ddx17-203",0.00163468547186781,"Down"
2.14470971449576e-08,-1.38502451814622,0.106,0.62,0.00164829520397858,"Uba2-201",0.00164829520397858,"Down"
2.1760565492465e-08,-2.22461166978504,0.085,0.562,0.0016723865003579,"Macf1-215",0.0016723865003579,"Down"
2.1760565492465e-08,-2.2246116687339,0.085,0.562,0.0016723865003579,"Macf1-214",0.0016723865003579,"Down"
2.20196671368736e-08,-2.31038038183584,0.043,0.495,0.00169229949813728,"Phc1-216",0.00169229949813728,"Down"
2.21769249706108e-08,-2.52793050425474,0.043,0.511,0.00170438539169132,"Nacc1-201",0.00170438539169132,"Down"
2.22123850429415e-08,-1.25122313949978,0.277,0.816,0.00170711064009023,"Ankrd11-201",0.00170711064009023,"Down"
2.22976750328086e-08,-3.58294604275881,0.021,0.466,0.00171366551697147,"Tcf12-221",0.00171366551697147,"Down"
2.26498492834449e-08,-2.59222454912907,0.043,0.498,0.00174073151682987,"Trim24-201",0.00174073151682987,"Down"
2.29586798653516e-08,-1.7044159957432,0.106,0.62,0.00176446638237173,"Bag6-201",0.00176446638237173,"Down"
2.30112286469874e-08,-1.93138569361047,0.085,0.573,0.00176850496643557,"Smad5-201",0.00176850496643557,"Down"
2.31234285676135e-08,-1.38988652685093,0.085,0.575,0.00177712797913537,"Ak2-202",0.00177712797913537,"Down"
2.33975315459579e-08,-1.2077073937322,0.085,0.595,0.00179819388943305,"Arid4b-203",0.00179819388943305,"Down"
2.35065184013232e-08,-2.6964528446736,0.085,0.542,0.00180656996521529,"Hnrnpc-201",0.00180656996521529,"Down"
2.35561937911062e-08,-1.18185137751567,0.064,0.559,0.00181038771762167,"Rbms1-201",0.00181038771762167,"Down"
2.36140882678818e-08,-1.02248116019547,0.064,0.553,0.00181483713973979,"Tle3-201",0.00181483713973979,"Down"
2.38946690187447e-08,-1.69783120936341,0.106,0.598,0.0018364008927666,"Tcof1-202",0.0018364008927666,"Down"
2.43047260639768e-08,-1.66192156915987,0.043,0.516,0.00186791541692087,"Arid4b-204",0.00186791541692087,"Down"
2.4601832842008e-08,-2.75602579147769,0.085,0.539,0.00189074926123968,"Wnk1-204",0.00189074926123968,"Down"
2.50133669862435e-08,-2.86918493502603,0.064,0.522,0.00192237730636076,"Utrn-205",0.00192237730636076,"Down"
2.52253528918519e-08,-1.32249682825913,0.362,0.866,0.00193866927115038,"Csde1-211",0.00193866927115038,"Down"
2.53034225211155e-08,-2.67760212707429,0.021,0.472,0.00194466923443781,"Cep170-214",0.00194466923443781,"Down"
2.53485411650971e-08,-2.29332764930783,0.064,0.525,0.00194813678270237,"Dlg5-202",0.00194813678270237,"Down"
2.72421071526422e-08,-1.2618442180992,0.128,0.632,0.00209366490310917,"Papola-214",0.00209366490310917,"Down"
2.75256207298528e-08,-1.04842535431839,0.149,0.668,0.00211545405557211,"Capzb-202",0.00211545405557211,"Down"
2.80533484001877e-08,-2.29913671300754,0.064,0.52,0.00215601203794803,"Dyrk1a-201",0.00215601203794803,"Down"
2.82870666962534e-08,-1.16429185687527,0.064,0.551,0.00217397422387386,"Eif5a-213",0.00217397422387386,"Down"
2.85907331611783e-08,-1.44663163415639,0.106,0.606,0.0021973122063692,"Smarcc2-203",0.0021973122063692,"Down"
2.8623352084835e-08,-1.95575218506568,0.085,0.559,0.0021998191011279,"Mcm7-201",0.0021998191011279,"Down"
2.89179646332216e-08,-2.61877537892321,0.043,0.494,0.00222246125392161,"Trim24-203",0.00222246125392161,"Down"
2.89360724281933e-08,-2.09039320819441,0.064,0.54,0.00222385291039637,"Myef2-201",0.00222385291039637,"Down"
2.89430451465168e-08,-1.82164413088932,0.085,0.578,0.0022243887916904,"Bcl9-201",0.0022243887916904,"Down"
2.90204227022747e-08,-1.98178128435842,0.128,0.62,0.00223033556636062,"Tnrc6b-201",0.00223033556636062,"Down"
2.91199422410548e-08,-2.96942451957306,0.043,0.495,0.00223798404099402,"Syncrip-210",0.00223798404099402,"Down"
2.95722130066814e-08,-5.06279293099663,0,0.428,0.0022727428584155,"Tpbg-202",0.0022727428584155,"Down"
2.95722130066814e-08,-4.85361856020085,0,0.428,0.0022727428584155,"Uck2-202",0.0022727428584155,"Down"
2.98414452201869e-08,-1.2710488939474,0.043,0.512,0.00229343443095224,"Celf1-205",0.00229343443095224,"Down"
2.99911521288081e-08,-1.71703232819091,0.021,0.47,0.00230494000570742,"Phactr4-201",0.00230494000570742,"Down"
3.0219900850108e-08,-1.32924249206171,0.106,0.621,0.0023225202599342,"Rab7-204",0.0023225202599342,"Down"
3.05246358374232e-08,-1.05954579780145,0.128,0.653,0.00234594036264932,"Pgrmc1-201",0.00234594036264932,"Down"
3.07903566492933e-08,-1.87606814954561,0.043,0.509,0.00236636206992479,"Cse1l-201",0.00236636206992479,"Down"
3.09357222386193e-08,-2.37552276418645,0.021,0.469,0.00237753399692685,"Cnot2-204",0.00237753399692685,"Down"
3.1107154383452e-08,-1.58364775807504,0.149,0.64,0.00239070924298582,"Ttc3-230",0.00239070924298582,"Down"
3.14906205168838e-08,-2.75526583346511,0.064,0.506,0.00242018014920459,"Zfp516-202",0.00242018014920459,"Down"
3.16786351525479e-08,-1.85483210325183,0.106,0.6,0.00243462982601392,"Atp5pb-203",0.00243462982601392,"Down"
3.16938655455258e-08,-1.37708816612431,0.106,0.601,0.00243580034263584,"Ago2-201",0.00243580034263584,"Down"
3.17363782539331e-08,-2.00879550485104,0.064,0.54,0.00243906761432778,"Lyar-202",0.00243906761432778,"Down"
3.18133853685134e-08,-2.27880248965607,0.064,0.52,0.00244498591911173,"Wbp11-201",0.00244498591911173,"Down"
3.19411361284427e-08,-1.25719827720167,0.234,0.765,0.00245480407601533,"Morf4l2-202",0.00245480407601533,"Down"
3.21408850068165e-08,-4.83001583026486,0,0.427,0.00247015557631387,"Enah-211",0.00247015557631387,"Down"
3.227901394484e-08,-2.75480220218244,0.021,0.466,0.00248077133771673,"Srsf5-204",0.00248077133771673,"Down"
3.25208805766119e-08,-2.62191442984079,0.021,0.467,0.00249935975583493,"Zc3h14-202",0.00249935975583493,"Down"
3.28422358621808e-08,-2.5004425780114,0.043,0.494,0.00252405719495204,"Mex3a-201",0.00252405719495204,"Down"
3.29154765588258e-08,-2.10847068226184,0.021,0.469,0.002529686035452,"Copb1-201",0.002529686035452,"Down"
3.37897701851096e-08,-4.12491592604142,0.021,0.45,0.00259687899780642,"Pik3c2a-201",0.00259687899780642,"Down"
3.46076165406863e-08,-1.01751214985897,0.234,0.807,0.00265973376161791,"Usp47-201",0.00265973376161791,"Down"
3.49248276330763e-08,-4.9226473820923,0,0.425,0.00268411270291245,"Col26a1-202",0.00268411270291245,"Down"
3.50068962408866e-08,-2.87731434540362,0.021,0.466,0.0026904200036971,"Dpp8-208",0.0026904200036971,"Down"
3.50766146557369e-08,-3.27608330955102,0.021,0.464,0.00269577814275201,"Tnks-201",0.00269577814275201,"Down"
3.5484535171749e-08,-2.14836891311127,0.043,0.505,0.0027271284660896,"Abl1-202",0.0027271284660896,"Down"
3.64013395558916e-08,-1.11366587931678,0.106,0.617,0.00279758855022849,"Tceal8-201",0.00279758855022849,"Down"
3.64923129399395e-08,-2.02966860161793,0.043,0.505,0.00280458021868611,"Tbl1xr1-203",0.00280458021868611,"Down"
3.69075924942704e-08,-1.46309579686055,0.043,0.508,0.00283649611355466,"Chd8-201",0.00283649611355466,"Down"
3.77921317335856e-08,-4.00380297271885,0.021,0.456,0.00290447649225299,"Crabp2-201",0.00290447649225299,"Down"
3.78552577472634e-08,-2.82546480814213,0.021,0.464,0.00290932797890819,"Srek1-204",0.00290932797890819,"Down"
3.79414064320696e-08,-5.55437653906073,0,0.424,0.00291594884993028,"Sema5a-201",0.00291594884993028,"Down"
3.79414064320696e-08,-4.89768973734599,0,0.424,0.00291594884993028,"Robo1-206",0.00291594884993028,"Down"
3.79414064320696e-08,-5.20248381449209,0,0.424,0.00291594884993028,"Tshz1-201",0.00291594884993028,"Down"
3.80775832604547e-08,-1.02684316690535,0.064,0.528,0.00292641458389898,"Drosha-201",0.00292641458389898,"Down"
3.8114175982417e-08,-1.64485163587232,0.064,0.537,0.00292922688095268,"Ilf3-204",0.00292922688095268,"Down"
3.85834778115447e-08,-2.77031462967521,0.064,0.516,0.00296529460372846,"Utrn-201",0.00296529460372846,"Down"
3.90718969700714e-08,-1.53382841402684,0.149,0.632,0.00300283156973787,"Pnisr-201",0.00300283156973787,"Down"
3.92720314272514e-08,-1.53797834847834,0.043,0.503,0.00301821270330998,"Mga-202",0.00301821270330998,"Down"
3.93777248788449e-08,-3.48616523931604,0.021,0.452,0.00302633566783875,"Tug1-202",0.00302633566783875,"Down"
3.95150468106208e-08,-1.48566594908541,0.085,0.584,0.00303688940758345,"Sec63-201",0.00303688940758345,"Down"
3.95666631272607e-08,-3.82352355017,0.021,0.452,0.0030408563279825,"Idi1-206",0.0030408563279825,"Down"
3.97145989332384e-08,-1.0504448382909,0.106,0.621,0.0030522257864151,"Hp1bp3-201",0.0030522257864151,"Down"
4.01866951157281e-08,-2.25595544440418,0.064,0.533,0.00308850826642417,"Sema6a-201",0.00308850826642417,"Down"
4.03675813723868e-08,-2.16406117509479,0.064,0.522,0.00310241009879341,"Foxm1-201",0.00310241009879341,"Down"
4.04542213545157e-08,-1.61626638009509,0.191,0.678,0.00310906872797995,"Ddx39b-202",0.00310906872797995,"Down"
4.12093317143228e-08,-4.83717150550094,0,0.422,0.00316710197957256,"Asxl3-204",0.00316710197957256,"Down"
4.12093317143228e-08,-5.10505232859492,0,0.422,0.00316710197957256,"Traf4-201",0.00316710197957256,"Down"
4.19769194231915e-08,-1.439544694561,0.106,0.587,0.00322609416534996,"Rac1-201",0.00322609416534996,"Down"
4.2353319804317e-08,-1.88186502426544,0.064,0.537,0.00325502204024098,"Copg1-202",0.00325502204024098,"Down"
4.28496940484718e-08,-1.33608379154517,0.106,0.607,0.00329317038640125,"Prpf40a-206",0.00329317038640125,"Down"
4.31887144683228e-08,-1.2416880014212,0.043,0.506,0.00331922546174848,"Ogfr-201",0.00331922546174848,"Down"
4.35034104561936e-08,-1.63139041697605,0.043,0.503,0.0033434111072003,"Xpo7-202",0.0033434111072003,"Down"
4.36588610460482e-08,-3.55238992567033,0.021,0.455,0.00335535810683299,"Tsc22d1-202",0.00335535810683299,"Down"
4.47487582095231e-08,-4.70134549416037,0,0.421,0.00343912106343469,"Fam193a-201",0.00343912106343469,"Down"
4.47487582095231e-08,-4.74794478259232,0,0.421,0.00343912106343469,"Zfp281-201",0.00343912106343469,"Down"
4.5336199214774e-08,-1.19526632674311,0.085,0.569,0.00348426825445224,"Fam98b-201",0.00348426825445224,"Down"
4.53768715721572e-08,-1.70618154687616,0.277,0.741,0.00348739408780657,"Chd4-202",0.00348739408780657,"Down"
4.54518620043224e-08,-2.76771329254363,0.255,0.659,0.00349315740248019,"Serbp1-201",0.00349315740248019,"Down"
4.55532413435305e-08,-1.4545688369333,0.128,0.636,0.00350094881021569,"Pum1-203",0.00350094881021569,"Down"
4.55759013189438e-08,-1.01350426844333,0.426,0.858,0.0035026903199661,"Hnrnpf-203",0.0035026903199661,"Down"
4.55763381826786e-08,-1.56458780781568,0.064,0.523,0.00350272389469158,"Hnrnph2-204",0.00350272389469158,"Down"
4.61172990870245e-08,-2.02837176448668,0.043,0.486,0.00354429890403418,"Setd5-203",0.00354429890403418,"Down"
4.72243638296053e-08,-1.81506038926238,0.106,0.589,0.00362938125776049,"Prpf38b-204",0.00362938125776049,"Down"
4.77270788048507e-08,-3.3755881416486,0.021,0.456,0.003668016914468,"Qki-204",0.003668016914468,"Down"
4.78424351162243e-08,-1.72973963380192,0.085,0.567,0.0036768825084223,"Gja1-206",0.0036768825084223,"Down"
4.80591654734419e-08,-1.87588733075447,0.043,0.5,0.0036935391032959,"Celf1-204",0.0036935391032959,"Down"
4.83702015009966e-08,-1.34175768748024,0.064,0.539,0.0037174434661576,"Nynrin-202",0.0037174434661576,"Down"
4.85813917632813e-08,-4.76625622213798,0,0.419,0.00373367428257522,"Asxl3-202",0.00373367428257522,"Down"
4.92800125667479e-08,-1.2970739355699,0.17,0.682,0.00378736608580484,"Akap13-205",0.00378736608580484,"Down"
4.93920823308797e-08,-2.8975841428743,0.064,0.514,0.00379597909545743,"Ythdc1-207",0.00379597909545743,"Down"
4.96087573106125e-08,-1.62057592093744,0.064,0.533,0.00381263143434982,"Ilf3-208",0.00381263143434982,"Down"
4.96938336796234e-08,-2.22179710460565,0.043,0.486,0.00381916989361377,"Mcm5-201",0.00381916989361377,"Down"
4.9799116659813e-08,-1.69497646980105,0.021,0.461,0.00382726131177327,"Ttyh3-202",0.00382726131177327,"Down"
5.08898722458426e-08,-3.56639192329732,0.021,0.453,0.00391109024158198,"Dlgap5-201",0.00391109024158198,"Down"
5.14525868941702e-08,-1.97704693211722,0.064,0.533,0.00395433711316456,"Taok1-202",0.00395433711316456,"Down"
5.27306035477817e-08,-5.54146283882737,0,0.417,0.00405255780506121,"Col11a1-201",0.00405255780506121,"Down"
5.40050428474885e-08,-1.53919456795214,0.085,0.565,0.00415050356300088,"Ezh2-201",0.00415050356300088,"Down"
5.40621583414773e-08,-1.24829499500863,0.021,0.46,0.00415489311717589,"Wbp4-201",0.00415489311717589,"Down"
5.40966506582479e-08,-2.01525914618279,0.064,0.533,0.00415754398968899,"Kdm5b-203",0.00415754398968899,"Down"
5.4927406600128e-08,-2.62789699474038,0.021,0.458,0.00422139090684624,"Zeb1-201",0.00422139090684624,"Down"
5.51878258934135e-08,-2.21930061453935,0.043,0.488,0.0042414051712124,"Atp2b1-201",0.0042414051712124,"Down"
5.59253496773559e-08,-1.34079724557951,0.106,0.611,0.00429808682410351,"Rab7-203",0.00429808682410351,"Down"
5.61523239462095e-08,-1.49449341813586,0.106,0.587,0.00431553070456199,"Neo1-202",0.00431553070456199,"Down"
5.72215522886116e-08,-4.62700164336478,0,0.416,0.00439770517958896,"Blmh-201",0.00439770517958896,"Down"
5.72910943876201e-08,-1.553207660828,0.043,0.5,0.00440304976806616,"Lig1-206",0.00440304976806616,"Down"
5.72910943876201e-08,-1.553207660828,0.043,0.5,0.00440304976806616,"Lig1-205",0.00440304976806616,"Down"
5.7577398159457e-08,-1.36052167502286,0.085,0.558,0.00442505335814691,"Arih1-207",0.00442505335814691,"Down"
5.83415663763486e-08,-1.05870849562397,0.128,0.618,0.00448378274228789,"Ddx17-201",0.00448378274228789,"Down"
5.87135731131511e-08,-1.98012421202611,0.106,0.567,0.00451237294803811,"Tnrc18-202",0.00451237294803811,"Down"
6.12379138685363e-08,-1.33032765487919,0.085,0.536,0.00470637863245249,"Ptpn11-203",0.00470637863245249,"Down"
6.12759851639647e-08,-3.21949850080747,0.021,0.452,0.00470930456379134,"Pxdn-208",0.00470930456379134,"Down"
6.17949212869084e-08,-2.26066036431118,0.043,0.483,0.00474918688058406,"Myo1b-201",0.00474918688058406,"Down"
6.20813150417855e-08,-5.70843218954927,0,0.414,0.00477119738622139,"Pdzd8-201",0.00477119738622139,"Down"
6.20813150417855e-08,-4.28424014939364,0,0.414,0.00477119738622139,"Stox2-209",0.00477119738622139,"Down"
6.20813150417855e-08,-4.63450772589897,0,0.414,0.00477119738622139,"Ecpas-202",0.00477119738622139,"Down"
6.27637726315202e-08,-1.37431942905948,0.234,0.751,0.00482364698182286,"Brd2-201",0.00482364698182286,"Down"
6.33782901776544e-08,-1.67762913132776,0.085,0.548,0.00487087511331345,"Neo1-201",0.00487087511331345,"Down"
6.3393801884163e-08,-2.44879641148619,0.043,0.491,0.00487206725000546,"Ppp4r3a-202",0.00487206725000546,"Down"
6.44477166537455e-08,-1.46301119801328,0.17,0.67,0.00495306481570696,"Fat1-203",0.00495306481570696,"Down"
6.44477166537455e-08,-1.41995728917447,0.17,0.67,0.00495306481570696,"Fat1-201",0.00495306481570696,"Down"
6.47381456577212e-08,3.28998353148926,0.681,0.545,0.0049753854463785,"Myl6-201",0.0049753854463785,"Up"
6.49051916598082e-08,-1.12599213925469,0.234,0.788,0.0049882235998229,"Map7d1-201",0.0049882235998229,"Down"
6.65131830548681e-08,-1.25023128903523,0.128,0.642,0.00511180417049883,"Ubr5-201",0.00511180417049883,"Down"
6.73390270885568e-08,-2.89118060044755,0,0.413,0.00517527358786395,"Prom1-202",0.00517527358786395,"Down"
6.75013654213984e-08,-1.72936037071611,0.064,0.519,0.00518774993809616,"Kdm5c-203",0.00518774993809616,"Down"
6.81095692940612e-08,-1.40102399080018,0.021,0.455,0.00523449283852578,"Kmt5b-205",0.00523449283852578,"Down"
6.82391043333422e-08,-1.18182853412673,0.149,0.674,0.00524444812443468,"Cnot1-203",0.00524444812443468,"Down"
6.93026964670543e-08,-1.61038434730264,0.085,0.561,0.00532618943427899,"Pbx1-202",0.00532618943427899,"Down"
6.95164517088307e-08,-1.238057361984,0.064,0.526,0.00534261737963047,"Kansl1-204",0.00534261737963047,"Down"
7.00005407756388e-08,-1.80245286256868,0.064,0.519,0.00537982156077094,"Ptk7-201",0.00537982156077094,"Down"
7.04054557707011e-08,-2.61649981998632,0.043,0.478,0.00541094089780147,"Chd6-201",0.00541094089780147,"Down"
7.08202779690189e-08,-2.595734584535,0.021,0.453,0.00544282164303098,"Cdk13-201",0.00544282164303098,"Down"
7.13321796371964e-08,-1.00755502349533,0.17,0.706,0.00548216333383709,"H1f0-201",0.00548216333383709,"Down"
7.16005208798149e-08,-2.96883569080947,0.043,0.475,0.00550278643169729,"Ccnl1-201",0.00550278643169729,"Down"
7.16818471849829e-08,-1.48137044715775,0.064,0.516,0.00550903668355467,"Hnrnph2-205",0.00550903668355467,"Down"
7.18394017219726e-08,-2.52497278312976,0.043,0.47,0.00552114537994048,"Tkt-209",0.00552114537994048,"Down"
7.19560125515377e-08,-1.05839282696154,0.468,0.91,0.00553010738863588,"Ctnnb1-208",0.00553010738863588,"Down"
7.3026031551194e-08,-3.7025592628227,0,0.411,0.00561234262883546,"Armcx2-203",0.00561234262883546,"Down"
7.37865964093335e-08,-1.28866729935917,0.085,0.553,0.00567079508044292,"Topbp1-201",0.00567079508044292,"Down"
7.4032169951617e-08,-2.49000971392293,0.064,0.52,0.00568966838946157,"Polr2m-202",0.00568966838946157,"Down"
7.41389695415726e-08,-2.75579801400061,0.021,0.449,0.00569787636514802,"Zmynd11-203",0.00569787636514802,"Down"
7.43773037620115e-08,-1.74511028103714,0.064,0.512,0.00571619330332563,"Phc1-211",0.00571619330332563,"Down"
7.50425119201047e-08,-1.19931538411288,0.106,0.59,0.00576731721110773,"Mybbp1a-205",0.00576731721110773,"Down"
7.51905908369923e-08,-1.23781942821486,0.043,0.495,0.00577869766818621,"Sin3a-201",0.00577869766818621,"Down"
7.53897950252637e-08,-1.9958975497145,0.043,0.483,0.00579400730687162,"Tpx2-207",0.00579400730687162,"Down"
7.54551659730586e-08,-1.40206662894562,0.17,0.695,0.00579903132569344,"Pum1-201",0.00579903132569344,"Down"
7.58035426817112e-08,3.2859433670402,0.681,0.601,0.00582580546926023,"Smdt1-201",0.00582580546926023,"Up"
7.65939203559103e-08,-2.04553278087298,0.043,0.481,0.00588654915503313,"Arhgef40-202",0.00588654915503313,"Down"
7.67494817851909e-08,-1.41700162636714,0.085,0.547,0.00589850467311906,"Slc25a5-201",0.00589850467311906,"Down"
7.6979735958572e-08,-3.00421908035288,0.021,0.449,0.00591620062736009,"Pdlim7-209",0.00591620062736009,"Down"
7.75516476193015e-08,-1.39960822964466,0.064,0.528,0.0059601543261338,"Tipin-205",0.0059601543261338,"Down"
7.84903176917156e-08,-1.236100133669,0.128,0.636,0.00603229487587911,"Eftud2-202",0.00603229487587911,"Down"
7.91760393705596e-08,-4.55959882803769,0,0.41,0.00608499532978499,"Nckap1-201",0.00608499532978499,"Down"
7.91760393705596e-08,-3.79491492376404,0,0.41,0.00608499532978499,"Bag6-211",0.00608499532978499,"Down"
7.96255792539447e-08,-2.35684345797418,0.021,0.447,0.00611954426798266,"Dnajc7-222",0.00611954426798266,"Down"
7.9898127071296e-08,-2.46182870093573,0.064,0.503,0.00614049065793738,"Eif5-212",0.00614049065793738,"Down"
8.00375650747276e-08,-1.2536826303839,0.064,0.528,0.00615120702625312,"Cdk5rap2-206",0.00615120702625312,"Down"
8.08669730773055e-08,-1.34222426448104,0.021,0.452,0.00621495034888324,"Tdg-208",0.00621495034888324,"Down"
8.08998632472007e-08,-2.55331232656907,0.064,0.508,0.00621747809000036,"Eno1b-201",0.00621747809000036,"Down"
8.14778692722931e-08,-2.21459705305072,0.043,0.48,0.00626190016505281,"Arhgef40-219",0.00626190016505281,"Down"
8.17249262313371e-08,-1.83594123970797,0.085,0.561,0.00628088748058318,"Trp53bp2-201",0.00628088748058318,"Down"
8.31518973667181e-08,-1.20767649311909,0.213,0.741,0.00639055592022175,"Prpf4b-201",0.00639055592022175,"Down"
8.32489960783406e-08,-3.08042170382517,0.021,0.441,0.00639801834460479,"Arhgap21-210",0.00639801834460479,"Down"
8.33753671649264e-08,-2.03933553752962,0.043,0.48,0.00640773046809325,"Arhgef40-204",0.00640773046809325,"Down"
8.41462869613679e-08,-2.03079340666484,0.043,0.48,0.00646697873812897,"Arhgef40-220",0.00646697873812897,"Down"
8.48619789429104e-08,-1.05278746814327,0.128,0.634,0.00652198252967843,"Smg1-201",0.00652198252967843,"Down"
8.58253982130332e-08,-1.54117488469029,0.106,0.6,0.00659602515426445,"Ubr5-204",0.00659602515426445,"Down"
8.60493213768538e-08,-2.85339892463347,0.021,0.45,0.00661323454509672,"Phf2-201",0.00661323454509672,"Down"
8.65965827103597e-08,-1.06691594439703,0.277,0.818,0.00665529376762199,"Hcfc1-201",0.00665529376762199,"Down"
8.70181525754927e-08,-1.10733967079627,0.17,0.653,0.00668769309803692,"Acin1-201",0.00668769309803692,"Down"
8.72647993989902e-08,-1.84941470249585,0.021,0.45,0.00670664889301,"Pkn2-202",0.00670664889301,"Down"
8.86015253426395e-08,-2.13536687066544,0.021,0.449,0.00680938162868321,"Arhgef40-216",0.00680938162868321,"Down"
8.97704157506603e-08,-3.60784547162053,0.021,0.436,0.00689921553210125,"Tug1-201",0.00689921553210125,"Down"
8.97739153499091e-08,-3.09901131314712,0.021,0.439,0.00689948449030191,"Arhgap21-208",0.00689948449030191,"Down"
9.11535905015332e-08,-2.03497445463151,0.043,0.478,0.00700551804440483,"Arhgef40-201",0.00700551804440483,"Down"
9.30127858218914e-08,-4.64780791033615,0,0.407,0.00714840464155564,"Zfp281-202",0.00714840464155564,"Down"
9.30127858218914e-08,-2.57332719071235,0,0.407,0.00714840464155564,"Prom1-216",0.00714840464155564,"Down"
9.39556112016193e-08,-1.10885010466899,0.106,0.592,0.00722086454328925,"Chd7-201",0.00722086454328925,"Down"
9.4158221941168e-08,-1.69898229211631,0.064,0.522,0.00723643598906653,"Knop1-204",0.00723643598906653,"Down"
9.45339979708908e-08,-3.41330872006516,0.021,0.439,0.00726531588005484,"Larp4-202",0.00726531588005484,"Down"
9.49519695401316e-08,-3.55194807533291,0.021,0.441,0.00729743866703727,"Cul3-201",0.00729743866703727,"Down"
9.76269004574429e-08,-1.84997510652614,0.106,0.576,0.00750301780775631,"Appbp2-201",0.00750301780775631,"Down"
9.78378998654162e-08,-2.29750319482825,0.021,0.447,0.0075192339562567,"Hp1bp3-204",0.0075192339562567,"Down"
1.00780384204102e-07,-4.14501721944122,0,0.405,0.00774537564762203,"Phactr4-203",0.00774537564762203,"Down"
1.00780384204102e-07,-2.52494556250073,0,0.405,0.00774537564762203,"Prom1-204",0.00774537564762203,"Down"
1.01367972696579e-07,-1.18569061784386,0.064,0.519,0.00779053417362289,"Trim33-201",0.00779053417362289,"Down"
1.01923063529466e-07,-1.30970147359437,0.234,0.745,0.00783319512449361,"Brd2-203",0.00783319512449361,"Down"
1.0283228790252e-07,-4.32167823111314,0.021,0.433,0.0079030726544603,"Tshz2-202",0.0079030726544603,"Down"
1.02876664534349e-07,-1.89859025784838,0.064,0.52,0.00790648317612284,"Pcgf3-201",0.00790648317612284,"Down"
1.0336080749989e-07,-1.72926089872434,0.106,0.576,0.00794369149959656,"Syncrip-208",0.00794369149959656,"Down"
1.03973666855051e-07,2.70569801127255,0.66,0.581,0.00799079219247809,"Ftl1-ps1-202",0.00799079219247809,"Up"
1.03994657567946e-07,-4.29468022315908,0.021,0.427,0.00799240541272689,"Dlc1-203",0.00799240541272689,"Down"
1.04198656633649e-07,-1.68354537391338,0.064,0.511,0.00800808355692249,"Kdm5c-202",0.00800808355692249,"Down"
1.04726388455158e-07,2.59927300469713,0.766,0.67,0.00804864185833272,"Sparc-201",0.00804864185833272,"Up"
1.05177972957665e-07,-1.61157673855466,0.234,0.72,0.00808334793368838,"Son-204",0.00808334793368838,"Down"
1.07583089282837e-07,-2.12301920137499,0.043,0.467,0.00826819074374316,"Phc1-204",0.00826819074374316,"Down"
1.07804951623324e-07,-3.39618165300729,0.021,0.438,0.00828524175205892,"Tcf7l2-201",0.00828524175205892,"Down"
1.08745844624943e-07,-3.54509417779712,0.021,0.431,0.00835755314280537,"Zfp148-201",0.00835755314280537,"Down"
1.09014502814851e-07,-1.63915201527922,0.043,0.484,0.00837820059933254,"Srsf5-202",0.00837820059933254,"Down"
1.09173109428356e-07,-4.24179115618668,0,0.403,0.0083903901520069,"Fkbp3-205",0.0083903901520069,"Down"
1.09173109428356e-07,-4.00851025863146,0,0.403,0.0083903901520069,"Tdg-201",0.0083903901520069,"Down"
1.09622496267761e-07,-2.72250649700892,0.021,0.444,0.0084249273281625,"Gstm5-205",0.0084249273281625,"Down"
1.12519128688136e-07,-1.2026680069957,0.043,0.478,0.00864754511619799,"Ctnnd1-201",0.00864754511619799,"Down"
1.12727716022135e-07,-2.55672012787719,0.021,0.444,0.0086635758871652,"Usp7-208",0.0086635758871652,"Down"
1.16465975082983e-07,-1.91157397685037,0.064,0.519,0.00895087604902759,"Kif20a-205",0.00895087604902759,"Down"
1.17117526243124e-07,-2.0879366220253,0.043,0.47,0.00900095036188902,"Mcm5-205",0.00900095036188902,"Down"
1.17456506330719e-07,-1.96729625346812,0.043,0.477,0.00902700233754105,"Nup98-204",0.00902700233754105,"Down"
1.18093170503507e-07,-2.23660798775536,0.021,0.444,0.00907593252587654,"Luzp1-207",0.00907593252587654,"Down"
1.182393239381e-07,-4.37653539867697,0,0.402,0.00908716500193876,"Ssbp3-201",0.00908716500193876,"Down"
1.182393239381e-07,-5.1716857622722,0,0.402,0.00908716500193876,"Pdgfc-201",0.00908716500193876,"Down"
1.182393239381e-07,-4.73964511055115,0,0.402,0.00908716500193876,"Kdm3b-201",0.00908716500193876,"Down"
1.182393239381e-07,-4.52982290790651,0,0.402,0.00908716500193876,"Strbp-201",0.00908716500193876,"Down"
1.18379830177565e-07,-3.25057021647234,0.021,0.435,0.00909796346846661,"Gtf3c1-204",0.00909796346846661,"Down"
1.18727063952345e-07,-2.46507481467756,0.064,0.497,0.00912464977299353,"Cherp-201",0.00912464977299353,"Down"
1.18839136179715e-07,-1.42985373757703,0.085,0.544,0.00913326297195582,"Hnrnph2-202",0.00913326297195582,"Down"
1.20547327695832e-07,-3.05060944876724,0.021,0.439,0.00926454432273545,"Zyx-207",0.00926454432273545,"Down"
1.21675030608295e-07,-3.1877608323896,0.021,0.439,0.00935121280236989,"Shoc2-202",0.00935121280236989,"Down"
1.21824301309084e-07,-1.28397414442047,0.106,0.57,0.00936268485280835,"Chd3-201",0.00936268485280835,"Down"
1.22380276150276e-07,-1.88588453478227,0.106,0.548,0.0094054137432533,"Stag1-201",0.0094054137432533,"Down"
1.23182831249325e-07,-3.22053527302308,0.043,0.463,0.00946709331283562,"Zfp638-220",0.00946709331283562,"Down"
1.24038746624178e-07,-1.05898264695204,0.043,0.486,0.00953287383305455,"Lamb1-205",0.00953287383305455,"Down"
1.25167003308265e-07,-3.1381446737086,0.021,0.438,0.00961958487225341,"Ino80d-203",0.00961958487225341,"Down"
1.2519052919415e-07,-2.36963223450754,0.043,0.477,0.00962139293068721,"Nab2-201",0.00962139293068721,"Down"
1.25973415066735e-07,-1.00842379454148,0.213,0.748,0.00968156084153884,"Map7d1-203",0.00968156084153884,"Down"
1.27530606706426e-07,-1.24194668568745,0.34,0.835,0.00980123724781567,"Chd4-203",0.00980123724781567,"Down"
1.27898563555371e-07,-1.85009365141866,0.021,0.442,0.00982951620348451,"Sin3a-206",0.00982951620348451,"Down"
1.27990524272382e-07,-2.95109858401618,0.021,0.441,0.00983658375242966,"Bahcc1-202",0.00983658375242966,"Down"
1.27990524272382e-07,-2.95109858401618,0.021,0.441,0.00983658375242966,"Bahcc1-201",0.00983658375242966,"Down"
1.28030976673776e-07,-3.90241533212756,0,0.4,0.0098396926812864,"Slc4a7-201",0.0098396926812864,"Down"
1.28485721375287e-07,-2.04673135316689,0.043,0.469,0.00987464163057632,"Mcm5-203",0.00987464163057632,"Down"
1.2891269260108e-07,-1.75115125736345,0.085,0.519,0.00990745607716339,"Cyp51-201",0.00990745607716339,"Down"
