"p_val","avg_log2FC","pct.1","pct.2","p_val_adj","gene","p_val_adj_plot","Significance"
1.2919672224796e-19,-5.39711104932822,0.409,1,9.92928489164468e-15,"Ptma-201",9.92928489164468e-15,"Down"
5.51745627125437e-19,-6.02401120091938,0.114,0.972,4.24038584270984e-14,"Eif4g2-213",4.24038584270984e-14,"Down"
8.31255069346648e-19,-4.41227079482401,0.455,1,6.38852770995673e-14,"Actg1-202",6.38852770995673e-14,"Down"
9.90807795125184e-19,-6.29263441032869,0.068,0.958,7.61475422865509e-14,"Tubb5-201",7.61475422865509e-14,"Down"
1.26851340074357e-18,-4.35018310270789,0.523,1,9.74903289007462e-14,"Eef1a1-201",9.74903289007462e-14,"Down"
1.52342016999431e-18,-5.42494798672254,0.136,0.972,1.17080933744743e-13,"Hnrnpu-201",1.17080933744743e-13,"Down"
2.13296615684579e-18,-6.64980304203183,0.136,0.958,1.63926981018227e-13,"Npm1-201",1.63926981018227e-13,"Down"
2.23383436452218e-18,-6.8245551674994,0.114,0.958,1.71679106250988e-13,"Ppia-202",1.71679106250988e-13,"Down"
3.33946792046508e-18,-3.74448908265049,0.614,1,2.56651467559423e-13,"Actb-201",2.56651467559423e-13,"Down"
3.38168605787586e-18,-5.34602247173579,0.159,0.958,2.59896100291991e-13,"Set-201",2.59896100291991e-13,"Down"
6.8647297331397e-18,-5.16904582565804,0.045,0.944,5.27581938910719e-13,"Eif3b-201",5.27581938910719e-13,"Down"
8.24184480647858e-18,-5.08889016527794,0.205,0.958,6.33418740757105e-13,"Ncl-201",6.33418740757105e-13,"Down"
8.67257563732605e-18,-6.30728796959014,0.136,0.944,6.66522128031056e-13,"Pkm-201",6.66522128031056e-13,"Down"
9.59805071376148e-18,-5.21192642619329,0.068,0.958,7.37648589555425e-13,"Septin11-201",7.37648589555425e-13,"Down"
9.75362599118035e-18,-4.84940413775936,0.114,0.944,7.49605171926174e-13,"Srrm2-210",7.49605171926174e-13,"Down"
1.08048410882308e-17,-4.50206078734761,0.25,0.972,8.30395256994888e-13,"Ybx1-201",8.30395256994888e-13,"Down"
1.19796421780744e-17,-5.84063634636097,0.023,0.931,9.20683419953732e-13,"Hmga2-201",9.20683419953732e-13,"Down"
1.30002575739515e-17,-6.45568391460854,0.068,0.931,9.99121795588472e-13,"Hnrnpa1-202",9.99121795588472e-13,"Down"
1.36784944869489e-17,-6.903051875558,0.068,0.931,1.05124701529997e-12,"H1f4-201",1.05124701529997e-12,"Down"
1.51414187946939e-17,-5.99654937454733,0.068,0.931,1.1636786000474e-12,"Eno1-202",1.1636786000474e-12,"Down"
1.64099946766532e-17,-3.51627433909747,0.295,0.972,1.26117373087951e-12,"Eef2-201",1.26117373087951e-12,"Down"
1.8144179366499e-17,-5.30153476489658,0.091,0.931,1.39445276103291e-12,"Nedd4-201",1.39445276103291e-12,"Down"
2.6855906676669e-17,-8.50943326652555,0.023,0.903,2.06398385172872e-12,"Nasp-201",2.06398385172872e-12,"Down"
2.99559870397655e-17,-7.41500665244346,0.091,0.917,2.30223742795413e-12,"Hmgb1-201",2.30223742795413e-12,"Down"
3.00261954012729e-17,-4.3828891450707,0.068,0.944,2.30763322136943e-12,"Kpnb1-201",2.30763322136943e-12,"Down"
3.4330460586758e-17,-4.37853920852858,0.114,0.944,2.6384332179347e-12,"Ddb1-201",2.6384332179347e-12,"Down"
4.19057506950428e-17,-5.74180102166987,0.136,0.931,3.22062456391682e-12,"Hnrnpa3-203",3.22062456391682e-12,"Down"
4.43283703384199e-17,-4.58481191021866,0.159,0.944,3.40681257398892e-12,"Rack1-201",3.40681257398892e-12,"Down"
4.63964257955719e-17,-8.94099924182287,0,0.889,3.56575090809288e-12,"H2az1-201",3.56575090809288e-12,"Down"
5.45557732263695e-17,-5.91561451537052,0.023,0.903,4.1928293955394e-12,"Igf2bp1-201",4.1928293955394e-12,"Down"
6.70500466122899e-17,-5.69222792802962,0.045,0.903,5.15306428234093e-12,"Sfpq-201",5.15306428234093e-12,"Down"
7.31397819674517e-17,4.46268872010615,0.955,0.375,5.62108480332653e-12,"Alas2-201",5.62108480332653e-12,"Up"
8.19086949188982e-17,-5.91655760499918,0.045,0.903,6.295010839297e-12,"Myh10-203",6.295010839297e-12,"Down"
8.34235651553746e-17,-4.91910102751069,0.068,0.931,6.41143467645116e-12,"Hnrnpa1-204",6.41143467645116e-12,"Down"
9.01339760929866e-17,-5.27575237902598,0.023,0.903,6.92715659865039e-12,"Polr2m-201",6.92715659865039e-12,"Down"
1.63891096888077e-16,-5.25203451860998,0.023,0.903,1.25956863602362e-11,"Nono-201",1.25956863602362e-11,"Down"
2.02783453900635e-16,-5.21536018602628,0.477,0.972,1.55847195660794e-11,"Gapdh-203",1.55847195660794e-11,"Down"
2.04309979522171e-16,-5.92704972062272,0.023,0.875,1.57020391661969e-11,"Ankrd11-203",1.57020391661969e-11,"Down"
2.04309979522171e-16,-5.92704972062272,0.023,0.875,1.57020391661969e-11,"Ankrd11-202",1.57020391661969e-11,"Down"
2.77778685061508e-16,-4.84442083210275,0.136,0.903,2.13484030617171e-11,"Ddx5-201",2.13484030617171e-11,"Down"
2.79803731953869e-16,-8.9229603814186,0,0.861,2.15040360155826e-11,"H1f3-201",2.15040360155826e-11,"Down"
2.79803731953869e-16,-6.74371493930391,0,0.861,2.15040360155826e-11,"Smarcc1-201",2.15040360155826e-11,"Down"
2.79803731953869e-16,-7.69975551367798,0,0.861,2.15040360155826e-11,"Ldha-202",2.15040360155826e-11,"Down"
2.92447507849055e-16,-3.85053499531081,0.136,0.944,2.24757607682313e-11,"Pdia3-201",2.24757607682313e-11,"Down"
4.3614213517982e-16,-3.95370882939581,0.114,0.931,3.35192676571099e-11,"Hdlbp-202",3.35192676571099e-11,"Down"
5.21915333458968e-16,-4.6550403977384,0.114,0.889,4.01112810376555e-11,"Anp32b-201",4.01112810376555e-11,"Down"
5.32983109430066e-16,-3.87156839150762,0.159,0.917,4.09618838921383e-11,"Ywhae-201",4.09618838921383e-11,"Down"
5.76529646644666e-16,-6.65620576152423,0.136,0.889,4.43086094632291e-11,"Eif4a1-213",4.43086094632291e-11,"Down"
6.76641833671156e-16,-5.44521034657345,0.045,0.875,5.2002631484963e-11,"Eif2s2-201",5.2002631484963e-11,"Down"
6.80267413804511e-16,-4.51358028562047,0.068,0.889,5.22812718205319e-11,"Hmgn1-201",5.22812718205319e-11,"Down"
6.82492420446831e-16,-3.8892561914045,0.114,0.903,5.24522724810208e-11,"Cfl1-202",5.24522724810208e-11,"Down"
6.83742807271853e-16,-6.76689678510479,0.045,0.861,5.2548369710071e-11,"Cct2-201",5.2548369710071e-11,"Down"
6.85570773260273e-16,-5.62952636732202,0.023,0.861,5.2688856208145e-11,"Ssrp1-201",5.2688856208145e-11,"Down"
7.03542106823216e-16,-3.74016857035548,0.477,0.986,5.40700250777914e-11,"Gnas-202",5.40700250777914e-11,"Down"
7.45878490281111e-16,-5.71699894490209,0.045,0.875,5.73237454920645e-11,"Myh10-202",5.73237454920645e-11,"Down"
7.9404329873128e-16,-6.91683678436055,0.023,0.861,6.10254036806938e-11,"Nnat-202",6.10254036806938e-11,"Down"
8.33829974325612e-16,-5.8028905144753,0.023,0.861,6.40831688468206e-11,"Rad21-201",6.40831688468206e-11,"Down"
8.66525481175245e-16,-6.18903806899673,0.091,0.875,6.65959493302423e-11,"Hnrnpk-224",6.65959493302423e-11,"Down"
8.72631704008037e-16,-5.9988768627321,0.045,0.861,6.70652369798337e-11,"Caprin1-201",6.70652369798337e-11,"Down"
9.61832933671179e-16,-6.62312770091434,0.045,0.861,7.39207082843648e-11,"Nap1l1-203",7.39207082843648e-11,"Down"
1.04778758182224e-15,-4.87023906126378,0.045,0.875,8.05266668133665e-11,"St13-205",8.05266668133665e-11,"Down"
1.06417797765486e-15,-5.26792284486892,0.023,0.861,8.17863342946867e-11,"Eif3c-201",8.17863342946867e-11,"Down"
1.07894421278583e-15,-4.62833806751654,0.045,0.889,8.29211785294419e-11,"Cct8-201",8.29211785294419e-11,"Down"
1.11272638884767e-15,-5.62147330225356,0.045,0.861,8.55174738884989e-11,"Tmed2-201",8.55174738884989e-11,"Down"
1.14046158865411e-15,-6.60065477675703,0.023,0.847,8.76490349344231e-11,"Eif3f-201",8.76490349344231e-11,"Down"
1.14046158865411e-15,-7.13020259380716,0.023,0.847,8.76490349344231e-11,"Cct5-201",8.76490349344231e-11,"Down"
1.21144972779095e-15,-6.89515771431662,0.068,0.861,9.3104757379646e-11,"Hnrnpa2b1-204",9.3104757379646e-11,"Down"
1.22604024863782e-15,-5.30191612283278,0.045,0.861,9.4226097268811e-11,"Slc25a3-201",9.4226097268811e-11,"Down"
1.28688592652494e-15,-5.36885732197001,0.045,0.861,9.89023309971475e-11,"Supt16-201",9.89023309971475e-11,"Down"
1.29242211243323e-15,-4.32129331831627,0.091,0.889,9.93278090289438e-11,"H3f3b-202",9.93278090289438e-11,"Down"
1.29242211243323e-15,-4.32129331831627,0.091,0.889,9.93278090289438e-11,"H3f3b-201",9.93278090289438e-11,"Down"
1.4567227724847e-15,-5.95107447350509,0.114,0.875,1.11954971956539e-10,"Fus-203",1.11954971956539e-10,"Down"
1.56145347179448e-15,-5.63799958017159,0.045,0.861,1.20003945121293e-10,"Fkbp4-201",1.20003945121293e-10,"Down"
1.59438451886575e-15,-6.27744273082766,0,0.833,1.22534827812908e-10,"Pa2g4-202",1.22534827812908e-10,"Down"
1.59438451886575e-15,-7.47356256713548,0,0.833,1.22534827812908e-10,"Anp32a-201",1.22534827812908e-10,"Down"
1.59438451886575e-15,-6.73150880304747,0,0.833,1.22534827812908e-10,"Pdia6-201",1.22534827812908e-10,"Down"
1.59438451886575e-15,-6.73150880304747,0,0.833,1.22534827812908e-10,"Pdia6-206",1.22534827812908e-10,"Down"
1.59438451886575e-15,-6.57617287816673,0,0.833,1.22534827812908e-10,"Cct4-204",1.22534827812908e-10,"Down"
1.81757656597541e-15,-4.31792615039289,0.25,0.931,1.39688029401474e-10,"Mest-211",1.39688029401474e-10,"Down"
2.08475813482317e-15,-5.10104450461496,0.045,0.861,1.602220016937e-10,"Pnn-201",1.602220016937e-10,"Down"
2.60084235938632e-15,-5.40656874236848,0.023,0.847,1.99885138688276e-10,"Etf1-201",1.99885138688276e-10,"Down"
2.60869124584639e-15,-5.08255567355713,0.091,0.875,2.00488357008278e-10,"Ewsr1-203",2.00488357008278e-10,"Down"
2.95127295416185e-15,-4.2586464878308,0.045,0.889,2.26817131619155e-10,"Prdx1-204",2.26817131619155e-10,"Down"
2.95127295416185e-15,-5.41377254326903,0.091,0.861,2.26817131619155e-10,"Grb10-201",2.26817131619155e-10,"Down"
3.05150418229241e-15,-6.27085419457768,0.023,0.833,2.34520302425901e-10,"Alyref-201",2.34520302425901e-10,"Down"
3.20222215428289e-15,-5.47612694826718,0.023,0.833,2.46103581445257e-10,"Ubap2l-202",2.46103581445257e-10,"Down"
3.20222215428289e-15,-5.46396558480542,0.023,0.833,2.46103581445257e-10,"Ubap2l-208",2.46103581445257e-10,"Down"
3.55593343681256e-15,-4.64176180848122,0.023,0.861,2.73287708352793e-10,"Phb2-201",2.73287708352793e-10,"Down"
3.6351529805771e-15,-4.49777165040715,0.091,0.875,2.79376047169273e-10,"Eif3a-201",2.79376047169273e-10,"Down"
3.70223913959179e-15,-4.83007312295174,0.045,0.861,2.84531886834188e-10,"Smarce1-201",2.84531886834188e-10,"Down"
3.72769377837537e-15,-7.12924440503376,0,0.819,2.86488177643261e-10,"Tmpo-202",2.86488177643261e-10,"Down"
3.72769377837537e-15,-6.85211858113527,0,0.819,2.86488177643261e-10,"Zfp462-203",2.86488177643261e-10,"Down"
3.72769377837537e-15,-6.91586218423094,0,0.819,2.86488177643261e-10,"Ipo5-201",2.86488177643261e-10,"Down"
3.8551033693613e-15,-4.00748126869086,0.091,0.889,2.96280114348893e-10,"Vcp-201",2.96280114348893e-10,"Down"
3.88191800280346e-15,-5.61035822983751,0.023,0.833,2.98340926187457e-10,"Mybbp1a-201",2.98340926187457e-10,"Down"
4.07292413618257e-15,-6.0699024292598,0.023,0.833,3.13020511562175e-10,"Smarca5-201",3.13020511562175e-10,"Down"
4.48398991104244e-15,-2.5911936182717,0.705,0.972,3.44612560623256e-10,"Tpt1-201",3.44612560623256e-10,"Down"
4.62416467935464e-15,-4.22296106144197,0.045,0.875,3.55385552267121e-10,"Stip1-201",3.55385552267121e-10,"Down"
4.70319718865501e-15,-5.33419374632097,0.023,0.833,3.61459516736892e-10,"Ppp1ca-201",3.61459516736892e-10,"Down"
4.96525312233328e-15,-4.92804245923232,0.045,0.847,3.81599563463802e-10,"Eif3h-201",3.81599563463802e-10,"Down"
4.96899936214446e-15,-4.84467614793506,0.091,0.861,3.81887476978251e-10,"Ywhaq-202",3.81887476978251e-10,"Down"
5.42925858670241e-15,-5.68924995883468,0.023,0.833,4.17260239422427e-10,"Smc3-201",4.17260239422427e-10,"Down"
5.72597363377007e-15,-4.83793579367111,0.045,0.847,4.40063977649765e-10,"Arhgap35-201",4.40063977649765e-10,"Down"
6.54155635629802e-15,-4.59725618057477,0.045,0.861,5.02744772206928e-10,"Eif4g1-202",5.02744772206928e-10,"Down"
6.6011485826416e-15,-5.2212066819149,0.045,0.847,5.07324673170338e-10,"Nisch-201",5.07324673170338e-10,"Down"
7.23897490246257e-15,-4.89317995003748,0.091,0.861,5.56344177153858e-10,"Mdh2-201",5.56344177153858e-10,"Down"
7.65788473941823e-15,-6.46052366681681,0.023,0.819,5.88539073763248e-10,"Psmd3-201",5.88539073763248e-10,"Down"
7.65788473941823e-15,-6.18807643491052,0.023,0.819,5.88539073763248e-10,"Tpr-201",5.88539073763248e-10,"Down"
8.08023279393658e-15,-4.0864533695294,0.068,0.889,6.20998211145202e-10,"Igfbp4-201",6.20998211145202e-10,"Down"
8.18267795742586e-15,-4.99346990188483,0.159,0.861,6.28871531740007e-10,"Eef1g-201",6.28871531740007e-10,"Down"
8.59777424948151e-15,-7.19418298241862,0,0.806,6.60773342169652e-10,"Mcm4-201",6.60773342169652e-10,"Down"
8.59777424948151e-15,-6.33983548076731,0,0.806,6.60773342169652e-10,"Fkbp3-201",6.60773342169652e-10,"Down"
8.59777424948151e-15,-6.1609315399581,0,0.806,6.60773342169652e-10,"Pa2g4-201",6.60773342169652e-10,"Down"
8.59777424948151e-15,-6.82051678883187,0,0.806,6.60773342169652e-10,"Ppm1g-201",6.60773342169652e-10,"Down"
8.93456597688249e-15,-3.77583155610974,0.159,0.903,6.86657133587327e-10,"Rrbp1-201",6.86657133587327e-10,"Down"
9.43198708796358e-15,-4.71551727141349,0.023,0.847,7.24885935658353e-10,"Atxn10-201",7.24885935658353e-10,"Down"
1.01888372999918e-14,-5.6910958501373,0.023,0.819,7.83052901853574e-10,"Pdap1-201",7.83052901853574e-10,"Down"
1.10760428248674e-14,-6.24331699663055,0.045,0.819,8.51238195262361e-10,"Tcp1-209",8.51238195262361e-10,"Down"
1.12217766757066e-14,-3.60784971399564,0.205,0.903,8.62438424634752e-10,"Atp5b-201",8.62438424634752e-10,"Down"
1.17266453174381e-14,-4.19122802514256,0.091,0.875,9.0123959922639e-10,"Ywhag-201",9.0123959922639e-10,"Down"
1.23165707062502e-14,-5.6189127656321,0.023,0.819,9.46577725058157e-10,"Fasn-201",9.46577725058157e-10,"Down"
1.33783897817356e-14,-5.45582348234379,0.068,0.833,1.02818276828551e-09,"Gnai2-201",1.02818276828551e-09,"Down"
1.35387570171469e-14,-5.39111004186989,0.023,0.819,1.0405076317958e-09,"Atp5pb-201",1.0405076317958e-09,"Down"
1.36131347679894e-14,-4.27336429260586,0.114,0.889,1.04622385945905e-09,"Peg3-201",1.04622385945905e-09,"Down"
1.40224667664192e-14,-6.12944322347443,0.045,0.819,1.07768266086638e-09,"Maged1-201",1.07768266086638e-09,"Down"
1.41938395051937e-14,-5.2942244185153,0.023,0.819,1.09085334133216e-09,"Pom121-201",1.09085334133216e-09,"Down"
1.49452415159209e-14,-6.49436180713079,0.023,0.806,1.14860159146458e-09,"Thrap3-201",1.14860159146458e-09,"Down"
1.49452415159209e-14,-6.38832075210425,0.023,0.806,1.14860159146458e-09,"Dbn1-203",1.14860159146458e-09,"Down"
1.55145729401499e-14,-3.63616755770441,0.182,0.903,1.19235698874228e-09,"Naca-201",1.19235698874228e-09,"Down"
1.61992399667623e-14,-4.6792889157031,0.045,0.833,1.24497638840555e-09,"Scaf11-201",1.24497638840555e-09,"Down"
1.64288234580343e-14,-5.5623172128046,0.023,0.806,1.26262079804377e-09,"Psmd2-201",1.26262079804377e-09,"Down"
1.69237786627776e-14,-4.90722717032265,0.023,0.833,1.30066008534911e-09,"Cacybp-201",1.30066008534911e-09,"Down"
1.69237786627776e-14,-5.60903611182026,0.045,0.819,1.30066008534911e-09,"Hnrnph1-201",1.30066008534911e-09,"Down"
1.69755459326266e-14,-4.74251229832972,0.045,0.833,1.30463860710608e-09,"Igf2bp2-201",1.30463860710608e-09,"Down"
1.72240257498624e-14,-5.97545237979785,0.023,0.806,1.32373527497993e-09,"Nudc-201",1.32373527497993e-09,"Down"
1.76603401554251e-14,-5.73456265413496,0.159,0.889,1.35726778230504e-09,"Serpinh1-202",1.35726778230504e-09,"Down"
1.7707342540874e-14,-4.67962492997,0.068,0.833,1.36088010363633e-09,"Sf3b1-201",1.36088010363633e-09,"Down"
1.77884237190052e-14,-4.79306684354393,0.045,0.833,1.36711151650043e-09,"Sf3b2-201",1.36711151650043e-09,"Down"
1.80570650973531e-14,-6.1592403624679,0.023,0.806,1.38775768099198e-09,"Tpr-203",1.38775768099198e-09,"Down"
1.95666121612775e-14,-7.08252921652169,0,0.792,1.50377241104282e-09,"Sox4-201",1.50377241104282e-09,"Down"
1.95666121612775e-14,-6.16662455694613,0,0.792,1.50377241104282e-09,"Ssb-201",1.50377241104282e-09,"Down"
1.95666121612775e-14,-8.03904080446654,0,0.792,1.50377241104282e-09,"Macroh2a2-201",1.50377241104282e-09,"Down"
1.95666121612775e-14,-7.90232883053001,0,0.792,1.50377241104282e-09,"H2ac15-201",1.50377241104282e-09,"Down"
1.95666121612775e-14,-8.74491129107304,0,0.792,1.50377241104282e-09,"H1f5-201",1.50377241104282e-09,"Down"
1.95666121612775e-14,-6.61312491480523,0,0.792,1.50377241104282e-09,"Mlf2-202",1.50377241104282e-09,"Down"
1.95666121612775e-14,-6.50219638128985,0,0.792,1.50377241104282e-09,"Tardbp-202",1.50377241104282e-09,"Down"
1.95666121612775e-14,-6.60323907953322,0,0.792,1.50377241104282e-09,"Nop58-215",1.50377241104282e-09,"Down"
1.95666121612775e-14,-7.17590846898532,0,0.792,1.50377241104282e-09,"Hnrnpd-211",1.50377241104282e-09,"Down"
1.98438092344857e-14,-6.19406502899108,0.023,0.806,1.52507611490717e-09,"Mcm2-201",1.52507611490717e-09,"Down"
2.05639621474318e-14,-3.66304578012148,0.091,0.889,1.58042274687873e-09,"Gdi2-209",1.58042274687873e-09,"Down"
2.06874585951403e-14,-4.84217618210109,0.023,0.819,1.58991394287091e-09,"Tnpo1-202",1.58991394287091e-09,"Down"
2.2345524104748e-14,-5.03121827067159,0.068,0.833,1.7173429095463e-09,"Nucks1-201",1.7173429095463e-09,"Down"
2.24633810361752e-14,-4.51388130216079,0.045,0.833,1.72640068615421e-09,"Prpf8-201",1.72640068615421e-09,"Down"
2.46093128418795e-14,-4.61850862798129,0.045,0.819,1.8913241291498e-09,"Uba1-201",1.8913241291498e-09,"Down"
2.51070055185739e-14,-5.55037571473172,0.023,0.806,1.92957380212448e-09,"Tnks2-201",1.92957380212448e-09,"Down"
2.53552404360077e-14,-4.09214547597905,0.091,0.861,1.94865164846894e-09,"Hnrnpf-209",1.94865164846894e-09,"Down"
2.58281318675217e-14,-4.52243857622926,0.045,0.833,1.98499524654651e-09,"Lmnb1-201",1.98499524654651e-09,"Down"
2.59481771769851e-14,-4.34679256835137,0.068,0.847,1.99422120876001e-09,"Eif4b-201",1.99422120876001e-09,"Down"
2.63136917637044e-14,-4.47487939857752,0.023,0.806,2.02231246680774e-09,"Septin9-202",2.02231246680774e-09,"Down"
2.63136917637044e-14,-4.47487939857752,0.023,0.806,2.02231246680774e-09,"Septin9-201",2.02231246680774e-09,"Down"
2.63136917637044e-14,-5.47909711572524,0.023,0.806,2.02231246680774e-09,"Ctnnb1-201",2.02231246680774e-09,"Down"
2.70143863665552e-14,-5.49462725646468,0.045,0.819,2.07616364981524e-09,"Cbx5-202",2.07616364981524e-09,"Down"
2.93888393746383e-14,-6.25081783745427,0.045,0.806,2.25864986129845e-09,"Cnn3-201",2.25864986129845e-09,"Down"
3.04638846422689e-14,-3.97957774784547,0.091,0.861,2.34127139029694e-09,"Hnrnpf-203",2.34127139029694e-09,"Down"
3.10614953649534e-14,-5.16560443091392,0.045,0.819,2.38720016477812e-09,"Cdk4-201",2.38720016477812e-09,"Down"
3.17374640903369e-14,-5.52548631424516,0.023,0.806,2.43915106519875e-09,"Btf3-205",2.43915106519875e-09,"Down"
3.33723050299927e-14,-5.48275386132187,0.159,0.889,2.56479513077506e-09,"Serpinh1-205",2.56479513077506e-09,"Down"
3.43002155075127e-14,-5.14090863893138,0.114,0.833,2.63610876261438e-09,"Eef1b2-204",2.63610876261438e-09,"Down"
3.48214557393197e-14,-6.39922964430453,0.023,0.792,2.67616815938968e-09,"Cct6a-201",2.67616815938968e-09,"Down"
3.57034520662079e-14,-4.6909078654232,0.045,0.819,2.74395310509634e-09,"Top2b-201",2.74395310509634e-09,"Down"
3.58230722509127e-14,-4.47906975331611,0.068,0.847,2.75314639477165e-09,"Hnrnpa1-201",2.75314639477165e-09,"Down"
3.64919941746516e-14,-6.23661784953295,0.023,0.792,2.80455572029867e-09,"Phip-201",2.80455572029867e-09,"Down"
3.64919941746516e-14,-5.83976050600808,0.023,0.792,2.80455572029867e-09,"Eif3e-201",2.80455572029867e-09,"Down"
3.65132247515758e-14,-5.08281372374587,0.023,0.806,2.80618737505761e-09,"Sdhb-201",2.80618737505761e-09,"Down"
3.70225652799167e-14,-3.68396172226258,0.091,0.875,2.84533223202272e-09,"Top1-201",2.84533223202272e-09,"Down"
3.70975593942876e-14,-5.31261952509966,0.045,0.806,2.85109582968858e-09,"Matr3-201",2.85109582968858e-09,"Down"
3.7591831627026e-14,-4.37309596513919,0.091,0.847,2.88908262786346e-09,"Dync1h1-201",2.88908262786346e-09,"Down"
3.82412831886179e-14,-5.51416112928252,0.023,0.792,2.93899557817804e-09,"Eif5a-210",2.93899557817804e-09,"Down"
3.91703994063408e-14,-4.96257153202141,0.045,0.819,3.01040187597492e-09,"Eef1d-218",3.01040187597492e-09,"Down"
3.9978350399936e-14,-5.41752247441029,0.159,0.889,3.07249614163669e-09,"Serpinh1-203",3.07249614163669e-09,"Down"
4.01792871931293e-14,-4.69110035509775,0.091,0.833,3.08793893794076e-09,"Ywhaq-201",3.08793893794076e-09,"Down"
4.18213260933747e-14,-3.16668813700694,0.114,0.917,3.21413619558022e-09,"Itgb1-201",3.21413619558022e-09,"Down"
4.29678715429689e-14,-5.18480822598845,0.045,0.819,3.30225279956333e-09,"Hmgb2-201",3.30225279956333e-09,"Down"
4.31196303175022e-14,-4.15541809711083,0.091,0.847,3.31391606842132e-09,"Brd4-203",3.31391606842132e-09,"Down"
4.39454562632904e-14,-6.67538425306074,0,0.778,3.37738409565892e-09,"Anp32e-202",3.37738409565892e-09,"Down"
4.39454562632904e-14,-6.1048284976767,0,0.778,3.37738409565892e-09,"Hmgb3-204",3.37738409565892e-09,"Down"
4.39454562632904e-14,-6.89548812095623,0,0.778,3.37738409565892e-09,"H2ax-201",3.37738409565892e-09,"Down"
4.39454562632904e-14,-5.74242874622861,0,0.778,3.37738409565892e-09,"U2af1-201",3.37738409565892e-09,"Down"
4.39454562632904e-14,-6.63832287675513,0,0.778,3.37738409565892e-09,"Rbm25-201",3.37738409565892e-09,"Down"
4.39454562632904e-14,-6.45200457238079,0,0.778,3.37738409565892e-09,"Smarcc1-207",3.37738409565892e-09,"Down"
4.46691011411799e-14,-4.61870740482108,0.068,0.833,3.43299909910424e-09,"Rab1a-201",3.43299909910424e-09,"Down"
4.61013628380461e-14,-5.80458106708184,0.023,0.792,3.5430741395552e-09,"Sumo2-207",3.5430741395552e-09,"Down"
4.61013628380461e-14,-5.1096601165392,0.023,0.792,3.5430741395552e-09,"Elavl1-201",3.5430741395552e-09,"Down"
4.70056280002121e-14,-3.5785930508616,0.068,0.875,3.6125705343283e-09,"Huwe1-201",3.6125705343283e-09,"Down"
4.78822266252777e-14,-4.65899161440183,0.023,0.819,3.67994064505909e-09,"Smc1a-201",3.67994064505909e-09,"Down"
4.82816650910551e-14,-4.68623185109896,0.023,0.806,3.71063908890795e-09,"Tnpo1-201",3.71063908890795e-09,"Down"
4.9371196175215e-14,-3.92654071551333,0.068,0.847,3.79437391084997e-09,"Kmt2d-202",3.79437391084997e-09,"Down"
4.9371196175215e-14,-3.92654071551333,0.068,0.847,3.79437391084997e-09,"Kmt2d-201",3.79437391084997e-09,"Down"
6.03368484340166e-14,-3.70167065320793,0.091,0.861,4.63712814954791e-09,"Hnrnpul1-205",4.63712814954791e-09,"Down"
6.46466596762524e-14,-5.04103182308947,0.045,0.806,4.96835438275871e-09,"Ube2n-201",4.96835438275871e-09,"Down"
6.68832588496608e-14,-5.25903817238188,0.023,0.792,5.14024597563183e-09,"Sp1-201",5.14024597563183e-09,"Down"
6.76931664157187e-14,-5.20739001576941,0.045,0.806,5.20249061171365e-09,"Psmd1-201",5.20249061171365e-09,"Down"
7.00562261931422e-14,-5.3037214190063,0.023,0.792,5.38410120784775e-09,"Raly-202",5.38410120784775e-09,"Down"
7.10843077331014e-14,-3.67612674334147,0.068,0.847,5.46311338651977e-09,"Aldoa-201",5.46311338651977e-09,"Down"
7.46376748400838e-14,-4.32477271269111,0.045,0.819,5.7362038621598e-09,"Atp5g1-202",5.7362038621598e-09,"Down"
7.8413488101312e-14,-3.57406544505735,0.205,0.889,6.02639021453824e-09,"Ywhaz-201",6.02639021453824e-09,"Down"
8.51735478863747e-14,-4.73126134087666,0.045,0.806,6.54592784925944e-09,"Tkt-201",6.54592784925944e-09,"Down"
8.78034355342804e-14,-5.56053923351655,0.023,0.778,6.74804523455159e-09,"Ttc3-235",6.74804523455159e-09,"Down"
8.97238697732231e-14,-4.16781342795479,0.159,0.847,6.89563828755129e-09,"Gpc3-201",6.89563828755129e-09,"Down"
9.19652017771033e-14,-5.24515481685444,0.023,0.778,7.0678936173775e-09,"Psmd13-201",7.0678936173775e-09,"Down"
9.19652017771033e-14,-5.64285427161546,0.023,0.778,7.0678936173775e-09,"Ankrd11-201",7.0678936173775e-09,"Down"
9.65250772084474e-14,-4.54029729423434,0.023,0.806,7.41833828377802e-09,"Tbl1x-201",7.41833828377802e-09,"Down"
9.68075684503183e-14,-4.38390314187315,0.023,0.792,7.44004886568076e-09,"Ncoa6-203",7.44004886568076e-09,"Down"
9.68075684503183e-14,-4.38390314187315,0.023,0.792,7.44004886568076e-09,"Ncoa6-201",7.44004886568076e-09,"Down"
9.74239593840865e-14,-6.72744438004305,0,0.764,7.48742097450459e-09,"Ipo7-201",7.48742097450459e-09,"Down"
9.74239593840865e-14,-6.70794115126408,0,0.764,7.48742097450459e-09,"Gars-201",7.48742097450459e-09,"Down"
9.74239593840865e-14,-6.43771545342203,0,0.764,7.48742097450459e-09,"Eif3d-201",7.48742097450459e-09,"Down"
9.74239593840865e-14,-6.03306437726406,0,0.764,7.48742097450459e-09,"Knop1-204",7.48742097450459e-09,"Down"
9.74239593840865e-14,-6.01498827786178,0,0.764,7.48742097450459e-09,"Rbmxl1-201",7.48742097450459e-09,"Down"
9.74239593840865e-14,-6.8755823604351,0,0.764,7.48742097450459e-09,"Rrm1-201",7.48742097450459e-09,"Down"
9.74239593840865e-14,-6.94945196338509,0,0.764,7.48742097450459e-09,"Selenoh-203",7.48742097450459e-09,"Down"
9.74239593840865e-14,-5.69284290451765,0,0.764,7.48742097450459e-09,"Sulf2-202",7.48742097450459e-09,"Down"
9.76086287127821e-14,-3.85134770292865,0.068,0.847,7.50161355109216e-09,"Baz1b-201",7.50161355109216e-09,"Down"
9.79321146792532e-14,-4.24567936316463,0.045,0.833,7.52647474155933e-09,"G3bp1-201",7.52647474155933e-09,"Down"
1.07192806741205e-13,-4.19094897274756,0.205,0.875,8.23819596928856e-09,"Dynll1-201",8.23819596928856e-09,"Down"
1.0754634325428e-13,-4.01556625186124,0.045,0.819,8.26536666446441e-09,"Bcas2-201",8.26536666446441e-09,"Down"
1.10640045880953e-13,-6.02415114612121,0.023,0.778,8.5031300861348e-09,"Slc38a2-201",8.5031300861348e-09,"Down"
1.14791350079e-13,-5.6207710875447,0.068,0.819,8.82217441897145e-09,"Vcan-203",8.82217441897145e-09,"Down"
1.21833167770911e-13,-4.93910105435324,0.023,0.792,9.36336627586556e-09,"Dcakd-201",9.36336627586556e-09,"Down"
1.25074840451128e-13,-3.78287010225735,0.091,0.833,9.61250178803096e-09,"Rbbp4-201",9.61250178803096e-09,"Down"
1.25434295822908e-13,-2.05333407348931,0.182,0.944,9.64012737117378e-09,"Serpinh1-201",9.64012737117378e-09,"Down"
1.27770012592961e-13,-4.03619149988796,0.114,0.833,9.81963654781941e-09,"Atp5a1-201",9.81963654781941e-09,"Down"
1.33627674307597e-13,-3.83559594896644,0.068,0.861,1.02698212812361e-08,"Dstn-201",1.02698212812361e-08,"Down"
1.34971173654059e-13,-4.07965779380989,0.045,0.819,1.03730745800091e-08,"Sox11-201",1.03730745800091e-08,"Down"
1.4570018183371e-13,-4.17983771036616,0.023,0.806,1.11976417746479e-08,"Eif3m-201",1.11976417746479e-08,"Down"
1.45837042933329e-13,-5.54812141735995,0.023,0.778,1.12081600975981e-08,"Dhx9-201",1.12081600975981e-08,"Down"
1.47771550468455e-13,-4.15440409927571,0.068,0.806,1.13568347397027e-08,"Atp5c1-203",1.13568347397027e-08,"Down"
1.4925676126806e-13,-3.22831543166747,0.136,0.875,1.14709791304955e-08,"Marcksl1-201",1.14709791304955e-08,"Down"
1.52493217559014e-13,-3.79745774235376,0.023,0.806,1.17197137422805e-08,"Tceal8-201",1.17197137422805e-08,"Down"
1.60350928858607e-13,-4.85136859557257,0.023,0.792,1.23236102864994e-08,"Hmgcs1-202",1.23236102864994e-08,"Down"
1.64054430375505e-13,-5.9790762804761,0.045,0.778,1.26082391920791e-08,"Rbm3-206",1.26082391920791e-08,"Down"
1.64770504665693e-13,-4.02864196606422,0.068,0.819,1.26632723655772e-08,"Trim28-201",1.26632723655772e-08,"Down"
1.64770504665693e-13,-4.27937312005102,0.068,0.819,1.26632723655772e-08,"Hnrnph1-203",1.26632723655772e-08,"Down"
1.67111792483496e-13,-3.70614906876512,0.114,0.833,1.28432096995266e-08,"Canx-201",1.28432096995266e-08,"Down"
1.67841942108817e-13,-4.90628690614249,0.023,0.792,1.28993246188311e-08,"Eif2s3x-201",1.28993246188311e-08,"Down"
1.7657063588754e-13,-4.26523814851541,0.045,0.806,1.3570159650501e-08,"Atp5g1-203",1.3570159650501e-08,"Down"
1.8522282756724e-13,-3.69361621300778,0.045,0.819,1.42351151898527e-08,"Arid1a-205",1.42351151898527e-08,"Down"
1.91411217600311e-13,-4.87524798308884,0.045,0.792,1.47107177174543e-08,"Psma5-201",1.47107177174543e-08,"Down"
1.98898500565167e-13,-5.54753163021906,0.023,0.764,1.52861453624353e-08,"Ttc3-234",1.52861453624353e-08,"Down"
2.08227750453461e-13,-6.02700826507003,0.023,0.764,1.60031355333503e-08,"Eif4e-201",1.60031355333503e-08,"Down"
2.13233513512614e-13,-6.07050495787423,0,0.75,1.63878484474984e-08,"Ssb-206",1.63878484474984e-08,"Down"
2.13233513512614e-13,-7.68758780335484,0,0.75,1.63878484474984e-08,"H3c6-201",1.63878484474984e-08,"Down"
2.13233513512614e-13,-6.21451643658506,0,0.75,1.63878484474984e-08,"Smo-201",1.63878484474984e-08,"Down"
2.13233513512614e-13,-6.41482839132855,0,0.75,1.63878484474984e-08,"Pfkl-201",1.63878484474984e-08,"Down"
2.13233513512614e-13,-5.52067281457515,0,0.75,1.63878484474984e-08,"Prmt1-203",1.63878484474984e-08,"Down"
2.13233513512614e-13,-6.48692585551567,0,0.75,1.63878484474984e-08,"Taf15-201",1.63878484474984e-08,"Down"
2.36394517223274e-13,-3.64207538267152,0.114,0.847,1.81678642266775e-08,"Selenof-201",1.81678642266775e-08,"Down"
2.44630750125628e-13,-4.02367356956056,0.091,0.833,1.8800851670155e-08,"Ptges3-201",1.8800851670155e-08,"Down"
2.5003831180433e-13,-6.39289743014322,0.023,0.764,1.921644441541e-08,"Stmn1-201",1.921644441541e-08,"Down"
2.50128709259362e-13,-3.43431929901208,0.068,0.847,1.9223391821419e-08,"Ppp2ca-201",1.9223391821419e-08,"Down"
2.50128709259362e-13,-3.03087987398262,0.068,0.847,1.9223391821419e-08,"Cltc-202",1.9223391821419e-08,"Down"
2.52382569917076e-13,-5.26310950383993,0.023,0.778,1.9396610028407e-08,"Fermt2-201",1.9396610028407e-08,"Down"
2.6018580366286e-13,-2.98380876362905,0.114,0.875,1.99963197547054e-08,"Hnrnpf-201",1.99963197547054e-08,"Down"
2.73932949599023e-13,-5.57627132591878,0.023,0.764,2.10528429084833e-08,"Eprs-201",2.10528429084833e-08,"Down"
2.92642583828838e-13,-3.0829247273387,0.182,0.903,2.24907531375815e-08,"Calm1-202",2.24907531375815e-08,"Down"
3.08467561356005e-13,-3.59143963980787,0.068,0.819,2.37069659604544e-08,"Chd7-202",2.37069659604544e-08,"Down"
3.17369372238973e-13,-3.86341669313725,0.045,0.819,2.43911057340541e-08,"Tnrc6a-201",2.43911057340541e-08,"Down"
3.39023592352419e-13,-4.38911932465745,0.045,0.778,2.60553191666528e-08,"Aldoa-203",2.60553191666528e-08,"Down"
3.39023592352419e-13,-4.38911932465745,0.045,0.778,2.60553191666528e-08,"ENSMUST00000381763.1",2.60553191666528e-08,"Down"
3.39799717693969e-13,-4.00709310004902,0.114,0.833,2.61149675036523e-08,"Calr-201",2.61149675036523e-08,"Down"
3.59892191177359e-13,-5.40904621628316,0.023,0.764,2.76591544607447e-08,"Ptk7-201",2.76591544607447e-08,"Down"
3.62727329723522e-13,-4.80203498891938,0.023,0.778,2.78770461985715e-08,"Hmgcs1-201",2.78770461985715e-08,"Down"
3.70893718729419e-13,-4.55013603900205,0.068,0.792,2.85046658592307e-08,"Eif3i-201",2.85046658592307e-08,"Down"
3.79272099048445e-13,-3.94740391397037,0.045,0.806,2.91485779002692e-08,"Ppib-201",2.91485779002692e-08,"Down"
3.93887240703287e-13,-3.51535797622371,0.045,0.833,3.02718099970105e-08,"Stt3b-201",3.02718099970105e-08,"Down"
3.96590265733529e-13,-4.04558204878696,0.045,0.806,3.04795482826846e-08,"Crebbp-201",3.04795482826846e-08,"Down"
4.03098112849943e-13,-3.18805763225299,0.114,0.875,3.09797023649695e-08,"Rad23b-201",3.09797023649695e-08,"Down"
4.25707665274792e-13,-4.91160618346853,0.455,0.972,3.27173369070289e-08,"Gapdh-202",3.27173369070289e-08,"Down"
4.44020585268591e-13,-4.87946594949714,0.045,0.778,3.41247580602323e-08,"Mtdh-201",3.41247580602323e-08,"Down"
4.4461085619287e-13,-5.38941005371335,0.023,0.75,3.41701227418469e-08,"Ezh2-201",3.41701227418469e-08,"Down"
4.53337964357172e-13,-4.09972197826685,0.045,0.806,3.48408359127061e-08,"Eif5b-201",3.48408359127061e-08,"Down"
4.60858021670402e-13,-5.46648111056075,0,0.736,3.5418782397457e-08,"Srebf2-201",3.5418782397457e-08,"Down"
4.60858021670402e-13,-6.20523967697054,0,0.736,3.5418782397457e-08,"Ruvbl1-201",3.5418782397457e-08,"Down"
4.60858021670402e-13,-5.6080234918442,0,0.736,3.5418782397457e-08,"Senp6-201",3.5418782397457e-08,"Down"
4.60858021670402e-13,-6.01994746640096,0,0.736,3.5418782397457e-08,"Pdha1-201",3.5418782397457e-08,"Down"
4.60858021670402e-13,-6.62838734878404,0,0.736,3.5418782397457e-08,"Psip1-201",3.5418782397457e-08,"Down"
4.60858021670402e-13,-5.35232329874582,0,0.736,3.5418782397457e-08,"Eif3k-201",3.5418782397457e-08,"Down"
4.60858021670402e-13,-5.99325290986084,0,0.736,3.5418782397457e-08,"Rsl1d1-201",3.5418782397457e-08,"Down"
4.60858021670402e-13,-6.28708121175326,0,0.736,3.5418782397457e-08,"Got2-201",3.5418782397457e-08,"Down"
4.60858021670402e-13,-5.53180498285451,0,0.736,3.5418782397457e-08,"Nap1l4-206",3.5418782397457e-08,"Down"
4.60858021670402e-13,-5.67224940761815,0,0.736,3.5418782397457e-08,"Uhrf1-201",3.5418782397457e-08,"Down"
4.60858021670402e-13,-5.17132638788175,0,0.736,3.5418782397457e-08,"Sinhcaf-201",3.5418782397457e-08,"Down"
4.60858021670402e-13,-5.93321566482458,0,0.736,3.5418782397457e-08,"Rbmxl1-202",3.5418782397457e-08,"Down"
4.60858021670402e-13,-6.25732560307703,0,0.736,3.5418782397457e-08,"Khsrp-201",3.5418782397457e-08,"Down"
4.60858021670402e-13,-5.89757824295049,0,0.736,3.5418782397457e-08,"Glrx3-201",3.5418782397457e-08,"Down"
4.60858021670402e-13,-6.36504254239539,0,0.736,3.5418782397457e-08,"Psmb7-201",3.5418782397457e-08,"Down"
4.60858021670402e-13,-6.67375796987607,0,0.736,3.5418782397457e-08,"Cbx1-204",3.5418782397457e-08,"Down"
4.65247793999807e-13,-5.56601975959231,0.023,0.75,3.57561539600612e-08,"Sf3b3-201",3.57561539600612e-08,"Down"
4.72196917520193e-13,-5.07479153769621,0.023,0.764,3.62902218990969e-08,"Slc25a5-201",3.62902218990969e-08,"Down"
4.84552003181773e-13,-3.46903264589678,0.068,0.833,3.7239759652532e-08,"Atp5g1-201",3.7239759652532e-08,"Down"
4.85662408672262e-13,-4.88251080420291,0.045,0.778,3.7325098756098e-08,"Srsf2-201",3.7325098756098e-08,"Down"
4.86824485084028e-13,-5.28346695600496,0.023,0.75,3.74144089766479e-08,"Pgrmc1-201",3.74144089766479e-08,"Down"
4.91450450304019e-13,-4.38754313822685,0.091,0.806,3.7769932907665e-08,"Hnrnpab-201",3.7769932907665e-08,"Down"
4.92375541943998e-13,-4.03905654913418,0.045,0.792,3.7841029900564e-08,"Pebp1-201",3.7841029900564e-08,"Down"
5.07897990090439e-13,-4.65238623404248,0.045,0.778,3.90339921304106e-08,"Zfp106-201",3.90339921304106e-08,"Down"
5.14829553004341e-13,-4.62112832889332,0.045,0.792,3.95667104665957e-08,"Nup50-201",3.95667104665957e-08,"Down"
5.20095040517024e-13,-5.70941619824746,0.045,0.764,3.99713842438953e-08,"Nap1l1-205",3.99713842438953e-08,"Down"
5.25094131111233e-13,-3.72119162293094,0.068,0.819,4.03555843524227e-08,"Arf4-201",4.03555843524227e-08,"Down"
5.2913819128363e-13,-3.84045778262903,0.091,0.819,4.06663865529121e-08,"Pgam1-201",4.06663865529121e-08,"Down"
5.29669577960894e-13,-4.46521714714528,0.068,0.792,4.07072257446066e-08,"Mdh1-201",4.07072257446066e-08,"Down"
5.29669577960894e-13,-4.46521715106918,0.068,0.792,4.07072257446066e-08,"Mdh1-206",4.07072257446066e-08,"Down"
5.29771956493251e-13,-3.35310886812083,0.068,0.847,4.07150939443323e-08,"Rere-202",4.07150939443323e-08,"Down"
5.32966716642893e-13,-5.0485374615573,0.023,0.75,4.09606240408729e-08,"Qrich1-201",4.09606240408729e-08,"Down"
5.32966716642893e-13,-5.08893886836693,0.023,0.75,4.09606240408729e-08,"Ipo9-201",4.09606240408729e-08,"Down"
5.6550469811863e-13,-4.97793302323463,0.023,0.764,4.34612980692092e-08,"C1qbp-201",4.34612980692092e-08,"Down"
5.68917388313206e-13,-5.37704674198311,0.045,0.764,4.37235769614231e-08,"Ylpm1-201",4.37235769614231e-08,"Down"
6.07276683290486e-13,-4.88465272230286,0.045,0.778,4.6671642217607e-08,"Pcbp4-201",4.6671642217607e-08,"Down"
6.15141022824111e-13,-4.0778253399287,0.045,0.792,4.72760481681242e-08,"Psmd7-201",4.72760481681242e-08,"Down"
6.38500774137972e-13,-5.57612367173383,0.023,0.75,4.90713384955997e-08,"Cct7-201",4.90713384955997e-08,"Down"
6.38500774137972e-13,-5.14056391573375,0.023,0.75,4.90713384955997e-08,"Gpatch8-206",4.90713384955997e-08,"Down"
6.43077487249803e-13,-4.15225141793685,0.045,0.792,4.94230772050963e-08,"Fscn1-201",4.94230772050963e-08,"Down"
6.47146560491211e-13,-4.68136638629646,0.023,0.764,4.97358017599915e-08,"Mcm6-201",4.97358017599915e-08,"Down"
6.98707008394839e-13,-5.03942088965573,0.023,0.75,5.3698428423177e-08,"Ppp1ca-204",5.3698428423177e-08,"Down"
7.30865879096621e-13,-4.85506168268118,0.023,0.75,5.61699662720917e-08,"Trp53bp1-202",5.61699662720917e-08,"Down"
7.40329016112108e-13,-5.0315914008033,0.023,0.764,5.68972462042799e-08,"Cfdp1-201",5.68972462042799e-08,"Down"
7.43989619907576e-13,-4.42023488316234,0.045,0.764,5.71785782483768e-08,"Uba1-202",5.71785782483768e-08,"Down"
7.77912608564039e-13,-3.91869990328298,0.023,0.778,5.97856956185807e-08,"Ran-201",5.97856956185807e-08,"Down"
8.13352560927293e-13,-4.79738528085877,0.045,0.764,6.25093977175062e-08,"Arid2-201",6.25093977175062e-08,"Down"
8.13352560927293e-13,-4.61612256857914,0.045,0.764,6.25093977175062e-08,"Ep300-201",6.25093977175062e-08,"Down"
8.19966911140014e-13,-3.31500035689078,0.068,0.833,6.30177369887546e-08,"Strap-201",6.30177369887546e-08,"Down"
8.38814327275646e-13,-3.99246444029215,0.068,0.778,6.44662363084425e-08,"Atp5c1-202",6.44662363084425e-08,"Down"
8.46647442941812e-13,-4.21940607283727,0.023,0.764,6.506824257985e-08,"Atxn2l-206",6.506824257985e-08,"Down"
8.46647442941812e-13,-4.50237631694062,0.023,0.764,6.506824257985e-08,"Rnf2-201",6.506824257985e-08,"Down"
9.34038813789036e-13,-2.09144556541453,0.068,0.847,7.17846189949425e-08,"Septin9-205",7.17846189949425e-08,"Down"
9.57536907505382e-13,-4.6506292925539,0.068,0.778,7.35905414894187e-08,"Macroh2a1-201",7.35905414894187e-08,"Down"
9.71654558107403e-13,-3.3107513256634,0.023,0.778,7.46755394087864e-08,"Fabp5-201",7.46755394087864e-08,"Down"
9.83749657296759e-13,-5.27178248577111,0,0.722,7.56050961618851e-08,"Ptbp2-213",7.56050961618851e-08,"Down"
9.83749657296759e-13,-6.22402077789317,0,0.722,7.56050961618851e-08,"Psma4-201",7.56050961618851e-08,"Down"
9.83749657296759e-13,-7.60263658536668,0,0.722,7.56050961618851e-08,"Top2a-201",7.56050961618851e-08,"Down"
9.83749657296759e-13,-6.28729403347183,0,0.722,7.56050961618851e-08,"Ss18-203",7.56050961618851e-08,"Down"
9.83749657296759e-13,-5.47939730155227,0,0.722,7.56050961618851e-08,"Mfap1a-201",7.56050961618851e-08,"Down"
9.83749657296759e-13,-5.79264069782794,0,0.722,7.56050961618851e-08,"Adh5-201",7.56050961618851e-08,"Down"
9.83749657296759e-13,-6.71017838135632,0,0.722,7.56050961618851e-08,"Ubqln2-201",7.56050961618851e-08,"Down"
9.83749657296759e-13,-6.33153853361155,0,0.722,7.56050961618851e-08,"Sec62-201",7.56050961618851e-08,"Down"
9.83749657296759e-13,-5.74964070886942,0,0.722,7.56050961618851e-08,"Ahcyl-201",7.56050961618851e-08,"Down"
9.83749657296759e-13,-5.3570425466394,0,0.722,7.56050961618851e-08,"Prmt1-202",7.56050961618851e-08,"Down"
9.83749657296759e-13,-4.56989390979738,0,0.722,7.56050961618851e-08,"Arpp19-201",7.56050961618851e-08,"Down"
9.83749657296759e-13,-6.29355237531478,0,0.722,7.56050961618851e-08,"Limd2-201",7.56050961618851e-08,"Down"
9.83749657296759e-13,-6.20586717863983,0,0.722,7.56050961618851e-08,"Mdk-202",7.56050961618851e-08,"Down"
9.83749657296759e-13,-6.35446338999536,0,0.722,7.56050961618851e-08,"Xrn2-201",7.56050961618851e-08,"Down"
9.83749657296759e-13,-5.1577067796312,0,0.722,7.56050961618851e-08,"G3bp2-201",7.56050961618851e-08,"Down"
1.0260013397314e-12,-6.58067125123067,0.023,0.736,7.88523069637167e-08,"Dek-201",7.88523069637167e-08,"Down"
1.03478189213275e-12,-5.64360164258027,0.045,0.75,7.95271275379701e-08,"Caprin1-202",7.95271275379701e-08,"Down"
1.11185156956645e-12,-2.85197271120982,0.091,0.819,8.54502405274598e-08,"Numa1-201",8.54502405274598e-08,"Down"
1.14179736992184e-12,-3.93231940432312,0.045,0.792,8.77516950679728e-08,"Supt6-201",8.77516950679728e-08,"Down"
1.15506310430914e-12,-4.61412443151703,0.068,0.764,8.8771219818575e-08,"Smarca4-201",8.8771219818575e-08,"Down"
1.15506310430914e-12,-5.05439609835113,0.068,0.764,8.8771219818575e-08,"Cdv3-202",8.8771219818575e-08,"Down"
1.1737093500044e-12,-5.1354501075374,0.023,0.736,9.02042583852379e-08,"Fnbp1l-201",9.02042583852379e-08,"Down"
1.1737093500044e-12,-4.57605353081045,0.023,0.736,9.02042583852379e-08,"Capns1-201",9.02042583852379e-08,"Down"
1.1737093500044e-12,-4.57605353081045,0.023,0.736,9.02042583852379e-08,"Capns1-203",9.02042583852379e-08,"Down"
1.22743596719248e-12,-5.14005625842448,0.023,0.736,9.43333638226111e-08,"Uqcrc2-201",9.43333638226111e-08,"Down"
1.23395984243111e-12,-4.12272434254266,0.045,0.778,9.48347497302005e-08,"Psma2-201",9.48347497302005e-08,"Down"
1.23395984243111e-12,-3.8676017927795,0.045,0.778,9.48347497302005e-08,"Ubqln1-201",9.48347497302005e-08,"Down"
1.24655595503773e-12,-4.4019832051122,0.068,0.778,9.58028113684696e-08,"Cct3-201",9.58028113684696e-08,"Down"
1.26377699394998e-12,-4.59863211230901,0.023,0.764,9.71263170930319e-08,"Trim44-201",9.71263170930319e-08,"Down"
1.3074361628958e-12,-4.83463817387136,0.023,0.75,1.00481698863194e-07,"Scd2-201",1.00481698863194e-07,"Down"
1.34742998523562e-12,-4.22675555488427,0.045,0.778,1.03555384085298e-07,"Hcfc1-201",1.03555384085298e-07,"Down"
1.39458774156196e-12,4.16524520172848,0.886,0.292,1.07179646290003e-07,"Alas2-202",1.07179646290003e-07,"Up"
1.40426864183231e-12,-3.75848689318823,0.091,0.806,1.07923662199381e-07,"Srsf1-205",1.07923662199381e-07,"Down"
1.42160313890751e-12,-3.5460819227945,0.045,0.792,1.09255887637598e-07,"Map1b-201",1.09255887637598e-07,"Down"
1.43900492159025e-12,-3.4653451283406,0.114,0.819,1.10593284243897e-07,"Rdx-201",1.10593284243897e-07,"Down"
1.45672584257815e-12,-3.83332687899071,0.068,0.792,1.11955207905501e-07,"Lrrc59-201",1.11955207905501e-07,"Down"
1.54229523387779e-12,-4.22815052498767,0.045,0.75,1.18531557904444e-07,"Ptp4a1-206",1.18531557904444e-07,"Down"
1.55584789367226e-12,-3.03056503214637,0.114,0.833,1.19573134020288e-07,"Zfr-201",1.19573134020288e-07,"Down"
1.58926058151203e-12,-3.82227490301253,0.068,0.792,1.22141032731526e-07,"Setd2-201",1.22141032731526e-07,"Down"
1.60430258913571e-12,-5.25135637219079,0.023,0.736,1.23297071185436e-07,"Smc6-201",1.23297071185436e-07,"Down"
1.63245237664014e-12,-4.46260249547303,0.023,0.75,1.25460494954301e-07,"Ddx17-203",1.25460494954301e-07,"Down"
1.64052921582687e-12,-3.58757146558892,0.091,0.819,1.26081232353158e-07,"Arf1-202",1.26081232353158e-07,"Down"
1.68463761115495e-12,-5.55841268422313,0.045,0.75,1.29471138967703e-07,"Pgk1-201",1.29471138967703e-07,"Down"
1.87160177388011e-12,-4.27974705275038,0.068,0.764,1.43840082729782e-07,"Anapc5-201",1.43840082729782e-07,"Down"
1.88078899894931e-12,-3.0196784617565,0.023,0.764,1.4454615772525e-07,"Zfp423-202",1.4454615772525e-07,"Down"
1.9433340931173e-12,-3.38645806837247,0.114,0.819,1.49352998392437e-07,"Ywhab-201",1.49352998392437e-07,"Down"
1.98221277347826e-12,-2.54890354305413,0.114,0.847,1.52340980492898e-07,"Cdc42-202",1.52340980492898e-07,"Down"
2.07439356046704e-12,-6.42491790588812,0,0.708,1.59425442696134e-07,"Fndc3c1-201",1.59425442696134e-07,"Down"
2.07439356046704e-12,-6.04875287172,0,0.708,1.59425442696134e-07,"Kpna3-201",1.59425442696134e-07,"Down"
2.07439356046704e-12,-5.93740740428638,0,0.708,1.59425442696134e-07,"Brix1-201",1.59425442696134e-07,"Down"
2.07439356046704e-12,-6.03469365798798,0,0.708,1.59425442696134e-07,"Klhdc2-201",1.59425442696134e-07,"Down"
2.07439356046704e-12,-6.21958820381552,0,0.708,1.59425442696134e-07,"Ogfr-201",1.59425442696134e-07,"Down"
2.07439356046704e-12,-6.18043000149352,0,0.708,1.59425442696134e-07,"Psip1-203",1.59425442696134e-07,"Down"
2.07439356046704e-12,-5.91341241213031,0,0.708,1.59425442696134e-07,"Zc3h7b-201",1.59425442696134e-07,"Down"
2.07439356046704e-12,-4.85984769869737,0,0.708,1.59425442696134e-07,"Ckap5-204",1.59425442696134e-07,"Down"
2.07439356046704e-12,-4.85984769869737,0,0.708,1.59425442696134e-07,"Ckap5-202",1.59425442696134e-07,"Down"
2.07439356046704e-12,-5.99637375871127,0,0.708,1.59425442696134e-07,"Hnrnpa0-201",1.59425442696134e-07,"Down"
2.07439356046704e-12,-5.37764629634328,0,0.708,1.59425442696134e-07,"Nap1l4-209",1.59425442696134e-07,"Down"
2.07439356046704e-12,-5.88328422198868,0,0.708,1.59425442696134e-07,"Prkaca-201",1.59425442696134e-07,"Down"
2.07439356046704e-12,-5.420403936298,0,0.708,1.59425442696134e-07,"Uhrf1-204",1.59425442696134e-07,"Down"
2.07439356046704e-12,-6.09857453083576,0,0.708,1.59425442696134e-07,"Dnajc9-201",1.59425442696134e-07,"Down"
2.07439356046704e-12,-4.84090443405726,0,0.708,1.59425442696134e-07,"Txnrd1-206",1.59425442696134e-07,"Down"
2.07439356046704e-12,-5.86177211036122,0,0.708,1.59425442696134e-07,"Epc2-201",1.59425442696134e-07,"Down"
2.07439356046704e-12,-5.83618351221836,0,0.708,1.59425442696134e-07,"Cul1-201",1.59425442696134e-07,"Down"
2.07439356046704e-12,-5.99479225882423,0,0.708,1.59425442696134e-07,"Mdk-201",1.59425442696134e-07,"Down"
2.08730200876949e-12,-3.70029341633394,0.045,0.778,1.60417508581971e-07,"Prpf40a-201",1.60417508581971e-07,"Down"
2.11526689422244e-12,-3.00847846274185,0.136,0.847,1.62566721888572e-07,"Ddx3x-201",1.62566721888572e-07,"Down"
2.14739519400959e-12,-4.25116365614616,0.045,0.764,1.65035910240413e-07,"Ube2d3-212",1.65035910240413e-07,"Down"
2.14739519400959e-12,-4.2061519424909,0.045,0.764,1.65035910240413e-07,"Ssr3-201",1.65035910240413e-07,"Down"
2.15310677341495e-12,-3.8296924802508,0.068,0.792,1.65474867964033e-07,"Snd1-201",1.65474867964033e-07,"Down"
2.23365610490508e-12,-5.37523978138033,0.023,0.722,1.71665406286375e-07,"Cbx3-201",1.71665406286375e-07,"Down"
2.24681421330566e-12,-4.73378211460594,0.455,0.972,1.72676659549393e-07,"Gapdh-201",1.72676659549393e-07,"Down"
2.28782962144086e-12,-4.61829857050119,0.023,0.736,1.75828857726215e-07,"Bex3-201",1.75828857726215e-07,"Down"
2.28782962144086e-12,-4.62596048686523,0.023,0.736,1.75828857726215e-07,"Mdn1-201",1.75828857726215e-07,"Down"
2.37849006743172e-12,-3.65242368583923,0.045,0.778,1.82796475642397e-07,"1110004F10Rik-201",1.82796475642397e-07,"Down"
2.38426838840861e-12,-3.4855622206416,0.114,0.833,1.83240562722755e-07,"Prrc2a-201",1.83240562722755e-07,"Down"
2.39681670823327e-12,-3.36112666310747,0.045,0.792,1.8420495129456e-07,"Pxdn-202",1.8420495129456e-07,"Down"
2.45102728901532e-12,-3.73926535453639,0.068,0.792,1.88371251269983e-07,"Marcks-201",1.88371251269983e-07,"Down"
2.51215109573178e-12,-2.46502355744143,0.068,0.819,1.9306886031137e-07,"Ep400-201",1.9306886031137e-07,"Down"
2.55171324586963e-12,-4.85502481908482,0.023,0.722,1.96109369798065e-07,"Actr3-202",1.96109369798065e-07,"Down"
2.55171324586963e-12,-4.96249907060307,0.023,0.722,1.96109369798065e-07,"Srsf11-204",1.96109369798065e-07,"Down"
2.55171324586963e-12,-5.014853316222,0.023,0.722,1.96109369798065e-07,"Cops4-201",1.96109369798065e-07,"Down"
2.5956832703559e-12,-3.03731599655723,0.091,0.847,1.99488642059933e-07,"Dnaja1-201",1.99488642059933e-07,"Down"
2.59882690652784e-12,-3.65393466879102,0.068,0.806,1.99730243074291e-07,"Psmd12-201",1.99730243074291e-07,"Down"
2.62207568862204e-12,-3.57456344071264,0.114,0.792,2.01517004973358e-07,"Canx-205",2.01517004973358e-07,"Down"
2.71283841540147e-12,-3.6400773466197,0.068,0.806,2.08492483577264e-07,"Ago2-201",2.08492483577264e-07,"Down"
2.91406679251675e-12,-5.19673024382301,0.023,0.722,2.23957689272082e-07,"Vdac3-201",2.23957689272082e-07,"Down"
2.97503903540968e-12,-4.13470312902288,0.068,0.778,2.28643650027375e-07,"Actn1-201",2.28643650027375e-07,"Down"
2.97515471955723e-12,-2.78216641958372,0.045,0.806,2.28652540816851e-07,"Vezf1-201",2.28652540816851e-07,"Down"
3.02460005015557e-12,-4.09532314526171,0.023,0.75,2.32452612254656e-07,"Ddx6-203",2.32452612254656e-07,"Down"
3.03977461097129e-12,-3.62913331780865,0.068,0.792,2.33618837951588e-07,"Wac-207",2.33618837951588e-07,"Down"
3.04005427843221e-12,-3.07778332892599,0.091,0.833,2.33640331514629e-07,"Slc25a4-201",2.33640331514629e-07,"Down"
3.10611303899763e-12,-4.03733246658595,0.068,0.778,2.38717211499124e-07,"Atrx-202",2.38717211499124e-07,"Down"
3.11232400428922e-12,-4.73179033407204,0.045,0.75,2.39194549025644e-07,"Wdr82-201",2.39194549025644e-07,"Down"
3.15384159133441e-12,-1.91362341700655,0.432,0.944,2.42385341660415e-07,"Eif1-201",2.42385341660415e-07,"Down"
3.22171163428936e-12,-3.46811897653218,0.045,0.778,2.47601425941674e-07,"U2af2-201",2.47601425941674e-07,"Down"
3.25091759515477e-12,-4.00333904084297,0.045,0.75,2.49846020858025e-07,"Tcf3-202",2.49846020858025e-07,"Down"
3.25475580419692e-12,-4.56111239364353,0.023,0.736,2.5014100257575e-07,"Dhx15-201",2.5014100257575e-07,"Down"
3.3011904990931e-12,-3.96789674865539,0.023,0.75,2.53709694617301e-07,"Igf2bp3-201",2.53709694617301e-07,"Down"
3.43736635997552e-12,-4.40536930053435,0.068,0.764,2.64175354229559e-07,"Vdac1-202",2.64175354229559e-07,"Down"
3.44863854913127e-12,-4.14235206009527,0.045,0.736,2.65041667054935e-07,"Ptp4a1-204",2.65041667054935e-07,"Down"
3.56395996081775e-12,-2.39326994840212,0.114,0.875,2.73904578828687e-07,"Ankrd17-201",2.73904578828687e-07,"Down"
3.63315176536648e-12,-5.34938099480849,0.023,0.722,2.79222245775475e-07,"Ik-202",2.79222245775475e-07,"Down"
3.63315176536648e-12,-4.90971120743301,0.023,0.722,2.79222245775475e-07,"Tsg101-201",2.79222245775475e-07,"Down"
3.68942785563123e-12,-1.94783510375003,0.045,0.792,2.83547288416682e-07,"Atxn2l-201",2.83547288416682e-07,"Down"
3.68942785563123e-12,-3.91810491004255,0.068,0.778,2.83547288416682e-07,"Prrc2c-210",2.83547288416682e-07,"Down"
3.70402010230619e-12,-4.30750181285811,0.045,0.75,2.8466876094264e-07,"Cdc37-201",2.8466876094264e-07,"Down"
3.7965668293022e-12,-4.51048361264256,0.023,0.722,2.91781347099191e-07,"Eftud2-202",2.91781347099191e-07,"Down"
3.93081011376714e-12,-4.17252119233826,0.045,0.736,3.0209848048346e-07,"Aldoa-202",3.0209848048346e-07,"Down"
3.94655180120138e-12,-4.21919279438149,0.045,0.764,3.03308292129531e-07,"Khdrbs1-201",3.03308292129531e-07,"Down"
3.96122447982322e-12,-3.21693601797484,0.114,0.833,3.04435946172334e-07,"Ywhah-201",3.04435946172334e-07,"Down"
3.9671820162603e-12,-5.40524858578297,0.023,0.722,3.04893806677669e-07,"Srsf3-202",3.04893806677669e-07,"Down"
3.98609744485617e-12,-3.4093466358032,0.091,0.792,3.06347533026976e-07,"Mrfap1-201",3.06347533026976e-07,"Down"
4.05203557582005e-12,-4.37841547827329,0.023,0.736,3.11415142144074e-07,"Rnf2-204",3.11415142144074e-07,"Down"
4.20728824165234e-12,-6.8862663007653,0.023,0.708,3.23346930523949e-07,"Cdh11-201",3.23346930523949e-07,"Down"
4.23306911795838e-12,-3.53882458032644,0.023,0.736,3.25328293991574e-07,"Itsn1-206",3.25328293991574e-07,"Down"
4.23306911795838e-12,-3.53882458032644,0.023,0.736,3.25328293991574e-07,"Itsn1-201",3.25328293991574e-07,"Down"
4.25408204837841e-12,-3.024842175837,0.182,0.847,3.26943221746074e-07,"Rhoa-201",3.26943221746074e-07,"Down"
4.30250632221656e-12,-4.24683248829289,0.068,0.75,3.30664820887631e-07,"Anapc5-212",3.30664820887631e-07,"Down"
4.3218509165553e-12,-6.17639720007383,0,0.694,3.32151530340941e-07,"Cdh2-201",3.32151530340941e-07,"Down"
4.3218509165553e-12,-5.296104613231,0,0.694,3.32151530340941e-07,"Iws1-201",3.32151530340941e-07,"Down"
4.3218509165553e-12,-5.21979441177253,0,0.694,3.32151530340941e-07,"Ldhb-205",3.32151530340941e-07,"Down"
4.3218509165553e-12,-5.90841157400798,0,0.694,3.32151530340941e-07,"Erh-201",3.32151530340941e-07,"Down"
4.3218509165553e-12,-5.50948591156394,0,0.694,3.32151530340941e-07,"Tmed7-202",3.32151530340941e-07,"Down"
4.3218509165553e-12,-3.91716856477837,0,0.694,3.32151530340941e-07,"Ak6-202",3.32151530340941e-07,"Down"
4.3218509165553e-12,-3.91716856477837,0,0.694,3.32151530340941e-07,"Ak6-205",3.32151530340941e-07,"Down"
4.3218509165553e-12,-3.91716855974311,0,0.694,3.32151530340941e-07,"Taf9-201",3.32151530340941e-07,"Down"
4.3218509165553e-12,-5.40591816415716,0,0.694,3.32151530340941e-07,"Gng5-201",3.32151530340941e-07,"Down"
4.3218509165553e-12,-5.89269991286024,0,0.694,3.32151530340941e-07,"Msh6-201",3.32151530340941e-07,"Down"
4.3218509165553e-12,-5.67076763341787,0,0.694,3.32151530340941e-07,"Hnrnpll-205",3.32151530340941e-07,"Down"
4.3218509165553e-12,-4.61113656839674,0,0.694,3.32151530340941e-07,"Inppl1-202",3.32151530340941e-07,"Down"
4.3218509165553e-12,-5.13840891081514,0,0.694,3.32151530340941e-07,"Psmc4-201",3.32151530340941e-07,"Down"
4.3218509165553e-12,-4.83513783527836,0,0.694,3.32151530340941e-07,"Lyar-201",3.32151530340941e-07,"Down"
4.3218509165553e-12,-4.83513783527836,0,0.694,3.32151530340941e-07,"Lyar-202",3.32151530340941e-07,"Down"
4.3218509165553e-12,-4.37367538975816,0,0.694,3.32151530340941e-07,"Arpp19-205",3.32151530340941e-07,"Down"
4.3218509165553e-12,-5.01897970402273,0,0.694,3.32151530340941e-07,"Paics-201",3.32151530340941e-07,"Down"
4.3218509165553e-12,-6.01220544990091,0,0.694,3.32151530340941e-07,"H2az2-202",3.32151530340941e-07,"Down"
4.3218509165553e-12,-4.57139074181672,0,0.694,3.32151530340941e-07,"Brd3-202",3.32151530340941e-07,"Down"
4.3218509165553e-12,-3.59449481809807,0,0.694,3.32151530340941e-07,"Dnajc7-201",3.32151530340941e-07,"Down"
4.3218509165553e-12,-5.12924055033464,0,0.694,3.32151530340941e-07,"Sulf2-207",3.32151530340941e-07,"Down"
4.3218509165553e-12,-5.12924055033464,0,0.694,3.32151530340941e-07,"Sulf2-201",3.32151530340941e-07,"Down"
4.35611298761636e-12,-5.94518016905014,0.091,0.75,3.34784707550268e-07,"Hnrnpk-201",3.34784707550268e-07,"Down"
4.39686782952693e-12,-5.36799571748548,0.023,0.708,3.37916880170463e-07,"Eif3e-204",3.37916880170463e-07,"Down"
4.40560557146814e-12,-4.42455177339707,0.045,0.75,3.38588410589612e-07,"Cpsf6-201",3.38588410589612e-07,"Down"
4.40560557146814e-12,-4.38310824906095,0.045,0.75,3.38588410589612e-07,"Dlg5-203",3.38588410589612e-07,"Down"
4.42202491262503e-12,-4.35301326592441,0.023,0.736,3.39850302634884e-07,"Drosha-201",3.39850302634884e-07,"Down"
4.42202491262503e-12,-4.35301326592441,0.023,0.736,3.39850302634884e-07,"Drosha-207",3.39850302634884e-07,"Down"
4.42202491262503e-12,-4.42265236806134,0.023,0.736,3.39850302634884e-07,"Rbm17-201",3.39850302634884e-07,"Down"
4.54728445515603e-12,-3.21556708460885,0.045,0.778,3.49476999516562e-07,"Qser1-202",3.49476999516562e-07,"Down"
4.54728445515603e-12,-3.21556708460885,0.045,0.778,3.49476999516562e-07,"Qser1-201",3.49476999516562e-07,"Down"
4.59481438616606e-12,-5.21718892176177,0.023,0.708,3.53129864834406e-07,"Psmd2-206",3.53129864834406e-07,"Down"
4.68987936221085e-12,-3.96695084544144,0.045,0.764,3.60435988503353e-07,"Prrc2b-202",3.60435988503353e-07,"Down"
4.77091808488076e-12,-4.23283445527487,0.068,0.778,3.66664138495426e-07,"Sae1-201",3.66664138495426e-07,"Down"
4.82507405168271e-12,-4.86469822683874,0.023,0.736,3.70826241168023e-07,"Ddx21-201",3.70826241168023e-07,"Down"
4.89618610022934e-12,-3.55970161258764,0.045,0.764,3.76291486547026e-07,"Syne2-201",3.76291486547026e-07,"Down"
5.01726855583572e-12,-5.29946158400041,0.023,0.708,3.85597157590199e-07,"Glg1-204",3.85597157590199e-07,"Down"
5.03988882836374e-12,-4.54223100495654,0.023,0.736,3.87335616015067e-07,"Rtf1-201",3.87335616015067e-07,"Down"
5.17149931004735e-12,-3.19411898790314,0.045,0.778,3.97450407974379e-07,"Septin7-201",3.97450407974379e-07,"Down"
5.19626188714991e-12,-3.61919142063538,0.068,0.778,3.99353511075019e-07,"Kat6a-201",3.99353511075019e-07,"Down"
5.24254495483857e-12,-4.71841963348349,0.023,0.708,4.02910549959163e-07,"Nsun2-201",4.02910549959163e-07,"Down"
5.24254495483857e-12,-5.32335177558265,0.023,0.708,4.02910549959163e-07,"Slc25a3-203",4.02910549959163e-07,"Down"
5.33583934767191e-12,-3.62739386129246,0.045,0.764,4.10080597225977e-07,"Dnaja1-210",4.10080597225977e-07,"Down"
5.37979698554205e-12,-4.86054424354125,0.045,0.722,4.13458917526849e-07,"Matr3-202",4.13458917526849e-07,"Down"
5.40332954835193e-12,-2.28702197132785,0.068,0.833,4.15267489109039e-07,"Lrp1-201",4.15267489109039e-07,"Down"
5.62244461320782e-12,-3.7489010285251,0.25,0.861,4.32107358303474e-07,"Peg10-202",4.32107358303474e-07,"Down"
5.63143750476527e-12,-4.44721871806479,0.023,0.722,4.3279849799123e-07,"Txnl1-206",4.3279849799123e-07,"Down"
5.83275989946265e-12,-4.70042239228455,0.068,0.736,4.48270929313303e-07,"Smarca4-202",4.48270929313303e-07,"Down"
6.41799886823762e-12,-4.68282241150923,0.023,0.722,4.93248885019534e-07,"H1f0-201",4.93248885019534e-07,"Down"
6.54004712238899e-12,-3.5453022711633,0.023,0.736,5.02628781544084e-07,"Hnrnph2-203",5.02628781544084e-07,"Down"
6.77977675760888e-12,-4.03146145710556,0.045,0.75,5.21052962929273e-07,"Dnaja2-201",5.21052962929273e-07,"Down"
6.82942094306948e-12,-3.78232705603063,0.023,0.736,5.24868317158662e-07,"Txndc5-201",5.24868317158662e-07,"Down"
6.82942094306948e-12,-4.22154203641703,0.023,0.736,5.24868317158662e-07,"Laptm4a-201",5.24868317158662e-07,"Down"
6.82942094306948e-12,-4.02735799600545,0.023,0.736,5.24868317158662e-07,"Nsmce4a-202",5.24868317158662e-07,"Down"
6.91417933618069e-12,-2.64765679678376,0.068,0.806,5.31382338702831e-07,"Syne2-210",5.31382338702831e-07,"Down"
6.9508265103379e-12,-3.54079334854177,0.114,0.806,5.34198820625509e-07,"Ncor1-201",5.34198820625509e-07,"Down"
7.00117745603553e-12,-4.73094003659595,0.023,0.722,5.38068492206154e-07,"Ddx39b-204",5.38068492206154e-07,"Down"
7.00117745603553e-12,-4.31410740816612,0.023,0.722,5.38068492206154e-07,"Hadha-205",5.38068492206154e-07,"Down"
7.12199449405e-12,-4.98569265263432,0.023,0.708,5.47353764845719e-07,"Uba2-201",5.47353764845719e-07,"Down"
7.3016533148697e-12,-4.24767135817077,0.068,0.778,5.61161263860996e-07,"Fat1-205",5.61161263860996e-07,"Down"
7.4347809616619e-12,-3.25721334400744,0.068,0.792,5.71392656027564e-07,"Bzw1-201",5.71392656027564e-07,"Down"
7.51530554417204e-12,-3.70017010456565,0.045,0.764,5.77581292291798e-07,"Cs-201",5.77581292291798e-07,"Down"
7.63619195600566e-12,-4.25589265189766,0.023,0.722,5.86871896586859e-07,"Vars-201",5.86871896586859e-07,"Down"
7.71020859273021e-12,-3.8782401023905,0.045,0.75,5.92560371185687e-07,"Hnrnpl-211",5.92560371185687e-07,"Down"
7.7708660246452e-12,-4.19354943947568,0.023,0.708,5.97222137458082e-07,"Dnajb12-205",5.97222137458082e-07,"Down"
7.8549740224808e-12,-4.2886063345789,0.045,0.736,6.0368617352374e-07,"Rbm39-201",6.0368617352374e-07,"Down"
7.92781510426529e-12,-1.85487694841104,0.136,0.903,6.09284302023204e-07,"Fstl1-201",6.09284302023204e-07,"Down"
7.97452965021164e-12,-4.77524269729177,0.023,0.722,6.12874501737365e-07,"H1f2-201",6.12874501737365e-07,"Down"
8.11770214406699e-12,-3.29898766421469,0.023,0.736,6.23877880580124e-07,"Amotl2-201",6.23877880580124e-07,"Down"
8.11770214406699e-12,-3.71304379021311,0.023,0.736,6.23877880580124e-07,"Rbfox2-204",6.23877880580124e-07,"Down"
8.19971894512901e-12,-4.42246514384287,0.045,0.736,6.30181199808945e-07,"Ppp2r2a-201",6.30181199808945e-07,"Down"
8.32754319926488e-12,-4.32501956755975,0.023,0.722,6.40005005036303e-07,"Zfp706-201",6.40005005036303e-07,"Down"
8.44206422892544e-12,-3.82197301582943,0.068,0.764,6.48806404249836e-07,"Hdac2-201",6.48806404249836e-07,"Down"
8.47529307749336e-12,-3.64058724709214,0.023,0.736,6.51360174177675e-07,"Rab5if-201",6.51360174177675e-07,"Down"
8.54011125237273e-12,-4.03146745781975,0.068,0.75,6.56341710189854e-07,"Sp3-204",6.56341710189854e-07,"Down"
8.85414811219469e-12,-3.5123623074717,0.023,0.708,6.80476699014611e-07,"Gps1-207",6.80476699014611e-07,"Down"
8.85414811219469e-12,-4.85512713170637,0.023,0.708,6.80476699014611e-07,"Dnttip2-201",6.80476699014611e-07,"Down"
8.8982166576219e-12,-5.81777180037914,0,0.681,6.83863543004874e-07,"Ctcf-201",6.83863543004874e-07,"Down"
8.8982166576219e-12,-7.98107722580581,0,0.681,6.83863543004874e-07,"H3c2-201",6.83863543004874e-07,"Down"
8.8982166576219e-12,-5.68492998762748,0,0.681,6.83863543004874e-07,"Tasor2-201",6.83863543004874e-07,"Down"
8.8982166576219e-12,-5.18954082479277,0,0.681,6.83863543004874e-07,"Pbrm1-207",6.83863543004874e-07,"Down"
8.8982166576219e-12,-5.95366757943767,0,0.681,6.83863543004874e-07,"Scand1-201",6.83863543004874e-07,"Down"
8.8982166576219e-12,-4.86048903219402,0,0.681,6.83863543004874e-07,"Usp1-201",6.83863543004874e-07,"Down"
8.8982166576219e-12,-4.86048903219402,0,0.681,6.83863543004874e-07,"Usp1-202",6.83863543004874e-07,"Down"
8.8982166576219e-12,-4.77284106623653,0,0.681,6.83863543004874e-07,"Psmb2-201",6.83863543004874e-07,"Down"
8.8982166576219e-12,-5.09610763083393,0,0.681,6.83863543004874e-07,"Uggt1-201",6.83863543004874e-07,"Down"
8.8982166576219e-12,-6.04943640040633,0,0.681,6.83863543004874e-07,"Igdcc3-203",6.83863543004874e-07,"Down"
8.8982166576219e-12,-4.90887691484401,0,0.681,6.83863543004874e-07,"Eftud2-201",6.83863543004874e-07,"Down"
8.8982166576219e-12,-5.68024160342784,0,0.681,6.83863543004874e-07,"Smu1-201",6.83863543004874e-07,"Down"
8.8982166576219e-12,-5.90912633257545,0,0.681,6.83863543004874e-07,"Api5-201",6.83863543004874e-07,"Down"
8.8982166576219e-12,-5.79033262046635,0,0.681,6.83863543004874e-07,"Nolc1-203",6.83863543004874e-07,"Down"
8.8982166576219e-12,-5.31467149510784,0,0.681,6.83863543004874e-07,"Smc2-201",6.83863543004874e-07,"Down"
8.8982166576219e-12,-5.31467149510784,0,0.681,6.83863543004874e-07,"Smc2-202",6.83863543004874e-07,"Down"
8.8982166576219e-12,-5.65250309402136,0,0.681,6.83863543004874e-07,"Ap3d1-201",6.83863543004874e-07,"Down"
8.8982166576219e-12,-5.03550918573776,0,0.681,6.83863543004874e-07,"Ppp1r10-202",6.83863543004874e-07,"Down"
8.8982166576219e-12,-5.03550918573776,0,0.681,6.83863543004874e-07,"Ppp1r10-201",6.83863543004874e-07,"Down"
8.8982166576219e-12,-5.88166885167641,0,0.681,6.83863543004874e-07,"Chchd2-201",6.83863543004874e-07,"Down"
8.8982166576219e-12,-4.46570349438021,0,0.681,6.83863543004874e-07,"Inppl1-201",6.83863543004874e-07,"Down"
8.8982166576219e-12,-4.97936595824858,0,0.681,6.83863543004874e-07,"Psmc4-204",6.83863543004874e-07,"Down"
8.8982166576219e-12,-4.73051599797657,0,0.681,6.83863543004874e-07,"Paics-203",6.83863543004874e-07,"Down"
8.8982166576219e-12,-4.39816338768236,0,0.681,6.83863543004874e-07,"ENSMUST00000249896.1",6.83863543004874e-07,"Down"
8.8982166576219e-12,-4.56157597008398,0,0.681,6.83863543004874e-07,"Brd3-201",6.83863543004874e-07,"Down"
8.8982166576219e-12,-4.91746582661151,0,0.681,6.83863543004874e-07,"Ndufs2-201",6.83863543004874e-07,"Down"
8.8982166576219e-12,-4.87996715232049,0,0.681,6.83863543004874e-07,"G3bp2-203",6.83863543004874e-07,"Down"
8.8982166576219e-12,-4.29620583784539,0,0.681,6.83863543004874e-07,"Ppdpf-203",6.83863543004874e-07,"Down"
8.91122469138673e-12,-3.21643599573481,0.045,0.764,6.84863262431835e-07,"Fbn2-201",6.84863262431835e-07,"Down"
9.08011317531098e-12,-4.18331170874621,0.023,0.722,6.9784301797535e-07,"Sar1a-201",6.9784301797535e-07,"Down"
9.24711132735897e-12,-5.4303430063609,0.023,0.708,7.10677493952846e-07,"H2ac18-201",7.10677493952846e-07,"Down"
9.24711132735897e-12,-4.1607045247663,0.023,0.708,7.10677493952846e-07,"Tcf3-204",7.10677493952846e-07,"Down"
9.40939144874403e-12,-4.58583669065006,0.091,0.764,7.23149370401773e-07,"Ptn-201",7.23149370401773e-07,"Down"
9.48099271560466e-12,-4.52349801633505,0.023,0.722,7.28652214165081e-07,"Fbln1-202",7.28652214165081e-07,"Down"
9.51548959408988e-12,-2.84822493549809,0.114,0.861,7.31303437264184e-07,"Hnrnpul2-201",7.31303437264184e-07,"Down"
9.65714640873699e-12,-4.71797366237716,0.023,0.708,7.42190330097073e-07,"Eif4g1-203",7.42190330097073e-07,"Down"
9.65714640873699e-12,-4.21703575895697,0.023,0.708,7.42190330097073e-07,"Sec16a-202",7.42190330097073e-07,"Down"
9.65714640873699e-12,-4.21703575895697,0.023,0.708,7.42190330097073e-07,"Sec16a-201",7.42190330097073e-07,"Down"
9.7014686614302e-12,-2.59762192666955,0.045,0.764,7.45596672505556e-07,"Tmem131-208",7.45596672505556e-07,"Down"
9.7014686614302e-12,-2.59762192666955,0.045,0.764,7.45596672505556e-07,"Tmem131-201",7.45596672505556e-07,"Down"
9.79061295712547e-12,-3.10043327688071,0.045,0.778,7.52447768206921e-07,"Tomm70a-201",7.52447768206921e-07,"Down"
9.94231217830043e-12,-2.37129997950033,0.091,0.861,7.64106460151101e-07,"Aff4-201",7.64106460151101e-07,"Down"
1.00849783787655e-11,-4.30208480049242,0.023,0.708,7.75070928321642e-07,"Ube2l3-205",7.75070928321642e-07,"Down"
1.00849783787655e-11,-4.30208480049242,0.023,0.708,7.75070928321642e-07,"Ube2l3-201",7.75070928321642e-07,"Down"
1.01174190334277e-11,-3.12942763835884,0.114,0.806,7.77564122395051e-07,"Tra2b-204",7.77564122395051e-07,"Down"
1.01932552462504e-11,-6.02091894694521,0.023,0.694,7.83392438695332e-07,"Mcm7-201",7.83392438695332e-07,"Down"
1.03354562559845e-11,-4.53946292913641,0.023,0.722,7.94321155097435e-07,"Pbx1-205",7.94321155097435e-07,"Down"
1.03354562559845e-11,-4.46321166955272,0.023,0.722,7.94321155097435e-07,"Brd7-201",7.94321155097435e-07,"Down"
1.03949944625199e-11,-3.62441070384859,0.045,0.75,7.98896904422502e-07,"Capzb-204",7.98896904422502e-07,"Down"
1.05313623133521e-11,-4.60960618836996,0.023,0.708,8.09377319230362e-07,"Acat2-201",8.09377319230362e-07,"Down"
1.05313623133521e-11,-4.5221905498988,0.023,0.708,8.09377319230362e-07,"Mdn1-211",8.09377319230362e-07,"Down"
1.06465615697556e-11,-5.15313718490702,0.023,0.694,8.18230842881993e-07,"Ptprs-201",8.18230842881993e-07,"Down"
1.06465615697556e-11,-4.16147916906328,0.023,0.694,8.18230842881993e-07,"Phrf1-201",8.18230842881993e-07,"Down"
1.07905341437521e-11,-4.14236570449133,0.023,0.722,8.29295711083926e-07,"Mapk1ip1l-202",8.29295711083926e-07,"Down"
1.08466872522205e-11,-3.64349033969552,0.045,0.75,8.33611302082156e-07,"Arih1-207",8.33611302082156e-07,"Down"
1.0997084555641e-11,-4.58150452838566,0.023,0.708,8.45169936439233e-07,"Mcm3-201",8.45169936439233e-07,"Down"
1.11195985277466e-11,-4.65790314048011,0.023,0.694,8.54585625251437e-07,"Nsun2-202",8.54585625251437e-07,"Down"
1.12652235405022e-11,-4.55224012614454,0.023,0.722,8.65777489981757e-07,"Copg1-202",8.65777489981757e-07,"Down"
1.1482963977439e-11,-4.54216979353671,0.023,0.708,8.82511713522097e-07,"Mcm3-202",8.82511713522097e-07,"Down"
1.1482963977439e-11,-4.86795797668307,0.023,0.708,8.82511713522097e-07,"Polr2b-201",8.82511713522097e-07,"Down"
1.15587572337044e-11,-3.62011193961898,0.091,0.778,8.88336728439119e-07,"Sf1-208",8.88336728439119e-07,"Down"
1.16132055247309e-11,-4.67130401228843,0.023,0.694,8.9252129739767e-07,"Actr3-201",8.9252129739767e-07,"Down"
1.16132055247309e-11,-4.85726194506168,0.023,0.694,8.9252129739767e-07,"Srsf11-202",8.9252129739767e-07,"Down"
1.16962875540713e-11,-4.35841504855849,0.045,0.722,8.98906483680592e-07,"Tkt-209",8.98906483680592e-07,"Down"
1.1760350513968e-11,-3.91399413118551,0.023,0.722,9.038299784005e-07,"Ranbp1-202",9.038299784005e-07,"Down"
1.18030505845693e-11,-3.03006000888306,0.068,0.792,9.07111649626487e-07,"Bptf-201",9.07111649626487e-07,"Down"
1.21282568154411e-11,-5.97976098692864,0.023,0.694,9.32105049293907e-07,"Gpi1-201",9.32105049293907e-07,"Down"
1.21282568154411e-11,-4.38964519990033,0.023,0.694,9.32105049293907e-07,"Swi5-207",9.32105049293907e-07,"Down"
1.21282568154411e-11,-4.38964520277777,0.023,0.694,9.32105049293907e-07,"Swi5-201",9.32105049293907e-07,"Down"
1.21887137298521e-11,-4.22644988481536,0.182,0.792,9.36751404994057e-07,"Naca-202",9.36751404994057e-07,"Down"
1.2428388564031e-11,-2.38943675784008,0.068,0.806,9.55171374700039e-07,"Ubr4-201",9.55171374700039e-07,"Down"
1.25071012082113e-11,-3.05148937213299,0.045,0.764,9.6122075625587e-07,"Bltp2-201",9.6122075625587e-07,"Down"
1.2740847532976e-11,-4.39689494606894,0.045,0.722,9.79185096299338e-07,"Snu13-202",9.79185096299338e-07,"Down"
1.32263720603632e-11,-4.57006393396439,0.023,0.694,1.01649959832715e-06,"Tcof1-202",1.01649959832715e-06,"Down"
1.33771351298402e-11,-4.27243107987984,0.023,0.722,1.02808634326874e-06,"Akap9-201",1.02808634326874e-06,"Down"
1.33771351298402e-11,-3.98860320704873,0.023,0.722,1.02808634326874e-06,"Ddx6-201",1.02808634326874e-06,"Down"
1.36456442632503e-11,-4.45776702088635,0.023,0.708,1.04872234420784e-06,"Nxf1-209",1.04872234420784e-06,"Down"
1.36456442632503e-11,-3.99840815928082,0.023,0.708,1.04872234420784e-06,"Capzb-202",1.04872234420784e-06,"Down"
1.36456442632503e-11,-4.31788306838333,0.023,0.708,1.04872234420784e-06,"Csnk1d-201",1.04872234420784e-06,"Down"
1.36896030998761e-11,-3.99967176030467,0.045,0.736,1.05210075663787e-06,"Dazap1-203",1.05210075663787e-06,"Down"
1.39482414314788e-11,-2.56142238440258,0.068,0.792,1.07197814697487e-06,"Cap1-202",1.07197814697487e-06,"Down"
1.40059317305302e-11,-3.37780587142373,0.068,0.764,1.07641187721817e-06,"Clic1-201",1.07641187721817e-06,"Down"
1.42458258572512e-11,-4.45195241954684,0.023,0.708,1.09484870043318e-06,"Mcm6-203",1.09484870043318e-06,"Down"
1.42458258572512e-11,-4.553710747762,0.023,0.708,1.09484870043318e-06,"Tmsb10-203",1.09484870043318e-06,"Down"
1.44216902672429e-11,-4.57008459550658,0.023,0.694,1.10836458379869e-06,"Upf1-202",1.10836458379869e-06,"Down"
1.44216902672429e-11,-4.57008459550658,0.023,0.694,1.10836458379869e-06,"Upf1-201",1.10836458379869e-06,"Down"
1.44216902672429e-11,-4.85717260728112,0.023,0.694,1.10836458379869e-06,"Fxr2-201",1.10836458379869e-06,"Down"
1.50310842582788e-11,-3.01243117028367,0.091,0.806,1.15519894958576e-06,"Trip12-206",1.15519894958576e-06,"Down"
1.55480458367999e-11,-3.83435451872308,0.045,0.736,1.19492951474142e-06,"Metap2-201",1.19492951474142e-06,"Down"
1.56652646299266e-11,-2.72813894724275,0.091,0.806,1.20393824786838e-06,"Atp1a1-201",1.20393824786838e-06,"Down"
1.57226112028189e-11,-5.2018883377417,0.023,0.694,1.20834556138144e-06,"Ddx1-201",1.20834556138144e-06,"Down"
1.57226112028189e-11,-4.54237890718498,0.023,0.694,1.20834556138144e-06,"Trp53bp1-201",1.20834556138144e-06,"Down"
1.57684597919911e-11,-3.85658555048232,0.045,0.722,1.21186920885368e-06,"Tcf3-209",1.21186920885368e-06,"Down"
1.58753660219204e-11,-3.74592867073438,0.023,0.722,1.22008538024867e-06,"Rrm2-201",1.22008538024867e-06,"Down"
1.62185267117437e-11,-2.63279318598029,0.045,0.778,1.24645865190435e-06,"Psmc6-201",1.24645865190435e-06,"Down"
1.62207850059541e-11,-3.49030953615487,0.045,0.736,1.24663221084759e-06,"Cul4b-203",1.24663221084759e-06,"Down"
1.62207850059541e-11,-3.89389101782024,0.045,0.736,1.24663221084759e-06,"Spag9-202",1.24663221084759e-06,"Down"
1.64154895078537e-11,-4.54072646991545,0.023,0.694,1.26159603063659e-06,"Zfp292-201",1.26159603063659e-06,"Down"
1.65632501297946e-11,-3.85553263203987,0.045,0.75,1.27295202547523e-06,"Ubap2-202",1.27295202547523e-06,"Down"
1.65681061239474e-11,-3.2536280798467,0.023,0.722,1.27332522804985e-06,"Amotl2-211",1.27332522804985e-06,"Down"
1.65681061239474e-11,-3.95293527818391,0.023,0.722,1.27332522804985e-06,"Golga4-201",1.27332522804985e-06,"Down"
1.65681061239474e-11,-5.12159753820539,0.045,0.708,1.27332522804985e-06,"Hnrnpdl-202",1.27332522804985e-06,"Down"
1.6619484035336e-11,-3.40833851588067,0.114,0.778,1.27727382605172e-06,"Calm3-201",1.27727382605172e-06,"Down"
1.71382420751737e-11,-4.41304873639779,0.023,0.694,1.3171424564454e-06,"Bod1l-204",1.3171424564454e-06,"Down"
1.71676863214865e-11,-4.35306661900887,0.045,0.722,1.31940536455152e-06,"Rbm39-203",1.31940536455152e-06,"Down"
1.72683984963552e-11,-3.31955744904082,0.068,0.764,1.32714549803889e-06,"Coro1c-201",1.32714549803889e-06,"Down"
1.76379536921583e-11,-3.68621549384548,0.091,0.764,1.35554729305713e-06,"Aplp2-201",1.35554729305713e-06,"Down"
1.78921273511586e-11,-4.94906796192965,0.023,0.694,1.37508155544594e-06,"Aco2-201",1.37508155544594e-06,"Down"
1.81080956038491e-11,-5.62169872322189,0,0.667,1.39167957953822e-06,"Rpa1-202",1.39167957953822e-06,"Down"
1.81080956038491e-11,-6.03073548810459,0,0.667,1.39167957953822e-06,"Prpf8-202",1.39167957953822e-06,"Down"
1.81080956038491e-11,-5.59518883819725,0,0.667,1.39167957953822e-06,"Fkbp3-203",1.39167957953822e-06,"Down"
1.81080956038491e-11,-5.80090953709758,0,0.667,1.39167957953822e-06,"Tfg-201",1.39167957953822e-06,"Down"
1.81080956038491e-11,-5.55115460870329,0,0.667,1.39167957953822e-06,"Ddx19a-201",1.39167957953822e-06,"Down"
1.81080956038491e-11,-3.94086633239275,0,0.667,1.39167957953822e-06,"Picalm-213",1.39167957953822e-06,"Down"
1.81080956038491e-11,-4.12157352269623,0,0.667,1.39167957953822e-06,"Nabp2-202",1.39167957953822e-06,"Down"
1.81080956038491e-11,-4.12157352269623,0,0.667,1.39167957953822e-06,"Nabp2-201",1.39167957953822e-06,"Down"
1.81080956038491e-11,-5.87028535405755,0,0.667,1.39167957953822e-06,"Atad2-201",1.39167957953822e-06,"Down"
1.81080956038491e-11,-5.35765779972386,0,0.667,1.39167957953822e-06,"Cpsf3-201",1.39167957953822e-06,"Down"
1.81080956038491e-11,-4.61437661258121,0,0.667,1.39167957953822e-06,"Nfx1-201",1.39167957953822e-06,"Down"
1.81080956038491e-11,-4.97734855473755,0,0.667,1.39167957953822e-06,"Fubp3-202",1.39167957953822e-06,"Down"
1.81080956038491e-11,-5.02518293017718,0,0.667,1.39167957953822e-06,"Fubp3-201",1.39167957953822e-06,"Down"
1.81080956038491e-11,-3.85806006480894,0,0.667,1.39167957953822e-06,"Taf9-205",1.39167957953822e-06,"Down"
1.81080956038491e-11,-5.67254740878236,0,0.667,1.39167957953822e-06,"Lsm4-201",1.39167957953822e-06,"Down"
1.81080956038491e-11,-5.59890099623028,0,0.667,1.39167957953822e-06,"Gtpbp4-204",1.39167957953822e-06,"Down"
1.81080956038491e-11,-5.31593212353244,0,0.667,1.39167957953822e-06,"Fh1-201",1.39167957953822e-06,"Down"
1.81080956038491e-11,-5.55807968053779,0,0.667,1.39167957953822e-06,"Nap1l4-201",1.39167957953822e-06,"Down"
1.81080956038491e-11,-5.94569863784743,0,0.667,1.39167957953822e-06,"Prtg-201",1.39167957953822e-06,"Down"
1.81080956038491e-11,-5.75855859065235,0,0.667,1.39167957953822e-06,"Copa-206",1.39167957953822e-06,"Down"
1.81080956038491e-11,-5.00709378856497,0,0.667,1.39167957953822e-06,"Tipin-205",1.39167957953822e-06,"Down"
1.81080956038491e-11,-5.00709378856497,0,0.667,1.39167957953822e-06,"Tipin-201",1.39167957953822e-06,"Down"
1.81080956038491e-11,-5.78778152967567,0,0.667,1.39167957953822e-06,"Dynlt1b-201",1.39167957953822e-06,"Down"
1.81080956038491e-11,-4.61669690615436,0,0.667,1.39167957953822e-06,"Txnrd1-205",1.39167957953822e-06,"Down"
1.81080956038491e-11,-4.61669690615436,0,0.667,1.39167957953822e-06,"Txnrd1-201",1.39167957953822e-06,"Down"
1.81080956038491e-11,-5.79924715884359,0,0.667,1.39167957953822e-06,"Rnf187-201",1.39167957953822e-06,"Down"
1.81080956038491e-11,-4.97354100417424,0,0.667,1.39167957953822e-06,"Tsn-201",1.39167957953822e-06,"Down"
1.81080956038491e-11,-5.45635735891472,0,0.667,1.39167957953822e-06,"Hdac1-201",1.39167957953822e-06,"Down"
1.81080956038491e-11,-5.77218152970752,0,0.667,1.39167957953822e-06,"Mdk-204",1.39167957953822e-06,"Down"
1.81080956038491e-11,-3.43792713979611,0,0.667,1.39167957953822e-06,"Dnajc7-207",1.39167957953822e-06,"Down"
1.81080956038491e-11,-5.35596228841684,0,0.667,1.39167957953822e-06,"Rae1-201",1.39167957953822e-06,"Down"
1.82626501707239e-11,-3.77948590640989,0.068,0.75,1.40355771622081e-06,"Srrm1-203",1.40355771622081e-06,"Down"
1.84146409272357e-11,-3.30726130650062,0.045,0.736,1.41523881382177e-06,"Stt3a-201",1.41523881382177e-06,"Down"
1.84289767049345e-11,-4.24937651021361,0.023,0.708,1.41634057568103e-06,"Srpr-201",1.41634057568103e-06,"Down"
1.86784554912337e-11,-3.44445964317597,0.023,0.694,1.43551401832327e-06,"Gps1-202",1.43551401832327e-06,"Down"
1.88136459377885e-11,-2.58597026481262,0.068,0.806,1.44590394490279e-06,"Septin7-202",1.44590394490279e-06,"Down"
1.9234408565674e-11,-3.9392283562079,0.023,0.708,1.47824123590631e-06,"Kdm4a-204",1.47824123590631e-06,"Down"
1.9234408565674e-11,-4.20356802808543,0.023,0.708,1.47824123590631e-06,"2610005L07Rik-201",1.47824123590631e-06,"Down"
1.9498590428456e-11,-6.10278736971572,0.023,0.694,1.49854466878856e-06,"Colec12-204",1.49854466878856e-06,"Down"
1.9498590428456e-11,-4.30367990931745,0.023,0.694,1.49854466878856e-06,"Cdk11b-203",1.49854466878856e-06,"Down"
1.96062222116602e-11,-3.30998619712318,0.091,0.792,1.50681660185493e-06,"Lamp1-201",1.50681660185493e-06,"Down"
1.96474057925804e-11,-5.10262556748135,0.045,0.708,1.50998172478297e-06,"Tuba1a-201",1.50998172478297e-06,"Down"
1.96505421170667e-11,-3.30356331415021,0.114,0.792,1.51022276386504e-06,"Ube2d2a-202",1.51022276386504e-06,"Down"
2.03404962892627e-11,-3.92432518387772,0.045,0.722,1.563248501815e-06,"Ccar1-201",1.563248501815e-06,"Down"
2.04394782446918e-11,-3.66103247434922,0.045,0.75,1.57085566101755e-06,"Glud1-201",1.57085566101755e-06,"Down"
2.04394782446918e-11,-2.85045560869689,0.045,0.75,1.57085566101755e-06,"Pum2-202",1.57085566101755e-06,"Down"
2.04735128514183e-11,-5.96879291892388,0.023,0.681,1.5734713566829e-06,"Fubp1-202",1.5734713566829e-06,"Down"
2.12194108980603e-11,-4.00328947872709,0.045,0.722,1.63079660515952e-06,"Ube2d3-202",1.63079660515952e-06,"Down"
2.12194108980603e-11,-3.81069565473736,0.045,0.722,1.63079660515952e-06,"Txlna-202",1.63079660515952e-06,"Down"
2.13150651619574e-11,-3.33039976806064,0.045,0.75,1.63814801795707e-06,"Kmt2a-202",1.63814801795707e-06,"Down"
2.13150651619574e-11,-3.27114074689871,0.045,0.75,1.63814801795707e-06,"Kmt2a-201",1.63814801795707e-06,"Down"
2.13753256179541e-11,-5.91455268032399,0.023,0.681,1.64277927504225e-06,"Serbp1-211",1.64277927504225e-06,"Down"
2.17665247995108e-11,-4.13440020925418,0.068,0.736,1.6728444969416e-06,"Kif5b-201",1.6728444969416e-06,"Down"
2.28151671860225e-11,-4.08406124323172,0.023,0.708,1.75343685891457e-06,"Mapk1ip1l-201",1.75343685891457e-06,"Down"
2.34668229210301e-11,-3.24439513013139,0.068,0.75,1.80351920877285e-06,"Tut4-201",1.80351920877285e-06,"Down"
2.38077553988573e-11,-3.90426411946921,0.023,0.708,1.82972123342378e-06,"Zmym4-201",1.82972123342378e-06,"Down"
2.40861447480581e-11,-2.8441888310427,0.091,0.792,1.85111656846726e-06,"Cd81-201",1.85111656846726e-06,"Down"
2.41680311599973e-11,-3.40035241585781,0.045,0.75,1.85740986677043e-06,"Trio-201",1.85740986677043e-06,"Down"
2.43205001896181e-11,-4.56125265301335,0.023,0.681,1.86912772157291e-06,"Qrich1-202",1.86912772157291e-06,"Down"
2.44037841340926e-11,-3.42175629280523,0.091,0.778,1.87552842584155e-06,"Ctnna1-201",1.87552842584155e-06,"Down"
2.45781284830391e-11,-3.0431315509413,0.068,0.778,1.88892748643549e-06,"Abcf1-201",1.88892748643549e-06,"Down"
2.47255145255546e-11,-3.20111038178874,0.045,0.736,1.90025469334697e-06,"Amotl1-201",1.90025469334697e-06,"Down"
2.48425793747198e-11,-3.87259250938042,0.023,0.708,1.90925159526472e-06,"Pafah1b2-201",1.90925159526472e-06,"Down"
2.52130584649725e-11,-4.53785678232428,0.023,0.694,1.93772439526699e-06,"Srm-201",1.93772439526699e-06,"Down"
2.55049321130816e-11,-3.45967730644343,0.068,0.75,1.96015605261878e-06,"Pcm1-204",1.96015605261878e-06,"Down"
2.56569509874791e-11,-5.5618557643836,0.068,0.708,1.97183931119172e-06,"Chd4-201",1.97183931119172e-06,"Down"
2.57848130906734e-11,-3.38835017274819,0.045,0.736,1.98166602527062e-06,"Ubxn1-204",1.98166602527062e-06,"Down"
2.59213943179902e-11,-3.38601312570917,0.023,0.708,1.99216283891482e-06,"Stag1-206",1.99216283891482e-06,"Down"
2.59213943179902e-11,-3.6469975254786,0.023,0.708,1.99216283891482e-06,"Gon4l-201",1.99216283891482e-06,"Down"
2.61462051267812e-11,-3.12168189544201,0.091,0.792,2.00944044881365e-06,"Atp2a2-203",2.00944044881365e-06,"Down"
2.62028324323838e-11,-4.08851972776949,0.045,0.722,2.01379248375843e-06,"Sec24b-201",2.01379248375843e-06,"Down"
2.73289176826383e-11,-3.89062425723584,0.045,0.722,2.10033663958148e-06,"Naa50-204",2.10033663958148e-06,"Down"
2.76617875351212e-11,-4.93891299655019,0.023,0.681,2.1259190192242e-06,"Ssrp1-209",2.1259190192242e-06,"Down"
2.82183763226359e-11,-3.99118388430456,0.023,0.708,2.16869509389986e-06,"Kdelr2-201",2.16869509389986e-06,"Down"
2.85599102540154e-11,-2.82139445491534,0.045,0.75,2.1949433426621e-06,"Cggbp1-201",2.1949433426621e-06,"Down"
2.88723659420065e-11,-5.14635535795591,0.023,0.681,2.21895681210697e-06,"Eif4a2-202",2.21895681210697e-06,"Down"
2.9725011575103e-11,-3.47580415260071,0.045,0.722,2.28448603959296e-06,"Apc-202",2.28448603959296e-06,"Down"
3.01347516373211e-11,-5.22980375676701,0.023,0.681,2.31597620233468e-06,"Ddx23-201",2.31597620233468e-06,"Down"
3.02568143027992e-11,-3.74667525289626,0.091,0.75,2.32535720642733e-06,"Ptms-201",2.32535720642733e-06,"Down"
3.05928841569658e-11,-2.64987284082988,0.068,0.792,2.35118551899945e-06,"Nsd1-201",2.35118551899945e-06,"Down"
3.07142166549199e-11,-3.37850377481373,0.023,0.708,2.36051040679722e-06,"Tceal8-204",2.36051040679722e-06,"Down"
3.12997088918907e-11,-4.31565072710705,0.045,0.708,2.40550782717737e-06,"Dnmt1-201",2.40550782717737e-06,"Down"
3.1388544945786e-11,-3.61107839998436,0.068,0.75,2.41233523326343e-06,"Fam168b-201",2.41233523326343e-06,"Down"
3.16919624633353e-11,-3.76031781640504,0.068,0.736,2.43565408315717e-06,"Gnai3-201",2.43565408315717e-06,"Down"
3.23263438333791e-11,-3.88881688697206,0.045,0.722,2.48440882897052e-06,"Ptpra-201",2.48440882897052e-06,"Down"
3.23575476026038e-11,-4.48965886868394,0.091,0.722,2.48680696345051e-06,"Nedd4-212",2.48680696345051e-06,"Down"
3.28236925962029e-11,-4.75774045190745,0.023,0.681,2.52263207078858e-06,"Rhobtb3-201",2.52263207078858e-06,"Down"
3.28236925962029e-11,-5.09392255442306,0.023,0.681,2.52263207078858e-06,"Aars-201",2.52263207078858e-06,"Down"
3.34257091979971e-11,-3.31434132326587,0.023,0.708,2.56889945470287e-06,"Jarid2-208",2.56889945470287e-06,"Down"
3.39696220457233e-11,-4.32526183711834,0.023,0.694,2.61070133270202e-06,"Sf3a3-201",2.61070133270202e-06,"Down"
3.39696220457233e-11,-4.3477734007423,0.023,0.694,2.61070133270202e-06,"Psmd6-201",2.61070133270202e-06,"Down"
3.40484241675731e-11,-3.79316848082453,0.045,0.708,2.61675759097466e-06,"Nsd2-203",2.61675759097466e-06,"Down"
3.42548456618666e-11,-3.78047672397999,0.023,0.681,2.63262190849709e-06,"Dnajb12-204",2.63262190849709e-06,"Down"
3.4549604275929e-11,-3.49305063167675,0.045,0.736,2.65527528702225e-06,"Tjp1-202",2.65527528702225e-06,"Down"
3.4867947807312e-11,-3.53762201017454,0.023,0.708,2.67974126078316e-06,"Ran-202",2.67974126078316e-06,"Down"
3.53793390651344e-11,-2.49876896732526,0.159,0.875,2.71904372451184e-06,"Jun-201",2.71904372451184e-06,"Down"
3.58961578969777e-11,-3.93780548578555,0.068,0.736,2.75876331901432e-06,"Chd1-201",2.75876331901432e-06,"Down"
3.60190907496596e-11,-3.24791381140864,0.045,0.736,2.76821120047434e-06,"Ssr1-201",2.76821120047434e-06,"Down"
3.60190907496596e-11,-3.82550625829425,0.045,0.736,2.76821120047434e-06,"Ubap2-201",2.76821120047434e-06,"Down"
3.63710288855922e-11,-2.58258821715726,0.023,0.708,2.7952590539733e-06,"Safb2-201",2.7952590539733e-06,"Down"
3.64301324926085e-11,-4.86160888789932,0,0.653,2.79980140258693e-06,"Ldhb-206",2.79980140258693e-06,"Down"
3.64301324926085e-11,-5.22226028850637,0,0.653,2.79980140258693e-06,"Smn1-201",2.79980140258693e-06,"Down"
3.64301324926085e-11,-5.5774214981326,0,0.653,2.79980140258693e-06,"Ahsa1-201",2.79980140258693e-06,"Down"
3.64301324926085e-11,-5.58180782487565,0,0.653,2.79980140258693e-06,"Slc39a10-201",2.79980140258693e-06,"Down"
3.64301324926085e-11,-4.21316538787526,0,0.653,2.79980140258693e-06,"Armcx2-202",2.79980140258693e-06,"Down"
3.64301324926085e-11,-4.84019494381718,0,0.653,2.79980140258693e-06,"Casp3-204",2.79980140258693e-06,"Down"
3.64301324926085e-11,-4.8258905308907,0,0.653,2.79980140258693e-06,"Psma3-202",2.79980140258693e-06,"Down"
3.64301324926085e-11,-5.51319506851031,0,0.653,2.79980140258693e-06,"Rcn2-201",2.79980140258693e-06,"Down"
3.64301324926085e-11,-6.03842209276883,0,0.653,2.79980140258693e-06,"Vbp1-201",2.79980140258693e-06,"Down"
3.64301324926085e-11,-5.46586818414553,0,0.653,2.79980140258693e-06,"Hadh-201",2.79980140258693e-06,"Down"
3.64301324926085e-11,-5.16279096717676,0,0.653,2.79980140258693e-06,"Zfp521-201",2.79980140258693e-06,"Down"
3.64301324926085e-11,-5.20061909656224,0,0.653,2.79980140258693e-06,"Zfp521-204",2.79980140258693e-06,"Down"
3.64301324926085e-11,-4.09953944035291,0,0.653,2.79980140258693e-06,"Nabp2-204",2.79980140258693e-06,"Down"
3.64301324926085e-11,-5.09633270707143,0,0.653,2.79980140258693e-06,"Nt5dc2-204",2.79980140258693e-06,"Down"
3.64301324926085e-11,-4.64744241095444,0,0.653,2.79980140258693e-06,"Smarcc2-201",2.79980140258693e-06,"Down"
3.64301324926085e-11,-5.07621931513401,0,0.653,2.79980140258693e-06,"Sugt1-201",2.79980140258693e-06,"Down"
3.64301324926085e-11,-5.58474168670658,0,0.653,2.79980140258693e-06,"Psma1-201",2.79980140258693e-06,"Down"
3.64301324926085e-11,-4.41943103703759,0,0.653,2.79980140258693e-06,"Mark3-211",2.79980140258693e-06,"Down"
3.64301324926085e-11,-5.98753648522123,0,0.653,2.79980140258693e-06,"Igdcc3-201",2.79980140258693e-06,"Down"
3.64301324926085e-11,-6.20623328643941,0,0.653,2.79980140258693e-06,"Mbd3-204",2.79980140258693e-06,"Down"
3.64301324926085e-11,-5.21159387914226,0,0.653,2.79980140258693e-06,"Nolc1-201",2.79980140258693e-06,"Down"
3.64301324926085e-11,-5.82004451552996,0,0.653,2.79980140258693e-06,"Ldha-210",2.79980140258693e-06,"Down"
3.64301324926085e-11,-5.82004451552996,0,0.653,2.79980140258693e-06,"Ldha-201",2.79980140258693e-06,"Down"
3.64301324926085e-11,-4.53027114043413,0,0.653,2.79980140258693e-06,"Kdelr1-201",2.79980140258693e-06,"Down"
3.64301324926085e-11,-6.17159382602222,0,0.653,2.79980140258693e-06,"Ptov1-201",2.79980140258693e-06,"Down"
3.64301324926085e-11,-4.69010612311919,0,0.653,2.79980140258693e-06,"Srp72-201",2.79980140258693e-06,"Down"
3.64301324926085e-11,-4.900656405469,0,0.653,2.79980140258693e-06,"Leo1-201",2.79980140258693e-06,"Down"
3.64301324926085e-11,-4.74984166228014,0,0.653,2.79980140258693e-06,"Dnajc8-202",2.79980140258693e-06,"Down"
3.64301324926085e-11,-5.26992021953603,0,0.653,2.79980140258693e-06,"Hmgn2-203",2.79980140258693e-06,"Down"
3.64301324926085e-11,-5.20179774591595,0,0.653,2.79980140258693e-06,"Mrps5-201",2.79980140258693e-06,"Down"
3.66480143393636e-11,-2.70435383328655,0.045,0.75,2.81654649403745e-06,"Smg1-201",2.81654649403745e-06,"Down"
3.66510543478254e-11,-3.66653877243526,0.045,0.722,2.81678013084778e-06,"Hnrnpl-201",2.81678013084778e-06,"Down"
3.73027209595928e-11,-4.78646714294733,0.023,0.681,2.86686331662854e-06,"Akr1b3-201",2.86686331662854e-06,"Down"
3.86197146490578e-11,-3.9749488540583,0.045,0.708,2.96807954963869e-06,"Pds5b-201",2.96807954963869e-06,"Down"
4.06154682682369e-11,-5.20249368215511,0.023,0.681,3.12146119828708e-06,"H2ac19-201",3.12146119828708e-06,"Down"
4.19821127416006e-11,-4.02110515147092,0.023,0.694,3.22649329264297e-06,"Eif3l-201",3.22649329264297e-06,"Down"
4.23781129379409e-11,-4.28449893614334,0.023,0.681,3.25692749173251e-06,"Cnot3-201",3.25692749173251e-06,"Down"
4.29250133905929e-11,-3.0071740002877,0.068,0.764,3.29895897912063e-06,"Rcn1-201",3.29895897912063e-06,"Down"
4.33077251040998e-11,-3.54194666657224,0.045,0.722,3.32837190515049e-06,"Pum1-201",3.32837190515049e-06,"Down"
4.37934195377982e-11,-4.13006064852846,0.023,0.694,3.36569946515794e-06,"Rala-201",3.36569946515794e-06,"Down"
4.50666667140115e-11,-3.03441226552635,0.045,0.75,3.46355360363864e-06,"Dhx38-201",3.46355360363864e-06,"Down"
4.5148617314422e-11,-3.94895078656635,0.045,0.722,3.46985183508259e-06,"Srcap-207",3.46985183508259e-06,"Down"
4.62139363428114e-11,-4.0981911967788,0.023,0.667,3.55172586369043e-06,"Phrf1-209",3.55172586369043e-06,"Down"
4.75517704801229e-11,-3.22354842193397,0.091,0.75,3.65454376847936e-06,"Rtn4-205",3.65454376847936e-06,"Down"
4.76269789788765e-11,-2.71600387281301,0.182,0.861,3.66032384244258e-06,"Tpm4-201",3.66032384244258e-06,"Down"
4.80543381534604e-11,-4.13904102045833,0.068,0.708,3.69316810444604e-06,"Anapc5-203",3.69316810444604e-06,"Down"
4.82245624250798e-11,-5.25613849228969,0.023,0.667,3.70625052061708e-06,"Dnajc13-201",3.70625052061708e-06,"Down"
4.89050173432865e-11,-3.03051104358678,0.091,0.778,3.75854620290094e-06,"Brd2-201",3.75854620290094e-06,"Down"
4.90629722755221e-11,-3.19422421848466,0.045,0.722,3.77068567126297e-06,"Prpf40a-208",3.77068567126297e-06,"Down"
4.93674177726952e-11,-3.3554719777134,0.091,0.764,3.79408352550272e-06,"Arf1-201",3.79408352550272e-06,"Down"
4.96352579808817e-11,-3.83603030728508,0.045,0.708,3.81466811686268e-06,"Dpysl2-201",3.81466811686268e-06,"Down"
5.11427612987264e-11,-3.6648031494565,0.045,0.722,3.93052577685232e-06,"Trp53bp2-201",3.93052577685232e-06,"Down"
5.11427612987264e-11,-3.37908950248644,0.045,0.722,3.93052577685232e-06,"Lsm14a-201",3.93052577685232e-06,"Down"
5.23768181466613e-11,-4.18416190091804,0.023,0.681,4.02536798184351e-06,"Arid1b-202",4.02536798184351e-06,"Down"
5.23768181466613e-11,-4.30266881365075,0.023,0.681,4.02536798184351e-06,"Ddx27-201",4.02536798184351e-06,"Down"
5.33087178254241e-11,-3.64974053124043,0.045,0.722,4.09698819975515e-06,"Arcn1-201",4.09698819975515e-06,"Down"
5.39493423887615e-11,-4.13909738279968,0.045,0.708,4.14622275994588e-06,"Myl12a-206",4.14622275994588e-06,"Down"
5.40606154082445e-11,-3.2759930425648,0.023,0.694,4.15477453658523e-06,"Stag1-201",4.15477453658523e-06,"Down"
5.47837731060803e-11,-5.3618006070352,0.023,0.667,4.21035209829469e-06,"Tomm20-201",4.21035209829469e-06,"Down"
5.65213712813066e-11,-4.59333915522698,0.045,0.694,4.34389346845354e-06,"Nop56-202",4.34389346845354e-06,"Down"
5.67268749004806e-11,-4.58487150869497,0.068,0.708,4.35968724360154e-06,"Ptbp1-215",4.35968724360154e-06,"Down"
5.71582650069038e-11,-4.63767230188506,0.023,0.667,4.39284129884059e-06,"Tcof1-204",4.39284129884059e-06,"Down"
5.77783205682784e-11,-2.50412877339419,0.114,0.819,4.44049504895447e-06,"Ddx46-203",4.44049504895447e-06,"Down"
5.87966862595332e-11,-3.97547221904327,0.023,0.694,4.51876052579017e-06,"Prrc2c-209",4.51876052579017e-06,"Down"
5.87966862595332e-11,-3.69172978660652,0.023,0.694,4.51876052579017e-06,"Ppa1-201",4.51876052579017e-06,"Down"
5.87966862595332e-11,-3.39390351896845,0.023,0.694,4.51876052579017e-06,"Srrt-212",4.51876052579017e-06,"Down"
5.92040667265295e-11,-4.24080597086828,0.068,0.722,4.5500693442007e-06,"Morf4l1-202",4.5500693442007e-06,"Down"
5.94476967583306e-11,-4.25861153094571,0.023,0.681,4.56879328666474e-06,"Baz2b-202",4.56879328666474e-06,"Down"
6.22131313492448e-11,-4.66371372665673,0.023,0.667,4.78132799671486e-06,"Psmb6-201",4.78132799671486e-06,"Down"
6.22131313492448e-11,-4.38339924225907,0.023,0.667,4.78132799671486e-06,"Pnisr-201",4.78132799671486e-06,"Down"
6.40589096853571e-11,-4.3550040241014,0.045,0.694,4.92318344495843e-06,"Rrp1-201",4.92318344495843e-06,"Down"
6.45572782771839e-11,-2.41166910596747,0.068,0.764,4.96148506471469e-06,"Cap1-201",4.96148506471469e-06,"Down"
6.46245171385641e-11,-2.11696974445125,0.159,0.917,4.9666526401672e-06,"P4hb-201",4.9666526401672e-06,"Down"
6.49019862414075e-11,-4.2514830824425,0.023,0.667,4.98797725059713e-06,"Septin9-204",4.98797725059713e-06,"Down"
6.49019862414075e-11,-4.95848729768877,0.023,0.667,4.98797725059713e-06,"Ctnnb1-208",4.98797725059713e-06,"Down"
6.50791824082791e-11,-2.65127423321181,0.091,0.806,5.00159548480588e-06,"Lrrc58-201",5.00159548480588e-06,"Down"
6.74495475657069e-11,-3.65557590200249,0.023,0.681,5.18376752861484e-06,"Spcs2-201",5.18376752861484e-06,"Down"
6.92299635025563e-11,-2.8222413835534,0.091,0.792,5.32059961502547e-06,"Cnot1-202",5.32059961502547e-06,"Down"
6.95178062565243e-11,-2.84190864733014,0.023,0.694,5.34272148203891e-06,"Snw1-201",5.34272148203891e-06,"Down"
6.95178062565243e-11,-2.61609282262211,0.023,0.694,5.34272148203891e-06,"Wbp11-201",5.34272148203891e-06,"Down"
7.24682810118915e-11,-6.56250372349862,0,0.639,5.56947726888791e-06,"H1f1-201",5.56947726888791e-06,"Down"
7.24682810118915e-11,-4.954553645255,0,0.639,5.56947726888791e-06,"Ptbp2-201",5.56947726888791e-06,"Down"
7.24682810118915e-11,-4.11233836054592,0,0.639,5.56947726888791e-06,"Armcx2-201",5.56947726888791e-06,"Down"
7.24682810118915e-11,-5.61963796264574,0,0.639,5.56947726888791e-06,"Cops3-201",5.56947726888791e-06,"Down"
7.24682810118915e-11,-4.94347660240298,0,0.639,5.56947726888791e-06,"Srp68-201",5.56947726888791e-06,"Down"
7.24682810118915e-11,-6.09543296506757,0,0.639,5.56947726888791e-06,"Eif2s1-201",5.56947726888791e-06,"Down"
7.24682810118915e-11,-4.49978958496022,0,0.639,5.56947726888791e-06,"Papola-202",5.56947726888791e-06,"Down"
7.24682810118915e-11,-2.99047489677329,0,0.639,5.56947726888791e-06,"Rcbtb2-209",5.56947726888791e-06,"Down"
7.24682810118915e-11,-2.99047489677329,0,0.639,5.56947726888791e-06,"Rcbtb2-218",5.56947726888791e-06,"Down"
7.24682810118915e-11,-5.1442506235675,0,0.639,5.56947726888791e-06,"Zfp664-201",5.56947726888791e-06,"Down"
7.24682810118915e-11,-4.43059964925351,0,0.639,5.56947726888791e-06,"Zfp148-202",5.56947726888791e-06,"Down"
7.24682810118915e-11,-6.43247489669778,0,0.639,5.56947726888791e-06,"H2ac7-201",5.56947726888791e-06,"Down"
7.24682810118915e-11,-4.9408836646752,0,0.639,5.56947726888791e-06,"U2af1-208",5.56947726888791e-06,"Down"
7.24682810118915e-11,-4.83135450440169,0,0.639,5.56947726888791e-06,"Atad5-202",5.56947726888791e-06,"Down"
7.24682810118915e-11,-4.88540397663678,0,0.639,5.56947726888791e-06,"Atad5-201",5.56947726888791e-06,"Down"
7.24682810118915e-11,-4.4442312511687,0,0.639,5.56947726888791e-06,"Krtcap2-201",5.56947726888791e-06,"Down"
7.24682810118915e-11,-4.48361906160749,0,0.639,5.56947726888791e-06,"Krtcap2-204",5.56947726888791e-06,"Down"
7.24682810118915e-11,-5.61195976167932,0,0.639,5.56947726888791e-06,"Abl1-202",5.56947726888791e-06,"Down"
7.24682810118915e-11,-6.09336478975269,0,0.639,5.56947726888791e-06,"Hnrnpm-201",5.56947726888791e-06,"Down"
7.24682810118915e-11,-6.01543633197819,0,0.639,5.56947726888791e-06,"Ccdc34-201",5.56947726888791e-06,"Down"
7.24682810118915e-11,-4.87985667661696,0,0.639,5.56947726888791e-06,"Glyr1-202",5.56947726888791e-06,"Down"
7.24682810118915e-11,-5.73195043206154,0,0.639,5.56947726888791e-06,"Pcna-201",5.56947726888791e-06,"Down"
7.24682810118915e-11,-5.39613252531176,0,0.639,5.56947726888791e-06,"Hip1-201",5.56947726888791e-06,"Down"
7.24682810118915e-11,-4.40107924590681,0,0.639,5.56947726888791e-06,"Sinhcaf-211",5.56947726888791e-06,"Down"
7.24682810118915e-11,-4.40107924590681,0,0.639,5.56947726888791e-06,"Sinhcaf-202",5.56947726888791e-06,"Down"
7.24682810118915e-11,-4.42505618316099,0,0.639,5.56947726888791e-06,"Mau2-201",5.56947726888791e-06,"Down"
7.24682810118915e-11,-4.75245099547479,0,0.639,5.56947726888791e-06,"Smc4-201",5.56947726888791e-06,"Down"
7.24682810118915e-11,-6.1392872811688,0,0.639,5.56947726888791e-06,"Srsf3-201",5.56947726888791e-06,"Down"
7.24682810118915e-11,-5.26969413176673,0,0.639,5.56947726888791e-06,"Vapb-201",5.56947726888791e-06,"Down"
7.33596625047775e-11,-4.01243316940365,0.023,0.681,5.63798350214217e-06,"Smc5-201",5.63798350214217e-06,"Down"
7.36687731466135e-11,-5.38659110681226,0.023,0.667,5.66173989140984e-06,"Taf7-201",5.66173989140984e-06,"Down"
7.36687731466135e-11,-4.65350736021849,0.023,0.667,5.66173989140984e-06,"Sgta-202",5.66173989140984e-06,"Down"
7.55731304026801e-11,-2.94558467558104,0.023,0.694,5.80809736396758e-06,"Ilf2-201",5.80809736396758e-06,"Down"
7.55731304026801e-11,-4.04854665889139,0.045,0.681,5.80809736396758e-06,"Ptp4a1-203",5.80809736396758e-06,"Down"
7.56548892791172e-11,-4.37564824604162,0.045,0.694,5.81438086065727e-06,"Parva-201",5.81438086065727e-06,"Down"
7.57514137268108e-11,-3.80752221080863,0.068,0.722,5.82179915056032e-06,"Zfp207-201",5.82179915056032e-06,"Down"
7.65017116116031e-11,-4.40973480049939,0.023,0.681,5.87946254419815e-06,"Rnf7-201",5.87946254419815e-06,"Down"
7.68406704146985e-11,-3.45722725661505,0.023,0.667,5.90551288405124e-06,"Gps1-205",5.90551288405124e-06,"Down"
7.73024907104803e-11,-2.81244334317741,0.045,0.722,5.94100562106325e-06,"PTPRG-201",5.94100562106325e-06,"Down"
7.73939463601609e-11,-2.98495277719438,0.068,0.75,5.94803435356381e-06,"Pdia4-201",5.94803435356381e-06,"Down"
7.83530531666271e-11,-3.89631413428128,0.045,0.708,6.02174554806796e-06,"Parp1-201",6.02174554806796e-06,"Down"
7.93536092125291e-11,-2.48701841136907,0.114,0.847,6.09864228241971e-06,"Gja1-201",6.09864228241971e-06,"Down"
7.97752371021101e-11,-4.11125393378846,0.023,0.681,6.13104607224557e-06,"Wdfy3-201",6.13104607224557e-06,"Down"
7.97752371021101e-11,-4.17507128173112,0.023,0.681,6.13104607224557e-06,"Farp1-201",6.13104607224557e-06,"Down"
8.01459904112495e-11,-3.54923511018898,0.023,0.667,6.15953994706617e-06,"Gps1-201",6.15953994706617e-06,"Down"
8.05461978646097e-11,-3.51421990297062,0.045,0.722,6.19029749068671e-06,"Ap2b1-201",6.19029749068671e-06,"Down"
8.21989837622201e-11,-4.22742864997604,0.045,0.694,6.31732069806166e-06,"Ube4b-202",6.31732069806166e-06,"Down"
8.22132069163079e-11,-3.88804527865656,0.068,0.722,6.31841380434593e-06,"Impdh2-201",6.31841380434593e-06,"Down"
8.22132069163079e-11,-4.95098984030805,0.091,0.708,6.31841380434593e-06,"Hnrnpk-202",6.31841380434593e-06,"Down"
8.33187796302641e-11,-4.72888130050909,0.023,0.653,6.40338148970432e-06,"Ola1-201",6.40338148970432e-06,"Down"
8.3937678975263e-11,-3.63216639807631,0.091,0.736,6.45094637996486e-06,"Aplp2-209",6.45094637996486e-06,"Down"
8.45819469800912e-11,-3.6996087150022,0.136,0.764,6.50046095320793e-06,"Flna-201",6.50046095320793e-06,"Down"
8.50924618523641e-11,-4.42427897555458,0.068,0.694,6.53969606320159e-06,"Smarca4-204",6.53969606320159e-06,"Down"
8.69161650092978e-11,-4.22932830821159,0.023,0.653,6.67985494562457e-06,"Eif5a-213",6.67985494562457e-06,"Down"
8.92708439121637e-11,-4.86690022684331,0.045,0.681,6.86082143802543e-06,"Ptbp1-216",6.86082143802543e-06,"Down"
9.06467619809726e-11,-2.62314378105151,0.136,0.792,6.96656624528567e-06,"Clta-202",6.96656624528567e-06,"Down"
9.06467619809726e-11,-2.62314378105151,0.136,0.792,6.96656624528567e-06,"Clta-206",6.96656624528567e-06,"Down"
9.1096613822826e-11,-3.28258168406987,0.045,0.722,7.00113915873947e-06,"Safb-207",7.00113915873947e-06,"Down"
9.22627019902468e-11,-3.26297153110565,0.068,0.736,7.09075769875843e-06,"Fkbp1a-201",7.09075769875843e-06,"Down"
9.47791944157024e-11,-3.26000545858445,0.068,0.75,7.2841602076244e-06,"Usp34-208",7.2841602076244e-06,"Down"
9.83104649031518e-11,-3.29518983658996,0.023,0.681,7.55555246966683e-06,"Paip2-201",7.55555246966683e-06,"Down"
9.86438683510804e-11,-5.18329976021481,0.023,0.653,7.58117585825393e-06,"Hdgf-201",7.58117585825393e-06,"Down"
9.88733611858702e-11,-4.33293287051682,0.023,0.667,7.59881330057887e-06,"Taf10-203",7.59881330057887e-06,"Down"
1.00314732301514e-10,-3.12237078616345,0.045,0.708,7.70958843630059e-06,"Prpf40a-211",7.70958843630059e-06,"Down"
1.00713090963824e-10,-2.73918538596468,0.068,0.764,7.74020389293375e-06,"Rbbp6-201",7.74020389293375e-06,"Down"
1.00719213392023e-10,-2.33410422444671,0.114,0.819,7.74067442603054e-06,"Trip12-201",7.74067442603054e-06,"Down"
1.00817705338972e-10,-3.63080767552698,0.068,0.722,7.74824392612132e-06,"Prrc2c-202",7.74824392612132e-06,"Down"
1.02493296354126e-10,-3.64775909732003,0.023,0.681,7.87701979799997e-06,"Pds5a-209",7.87701979799997e-06,"Down"
1.02886596503631e-10,-4.18711071543751,0.023,0.653,7.90724648769007e-06,"Myef2-206",7.90724648769007e-06,"Down"
1.03102132258968e-10,-4.63534879872001,0.023,0.667,7.92381127263073e-06,"Clns1a-201",7.92381127263073e-06,"Down"
1.04518255059553e-10,-3.83078038572807,0.045,0.708,8.03264597434687e-06,"Tenm3-206",8.03264597434687e-06,"Down"
1.05331369029473e-10,-3.99704477870841,0.045,0.694,8.09513703539113e-06,"Smchd1-201",8.09513703539113e-06,"Down"
1.05331369029473e-10,-3.99241987459941,0.045,0.694,8.09513703539113e-06,"Gstp1-201",8.09513703539113e-06,"Down"
1.07287975063451e-10,-4.5182151390966,0.091,0.694,8.24551003552644e-06,"Tuba1b-201",8.24551003552644e-06,"Down"
1.07507545622336e-10,-3.98969960593704,0.023,0.667,8.26238491125904e-06,"Fau-202",8.26238491125904e-06,"Down"
1.08508518818494e-10,-3.75477189512216,0.068,0.736,8.33931370527655e-06,"Acin1-201",8.33931370527655e-06,"Down"
1.08893810068984e-10,-3.33755739042965,0.045,0.708,8.36892487904172e-06,"Ubxn1-202",8.36892487904172e-06,"Down"
1.08893810068984e-10,-2.95259682899911,0.045,0.708,8.36892487904172e-06,"Dnmt3a-201",8.36892487904172e-06,"Down"
1.10662852278101e-10,-2.91124747161168,0.091,0.764,8.50488284898114e-06,"Brd2-203",8.50488284898114e-06,"Down"
1.11387452153887e-10,-3.40923701817645,0.023,0.681,8.56057124783481e-06,"Peli1-201",8.56057124783481e-06,"Down"
1.11914022666326e-10,-5.00446007198885,0.023,0.653,8.60104029799779e-06,"Snx18-201",8.60104029799779e-06,"Down"
1.15166576349818e-10,-3.21827275011596,0.205,0.833,8.85101205878889e-06,"Sptbn1-201",8.85101205878889e-06,"Down"
1.16713611326011e-10,-5.0005418330103,0.023,0.653,8.96990788484927e-06,"Rtraf-201",8.96990788484927e-06,"Down"
1.16713611326011e-10,-5.02030847169002,0.023,0.653,8.96990788484927e-06,"Chd3-202",8.96990788484927e-06,"Down"
1.19173597713397e-10,-4.3183079910265,0.045,0.694,9.15896767866542e-06,"Syncrip-201",9.15896767866542e-06,"Down"
1.21025648501995e-10,-2.29741936657291,0.091,0.792,9.30130518997231e-06,"Hif1a-201",9.30130518997231e-06,"Down"
1.21034616731593e-10,-3.29600394943592,0.023,0.681,9.30199443428982e-06,"Srrt-209",9.30199443428982e-06,"Down"
1.21857022170557e-10,-4.20173434249808,0.023,0.667,9.365199581896e-06,"Ppp1r12a-201",9.365199581896e-06,"Down"
1.23517750745986e-10,-3.32433613281128,0.068,0.722,9.49283321583203e-06,"Kat6a-202",9.49283321583203e-06,"Down"
1.24334691621135e-10,-4.12326847128341,0.045,0.681,9.55561838985068e-06,"Scaf11-202",9.55561838985068e-06,"Down"
1.24334691621135e-10,-4.30851774327408,0.045,0.681,9.55561838985068e-06,"Eef1d-204",9.55561838985068e-06,"Down"
1.26159790881648e-10,-3.13569885500522,0.023,0.681,9.69588456841818e-06,"Stag2-203",9.69588456841818e-06,"Down"
1.32351573496361e-10,-4.69151464331563,0.023,0.653,1.01717478294893e-05,"Zfp609-201",1.01717478294893e-05,"Down"
1.32351573496361e-10,-5.10558838561905,0.023,0.653,1.01717478294893e-05,"Vdac2-201",1.01717478294893e-05,"Down"
1.32446271856004e-10,-4.09390969783301,0.023,0.667,1.01790257772214e-05,"Ddx17-201",1.01790257772214e-05,"Down"
1.35019341026248e-10,-2.79805034423201,0.045,0.681,1.03767764352313e-05,"Clasp1-203",1.03767764352313e-05,"Down"
1.37054430419762e-10,-3.23714413924316,0.023,0.681,1.05331811954804e-05,"Cnpy2-202",1.05331811954804e-05,"Down"
1.37054430419762e-10,-3.31435564932741,0.023,0.681,1.05331811954804e-05,"Bach1-201",1.05331811954804e-05,"Down"
1.38005748920146e-10,-4.92541199418771,0.023,0.653,1.06062938275089e-05,"Cdc16-201",1.06062938275089e-05,"Down"
1.40693089847503e-10,-3.86253433027846,0.045,0.681,1.081282672714e-05,"Tcf3-208",1.081282672714e-05,"Down"
1.41785669903039e-10,-2.61031144505393,0.091,0.792,1.08967958747282e-05,"Rlim-201",1.08967958747282e-05,"Down"
1.42565674062408e-10,-4.75478636201436,0,0.625,1.09567423143923e-05,"Nutf2-201",1.09567423143923e-05,"Down"
1.42565674062408e-10,-5.77388736031925,0,0.625,1.09567423143923e-05,"Sdha-201",1.09567423143923e-05,"Down"
1.42565674062408e-10,-4.78278638415722,0,0.625,1.09567423143923e-05,"Rbm27-203",1.09567423143923e-05,"Down"
1.42565674062408e-10,-4.18493392278758,0,0.625,1.09567423143923e-05,"Armcx2-207",1.09567423143923e-05,"Down"
1.42565674062408e-10,-4.50991354068463,0,0.625,1.09567423143923e-05,"Ndufv2-203",1.09567423143923e-05,"Down"
1.42565674062408e-10,-3.67049732885967,0,0.625,1.09567423143923e-05,"Ei24-202",1.09567423143923e-05,"Down"
1.42565674062408e-10,-3.67049732885967,0,0.625,1.09567423143923e-05,"Ei24-211",1.09567423143923e-05,"Down"
1.42565674062408e-10,-4.71487044222092,0,0.625,1.09567423143923e-05,"Pcnp-202",1.09567423143923e-05,"Down"
1.42565674062408e-10,-5.54362856421774,0,0.625,1.09567423143923e-05,"Tspan3-201",1.09567423143923e-05,"Down"
1.42565674062408e-10,-4.26930085863059,0,0.625,1.09567423143923e-05,"Dbf4-207",1.09567423143923e-05,"Down"
1.42565674062408e-10,-4.07662289751181,0,0.625,1.09567423143923e-05,"Usp7-206",1.09567423143923e-05,"Down"
1.42565674062408e-10,-4.0688798059516,0,0.625,1.09567423143923e-05,"Usp7-208",1.09567423143923e-05,"Down"
1.42565674062408e-10,-2.94518597547937,0,0.625,1.09567423143923e-05,"Rcbtb2-201",1.09567423143923e-05,"Down"
1.42565674062408e-10,-5.56685993961195,0,0.625,1.09567423143923e-05,"Zfhx4-201",1.09567423143923e-05,"Down"
1.42565674062408e-10,-4.75478636201436,0,0.625,1.09567423143923e-05,"Nutf2-ps1-201",1.09567423143923e-05,"Down"
1.42565674062408e-10,-5.26651557338597,0,0.625,1.09567423143923e-05,"Nbea-201",1.09567423143923e-05,"Down"
1.42565674062408e-10,-5.6956656127434,0,0.625,1.09567423143923e-05,"Siva1-201",1.09567423143923e-05,"Down"
1.42565674062408e-10,-4.69258509332864,0,0.625,1.09567423143923e-05,"Timm23-201",1.09567423143923e-05,"Down"
1.42565674062408e-10,-5.6131781225539,0,0.625,1.09567423143923e-05,"Dld-201",1.09567423143923e-05,"Down"
1.42565674062408e-10,-4.90735580880814,0,0.625,1.09567423143923e-05,"Oxa1l-201",1.09567423143923e-05,"Down"
1.42565674062408e-10,-6.4059175123635,0,0.625,1.09567423143923e-05,"H3c7-201",1.09567423143923e-05,"Down"
1.42565674062408e-10,-5.12397690586799,0,0.625,1.09567423143923e-05,"U2af1-202",1.09567423143923e-05,"Down"
1.42565674062408e-10,-5.73487921025293,0,0.625,1.09567423143923e-05,"Rcor2-201",1.09567423143923e-05,"Down"
1.42565674062408e-10,-4.55424574527127,0,0.625,1.09567423143923e-05,"Golm1-201",1.09567423143923e-05,"Down"
1.42565674062408e-10,-4.55424574527127,0,0.625,1.09567423143923e-05,"Golm1-202",1.09567423143923e-05,"Down"
1.42565674062408e-10,-4.44078732293678,0,0.625,1.09567423143923e-05,"Trim27-206",1.09567423143923e-05,"Down"
1.42565674062408e-10,-4.44078732293678,0,0.625,1.09567423143923e-05,"Trim27-201",1.09567423143923e-05,"Down"
1.42565674062408e-10,-5.58634163268106,0,0.625,1.09567423143923e-05,"Eid1-201",1.09567423143923e-05,"Down"
1.42565674062408e-10,-5.54475371236211,0,0.625,1.09567423143923e-05,"Yme1l1-201",1.09567423143923e-05,"Down"
1.42565674062408e-10,-5.24482343044165,0,0.625,1.09567423143923e-05,"Hmgcr-201",1.09567423143923e-05,"Down"
1.42565674062408e-10,-5.60757145802249,0,0.625,1.09567423143923e-05,"Uqcrfs1-201",1.09567423143923e-05,"Down"
1.42565674062408e-10,-5.18020013859302,0,0.625,1.09567423143923e-05,"Pabpn1-201",1.09567423143923e-05,"Down"
1.42565674062408e-10,-5.13246413367887,0,0.625,1.09567423143923e-05,"Dock1-201",1.09567423143923e-05,"Down"
1.42565674062408e-10,-5.31998384978789,0,0.625,1.09567423143923e-05,"Prkd3-204",1.09567423143923e-05,"Down"
1.42565674062408e-10,-5.18668548258498,0,0.625,1.09567423143923e-05,"Polr2e-201",1.09567423143923e-05,"Down"
1.42565674062408e-10,-4.19032073137779,0,0.625,1.09567423143923e-05,"Atp5d-201",1.09567423143923e-05,"Down"
1.42565674062408e-10,-5.11279834232646,0,0.625,1.09567423143923e-05,"Pbx2-201",1.09567423143923e-05,"Down"
1.42565674062408e-10,-4.63300682979585,0,0.625,1.09567423143923e-05,"Smc4-207",1.09567423143923e-05,"Down"
1.42565674062408e-10,-5.57674227966003,0,0.625,1.09567423143923e-05,"Hdgfl3-202",1.09567423143923e-05,"Down"
1.42565674062408e-10,-5.69661014676748,0,0.625,1.09567423143923e-05,"Mtpn-201",1.09567423143923e-05,"Down"
1.42565674062408e-10,-3.45858996197779,0,0.625,1.09567423143923e-05,"Celf1-203",1.09567423143923e-05,"Down"
1.42565674062408e-10,-3.41790519851224,0,0.625,1.09567423143923e-05,"Celf1-208",1.09567423143923e-05,"Down"
1.42565674062408e-10,-6.64701151347458,0,0.625,1.09567423143923e-05,"Snai1-201",1.09567423143923e-05,"Down"
1.42565674062408e-10,-4.99859625237976,0,0.625,1.09567423143923e-05,"Nup188-201",1.09567423143923e-05,"Down"
1.42565674062408e-10,-4.41987234233438,0,0.625,1.09567423143923e-05,"Paics-202",1.09567423143923e-05,"Down"
1.42565674062408e-10,-5.20491265488606,0,0.625,1.09567423143923e-05,"Rbm15b-201",1.09567423143923e-05,"Down"
1.42565674062408e-10,-4.00351725145395,0,0.625,1.09567423143923e-05,"Spcs2-210",1.09567423143923e-05,"Down"
1.42841314406738e-10,-3.04521677102012,0.023,0.681,1.09779263774155e-05,"Hivep1-201",1.09779263774155e-05,"Down"
1.42841314406738e-10,-3.04656893989245,0.023,0.681,1.09779263774155e-05,"Stag2-201",1.09779263774155e-05,"Down"
1.4389576631626e-10,-4.83609929783742,0.023,0.653,1.10589652244698e-05,"Nus1-201",1.10589652244698e-05,"Down"
1.4389576631626e-10,-4.78363482633971,0.023,0.653,1.10589652244698e-05,"Hdgfl2-212",1.10589652244698e-05,"Down"
1.45209010642059e-10,-3.93958010934435,0.091,0.708,1.11598933038848e-05,"Clint1-201",1.11598933038848e-05,"Down"
1.46599622976333e-10,-4.19472011114253,0.045,0.681,1.12667674242231e-05,"Dynll2-201",1.12667674242231e-05,"Down"
1.46599622976333e-10,-2.42912554547525,0.045,0.681,1.12667674242231e-05,"Clasp1-212",1.12667674242231e-05,"Down"
1.48866757985115e-10,-1.81895812709723,0.023,0.681,1.1441005818188e-05,"Ppfia1-201",1.1441005818188e-05,"Down"
1.48866757985115e-10,-2.72497479096215,0.023,0.681,1.1441005818188e-05,"Amotl2-207",1.1441005818188e-05,"Down"
1.50031214178587e-10,-4.14313287318361,0.023,0.653,1.15304989344811e-05,"Bod1l-201",1.15304989344811e-05,"Down"
1.59121569850912e-10,-3.61303163050469,0.091,0.722,1.2229129129322e-05,"Csnk1a1-204",1.2229129129322e-05,"Down"
1.59835909508749e-10,-2.17312826504878,0.068,0.75,1.22840289893854e-05,"Mta2-201",1.22840289893854e-05,"Down"
1.63078665973958e-10,-4.76718154063974,0.023,0.653,1.25332477947625e-05,"Bmpr1a-201",1.25332477947625e-05,"Down"
1.63078665973958e-10,-4.05721877026605,0.023,0.653,1.25332477947625e-05,"Tcf3-210",1.25332477947625e-05,"Down"
1.63761708853458e-10,-3.37031757680308,0.045,0.708,1.25857423722237e-05,"Erp29-203",1.25857423722237e-05,"Down"
1.65365613433436e-10,-3.47199047010885,0.045,0.694,1.27090088548133e-05,"Naa15-201",1.27090088548133e-05,"Down"
1.65365613433436e-10,-4.21051786748688,0.045,0.694,1.27090088548133e-05,"Rbm33-204",1.27090088548133e-05,"Down"
1.65365613433436e-10,-3.88121429753388,0.045,0.694,1.27090088548133e-05,"Nme1-203",1.27090088548133e-05,"Down"
1.65365613433436e-10,-3.49427613543017,0.045,0.694,1.27090088548133e-05,"Sumo1-201",1.27090088548133e-05,"Down"
1.65810844500706e-10,-4.0973458160038,0.045,0.681,1.27432266432573e-05,"Dnmt1-203",1.27432266432573e-05,"Down"
1.66349693619279e-10,-2.83640452018784,0.068,0.75,1.2784639353416e-05,"Nrd1-201",1.2784639353416e-05,"Down"
1.6990189066819e-10,-3.79889060926587,0.023,0.667,1.3057639905413e-05,"Kdm4a-202",1.3057639905413e-05,"Down"
1.70011801801597e-10,-4.60661954938975,0.023,0.653,1.30660870156599e-05,"Tmem165-201",1.30660870156599e-05,"Down"
1.70011801801597e-10,-4.2256154478709,0.023,0.653,1.30660870156599e-05,"Sppl3-201",1.30660870156599e-05,"Down"
1.70546639171583e-10,-2.8740527343801,0.045,0.708,1.31071914068928e-05,"Cd63-204",1.31071914068928e-05,"Down"
1.70546639171583e-10,-2.8740527343801,0.045,0.708,1.31071914068928e-05,"Cd63-202",1.31071914068928e-05,"Down"
1.72247900808598e-10,-3.73372209507763,0.045,0.694,1.3237940168744e-05,"Prpf38b-201",1.3237940168744e-05,"Down"
1.74637810751011e-10,-2.83967547152394,0.045,0.722,1.34216143074582e-05,"Gpbp1-201",1.34216143074582e-05,"Down"
1.75948187332306e-10,-4.55173305115825,0.023,0.639,1.3522321989237e-05,"Ttc3-201",1.3522321989237e-05,"Down"
1.77078150189583e-10,-3.54703357483077,0.023,0.667,1.36091641546702e-05,"Mapk6-202",1.36091641546702e-05,"Down"
1.77078150189583e-10,-3.54703357483077,0.023,0.667,1.36091641546702e-05,"Mapk6-201",1.36091641546702e-05,"Down"
1.78752640173333e-10,-2.64421332756006,0.114,0.792,1.37378554078813e-05,"Tcf20-202",1.37378554078813e-05,"Down"
1.79409788955557e-10,-3.44254112615859,0.045,0.694,1.37883599203904e-05,"Selenot-201",1.37883599203904e-05,"Down"
1.84550276845847e-10,-3.97047400232057,0.023,0.667,1.41834269767107e-05,"Tsnax-201",1.41834269767107e-05,"Down"
1.86718644068714e-10,-4.39226228345098,0.045,0.667,1.43500746712569e-05,"Neo1-202",1.43500746712569e-05,"Down"
1.86792965425233e-10,-2.55814212286893,0.091,0.792,1.43557865647909e-05,"Gja1-206",1.43557865647909e-05,"Down"
1.94617070249401e-10,-2.96817613268165,0.045,0.694,1.49571003169474e-05,"Tram1-201",1.49571003169474e-05,"Down"
1.95292683358322e-10,-3.68207945142208,0.045,0.681,1.50090238868205e-05,"Ccar1-211",1.50090238868205e-05,"Down"
2.01099396544818e-10,-3.56712335766733,0.068,0.708,1.54552930220554e-05,"Stk24-201",1.54552930220554e-05,"Down"
2.03428829415622e-10,-3.89497486846466,0.045,0.681,1.56343192559082e-05,"Zc3h13-203",1.56343192559082e-05,"Down"
2.08810086093874e-10,-2.29809403070352,0.045,0.708,1.60478903566586e-05,"Cbfb-202",1.60478903566586e-05,"Down"
2.08810086093874e-10,-3.54498851430528,0.068,0.694,1.60478903566586e-05,"Sp3-202",1.60478903566586e-05,"Down"
2.08907251646252e-10,-3.40899579456164,0.091,0.764,1.6055357918021e-05,"Sptan1-201",1.6055357918021e-05,"Down"
2.09233039810714e-10,-3.71537473588154,0.023,0.653,1.60803960416126e-05,"Dnm2-211",1.60803960416126e-05,"Down"
2.09233039810714e-10,-3.71537473588154,0.023,0.653,1.60803960416126e-05,"Dnm2-201",1.60803960416126e-05,"Down"
2.11081220475515e-10,-3.36479569783643,0.045,0.694,1.62224361184252e-05,"9530068E07Rik-202",1.62224361184252e-05,"Down"
2.11081220475515e-10,-3.36479569783643,0.045,0.694,1.62224361184252e-05,"9530068E07Rik-201",1.62224361184252e-05,"Down"
2.11895793560027e-10,-4.16785931452407,0.045,0.681,1.62850393182623e-05,"Ece1-201",1.62850393182623e-05,"Down"
2.14769736358244e-10,-3.06502790903228,0.068,0.736,1.65059133180765e-05,"Acin1-203",1.65059133180765e-05,"Down"
2.1675877639884e-10,-4.15016319381266,0.023,0.639,1.66587790013564e-05,"Arid3a-201",1.66587790013564e-05,"Down"
2.17412242485986e-10,-3.12666099563944,0.045,0.708,1.67090004840179e-05,"Safb-201",1.67090004840179e-05,"Down"
2.17642250615285e-10,-3.50189007644497,0.023,0.667,1.67266775287871e-05,"Nf1-202",1.67266775287871e-05,"Down"
2.18076479367038e-10,-3.93960613091872,0.023,0.653,1.67600497452743e-05,"Arid1b-207",1.67600497452743e-05,"Down"
2.19090773887626e-10,-3.57720446967117,0.091,0.722,1.68380023363596e-05,"Psmd11-201",1.68380023363596e-05,"Down"
2.19815915070071e-10,-3.53154206045435,0.045,0.694,1.68937323367952e-05,"Arhgdia-201",1.68937323367952e-05,"Down"
2.25807927364468e-10,-3.14746047382614,0.341,0.889,1.73542424496688e-05,"Fn1-201",1.73542424496688e-05,"Down"
2.25965847434485e-10,-4.49604144741994,0.023,0.639,1.73663792387299e-05,"Wapl-201",1.73663792387299e-05,"Down"
2.27284681408782e-10,-4.29945810118471,0.023,0.653,1.74677369049905e-05,"Akirin2-201",1.74677369049905e-05,"Down"
2.27284681408782e-10,-4.73246221081205,0.023,0.653,1.74677369049905e-05,"Rad54l2-201",1.74677369049905e-05,"Down"
2.28903344888443e-10,-2.95821890643071,0.045,0.694,1.75921376680564e-05,"Zfp516-201",1.75921376680564e-05,"Down"
2.28903344888443e-10,-2.95821890643071,0.045,0.694,1.75921376680564e-05,"Zfp516-202",1.75921376680564e-05,"Down"
2.28903344888443e-10,-2.85016181929919,0.045,0.694,1.75921376680564e-05,"Dnmt3a-218",1.75921376680564e-05,"Down"
2.35554550559197e-10,-4.21455772713326,0.023,0.639,1.81033094286765e-05,"Zfp638-201",1.81033094286765e-05,"Down"
2.35667616015216e-10,-3.47921897325836,0.045,0.708,1.81119989612334e-05,"Sfr1-201",1.81119989612334e-05,"Down"
2.36295383423559e-10,-3.44823651491255,0.023,0.667,1.81602453976342e-05,"Nsa2-201",1.81602453976342e-05,"Down"
2.36872302482642e-10,-3.31566036306094,0.023,0.653,1.8204583935001e-05,"Mbtps1-202",1.8204583935001e-05,"Down"
2.37240157465869e-10,-3.32757551836818,0.091,0.722,1.82328550618819e-05,"Son-202",1.82328550618819e-05,"Down"
2.45540294923529e-10,-4.40153019034989,0.023,0.639,1.88707538260529e-05,"Rai1-201",1.88707538260529e-05,"Down"
2.46854571653754e-10,-3.86317695822304,0.023,0.653,1.89717612498776e-05,"Ythdf3-202",1.89717612498776e-05,"Down"
2.46854571653754e-10,-4.10399403602265,0.023,0.653,1.89717612498776e-05,"Baz2b-201",1.89717612498776e-05,"Down"
2.46854571653754e-10,-4.31675550562031,0.023,0.653,1.89717612498776e-05,"Prdx6-202",1.89717612498776e-05,"Down"
2.48192447887592e-10,-3.67012177831331,0.045,0.694,1.9074582389953e-05,"Atn1-201",1.9074582389953e-05,"Down"
2.55417302977562e-10,-3.22977327391921,0.045,0.708,1.96298414030376e-05,"Cand1-201",1.96298414030376e-05,"Down"
2.55939094494124e-10,-4.83340466703186,0.023,0.639,1.96699431682514e-05,"Ebna1bp2-201",1.96699431682514e-05,"Down"
2.56506941498478e-10,-2.97430286691862,0.023,0.667,1.9713584481924e-05,"Hnrnph2-204",1.9713584481924e-05,"Down"
2.56506941498478e-10,-3.73223772293975,0.023,0.667,1.9713584481924e-05,"Ostc-201",1.9713584481924e-05,"Down"
2.56506941498478e-10,-3.16853469813703,0.023,0.667,1.9713584481924e-05,"Mcm5-201",1.9713584481924e-05,"Down"
2.57247312193669e-10,-3.52950258331857,0.023,0.653,1.97704849313322e-05,"Tbl1xr1-203",1.97704849313322e-05,"Down"
2.58423486405039e-10,-3.84547066722262,0.045,0.694,1.98608786241729e-05,"Epb41l2-207",1.98608786241729e-05,"Down"
2.61020697750412e-10,-2.17496881933047,0.045,0.722,2.00604847049102e-05,"Sec23a-201",2.00604847049102e-05,"Down"
2.61020697750412e-10,-2.63701007071147,0.045,0.722,2.00604847049102e-05,"Cdc42bpb-201",2.00604847049102e-05,"Down"
2.62001368956581e-10,-3.10815141095183,0.068,0.736,2.01358532097891e-05,"Nup153-201",2.01358532097891e-05,"Down"
2.66767591073962e-10,-3.9712086207036,0.023,0.639,2.05021564443982e-05,"Septin9-203",2.05021564443982e-05,"Down"
2.66767591073962e-10,-4.75040648539005,0.023,0.639,2.05021564443982e-05,"Cct8-209",2.05021564443982e-05,"Down"
2.67236338790559e-10,-2.37452607065756,0.023,0.667,2.05381815814096e-05,"Ppdpf-201",2.05381815814096e-05,"Down"
2.68066964062716e-10,-4.29281159438532,0.023,0.653,2.0602018456076e-05,"Noc2l-201",2.0602018456076e-05,"Down"
2.69066030894614e-10,-3.20527399448083,0.045,0.694,2.06788007383747e-05,"Atp5j-201",2.06788007383747e-05,"Down"
2.72597439272185e-10,-2.87536789993032,0.068,0.736,2.09502035978245e-05,"Smdt1-201",2.09502035978245e-05,"Down"
2.7611628976997e-10,-2.97091508747217,0.114,0.778,2.12206413339813e-05,"Igf2r-201",2.12206413339813e-05,"Down"
2.76780327690007e-10,-2.89854418529474,0.045,0.708,2.12716753042878e-05,"Zfhx3-204",2.12716753042878e-05,"Down"
2.77422605481133e-10,-4.85471976178695,0,0.611,2.1321036921647e-05,"Paxbp1-202",2.1321036921647e-05,"Down"
2.77422605481133e-10,-5.82352779234819,0,0.611,2.1321036921647e-05,"Hnrnph3-201",2.1321036921647e-05,"Down"
2.77422605481133e-10,-5.66098117539203,0,0.611,2.1321036921647e-05,"Dnajc3-201",2.1321036921647e-05,"Down"
2.77422605481133e-10,-5.56426014089305,0,0.611,2.1321036921647e-05,"Smg7-202",2.1321036921647e-05,"Down"
2.77422605481133e-10,-5.62334794622886,0,0.611,2.1321036921647e-05,"Cdk5rap2-206",2.1321036921647e-05,"Down"
2.77422605481133e-10,-4.51927547825698,0,0.611,2.1321036921647e-05,"Ncaph2-209",2.1321036921647e-05,"Down"
2.77422605481133e-10,-5.62713965967575,0,0.611,2.1321036921647e-05,"Etfa-201",2.1321036921647e-05,"Down"
2.77422605481133e-10,-4.67544987875628,0,0.611,2.1321036921647e-05,"Zcrb1-201",2.1321036921647e-05,"Down"
2.77422605481133e-10,-6.59913590755516,0,0.611,2.1321036921647e-05,"H2bc18-201",2.1321036921647e-05,"Down"
2.77422605481133e-10,-4.04287405648225,0,0.611,2.1321036921647e-05,"Usp7-207",2.1321036921647e-05,"Down"
2.77422605481133e-10,-4.92112490682983,0,0.611,2.1321036921647e-05,"Hat1-201",2.1321036921647e-05,"Down"
2.77422605481133e-10,-5.55599254455412,0,0.611,2.1321036921647e-05,"Rasa1-201",2.1321036921647e-05,"Down"
2.77422605481133e-10,-5.04192340895153,0,0.611,2.1321036921647e-05,"Hmgb3-202",2.1321036921647e-05,"Down"
2.77422605481133e-10,-5.01179214463198,0,0.611,2.1321036921647e-05,"Hmgb3-203",2.1321036921647e-05,"Down"
2.77422605481133e-10,-5.80143918971737,0,0.611,2.1321036921647e-05,"Eif4e2-204",2.1321036921647e-05,"Down"
2.77422605481133e-10,-4.3263860040329,0,0.611,2.1321036921647e-05,"Smarcc2-202",2.1321036921647e-05,"Down"
2.77422605481133e-10,-5.57176067288089,0,0.611,2.1321036921647e-05,"Srf-201",2.1321036921647e-05,"Down"
2.77422605481133e-10,-5.89228679753416,0,0.611,2.1321036921647e-05,"Copb1-201",2.1321036921647e-05,"Down"
2.77422605481133e-10,-5.0754317730631,0,0.611,2.1321036921647e-05,"Polr2c-201",2.1321036921647e-05,"Down"
2.77422605481133e-10,-4.56265100989717,0,0.611,2.1321036921647e-05,"Skp2-201",2.1321036921647e-05,"Down"
2.77422605481133e-10,-4.45585037944489,0,0.611,2.1321036921647e-05,"Psmb2-203",2.1321036921647e-05,"Down"
2.77422605481133e-10,-5.39191695665126,0,0.611,2.1321036921647e-05,"Suz12-201",2.1321036921647e-05,"Down"
2.77422605481133e-10,-4.32202632714296,0,0.611,2.1321036921647e-05,"Abi2-201",2.1321036921647e-05,"Down"
2.77422605481133e-10,-5.94432651538114,0,0.611,2.1321036921647e-05,"Utp3-201",2.1321036921647e-05,"Down"
2.77422605481133e-10,-3.87595636204039,0,0.611,2.1321036921647e-05,"Paip1-203",2.1321036921647e-05,"Down"
2.77422605481133e-10,-4.55961955555023,0,0.611,2.1321036921647e-05,"Usf2-201",2.1321036921647e-05,"Down"
2.77422605481133e-10,-4.94738535882115,0,0.611,2.1321036921647e-05,"Trim24-201",2.1321036921647e-05,"Down"
2.77422605481133e-10,-5.24242666543138,0,0.611,2.1321036921647e-05,"Prkd3-208",2.1321036921647e-05,"Down"
2.77422605481133e-10,-4.8729327054207,0,0.611,2.1321036921647e-05,"Actl6a-201",2.1321036921647e-05,"Down"
2.77422605481133e-10,-4.51551122638372,0,0.611,2.1321036921647e-05,"Gins2-201",2.1321036921647e-05,"Down"
2.77422605481133e-10,-5.28463821769167,0,0.611,2.1321036921647e-05,"Ltn1-201",2.1321036921647e-05,"Down"
2.77422605481133e-10,-4.74459736258988,0,0.611,2.1321036921647e-05,"Glyr1-201",2.1321036921647e-05,"Down"
2.77422605481133e-10,-6.83808126657392,0,0.611,2.1321036921647e-05,"Ier2-201",2.1321036921647e-05,"Down"
2.77422605481133e-10,-6.25257657664014,0,0.611,2.1321036921647e-05,"Pcbp1-201",2.1321036921647e-05,"Down"
2.77422605481133e-10,-5.30319438597406,0,0.611,2.1321036921647e-05,"Elp1-201",2.1321036921647e-05,"Down"
2.77422605481133e-10,-5.17816773586915,0,0.611,2.1321036921647e-05,"Rsl24d1-201",2.1321036921647e-05,"Down"
2.77422605481133e-10,-4.25785611995701,0,0.611,2.1321036921647e-05,"Kars-203",2.1321036921647e-05,"Down"
2.77422605481133e-10,-3.3208196525207,0,0.611,2.1321036921647e-05,"Celf1-207",2.1321036921647e-05,"Down"
2.77422605481133e-10,-5.45865746888623,0,0.611,2.1321036921647e-05,"Lbr-201",2.1321036921647e-05,"Down"
2.77422605481133e-10,-4.66418650659101,0,0.611,2.1321036921647e-05,"Elof1-202",2.1321036921647e-05,"Down"
2.77422605481133e-10,-5.21734159663488,0,0.611,2.1321036921647e-05,"Birc5-201",2.1321036921647e-05,"Down"
2.77422605481133e-10,-3.94821400572215,0,0.611,2.1321036921647e-05,"Cntrl-202",2.1321036921647e-05,"Down"
2.77422605481133e-10,-4.51516948223179,0,0.611,2.1321036921647e-05,"Psmc3-202",2.1321036921647e-05,"Down"
2.77801611105175e-10,-2.18772904898616,0.136,0.847,2.13501650198771e-05,"Nipbl-201",2.13501650198771e-05,"Down"
2.78403615070522e-10,-2.85237654369225,0.023,0.667,2.13964314326299e-05,"Emsy-202",2.13964314326299e-05,"Down"
2.7933060721479e-10,-3.51248360207783,0.023,0.653,2.14676744868855e-05,"Ubtf-210",2.14676744868855e-05,"Down"
2.81781508626767e-10,-2.59750568120146,0.091,0.778,2.16560360640015e-05,"Rlim-202",2.16560360640015e-05,"Down"
2.82127167348163e-10,-2.76667857046509,0.136,0.792,2.16826013193757e-05,"Mlec-201",2.16826013193757e-05,"Down"
2.87331170465771e-10,-2.7856426379959,0.114,0.764,2.20825497749764e-05,"Morf4l2-202",2.20825497749764e-05,"Down"
2.89783525736246e-10,-3.44593089208628,0.023,0.639,2.22710230869334e-05,"Dnajb12-201",2.22710230869334e-05,"Down"
2.89885116662089e-10,-2.88424241562889,0.068,0.75,2.22788307559482e-05,"Actn4-201",2.22788307559482e-05,"Down"
2.91055985753545e-10,-4.01687238868456,0.023,0.653,2.23688167291029e-05,"Zc3h14-204",2.23688167291029e-05,"Down"
3.03261532969931e-10,-3.86545446983676,0.023,0.653,2.33068618548711e-05,"Sltm-201",2.33068618548711e-05,"Down"
3.05323212145172e-10,-3.33025574653341,0.045,0.681,2.3465310146205e-05,"Cul4b-202",2.3465310146205e-05,"Down"
3.05323212145172e-10,-5.75628874900329,0.068,0.667,2.3465310146205e-05,"ENSMUST00000249940.1",2.3465310146205e-05,"Down"
3.14734719198757e-10,-4.25863443626961,0.023,0.639,2.41886221093012e-05,"Tcf3-206",2.41886221093012e-05,"Down"
3.17481409023221e-10,-3.52238857402455,0.045,0.667,2.43997162090706e-05,"Nsd2-202",2.43997162090706e-05,"Down"
3.17908964343073e-10,-3.62164139914211,0.045,0.681,2.44325755456226e-05,"Metap2-206",2.44325755456226e-05,"Down"
3.17908964343073e-10,-2.2786908239584,0.045,0.681,2.44325755456226e-05,"Ppp1r14b-201",2.44325755456226e-05,"Down"
3.27985022854589e-10,-4.16237798796501,0.023,0.639,2.52069609464666e-05,"Cnot3-205",2.52069609464666e-05,"Down"
3.29037527824501e-10,-3.2871947066769,0.045,0.694,2.52878501634242e-05,"Mettl9-201",2.52878501634242e-05,"Down"
3.31000798147478e-10,-3.24832323118271,0.045,0.681,2.54387353408263e-05,"Gspt1-205",2.54387353408263e-05,"Down"
3.36244357642787e-10,-3.802499065526,0.091,0.708,2.58417238622788e-05,"Hnrnpab-203",2.58417238622788e-05,"Down"
3.37799864281177e-10,-2.48686100799668,0.091,0.75,2.59612707694656e-05,"Ankrd17-203",2.59612707694656e-05,"Down"
3.41779458641737e-10,-4.54486510120542,0.023,0.639,2.62671185144521e-05,"Cycs-202",2.62671185144521e-05,"Down"
3.41779458641737e-10,-4.67483589719718,0.023,0.639,2.62671185144521e-05,"Akap11-201",2.62671185144521e-05,"Down"
3.42954408994825e-10,-3.73917909757588,0.023,0.653,2.63574181488883e-05,"Kdm4a-203",2.63574181488883e-05,"Down"
3.52101114478111e-10,-3.46253006743105,0.023,0.625,2.70603790521007e-05,"Eif5a-207",2.70603790521007e-05,"Down"
3.52101114478111e-10,-3.46253006743105,0.023,0.625,2.70603790521007e-05,"Eif5a-208",2.70603790521007e-05,"Down"
3.52101114478111e-10,-3.46253006743105,0.023,0.625,2.70603790521007e-05,"Eif5a-201",2.70603790521007e-05,"Down"
3.58782723947196e-10,-3.66020881012211,0.045,0.681,2.75738874662378e-05,"Capza2-201",2.75738874662378e-05,"Down"
3.58782723947196e-10,-3.78043085674889,0.045,0.681,2.75738874662378e-05,"Rbm33-202",2.75738874662378e-05,"Down"
3.66198559660134e-10,-2.74563362793833,0.045,0.708,2.81438241041199e-05,"Rbms1-201",2.81438241041199e-05,"Down"
3.66230918129268e-10,-2.884858269952,0.068,0.708,2.81463109819068e-05,"Usp9x-201",2.81463109819068e-05,"Down"
3.71088596948671e-10,-3.63765303715148,0.023,0.639,2.85196430298932e-05,"Farsb-201",2.85196430298932e-05,"Down"
3.72188557721256e-10,-4.04783209030685,0.023,0.653,2.86041794151094e-05,"Paxip1-201",2.86041794151094e-05,"Down"
3.73166766674054e-10,-2.03721246583704,0.455,0.903,2.86793586859677e-05,"H3f3a-205",2.86793586859677e-05,"Down"
3.73316951734494e-10,-3.7047047106803,0.045,0.667,2.86909010086028e-05,"Pds5b-208",2.86909010086028e-05,"Down"
3.73316951734494e-10,-4.46864072985279,0.045,0.667,2.86909010086028e-05,"Foxp4-204",2.86909010086028e-05,"Down"
3.76503486461525e-10,-2.61315622026955,0.114,0.778,2.8935798948514e-05,"Tcf20-201",2.8935798948514e-05,"Down"
3.81049562720537e-10,-3.05125426603894,0.068,0.708,2.92851830933242e-05,"Zmiz1-208",2.92851830933242e-05,"Down"
3.86240000118752e-10,-2.67629044961209,0.045,0.694,2.96840889691266e-05,"Pum2-207",2.96840889691266e-05,"Down"
3.86649379327845e-10,-4.31672531450193,0.023,0.639,2.97155513988622e-05,"Lrp6-201",2.97155513988622e-05,"Down"
3.88836722138945e-10,-3.68173051116599,0.045,0.681,2.98836574432665e-05,"Pspc1-201",2.98836574432665e-05,"Down"
3.96558114961035e-10,-2.79656622292459,0.045,0.708,3.04770773672154e-05,"Pak2-201",3.04770773672154e-05,"Down"
3.96558114961035e-10,-2.38785968616466,0.045,0.708,3.04770773672154e-05,"Zfp638-220",3.04770773672154e-05,"Down"
3.96558114961035e-10,-4.79405318434065,0.091,0.681,3.04770773672154e-05,"Hnrnpk-232",3.04770773672154e-05,"Down"
3.98582353035041e-10,-5.34199042933472,0.023,0.625,3.0632648160155e-05,"Mrc2-202",3.0632648160155e-05,"Down"
4.02846518344897e-10,-4.41189493826424,0.023,0.639,3.09603663208787e-05,"Bms1-201",3.09603663208787e-05,"Down"
4.03850648465585e-10,-3.61726317605372,0.023,0.653,3.10375377371741e-05,"Nf1-201",3.10375377371741e-05,"Down"
4.04771686402421e-10,-3.15504227831599,0.045,0.681,3.11083231867717e-05,"Afdn-216",3.11083231867717e-05,"Down"
4.10103548103449e-10,-3.94441503813378,0.068,0.681,3.15180980859425e-05,"Cnih1-201",3.15180980859425e-05,"Down"
4.19705346457392e-10,-4.46645112607689,0.023,0.639,3.22560346966364e-05,"Vps35-201",3.22560346966364e-05,"Down"
4.19705346457392e-10,-3.92193653741531,0.023,0.639,3.22560346966364e-05,"Kdm5c-202",3.22560346966364e-05,"Down"
4.21343499675677e-10,-3.4109915535229,0.045,0.681,3.23819333240745e-05,"Chd8-212",3.23819333240745e-05,"Down"
4.26903714568362e-10,-2.54746166127779,0.091,0.75,3.28092580794369e-05,"Akap13-201",3.28092580794369e-05,"Down"
4.28927843551419e-10,-3.15199393770391,0.091,0.722,3.29648204883008e-05,"Glo1-206",3.29648204883008e-05,"Down"
4.29369881921134e-10,-3.49241985352341,0.068,0.694,3.29987929051668e-05,"ENSMUST00000249998.1",3.29987929051668e-05,"Down"
4.35404220254295e-10,-3.25286054667464,0.045,0.694,3.34625559434236e-05,"Ncor2-202",3.34625559434236e-05,"Down"
4.35636005018208e-10,-4.13420633329917,0.045,0.653,3.34803695296694e-05,"Sec63-201",3.34803695296694e-05,"Down"
4.35636005018208e-10,-3.92431553448113,0.045,0.653,3.34803695296694e-05,"Zc3h18-202",3.34803695296694e-05,"Down"
4.38136765351697e-10,-3.3057614661171,0.023,0.653,3.36725629643393e-05,"Fndc3a-201",3.36725629643393e-05,"Down"
4.46400920451123e-10,-2.95173131594619,0.068,0.708,3.43076963403506e-05,"Vapa-201",3.43076963403506e-05,"Down"
4.47620307321213e-10,-4.89656417476932,0.068,0.653,3.44014110988645e-05,"Cnbp-201",3.44014110988645e-05,"Down"
4.48879333808882e-10,-1.23829153517776,0.091,0.778,3.44981723205478e-05,"Cap1-203",3.44981723205478e-05,"Down"
4.56329279817638e-10,-3.7956784994703,0.023,0.653,3.50707304711047e-05,"Jpt2-201",3.50707304711047e-05,"Down"
4.5671769610535e-10,-3.54728549122206,0.045,0.667,3.51005818164806e-05,"Ubqln1-202",3.51005818164806e-05,"Down"
4.5671769610535e-10,-3.81299956694957,0.045,0.667,3.51005818164806e-05,"Cnot1-201",3.51005818164806e-05,"Down"
4.64376709336643e-10,-2.25412070283945,0.068,0.708,3.56892076193584e-05,"Midn-202",3.56892076193584e-05,"Down"
4.64826463700004e-10,-2.32729305644069,0.045,0.708,3.57237730412001e-05,"Ppig-202",3.57237730412001e-05,"Down"
4.73043654765113e-10,-2.51519514333386,0.068,0.736,3.6355297043318e-05,"Wdr1-201",3.6355297043318e-05,"Down"
4.7452020417533e-10,-3.23965446865617,0.023,0.639,3.64687757716908e-05,"Mbtps1-201",3.64687757716908e-05,"Down"
4.7452020417533e-10,-3.73770971275969,0.023,0.639,3.64687757716908e-05,"Epn1-202",3.64687757716908e-05,"Down"
4.75132497916987e-10,-2.94929140668735,0.045,0.681,3.65158329949121e-05,"Itgav-201",3.65158329949121e-05,"Down"
4.75258356947794e-10,-3.09512127685415,0.023,0.653,3.65255057648658e-05,"Stoml2-201",3.65255057648658e-05,"Down"
4.79475331603795e-10,-3.50283863186542,0.068,0.722,3.68495971350781e-05,"Rest-201",3.68495971350781e-05,"Down"
4.79475331603795e-10,-3.33733358588735,0.091,0.708,3.68495971350781e-05,"Calu-201",3.68495971350781e-05,"Down"
4.83610732656024e-10,-2.30489771566012,0.045,0.708,3.71674192475461e-05,"Ppig-201",3.71674192475461e-05,"Down"
4.89685041405307e-10,-4.19333381933901,0.023,0.625,3.76342541721635e-05,"Ssbp3-201",3.76342541721635e-05,"Down"
4.90658522061179e-10,-2.65671501003629,0.045,0.694,3.77090700544898e-05,"Cdk12-203",3.77090700544898e-05,"Down"
4.93019428713197e-10,-2.64399569700931,0.091,0.764,3.7890515174324e-05,"Rab10-201",3.7890515174324e-05,"Down"
4.94946154515257e-10,-3.90616665789004,0.045,0.667,3.80385917591156e-05,"Eif4g1-206",3.80385917591156e-05,"Down"
4.94953019604561e-10,-2.94818968353778,0.023,0.653,3.80391193686889e-05,"Hnrnph2-205",3.80391193686889e-05,"Down"
4.94953019604561e-10,-2.94818968353778,0.023,0.653,3.80391193686889e-05,"Hnrnph2-202",3.80391193686889e-05,"Down"
5.01606963123607e-10,-2.801736652542,0.091,0.722,3.85505015439017e-05,"Hnrnpr-207",3.85505015439017e-05,"Down"
5.10203868630188e-10,-5.33442436960448,0.023,0.625,3.92112081197045e-05,"Cks2-201",3.92112081197045e-05,"Down"
5.10203868630188e-10,-3.9009839616488,0.023,0.625,3.92112081197045e-05,"Carm1-201",3.92112081197045e-05,"Down"
5.10203868630188e-10,-4.87742071302719,0.023,0.625,3.92112081197045e-05,"Psmc5-201",3.92112081197045e-05,"Down"
5.10203868630188e-10,-4.25503763404208,0.023,0.625,3.92112081197045e-05,"Pnisr-202",3.92112081197045e-05,"Down"
5.1055423336646e-10,-2.97755441465134,0.045,0.694,3.92381350511459e-05,"Gstm5-201",3.92381350511459e-05,"Down"
5.14655916526211e-10,-3.43689036051151,0.045,0.681,3.95533658087054e-05,"Herc1-201",3.95533658087054e-05,"Down"
5.14655916526211e-10,-4.69302671156412,0.068,0.667,3.95533658087054e-05,"Hnrnpa1-203",3.95533658087054e-05,"Down"
5.14882117931889e-10,-3.70341378431081,0.023,0.639,3.95707502915374e-05,"Qars-201",3.95707502915374e-05,"Down"
5.15214103151727e-10,-3.2812615161729,0.045,0.667,3.95962646836228e-05,"Apc-203",3.95962646836228e-05,"Down"
5.15443401150269e-10,-2.94853370486819,0.023,0.653,3.96138871520027e-05,"Ncaph2-202",3.96138871520027e-05,"Down"
5.15443401150269e-10,-3.04459873850289,0.023,0.653,3.96138871520027e-05,"Mcm5-203",3.96138871520027e-05,"Down"
5.15443401150269e-10,-3.04459873850289,0.023,0.653,3.96138871520027e-05,"Mcm5-205",3.96138871520027e-05,"Down"
5.18604515764569e-10,-3.2359796516326,0.091,0.708,3.98568314545702e-05,"Son-203",3.98568314545702e-05,"Down"
5.23428066160484e-10,-3.0119610045158,0.068,0.694,4.02275405966979e-05,"Ehmt1-203",4.02275405966979e-05,"Down"
5.23428066160484e-10,-3.0119610045158,0.068,0.694,4.02275405966979e-05,"Ehmt1-202",4.02275405966979e-05,"Down"
5.31236492031083e-10,-2.34279954628134,0.045,0.694,4.08276493585568e-05,"Lamb1-201",4.08276493585568e-05,"Down"
5.31236492031083e-10,-2.34279954628134,0.045,0.694,4.08276493585568e-05,"Lamb1-208",4.08276493585568e-05,"Down"
5.34082237588216e-10,-4.82987621139064,0,0.597,4.10463562876048e-05,"Zfp608-201",4.10463562876048e-05,"Down"
5.34082237588216e-10,-5.28344496573088,0,0.597,4.10463562876048e-05,"Yeats4-201",4.10463562876048e-05,"Down"
5.34082237588216e-10,-4.51390354619971,0,0.597,4.10463562876048e-05,"Ifnar1-201",4.10463562876048e-05,"Down"
5.34082237588216e-10,-4.08941328927579,0,0.597,4.10463562876048e-05,"Ppfia1-202",4.10463562876048e-05,"Down"
5.34082237588216e-10,-5.45784712857089,0,0.597,4.10463562876048e-05,"Sdc3-201",4.10463562876048e-05,"Down"
5.34082237588216e-10,-3.63601425009065,0,0.597,4.10463562876048e-05,"Itsn1-205",4.10463562876048e-05,"Down"
5.34082237588216e-10,-5.02517917473622,0,0.597,4.10463562876048e-05,"Cox7a2-201",4.10463562876048e-05,"Down"
5.34082237588216e-10,-6.1484225372768,0,0.597,4.10463562876048e-05,"Ccna2-201",4.10463562876048e-05,"Down"
5.34082237588216e-10,-4.99944611492976,0,0.597,4.10463562876048e-05,"Ppp4r3b-201",4.10463562876048e-05,"Down"
5.34082237588216e-10,-4.63033714727767,0,0.597,4.10463562876048e-05,"Ociad1-201",4.10463562876048e-05,"Down"
5.34082237588216e-10,-4.66978540104051,0,0.597,4.10463562876048e-05,"Qki-204",4.10463562876048e-05,"Down"
5.34082237588216e-10,-5.73604713102536,0,0.597,4.10463562876048e-05,"Setbp1-201",4.10463562876048e-05,"Down"
5.34082237588216e-10,-2.82003237894348,0,0.597,4.10463562876048e-05,"Rcbtb2-202",4.10463562876048e-05,"Down"
5.34082237588216e-10,-5.23777512913946,0,0.597,4.10463562876048e-05,"Mfap1b-201",4.10463562876048e-05,"Down"
5.34082237588216e-10,-5.5499302633001,0,0.597,4.10463562876048e-05,"Eml4-202",4.10463562876048e-05,"Down"
5.34082237588216e-10,-5.46891692512876,0,0.597,4.10463562876048e-05,"Smim10l1-201",4.10463562876048e-05,"Down"
5.34082237588216e-10,-3.38750784481826,0,0.597,4.10463562876048e-05,"Far1-201",4.10463562876048e-05,"Down"
5.34082237588216e-10,-3.38750784481826,0,0.597,4.10463562876048e-05,"Far1-211",4.10463562876048e-05,"Down"
5.34082237588216e-10,-6.43389690180518,0,0.597,4.10463562876048e-05,"Tmem132c-201",4.10463562876048e-05,"Down"
5.34082237588216e-10,-7.40010307498196,0,0.597,4.10463562876048e-05,"H2ac6-201",4.10463562876048e-05,"Down"
5.34082237588216e-10,-5.65603715118746,0,0.597,4.10463562876048e-05,"Adgra3-201",4.10463562876048e-05,"Down"
5.34082237588216e-10,-4.28849612462449,0,0.597,4.10463562876048e-05,"Nfx1-202",4.10463562876048e-05,"Down"
5.34082237588216e-10,-5.91507688263725,0,0.597,4.10463562876048e-05,"Pclaf-201",4.10463562876048e-05,"Down"
5.34082237588216e-10,-5.16777135730409,0,0.597,4.10463562876048e-05,"Spin1-201",4.10463562876048e-05,"Down"
5.34082237588216e-10,-5.24204815054071,0,0.597,4.10463562876048e-05,"Prmt5-201",4.10463562876048e-05,"Down"
5.34082237588216e-10,-4.47867705206215,0,0.597,4.10463562876048e-05,"Gins2-203",4.10463562876048e-05,"Down"
5.34082237588216e-10,-4.42838742062143,0,0.597,4.10463562876048e-05,"Ror2-201",4.10463562876048e-05,"Down"
5.34082237588216e-10,-3.84152446005332,0,0.597,4.10463562876048e-05,"Gpx4-202",4.10463562876048e-05,"Down"
5.34082237588216e-10,-3.94031118516671,0,0.597,4.10463562876048e-05,"Atp5d-203",4.10463562876048e-05,"Down"
5.34082237588216e-10,-5.37938575270693,0,0.597,4.10463562876048e-05,"Fdps-201",4.10463562876048e-05,"Down"
5.34082237588216e-10,-4.2120892786742,0,0.597,4.10463562876048e-05,"Ube2j2-201",4.10463562876048e-05,"Down"
5.34082237588216e-10,-5.61567398164588,0,0.597,4.10463562876048e-05,"Fam136a-201",4.10463562876048e-05,"Down"
5.34082237588216e-10,-5.22735598866418,0,0.597,4.10463562876048e-05,"Phgdh-201",4.10463562876048e-05,"Down"
5.34082237588216e-10,-4.15487690122929,0,0.597,4.10463562876048e-05,"Inppl1-203",4.10463562876048e-05,"Down"
5.34082237588216e-10,-3.25474917529495,0,0.597,4.10463562876048e-05,"Celf1-214",4.10463562876048e-05,"Down"
5.34082237588216e-10,-5.34135896817699,0,0.597,4.10463562876048e-05,"Sesn3-204",4.10463562876048e-05,"Down"
5.34082237588216e-10,-4.11139072725648,0,0.597,4.10463562876048e-05,"Rbm7-201",4.10463562876048e-05,"Down"
5.34082237588216e-10,-4.65056680319371,0,0.597,4.10463562876048e-05,"Elof1-201",4.10463562876048e-05,"Down"
5.34082237588216e-10,-4.81906784042183,0,0.597,4.10463562876048e-05,"Psmc2-203",4.10463562876048e-05,"Down"
5.34082237588216e-10,-4.81906784042183,0,0.597,4.10463562876048e-05,"Psmc2-201",4.10463562876048e-05,"Down"
5.34082237588216e-10,-3.74017007193618,0,0.597,4.10463562876048e-05,"Ppdpf-205",4.10463562876048e-05,"Down"
5.34082237588216e-10,-5.64788078473904,0,0.597,4.10463562876048e-05,"Anapc1-201",4.10463562876048e-05,"Down"
5.36300559241364e-10,-4.05893683669485,0.023,0.639,4.12168431799358e-05,"Abce1-201",4.12168431799358e-05,"Down"
5.36760786599051e-10,-2.92315350972632,0.023,0.653,4.12522134932835e-05,"Stag2-202",4.12522134932835e-05,"Down"
5.39320818838899e-10,-3.64367940784166,0.091,0.708,4.14489622110447e-05,"Calm2-201",4.14489622110447e-05,"Down"
5.41881988720265e-10,-3.59904407395456,0.068,0.681,4.16457983611073e-05,"Trrap-203",4.16457983611073e-05,"Down"
5.52507316550725e-10,-2.18265538159114,0.114,0.819,4.24623973061894e-05,"Copb2-201",4.24623973061894e-05,"Down"
5.5273555652805e-10,-3.21724097278311,0.045,0.694,4.24799384614067e-05,"Tm9sf3-201",4.24799384614067e-05,"Down"
5.52994779973201e-10,-1.0854806315011,0.068,0.736,4.24998608200604e-05,"Cd63-201",4.24998608200604e-05,"Down"
5.53789513885912e-10,-3.89292131096641,0.023,0.625,4.25609393001879e-05,"Gtf3c2-201",4.25609393001879e-05,"Down"
5.58587593611626e-10,-4.20088470915114,0.023,0.639,4.29296909194279e-05,"Ppid-201",4.29296909194279e-05,"Down"
5.58937655240864e-10,-2.34794653878057,0.023,0.653,4.29565945558814e-05,"Cetn3-201",4.29565945558814e-05,"Down"
5.58937655240864e-10,-2.2271773173601,0.023,0.653,4.29565945558814e-05,"Uqcrc1-201",4.29565945558814e-05,"Down"
5.60843894042598e-10,-2.62694894942808,0.068,0.722,4.31030966327498e-05,"Bptf-203",4.31030966327498e-05,"Down"
5.65397485368941e-10,-3.39256141656919,0.068,0.708,4.34530583405446e-05,"Srsf4-201",4.34530583405446e-05,"Down"
5.75082815515462e-10,-2.4481610843899,0.045,0.694,4.41974147036253e-05,"Gna13-201",4.41974147036253e-05,"Down"
5.76924258502509e-10,-4.12384346655927,0.023,0.625,4.43389369629518e-05,"Zfp292-202",4.43389369629518e-05,"Down"
5.76924258502509e-10,-4.53893445937684,0.023,0.625,4.43389369629518e-05,"Sdad1-201",4.43389369629518e-05,"Down"
5.7781832148217e-10,-4.50402276057284,0.045,0.653,4.44076492791907e-05,"Bzw2-201",4.44076492791907e-05,"Down"
5.7781832148217e-10,-4.01552146983046,0.045,0.653,4.44076492791907e-05,"Ube2i-209",4.44076492791907e-05,"Down"
5.7781832148217e-10,-3.98637529093066,0.045,0.653,4.44076492791907e-05,"ENSMUST00000249703.1",4.44076492791907e-05,"Down"
5.7781832148217e-10,-2.40179120121452,0.045,0.653,4.44076492791907e-05,"Clasp1-204",4.44076492791907e-05,"Down"
5.8002304179917e-10,-3.19977752112998,0.045,0.681,4.45770908544334e-05,"Picalm-205",4.45770908544334e-05,"Down"
5.8002304179917e-10,-2.87824486185824,0.045,0.681,4.45770908544334e-05,"Trpc4ap-201",4.45770908544334e-05,"Down"
5.80999874479246e-10,-3.72871293296702,0.045,0.667,4.4652164353228e-05,"Hcfc1-202",4.4652164353228e-05,"Down"
5.8584848439833e-10,-1.87321133463308,0.068,0.75,4.50247994199493e-05,"Sec31a-201",4.50247994199493e-05,"Down"
5.86584645963905e-10,-3.63660513876079,0.068,0.681,4.50813763809099e-05,"Ep400-204",4.50813763809099e-05,"Down"
6.12890368043561e-10,-3.73739583323626,0.068,0.694,4.71030763456198e-05,"Dctn1-201",4.71030763456198e-05,"Down"
6.22453369199834e-10,-3.34485251347223,0.045,0.694,4.7838031236484e-05,"Scaf8-201",4.7838031236484e-05,"Down"
6.26057342836696e-10,-4.90422349349449,0.023,0.625,4.81150110263714e-05,"Ddx39b-203",4.81150110263714e-05,"Down"
6.29338091442666e-10,-3.64161373486321,0.045,0.667,4.83671496797346e-05,"Tcf12-202",4.83671496797346e-05,"Down"
6.3056513306595e-10,-2.47320431065669,0.068,0.722,4.84614527366505e-05,"Bptf-202",4.84614527366505e-05,"Down"
6.31009604516055e-10,-3.87938897695309,0.023,0.639,4.84956121454769e-05,"Kdm1a-203",4.84956121454769e-05,"Down"
6.43823641064146e-10,-4.00279925703188,0.045,0.639,4.94804221103439e-05,"Ptp4a1-205",4.94804221103439e-05,"Down"
6.47545467200658e-10,-2.80715239535033,0.045,0.694,4.97664593362394e-05,"Ak2-202",4.97664593362394e-05,"Down"
6.51790143452276e-10,-3.988771433508,0.045,0.653,5.00926796848812e-05,"Rwdd1-201",5.00926796848812e-05,"Down"
6.52131766033743e-10,-3.68055187655774,0.023,0.625,5.01189347467573e-05,"Sin3a-208",5.01189347467573e-05,"Down"
6.54956936145981e-10,-2.51380346836305,0.045,0.667,5.03360603705632e-05,"Larp7-201",5.03360603705632e-05,"Down"
6.78441768430306e-10,-3.5622082445836,0.045,0.653,5.21409636709428e-05,"Psmb1-201",5.21409636709428e-05,"Down"
6.79264611286771e-10,-4.11290380274207,0.023,0.625,5.22042024358335e-05,"Copz1-201",5.22042024358335e-05,"Down"
6.81671077269162e-10,-2.6566534480747,0.068,0.722,5.23891489724442e-05,"Arhgdia-202",5.23891489724442e-05,"Down"
6.96676858568904e-10,-3.44622849841994,0.023,0.611,5.35424032884546e-05,"Eif5a-209",5.35424032884546e-05,"Down"
6.96676858568904e-10,-3.44622849841994,0.023,0.611,5.35424032884546e-05,"Eif5a-202",5.35424032884546e-05,"Down"
6.96676858568904e-10,-3.44622849841994,0.023,0.611,5.35424032884546e-05,"Eif5a-203",5.35424032884546e-05,"Down"
7.06155504180889e-10,-3.90766580422089,0.045,0.653,5.4270875118318e-05,"Dnmt1-202",5.4270875118318e-05,"Down"
7.07497670982568e-10,-3.50877176921597,0.023,0.625,5.43740260056943e-05,"Zfp644-201",5.43740260056943e-05,"Down"
7.07497670982568e-10,-3.50877176921597,0.023,0.625,5.43740260056943e-05,"Zfp644-205",5.43740260056943e-05,"Down"
7.11842632591492e-10,-2.96584208429106,0.091,0.722,5.47079536851865e-05,"Pomp-201",5.47079536851865e-05,"Down"
7.12564256712748e-10,-4.05785654782027,0.023,0.639,5.47634133854016e-05,"Tm9sf3-202",5.47634133854016e-05,"Down"
7.14896120583088e-10,-3.03836165279477,0.205,0.806,5.49426264512926e-05,"Sptbn1-202",5.49426264512926e-05,"Down"
7.36874339006984e-10,-3.61197834567687,0.023,0.625,5.66317404500428e-05,"Farsb-202",5.66317404500428e-05,"Down"
7.38752602191585e-10,-2.68616161182409,0.091,0.736,5.67760924888321e-05,"Birc6-202",5.67760924888321e-05,"Down"
7.41968134765465e-10,-3.53801805208016,0.023,0.639,5.7023219029265e-05,"Usp37-201",5.7023219029265e-05,"Down"
7.561048436376e-10,-4.83210181223612,0.023,0.611,5.81096816529241e-05,"Ptprs-202",5.81096816529241e-05,"Down"
7.58156620069288e-10,-2.53760345631128,0.045,0.694,5.82673688788051e-05,"Cdc27-201",5.82673688788051e-05,"Down"
7.65645340132252e-10,-3.14221807386617,0.045,0.681,5.88429069705241e-05,"Rpn1-201",5.88429069705241e-05,"Down"
7.65987474702042e-10,-3.86657355357961,0.114,0.694,5.88692013807508e-05,"Flna-202",5.88692013807508e-05,"Down"
7.72554408624605e-10,-3.0788115070176,0.023,0.639,5.93738965204354e-05,"Nup88-202",5.93738965204354e-05,"Down"
7.73217082135811e-10,-3.70574404104091,0.068,0.681,5.94248256304656e-05,"Kdm5b-201",5.94248256304656e-05,"Down"
7.9924044157026e-10,-4.54099773644687,0.023,0.625,6.14248248964408e-05,"Denr-201",6.14248248964408e-05,"Down"
8.0436932052801e-10,-2.89577368065639,0.023,0.639,6.18189997598597e-05,"Paip2-204",6.18189997598597e-05,"Down"
8.0436932052801e-10,-2.89577368065639,0.023,0.639,6.18189997598597e-05,"Paip2-205",6.18189997598597e-05,"Down"
8.1499368384486e-10,-2.49149772692787,0.068,0.736,6.26355245782129e-05,"Usp47-201",6.26355245782129e-05,"Down"
8.20467455204937e-10,-4.69154297463488,0.023,0.611,6.30562058023202e-05,"Surf4-201",6.30562058023202e-05,"Down"
8.20467455204937e-10,-4.49254428785631,0.023,0.611,6.30562058023202e-05,"Ipo9-208",6.30562058023202e-05,"Down"
8.28570979400353e-10,-2.83591826902881,0.045,0.681,6.36789940508348e-05,"Ppp1r12a-205",6.36789940508348e-05,"Down"
8.32325216620028e-10,-4.08918414448239,0.023,0.625,6.39675221981157e-05,"Arl1-202",6.39675221981157e-05,"Down"
8.32325216620028e-10,-3.90302626905922,0.023,0.625,6.39675221981157e-05,"Kdm5c-203",6.39675221981157e-05,"Down"
8.35804159446286e-10,-2.5048002162986,0.068,0.708,6.42348928700848e-05,"Cul4b-201",6.42348928700848e-05,"Down"
8.37460867466959e-10,-3.22476359528014,0.023,0.639,6.43622175083057e-05,"Pja2-204",6.43622175083057e-05,"Down"
8.47051608420356e-10,-1.92464674273785,0.068,0.736,6.5099304313538e-05,"Zfhx3-201",6.5099304313538e-05,"Down"
8.54622444026718e-10,-3.98862324135434,0.023,0.611,6.56811533132294e-05,"Arid3a-202",6.56811533132294e-05,"Down"
8.54622444026718e-10,-4.64640115217414,0.023,0.611,6.56811533132294e-05,"Nacc1-201",6.56811533132294e-05,"Down"
8.60446353886919e-10,-2.53967915669117,0.068,0.722,6.61287440816253e-05,"Ski-202",6.61287440816253e-05,"Down"
8.60446353886919e-10,-2.53967915669117,0.068,0.722,6.61287440816253e-05,"Ski-201",6.61287440816253e-05,"Down"
8.61897760614682e-10,-2.42240436773249,0.045,0.681,6.62402904942808e-05,"Pum2-216",6.62402904942808e-05,"Down"
8.6215224340314e-10,-3.95590674507722,0.045,0.653,6.62598485145049e-05,"Uhrf2-201",6.62598485145049e-05,"Down"
8.6215224340314e-10,-3.67305357072598,0.045,0.653,6.62598485145049e-05,"Ube2d3-210",6.62598485145049e-05,"Down"
8.66744410726021e-10,-3.74566506981056,0.023,0.625,6.66127749419377e-05,"Arid1b-201",6.66127749419377e-05,"Down"
8.66744410726021e-10,-3.36415842450264,0.023,0.625,6.66127749419377e-05,"Fau-207",6.66127749419377e-05,"Down"
8.66744410726021e-10,-3.36415842450264,0.023,0.625,6.66127749419377e-05,"Fau-203",6.66127749419377e-05,"Down"
8.66744410726021e-10,-3.78519743576369,0.023,0.625,6.66127749419377e-05,"Isyna1-201",6.66127749419377e-05,"Down"
8.66744410726021e-10,-3.78519743576369,0.023,0.625,6.66127749419377e-05,"Isyna1-204",6.66127749419377e-05,"Down"
8.76584259147411e-10,-2.45579453983444,0.136,0.736,6.73690066525151e-05,"Flna-203",6.73690066525151e-05,"Down"
8.90162730747578e-10,-5.23552131665934,0.023,0.611,6.84125665088744e-05,"Cdk4-207",6.84125665088744e-05,"Down"
8.90162730747578e-10,-4.66565824100873,0.023,0.611,6.84125665088744e-05,"Mybbp1a-205",6.84125665088744e-05,"Down"
8.97159462716917e-10,-3.79216549640194,0.045,0.653,6.8950293347646e-05,"Eif4h-205",6.8950293347646e-05,"Down"
8.9998721901319e-10,-3.43752846259546,0.045,0.667,6.91676177300397e-05,"Cherp-207",6.91676177300397e-05,"Down"
9.02550359783934e-10,-4.49807118103817,0.023,0.625,6.93646053508345e-05,"Ppp3r1-201",6.93646053508345e-05,"Down"
9.02550359783934e-10,-4.06857389129132,0.023,0.625,6.93646053508345e-05,"Tyms-201",6.93646053508345e-05,"Down"
9.07675017031789e-10,-2.82135572768239,0.023,0.639,6.97584557589611e-05,"Smarcc2-203",6.97584557589611e-05,"Down"
9.07675017031789e-10,-2.72659291909791,0.023,0.639,6.97584557589611e-05,"Ube3a-203",6.97584557589611e-05,"Down"
9.10606923539958e-10,-1.41868514973578,0.091,0.764,6.998378450174e-05,"Lsm12-201",6.998378450174e-05,"Down"
9.22885718451641e-10,-2.47605203437561,0.091,0.75,7.09274590058824e-05,"Prelid1-201",7.09274590058824e-05,"Down"
9.32519276882447e-10,-2.92994172040274,0.045,0.681,7.16678365055236e-05,"Dido1-202",7.16678365055236e-05,"Down"
9.39797390919027e-10,-3.87420212795405,0.023,0.625,7.22271886816909e-05,"Trappc8-205",7.22271886816909e-05,"Down"
9.39797390919027e-10,-3.83048680342875,0.023,0.625,7.22271886816909e-05,"Ythdf3-201",7.22271886816909e-05,"Down"
9.40804820918951e-10,-3.0385599234535,0.068,0.681,7.2304613706905e-05,"Gatad2b-205",7.2304613706905e-05,"Down"
9.6991539189872e-10,-3.05174917179832,0.045,0.681,7.45418775289842e-05,"Slc39a6-201",7.45418775289842e-05,"Down"
9.74033452107975e-10,-3.38980093951802,0.045,0.667,7.48583669283063e-05,"Snx5-201",7.48583669283063e-05,"Down"
9.78339598805653e-10,-3.20963541981526,0.068,0.681,7.51893115266097e-05,"Pcm1-201",7.51893115266097e-05,"Down"
9.785418957719e-10,-3.95392330787979,0.023,0.625,7.52048588576536e-05,"Hadha-201",7.52048588576536e-05,"Down"
9.79184536295732e-10,4.01634230795258,0.614,0.097,7.52542483524722e-05,"Snca-201",7.52542483524722e-05,"Up"
9.83618434222745e-10,-2.8180509170325,0.023,0.639,7.55950111437549e-05,"Ptprk-203",7.55950111437549e-05,"Down"
9.83618434222745e-10,-3.18035941432568,0.023,0.639,7.55950111437549e-05,"Jarid2-216",7.55950111437549e-05,"Down"
9.83618434222745e-10,-2.84864992372174,0.023,0.639,7.55950111437549e-05,"Polr1a-201",7.55950111437549e-05,"Down"
9.83618434222745e-10,-2.47308308715254,0.023,0.639,7.55950111437549e-05,"Ktn1-201",7.55950111437549e-05,"Down"
1.00565223721507e-09,-5.11643609059659,0.023,0.611,7.72883970389274e-05,"Hnrnpm-206",7.72883970389274e-05,"Down"
1.01070544981251e-09,-3.4251924414804,0.045,0.653,7.76767566398906e-05,"Fkbp1a-205",7.76767566398906e-05,"Down"
1.01478001814443e-09,-2.8752882077419,0.068,0.708,7.7989903514472e-05,"Ppp4r3a-201",7.7989903514472e-05,"Down"
1.01740269602806e-09,-4.54227241038276,0,0.583,7.81914668005408e-05,"Xpo6-213",7.81914668005408e-05,"Down"
1.01740269602806e-09,-4.4127738870944,0,0.583,7.81914668005408e-05,"Tsen15-201",7.81914668005408e-05,"Down"
1.01740269602806e-09,-3.50559047313965,0,0.583,7.81914668005408e-05,"Ei24-210",7.81914668005408e-05,"Down"
1.01740269602806e-09,-4.56519015621277,0,0.583,7.81914668005408e-05,"Qki-202",7.81914668005408e-05,"Down"
1.01740269602806e-09,-5.46561184055663,0,0.583,7.81914668005408e-05,"Tmem47-201",7.81914668005408e-05,"Down"
1.01740269602806e-09,-4.92822208970064,0,0.583,7.81914668005408e-05,"Ift74-201",7.81914668005408e-05,"Down"
1.01740269602806e-09,-4.77073376304054,0,0.583,7.81914668005408e-05,"Hmgb3-201",7.81914668005408e-05,"Down"
1.01740269602806e-09,-4.23903152236573,0,0.583,7.81914668005408e-05,"Cul2-205",7.81914668005408e-05,"Down"
1.01740269602806e-09,-5.00748218025492,0,0.583,7.81914668005408e-05,"Idh2-201",7.81914668005408e-05,"Down"
1.01740269602806e-09,-4.18396709263531,0,0.583,7.81914668005408e-05,"Eif1a-204",7.81914668005408e-05,"Down"
1.01740269602806e-09,-3.69938024664432,0,0.583,7.81914668005408e-05,"Nup93-201",7.81914668005408e-05,"Down"
1.01740269602806e-09,-3.69938024664432,0,0.583,7.81914668005408e-05,"Nup93-207",7.81914668005408e-05,"Down"
1.01740269602806e-09,-3.69938024839232,0,0.583,7.81914668005408e-05,"Nup93-202",7.81914668005408e-05,"Down"
1.01740269602806e-09,-4.48802490547005,0,0.583,7.81914668005408e-05,"Ckap5-203",7.81914668005408e-05,"Down"
1.01740269602806e-09,-4.32647327374637,0,0.583,7.81914668005408e-05,"Ckap5-201",7.81914668005408e-05,"Down"
1.01740269602806e-09,-5.39670591058483,0,0.583,7.81914668005408e-05,"Gnl2-201",7.81914668005408e-05,"Down"
1.01740269602806e-09,-4.7076415789427,0,0.583,7.81914668005408e-05,"Fyttd1-201",7.81914668005408e-05,"Down"
1.01740269602806e-09,-5.07043391948969,0,0.583,7.81914668005408e-05,"Cabin1-201",7.81914668005408e-05,"Down"
1.01740269602806e-09,-5.78107297920588,0,0.583,7.81914668005408e-05,"Mif-201",7.81914668005408e-05,"Down"
1.01740269602806e-09,-4.79428956130812,0,0.583,7.81914668005408e-05,"Smarcb1-201",7.81914668005408e-05,"Down"
1.01740269602806e-09,-4.50352542096541,0,0.583,7.81914668005408e-05,"Grsf1-201",7.81914668005408e-05,"Down"
1.01740269602806e-09,-5.21578740017051,0,0.583,7.81914668005408e-05,"Bpnt2-201",7.81914668005408e-05,"Down"
1.01740269602806e-09,-5.23980895155695,0,0.583,7.81914668005408e-05,"Hmga1b-201",7.81914668005408e-05,"Down"
1.01740269602806e-09,-3.80894806390253,0,0.583,7.81914668005408e-05,"Ndel1-201",7.81914668005408e-05,"Down"
1.01740269602806e-09,-4.1687400332693,0,0.583,7.81914668005408e-05,"Ehmt2-204",7.81914668005408e-05,"Down"
1.01740269602806e-09,-5.48972056231925,0,0.583,7.81914668005408e-05,"Mdc1-201",7.81914668005408e-05,"Down"
1.01740269602806e-09,-4.18563435956242,0,0.583,7.81914668005408e-05,"Usp48-201",7.81914668005408e-05,"Down"
1.01740269602806e-09,-6.12324269556542,0,0.583,7.81914668005408e-05,"Lin7c-201",7.81914668005408e-05,"Down"
1.01740269602806e-09,-3.69492393649004,0,0.583,7.81914668005408e-05,"Gpx4-201",7.81914668005408e-05,"Down"
1.01740269602806e-09,-4.2747528876917,0,0.583,7.81914668005408e-05,"Hbs1l-209",7.81914668005408e-05,"Down"
1.01740269602806e-09,-4.71714060909787,0,0.583,7.81914668005408e-05,"Zfyve9-202",7.81914668005408e-05,"Down"
1.01740269602806e-09,-4.40982547570046,0,0.583,7.81914668005408e-05,"Lig1-201",7.81914668005408e-05,"Down"
1.01740269602806e-09,-4.3966178537488,0,0.583,7.81914668005408e-05,"Smc4-202",7.81914668005408e-05,"Down"
1.01740269602806e-09,-4.54839599530134,0,0.583,7.81914668005408e-05,"Pmpca-201",7.81914668005408e-05,"Down"
1.01740269602806e-09,-4.85334707707213,0,0.583,7.81914668005408e-05,"Mrto4-202",7.81914668005408e-05,"Down"
1.01740269602806e-09,-5.79019875631379,0,0.583,7.81914668005408e-05,"Bub1b-201",7.81914668005408e-05,"Down"
1.01740269602806e-09,-4.18912362220277,0,0.583,7.81914668005408e-05,"Tead2-203",7.81914668005408e-05,"Down"
1.01740269602806e-09,-3.79805654222729,0,0.583,7.81914668005408e-05,"Trp53-206",7.81914668005408e-05,"Down"
1.01740269602806e-09,-3.79805654222729,0,0.583,7.81914668005408e-05,"Trp53-202",7.81914668005408e-05,"Down"
1.01740269602806e-09,-4.3961969835264,0,0.583,7.81914668005408e-05,"Kars-201",7.81914668005408e-05,"Down"
1.01740269602806e-09,-3.82219058407088,0,0.583,7.81914668005408e-05,"Arpp19-203",7.81914668005408e-05,"Down"
1.01740269602806e-09,-3.29989611908587,0,0.583,7.81914668005408e-05,"Celf1-202",7.81914668005408e-05,"Down"
1.01740269602806e-09,-3.63219845511379,0,0.583,7.81914668005408e-05,"Commd8-201",7.81914668005408e-05,"Down"
1.01740269602806e-09,-4.59004190945442,0,0.583,7.81914668005408e-05,"Tbcb-201",7.81914668005408e-05,"Down"
1.01740269602806e-09,-4.46241725958441,0,0.583,7.81914668005408e-05,"Tomm40-201",7.81914668005408e-05,"Down"
1.01740269602806e-09,-5.00783902460816,0,0.583,7.81914668005408e-05,"Adrm1-201",7.81914668005408e-05,"Down"
1.01740269602806e-09,-5.07926742740909,0,0.583,7.81914668005408e-05,"Sart3-201",7.81914668005408e-05,"Down"
1.01740269602806e-09,-4.01643641084953,0,0.583,7.81914668005408e-05,"Zc3h4-201",7.81914668005408e-05,"Down"
1.01740269602806e-09,-3.97718268044648,0,0.583,7.81914668005408e-05,"Zc3h4-202",7.81914668005408e-05,"Down"
1.01740269602806e-09,-4.30420769092258,0,0.583,7.81914668005408e-05,"Phactr4-201",7.81914668005408e-05,"Down"
1.01740269602806e-09,-3.51770276083883,0,0.583,7.81914668005408e-05,"Lig3-211",7.81914668005408e-05,"Down"
1.01740269602806e-09,-4.34932899909807,0,0.583,7.81914668005408e-05,"Ndufs2-204",7.81914668005408e-05,"Down"
1.01740269602806e-09,-5.25674400091923,0,0.583,7.81914668005408e-05,"Sephs2-201",7.81914668005408e-05,"Down"
1.01740269602806e-09,-5.37435228454602,0,0.583,7.81914668005408e-05,"Nup214-201",7.81914668005408e-05,"Down"
1.01740269602806e-09,-3.70632255536452,0,0.583,7.81914668005408e-05,"Ppdpf-206",7.81914668005408e-05,"Down"
1.01884240638425e-09,-4.37325441430701,0.023,0.625,7.83021143002553e-05,"Faf1-201",7.83021143002553e-05,"Down"
1.02387916745235e-09,-2.92381092051116,0.023,0.639,7.86892095353828e-05,"Alkbh5-201",7.86892095353828e-05,"Down"
1.04730133690832e-09,-3.78048526788953,0.023,0.611,8.04892969467519e-05,"Parg-201",8.04892969467519e-05,"Down"
1.04730133690832e-09,-4.71486677425774,0.023,0.611,8.04892969467519e-05,"Kdm3b-201",8.04892969467519e-05,"Down"
1.04914598125814e-09,-2.73564841533075,0.045,0.681,8.06310652436127e-05,"Rsf1-201",8.06310652436127e-05,"Down"
1.05481611876563e-09,-1.95564348915576,0.068,0.708,8.10668379916134e-05,"Naa15-205",8.10668379916134e-05,"Down"
1.05784079896707e-09,-2.97491926039818,0.068,0.681,8.12992967638148e-05,"Ehmt1-205",8.12992967638148e-05,"Down"
1.0596485429136e-09,-3.45613159900283,0.068,0.694,8.14382291170818e-05,"Srsf4-202",8.14382291170818e-05,"Down"
1.06075967377319e-09,-3.4098183071719,0.023,0.625,8.15236239681644e-05,"Spcs2-207",8.15236239681644e-05,"Down"
1.06574513952595e-09,-1.72108133262433,0.023,0.639,8.19067769531276e-05,"Sap130-208",8.19067769531276e-05,"Down"
1.06574513952595e-09,-2.31038388199855,0.023,0.639,8.19067769531276e-05,"Trpm7-202",8.19067769531276e-05,"Down"
1.09063058810034e-09,-3.84031156442591,0.023,0.611,8.38193232178636e-05,"Gtf3c2-208",8.38193232178636e-05,"Down"
1.0940643423712e-09,-3.36351013436815,0.045,0.653,8.40832209685965e-05,"Septin2-201",8.40832209685965e-05,"Down"
1.10159867238672e-09,-3.50129012148325,0.068,0.694,8.46622643676089e-05,"Eif4g3-203",8.46622643676089e-05,"Down"
1.10435674928546e-09,-3.83988108003409,0.023,0.625,8.4874233609585e-05,"Sarnp-201",8.4874233609585e-05,"Down"
1.10854402474986e-09,-2.9510996856184,0.114,0.708,8.51960424781254e-05,"Rdx-203",8.51960424781254e-05,"Down"
1.13467460395336e-09,-2.5990791124785,0.045,0.681,8.72042820122313e-05,"Dusp6-201",8.72042820122313e-05,"Down"
1.13570587573354e-09,-3.96209704194796,0.023,0.611,8.72835393736255e-05,"Tdp2-201",8.72835393736255e-05,"Down"
1.13570587573354e-09,-5.01423059001762,0.023,0.611,8.72835393736255e-05,"Flnc-201",8.72835393736255e-05,"Down"
1.14037301412621e-09,-2.8514747344128,0.045,0.667,8.76422276276555e-05,"Trpc4ap-202",8.76422276276555e-05,"Down"
1.14516643824418e-09,-3.80404682543235,0.091,0.681,8.80106214448184e-05,"Tuba1c-201",8.80106214448184e-05,"Down"
1.18259559007348e-09,-4.78271098230002,0.023,0.611,9.0887201479507e-05,"D5Ertd579e-201",9.0887201479507e-05,"Down"
1.18259559007348e-09,-4.20816261622398,0.023,0.611,9.0887201479507e-05,"Micos10-203",9.0887201479507e-05,"Down"
1.2211958305166e-09,-3.64313735895159,0.045,0.639,9.38537843585227e-05,"Tcf3-207",9.38537843585227e-05,"Down"
1.22698738285021e-09,-2.58221003377393,0.045,0.681,9.42988883215702e-05,"Usp22-201",9.42988883215702e-05,"Down"
1.23137071881943e-09,-4.2332056487214,0.023,0.611,9.46357652241484e-05,"Sympk-201",9.46357652241484e-05,"Down"
1.23362303918647e-09,-3.3772949606658,0.045,0.667,9.48088650536369e-05,"Ubr4-212",9.48088650536369e-05,"Down"
1.23362303918647e-09,-3.2352870294728,0.045,0.667,9.48088650536369e-05,"Ubtf-204",9.48088650536369e-05,"Down"
1.2458936326776e-09,-3.76670064510972,0.023,0.625,9.57519092458045e-05,"Sec61a1-201",9.57519092458045e-05,"Down"
1.2458936326776e-09,-3.36428131142145,0.023,0.625,9.57519092458045e-05,"Gjc1-203",9.57519092458045e-05,"Down"
1.26044234068618e-09,-3.63960438679092,0.091,0.667,9.68700356510961e-05,"Hdlbp-201",9.68700356510961e-05,"Down"
1.26479349973323e-09,-1.62583883257206,0.068,0.722,9.72044396284978e-05,"Pum2-209",9.72044396284978e-05,"Down"
1.28137212953508e-09,-3.50476306450908,0.045,0.653,9.84785736432894e-05,"Yeats2-202",9.84785736432894e-05,"Down"
1.2821049424775e-09,-3.55402586908253,0.023,0.611,9.85348932491659e-05,"Sin3a-204",9.85348932491659e-05,"Down"
1.28299509762016e-09,-3.26648401821737,0.045,0.667,9.86033052324999e-05,"Tnrc6b-201",9.86033052324999e-05,"Down"
1.29688947185783e-09,-3.43771844284525,0.023,0.625,9.9671143470162e-05,"Ergic2-208",9.9671143470162e-05,"Down"
1.3219896842154e-09,-4.02981596914024,0.045,0.639,0.00010160019519069,"Hectd1-201",0.00010160019519069,"Down"
1.32660678369486e-09,-3.64298547448036,0.068,0.667,0.000101955037754085,"Zfp207-207",0.000101955037754085,"Down"
1.33487473310711e-09,-4.20138852235738,0.023,0.611,0.000102590462738214,"Spats2-201",0.000102590462738214,"Down"
1.33487473310711e-09,-4.16993099909906,0.023,0.611,0.000102590462738214,"R3hdm1-201",0.000102590462738214,"Down"
1.3360302269329e-09,-3.34104594397171,0.068,0.681,0.000102679267060701,"Atp5o-201",0.000102679267060701,"Down"
1.34991793498587e-09,-4.09213068765703,0.023,0.625,0.000103746592975404,"Klf13-201",0.000103746592975404,"Down"
1.3864960289665e-09,-1.65294831279047,0.114,0.806,0.000106557765810191,"Rab7-205",0.000106557765810191,"Down"
1.38975945655528e-09,-3.5889499369736,0.023,0.611,0.000106808573274099,"Zfp644-204",0.000106808573274099,"Down"
1.40505775178629e-09,-3.94500971964068,0.023,0.625,0.000107984308455783,"Nans-201",0.000107984308455783,"Down"
1.42831816420952e-09,-2.52652335539459,0.114,0.736,0.000109771964192158,"Morf4l2-201",0.000109771964192158,"Down"
1.42831816420952e-09,-2.52652335539459,0.114,0.736,0.000109771964192158,"Morf4l2-204",0.000109771964192158,"Down"
1.42831816420952e-09,-2.52652335539459,0.114,0.736,0.000109771964192158,"Morf4l2-214",0.000109771964192158,"Down"
1.42831816420952e-09,-2.52652335539459,0.114,0.736,0.000109771964192158,"Morf4l2-212",0.000109771964192158,"Down"
1.43087617270524e-09,-3.87121971045633,0.045,0.639,0.000109968557377088,"Fip1l1-204",0.000109968557377088,"Down"
1.43404571298256e-09,-2.77783989246512,0.136,0.736,0.000110212149225562,"Csde1-211",0.000110212149225562,"Down"
1.46239060795573e-09,-3.48394490729772,0.023,0.625,0.000112390567783829,"Gar1-201",0.000112390567783829,"Down"
1.52200125242281e-09,-2.68931558684806,0.023,0.625,0.000116971884253703,"Med23-202",0.000116971884253703,"Down"
1.52200125242281e-09,-2.68931558684806,0.023,0.625,0.000116971884253703,"Med23-201",0.000116971884253703,"Down"
1.54602643411647e-09,-2.14214631926783,0.114,0.75,0.000118818315567587,"Xpo1-202",0.000118818315567587,"Down"
1.55005295251035e-09,-2.60917445820326,0.045,0.681,0.00011912776961223,"Gpbp1-202",0.00011912776961223,"Down"
1.55005295251035e-09,-4.73299270794061,0.091,0.653,0.00011912776961223,"Cnbp-208",0.00011912776961223,"Down"
1.55985113941883e-09,-2.45092017420218,0.045,0.653,0.000119880799468895,"Ttyh3-201",0.000119880799468895,"Down"
1.56021771393761e-09,-3.1439392772109,0.045,0.667,0.000119908972186961,"Stub1-201",0.000119908972186961,"Down"
1.56021771393761e-09,-2.95250536090085,0.045,0.667,0.000119908972186961,"Nrd1-203",0.000119908972186961,"Down"
1.58397760835567e-09,-3.55820029016321,0.023,0.625,0.000121735015112567,"Ttll4-201",0.000121735015112567,"Down"
1.61049959041569e-09,-2.60005848473757,0.068,0.708,0.000123773335521807,"Ubr3-201",0.000123773335521807,"Down"
1.61140968909626e-09,-2.32775812003699,0.045,0.681,0.000123843280245804,"Sf3a1-201",0.000123843280245804,"Down"
1.62128430791119e-09,-2.45859525746156,0.068,0.681,0.000124602184200206,"Igf2bp2-206",0.000124602184200206,"Down"
1.62128430791119e-09,-3.03339670009021,0.068,0.681,0.000124602184200206,"Hnrnpc-205",0.000124602184200206,"Down"
1.62228356050696e-09,-3.2959020156409,0.045,0.667,0.000124678980759202,"Btaf1-201",0.000124678980759202,"Down"
1.62228356050696e-09,-3.15895836462997,0.045,0.667,0.000124678980759202,"Plxnb2-202",0.000124678980759202,"Down"
1.63214231048102e-09,-4.11004727359868,0.023,0.611,0.000125436665129709,"Pdcd10-205",0.000125436665129709,"Down"
1.63214231048102e-09,-4.09323118702367,0.023,0.611,0.000125436665129709,"Pik3c2a-201",0.000125436665129709,"Down"
1.63214231048102e-09,-4.07956011326614,0.023,0.611,0.000125436665129709,"Usp3-205",0.000125436665129709,"Down"
1.63214231048102e-09,-4.81983746466412,0.023,0.611,0.000125436665129709,"Sec23ip-201",0.000125436665129709,"Down"
1.64841088804235e-09,-3.40719370959388,0.023,0.625,0.000126686970389607,"Eif3g-201",0.000126686970389607,"Down"
1.66874729646516e-09,-4.28796144671692,0.023,0.597,0.000128249904722533,"Faf2-203",0.000128249904722533,"Down"
1.68430812384959e-09,-2.6670797731466,0.068,0.694,0.000129445816550336,"Csnk2a1-201",0.000129445816550336,"Down"
1.69890108942189e-09,-4.62209411064248,0.023,0.611,0.00013056734432643,"Arhgap29-201",0.00013056734432643,"Down"
1.69890108942189e-09,-4.09351131408495,0.023,0.611,0.00013056734432643,"Psmd4-201",0.00013056734432643,"Down"
1.75130125900177e-09,-3.50590272818893,0.068,0.681,0.000134594506959322,"Vcl-201",0.000134594506959322,"Down"
1.75371663054784e-09,-2.29630088398365,0.045,0.667,0.000134780137924123,"Ube2z-201",0.000134780137924123,"Down"
1.78503023086262e-09,-3.57187865305815,0.023,0.625,0.000137186713362716,"Prep-201",0.000137186713362716,"Down"
1.79268182759929e-09,-2.41888364092897,0.114,0.764,0.000137774769178316,"Ap2m1-201",0.000137774769178316,"Down"
1.80882619542447e-09,-4.4776996845175,0.023,0.597,0.000139015528423153,"Snx2-201",0.000139015528423153,"Down"
1.80882619542447e-09,-4.28155033322561,0.023,0.597,0.000139015528423153,"Rai1-202",0.000139015528423153,"Down"
1.80882619542447e-09,-4.84035043688123,0.023,0.597,0.000139015528423153,"Hirip3-201",0.000139015528423153,"Down"
1.82026681286453e-09,-2.9225703301116,0.25,0.833,0.00013989478563589,"Peg10-203",0.00013989478563589,"Down"
1.82433005294058e-09,-2.52639570900473,0.045,0.653,0.000140207061888695,"Ddx42-201",0.000140207061888695,"Down"
1.85741625493646e-09,-2.87434751985725,0.023,0.625,0.000142749868856887,"Ncaph2-203",0.000142749868856887,"Down"
1.85741625493646e-09,-3.46835191623139,0.023,0.625,0.000142749868856887,"Clptm1l-201",0.000142749868856887,"Down"
1.88138275723873e-09,-3.3964656241733,0.068,0.667,0.000144591790424826,"Utrn-201",0.000144591790424826,"Down"
1.89699408546425e-09,-2.05270941124391,0.045,0.653,0.000145791583444269,"Tro-203",0.000145791583444269,"Down"
1.89699408546425e-09,-2.05270941124391,0.045,0.653,0.000145791583444269,"Tro-202",0.000145791583444269,"Down"
1.91240525027157e-09,-3.15999196560554,0.091,0.694,0.000146975993104371,"Chmp4b-201",0.000146975993104371,"Down"
1.91430562280104e-09,-2.90988289391983,0.091,0.736,0.000147122044334751,"Kdm6b-201",0.000147122044334751,"Down"
1.91554104881629e-09,-3.4877123772276,0.023,0.611,0.000147216991765727,"Ddx39a-206",0.000147216991765727,"Down"
1.91811501983394e-09,-4.05009970985396,0,0.569,0.000147414811734318,"Prdm4-201",0.000147414811734318,"Down"
1.91811501983394e-09,-5.18766381869578,0,0.569,0.000147414811734318,"Fkbp3-205",0.000147414811734318,"Down"
1.91811501983394e-09,-3.7868295693031,0,0.569,0.000147414811734318,"Armcx2-203",0.000147414811734318,"Down"
1.91811501983394e-09,-4.93591233025182,0,0.569,0.000147414811734318,"Arhgap28-201",0.000147414811734318,"Down"
1.91811501983394e-09,-5.55099523035122,0,0.569,0.000147414811734318,"Hells-201",0.000147414811734318,"Down"
1.91811501983394e-09,-4.73379824790621,0,0.569,0.000147414811734318,"Tmpo-201",0.000147414811734318,"Down"
1.91811501983394e-09,-4.18788472151307,0,0.569,0.000147414811734318,"Ncaph2-201",0.000147414811734318,"Down"
1.91811501983394e-09,-4.06443639220473,0,0.569,0.000147414811734318,"Dbf4-204",0.000147414811734318,"Down"
1.91811501983394e-09,-4.42763735153623,0,0.569,0.000147414811734318,"Rbm6-207",0.000147414811734318,"Down"
1.91811501983394e-09,-5.64130615320376,0,0.569,0.000147414811734318,"Foxm1-201",0.000147414811734318,"Down"
1.91811501983394e-09,-4.66417650137637,0,0.569,0.000147414811734318,"Papola-214",0.000147414811734318,"Down"
1.91811501983394e-09,-4.03367835574793,0,0.569,0.000147414811734318,"Aimp1-201",0.000147414811734318,"Down"
1.91811501983394e-09,-5.04741195205429,0,0.569,0.000147414811734318,"Nudcd2-201",0.000147414811734318,"Down"
1.91811501983394e-09,-3.97371602768011,0,0.569,0.000147414811734318,"Gsto1-204",0.000147414811734318,"Down"
1.91811501983394e-09,-5.29542208385094,0,0.569,0.000147414811734318,"Mtrex-201",0.000147414811734318,"Down"
1.91811501983394e-09,-4.65096478840136,0,0.569,0.000147414811734318,"Mideas-202",0.000147414811734318,"Down"
1.91811501983394e-09,-4.9226172004219,0,0.569,0.000147414811734318,"Sf3b6-201",0.000147414811734318,"Down"
1.91811501983394e-09,-5.54303511256147,0,0.569,0.000147414811734318,"Heatr1-201",0.000147414811734318,"Down"
1.91811501983394e-09,-4.79048698714405,0,0.569,0.000147414811734318,"Rfc3-201",0.000147414811734318,"Down"
1.91811501983394e-09,-4.8762766107124,0,0.569,0.000147414811734318,"Ppp6r1-201",0.000147414811734318,"Down"
1.91811501983394e-09,-3.79867334198333,0,0.569,0.000147414811734318,"Rnf168-201",0.000147414811734318,"Down"
1.91811501983394e-09,-3.79867334198333,0,0.569,0.000147414811734318,"Rnf168-203",0.000147414811734318,"Down"
1.91811501983394e-09,-4.35637328676467,0,0.569,0.000147414811734318,"Adk-201",0.000147414811734318,"Down"
1.91811501983394e-09,-4.61851032507923,0,0.569,0.000147414811734318,"Phf6-201",0.000147414811734318,"Down"
1.91811501983394e-09,-4.29205972545158,0,0.569,0.000147414811734318,"Lbhd1-201",0.000147414811734318,"Down"
1.91811501983394e-09,-5.33645303287729,0,0.569,0.000147414811734318,"Arl8b-201",0.000147414811734318,"Down"
1.91811501983394e-09,-4.70157369854302,0,0.569,0.000147414811734318,"Smarcad1-201",0.000147414811734318,"Down"
1.91811501983394e-09,-6.53395225900761,0,0.569,0.000147414811734318,"H3c8-201",0.000147414811734318,"Down"
1.91811501983394e-09,-5.35710949619454,0,0.569,0.000147414811734318,"Rbm28-201",0.000147414811734318,"Down"
1.91811501983394e-09,-6.29034893609447,0,0.569,0.000147414811734318,"Gmps-201",0.000147414811734318,"Down"
1.91811501983394e-09,-4.08211793990251,0,0.569,0.000147414811734318,"Ddx24-201",0.000147414811734318,"Down"
1.91811501983394e-09,-4.10079198390222,0,0.569,0.000147414811734318,"Ddx24-202",0.000147414811734318,"Down"
1.91811501983394e-09,-4.2007409164775,0,0.569,0.000147414811734318,"Ctbp2-201",0.000147414811734318,"Down"
1.91811501983394e-09,-3.96327194336285,0,0.569,0.000147414811734318,"Paip1-201",0.000147414811734318,"Down"
1.91811501983394e-09,-4.72014537906021,0,0.569,0.000147414811734318,"Trim24-203",0.000147414811734318,"Down"
1.91811501983394e-09,-4.23203551130789,0,0.569,0.000147414811734318,"Aff3-203",0.000147414811734318,"Down"
1.91811501983394e-09,-4.39092716873696,0,0.569,0.000147414811734318,"Aff3-202",0.000147414811734318,"Down"
1.91811501983394e-09,-4.14188231154102,0,0.569,0.000147414811734318,"Ehmt2-201",0.000147414811734318,"Down"
1.91811501983394e-09,-4.46729538401409,0,0.569,0.000147414811734318,"Cdc26-203",0.000147414811734318,"Down"
1.91811501983394e-09,-5.26948071142069,0,0.569,0.000147414811734318,"Ccdc59-201",0.000147414811734318,"Down"
1.91811501983394e-09,-4.70221423148356,0,0.569,0.000147414811734318,"Fads2-201",0.000147414811734318,"Down"
1.91811501983394e-09,-4.90338332787613,0,0.569,0.000147414811734318,"Rfc2-201",0.000147414811734318,"Down"
1.91811501983394e-09,-3.74731522491413,0,0.569,0.000147414811734318,"Ubn1-207",0.000147414811734318,"Down"
1.91811501983394e-09,-5.42634947551947,0,0.569,0.000147414811734318,"Atad3a-201",0.000147414811734318,"Down"
1.91811501983394e-09,-5.0455656875497,0,0.569,0.000147414811734318,"Fdps-203",0.000147414811734318,"Down"
1.91811501983394e-09,-4.17333809001258,0,0.569,0.000147414811734318,"Cul5-209",0.000147414811734318,"Down"
1.91811501983394e-09,-3.92927803333102,0,0.569,0.000147414811734318,"Kdelr1-205",0.000147414811734318,"Down"
1.91811501983394e-09,-4.79560699652243,0,0.569,0.000147414811734318,"Ppp5c-201",0.000147414811734318,"Down"
1.91811501983394e-09,-2.87273729193573,0,0.569,0.000147414811734318,"Arhgef40-202",0.000147414811734318,"Down"
1.91811501983394e-09,-5.57148545986366,0,0.569,0.000147414811734318,"Selenow-201",0.000147414811734318,"Down"
1.91811501983394e-09,-4.92028811818973,0,0.569,0.000147414811734318,"Magoh-201",0.000147414811734318,"Down"
1.91811501983394e-09,-4.42626484698803,0,0.569,0.000147414811734318,"Fxyd6-203",0.000147414811734318,"Down"
1.91811501983394e-09,-3.09025657160826,0,0.569,0.000147414811734318,"Celf1-201",0.000147414811734318,"Down"
1.91811501983394e-09,-3.38636837919256,0,0.569,0.000147414811734318,"Celf1-206",0.000147414811734318,"Down"
1.91811501983394e-09,-3.4659313630354,0,0.569,0.000147414811734318,"Commd8-205",0.000147414811734318,"Down"
1.91811501983394e-09,-5.27039500766455,0,0.569,0.000147414811734318,"Bub1-206",0.000147414811734318,"Down"
1.91811501983394e-09,-4.68233393798989,0,0.569,0.000147414811734318,"N4bp2-204",0.000147414811734318,"Down"
1.91811501983394e-09,-5.81149473372395,0,0.569,0.000147414811734318,"Nme2-201",0.000147414811734318,"Down"
1.91811501983394e-09,-4.28477304677755,0,0.569,0.000147414811734318,"Utp18-201",0.000147414811734318,"Down"
1.91811501983394e-09,-4.71618018060272,0,0.569,0.000147414811734318,"Rnf216-209",0.000147414811734318,"Down"
1.91811501983394e-09,-4.62452969454015,0,0.569,0.000147414811734318,"Leo1-203",0.000147414811734318,"Down"
1.91811501983394e-09,-4.63437496322588,0,0.569,0.000147414811734318,"Zcchc8-204",0.000147414811734318,"Down"
1.91811501983394e-09,-4.17863479383874,0,0.569,0.000147414811734318,"Prkcsh-205",0.000147414811734318,"Down"
1.91811501983394e-09,-4.17863479383874,0,0.569,0.000147414811734318,"Prkcsh-201",0.000147414811734318,"Down"
1.91811501983394e-09,-4.31543545324329,0,0.569,0.000147414811734318,"Psmc3-201",0.000147414811734318,"Down"
1.91811501983394e-09,-3.67119618318141,0,0.569,0.000147414811734318,"Ppdpf-202",0.000147414811734318,"Down"
1.93265938364659e-09,-2.51481007571654,0.023,0.625,0.000148532604270775,"Larp4-202",0.000148532604270775,"Down"
1.96557524097158e-09,-3.31932219638515,0.068,0.681,0.00015106231956963,"Tubb4b-201",0.00015106231956963,"Down"
1.9724751595304e-09,-3.07467721492218,0.045,0.653,0.00015159260591055,"Atf4-203",0.00015159260591055,"Down"
1.99356456859591e-09,-3.13356332354986,0.023,0.611,0.00015321341135487,"Tbl1xr1-201",0.00015321341135487,"Down"
1.99826924518416e-09,-2.8606356010416,0.091,0.708,0.000153574984569384,"Pitrm1-207",0.000153574984569384,"Down"
2.01086914294005e-09,-2.1650440673373,0.023,0.625,0.000154543337111515,"Psma7-201",0.000154543337111515,"Down"
2.03907944757048e-09,-3.84907589252812,0.045,0.639,0.000156711411863582,"Ube2s-201",0.000156711411863582,"Down"
2.03978830506442e-09,-2.75915881194448,0.068,0.694,0.000156765890397421,"Myo10-202",0.000156765890397421,"Down"
2.04066144517679e-09,-3.74009988965218,0.023,0.597,0.000156832994707617,"Parg-202",0.000156832994707617,"Down"
2.05087934217747e-09,-3.2354407133237,0.045,0.653,0.000157618280963707,"Topbp1-201",0.000157618280963707,"Down"
2.05087934217747e-09,-4.19974478443451,0.068,0.639,0.000157618280963707,"Gnb1-202",0.000157618280963707,"Down"
2.11230043680881e-09,-3.1960751475279,0.068,0.667,0.000162338737770504,"Kat6a-204",0.000162338737770504,"Down"
2.11918458773754e-09,-2.23686907495756,0.068,0.694,0.000162867812305981,"Psmd8-202",0.000162867812305981,"Down"
2.11918458773754e-09,-2.23686907495756,0.068,0.694,0.000162867812305981,"Psmd8-203",0.000162867812305981,"Down"
2.11918458773754e-09,-2.23686907495756,0.068,0.694,0.000162867812305981,"Psmd8-201",0.000162867812305981,"Down"
2.12418789411039e-09,-3.99673674398879,0.023,0.597,0.00016325233641396,"Pdcd4-201",0.00016325233641396,"Down"
2.12934810010881e-09,-2.9348945471189,0.045,0.667,0.000163648918885762,"Ncor2-206",0.000163648918885762,"Down"
2.13231656906453e-09,-2.79833263525567,0.045,0.653,0.000163877057598885,"Rbm26-202",0.000163877057598885,"Down"
2.14273686250659e-09,-2.89420072485726,0.114,0.722,0.000164677898831082,"Rpn2-202",0.000164677898831082,"Down"
2.14318853794961e-09,-2.25183193907424,0.114,0.778,0.000164712611895579,"Rap1b-201",0.000164712611895579,"Down"
2.16465508718389e-09,-2.76576694350186,0.114,0.75,0.000166362402070431,"Mapre1-201",0.000166362402070431,"Down"
2.16465508718389e-09,-3.13954017269742,0.136,0.736,0.000166362402070431,"Tpm3-201",0.000166362402070431,"Down"
2.17096219622906e-09,-3.88117525002737,0.068,0.653,0.000166847128628988,"Tle3-204",0.000166847128628988,"Down"
2.21104135664521e-09,-3.65532561808954,0.023,0.597,0.000169927372423611,"U2surp-202",0.000169927372423611,"Down"
2.24071519362508e-09,-2.65350146416216,0.114,0.764,0.000172207925490862,"Map7d1-201",0.000172207925490862,"Down"
2.26919212452942e-09,-3.44848689909604,0.114,0.681,0.000174396491538584,"Mapk1-201",0.000174396491538584,"Down"
2.29299010855449e-09,-3.28846305217647,0.045,0.639,0.000176225461802846,"Tnpo3-201",0.000176225461802846,"Down"
2.30135051136073e-09,-4.70734231732591,0.023,0.597,0.000176867992200117,"Rars-201",0.000176867992200117,"Down"
2.33780152551036e-09,-4.23347064505782,0.023,0.611,0.000179669398441573,"Ufm1-203",0.000179669398441573,"Down"
2.34548468045282e-09,-3.5206049060183,0.068,0.653,0.000180259879631521,"Trrap-201",0.000180259879631521,"Down"
2.38071745471619e-09,-2.92220248828687,0.068,0.681,0.000182967659264758,"Lima1-201",0.000182967659264758,"Down"
2.38427948813886e-09,-2.60086498911984,0.045,0.639,0.000183241415781424,"Phf3-205",0.000183241415781424,"Down"
2.38427948813886e-09,-2.60086498911984,0.045,0.639,0.000183241415781424,"Phf3-201",0.000183241415781424,"Down"
2.39120700655237e-09,-2.18417695039739,0.045,0.667,0.000183773823281576,"Nufip2-201",0.000183773823281576,"Down"
2.39120700655237e-09,-2.66639247322854,0.045,0.667,0.000183773823281576,"Glul-201",0.000183773823281576,"Down"
2.3952488567413e-09,-4.04415448936241,0.023,0.597,0.000184084455635996,"Tcf3-201",0.000184084455635996,"Down"
2.3952488567413e-09,-4.40262984436466,0.023,0.597,0.000184084455635996,"Atp5pb-203",0.000184084455635996,"Down"
2.39598679490814e-09,-3.29638502320354,0.045,0.653,0.00018414116913587,"Ube2v1-202",0.00018414116913587,"Down"
2.41399196851013e-09,-2.74319702009607,0.091,0.708,0.000185524938747877,"Atp2a2-201",0.000185524938747877,"Down"
2.43252585024821e-09,-3.84693425643649,0.023,0.611,0.000186949341694976,"Rab5a-201",0.000186949341694976,"Down"
2.43252585024821e-09,-3.18028634838,0.023,0.611,0.000186949341694976,"Washc2-201",0.000186949341694976,"Down"
2.46354566405662e-09,-3.42307942180633,0.068,0.667,0.000189333338465407,"Prpf19-201",0.000189333338465407,"Down"
2.47344366592062e-09,-2.98846259301221,0.068,0.681,0.000190094039500663,"Cnot1-203",0.000190094039500663,"Down"
2.49073779471638e-09,-3.80745952324358,0.068,0.639,0.000191423162475133,"Atp5a1-202",0.000191423162475133,"Down"
2.49287488546355e-09,-3.45876661452075,0.023,0.597,0.000191587406447415,"Sin3a-201",0.000191587406447415,"Down"
2.49287488546355e-09,-4.60513491794075,0.023,0.597,0.000191587406447415,"Abcf2-201",0.000191587406447415,"Down"
2.54775004283015e-09,-2.27863015897325,0.045,0.625,0.000195804781791669,"Clasp1-210",0.000195804781791669,"Down"
2.5598836509049e-09,-1.98255362678611,0.068,0.667,0.000196737298106645,"Srpk1-204",0.000196737298106645,"Down"
2.57760036659071e-09,-2.97448857671435,0.045,0.639,0.000198098898573962,"Oga-201",0.000198098898573962,"Down"
2.57760036659071e-09,-3.08734634799012,0.045,0.639,0.000198098898573962,"Arhgef17-201",0.000198098898573962,"Down"
2.58293471178726e-09,-2.04935178037219,0.045,0.667,0.000198508864339698,"Hipk3-201",0.000198508864339698,"Down"
2.58293471178726e-09,-2.60440859666885,0.045,0.667,0.000198508864339698,"Hp1bp3-214",0.000198508864339698,"Down"
2.59437226474369e-09,-3.6500798497988,0.023,0.597,0.000199387886034612,"Tmem131l-202",0.000199387886034612,"Down"
2.59437226474369e-09,-3.72498644056583,0.023,0.597,0.000199387886034612,"Ilkap-201",0.000199387886034612,"Down"
2.69989002294646e-09,-4.35560793333124,0.023,0.597,0.000207497347823527,"Dnajb11-201",0.000207497347823527,"Down"
2.69989002294646e-09,-4.45822709591343,0.023,0.597,0.000207497347823527,"0610012G03Rik-201",0.000207497347823527,"Down"
2.74634448758831e-09,-4.05692544129443,0.023,0.583,0.000211067559249112,"Psmd13-207",0.000211067559249112,"Down"
2.79210165652403e-09,-3.21356735744769,0.205,0.75,0.000214584180710498,"Mki67-201",0.000214584180710498,"Down"
2.79741453488432e-09,-2.88975728158981,0.045,0.653,0.000214992496664,"Ppp1r2-201",0.000214992496664,"Down"
2.80250105461456e-09,-1.9470111317762,0.114,0.736,0.000215383416051348,"Prpf4b-201",0.000215383416051348,"Down"
2.80328962158615e-09,-2.29285198494569,0.227,0.847,0.000215444020577382,"Myh9-201",0.000215444020577382,"Down"
2.80958274266336e-09,-4.19021828997309,0.023,0.597,0.00021592767210465,"Srsf9-201",0.00021592767210465,"Down"
2.80958274266336e-09,-4.44782024275583,0.023,0.597,0.00021592767210465,"Rfx7-202",0.00021592767210465,"Down"
2.85022253666456e-09,-2.89303968077065,0.023,0.611,0.000219051002832818,"Nup88-203",0.000219051002832818,"Down"
2.86306481541153e-09,-1.59610116363079,0.136,0.819,0.000220037983323637,"Col4a2-201",0.000220037983323637,"Down"
2.86496397079722e-09,-3.98517730776482,0.045,0.625,0.00022018394101165,"Gli3-201",0.00022018394101165,"Down"
2.88080472528035e-09,-2.7192044584171,0.068,0.681,0.000221401366356696,"Gapvd1-202",0.000221401366356696,"Down"
2.91246378840205e-09,-2.36112240396315,0.114,0.75,0.000223834491993851,"Rab2a-201",0.000223834491993851,"Down"
2.92361076047507e-09,-3.87466816036218,0.023,0.597,0.000224691181385551,"Bex3-203",0.000224691181385551,"Down"
2.92361076047507e-09,-3.76491836837073,0.023,0.597,0.000224691181385551,"Hyou1-201",0.000224691181385551,"Down"
2.92361076047507e-09,-3.76491836837073,0.023,0.597,0.000224691181385551,"Hyou1-206",0.000224691181385551,"Down"
2.92361076047507e-09,-4.21371198322854,0.023,0.597,0.000224691181385551,"Snx5-202",0.000224691181385551,"Down"
2.96510174355251e-09,-3.07595361647244,0.023,0.611,0.000227879929398985,"Pabpc4-202",0.000227879929398985,"Down"
2.96510174355251e-09,-3.33548936879766,0.023,0.611,0.000227879929398985,"Ubap1-201",0.000227879929398985,"Down"
2.96510174355251e-09,-3.80118784953274,0.023,0.611,0.000227879929398985,"Esf1-201",0.000227879929398985,"Down"
2.98326752830369e-09,-3.39089553674902,0.068,0.667,0.000229276042620252,"Tcerg1-201",0.000229276042620252,"Down"
3.03571765485561e-09,-1.81295372548252,0.705,0.944,0.000233307044646273,"Igf2-205",0.000233307044646273,"Down"
3.09679094639661e-09,-3.49896494575345,0.023,0.583,0.000238000771394365,"Myef2-201",0.000238000771394365,"Down"
3.09679094639661e-09,-4.38343491101841,0.023,0.583,0.000238000771394365,"Rb1cc1-201",0.000238000771394365,"Down"
3.0974706321382e-09,-3.53090583661573,0.045,0.625,0.000238053007962349,"Txlna-201",0.000238053007962349,"Down"
3.13012027491732e-09,-2.99169946860082,0.045,0.639,0.000240562263608496,"Afdn-212",0.000240562263608496,"Down"
3.14074535505787e-09,-3.1240207014838,0.045,0.653,0.000241378843517617,"Plxnb2-201",0.000241378843517617,"Down"
3.16534405379069e-09,-3.85356590988538,0.023,0.597,0.00024326935191003,"Las1l-201",0.00024326935191003,"Down"
3.16534405379069e-09,-3.24246517900684,0.023,0.597,0.00024326935191003,"Pias2-202",0.00024326935191003,"Down"
3.20854305919068e-09,-3.45585808688236,0.023,0.611,0.00024658936827104,"Tiparp-201",0.00024658936827104,"Down"
3.20854305919068e-09,-3.21167052028527,0.023,0.611,0.00024658936827104,"Kars-202",0.00024658936827104,"Down"
3.22051374147274e-09,-3.83462807731336,0.045,0.625,0.000247509363087146,"Prrx2-201",0.000247509363087146,"Down"
3.33745420296599e-09,-3.00131183340187,0.023,0.611,0.000256496705314748,"Gsto1-201",0.000256496705314748,"Down"
3.34831065872255e-09,-3.45674587502219,0.045,0.625,0.000257331067365463,"Rbmx-202",0.000257331067365463,"Down"
3.34831065872255e-09,-3.82046788505356,0.045,0.625,0.000257331067365463,"Rbpj-ps3-201",0.000257331067365463,"Down"
3.35256551399161e-09,-2.32595150545433,0.091,0.736,0.000257658070012311,"Polr2a-201",0.000257658070012311,"Down"
3.35422195867925e-09,-4.83985928937728,0.023,0.583,0.000257785374412335,"Cltc-201",0.000257785374412335,"Down"
3.47140243545193e-09,-2.88931858378853,0.023,0.611,0.000266791162774222,"Kank2-201",0.000266791162774222,"Down"
3.48103960625111e-09,-3.69280171680226,0.045,0.625,0.000267531817898823,"Anapc4-201",0.000267531817898823,"Down"
3.48103960625111e-09,-3.84882609507766,0.045,0.625,0.000267531817898823,"Foxp4-202",0.000267531817898823,"Down"
3.48263259443907e-09,-2.60885506218685,0.068,0.681,0.000267654245413021,"Cttn-202",0.000267654245413021,"Down"
3.48263259443907e-09,-2.48325080364008,0.068,0.681,0.000267654245413021,"Ssr2-207",0.000267654245413021,"Down"
3.5249724689779e-09,-3.7698638493676,0.068,0.639,0.000270908234130828,"Rab1a-206",0.000270908234130828,"Down"
3.57957517770903e-09,-3.94979220655875,0,0.556,0.00027510467070765,"Prdm4-207",0.00027510467070765,"Down"
3.57957517770903e-09,-5.9627161665229,0,0.556,0.00027510467070765,"Mex3b-201",0.00027510467070765,"Down"
3.57957517770903e-09,-5.04759029556376,0,0.556,0.00027510467070765,"Smg7-201",0.00027510467070765,"Down"
3.57957517770903e-09,-4.66342133296706,0,0.556,0.00027510467070765,"Rbm27-202",0.00027510467070765,"Down"
3.57957517770903e-09,-4.05515671117391,0,0.556,0.00027510467070765,"Ndufv2-201",0.00027510467070765,"Down"
3.57957517770903e-09,-4.23551186879058,0,0.556,0.00027510467070765,"Lrrc47-205",0.00027510467070765,"Down"
3.57957517770903e-09,-4.23551186879058,0,0.556,0.00027510467070765,"Lrrc47-201",0.00027510467070765,"Down"
3.57957517770903e-09,-4.06171229068624,0,0.556,0.00027510467070765,"Dbf4-201",0.00027510467070765,"Down"
3.57957517770903e-09,-3.97914864465833,0,0.556,0.00027510467070765,"Pphln1-204",0.00027510467070765,"Down"
3.57957517770903e-09,-4.14155720224783,0,0.556,0.00027510467070765,"Tlk1-201",0.00027510467070765,"Down"
3.57957517770903e-09,-2.93452582618737,0,0.556,0.00027510467070765,"Dmtf1-201",0.00027510467070765,"Down"
3.57957517770903e-09,-4.58902084781846,0,0.556,0.00027510467070765,"Orc6-201",0.00027510467070765,"Down"
3.57957517770903e-09,-3.98808127243176,0,0.556,0.00027510467070765,"Aimp1-206",0.00027510467070765,"Down"
3.57957517770903e-09,-4.11592337144463,0,0.556,0.00027510467070765,"Gatad2a-206",0.00027510467070765,"Down"
3.57957517770903e-09,-4.68937388681661,0,0.556,0.00027510467070765,"Mrpl13-205",0.00027510467070765,"Down"
3.57957517770903e-09,-6.11447518028419,0,0.556,0.00027510467070765,"Cenpe-201",0.00027510467070765,"Down"
3.57957517770903e-09,-4.98809743084751,0,0.556,0.00027510467070765,"Gins4-201",0.00027510467070765,"Down"
3.57957517770903e-09,-5.12724842260555,0,0.556,0.00027510467070765,"Igbp1-201",0.00027510467070765,"Down"
3.57957517770903e-09,-4.68559485777837,0,0.556,0.00027510467070765,"Mtr-201",0.00027510467070765,"Down"
3.57957517770903e-09,-3.48244355532664,0,0.556,0.00027510467070765,"Dock7-214",0.00027510467070765,"Down"
3.57957517770903e-09,-4.34943896834212,0,0.556,0.00027510467070765,"Adk-207",0.00027510467070765,"Down"
3.57957517770903e-09,-6.84564371095687,0,0.556,0.00027510467070765,"Cenpf-204",0.00027510467070765,"Down"
3.57957517770903e-09,-4.68583068263386,0,0.556,0.00027510467070765,"Mib1-201",0.00027510467070765,"Down"
3.57957517770903e-09,-4.09916494532422,0,0.556,0.00027510467070765,"Puf60-204",0.00027510467070765,"Down"
3.57957517770903e-09,-4.09916494532422,0,0.556,0.00027510467070765,"Puf60-201",0.00027510467070765,"Down"
3.57957517770903e-09,-5.57495936834813,0,0.556,0.00027510467070765,"Cdca8-202",0.00027510467070765,"Down"
3.57957517770903e-09,-2.57733557289294,0,0.556,0.00027510467070765,"Atad1-203",0.00027510467070765,"Down"
3.57957517770903e-09,-4.07270166138539,0,0.556,0.00027510467070765,"Pold3-201",0.00027510467070765,"Down"
3.57957517770903e-09,-3.19987234031681,0,0.556,0.00027510467070765,"Rnf214-201",0.00027510467070765,"Down"
3.57957517770903e-09,-5.38515551949948,0,0.556,0.00027510467070765,"Mphosph8-201",0.00027510467070765,"Down"
3.57957517770903e-09,-4.88530100490523,0,0.556,0.00027510467070765,"Psma6-201",0.00027510467070765,"Down"
3.57957517770903e-09,-4.79360013988593,0,0.556,0.00027510467070765,"Ube2e1-201",0.00027510467070765,"Down"
3.57957517770903e-09,-3.26105373446429,0,0.556,0.00027510467070765,"Pqbp1-201",0.00027510467070765,"Down"
3.57957517770903e-09,-4.1308720521252,0,0.556,0.00027510467070765,"Uggt1-209",0.00027510467070765,"Down"
3.57957517770903e-09,-4.27534759790559,0,0.556,0.00027510467070765,"Bub3-201",0.00027510467070765,"Down"
3.57957517770903e-09,-4.84683597644764,0,0.556,0.00027510467070765,"Rab35-201",0.00027510467070765,"Down"
3.57957517770903e-09,-3.72204696403766,0,0.556,0.00027510467070765,"Hsd17b12-201",0.00027510467070765,"Down"
3.57957517770903e-09,-4.1625245581963,0,0.556,0.00027510467070765,"Aff3-206",0.00027510467070765,"Down"
3.57957517770903e-09,-4.83048621433216,0,0.556,0.00027510467070765,"Cad-201",0.00027510467070765,"Down"
3.57957517770903e-09,-4.82875015706681,0,0.556,0.00027510467070765,"Usp39-201",0.00027510467070765,"Down"
3.57957517770903e-09,-3.50159103932495,0,0.556,0.00027510467070765,"Gpx4-207",0.00027510467070765,"Down"
3.57957517770903e-09,-4.29772287307167,0,0.556,0.00027510467070765,"Lig1-206",0.00027510467070765,"Down"
3.57957517770903e-09,-4.29772287307167,0,0.556,0.00027510467070765,"Lig1-205",0.00027510467070765,"Down"
3.57957517770903e-09,-5.19652806815025,0,0.556,0.00027510467070765,"Eif2b1-201",0.00027510467070765,"Down"
3.57957517770903e-09,-5.54502778525098,0,0.556,0.00027510467070765,"E2f5-201",0.00027510467070765,"Down"
3.57957517770903e-09,-2.79346808274837,0,0.556,0.00027510467070765,"Arhgef40-204",0.00027510467070765,"Down"
3.57957517770903e-09,-2.37687242739606,0,0.556,0.00027510467070765,"Phc1-211",0.00027510467070765,"Down"
3.57957517770903e-09,-4.29522117571903,0,0.556,0.00027510467070765,"Nsfl1c-202",0.00027510467070765,"Down"
3.57957517770903e-09,-5.16524213663925,0,0.556,0.00027510467070765,"Mcm3ap-201",0.00027510467070765,"Down"
3.57957517770903e-09,-5.02391517380851,0,0.556,0.00027510467070765,"Hexim1-201",0.00027510467070765,"Down"
3.57957517770903e-09,-5.46329254162583,0,0.556,0.00027510467070765,"Col26a1-202",0.00027510467070765,"Down"
3.57957517770903e-09,-2.44880238040066,0,0.556,0.00027510467070765,"Kctd20-215",0.00027510467070765,"Down"
3.57957517770903e-09,-5.05325629284498,0,0.556,0.00027510467070765,"Mrpl12-201",0.00027510467070765,"Down"
3.57957517770903e-09,-4.81657689860758,0,0.556,0.00027510467070765,"Gatad1-201",0.00027510467070765,"Down"
3.57957517770903e-09,-3.95543633341437,0,0.556,0.00027510467070765,"Dnajc2-201",0.00027510467070765,"Down"
3.57957517770903e-09,-4.42914979013402,0,0.556,0.00027510467070765,"Dnajc2-205",0.00027510467070765,"Down"
3.57957517770903e-09,-3.70877679049232,0,0.556,0.00027510467070765,"Cntrl-203",0.00027510467070765,"Down"
3.57957517770903e-09,-3.63212161839937,0,0.556,0.00027510467070765,"Nt5c3b-201",0.00027510467070765,"Down"
3.57957517770903e-09,-3.63212161839937,0,0.556,0.00027510467070765,"Nt5c3b-203",0.00027510467070765,"Down"
3.63244160705304e-09,-4.63429997648548,0.023,0.583,0.000279167667268454,"Bcl9-201",0.000279167667268454,"Down"
3.75518106649e-09,-1.12059100728679,0.023,0.611,0.000288600685684022,"Auts2-207",0.000288600685684022,"Down"
3.77985087571857e-09,-4.72871849226624,0.023,0.583,0.000290496659202475,"Zmat2-201",0.000290496659202475,"Down"
3.85797069734017e-09,-3.91656732484245,0.023,0.597,0.000296500479973381,"Atad2b-201",0.000296500479973381,"Down"
3.85797069734017e-09,-3.6845637831432,0.023,0.597,0.000296500479973381,"Rfc1-206",0.000296500479973381,"Down"
3.91069920662482e-09,-3.31620046502326,0.045,0.625,0.000300552876825944,"Dync1i2-204",0.000300552876825944,"Down"
3.91069920662482e-09,-4.04384845826039,0.045,0.625,0.000300552876825944,"Dag1-204",0.000300552876825944,"Down"
3.93307680320666e-09,-3.09865730026228,0.023,0.583,0.000302272684633645,"Stx5a-202",0.000302272684633645,"Down"
3.95481213611629e-09,-2.93499476315068,0.045,0.653,0.000303943131909081,"Ncor2-205",0.000303943131909081,"Down"
3.99183652028177e-09,-3.84730293255187,0.114,0.708,0.000306788603929735,"Cald1-204",0.000306788603929735,"Down"
3.99978127699003e-09,-4.08797668649635,0.045,0.611,0.000307399190261792,"Twsg1-201",0.000307399190261792,"Down"
4.01321530272868e-09,-3.76660185391328,0.023,0.597,0.00030843164887591,"Pitpna-203",0.00030843164887591,"Down"
4.04424329972147e-09,-2.95149830427222,0.068,0.667,0.000310816274556794,"Ash1l-202",0.000310816274556794,"Down"
4.0614923078303e-09,-4.68880992263749,0.045,0.597,0.00031214192982599,"Chd7-201",0.00031214192982599,"Down"
4.06647467511231e-09,-2.28454516634304,0.091,0.722,0.000312524844681082,"Chd2-203",0.000312524844681082,"Down"
4.09234204275734e-09,-4.33685395055018,0.023,0.583,0.000314512855354072,"Wbp4-201",0.000314512855354072,"Down"
4.09234204275734e-09,-4.74021594676938,0.023,0.583,0.000314512855354072,"Fasn-205",0.000314512855354072,"Down"
4.09234204275734e-09,-3.73772418290519,0.023,0.583,0.000314512855354072,"Rab11b-201",0.000314512855354072,"Down"
4.17453373139524e-09,-3.51031014669122,0.023,0.597,0.00032082961539265,"Tnpo3-202",0.00032082961539265,"Down"
4.17453373139524e-09,-3.29031054497431,0.023,0.597,0.00032082961539265,"Ubtf-213",0.00032082961539265,"Down"
4.18531987854393e-09,-2.93181822652662,0.136,0.708,0.000321658573945615,"Csde1-201",0.000321658573945615,"Down"
4.20030211844247e-09,-2.6217096229119,0.068,0.667,0.000322810019010778,"Cnn2-201",0.000322810019010778,"Down"
4.20619564630274e-09,-2.63552478915077,0.068,0.681,0.000323262960200951,"Ubxn4-201",0.000323262960200951,"Down"
4.22363447494633e-09,-5.29409602433659,0.045,0.597,0.000324603203937525,"Nap1l1-201",0.000324603203937525,"Down"
4.25787749227157e-09,-3.94802036273817,0.023,0.583,0.000327234916791039,"Tdp2-206",0.000327234916791039,"Down"
4.25787749227157e-09,-4.10939386401352,0.023,0.583,0.000327234916791039,"Ccdc88a-201",0.000327234916791039,"Down"
4.34200367806936e-09,-1.85492144524866,0.386,0.889,0.000333700350674342,"Vim-201",0.000333700350674342,"Down"
4.34215648474863e-09,-2.72448781171979,0.023,0.597,0.000333712094478872,"Brpf1-204",0.000333712094478872,"Down"
4.37792737607816e-09,-1.86405944181216,0.205,0.917,0.000336461230561111,"Clic4-201",0.000336461230561111,"Down"
4.42895099903175e-09,-3.04535140680416,0.045,0.639,0.000340382600079586,"Strn4-202",0.000340382600079586,"Down"
4.42992258862865e-09,-2.78834032024085,0.023,0.583,0.000340457270626466,"Ccnd3-202",0.000340457270626466,"Down"
4.42992258862865e-09,-2.78834032024085,0.023,0.583,0.000340457270626466,"Ccnd3-215",0.000340457270626466,"Down"
4.42992258862865e-09,-2.78834032024085,0.023,0.583,0.000340457270626466,"Ccnd3-201",0.000340457270626466,"Down"
4.42992258862865e-09,-2.78834032313584,0.023,0.583,0.000340457270626466,"Ccnd3-218",0.000340457270626466,"Down"
4.42992258862865e-09,-2.78834032024085,0.023,0.583,0.000340457270626466,"Ccnd3-205",0.000340457270626466,"Down"
4.42992258862865e-09,-3.23687739717738,0.023,0.583,0.000340457270626466,"Mbtd1-206",0.000340457270626466,"Down"
4.43550562415989e-09,-2.64620447469921,0.045,0.653,0.000340886349239184,"Capza1-201",0.000340886349239184,"Down"
4.45432697511161e-09,4.56568750031323,0.5,0.042,0.000342332845345228,"Snca-202",0.000342332845345228,"Up"
4.51244998966464e-09,-2.62691811165245,0.091,0.681,0.000346799831505687,"Hnrnpr-202",0.000346799831505687,"Down"
4.66542091751521e-09,-5.71869451251364,0.023,0.569,0.000358556259194714,"Dbn1-202",0.000358556259194714,"Down"
4.67244160564584e-09,-3.9060730925849,0.045,0.611,0.000359095827160306,"Dnmt1-207",0.000359095827160306,"Down"
4.67402689140202e-09,-1.63829305051157,0.091,0.736,0.000359217662711811,"Rab7-204",0.000359217662711811,"Down"
4.68439092919978e-09,-2.64664841789808,0.068,0.694,0.00036001418047272,"Sik1-201",0.00036001418047272,"Down"
4.69727957578748e-09,-3.74145020402334,0.023,0.597,0.000361004724517571,"Nol7-201",0.000361004724517571,"Down"
4.69727957578748e-09,-3.34219461558732,0.023,0.597,0.000361004724517571,"Zfp326-205",0.000361004724517571,"Down"
4.69727957578748e-09,-3.13238392874962,0.023,0.597,0.000361004724517571,"Gjc1-201",0.000361004724517571,"Down"
4.71451980130337e-09,-3.2341456439683,0.136,0.694,0.000362329704809369,"Uba52-203",0.000362329704809369,"Down"
4.74405280105532e-09,-3.64189272910193,0.045,0.625,0.000364599433972306,"Atf4-201",0.000364599433972306,"Down"
4.7820020353346e-09,-2.81289439362072,0.045,0.639,0.000367515984423605,"Qser1-203",0.000367515984423605,"Down"
4.79454400111074e-09,-3.07930976255203,0.023,0.583,0.000368479884661365,"Gps1-208",0.000368479884661365,"Down"
4.79454400111074e-09,-3.5790820266389,0.023,0.583,0.000368479884661365,"Tug1-201",0.000368479884661365,"Down"
4.79454400111074e-09,-4.40746181887125,0.023,0.583,0.000368479884661365,"Gtf3c1-201",0.000368479884661365,"Down"
4.86843960334052e-09,-2.59138322532296,0.114,0.75,0.000374159057275133,"Map7d1-203",0.000374159057275133,"Down"
4.87445704975069e-09,-3.63837059021964,0.068,0.625,0.000374621522101539,"Rnf20-210",0.000374621522101539,"Down"
4.88528442921576e-09,-3.50386320494141,0.023,0.597,0.000375453649522948,"Ythdf2-203",0.000375453649522948,"Down"
4.88528442921576e-09,-3.37700986295304,0.023,0.597,0.000375453649522948,"Ttc28-206",0.000375453649522948,"Down"
4.88528442921576e-09,-3.17715765497128,0.023,0.597,0.000375453649522948,"Mark3-202",0.000375453649522948,"Down"
4.88853039023062e-09,-2.84195363900988,0.068,0.681,0.000375703114610784,"Ccnd2-201",0.000375703114610784,"Down"
4.97287541879278e-09,-2.55776003134008,0.045,0.653,0.0003821853674359,"Hp1bp3-201",0.0003821853674359,"Down"
4.98764467792605e-09,-3.9663833899054,0.023,0.583,0.000383320444077329,"Zrsr2-201",0.000383320444077329,"Down"
4.98764467792605e-09,-4.08095399312874,0.023,0.583,0.000383320444077329,"Xpo5-201",0.000383320444077329,"Down"
4.98764467792605e-09,-3.99646748557297,0.023,0.583,0.000383320444077329,"Chaf1a-201",0.000383320444077329,"Down"
5.18830438521778e-09,-3.79769367968921,0.023,0.583,0.000398741945221527,"Smarcd1-201",0.000398741945221527,"Down"
5.18830438521778e-09,-3.69783802383513,0.023,0.583,0.000398741945221527,"Med14-202",0.000398741945221527,"Down"
5.25626503587946e-09,-4.90435207838238,0.023,0.569,0.00040396499306748,"Dcbld2-201",0.00040396499306748,"Down"
5.25626503587946e-09,-4.48295620546743,0.023,0.569,0.00040396499306748,"Cbx3-204",0.00040396499306748,"Down"
5.26733211198005e-09,-2.85961830359436,0.068,0.667,0.000404815542134115,"Cnot1-216",0.000404815542134115,"Down"
5.26733211198005e-09,-2.51793629908425,0.068,0.667,0.000404815542134115,"Nup98-203",0.000404815542134115,"Down"
5.26894779424805e-09,-1.96466319426505,0.068,0.681,0.00040493971377914,"Igf1r-201",0.00040493971377914,"Down"
5.28351199705328e-09,-2.92016865373526,0.023,0.597,0.000406059031021532,"Senp5-205",0.000406059031021532,"Down"
5.28351199705328e-09,-2.79093651163632,0.023,0.597,0.000406059031021532,"Mier1-205",0.000406059031021532,"Down"
5.28351199705328e-09,-2.79093651163632,0.023,0.597,0.000406059031021532,"Mier1-201",0.000406059031021532,"Down"
5.28351199705328e-09,-3.36245945818272,0.023,0.597,0.000406059031021532,"Ncoa3-201",0.000406059031021532,"Down"
5.32449254324404e-09,-3.18993346973099,0.045,0.625,0.000409208549918477,"Zc3h15-201",0.000409208549918477,"Down"
5.36345124331931e-09,-3.00399089234421,0.045,0.639,0.000412202681854062,"Rbbp6-202",0.000412202681854062,"Down"
5.36345124331931e-09,-3.05820214642466,0.045,0.639,0.000412202681854062,"Dcaf8-201",0.000412202681854062,"Down"
5.39681003426813e-09,-3.9888728104727,0.023,0.583,0.000414766438373643,"Tspan6-201",0.000414766438373643,"Down"
5.4668238682826e-09,-3.799643519244,0.068,0.625,0.000420147281572991,"Ptbp1-206",0.000420147281572991,"Down"
5.468930080846e-09,-4.57511329331568,0.023,0.569,0.000420309152433339,"Zeb1-201",0.000420309152433339,"Down"
5.5329032068547e-09,-1.89501301523643,0.045,0.625,0.000425225743059611,"Trim33-201",0.000425225743059611,"Down"
5.57213379676909e-09,-2.65494844296073,0.045,0.639,0.000428240770816892,"Med1-203",0.000428240770816892,"Down"
5.61345906494567e-09,-3.97792877578179,0.023,0.583,0.000431416782977334,"Exoc4-201",0.000431416782977334,"Down"
5.68995688271234e-09,-4.44451271086492,0.023,0.569,0.000437295946263974,"Ctbp1-211",0.000437295946263974,"Down"
5.71325340601928e-09,-3.19906576132262,0.023,0.597,0.000439086377266205,"Bahcc1-202",0.000439086377266205,"Down"
5.71325340601928e-09,-3.19906576132262,0.023,0.597,0.000439086377266205,"Bahcc1-201",0.000439086377266205,"Down"
5.71325340601928e-09,-3.3877945154778,0.023,0.597,0.000439086377266205,"Erp29-201",0.000439086377266205,"Down"
5.74924165555839e-09,-3.02238141852442,0.045,0.625,0.000441852218196285,"Pum1-203",0.000441852218196285,"Down"
5.74924165555839e-09,-2.95473416080872,0.045,0.625,0.000441852218196285,"Cab39-202",0.000441852218196285,"Down"
5.74924165555839e-09,-3.37394921864835,0.045,0.625,0.000441852218196285,"Ccni-201",0.000441852218196285,"Down"
5.78870706214839e-09,-2.78619026424905,0.045,0.639,0.000444885292554352,"Ankhd1-201",0.000444885292554352,"Down"
5.78870706214839e-09,-2.43616438519616,0.045,0.639,0.000444885292554352,"Emilin1-201",0.000444885292554352,"Down"
5.78880793464207e-09,-2.41667786943793,0.045,0.653,0.000444893045008982,"Appbp2-201",0.000444893045008982,"Down"
5.83855981791737e-09,-4.29704086635091,0.023,0.583,0.000448716676246222,"Actr1b-201",0.000448716676246222,"Down"
5.89411650950036e-09,-4.40505407795843,0.114,0.653,0.000452986430221141,"Fus-206",0.000452986430221141,"Down"
5.90004270677848e-09,-3.77572325206342,0.068,0.625,0.000453441882186753,"Cct3-208",0.000453441882186753,"Down"
5.94068963478433e-09,-4.08503549472517,0.023,0.597,0.000456565761191715,"Atxn7l3b-201",0.000456565761191715,"Down"
5.95508331299941e-09,-2.29825847286438,0.136,0.764,0.000457671972937257,"Adss-201",0.000457671972937257,"Down"
5.9738002484904e-09,-2.80550970333643,0.045,0.625,0.000459110444297481,"Prpsap1-201",0.000459110444297481,"Down"
6.12065859435407e-09,-2.94375144957143,0.068,0.667,0.000470397095610487,"Ets2-201",0.000470397095610487,"Down"
6.12358681478329e-09,-3.54075259021903,0.045,0.611,0.000470622141063355,"Fip1l1-201",0.000470622141063355,"Down"
6.17692359329355e-09,-2.67829767068069,0.023,0.597,0.000474721285838982,"Otud4-203",0.000474721285838982,"Down"
6.17692359329355e-09,-2.81635753970911,0.023,0.597,0.000474721285838982,"Pja2-201",0.000474721285838982,"Down"
6.17692359329355e-09,-2.97750580041802,0.023,0.597,0.000474721285838982,"Tomm40-202",0.000474721285838982,"Down"
6.20688176656371e-09,-3.48127099783701,0.045,0.625,0.000477023691287487,"Acly-203",0.000477023691287487,"Down"
6.35416434884876e-09,-2.63842828733613,0.068,0.667,0.000488342946866423,"Arpc3-202",0.000488342946866423,"Down"
6.36379096831183e-09,-2.85038992853119,0.045,0.611,0.000489082791078637,"Cnot2-203",0.000489082791078637,"Down"
6.42228515708059e-09,-2.64966948605933,0.023,0.597,0.000493578303462272,"Amd1-206",0.000493578303462272,"Down"
6.42228515708059e-09,-2.89253593343285,0.023,0.597,0.000493578303462272,"Pcgf3-201",0.000493578303462272,"Down"
6.48871524726204e-09,-3.11687879784013,0.045,0.639,0.000498683721613076,"Arhgef12-202",0.000498683721613076,"Down"
6.56782750233221e-09,-3.84288414049701,0.023,0.583,0.000504763814864239,"Cxxc1-201",0.000504763814864239,"Down"
6.56782750233221e-09,-3.95478023167037,0.023,0.583,0.000504763814864239,"Vps26b-201",0.000504763814864239,"Down"
6.56782750233221e-09,-3.87536978220041,0.023,0.583,0.000504763814864239,"Drg1-201",0.000504763814864239,"Down"
6.61364700065096e-09,-6.1923225853298,0,0.542,0.000508285226588029,"H2ac4-201",0.000508285226588029,"Down"
6.61364700065096e-09,-4.83633434409438,0,0.542,0.000508285226588029,"Nup155-201",0.000508285226588029,"Down"
6.61364700065096e-09,-4.64676284810901,0,0.542,0.000508285226588029,"Scube1-204",0.000508285226588029,"Down"
6.61364700065096e-09,-6.01574859121495,0,0.542,0.000508285226588029,"Fubp1-206",0.000508285226588029,"Down"
6.61364700065096e-09,-4.68149843131649,0,0.542,0.000508285226588029,"Prelid3b-201",0.000508285226588029,"Down"
6.61364700065096e-09,-4.58708035967241,0,0.542,0.000508285226588029,"Senp6-208",0.000508285226588029,"Down"
6.61364700065096e-09,-4.62486358161215,0,0.542,0.000508285226588029,"Cdc40-201",0.000508285226588029,"Down"
6.61364700065096e-09,-4.57555167177644,0,0.542,0.000508285226588029,"Tmpo-212",0.000508285226588029,"Down"
6.61364700065096e-09,-4.12440836912859,0,0.542,0.000508285226588029,"Dcp1a-201",0.000508285226588029,"Down"
6.61364700065096e-09,-3.3945756441326,0,0.542,0.000508285226588029,"Arhgef25-210",0.000508285226588029,"Down"
6.61364700065096e-09,-5.37056358730136,0,0.542,0.000508285226588029,"Cpsf2-201",0.000508285226588029,"Down"
6.61364700065096e-09,-5.76650316108185,0,0.542,0.000508285226588029,"Gli2-201",0.000508285226588029,"Down"
6.61364700065096e-09,-4.76326800923446,0,0.542,0.000508285226588029,"Cox5a-201",0.000508285226588029,"Down"
6.61364700065096e-09,-5.90931959617689,0,0.542,0.000508285226588029,"Tril-201",0.000508285226588029,"Down"
6.61364700065096e-09,-3.46593006024264,0,0.542,0.000508285226588029,"Itch-201",0.000508285226588029,"Down"
6.61364700065096e-09,-3.46586781601359,0,0.542,0.000508285226588029,"Itch-202",0.000508285226588029,"Down"
6.61364700065096e-09,-4.35914332430285,0,0.542,0.000508285226588029,"Zfp423-201",0.000508285226588029,"Down"
6.61364700065096e-09,-4.8328690647707,0,0.542,0.000508285226588029,"Ndufa13-201",0.000508285226588029,"Down"
6.61364700065096e-09,-5.43775925618725,0,0.542,0.000508285226588029,"Nkd1-201",0.000508285226588029,"Down"
6.61364700065096e-09,-2.71462913742019,0,0.542,0.000508285226588029,"Rcbtb2-223",0.000508285226588029,"Down"
6.61364700065096e-09,-2.71462913742019,0,0.542,0.000508285226588029,"Rcbtb2-219",0.000508285226588029,"Down"
6.61364700065096e-09,-5.3893433567893,0,0.542,0.000508285226588029,"Tmem167-203",0.000508285226588029,"Down"
6.61364700065096e-09,-4.46492400796551,0,0.542,0.000508285226588029,"Ola1-206",0.000508285226588029,"Down"
6.61364700065096e-09,-3.34595214778875,0,0.542,0.000508285226588029,"Dock7-202",0.000508285226588029,"Down"
6.61364700065096e-09,-3.15967210256779,0,0.542,0.000508285226588029,"Far1-202",0.000508285226588029,"Down"
6.61364700065096e-09,-4.12875931427287,0,0.542,0.000508285226588029,"Rangap1-201",0.000508285226588029,"Down"
6.61364700065096e-09,-4.04137986612283,0,0.542,0.000508285226588029,"Desi1-206",0.000508285226588029,"Down"
6.61364700065096e-09,-5.17551372748156,0,0.542,0.000508285226588029,"Oxct1-201",0.000508285226588029,"Down"
6.61364700065096e-09,-3.17208933608173,0,0.542,0.000508285226588029,"Nfyc-201",0.000508285226588029,"Down"
6.61364700065096e-09,-4.26928720770355,0,0.542,0.000508285226588029,"Smyd2-201",0.000508285226588029,"Down"
6.61364700065096e-09,-4.22793214454148,0,0.542,0.000508285226588029,"Polr2g-201",0.000508285226588029,"Down"
6.61364700065096e-09,-4.05090854662302,0,0.542,0.000508285226588029,"Cfl2-201",0.000508285226588029,"Down"
6.61364700065096e-09,-4.94670215465919,0,0.542,0.000508285226588029,"Idi1-201",0.000508285226588029,"Down"
6.61364700065096e-09,-4.94670215465919,0,0.542,0.000508285226588029,"Idi1-206",0.000508285226588029,"Down"
6.61364700065096e-09,-2.43076671455297,0,0.542,0.000508285226588029,"Atad1-207",0.000508285226588029,"Down"
6.61364700065096e-09,-2.43076671473856,0,0.542,0.000508285226588029,"Atad1-201",0.000508285226588029,"Down"
6.61364700065096e-09,-2.43076671455297,0,0.542,0.000508285226588029,"Atad1-204",0.000508285226588029,"Down"
6.61364700065096e-09,-4.02519026530004,0,0.542,0.000508285226588029,"Slc35a4-201",0.000508285226588029,"Down"
6.61364700065096e-09,-4.60404936724056,0,0.542,0.000508285226588029,"Smarcb1-202",0.000508285226588029,"Down"
6.61364700065096e-09,-4.51232394766574,0,0.542,0.000508285226588029,"Naa35-201",0.000508285226588029,"Down"
6.61364700065096e-09,-3.18249184590222,0,0.542,0.000508285226588029,"Pqbp1-203",0.000508285226588029,"Down"
6.61364700065096e-09,-5.17660148268768,0,0.542,0.000508285226588029,"Eif2b5-201",0.000508285226588029,"Down"
6.61364700065096e-09,-4.42771198783645,0,0.542,0.000508285226588029,"Zpr1-206",0.000508285226588029,"Down"
6.61364700065096e-09,-3.79088903676726,0,0.542,0.000508285226588029,"Otud5-204",0.000508285226588029,"Down"
6.61364700065096e-09,-4.47898508028845,0,0.542,0.000508285226588029,"Kif20a-205",0.000508285226588029,"Down"
6.61364700065096e-09,-4.56602885888903,0,0.542,0.000508285226588029,"Chchd3-201",0.000508285226588029,"Down"
6.61364700065096e-09,-4.56439190526716,0,0.542,0.000508285226588029,"Ndufa10-201",0.000508285226588029,"Down"
6.61364700065096e-09,-4.54458396671777,0,0.542,0.000508285226588029,"Apex1-201",0.000508285226588029,"Down"
6.61364700065096e-09,-4.55941573683637,0,0.542,0.000508285226588029,"Gng5-203",0.000508285226588029,"Down"
6.61364700065096e-09,-4.41838179085839,0,0.542,0.000508285226588029,"Med4-201",0.000508285226588029,"Down"
6.61364700065096e-09,-4.24654435688495,0,0.542,0.000508285226588029,"Dis3-201",0.000508285226588029,"Down"
6.61364700065096e-09,-3.17466133328258,0,0.542,0.000508285226588029,"Ash2l-201",0.000508285226588029,"Down"
6.61364700065096e-09,-4.54871759738051,0,0.542,0.000508285226588029,"Llph-201",0.000508285226588029,"Down"
6.61364700065096e-09,-3.56427527574751,0,0.542,0.000508285226588029,"Tdg-208",0.000508285226588029,"Down"
6.61364700065096e-09,-3.71017641156399,0,0.542,0.000508285226588029,"Ehmt2-202",0.000508285226588029,"Down"
6.61364700065096e-09,-4.91108570061505,0,0.542,0.000508285226588029,"Sgta-201",0.000508285226588029,"Down"
6.61364700065096e-09,-4.25979235617611,0,0.542,0.000508285226588029,"Vps72-201",0.000508285226588029,"Down"
6.61364700065096e-09,-5.00833801971953,0,0.542,0.000508285226588029,"Msh2-201",0.000508285226588029,"Down"
6.61364700065096e-09,-4.96322812073366,0,0.542,0.000508285226588029,"Hnrnpll-203",0.000508285226588029,"Down"
6.61364700065096e-09,-5.34616828117845,0,0.542,0.000508285226588029,"Dhcr24-201",0.000508285226588029,"Down"
6.61364700065096e-09,-3.32386047603141,0,0.542,0.000508285226588029,"Tubgcp2-207",0.000508285226588029,"Down"
6.61364700065096e-09,-4.60545320605527,0,0.542,0.000508285226588029,"Psmb4-201",0.000508285226588029,"Down"
6.61364700065096e-09,-5.585718018258,0,0.542,0.000508285226588029,"Echs1-201",0.000508285226588029,"Down"
6.61364700065096e-09,-4.09623126325708,0,0.542,0.000508285226588029,"Ppp2r5d-201",0.000508285226588029,"Down"
6.61364700065096e-09,-4.76429384368521,0,0.542,0.000508285226588029,"Ecd-201",0.000508285226588029,"Down"
6.61364700065096e-09,-4.10910966201677,0,0.542,0.000508285226588029,"Usp5-202",0.000508285226588029,"Down"
6.61364700065096e-09,-2.75725735623582,0,0.542,0.000508285226588029,"Arhgef40-219",0.000508285226588029,"Down"
6.61364700065096e-09,-5.68821414842483,0,0.542,0.000508285226588029,"Ipo5-203",0.000508285226588029,"Down"
6.61364700065096e-09,-4.25431100041124,0,0.542,0.000508285226588029,"Fxyd6-201",0.000508285226588029,"Down"
6.61364700065096e-09,-3.99483827761085,0,0.542,0.000508285226588029,"Mpdz-201",0.000508285226588029,"Down"
6.61364700065096e-09,-4.04025536237629,0,0.542,0.000508285226588029,"Aamp-201",0.000508285226588029,"Down"
6.61364700065096e-09,-4.92499147494417,0,0.542,0.000508285226588029,"Msi1-208",0.000508285226588029,"Down"
6.61364700065096e-09,-4.65163799629382,0,0.542,0.000508285226588029,"Prmt1-201",0.000508285226588029,"Down"
6.61364700065096e-09,-4.30836045805147,0,0.542,0.000508285226588029,"Celf1-204",0.000508285226588029,"Down"
6.61364700065096e-09,-4.03606247768971,0,0.542,0.000508285226588029,"Nup62-201",0.000508285226588029,"Down"
6.61364700065096e-09,-5.45734861815452,0,0.542,0.000508285226588029,"Cyp51-201",0.000508285226588029,"Down"
6.61364700065096e-09,-3.68261679473122,0,0.542,0.000508285226588029,"Cntrl-212",0.000508285226588029,"Down"
6.61364700065096e-09,-5.90669944417377,0,0.542,0.000508285226588029,"Cbx1-203",0.000508285226588029,"Down"
6.61364700065096e-09,-3.66417922419819,0,0.542,0.000508285226588029,"Slu7-201",0.000508285226588029,"Down"
6.61364700065096e-09,-3.66417922419819,0,0.542,0.000508285226588029,"Slu7-206",0.000508285226588029,"Down"
6.67711615569595e-09,-2.33151467563297,0.023,0.597,0.000513163085029856,"Larp4-201",0.000513163085029856,"Down"
6.67711615569595e-09,-2.33151467563297,0.023,0.597,0.000513163085029856,"Larp4-209",0.000513163085029856,"Down"
6.67711615569595e-09,-2.45760032895902,0.023,0.597,0.000513163085029856,"Med13l-201",0.000513163085029856,"Down"
6.70592127012883e-09,-2.27739729511819,0.114,0.764,0.000515376873294481,"Tcf25-203",0.000515376873294481,"Down"
6.73440287458843e-09,-1.71280182075128,0.045,0.653,0.000517565798523619,"Dr1-201",0.000517565798523619,"Down"
6.73984813481878e-09,-2.55533475986991,0.045,0.639,0.000517984288553362,"Prkacb-202",0.000517984288553362,"Down"
6.83005031278748e-09,-3.90856240840659,0.023,0.583,0.000524916686738969,"Zfp622-201",0.000524916686738969,"Down"
6.84745417784045e-09,-2.43923786148402,0.068,0.667,0.00052625424338375,"Ssr2-201",0.00052625424338375,"Down"
6.93209270757805e-09,-4.57882665285186,0.023,0.569,0.000532759052948203,"Zfp266-202",0.000532759052948203,"Down"
6.94177078984869e-09,-2.28239816317247,0.023,0.597,0.000533502852283031,"Grb2-201",0.000533502852283031,"Down"
6.94177078984869e-09,-2.69578168755605,0.023,0.597,0.000533502852283031,"Trip11-201",0.000533502852283031,"Down"
6.94177078984869e-09,-1.73716302506517,0.023,0.597,0.000533502852283031,"ENSMUST00000381754.1",0.000533502852283031,"Down"
6.94177078984869e-09,-2.01613710585034,0.023,0.597,0.000533502852283031,"Thoc7-201",0.000533502852283031,"Down"
7.10244399487842e-09,-4.03841664882538,0.023,0.583,0.000545851230782386,"Lpp-201",0.000545851230782386,"Down"
7.10244399487842e-09,-3.62975218189031,0.023,0.583,0.000545851230782386,"Shoc2-202",0.000545851230782386,"Down"
7.10244399487842e-09,-3.86172990570157,0.023,0.583,0.000545851230782386,"Tfrc-201",0.000545851230782386,"Down"
7.10244399487842e-09,-3.33638022760391,0.023,0.583,0.000545851230782386,"Rtn3-202",0.000545851230782386,"Down"
7.10244399487842e-09,-3.33638022760391,0.023,0.583,0.000545851230782386,"Rtn3-204",0.000545851230782386,"Down"
7.10244399487842e-09,-2.44161276399912,0.023,0.583,0.000545851230782386,"Phc1-215",0.000545851230782386,"Down"
7.14069719810913e-09,-3.36095973453788,0.045,0.611,0.000548791142463479,"Dync1i2-201",0.000548791142463479,"Down"
7.31591924663389e-09,-2.58416677197416,0.091,0.681,0.000562257657780801,"Srsf6-203",0.000562257657780801,"Down"
7.34292149781662e-09,-3.28747309932143,0.068,0.653,0.000564332888793199,"Eif4g1-205",0.000564332888793199,"Down"
7.35870917209579e-09,-2.6806622465748,0.114,0.694,0.00056554623471225,"Pfn1-201",0.00056554623471225,"Down"
7.4995805064364e-09,-3.78999089963007,0.023,0.569,0.000576372760241663,"Adgrl2-220",0.000576372760241663,"Down"
7.4995805064364e-09,-4.29921574072741,0.023,0.569,0.000576372760241663,"Traf4-201",0.000576372760241663,"Down"
7.51150617865085e-09,-2.7575547211447,0.045,0.625,0.000577289295854033,"Pes1-201",0.000577289295854033,"Down"
7.54055562747944e-09,-3.68186504144322,0.068,0.639,0.000579521862194305,"Hnrnpc-201",0.000579521862194305,"Down"
7.56070868764861e-09,-4.392883665496,0.045,0.597,0.000581070705480546,"Serbp1-203",0.000581070705480546,"Down"
7.67928704899781e-09,-3.32038169632023,0.023,0.583,0.000590183926863678,"Bcl7c-201",0.000590183926863678,"Down"
7.70908130766581e-09,-3.18922803746139,0.045,0.611,0.000592473734819348,"Galnt2-201",0.000592473734819348,"Down"
7.80001648070364e-09,-4.16149454974465,0.023,0.569,0.000599462466607998,"Cachd1-201",0.000599462466607998,"Down"
7.80001648070364e-09,-4.6352464394754,0.023,0.569,0.000599462466607998,"Uaca-201",0.000599462466607998,"Down"
7.80001648070364e-09,-3.63811972151134,0.023,0.569,0.000599462466607998,"Rab11b-206",0.000599462466607998,"Down"
7.98454315234341e-09,-3.84996383980942,0.023,0.583,0.0006136440794302,"Agps-201",0.0006136440794302,"Down"
7.98454315234341e-09,-3.73853491547502,0.023,0.583,0.0006136440794302,"Bcl2l13-201",0.0006136440794302,"Down"
8.04459731252709e-09,2.83267192467132,0.841,0.5,0.000618259481856957,"Fech-208",0.000618259481856957,"Up"
8.07839688883013e-09,-1.75769861365752,0.227,0.847,0.000620857114494151,"Egr1-201",0.000620857114494151,"Down"
8.07929266929752e-09,-2.5718985448705,0.136,0.708,0.000620925958806191,"Csde1-206",0.000620925958806191,"Down"
8.10488734577911e-09,-2.53235186877569,0.045,0.625,0.000622893012072508,"Rbm26-201",0.000622893012072508,"Down"
8.10488734577911e-09,-2.80647183509208,0.045,0.625,0.000622893012072508,"Tmod3-201",0.000622893012072508,"Down"
8.11214241477514e-09,-4.53308948283812,0.023,0.569,0.000623450593145129,"Flnc-202",0.000623450593145129,"Down"
8.11214241477514e-09,-3.24265913740114,0.023,0.569,0.000623450593145129,"Dnajb12-203",0.000623450593145129,"Down"
8.30158457686e-09,-3.26977841960788,0.023,0.583,0.000638009981069999,"Pigt-201",0.000638009981069999,"Down"
8.30158457686e-09,-2.68494567494378,0.023,0.583,0.000638009981069999,"Brpf1-202",0.000638009981069999,"Down"
8.32136179677186e-09,-3.4413786649747,0.045,0.611,0.000639529939529105,"Smad5-201",0.000639529939529105,"Down"
8.41842668827655e-09,-3.02831422834451,0.045,0.625,0.000646989764700806,"Gsk3b-201",0.000646989764700806,"Down"
8.43639898634905e-09,-3.46820994599972,0.023,0.569,0.00064837100769687,"Trappc13-204",0.00064837100769687,"Down"
8.45742563291716e-09,-2.72732526536494,0.045,0.639,0.000649986989592215,"Luzp1-203",0.000649986989592215,"Down"
8.52729507147131e-09,-3.33146981554705,0.068,0.653,0.000655356735422856,"Phlda1-201",0.000655356735422856,"Down"
8.63085213149908e-09,-3.04913046752362,0.023,0.583,0.000663315509714231,"Washc2-206",0.000663315509714231,"Down"
8.63085213149908e-09,-3.16396268444373,0.023,0.583,0.000663315509714231,"Ube2k-201",0.000663315509714231,"Down"
8.64497934036578e-09,-2.94124099558179,0.045,0.611,0.000664401242224472,"Hdac3-201",0.000664401242224472,"Down"
8.68780775012467e-09,-5.71192457864263,0.091,0.639,0.000667692776828081,"Hmgb1-203",0.000667692776828081,"Down"
8.77324291844997e-09,-3.74604921991315,0.023,0.569,0.000674258811254554,"Slc39a7-201",0.000674258811254554,"Down"
8.78232476172965e-09,-2.26746464577149,0.045,0.639,0.00067495678723797,"Kat6b-208",0.00067495678723797,"Down"
8.78232476172965e-09,-2.11086973483619,0.045,0.639,0.00067495678723797,"Pcnt-202",0.00067495678723797,"Down"
8.85125627583218e-09,-2.63424033612866,0.068,0.653,0.000680254449822806,"Gtf2i-203",0.000680254449822806,"Down"
8.97280254951347e-09,-3.17027674081159,0.023,0.583,0.000689595767140308,"Mark3-201",0.000689595767140308,"Down"
8.97280254951347e-09,-3.61077417512351,0.023,0.583,0.000689595767140308,"Pcdhgc3-201",0.000689595767140308,"Down"
8.97280254951347e-09,-3.02868930711999,0.023,0.583,0.000689595767140308,"Gjc1-202",0.000689595767140308,"Down"
8.98081933375586e-09,-3.49826601222326,0.045,0.611,0.000690211889076473,"Gtf2i-210",0.000690211889076473,"Down"
9.08127423312532e-09,-3.14481486463342,0.045,0.625,0.000697932249912613,"Rbbp7-201",0.000697932249912613,"Down"
9.08127423312532e-09,-3.00559514417453,0.045,0.625,0.000697932249912613,"Ppp1cc-202",0.000697932249912613,"Down"
9.12314754158667e-09,-4.31907292591546,0.023,0.569,0.000701150381161102,"Maea-201",0.000701150381161102,"Down"
9.12314754158667e-09,-4.07650264797244,0.023,0.569,0.000701150381161102,"Plekho1-201",0.000701150381161102,"Down"
9.1614798500236e-09,-1.99456870821618,0.045,0.597,0.000704096372393713,"Clasp1-201",0.000704096372393713,"Down"
9.1984760776748e-09,-2.24063867015732,0.068,0.681,0.000706939680473619,"Cdc5l-201",0.000706939680473619,"Down"
9.22033896762358e-09,-2.3713133878725,0.068,0.667,0.000708619931017742,"Rock2-201",0.000708619931017742,"Down"
9.22033896762358e-09,-2.64078446025326,0.068,0.667,0.000708619931017742,"Klhl9-201",0.000708619931017742,"Down"
9.32790904197199e-09,-3.47316966249239,0.023,0.583,0.000716887121511716,"Ythdf1-201",0.000716887121511716,"Down"
9.4314550050019e-09,-3.0465177027819,0.045,0.625,0.000724845042954416,"Cul3-201",0.000724845042954416,"Down"
9.4314550050019e-09,-2.51481233197594,0.045,0.625,0.000724845042954416,"Usp14-201",0.000724845042954416,"Down"
9.48660337477122e-09,-3.55849270493332,0.023,0.569,0.000729083415764668,"Tmem131l-201",0.000729083415764668,"Down"
9.48660337477122e-09,-4.04235829427078,0.023,0.569,0.000729083415764668,"Eif4g1-204",0.000729083415764668,"Down"
9.48660337477122e-09,-3.96613917332538,0.023,0.569,0.000729083415764668,"Chaf1a-203",0.000729083415764668,"Down"
9.69666186969878e-09,-3.63745489172246,0.023,0.583,0.00074522725133383,"Mllt1-201",0.00074522725133383,"Down"
9.7947477831787e-09,-2.83246179967285,0.045,0.625,0.000752765546128416,"Ankhd1-212",0.000752765546128416,"Down"
9.83151617954733e-09,-2.81357524193075,0.045,0.639,0.00075559134446293,"Notch2-201",0.00075559134446293,"Down"
9.89014084672951e-09,-1.86747719844637,0.045,0.597,0.00076009688463455,"Clasp1-218",0.00076009688463455,"Down"
9.9285334949329e-09,-2.51901375920622,0.068,0.667,0.000763047513219573,"Ccnd1-201",0.000763047513219573,"Down"
9.95426290605058e-09,-4.42706602123584,0.023,0.556,0.000765024921381611,"Hnrnpc-207",0.000765024921381611,"Down"
1.0066225133953e-08,-2.99691532169501,0.045,0.611,0.000773629666444825,"Cops6-201",0.000773629666444825,"Down"
1.00795689342191e-08,-3.28568718292446,0.023,0.583,0.000774655190870474,"Mrpl17-202",0.000774655190870474,"Down"
1.00795689342191e-08,-3.32919422151692,0.023,0.583,0.000774655190870474,"Ncoa3-202",0.000774655190870474,"Down"
1.01716280738439e-08,-3.09203116002423,0.045,0.625,0.000781730303987196,"Rnf115-201",0.000781730303987196,"Down"
1.02752937163093e-08,-3.53536276176457,0.045,0.597,0.000789697423273237,"Pds5b-202",0.000789697423273237,"Down"
1.030218360951e-08,-1.9564767306514,0.068,0.667,0.000791764019125278,"Gcn1-201",0.000791764019125278,"Down"
1.04010433482076e-08,-1.81850338700793,0.091,0.736,0.000799361785483144,"Bmpr2-201",0.000799361785483144,"Down"
1.04555872028965e-08,-2.35272827190723,0.045,0.611,0.000803553698891411,"Ttyh3-202",0.000803553698891411,"Down"
1.04771563883143e-08,-3.28597535243515,0.023,0.583,0.000805211377067506,"Ice1-201",0.000805211377067506,"Down"
1.04771563883143e-08,-2.90221093832499,0.023,0.583,0.000805211377067506,"Nf2-205",0.000805211377067506,"Down"
1.0597629986276e-08,-1.45364630011981,0.045,0.639,0.000814470254965255,"Or13a18-203",0.000814470254965255,"Down"
1.06591166135603e-08,-2.89667489065234,0.068,0.653,0.000819195748218563,"Ubr5-201",0.000819195748218563,"Down"
1.06634539036619e-08,-4.02527924577865,0.023,0.569,0.000819529086312031,"Kdm5a-201",0.000819529086312031,"Down"
1.08899692668033e-08,-2.40962575370754,0.023,0.583,0.000836937698030899,"Pabpc4-204",0.000836937698030899,"Down"
1.08899692668033e-08,-2.87154891737916,0.023,0.583,0.000836937698030899,"Llph-202",0.000836937698030899,"Down"
1.08899692668033e-08,-2.79331966586655,0.023,0.583,0.000836937698030899,"Clptm1-205",0.000836937698030899,"Down"
1.09681370246873e-08,-2.96810801231589,0.045,0.625,0.000842945202895321,"Bcar1-203",0.000842945202895321,"Down"
1.09918899030845e-08,-2.37456028252456,0.136,0.722,0.000844770706611658,"Prkar1a-201",0.000844770706611658,"Down"
1.10021397428276e-08,-1.65283470808061,0.045,0.639,0.000845558447795272,"Rnf19a-201",0.000845558447795272,"Down"
1.1061502316213e-08,-2.83096215382565,0.068,0.653,0.000850120699010232,"Cox6c-203",0.000850120699010232,"Down"
1.10863849804032e-08,-3.94788260759999,0.023,0.569,0.000852033031283907,"Txnl1-201",0.000852033031283907,"Down"
1.10898194981779e-08,-3.62563731141775,0.045,0.597,0.000852296987712961,"Tsc22d2-201",0.000852296987712961,"Down"
1.11968686720452e-08,-4.20760268642699,0.023,0.556,0.000860524144921366,"Elavl1-204",0.000860524144921366,"Down"
1.13185721381895e-08,-2.61662122120032,0.023,0.583,0.000869877543108417,"Otud4-202",0.000869877543108417,"Down"
1.13185721381895e-08,-3.25900811283906,0.023,0.583,0.000869877543108417,"Rraga-201",0.000869877543108417,"Down"
1.13185721381895e-08,-3.68981658625881,0.023,0.583,0.000869877543108417,"Uck2-202",0.000869877543108417,"Down"
1.13185721381895e-08,-2.93119229246981,0.023,0.583,0.000869877543108417,"Rif1-201",0.000869877543108417,"Down"
1.13185721381895e-08,-2.48804699535692,0.023,0.583,0.000869877543108417,"Tecr-216",0.000869877543108417,"Down"
1.13185721381895e-08,-2.60626163580286,0.023,0.583,0.000869877543108417,"Clptm1-201",0.000869877543108417,"Down"
1.13185721381895e-08,-3.79945413678366,0.023,0.583,0.000869877543108417,"Thap12-201",0.000869877543108417,"Down"
1.13185721381895e-08,-3.01887594502292,0.023,0.583,0.000869877543108417,"Peg3-204",0.000869877543108417,"Down"
1.1525599423222e-08,-3.82464065504324,0.023,0.569,0.000885788418072303,"BC005537-201",0.000885788418072303,"Down"
1.1525599423222e-08,-3.39721715708309,0.023,0.569,0.000885788418072303,"Las1l-202",0.000885788418072303,"Down"
1.1525599423222e-08,-3.07047024248912,0.023,0.569,0.000885788418072303,"Pias2-203",0.000885788418072303,"Down"
1.1525599423222e-08,-3.58910513090684,0.023,0.569,0.000885788418072303,"Lmnb2-201",0.000885788418072303,"Down"
1.1525599423222e-08,-3.58910513090684,0.023,0.569,0.000885788418072303,"Lmnb2-204",0.000885788418072303,"Down"
1.1525599423222e-08,-3.72975027288231,0.023,0.569,0.000885788418072303,"Cherp-201",0.000885788418072303,"Down"
1.1525599423222e-08,-4.22571379452177,0.023,0.569,0.000885788418072303,"Polr2m-202",0.000885788418072303,"Down"
1.16371762886458e-08,-4.41759590040245,0.068,0.625,0.000894363546487582,"Sparcl1-201",0.000894363546487582,"Down"
1.16436251165229e-08,-4.20181040903906,0.023,0.556,0.000894859164705248,"Trim33-202",0.000894859164705248,"Down"
1.16436251165229e-08,-4.06155942724528,0.023,0.556,0.000894859164705248,"Acaca-202",0.000894859164705248,"Down"
1.16436251165229e-08,-4.06155942724528,0.023,0.556,0.000894859164705248,"Acaca-201",0.000894859164705248,"Down"
1.17135489612115e-08,-2.92375296493674,0.045,0.611,0.000900233091864951,"Akap8-201",0.000900233091864951,"Down"
1.1763549777828e-08,-2.55237536364536,0.023,0.583,0.00090407585462519,"Amd1-201",0.00090407585462519,"Down"
1.1763549777828e-08,-3.18266809711126,0.023,0.583,0.00090407585462519,"Basp1-201",0.00090407585462519,"Down"
1.1763549777828e-08,-2.80771285054641,0.023,0.583,0.00090407585462519,"Cdc73-201",0.00090407585462519,"Down"
1.1763549777828e-08,-2.61096095258557,0.023,0.583,0.00090407585462519,"Trp53-203",0.00090407585462519,"Down"
1.1763549777828e-08,-2.61096095258557,0.023,0.583,0.00090407585462519,"Trp53-201",0.00090407585462519,"Down"
1.1856664358344e-08,-1.545079842359,0.045,0.639,0.00091123208259617,"Ktn1-210",0.00091123208259617,"Down"
1.19669546118634e-08,-2.92573695254639,0.045,0.597,0.000919708329740149,"Cnot2-212",0.000919708329740149,"Down"
1.19817042180225e-08,-3.02898311498831,0.023,0.569,0.000920841895971899,"Fau-205",0.000920841895971899,"Down"
1.19817042180225e-08,-4.30088411951001,0.023,0.569,0.000920841895971899,"Gfpt1-204",0.000920841895971899,"Down"
1.2099860817853e-08,-4.8721821323297,0,0.528,0.000929922703295277,"Rbm22-201",0.000929922703295277,"Down"
1.2099860817853e-08,-3.49017908648773,0,0.528,0.000929922703295277,"Dnm1l-203",0.000929922703295277,"Down"
1.2099860817853e-08,-4.22496549251444,0,0.528,0.000929922703295277,"Rnps1-203",0.000929922703295277,"Down"
1.2099860817853e-08,-4.57248561270638,0,0.528,0.000929922703295277,"Gpc6-202",0.000929922703295277,"Down"
1.2099860817853e-08,-4.49590830068971,0,0.528,0.000929922703295277,"Nsmce3-201",0.000929922703295277,"Down"
1.2099860817853e-08,-4.70386487156483,0,0.528,0.000929922703295277,"Cfap36-201",0.000929922703295277,"Down"
1.2099860817853e-08,-4.93321576144871,0,0.528,0.000929922703295277,"Ccar2-201",0.000929922703295277,"Down"
1.2099860817853e-08,-5.28624186848983,0,0.528,0.000929922703295277,"Psip1-202",0.000929922703295277,"Down"
1.2099860817853e-08,-3.11172988981868,0,0.528,0.000929922703295277,"Tsen34-204",0.000929922703295277,"Down"
1.2099860817853e-08,-4.39772146476979,0,0.528,0.000929922703295277,"Zfp91-201",0.000929922703295277,"Down"
1.2099860817853e-08,-2.53892919655438,0,0.528,0.000929922703295277,"Dmtf1-208",0.000929922703295277,"Down"
1.2099860817853e-08,-2.53892919655438,0,0.528,0.000929922703295277,"Dmtf1-214",0.000929922703295277,"Down"
1.2099860817853e-08,-3.93965452978769,0,0.528,0.000929922703295277,"Llgl1-201",0.000929922703295277,"Down"
1.2099860817853e-08,-4.20870121870519,0,0.528,0.000929922703295277,"Ctr9-201",0.000929922703295277,"Down"
1.2099860817853e-08,-4.44391283159128,0,0.528,0.000929922703295277,"Strn-203",0.000929922703295277,"Down"
1.2099860817853e-08,-4.16900946309442,0,0.528,0.000929922703295277,"Mideas-201",0.000929922703295277,"Down"
1.2099860817853e-08,-5.130612229818,0,0.528,0.000929922703295277,"Kif4-201",0.000929922703295277,"Down"
1.2099860817853e-08,-4.88738539191505,0,0.528,0.000929922703295277,"Sarnp-203",0.000929922703295277,"Down"
1.2099860817853e-08,-3.65666858423373,0,0.528,0.000929922703295277,"Dlg1-209",0.000929922703295277,"Down"
1.2099860817853e-08,-3.50546616478606,0,0.528,0.000929922703295277,"Dlg1-202",0.000929922703295277,"Down"
1.2099860817853e-08,-5.10792499384126,0,0.528,0.000929922703295277,"Smc6-205",0.000929922703295277,"Down"
1.2099860817853e-08,-4.75728574388433,0,0.528,0.000929922703295277,"Wwtr1-202",0.000929922703295277,"Down"
1.2099860817853e-08,-4.64349826651878,0,0.528,0.000929922703295277,"Adsl-201",0.000929922703295277,"Down"
1.2099860817853e-08,-5.42174639633892,0,0.528,0.000929922703295277,"Phf5a-201",0.000929922703295277,"Down"
1.2099860817853e-08,-3.15521478393049,0,0.528,0.000929922703295277,"Nfyc-203",0.000929922703295277,"Down"
1.2099860817853e-08,-3.15521478393049,0,0.528,0.000929922703295277,"Nfyc-204",0.000929922703295277,"Down"
1.2099860817853e-08,-4.5047725746058,0,0.528,0.000929922703295277,"Puf60-202",0.000929922703295277,"Down"
1.2099860817853e-08,-5.14184570923384,0,0.528,0.000929922703295277,"Ndufb11-201",0.000929922703295277,"Down"
1.2099860817853e-08,-4.57522953154744,0,0.528,0.000929922703295277,"Usp11-201",0.000929922703295277,"Down"
1.2099860817853e-08,-4.59659250310254,0,0.528,0.000929922703295277,"Ptch1-201",0.000929922703295277,"Down"
1.2099860817853e-08,-5.80158710550504,0,0.528,0.000929922703295277,"Mrps15-201",0.000929922703295277,"Down"
1.2099860817853e-08,-5.31787298670027,0,0.528,0.000929922703295277,"Pgm1-201",0.000929922703295277,"Down"
1.2099860817853e-08,-4.38201615854425,0,0.528,0.000929922703295277,"Suz12-206",0.000929922703295277,"Down"
1.2099860817853e-08,-3.57898864475806,0,0.528,0.000929922703295277,"Zbtb21-203",0.000929922703295277,"Down"
1.2099860817853e-08,-4.68389606579863,0,0.528,0.000929922703295277,"Dpp8-208",0.000929922703295277,"Down"
1.2099860817853e-08,-4.85695980659239,0,0.528,0.000929922703295277,"B230219D22Rik-201",0.000929922703295277,"Down"
1.2099860817853e-08,-4.20560055497613,0,0.528,0.000929922703295277,"Pafah1b3-201",0.000929922703295277,"Down"
1.2099860817853e-08,-3.33851382084693,0,0.528,0.000929922703295277,"Ndufs7-202",0.000929922703295277,"Down"
1.2099860817853e-08,-3.33851382084693,0,0.528,0.000929922703295277,"Ndufs7-206",0.000929922703295277,"Down"
1.2099860817853e-08,-3.33851382084693,0,0.528,0.000929922703295277,"Ndufs7-201",0.000929922703295277,"Down"
1.2099860817853e-08,-4.17074595276549,0,0.528,0.000929922703295277,"Pgls-201",0.000929922703295277,"Down"
1.2099860817853e-08,-4.1387076732798,0,0.528,0.000929922703295277,"Ldb1-206",0.000929922703295277,"Down"
1.2099860817853e-08,-4.46539995720613,0,0.528,0.000929922703295277,"Nolc1-209",0.000929922703295277,"Down"
1.2099860817853e-08,-4.46539995720613,0,0.528,0.000929922703295277,"Nolc1-202",0.000929922703295277,"Down"
1.2099860817853e-08,-3.08630180486947,0,0.528,0.000929922703295277,"Cuedc2-211",0.000929922703295277,"Down"
1.2099860817853e-08,-3.67313930351044,0,0.528,0.000929922703295277,"Ehmt2-203",0.000929922703295277,"Down"
1.2099860817853e-08,-4.65423721406317,0,0.528,0.000929922703295277,"Sars-201",0.000929922703295277,"Down"
1.2099860817853e-08,-4.33969622072678,0,0.528,0.000929922703295277,"Sltm-208",0.000929922703295277,"Down"
1.2099860817853e-08,-4.85355937671678,0,0.528,0.000929922703295277,"Mrpl54-201",0.000929922703295277,"Down"
1.2099860817853e-08,-3.81811367720316,0,0.528,0.000929922703295277,"Prpf3-201",0.000929922703295277,"Down"
1.2099860817853e-08,-3.81811367720316,0,0.528,0.000929922703295277,"Prpf3-207",0.000929922703295277,"Down"
1.2099860817853e-08,-4.64956155519705,0,0.528,0.000929922703295277,"Nrbp1-201",0.000929922703295277,"Down"
1.2099860817853e-08,-4.15718652233646,0,0.528,0.000929922703295277,"Hmga1-213",0.000929922703295277,"Down"
1.2099860817853e-08,-3.93850685272175,0,0.528,0.000929922703295277,"Usp48-205",0.000929922703295277,"Down"
1.2099860817853e-08,-4.82581079843487,0,0.528,0.000929922703295277,"Rnf126-201",0.000929922703295277,"Down"
1.2099860817853e-08,-3.73614870537969,0,0.528,0.000929922703295277,"Fnta-201",0.000929922703295277,"Down"
1.2099860817853e-08,-3.76976894294529,0,0.528,0.000929922703295277,"Ubn1-201",0.000929922703295277,"Down"
1.2099860817853e-08,-4.79627957739087,0,0.528,0.000929922703295277,"Ssu72-201",0.000929922703295277,"Down"
1.2099860817853e-08,-6.53329143946234,0,0.528,0.000929922703295277,"H2ac24-201",0.000929922703295277,"Down"
1.2099860817853e-08,-4.60964483114639,0,0.528,0.000929922703295277,"Ufc1-201",0.000929922703295277,"Down"
1.2099860817853e-08,-4.6626402423539,0,0.528,0.000929922703295277,"Sh3gl1-201",0.000929922703295277,"Down"
1.2099860817853e-08,-6.20156476166492,0,0.528,0.000929922703295277,"H2bc14-201",0.000929922703295277,"Down"
1.2099860817853e-08,-4.67274358756764,0,0.528,0.000929922703295277,"Uhrf1-203",0.000929922703295277,"Down"
1.2099860817853e-08,-5.27746612732189,0,0.528,0.000929922703295277,"Txn1-201",0.000929922703295277,"Down"
1.2099860817853e-08,-4.99966638615104,0,0.528,0.000929922703295277,"Txndc17-201",0.000929922703295277,"Down"
1.2099860817853e-08,-3.99707676829275,0,0.528,0.000929922703295277,"Ppp2r5d-204",0.000929922703295277,"Down"
1.2099860817853e-08,-4.17162434450495,0,0.528,0.000929922703295277,"Usp37-205",0.000929922703295277,"Down"
1.2099860817853e-08,-4.69216568542678,0,0.528,0.000929922703295277,"Nfyb-204",0.000929922703295277,"Down"
1.2099860817853e-08,-3.69055759175496,0,0.528,0.000929922703295277,"Auts2-212",0.000929922703295277,"Down"
1.2099860817853e-08,-3.90106415976662,0,0.528,0.000929922703295277,"Nptn-201",0.000929922703295277,"Down"
1.2099860817853e-08,-3.6782267283065,0,0.528,0.000929922703295277,"Arpp19-211",0.000929922703295277,"Down"
1.2099860817853e-08,-2.7876636745221,0,0.528,0.000929922703295277,"Celf1-205",0.000929922703295277,"Down"
1.2099860817853e-08,-4.56113373890766,0,0.528,0.000929922703295277,"Dchs1-201",0.000929922703295277,"Down"
1.2099860817853e-08,-4.47420602708068,0,0.528,0.000929922703295277,"Uqcr10-201",0.000929922703295277,"Down"
1.2099860817853e-08,-3.8361091302749,0,0.528,0.000929922703295277,"Nelfcd-202",0.000929922703295277,"Down"
1.2099860817853e-08,-2.93255858078964,0,0.528,0.000929922703295277,"Kdm2b-202",0.000929922703295277,"Down"
1.2099860817853e-08,-3.87001105756874,0,0.528,0.000929922703295277,"Phactr4-203",0.000929922703295277,"Down"
1.2099860817853e-08,-3.86942280669922,0,0.528,0.000929922703295277,"Rbm7-204",0.000929922703295277,"Down"
1.2099860817853e-08,-4.61039208332352,0,0.528,0.000929922703295277,"Bmi1-201",0.000929922703295277,"Down"
1.2099860817853e-08,-2.79514598304592,0,0.528,0.000929922703295277,"Dnajc7-213",0.000929922703295277,"Down"
1.2099860817853e-08,-3.58699824814089,0,0.528,0.000929922703295277,"Nt5c3b-202",0.000929922703295277,"Down"
1.2099860817853e-08,-5.48932042360707,0,0.528,0.000929922703295277,"Bmp7-201",0.000929922703295277,"Down"
1.22255078632896e-08,-3.34239984304556,0.023,0.583,0.000939579181325257,"Sart1-201",0.000939579181325257,"Down"
1.22255078632896e-08,-2.87828775700221,0.023,0.583,0.000939579181325257,"Ncapd2-201",0.000939579181325257,"Down"
1.2277682292096e-08,-3.02171171244168,0.045,0.625,0.000943588994876749,"Zfp407-202",0.000943588994876749,"Down"
1.26133052159754e-08,-4.31795738497717,0.045,0.583,0.000969382959068575,"Ptpn13-201",0.000969382959068575,"Down"
1.26326404721337e-08,-2.08556961222257,0.045,0.611,0.000970868950845366,"Taf1d-203",0.000970868950845366,"Down"
1.26326404721337e-08,-3.3924060712473,0.045,0.611,0.000970868950845366,"Actr2-201",0.000970868950845366,"Down"
1.26326404721337e-08,-3.27058066258183,0.045,0.611,0.000970868950845366,"Acly-201",0.000970868950845366,"Down"
1.26888606658696e-08,-2.94021227319942,0.114,0.694,0.000975189697614741,"Serbp1-201",0.000975189697614741,"Down"
1.27050736926177e-08,-1.92236564606366,0.023,0.583,0.000976435733572441,"Thoc7-202",0.000976435733572441,"Down"
1.27050736926177e-08,-2.00030842492651,0.023,0.583,0.000976435733572441,"Thoc7-210",0.000976435733572441,"Down"
1.27050736926177e-08,-1.99709483462176,0.023,0.583,0.000976435733572441,"Trpm7-201",0.000976435733572441,"Down"
1.29113528942846e-08,-3.24402580753514,0.045,0.597,0.000992289115337349,"Rbmx-203",0.000992289115337349,"Down"
1.29471227459003e-08,-3.92593086043468,0.023,0.569,0.000995038171513423,"Atic-201",0.000995038171513423,"Down"
1.31180909138446e-08,-2.9238035304001,0.045,0.611,0.00100817775909261,"Pum1-202",0.00100817775909261,"Down"
1.31180909138446e-08,-2.60277902604938,0.045,0.611,0.00100817775909261,"Rlf-201",0.00100817775909261,"Down"
1.31180909138446e-08,-3.41593069975118,0.045,0.611,0.00100817775909261,"Atp1b3-201",0.00100817775909261,"Down"
1.31180909138446e-08,-3.17069662264069,0.045,0.611,0.00100817775909261,"Larp1-203",0.00100817775909261,"Down"
1.32018312377629e-08,-2.28438893410362,0.068,0.639,0.00101461353794703,"Midn-201",0.00101461353794703,"Down"
1.32338244886945e-08,-2.44309755052586,0.045,0.625,0.00101707234725413,"Plcg1-203",0.00101707234725413,"Down"
1.32338244886945e-08,-2.57651845838026,0.045,0.625,0.00101707234725413,"Gramd1a-205",0.00101707234725413,"Down"
1.32338244886945e-08,-1.90286137886361,0.045,0.625,0.00101707234725413,"Xpo7-202",0.00101707234725413,"Down"
1.34103205982799e-08,-3.71415916333556,0.045,0.597,0.0010306367792602,"Foxp4-201",0.0010306367792602,"Down"
1.34577626800339e-08,-2.98782606133842,0.023,0.569,0.00103428289301133,"Ddx39a-201",0.00103428289301133,"Down"
1.34577626800339e-08,-3.0631414680555,0.023,0.569,0.00103428289301133,"Ddx39a-202",0.00103428289301133,"Down"
1.36102816937285e-08,-4.98699861804277,0.023,0.556,0.00104600458928981,"Tubb2b-201",0.00104600458928981,"Down"
1.36216460645006e-08,-3.17252855806949,0.045,0.611,0.00104687798664113,"Tgfbr1-201",0.00104687798664113,"Down"
1.38256181112014e-08,-2.45704249710867,0.068,0.667,0.00106255405431827,"Nes-203",0.00106255405431827,"Down"
1.39280015943248e-08,-3.26653718433012,0.045,0.597,0.00107042263453024,"Naa50-201",0.00107042263453024,"Down"
1.39280015943248e-08,-3.45008241369841,0.045,0.597,0.00107042263453024,"Mtx2-201",0.00107042263453024,"Down"
1.39879469543549e-08,-3.92628727369201,0.023,0.569,0.00107502967522999,"Ireb2-201",0.00107502967522999,"Down"
1.41347548332952e-08,-3.06260080021372,0.091,0.681,0.00108631244795807,"Yap1-202",0.00108631244795807,"Down"
1.41347548332952e-08,-2.09763100688943,0.091,0.681,0.00108631244795807,"Lasp1-201",0.00108631244795807,"Down"
1.41439594611683e-08,-3.05948828157876,0.045,0.611,0.00108701986042863,"Cpd-201",0.00108701986042863,"Down"
1.41439594611683e-08,-1.63859433963585,0.045,0.611,0.00108701986042863,"Dap3-201",0.00108701986042863,"Down"
1.41502769191931e-08,-4.15903732973408,0.023,0.556,0.00108750538234767,"Rsrc2-219",0.00108750538234767,"Down"
1.42621498886192e-08,-2.91891856336176,0.045,0.625,0.00109610326753994,"Dhx8-201",0.00109610326753994,"Down"
1.42621498886192e-08,-3.07415597435272,0.045,0.625,0.00109610326753994,"Atp5g3-201",0.00109610326753994,"Down"
1.42621498886192e-08,-3.11314206586211,0.068,0.611,0.00109610326753994,"Sp3-201",0.00109610326753994,"Down"
1.44650751454671e-08,-3.4835900477455,0.045,0.597,0.00111169888522973,"Sh3bgrl-201",0.00111169888522973,"Down"
1.45383995438888e-08,-3.94426549585595,0.023,0.569,0.00111733415854603,"Tob1-201",0.00111733415854603,"Down"
1.47110613363e-08,-4.57696363374028,0.023,0.556,0.00113060390794,"Tcf12-201",0.00113060390794,"Down"
1.48750093109116e-08,-2.15134172879742,0.068,0.667,0.0011432039655808,"Btg1-201",0.0011432039655808,"Down"
1.51098702940551e-08,-3.84744116707202,0.023,0.569,0.00116125397157931,"Dcp2-201",0.00116125397157931,"Down"
1.51098702940551e-08,-4.08451345328466,0.023,0.569,0.00116125397157931,"Ndufa12-201",0.00116125397157931,"Down"
1.51098702940551e-08,-4.08451345328466,0.023,0.569,0.00116125397157931,"Ndufa12-204",0.00116125397157931,"Down"
1.51098702940551e-08,-3.22424423643793,0.023,0.569,0.00116125397157931,"Pdcd5-201",0.00116125397157931,"Down"
1.51878105505776e-08,-1.79829740127479,0.091,0.708,0.00116724399205409,"Ranbp2-201",0.00116724399205409,"Down"
1.53056315147207e-08,-2.98560315208801,0.068,0.639,0.00117629900443235,"Nrip1-202",0.00117629900443235,"Down"
1.53679265306238e-08,-2.3186129855871,0.045,0.625,0.00118108662558456,"Myo9a-205",0.00118108662558456,"Down"
1.53679265306238e-08,-2.37642478453622,0.045,0.625,0.00118108662558456,"Dennd2a-201",0.00118108662558456,"Down"
1.53679265306238e-08,-2.15232884482927,0.045,0.625,0.00118108662558456,"Pcnt-201",0.00118108662558456,"Down"
1.54132789361128e-08,-2.79101249990124,0.068,0.653,0.00118457213935601,"Slc38a4-201",0.00118457213935601,"Down"
1.54132789361128e-08,-2.14769726157165,0.068,0.653,0.00118457213935601,"Serp1-201",0.00118457213935601,"Down"
1.57372737793207e-08,-2.42015704775557,0.341,0.847,0.00120947243903591,"Ubc-202",0.00120947243903591,"Down"
1.58981236730039e-08,-4.22230260920918,0.023,0.556,0.00122183439676504,"Tcaf1-201",0.00122183439676504,"Down"
1.58981236730039e-08,-3.31631628918252,0.023,0.556,0.00122183439676504,"Trappc13-202",0.00122183439676504,"Down"
1.59516059428624e-08,-2.59128322214699,0.045,0.625,0.00122594472313275,"Usp47-206",0.00122594472313275,"Down"
1.59889570414471e-08,-2.63312180787206,0.068,0.653,0.00122881530446338,"Jmjd1c-201",0.00122881530446338,"Down"
1.60016032501342e-08,-2.00036003032253,0.068,0.667,0.00122978721618581,"Ppp6r3-202",0.00122978721618581,"Down"
1.60016032501342e-08,-1.41236940305203,0.068,0.667,0.00122978721618581,"Mga-204",0.00122978721618581,"Down"
1.60016032501342e-08,-2.90140889588581,0.091,0.653,0.00122978721618581,"Glo1-201",0.00122978721618581,"Down"
1.61998053745335e-08,-5.27378410770212,0.068,0.583,0.0012450198422544,"Chd4-203",0.0012450198422544,"Down"
1.63190003680995e-08,-3.53572817997481,0.023,0.569,0.00125418045428992,"Srek1-204",0.00125418045428992,"Down"
1.63190003680995e-08,-3.73060050419055,0.023,0.569,0.00125418045428992,"Mbd3-201",0.00125418045428992,"Down"
1.63190003680995e-08,-2.80440856814655,0.023,0.569,0.00125418045428992,"Mrpl23-201",0.00125418045428992,"Down"
1.63190003680995e-08,-2.80440856803893,0.023,0.569,0.00125418045428992,"Mrpl23-ps1-201",0.00125418045428992,"Down"
1.6464231719357e-08,-4.71065785231347,0.045,0.583,0.00126534206455946,"Cald1-205",0.00126534206455946,"Down"
1.65260350984472e-08,-4.49935187623624,0.023,0.556,0.00127009190145606,"Insig1-201",0.00127009190145606,"Down"
1.6556792870283e-08,-2.32741339103424,0.045,0.625,0.00127245575925273,"Luzp1-207",0.00127245575925273,"Down"
1.6768879525231e-08,-1.87320250722239,0.091,0.722,0.0012887554670321,"Mmp2-201",0.0012887554670321,"Down"
1.69582968749478e-08,-3.02762982603575,0.023,0.569,0.00130331294802724,"Ctdspl2-201",0.00130331294802724,"Down"
1.69582968749478e-08,-3.00302193490975,0.023,0.569,0.00130331294802724,"Nsd3-203",0.00130331294802724,"Down"
1.70614104522506e-08,-3.1988026084489,0.045,0.611,0.00131123763889726,"Tubb6-201",0.00131123763889726,"Down"
1.71001485963504e-08,-2.60672285882518,0.045,0.583,0.00131421482022391,"Pard3-219",0.00131421482022391,"Down"
1.71001485963504e-08,-2.60672285882518,0.045,0.583,0.00131421482022391,"Pard3-209",0.00131421482022391,"Down"
1.71001485963504e-08,-3.81868267325397,0.045,0.583,0.00131421482022391,"Rrp1-206",0.00131421482022391,"Down"
1.71842540967786e-08,-2.42736907182281,0.045,0.625,0.00132067866435382,"Mtor-202",0.00132067866435382,"Down"
1.71842540967786e-08,-2.49893609562406,0.045,0.625,0.00132067866435382,"Usp47-202",0.00132067866435382,"Down"
1.71842540967786e-08,-3.45228584648698,0.068,0.611,0.00132067866435382,"Trrap-215",0.00132067866435382,"Down"
1.76218878340879e-08,-3.45290891450195,0.023,0.569,0.00135431256760099,"Htatsf1-201",0.00135431256760099,"Down"
1.77336069495076e-08,-3.60895708726364,0.068,0.639,0.00136289862849746,"Akap12-201",0.00136289862849746,"Down"
1.77598917294777e-08,-1.96470077329612,0.045,0.583,0.00136491871897728,"Clasp1-206",0.00136491871897728,"Down"
1.77645606013181e-08,-2.61277414584587,0.136,0.708,0.0013652775404537,"Pkn2-201",0.0013652775404537,"Down"
1.7854924165146e-08,-3.84294844719795,0.023,0.556,0.00137222234178813,"Mon2-202",0.00137222234178813,"Down"
1.79287188317052e-08,-4.33649419750636,0.045,0.569,0.00137789375709187,"Pttg1ip-201",0.00137789375709187,"Down"
1.79448375238351e-08,-5.28440522605097,0.023,0.542,0.00137913254305682,"Fubp1-219",0.00137913254305682,"Down"
1.81358988760112e-08,-3.10734948030288,0.045,0.597,0.00139381637221697,"Prpf6-203",0.00139381637221697,"Down"
1.81358988760112e-08,-3.10734948030288,0.045,0.597,0.00139381637221697,"Prpf6-201",0.00139381637221697,"Down"
1.81729685847281e-08,-3.31596236433671,0.091,0.639,0.0013966653276107,"Macf1-203",0.0013966653276107,"Down"
1.83106663621234e-08,-2.90270334534225,0.023,0.569,0.00140724795259463,"Cblb-201",0.00140724795259463,"Down"
1.83106663621234e-08,-2.99835083214823,0.023,0.569,0.00140724795259463,"Net1-202",0.00140724795259463,"Down"
1.83106663621234e-08,-3.20793601401339,0.023,0.569,0.00140724795259463,"Tln2-202",0.00140724795259463,"Down"
1.83852579165888e-08,-2.95564896218753,0.045,0.611,0.00141298061192151,"Epb41l2-201",0.00141298061192151,"Down"
1.83852579165888e-08,-2.95564896218753,0.045,0.611,0.00141298061192151,"Epb41l2-202",0.00141298061192151,"Down"
1.83852579165888e-08,-2.7717325300959,0.045,0.611,0.00141298061192151,"Tns3-206",0.00141298061192151,"Down"
1.83852579165888e-08,-2.7717325300959,0.045,0.611,0.00141298061192151,"Tns3-201",0.00141298061192151,"Down"
1.8557717168454e-08,-4.32741615693807,0.023,0.556,0.00142623479526436,"Tars-201",0.00142623479526436,"Down"
1.86241831046926e-08,-4.34027991233242,0.045,0.569,0.00143134296832805,"Immt-201",0.00143134296832805,"Down"
1.90255572307939e-08,-2.8846247323007,0.023,0.569,0.00146219017541543,"Amot-202",0.00146219017541543,"Down"
1.90840620192549e-08,-2.85688752314747,0.045,0.611,0.00146668650242782,"Dcaf8-206",0.00146668650242782,"Down"
1.92873402695566e-08,-3.72019586446625,0.023,0.556,0.0014823092490765,"Bex3-204",0.0014823092490765,"Down"
1.92873402695566e-08,-3.30230457474703,0.023,0.556,0.0014823092490765,"Slc4a7-201",0.0014823092490765,"Down"
1.92873402695566e-08,-3.41827200339239,0.023,0.556,0.0014823092490765,"Ube3a-201",0.0014823092490765,"Down"
1.92873402695566e-08,-3.98979368731223,0.023,0.556,0.0014823092490765,"Ankrd13a-201",0.0014823092490765,"Down"
1.95495382959395e-08,-2.88972818840066,0.045,0.597,0.00150246021619613,"Gspt1-201",0.00150246021619613,"Down"
1.97675179441709e-08,-3.16582731217867,0.023,0.569,0.00151921282408131,"Snx6-201",0.00151921282408131,"Down"
1.97960468377889e-08,-3.08358294140263,0.068,0.639,0.00152140538367143,"Pspc1-202",0.00152140538367143,"Down"
1.98086270894746e-08,-2.64793630932891,0.045,0.611,0.00152237222633448,"Srpk2-201",0.00152237222633448,"Down"
1.98086270894746e-08,-3.29687406931485,0.045,0.611,0.00152237222633448,"Ckap4-201",0.00152237222633448,"Down"
1.99075798249377e-08,-2.57832136135442,0.068,0.653,0.00152997713986576,"Dot1l-201",0.00152997713986576,"Down"
2.00447841403991e-08,-4.49645076980666,0.023,0.556,0.00154052184032623,"Hmga2-203",0.00154052184032623,"Down"
2.05087296392058e-08,-1.05249453595358,0.068,0.681,0.00157617790769153,"Bdp1-201",0.00157617790769153,"Down"
2.0537539850856e-08,-2.12631173509573,0.023,0.569,0.00157839208769769,"Pabpc4-203",0.00157839208769769,"Down"
2.0537539850856e-08,-2.73427528287989,0.023,0.569,0.00157839208769769,"Fads1-201",0.00157839208769769,"Down"
2.0537539850856e-08,-2.91880845675729,0.023,0.569,0.00157839208769769,"Hgs-202",0.00157839208769769,"Down"
2.0537539850856e-08,-2.52165841318739,0.023,0.569,0.00157839208769769,"Clip1-205",0.00157839208769769,"Down"
2.05598716181592e-08,-2.1948907945422,0.045,0.611,0.00158010837334201,"Pum2-203",0.00158010837334201,"Down"
2.06844069892502e-08,-1.8862626915401,0.045,0.625,0.00158967941475184,"Wwtr1-201",0.00158967941475184,"Down"
2.09599651170012e-08,-4.29484036512884,0.023,0.542,0.00161085715910201,"Srsf11-213",0.00161085715910201,"Down"
2.09599651170012e-08,-3.94857228191447,0.023,0.542,0.00161085715910201,"Ipo9-206",0.00161085715910201,"Down"
2.13366492922635e-08,-2.58367674540985,0.023,0.569,0.00163980684470762,"Fdft1-204",0.00163980684470762,"Down"
2.13366492922635e-08,-3.02491640840152,0.023,0.569,0.00163980684470762,"Ranbp1-201",0.00163980684470762,"Down"
2.13366492922635e-08,-3.10450373350426,0.023,0.569,0.00163980684470762,"Nmt1-201",0.00163980684470762,"Down"
2.13387456616471e-08,-2.40652991907831,0.045,0.611,0.00163996795908023,"Setd1a-201",0.00163996795908023,"Down"
2.13387456616471e-08,-2.40652991907831,0.045,0.611,0.00163996795908023,"Setd1a-202",0.00163996795908023,"Down"
2.14631552148995e-08,-1.88400265637923,0.045,0.625,0.00164952933088589,"Bdp1-204",0.00164952933088589,"Down"
2.14631552148995e-08,-2.16964100748418,0.045,0.625,0.00164952933088589,"Tmem248-202",0.00164952933088589,"Down"
2.16466817479125e-08,-2.82655443107113,0.091,0.667,0.00166363407905406,"Golgb1-203",0.00166363407905406,"Down"
2.16472743792754e-08,-4.45116162905171,0.023,0.556,0.00166367962514483,"Tbc1d15-201",0.00166367962514483,"Down"
2.18725538447756e-08,-3.0592039627265,0.045,0.597,0.00168099325318638,"Poldip3-201",0.00168099325318638,"Down"
2.18999227837844e-08,-3.1546354114178,0.432,0.986,0.00168309666562497,"Actg1-204",0.00168309666562497,"Down"
2.19243297391304e-08,-3.35890348635167,0,0.514,0.00168497243777113,"Dnm1l-201",0.00168497243777113,"Down"
2.19243297391304e-08,-3.66483570027879,0,0.514,0.00168497243777113,"Dnm1l-202",0.00168497243777113,"Down"
2.19243297391304e-08,-3.83809090499059,0,0.514,0.00168497243777113,"Cyrib-201",0.00168497243777113,"Down"
2.19243297391304e-08,-4.15454834048614,0,0.514,0.00168497243777113,"Tsen15-204",0.00168497243777113,"Down"
2.19243297391304e-08,-4.70096251252346,0,0.514,0.00168497243777113,"Hddc2-201",0.00168497243777113,"Down"
2.19243297391304e-08,-4.04254723292392,0,0.514,0.00168497243777113,"Dcps-201",0.00168497243777113,"Down"
2.19243297391304e-08,-4.69548224172033,0,0.514,0.00168497243777113,"Atxn2l-203",0.00168497243777113,"Down"
2.19243297391304e-08,-4.41933694034276,0,0.514,0.00168497243777113,"Rpp30-201",0.00168497243777113,"Down"
2.19243297391304e-08,-2.35573810183832,0,0.514,0.00168497243777113,"Arhgef25-201",0.00168497243777113,"Down"
2.19243297391304e-08,-2.35573810183832,0,0.514,0.00168497243777113,"Arhgef25-202",0.00168497243777113,"Down"
2.19243297391304e-08,-5.16562881782223,0,0.514,0.00168497243777113,"Dap-201",0.00168497243777113,"Down"
2.19243297391304e-08,-3.06822186318364,0,0.514,0.00168497243777113,"R3hdm2-203",0.00168497243777113,"Down"
2.19243297391304e-08,-2.81416379345623,0,0.514,0.00168497243777113,"Eci2-211",0.00168497243777113,"Down"
2.19243297391304e-08,-2.81416379345623,0,0.514,0.00168497243777113,"Eci2-201",0.00168497243777113,"Down"
2.19243297391304e-08,-2.81416379345623,0,0.514,0.00168497243777113,"Eci2-203",0.00168497243777113,"Down"
2.19243297391304e-08,-2.81416379345623,0,0.514,0.00168497243777113,"Eci2-213",0.00168497243777113,"Down"
2.19243297391304e-08,-5.60269013670202,0,0.514,0.00168497243777113,"Robo1-201",0.00168497243777113,"Down"
2.19243297391304e-08,-3.10594646486439,0,0.514,0.00168497243777113,"Brcc3-201",0.00168497243777113,"Down"
2.19243297391304e-08,-4.83327935104146,0,0.514,0.00168497243777113,"Nop14-201",0.00168497243777113,"Down"
2.19243297391304e-08,-3.8677730358604,0,0.514,0.00168497243777113,"Llgl1-202",0.00168497243777113,"Down"
2.19243297391304e-08,-4.51365262721636,0,0.514,0.00168497243777113,"Itm2c-201",0.00168497243777113,"Down"
2.19243297391304e-08,-3.94125402833593,0,0.514,0.00168497243777113,"Tmem11-201",0.00168497243777113,"Down"
2.19243297391304e-08,-4.22959258330299,0,0.514,0.00168497243777113,"Zfp423-203",0.00168497243777113,"Down"
2.19243297391304e-08,-4.07340711585163,0,0.514,0.00168497243777113,"Cnpy2-201",0.00168497243777113,"Down"
2.19243297391304e-08,-3.98212718271148,0,0.514,0.00168497243777113,"Opa1-206",0.00168497243777113,"Down"
2.19243297391304e-08,-4.42862812726027,0,0.514,0.00168497243777113,"Tgif2-202",0.00168497243777113,"Down"
2.19243297391304e-08,-4.06842745507667,0,0.514,0.00168497243777113,"Asxl3-204",0.00168497243777113,"Down"
2.19243297391304e-08,-4.06733216826209,0,0.514,0.00168497243777113,"Asxl3-202",0.00168497243777113,"Down"
2.19243297391304e-08,-5.91142444957417,0,0.514,0.00168497243777113,"H3c11-201",0.00168497243777113,"Down"
2.19243297391304e-08,-2.42839116724647,0,0.514,0.00168497243777113,"Ambra1-204",0.00168497243777113,"Down"
2.19243297391304e-08,-4.51811292028168,0,0.514,0.00168497243777113,"Pmpcb-201",0.00168497243777113,"Down"
2.19243297391304e-08,-5.35097409027221,0,0.514,0.00168497243777113,"Clspn-201",0.00168497243777113,"Down"
2.19243297391304e-08,-4.76172898105475,0,0.514,0.00168497243777113,"Cdc25a-201",0.00168497243777113,"Down"
2.19243297391304e-08,-4.14137656636643,0,0.514,0.00168497243777113,"Agap1-201",0.00168497243777113,"Down"
2.19243297391304e-08,-3.01785448188089,0,0.514,0.00168497243777113,"Rnf214-211",0.00168497243777113,"Down"
2.19243297391304e-08,-2.98344244788307,0,0.514,0.00168497243777113,"Rnf214-205",0.00168497243777113,"Down"
2.19243297391304e-08,-4.33514289395272,0,0.514,0.00168497243777113,"Skp1-203",0.00168497243777113,"Down"
2.19243297391304e-08,-4.20528331846468,0,0.514,0.00168497243777113,"Grsf1-202",0.00168497243777113,"Down"
2.19243297391304e-08,-4.03044432592234,0,0.514,0.00168497243777113,"Bub3-203",0.00168497243777113,"Down"
2.19243297391304e-08,-4.4969829203032,0,0.514,0.00168497243777113,"Dpp8-201",0.00168497243777113,"Down"
2.19243297391304e-08,-4.83131761369882,0,0.514,0.00168497243777113,"Cand2-201",0.00168497243777113,"Down"
2.19243297391304e-08,-4.22191857301488,0,0.514,0.00168497243777113,"Asph-212",0.00168497243777113,"Down"
2.19243297391304e-08,-3.68018356591858,0,0.514,0.00168497243777113,"Srp19-201",0.00168497243777113,"Down"
2.19243297391304e-08,-5.13281253455925,0,0.514,0.00168497243777113,"Ciao2a-201",0.00168497243777113,"Down"
2.19243297391304e-08,-3.14304011545518,0,0.514,0.00168497243777113,"Pigt-205",0.00168497243777113,"Down"
2.19243297391304e-08,-4.67796293499951,0,0.514,0.00168497243777113,"Mrpl34-201",0.00168497243777113,"Down"
2.19243297391304e-08,-3.18612592635054,0,0.514,0.00168497243777113,"Tbc1d1-203",0.00168497243777113,"Down"
2.19243297391304e-08,-4.09765808310124,0,0.514,0.00168497243777113,"Ldb1-207",0.00168497243777113,"Down"
2.19243297391304e-08,-4.19293335378362,0,0.514,0.00168497243777113,"Ldb1-202",0.00168497243777113,"Down"
2.19243297391304e-08,-2.62362365262064,0,0.514,0.00168497243777113,"Ash2l-210",0.00168497243777113,"Down"
2.19243297391304e-08,-2.62362365262064,0,0.514,0.00168497243777113,"Ash2l-204",0.00168497243777113,"Down"
2.19243297391304e-08,-2.62362365262064,0,0.514,0.00168497243777113,"Ash2l-203",0.00168497243777113,"Down"
2.19243297391304e-08,-2.41238832573567,0,0.514,0.00168497243777113,"Cuedc2-203",0.00168497243777113,"Down"
2.19243297391304e-08,-2.41238832573567,0,0.514,0.00168497243777113,"Cuedc2-201",0.00168497243777113,"Down"
2.19243297391304e-08,-2.41238832573567,0,0.514,0.00168497243777113,"Cuedc2-202",0.00168497243777113,"Down"
2.19243297391304e-08,-2.41238832573567,0,0.514,0.00168497243777113,"Cuedc2-205",0.00168497243777113,"Down"
2.19243297391304e-08,-2.41238832573567,0,0.514,0.00168497243777113,"Cuedc2-206",0.00168497243777113,"Down"
2.19243297391304e-08,-3.39028787624129,0,0.514,0.00168497243777113,"Tdg-201",0.00168497243777113,"Down"
2.19243297391304e-08,-4.0777497355078,0,0.514,0.00168497243777113,"Arl3-201",0.00168497243777113,"Down"
2.19243297391304e-08,-3.0663358560153,0,0.514,0.00168497243777113,"Gtf2a2-203",0.00168497243777113,"Down"
2.19243297391304e-08,-5.06041787863794,0,0.514,0.00168497243777113,"Mtap-201",0.00168497243777113,"Down"
2.19243297391304e-08,-3.5714109386237,0,0.514,0.00168497243777113,"Fen1-204",0.00168497243777113,"Down"
2.19243297391304e-08,-3.5714109386237,0,0.514,0.00168497243777113,"Fen1-201",0.00168497243777113,"Down"
2.19243297391304e-08,-3.75145193070821,0,0.514,0.00168497243777113,"Mrpl42-203",0.00168497243777113,"Down"
2.19243297391304e-08,-3.17433626843807,0,0.514,0.00168497243777113,"Otud6b-201",0.00168497243777113,"Down"
2.19243297391304e-08,-3.17433626843807,0,0.514,0.00168497243777113,"Otud6b-203",0.00168497243777113,"Down"
2.19243297391304e-08,-3.73965898521771,0,0.514,0.00168497243777113,"Ror2-202",0.00168497243777113,"Down"
2.19243297391304e-08,-3.78615763258794,0,0.514,0.00168497243777113,"Hmga1-216",0.00168497243777113,"Down"
2.19243297391304e-08,-4.67195244713355,0,0.514,0.00168497243777113,"Thoc5-201",0.00168497243777113,"Down"
2.19243297391304e-08,-4.25982219252464,0,0.514,0.00168497243777113,"Mrpl51-201",0.00168497243777113,"Down"
2.19243297391304e-08,-4.39288030162522,0,0.514,0.00168497243777113,"Dhx33-202",0.00168497243777113,"Down"
2.19243297391304e-08,-4.09690837284436,0,0.514,0.00168497243777113,"Nop53-201",0.00168497243777113,"Down"
2.19243297391304e-08,-5.4063621771813,0,0.514,0.00168497243777113,"Imp4-201",0.00168497243777113,"Down"
2.19243297391304e-08,-4.09370178416632,0,0.514,0.00168497243777113,"Prim1-201",0.00168497243777113,"Down"
2.19243297391304e-08,-2.34763964702685,0,0.514,0.00168497243777113,"Kctd20-203",0.00168497243777113,"Down"
2.19243297391304e-08,-3.55376130988525,0,0.514,0.00168497243777113,"Kif1b-203",0.00168497243777113,"Down"
2.19243297391304e-08,-4.8310104883132,0,0.514,0.00168497243777113,"Bub1-201",0.00168497243777113,"Down"
2.19243297391304e-08,-4.38858491057886,0,0.514,0.00168497243777113,"Lonp1-201",0.00168497243777113,"Down"
2.19243297391304e-08,-5.2634703410106,0,0.514,0.00168497243777113,"Clpp-201",0.00168497243777113,"Down"
2.19243297391304e-08,-3.61756162831145,0,0.514,0.00168497243777113,"Unc119-201",0.00168497243777113,"Down"
2.19243297391304e-08,-4.0734984044087,0,0.514,0.00168497243777113,"Utp18-202",0.00168497243777113,"Down"
2.19243297391304e-08,-4.07716906985357,0,0.514,0.00168497243777113,"Rad50-201",0.00168497243777113,"Down"
2.19243297391304e-08,-5.26823542060161,0,0.514,0.00168497243777113,"Tcf7l1-201",0.00168497243777113,"Down"
2.19243297391304e-08,-5.47571561221589,0,0.514,0.00168497243777113,"Nhp2-202",0.00168497243777113,"Down"
2.19243297391304e-08,-4.8303191567854,0,0.514,0.00168497243777113,"U2af2-209",0.00168497243777113,"Down"
2.19243297391304e-08,-2.86476346946164,0,0.514,0.00168497243777113,"Kdm2b-203",0.00168497243777113,"Down"
2.19243297391304e-08,-4.09697606707131,0,0.514,0.00168497243777113,"Prkcsh-202",0.00168497243777113,"Down"
2.19243297391304e-08,-3.77191198606031,0,0.514,0.00168497243777113,"Dnajc2-203",0.00168497243777113,"Down"
2.19243297391304e-08,-4.03290019111299,0,0.514,0.00168497243777113,"Tlk2-204",0.00168497243777113,"Down"
2.19243297391304e-08,-2.72872673938643,0,0.514,0.00168497243777113,"Dnajc7-219",0.00168497243777113,"Down"
2.19243297391304e-08,-3.95889492908311,0,0.514,0.00168497243777113,"Emsy-207",0.00168497243777113,"Down"
2.19243297391304e-08,-3.81798440658113,0,0.514,0.00168497243777113,"Emsy-201",0.00168497243777113,"Down"
2.19243297391304e-08,-3.54918190979975,0,0.514,0.00168497243777113,"Golga2-203",0.00168497243777113,"Down"
2.21462318828761e-08,-2.80597538398783,0.045,0.611,0.00170202650512656,"Sdc1-201",0.00170202650512656,"Down"
2.21462318828761e-08,-2.3569954181018,0.045,0.611,0.00170202650512656,"Csnk1d-202",0.00170202650512656,"Down"
2.21659087880949e-08,-2.40975355104202,0.023,0.569,0.00170353875400025,"Rai14-202",0.00170353875400025,"Down"
2.21659087880949e-08,-2.33570571417256,0.023,0.569,0.00170353875400025,"Tbc1d1-204",0.00170353875400025,"Down"
2.21659087880949e-08,-2.33570571417256,0.023,0.569,0.00170353875400025,"Tbc1d1-202",0.00170353875400025,"Down"
2.21659087880949e-08,-1.56318308392026,0.023,0.569,0.00170353875400025,"Arhgef40-201",0.00170353875400025,"Down"
2.21659087880949e-08,-1.56318308660655,0.023,0.569,0.00170353875400025,"Arhgef40-220",0.00170353875400025,"Down"
2.24391204069364e-08,-2.56089550950471,0.091,0.667,0.00172453615975469,"Lima1-202",0.00172453615975469,"Down"
2.27048336309942e-08,-2.59744447528214,0.045,0.597,0.00174495728387642,"Pdgfrb-201",0.00174495728387642,"Down"
2.27728485982167e-08,-3.43295509671794,0.227,0.722,0.00175018450616735,"Mest-202",0.00175018450616735,"Down"
2.30222943453891e-08,-2.13474802875546,0.068,0.653,0.00176935540962053,"Lman1-201",0.00176935540962053,"Down"
2.30264182601484e-08,-2.39038261940749,0.023,0.569,0.00176967234896544,"Cwc15-201",0.00176967234896544,"Down"
2.30264182601484e-08,-2.48495401091577,0.023,0.569,0.00176967234896544,"Arpc1a-201",0.00176967234896544,"Down"
2.3259688045986e-08,-2.77801419328359,0.091,0.667,0.00178760006508621,"Arid4b-203",0.00178760006508621,"Down"
2.33738404004264e-08,-2.53383609093297,0.023,0.556,0.00179637313013437,"Odf2-204",0.00179637313013437,"Down"
2.33738404004264e-08,-2.53383609093297,0.023,0.556,0.00179637313013437,"Odf2-202",0.00179637313013437,"Down"
2.33935721721701e-08,-2.75555944339891,0.091,0.681,0.00179788959571996,"Acbd3-201",0.00179788959571996,"Down"
2.33935721721701e-08,-2.70502643015099,0.091,0.681,0.00179788959571996,"Sptan1-202",0.00179788959571996,"Down"
2.42865252595712e-08,-3.47828319757476,0.023,0.556,0.00186651661229909,"Rtn3-203",0.00186651661229909,"Down"
2.43971493465225e-08,-1.83051822796114,0.114,0.722,0.00187501851587764,"Kmt2c-201",0.00187501851587764,"Down"
2.44645398535112e-08,-4.49348733722582,0.023,0.542,0.00188019774590175,"Ldlr-201",0.00188019774590175,"Down"
2.4642440566084e-08,-1.62260965653955,0.068,0.639,0.00189387012726582,"Slf2-201",0.00189387012726582,"Down"
2.47175947314784e-08,-2.65078158191375,0.091,0.653,0.00189964602549304,"Rab6a-201",0.00189964602549304,"Down"
2.47507021317628e-08,-1.9676636221037,0.045,0.611,0.0019021904616345,"Dicer1-201",0.0019021904616345,"Down"
2.5233758919691e-08,-3.56122020008127,0.023,0.556,0.00193931530801393,"Serpinf1-201",0.00193931530801393,"Down"
2.5233758919691e-08,-3.52744544306488,0.023,0.556,0.00193931530801393,"Lnpep-201",0.00193931530801393,"Down"
2.53903288754444e-08,-3.10759452861608,0.045,0.597,0.0019513483353934,"Larp1-201",0.0019513483353934,"Down"
2.54258863355326e-08,-4.56734775518424,0.023,0.542,0.00195408106843102,"Ric1-201",0.00195408106843102,"Down"
2.54258863355326e-08,-4.47701994387692,0.023,0.542,0.00195408106843102,"Rbpms-203",0.00195408106843102,"Down"
2.54258863355326e-08,-4.40967255823298,0.023,0.542,0.00195408106843102,"Kif15-201",0.00195408106843102,"Down"
2.5663752075199e-08,-2.29056333836253,0.068,0.653,0.00197236200198734,"Ski-203",0.00197236200198734,"Down"
2.56831541297758e-08,-2.3386712654699,0.045,0.611,0.00197385312748979,"Gramd1a-209",0.00197385312748979,"Down"
2.58735278117639e-08,-3.56258183396054,0.045,0.583,0.0019884841064453,"Zc3h13-201",0.0019884841064453,"Down"
2.61823741597868e-08,-4.04953797870696,0.045,0.569,0.00201222018367626,"Ganab-202",0.00201222018367626,"Down"
2.62168055789687e-08,-3.47877296622543,0.023,0.556,0.00201486637596606,"Nudt21-201",0.00201486637596606,"Down"
2.62168055789687e-08,-3.33992072618492,0.023,0.556,0.00201486637596606,"Pfas-201",0.00201486637596606,"Down"
2.62168055789687e-08,-3.51878973962747,0.023,0.556,0.00201486637596606,"Zdhhc5-201",0.00201486637596606,"Down"
2.63521569265634e-08,-2.65041671055398,0.045,0.597,0.0020252686684341,"Park7-204",0.0020252686684341,"Down"
2.6500247157837e-08,-3.36675401978534,0.091,0.625,0.00203664999506841,"Hnrnpab-202",0.00203664999506841,"Down"
2.66496595105445e-08,-3.0014428202672,0.045,0.611,0.00204813293202339,"Atp5g3-202",0.00204813293202339,"Down"
2.66496595105445e-08,-2.2532715174771,0.045,0.611,0.00204813293202339,"Tecr-201",0.00204813293202339,"Down"
2.72369739947375e-08,-3.56034941408621,0.023,0.556,0.00209327039939155,"Nsd3-202",0.00209327039939155,"Down"
2.72369739947375e-08,-2.6432650010213,0.023,0.556,0.00209327039939155,"Brpf1-210",0.00209327039939155,"Down"
2.72369739947375e-08,-2.88430093733159,0.023,0.556,0.00209327039939155,"Ubtf-202",0.00209327039939155,"Down"
2.74549176052519e-08,-1.48576928477409,0.114,0.681,0.00211002023763403,"Pakap-211",0.00211002023763403,"Down"
2.74597841105387e-08,-3.81526948330566,0.023,0.542,0.00211039424803134,"Pdcd4-202",0.00211039424803134,"Down"
2.74597841105387e-08,-3.2431603548504,0.023,0.542,0.00211039424803134,"Fmr1-201",0.00211039424803134,"Down"
2.74597841105387e-08,-3.65616007757011,0.023,0.542,0.00211039424803134,"Saraf-205",0.00211039424803134,"Down"
2.74794235375766e-08,-2.76839548731423,0.068,0.639,0.00211190361655691,"Slc38a4-205",0.00211190361655691,"Down"
2.75323567793263e-08,-1.71071260590418,0.068,0.667,0.00211597174791834,"Taok1-202",0.00211597174791834,"Down"
2.78819403261894e-08,-2.71951580353109,0.045,0.583,0.00214283864182896,"Pdcd6-201",0.00214283864182896,"Down"
2.78819403261894e-08,-3.82487595207674,0.045,0.583,0.00214283864182896,"Arl6ip4-201",0.00214283864182896,"Down"
2.79450462787592e-08,-3.53879298761414,0.136,0.667,0.00214768858670776,"Bclaf1-201",0.00214768858670776,"Down"
2.82182706874931e-08,-3.22059386591118,0.068,0.625,0.00216868697541659,"Ubfd1-201",0.00216868697541659,"Down"
2.82956189896757e-08,-3.51551524390772,0.023,0.556,0.00217463150183253,"Csnk1g3-201",0.00217463150183253,"Down"
2.82956189896757e-08,-3.31618090309624,0.023,0.556,0.00217463150183253,"Cdk12-202",0.00217463150183253,"Down"
2.82956189896757e-08,-3.40557924257,0.023,0.556,0.00217463150183253,"Sltm-206",0.00217463150183253,"Down"
2.82956189896757e-08,-3.09397218177762,0.023,0.556,0.00217463150183253,"Usp4-201",0.00217463150183253,"Down"
2.83830210440288e-08,-3.1306251471003,0.045,0.597,0.00218134869931779,"Psme4-201",0.00218134869931779,"Down"
2.84936688422741e-08,-2.02413589374444,0.068,0.639,0.00218985242520414,"Pogz-205",0.00218985242520414,"Down"
2.88301588293523e-08,-2.38856932603729,0.091,0.667,0.00221571302667105,"Birc6-213",0.00221571302667105,"Down"
2.89663742518914e-08,-2.240404689328,0.091,0.681,0.00222618172675486,"Tmed10-201",0.00222618172675486,"Down"
2.93941430065499e-08,-3.35651042293327,0.023,0.556,0.00225905746662538,"Nid2-201",0.00225905746662538,"Down"
2.96511836098172e-08,-4.16203102997737,0.023,0.542,0.00227881206514889,"Atp7a-202",0.00227881206514889,"Down"
2.96511836098172e-08,-4.2583228105918,0.023,0.542,0.00227881206514889,"Map4k4-201",0.00227881206514889,"Down"
2.96511836098172e-08,-4.09974913191998,0.023,0.542,0.00227881206514889,"Fam98b-201",0.00227881206514889,"Down"
2.97657223586283e-08,-2.29783633590695,0.045,0.611,0.00228761482615002,"Luzp1-201",0.00228761482615002,"Down"
3.00412811829766e-08,-3.11536325102681,0.045,0.583,0.00230879262403649,"Tfdp1-204",0.00230879262403649,"Down"
3.04801965875444e-08,2.4791887129461,0.886,0.417,0.00234252502853914,"Ftl1-206",0.00234252502853914,"Up"
3.05339977129862e-08,-3.425827483076,0.023,0.556,0.00234665986023384,"Thap11-201",0.00234665986023384,"Down"
3.05339977129862e-08,-2.58962237056963,0.023,0.556,0.00234665986023384,"Itsn1-202",0.00234665986023384,"Down"
3.05339977129862e-08,-2.58962237056963,0.023,0.556,0.00234665986023384,"Itsn1-208",0.00234665986023384,"Down"
3.05339977129862e-08,-3.01165247605235,0.023,0.556,0.00234665986023384,"Map3k4-209",0.00234665986023384,"Down"
3.05654011757452e-08,-2.53880646876387,0.045,0.597,0.00234907334196072,"Coro1b-201",0.00234907334196072,"Down"
3.08808773978115e-08,-2.0511989629541,0.045,0.611,0.0023733189515314,"Kat6b-201",0.0023733189515314,"Down"
3.08808773978115e-08,-2.05076520444564,0.045,0.611,0.0023733189515314,"Sec31a-210",0.0023733189515314,"Down"
3.1471827818698e-08,-3.12934702606592,0.068,0.625,0.00241873585517822,"Vcl-202",0.00241873585517822,"Down"
3.17166856577948e-08,-3.01246845259454,0.023,0.556,0.00243755415954416,"Zfp326-201",0.00243755415954416,"Down"
3.17166856577948e-08,-2.99645273307574,0.023,0.556,0.00243755415954416,"Dctn4-201",0.00243755415954416,"Down"
3.17166856577948e-08,-3.15476929428996,0.023,0.556,0.00243755415954416,"Cebpz-201",0.00243755415954416,"Down"
3.17166856577948e-08,-3.12814242638742,0.023,0.556,0.00243755415954416,"Colgalt1-201",0.00243755415954416,"Down"
3.17167902166601e-08,-2.45559750628555,0.045,0.597,0.0024375621953112,"Ap3b1-201",0.0024375621953112,"Down"
3.17591604666532e-08,-1.73723525336116,0.068,0.639,0.00244081851850417,"Camsap2-201",0.00244081851850417,"Down"
3.17731772534813e-08,-2.65961440875007,0.091,0.653,0.00244189576463905,"Utrn-205",0.00244189576463905,"Down"
3.20118561721782e-08,-3.73730497010397,0.023,0.542,0.00246023919425658,"Herc2-201",0.00246023919425658,"Down"
3.20118561721782e-08,-3.73730497010397,0.023,0.542,0.00246023919425658,"Herc2-202",0.00246023919425658,"Down"
3.20365184111475e-08,-2.23317933026375,0.045,0.611,0.00246213458597033,"Nckap1-201",0.00246213458597033,"Down"
3.21837837710366e-08,-1.29936406941045,0.091,0.694,0.00247345251793925,"Col5a2-201",0.00247345251793925,"Down"
3.23624972756986e-08,-4.03425911431201,0.045,0.583,0.00248718736562654,"Map4k4-202",0.00248718736562654,"Down"
3.29262311510277e-08,-1.59860595942366,0.068,0.639,0.00253051256888108,"Arhgap21-213",0.00253051256888108,"Down"
3.29437619804124e-08,-2.7411827226696,0.023,0.556,0.00253185988324261,"Cep250-201",0.00253185988324261,"Down"
3.3259578137903e-08,-4.29058491100322,0.023,0.542,0.0025561316182104,"Chsy1-201",0.0025561316182104,"Down"
3.3259578137903e-08,-3.95389786795033,0.023,0.542,0.0025561316182104,"Acat2-203",0.0025561316182104,"Down"
3.3304643748372e-08,-4.73288868385577,0.023,0.528,0.00255959509063738,"Ezh2-202",0.00255959509063738,"Down"
3.42168361750745e-08,-3.02261678046599,0.023,0.556,0.00262970072739917,"Prdx5-201",0.00262970072739917,"Down"
3.42168361750745e-08,-2.38760989087673,0.023,0.556,0.00262970072739917,"Pabpc4-208",0.00262970072739917,"Down"
3.42168361750745e-08,-3.10621080982714,0.023,0.556,0.00262970072739917,"Ubap1-202",0.00262970072739917,"Down"
3.42168361750745e-08,-3.18347289841827,0.023,0.556,0.00262970072739917,"Pxdn-208",0.00262970072739917,"Down"
3.42168361750745e-08,-2.68101095815505,0.023,0.556,0.00262970072739917,"Cep250-202",0.00262970072739917,"Down"
3.42168361750745e-08,-3.45977178267061,0.023,0.556,0.00262970072739917,"Med25-210",0.00262970072739917,"Down"
3.44775486418273e-08,-2.40624333116582,0.159,0.75,0.00264973752331899,"Eif3j2-201",0.00264973752331899,"Down"
3.45759084472762e-08,-2.62714369569292,0.068,0.611,0.00265729686780697,"Zc3h18-201",0.00265729686780697,"Down"
3.46116435026333e-08,-4.32592219814795,0.023,0.528,0.00266004324975138,"Fxr1-208",0.00266004324975138,"Down"
3.48572989735749e-08,-1.7241222129452,0.045,0.583,0.00267892285531513,"Htt-201",0.00267892285531513,"Down"
3.48572989735749e-08,-2.92025787363644,0.045,0.583,0.00267892285531513,"Acp1-201",0.00267892285531513,"Down"
3.53864698593712e-08,-2.46971915544473,0.068,0.639,0.00271959175457212,"Vamp3-201",0.00271959175457212,"Down"
3.55375739113738e-08,-2.39408628963974,0.023,0.556,0.00273120470538472,"Kdm6a-201",0.00273120470538472,"Down"
3.55375739113738e-08,-2.39408628963974,0.023,0.556,0.00273120470538472,"Kdm6a-202",0.00273120470538472,"Down"
3.55375739113738e-08,-3.1135913758025,0.023,0.556,0.00273120470538472,"Umps-201",0.00273120470538472,"Down"
3.55375739113738e-08,-3.07158072455205,0.023,0.556,0.00273120470538472,"Rev3l-201",0.00273120470538472,"Down"
3.55375739113738e-08,-2.51233556381232,0.023,0.556,0.00273120470538472,"Strbp-201",0.00273120470538472,"Down"
3.57575285506628e-08,-2.41134047512204,0.114,0.708,0.00274810909923264,"Map7d1-202",0.00274810909923264,"Down"
3.58980978242239e-08,-4.65731569184989,0.023,0.542,0.0027589124101829,"Arl4c-202",0.0027589124101829,"Down"
3.58980978242239e-08,-3.8508957217872,0.023,0.542,0.0027589124101829,"C2cd3-201",0.0027589124101829,"Down"
3.58980978242239e-08,-3.91575193438674,0.023,0.542,0.0027589124101829,"Brk1-201",0.0027589124101829,"Down"
3.61736751536538e-08,-3.2796243662253,0.045,0.583,0.00278009163025891,"Fbl-201",0.00278009163025891,"Down"
3.67577027990824e-08,-2.73348023013649,0.045,0.597,0.00282497649092068,"Ppp2r1a-201",0.00282497649092068,"Down"
3.67577027990824e-08,-2.07803788186426,0.045,0.597,0.00282497649092068,"Psmd4-202",0.00282497649092068,"Down"
3.67577027990824e-08,-4.10783676349484,0.068,0.583,0.00282497649092068,"Hnrnpdl-201",0.00282497649092068,"Down"
3.69076989129087e-08,-2.86304864782799,0.023,0.556,0.00283650429225268,"Snx3-201",0.00283650429225268,"Down"
3.69076989129087e-08,-2.64754809077982,0.023,0.556,0.00283650429225268,"Rbm8a-202",0.00283650429225268,"Down"
3.69076989129087e-08,-2.98565904456296,0.023,0.556,0.00283650429225268,"Fam117b-201",0.00283650429225268,"Down"
3.72923936508161e-08,-3.9100186091186,0.023,0.542,0.00286606962163982,"Jmy-201",0.00286606962163982,"Down"
3.81058680553174e-08,-1.53959153065969,0.068,0.653,0.00292858838352336,"Mycbp2-209",0.00292858838352336,"Down"
3.81345656261291e-08,-2.30440307582798,0.045,0.597,0.00293079390663053,"Shoc2-201",0.00293079390663053,"Down"
3.8328994895773e-08,-2.53548116270301,0.023,0.556,0.00294573657371973,"Fdft1-201",0.00294573657371973,"Down"
3.83459984639733e-08,-4.23984303985973,0.045,0.556,0.00294704336595021,"Tle3-215",0.00294704336595021,"Down"
3.84734302963431e-08,-2.12581429964992,0.045,0.611,0.00295683701199515,"Tmem248-201",0.00295683701199515,"Down"
3.85607690294913e-08,-2.87590156974888,0.068,0.611,0.00296354934299253,"Acp1-202",0.00296354934299253,"Down"
3.88381548016376e-08,-2.24526367688457,0.023,0.528,0.00298486754912506,"Ctnnd1-217",0.00298486754912506,"Down"
3.88381548016376e-08,-3.58286232467461,0.023,0.528,0.00298486754912506,"Capns1-208",0.00298486754912506,"Down"
3.88381548016376e-08,-3.58286232467461,0.023,0.528,0.00298486754912506,"Capns1-202",0.00298486754912506,"Down"
3.89526085117578e-08,-3.29086006789367,0.045,0.583,0.00299366377456264,"Crebbp-205",0.00299366377456264,"Down"
3.93449341991799e-08,-2.45807521429717,0.091,0.653,0.00302381557294377,"Fnbp4-210",0.00302381557294377,"Down"
3.9350950895292e-08,-4.39008153639758,0,0.5,0.00302427798010677,"Phax-201",0.00302427798010677,"Down"
3.9350950895292e-08,-4.37689240363627,0,0.5,0.00302427798010677,"Eif1ad-201",0.00302427798010677,"Down"
3.9350950895292e-08,-4.31278982681975,0,0.5,0.00302427798010677,"Iws1-203",0.00302427798010677,"Down"
3.9350950895292e-08,-4.36625919990168,0,0.5,0.00302427798010677,"Micu2-201",0.00302427798010677,"Down"
3.9350950895292e-08,-3.88850236753647,0,0.5,0.00302427798010677,"Cyrib-207",0.00302427798010677,"Down"
3.9350950895292e-08,-6.68193815264394,0,0.5,0.00302427798010677,"H3c3-201",0.00302427798010677,"Down"
3.9350950895292e-08,-4.51532510669065,0,0.5,0.00302427798010677,"Sdhd-201",0.00302427798010677,"Down"
3.9350950895292e-08,-3.60211726532224,0,0.5,0.00302427798010677,"Farsb-204",0.00302427798010677,"Down"
3.9350950895292e-08,-4.62028224463903,0,0.5,0.00302427798010677,"Id2-202",0.00302427798010677,"Down"
3.9350950895292e-08,-4.60779050185003,0,0.5,0.00302427798010677,"Acsl3-201",0.00302427798010677,"Down"
3.9350950895292e-08,-4.45596411539636,0,0.5,0.00302427798010677,"Cox7a2-203",0.00302427798010677,"Down"
3.9350950895292e-08,-4.3854769054661,0,0.5,0.00302427798010677,"Pnpt1-201",0.00302427798010677,"Down"
3.9350950895292e-08,-4.6955456897974,0,0.5,0.00302427798010677,"Taf12-201",0.00302427798010677,"Down"
3.9350950895292e-08,-4.83988607118856,0,0.5,0.00302427798010677,"Lta4h-201",0.00302427798010677,"Down"
3.9350950895292e-08,-3.66151289366144,0,0.5,0.00302427798010677,"Casc3-201",0.00302427798010677,"Down"
3.9350950895292e-08,-3.66151289366144,0,0.5,0.00302427798010677,"Casc3-204",0.00302427798010677,"Down"
3.9350950895292e-08,-4.27516179693173,0,0.5,0.00302427798010677,"Setd1b-204",0.00302427798010677,"Down"
3.9350950895292e-08,-2.43114115410906,0,0.5,0.00302427798010677,"Arhgef25-205",0.00302427798010677,"Down"
3.9350950895292e-08,-3.74840225574495,0,0.5,0.00302427798010677,"Arrdc3-203",0.00302427798010677,"Down"
3.9350950895292e-08,-3.74840225574495,0,0.5,0.00302427798010677,"Arrdc3-201",0.00302427798010677,"Down"
3.9350950895292e-08,-4.28649224507686,0,0.5,0.00302427798010677,"Evi5-201",0.00302427798010677,"Down"
3.9350950895292e-08,-4.49051174606978,0,0.5,0.00302427798010677,"Six4-201",0.00302427798010677,"Down"
3.9350950895292e-08,-3.18075881797869,0,0.5,0.00302427798010677,"Wls-201",0.00302427798010677,"Down"
3.9350950895292e-08,-3.00402105886929,0,0.5,0.00302427798010677,"Tsen34-202",0.00302427798010677,"Down"
3.9350950895292e-08,-4.95179167739354,0,0.5,0.00302427798010677,"Zbtb1-201",0.00302427798010677,"Down"
3.9350950895292e-08,-3.77353694640091,0,0.5,0.00302427798010677,"Tlk1-205",0.00302427798010677,"Down"
3.9350950895292e-08,-3.63594579793697,0,0.5,0.00302427798010677,"Papola-201",0.00302427798010677,"Down"
3.9350950895292e-08,-3.87707498338126,0,0.5,0.00302427798010677,"Tmem11-203",0.00302427798010677,"Down"
3.9350950895292e-08,-3.4860596446046,0,0.5,0.00302427798010677,"Eif1a-206",0.00302427798010677,"Down"
3.9350950895292e-08,-4.16985155778146,0,0.5,0.00302427798010677,"Ubr2-202",0.00302427798010677,"Down"
3.9350950895292e-08,-5.46048847174229,0,0.5,0.00302427798010677,"Brca1-201",0.00302427798010677,"Down"
3.9350950895292e-08,-4.51760101658432,0,0.5,0.00302427798010677,"Ptpn12-201",0.00302427798010677,"Down"
3.9350950895292e-08,-5.24402912770493,0,0.5,0.00302427798010677,"H4c3-201",0.00302427798010677,"Down"
3.9350950895292e-08,-2.3006703462316,0,0.5,0.00302427798010677,"Atad1-202",0.00302427798010677,"Down"
3.9350950895292e-08,-4.0155963387067,0,0.5,0.00302427798010677,"Tbpl1-202",0.00302427798010677,"Down"
3.9350950895292e-08,-3.82452176760999,0,0.5,0.00302427798010677,"Slc35a4-202",0.00302427798010677,"Down"
3.9350950895292e-08,-2.94051276423715,0,0.5,0.00302427798010677,"Rnf214-210",0.00302427798010677,"Down"
3.9350950895292e-08,-4.14705266960468,0,0.5,0.00302427798010677,"Ecpas-202",0.00302427798010677,"Down"
3.9350950895292e-08,-3.29186012903959,0,0.5,0.00302427798010677,"Ppil2-201",0.00302427798010677,"Down"
3.9350950895292e-08,-2.86664097389054,0,0.5,0.00302427798010677,"Pqbp1-202",0.00302427798010677,"Down"
3.9350950895292e-08,-4.0010610339654,0,0.5,0.00302427798010677,"Dvl3-203",0.00302427798010677,"Down"
3.9350950895292e-08,-3.94872361075102,0,0.5,0.00302427798010677,"Clpx-201",0.00302427798010677,"Down"
3.9350950895292e-08,-4.94055363696185,0,0.5,0.00302427798010677,"Glipr2-201",0.00302427798010677,"Down"
3.9350950895292e-08,-3.91068826315571,0,0.5,0.00302427798010677,"D630045J12Rik-206",0.00302427798010677,"Down"
3.9350950895292e-08,-4.63652556673788,0,0.5,0.00302427798010677,"Minpp1-201",0.00302427798010677,"Down"
3.9350950895292e-08,-3.80395309869135,0,0.5,0.00302427798010677,"Ldb1-208",0.00302427798010677,"Down"
3.9350950895292e-08,-2.3740797718249,0,0.5,0.00302427798010677,"Cuedc2-204",0.00302427798010677,"Down"
3.9350950895292e-08,-3.47167771283909,0,0.5,0.00302427798010677,"Ppip5k2-201",0.00302427798010677,"Down"
3.9350950895292e-08,-3.709711992575,0,0.5,0.00302427798010677,"Tln2-207",0.00302427798010677,"Down"
3.9350950895292e-08,-4.48010757518209,0,0.5,0.00302427798010677,"Btbd2-201",0.00302427798010677,"Down"
3.9350950895292e-08,-2.62453424308596,0,0.5,0.00302427798010677,"Eif4enif1-201",0.00302427798010677,"Down"
3.9350950895292e-08,-2.62453424308596,0,0.5,0.00302427798010677,"Eif4enif1-202",0.00302427798010677,"Down"
3.9350950895292e-08,-4.42191186798324,0,0.5,0.00302427798010677,"Dvl2-202",0.00302427798010677,"Down"
3.9350950895292e-08,-4.55470442398512,0,0.5,0.00302427798010677,"Thop1-201",0.00302427798010677,"Down"
3.9350950895292e-08,-3.84627418688672,0,0.5,0.00302427798010677,"Cse1l-201",0.00302427798010677,"Down"
3.9350950895292e-08,-4.22367688510101,0,0.5,0.00302427798010677,"Phf10-201",0.00302427798010677,"Down"
3.9350950895292e-08,-2.832710942623,0,0.5,0.00302427798010677,"Dgcr2-204",0.00302427798010677,"Down"
3.9350950895292e-08,-3.84031245638095,0,0.5,0.00302427798010677,"Sacm1l-205",0.00302427798010677,"Down"
3.9350950895292e-08,-2.97871585726692,0,0.5,0.00302427798010677,"Bud23-202",0.00302427798010677,"Down"
3.9350950895292e-08,-2.97871585726692,0,0.5,0.00302427798010677,"Bud23-201",0.00302427798010677,"Down"
3.9350950895292e-08,-5.02726811008767,0,0.5,0.00302427798010677,"H2ac13-201",0.00302427798010677,"Down"
3.9350950895292e-08,-3.79719291004959,0,0.5,0.00302427798010677,"Cep295-208",0.00302427798010677,"Down"
3.9350950895292e-08,-4.4663484242286,0,0.5,0.00302427798010677,"Uhrf1-202",0.00302427798010677,"Down"
3.9350950895292e-08,-3.75188670362136,0,0.5,0.00302427798010677,"Cul5-201",0.00302427798010677,"Down"
3.9350950895292e-08,-3.54862199422517,0,0.5,0.00302427798010677,"Mau2-204",0.00302427798010677,"Down"
3.9350950895292e-08,-3.87129972868525,0,0.5,0.00302427798010677,"Cnpy3-203",0.00302427798010677,"Down"
3.9350950895292e-08,-5.12677434140928,0,0.5,0.00302427798010677,"Lrpprc-201",0.00302427798010677,"Down"
3.9350950895292e-08,-2.02793227047913,0,0.5,0.00302427798010677,"Phc1-202",0.00302427798010677,"Down"
3.9350950895292e-08,-2.07804763959852,0,0.5,0.00302427798010677,"Phc1-203",0.00302427798010677,"Down"
3.9350950895292e-08,-4.09497191534441,0,0.5,0.00302427798010677,"Dnajc11-201",0.00302427798010677,"Down"
3.9350950895292e-08,-3.73676003167964,0,0.5,0.00302427798010677,"Mpdz-202",0.00302427798010677,"Down"
3.9350950895292e-08,-4.28117879762501,0,0.5,0.00302427798010677,"Mettl16-205",0.00302427798010677,"Down"
3.9350950895292e-08,-3.96152557884935,0,0.5,0.00302427798010677,"Wdr45b-201",0.00302427798010677,"Down"
3.9350950895292e-08,-4.17790694446788,0,0.5,0.00302427798010677,"Cyth2-208",0.00302427798010677,"Down"
3.9350950895292e-08,-4.99632031102179,0,0.5,0.00302427798010677,"Purb-201",0.00302427798010677,"Down"
3.9350950895292e-08,-5.11708973164955,0,0.5,0.00302427798010677,"Rnf34-201",0.00302427798010677,"Down"
3.9350950895292e-08,-4.72468762652408,0,0.5,0.00302427798010677,"Nudt5-201",0.00302427798010677,"Down"
3.9350950895292e-08,-4.95503351718409,0,0.5,0.00302427798010677,"Rpa2-201",0.00302427798010677,"Down"
3.9350950895292e-08,-3.61936546041488,0,0.5,0.00302427798010677,"Plekhg2-204",0.00302427798010677,"Down"
3.9350950895292e-08,-3.70571533762993,0,0.5,0.00302427798010677,"Brd3-210",0.00302427798010677,"Down"
3.9350950895292e-08,-5.14954246037538,0,0.5,0.00302427798010677,"Lap3-201",0.00302427798010677,"Down"
3.9350950895292e-08,-3.8560535362703,0,0.5,0.00302427798010677,"Gemin5-205",0.00302427798010677,"Down"
3.9561387186569e-08,-2.78703294113927,0.045,0.597,0.00304045085083657,"Ap2b1-202",0.00304045085083657,"Down"
3.98033075686884e-08,-2.33152508466585,0.023,0.556,0.00305904339988398,"Rai14-201",0.00305904339988398,"Down"
3.98033075686884e-08,-2.57621897534778,0.023,0.556,0.00305904339988398,"Pacsin2-203",0.00305904339988398,"Down"
3.98033075686884e-08,-2.57621897534778,0.023,0.556,0.00305904339988398,"Pacsin2-202",0.00305904339988398,"Down"
3.98033075686884e-08,-2.57621897534778,0.023,0.556,0.00305904339988398,"Pacsin2-210",0.00305904339988398,"Down"
3.98033075686884e-08,-2.40771675810339,0.023,0.556,0.00305904339988398,"Wdr5-201",0.00305904339988398,"Down"
4.02402673985124e-08,-2.23370169885756,0.023,0.542,0.00309262551064527,"Zfp532-218",0.00309262551064527,"Down"
4.02402673985124e-08,-2.23370169885756,0.023,0.542,0.00309262551064527,"Zfp532-216",0.00309262551064527,"Down"
4.02402673985124e-08,-2.23370169885756,0.023,0.542,0.00309262551064527,"Zfp532-208",0.00309262551064527,"Down"
4.04186270491324e-08,-2.88953930480621,0.045,0.583,0.00310633316323402,"Eps15l1-201",0.00310633316323402,"Down"
4.10399180986284e-08,-2.78858816686011,0.045,0.597,0.00315408186555199,"Vasp-201",0.00315408186555199,"Down"
4.13283177471546e-08,-4.14127776252642,0.045,0.556,0.00317624653213982,"Neo1-201",0.00317624653213982,"Down"
4.13325466966324e-08,-2.55597562088726,0.023,0.556,0.00317657154382298,"Abracl-201",0.00317657154382298,"Down"
4.13325466966324e-08,-2.16509078324341,0.023,0.556,0.00317657154382298,"Smad3-201",0.00317657154382298,"Down"
4.14669746316723e-08,-1.99748129396613,0.159,0.764,0.00318690286834254,"Edf1-201",0.00318690286834254,"Down"
4.17977241161772e-08,-3.91284152392284,0.023,0.542,0.00321232228922468,"Zdhhc20-201",0.00321232228922468,"Down"
4.19294896481065e-08,-4.09306265549117,0.023,0.528,0.00322244899741557,"Pja1-201",0.00322244899741557,"Down"
4.23427427482093e-08,-2.29383851225576,0.068,0.639,0.00325420915117088,"Brwd1-205",0.00325420915117088,"Down"
4.25680388286165e-08,-3.45786640333299,0.045,0.569,0.0032715240561345,"Thoc2-201",0.0032715240561345,"Down"
4.34135598844939e-08,-3.75764281156762,0.023,0.542,0.0033365057313629,"Smap1-201",0.0033365057313629,"Down"
4.34135598844939e-08,-3.65143871617442,0.023,0.542,0.0033365057313629,"Gadd45gip1-201",0.0033365057313629,"Down"
4.35633326932463e-08,-4.71527834908633,0.023,0.528,0.00334801637080675,"Daam2-203",0.00334801637080675,"Down"
4.35633326932463e-08,-4.02336078126794,0.023,0.528,0.00334801637080675,"Atf7ip-201",0.00334801637080675,"Down"
4.35633326932463e-08,-4.37686840210716,0.023,0.528,0.00334801637080675,"Gpatch8-201",0.00334801637080675,"Down"
4.4125626076942e-08,-1.86852706174332,0.091,0.694,0.0033912308665173,"Mcl1-201",0.0033912308665173,"Down"
4.41594074623677e-08,-2.20117393619088,0.045,0.597,0.0033938271011128,"Ralgapa1-201",0.0033938271011128,"Down"
4.41766426668285e-08,-3.35082380907709,0.045,0.569,0.00339515169551644,"Rictor-201",0.00339515169551644,"Down"
4.45724102560535e-08,-2.43272525782021,0.068,0.611,0.00342556801781873,"Birc6-204",0.00342556801781873,"Down"
4.50898874547249e-08,-3.69558633199604,0.023,0.542,0.00346533821044543,"Slc38a1-203",0.00346533821044543,"Down"
4.50898874547249e-08,-3.55252805332152,0.023,0.542,0.00346533821044543,"Rfc1-201",0.00346533821044543,"Down"
4.50898874547249e-08,-3.68913760005064,0.023,0.542,0.00346533821044543,"Prdx6-208",0.00346533821044543,"Down"
4.514491335941e-08,-2.52395397922225,0.045,0.583,0.0034695671713241,"Rlf-203",0.0034695671713241,"Down"
4.51628308312533e-08,-2.36629685598449,0.068,0.625,0.00347094420070514,"Zfand3-202",0.00347094420070514,"Down"
4.52588279805608e-08,-3.51117629693224,0.023,0.528,0.00347832196561802,"Rai1-207",0.00347832196561802,"Down"
4.52588279805608e-08,-3.45058652965102,0.023,0.528,0.00347832196561802,"Carm1-204",0.00347832196561802,"Down"
4.5481752018905e-08,-2.40420272942459,0.068,0.639,0.00349545456966093,"Bcar1-201",0.00349545456966093,"Down"
4.58041699375134e-08,-2.42304234770616,0.045,0.597,0.00352023367637766,"Tmem14c-201",0.00352023367637766,"Down"
4.58441127124112e-08,-3.63810964180623,0.045,0.569,0.00352330343839965,"Dlg5-202",0.00352330343839965,"Down"
4.59830372528709e-08,-5.27875892423754,0.068,0.569,0.00353398034503214,"Fus-201",0.00353398034503214,"Down"
4.68136977467492e-08,-2.84734608416835,0.068,0.625,0.00359781992662866,"Myl12b-201",0.00359781992662866,"Down"
4.68288931218393e-08,-2.18139173456228,0.023,0.542,0.00359898775198584,"Phc1-208",0.00359898775198584,"Down"
4.68362369018247e-08,-2.89721731161435,0.045,0.583,0.00359955215085283,"Acly-207",0.00359955215085283,"Down"
4.71347162763443e-08,-2.28316619518145,0.068,0.639,0.00362249148470217,"Azin1-203",0.00362249148470217,"Down"
4.74397832286316e-08,-1.93283262448937,0.091,0.681,0.00364593710025325,"Map4-205",0.00364593710025325,"Down"
4.85889155916957e-08,-2.70655019990686,0.045,0.583,0.00373425251888418,"Josd1-201",0.00373425251888418,"Down"
4.85889155916957e-08,-1.34481013261048,0.045,0.583,0.00373425251888418,"Mbtd1-205",0.00373425251888418,"Down"
4.86328391751094e-08,-3.54361843564797,0.023,0.542,0.00373762822196386,"Gga2-201",0.00373762822196386,"Down"
4.88438376078793e-08,-3.65668323857573,0.023,0.528,0.00375384429551595,"Ube2v2-203",0.00375384429551595,"Down"
4.88438376078793e-08,-3.28056827877193,0.023,0.528,0.00375384429551595,"Ranbp3-201",0.00375384429551595,"Down"
4.88487369907146e-08,-2.12248741465196,0.114,0.708,0.00375422083268438,"Pdcd6ip-201",0.00375422083268438,"Down"
4.90192881198944e-08,-1.88095615863722,0.091,0.667,0.00376732836916637,"Atp2b1-201",0.00376732836916637,"Down"
4.92737244227075e-08,-2.40417247951744,0.045,0.597,0.00378688281678276,"Rtcb-201",0.00378688281678276,"Down"
4.92737244227075e-08,-2.30706995805036,0.045,0.597,0.00378688281678276,"Myo9a-203",0.00378688281678276,"Down"
4.9364040698251e-08,-2.79631989848655,0.045,0.569,0.00379382398382338,"Hnrnpc-210",0.00379382398382338,"Down"
5.02927285939837e-08,-2.38534302550406,0.068,0.625,0.00386519736336202,"Arpc3-201",0.00386519736336202,"Down"
5.04050978970601e-08,-2.58071369317739,0.045,0.583,0.00387383339378066,"Park7-201",0.00387383339378066,"Down"
5.04050978970601e-08,-3.41767161278325,0.045,0.583,0.00387383339378066,"Nom1-201",0.00387383339378066,"Down"
5.05040664263855e-08,-2.6013992652343,0.023,0.542,0.00388143952113343,"Brpf1-203",0.00388143952113343,"Down"
5.05040664263855e-08,-3.1206124619696,0.023,0.542,0.00388143952113343,"Ap2a1-203",0.00388143952113343,"Down"
5.0648973731579e-08,-1.39399871686719,0.068,0.653,0.00389257622716677,"Ppp2r2d-201",0.00389257622716677,"Down"
5.0648973731579e-08,-1.39399871686719,0.068,0.653,0.00389257622716677,"Ppp2r2d-207",0.00389257622716677,"Down"
5.07380824595783e-08,-4.09977039399471,0.023,0.528,0.00389942458934843,"Ubqln4-201",0.00389942458934843,"Down"
5.07380824595783e-08,-3.91154849439356,0.023,0.528,0.00389942458934843,"Setd5-212",0.00389942458934843,"Down"
5.07380824595783e-08,-3.5754364678584,0.023,0.528,0.00389942458934843,"Saraf-201",0.00389942458934843,"Down"
5.22870046282586e-08,-1.56968628509439,0.045,0.583,0.00401846545370019,"Mtmr2-201",0.00401846545370019,"Down"
5.22870046282586e-08,-1.46875947732385,0.045,0.583,0.00401846545370019,"Mtmr2-208",0.00401846545370019,"Down"
5.24449968183767e-08,-3.02279620851714,0.023,0.542,0.00403060778547952,"Ahsa2-201",0.00403060778547952,"Down"
5.24506032854742e-08,-2.03645844582329,0.068,0.639,0.00403103866490183,"Col18a1-202",0.00403103866490183,"Down"
5.27034459377987e-08,-2.92848328278794,0.023,0.528,0.00405047063410358,"Fmr1-205",0.00405047063410358,"Down"
5.27034459377987e-08,-3.94868548513007,0.023,0.528,0.00405047063410358,"Hdgfl2-210",0.00405047063410358,"Down"
5.29974354217166e-08,-2.1357523918574,0.045,0.597,0.00407306490190061,"Ppp3ca-202",0.00407306490190061,"Down"
5.33736935893578e-08,-3.03145289682345,0.068,0.611,0.00410198184711651,"Tmem234-201",0.00410198184711651,"Down"
5.40217958124762e-08,-2.08722997089594,0.068,0.625,0.00415179109537205,"Ahctf1-201",0.00415179109537205,"Down"
5.42369312688728e-08,-2.39648371235577,0.045,0.583,0.00416832511573795,"Dyrk1a-202",0.00416832511573795,"Down"
5.42369312688728e-08,-2.95295874533906,0.045,0.583,0.00416832511573795,"Usp8-201",0.00416832511573795,"Down"
5.44581361153224e-08,-4.0061814099459,0.023,0.542,0.00418532559300699,"Gtf2f1-201",0.00418532559300699,"Down"
5.44581361153224e-08,-3.65597961396202,0.023,0.542,0.00418532559300699,"Ccdc47-201",0.00418532559300699,"Down"
5.45469857636016e-08,-2.17077504647295,0.091,0.681,0.00419215404387583,"Errfi1-201",0.00419215404387583,"Down"
5.4742504858935e-08,-4.14270568504322,0.023,0.528,0.00420718046842859,"Atp7a-201",0.00420718046842859,"Down"
5.4742504858935e-08,-3.5819062734266,0.023,0.528,0.00420718046842859,"Camsap1-202",0.00420718046842859,"Down"
5.49601612345291e-08,-2.25752535755428,0.045,0.597,0.0042239082315185,"Elob-201",0.0042239082315185,"Down"
5.56698690215553e-08,-3.14912917872433,0.045,0.556,0.00427845211378261,"Tpp2-207",0.00427845211378261,"Down"
5.62572503780796e-08,-2.58916896584372,0.045,0.583,0.00432359472055693,"Erbin-203",0.00432359472055693,"Down"
5.64790138137262e-08,-1.60147032207637,0.091,0.681,0.00434063812764011,"Lman1-209",0.00434063812764011,"Down"
5.6546076678509e-08,-2.52231418560796,0.023,0.542,0.00434579217705013,"Xpo7-201",0.00434579217705013,"Down"
5.6546076678509e-08,-2.52231418182035,0.023,0.542,0.00434579217705013,"Xpo7-206",0.00434579217705013,"Down"
5.6546076678509e-08,-2.90250711388285,0.023,0.542,0.00434579217705013,"Szrd1-203",0.00434579217705013,"Down"
5.68579257921498e-08,-4.16702541131743,0.023,0.528,0.00436975902882988,"Srsf7-207",0.00436975902882988,"Down"
5.71495550724937e-08,-1.13127482480632,0.273,0.833,0.00439217190554143,"Col3a1-201",0.00439217190554143,"Down"
5.74101434179187e-08,-1.80584879302443,0.136,0.75,0.00441219916224072,"Tln1-201",0.00441219916224072,"Down"
5.83963661939999e-08,-2.11410146359609,0.091,0.667,0.00448799432747366,"Zfand5-205",0.00448799432747366,"Down"
5.87115003291554e-08,-3.05452918818059,0.023,0.542,0.0045122136462969,"Lrrc42-201",0.0045122136462969,"Down"
5.87115003291554e-08,-2.66764481641274,0.023,0.542,0.0045122136462969,"Polr1d-202",0.0045122136462969,"Down"
5.87115003291554e-08,-3.1201062238382,0.023,0.542,0.0045122136462969,"Kirrel-202",0.0045122136462969,"Down"
5.89051029268785e-08,-4.0339861856809,0.023,0.514,0.00452709278034232,"Ppp1r14b-202",0.00452709278034232,"Down"
5.90524680498257e-08,-3.77025225822743,0.023,0.528,0.0045384183795013,"Ints7-201",0.0045384183795013,"Down"
5.90524680498257e-08,-3.80305843782486,0.023,0.528,0.0045384183795013,"Copz1-204",0.0045384183795013,"Down"
5.90524680498257e-08,-3.70901979880254,0.023,0.528,0.0045384183795013,"Cnot9-201",0.0045384183795013,"Down"
5.90524680498257e-08,-2.9368337206662,0.023,0.528,0.0045384183795013,"Taf6-201",0.0045384183795013,"Down"
5.90524680498257e-08,-2.9368337206662,0.023,0.528,0.0045384183795013,"Taf6-202",0.0045384183795013,"Down"
5.90991336469807e-08,-2.23447597200135,0.045,0.597,0.00454200481730505,"Mcmbp-201",0.00454200481730505,"Down"
6.00431728090087e-08,-1.83845620245048,0.114,0.708,0.00461455800306355,"Cox6c-201",0.00461455800306355,"Down"
6.01224195226083e-08,-1.91665308978381,0.068,0.625,0.00462064842999054,"Kmt2e-201",0.00462064842999054,"Down"
6.05189565475281e-08,-2.52223205795827,0.045,0.583,0.00465112388650373,"Phldb2-201",0.00465112388650373,"Down"
6.09571813012552e-08,-2.68226600225661,0.023,0.542,0.00468480321172667,"Senp5-201",0.00468480321172667,"Down"
6.09571813012552e-08,-3.0962597371734,0.023,0.542,0.00468480321172667,"Vgll4-201",0.00468480321172667,"Down"
6.09571813012552e-08,-2.8428193056058,0.023,0.542,0.00468480321172667,"Kat7-202",0.00468480321172667,"Down"
6.13289867727208e-08,-3.76921512230614,0.023,0.528,0.00471337794943068,"Cnot6-203",0.00471337794943068,"Down"
6.13289867727208e-08,-3.66249173734286,0.023,0.528,0.00471337794943068,"Tcea1-201",0.00471337794943068,"Down"
6.13289867727208e-08,-3.54371303096104,0.023,0.528,0.00471337794943068,"Tcea1-202",0.00471337794943068,"Down"
6.15680475793819e-08,-3.58535742396935,0.045,0.569,0.00473175072866581,"Wwc2-201",0.00473175072866581,"Down"
6.15680475793819e-08,-2.96983409640867,0.045,0.569,0.00473175072866581,"Ino80d-203",0.00473175072866581,"Down"
6.27654967667183e-08,-2.41458376782336,0.045,0.583,0.00482377948850937,"Prcc-201",0.00482377948850937,"Down"
6.32859892870426e-08,-2.78362088513787,0.023,0.542,0.00486378142066637,"Myo9b-204",0.00486378142066637,"Down"
6.32859892870426e-08,-2.46619801783448,0.023,0.542,0.00486378142066637,"Mier1-204",0.00486378142066637,"Down"
6.32859892870426e-08,-2.95489035254906,0.023,0.542,0.00486378142066637,"Cnpy3-201",0.00486378142066637,"Down"
6.32859892870426e-08,-2.61871508483745,0.023,0.542,0.00486378142066637,"Cep250-204",0.00486378142066637,"Down"
6.32859892870426e-08,-2.76706545923989,0.023,0.542,0.00486378142066637,"Lrrc8a-201",0.00486378142066637,"Down"
6.32859892870426e-08,-2.72669245979338,0.023,0.542,0.00486378142066637,"Gabpb1-206",0.00486378142066637,"Down"
6.3492214800759e-08,-1.16664113000187,0.136,0.764,0.00487963067629753,"Lamc1-201",0.00487963067629753,"Down"
6.36904361126464e-08,-4.30721217951876,0.023,0.528,0.00489486477700133,"Armcx4-201",0.00489486477700133,"Down"
6.36904361126464e-08,-3.82215013719271,0.023,0.528,0.00489486477700133,"Aebp2-202",0.00489486477700133,"Down"
6.38678778726001e-08,-1.74742493999067,0.045,0.569,0.00490850188602081,"Cyc1-204",0.00490850188602081,"Down"
6.38678778726001e-08,-3.16559483654951,0.045,0.569,0.00490850188602081,"Ilf3-201",0.00490850188602081,"Down"
6.38678778726001e-08,-1.77887179836329,0.045,0.569,0.00490850188602081,"Phf21a-207",0.00490850188602081,"Down"
6.4891805347329e-08,-1.42383871147709,0.091,0.681,0.00498719480816363,"Rab7-203",0.00498719480816363,"Down"
6.57008925778161e-08,-3.19339239222502,0.023,0.542,0.00504937639817548,"Ugdh-201",0.00504937639817548,"Down"
6.57008925778161e-08,-2.89430658433575,0.023,0.542,0.00504937639817548,"Xpo4-209",0.00504937639817548,"Down"
6.57008925778161e-08,-2.37060277194597,0.023,0.542,0.00504937639817548,"Erc1-203",0.00504937639817548,"Down"
6.57008925778161e-08,-2.37060277194597,0.023,0.542,0.00504937639817548,"Erc1-201",0.00504937639817548,"Down"
6.57008925778161e-08,-2.66032010188722,0.023,0.542,0.00504937639817548,"Ptp4a2-201",0.00504937639817548,"Down"
6.60370871883657e-08,-4.31947757976475,0.023,0.514,0.00507521429877465,"Psmc1-201",0.00507521429877465,"Down"
6.60370871883657e-08,-4.71732250870043,0.023,0.514,0.00507521429877465,"Prex2-201",0.00507521429877465,"Down"
6.61398725155745e-08,-2.52515437793841,0.023,0.528,0.00508311376231196,"Baz2a-208",0.00508311376231196,"Down"
6.61398725155745e-08,-2.52515437793841,0.023,0.528,0.00508311376231196,"Baz2a-201",0.00508311376231196,"Down"
6.61398725155745e-08,-3.56308121310595,0.023,0.528,0.00508311376231196,"Ncoa6-204",0.00508311376231196,"Down"
6.7177662672937e-08,-2.09696069621966,0.091,0.681,0.0051628720870659,"Yy1-201",0.0051628720870659,"Down"
6.75034861992134e-08,-2.76427826360661,0.045,0.583,0.00518791292835435,"Ptk2-208",0.00518791292835435,"Down"
6.75034861992134e-08,-2.62939433376393,0.045,0.583,0.00518791292835435,"Ptk2-201",0.00518791292835435,"Down"
6.82049613029314e-08,-2.76669821084459,0.023,0.542,0.00524182409597549,"Cul4a-201",0.00524182409597549,"Down"
6.82049613029314e-08,-2.26660770808274,0.023,0.542,0.00524182409597549,"Zranb2-203",0.00524182409597549,"Down"
6.82049613029314e-08,-2.96339122502735,0.023,0.542,0.00524182409597549,"Btbd1-201",0.00524182409597549,"Down"
6.82049613029314e-08,-2.74693028873111,0.023,0.542,0.00524182409597549,"Hgs-201",0.00524182409597549,"Down"
6.82049613029314e-08,-2.22711418697373,0.023,0.542,0.00524182409597549,"Clip1-203",0.00524182409597549,"Down"
6.86804581081593e-08,-3.90010214853739,0.023,0.528,0.00527836792744447,"Rabl6-201",0.00527836792744447,"Down"
6.87198378611857e-08,-2.86294385748046,0.045,0.569,0.00528139441898357,"Akap8-202",0.00528139441898357,"Down"
6.99750356752759e-08,-4.34272439015859,0,0.486,0.00537786139178766,"Zfp608-203",0.00537786139178766,"Down"
6.99750356752759e-08,-4.53041614249387,0,0.486,0.00537786139178766,"Dlgap5-201",0.00537786139178766,"Down"
6.99750356752759e-08,-2.79678989239967,0,0.486,0.00537786139178766,"Exosc10-201",0.00537786139178766,"Down"
6.99750356752759e-08,-4.98249127949103,0,0.486,0.00537786139178766,"Sbk1-201",0.00537786139178766,"Down"
6.99750356752759e-08,-3.48769431595225,0,0.486,0.00537786139178766,"Aifm1-201",0.00537786139178766,"Down"
6.99750356752759e-08,-3.14652030293399,0,0.486,0.00537786139178766,"Pja2-203",0.00537786139178766,"Down"
6.99750356752759e-08,-3.14652030293399,0,0.486,0.00537786139178766,"Pja2-202",0.00537786139178766,"Down"
6.99750356752759e-08,-4.33965692842624,0,0.486,0.00537786139178766,"Nup160-201",0.00537786139178766,"Down"
6.99750356752759e-08,-4.70764931687004,0,0.486,0.00537786139178766,"Upf3a-201",0.00537786139178766,"Down"
6.99750356752759e-08,-3.39404052022312,0,0.486,0.00537786139178766,"Eps15-202",0.00537786139178766,"Down"
6.99750356752759e-08,-2.31204181941095,0,0.486,0.00537786139178766,"Arhgef25-212",0.00537786139178766,"Down"
6.99750356752759e-08,-3.89610997775015,0,0.486,0.00537786139178766,"Psma3-206",0.00537786139178766,"Down"
6.99750356752759e-08,-3.26105255686146,0,0.486,0.00537786139178766,"Phf14-201",0.00537786139178766,"Down"
6.99750356752759e-08,-3.30260864338928,0,0.486,0.00537786139178766,"Phf14-203",0.00537786139178766,"Down"
6.99750356752759e-08,-2.96081225999678,0,0.486,0.00537786139178766,"Mtch2-205",0.00537786139178766,"Down"
6.99750356752759e-08,-4.69779201502509,0,0.486,0.00537786139178766,"Lcor-206",0.00537786139178766,"Down"
6.99750356752759e-08,-3.32564695267296,0,0.486,0.00537786139178766,"Pals2-209",0.00537786139178766,"Down"
6.99750356752759e-08,-5.601412432086,0,0.486,0.00537786139178766,"Sema5a-201",0.00537786139178766,"Down"
6.99750356752759e-08,-5.39497271261166,0,0.486,0.00537786139178766,"Foxp2-207",0.00537786139178766,"Down"
6.99750356752759e-08,-4.17958490029525,0,0.486,0.00537786139178766,"Pcdh18-201",0.00537786139178766,"Down"
6.99750356752759e-08,-3.85225487599508,0,0.486,0.00537786139178766,"Fam76b-201",0.00537786139178766,"Down"
6.99750356752759e-08,-3.46120659676552,0,0.486,0.00537786139178766,"Fut8-201",0.00537786139178766,"Down"
6.99750356752759e-08,-5.692844068973,0,0.486,0.00537786139178766,"Col2a1-201",0.00537786139178766,"Down"
6.99750356752759e-08,-4.07351098267976,0,0.486,0.00537786139178766,"Eif3k-202",0.00537786139178766,"Down"
6.99750356752759e-08,-3.92680662493195,0,0.486,0.00537786139178766,"Riok2-201",0.00537786139178766,"Down"
6.99750356752759e-08,-4.81657236021433,0,0.486,0.00537786139178766,"Med30-201",0.00537786139178766,"Down"
6.99750356752759e-08,-3.53932828484574,0,0.486,0.00537786139178766,"Evl-202",0.00537786139178766,"Down"
6.99750356752759e-08,-3.52871846855825,0,0.486,0.00537786139178766,"Evl-203",0.00537786139178766,"Down"
6.99750356752759e-08,-4.64435130851127,0,0.486,0.00537786139178766,"Dhx29-201",0.00537786139178766,"Down"
6.99750356752759e-08,-5.18616821633714,0,0.486,0.00537786139178766,"Dars-201",0.00537786139178766,"Down"
6.99750356752759e-08,-5.12273001575761,0,0.486,0.00537786139178766,"Cdca7-201",0.00537786139178766,"Down"
6.99750356752759e-08,-3.92812494656395,0,0.486,0.00537786139178766,"Vegfa-207",0.00537786139178766,"Down"
6.99750356752759e-08,-3.20009191268446,0,0.486,0.00537786139178766,"Dock7-205",0.00537786139178766,"Down"
6.99750356752759e-08,-3.12261111655977,0,0.486,0.00537786139178766,"Dlg1-201",0.00537786139178766,"Down"
6.99750356752759e-08,-3.12992198472431,0,0.486,0.00537786139178766,"Dlg1-203",0.00537786139178766,"Down"
6.99750356752759e-08,-3.79094473772374,0,0.486,0.00537786139178766,"Septin6-201",0.00537786139178766,"Down"
6.99750356752759e-08,-4.47799852553195,0,0.486,0.00537786139178766,"Orc2-201",0.00537786139178766,"Down"
6.99750356752759e-08,-4.36247165826749,0,0.486,0.00537786139178766,"Elp2-204",0.00537786139178766,"Down"
6.99750356752759e-08,-4.17357365815611,0,0.486,0.00537786139178766,"Ift20-203",0.00537786139178766,"Down"
6.99750356752759e-08,-4.45326716149218,0,0.486,0.00537786139178766,"Pmpcb-202",0.00537786139178766,"Down"
6.99750356752759e-08,-3.89446209186522,0,0.486,0.00537786139178766,"1810009A15Rik-201",0.00537786139178766,"Down"
6.99750356752759e-08,-4.94224644485893,0,0.486,0.00537786139178766,"Aff2-201",0.00537786139178766,"Down"
6.99750356752759e-08,-2.81825159348884,0,0.486,0.00537786139178766,"Mms22l-202",0.00537786139178766,"Down"
6.99750356752759e-08,-4.79027007228826,0,0.486,0.00537786139178766,"Mak16-201",0.00537786139178766,"Down"
6.99750356752759e-08,-3.04930305157312,0,0.486,0.00537786139178766,"Ppil2-202",0.00537786139178766,"Down"
6.99750356752759e-08,-3.82720893907605,0,0.486,0.00537786139178766,"Skp1-201",0.00537786139178766,"Down"
6.99750356752759e-08,-4.40080764527893,0,0.486,0.00537786139178766,"Tut7-201",0.00537786139178766,"Down"
6.99750356752759e-08,-4.10837576573381,0,0.486,0.00537786139178766,"Timm17b-201",0.00537786139178766,"Down"
6.99750356752759e-08,-3.98388738687674,0,0.486,0.00537786139178766,"Nsmaf-205",0.00537786139178766,"Down"
6.99750356752759e-08,-4.79555872931857,0,0.486,0.00537786139178766,"Aco1-201",0.00537786139178766,"Down"
6.99750356752759e-08,-3.06560563686638,0,0.486,0.00537786139178766,"Gtf2e2-203",0.00537786139178766,"Down"
6.99750356752759e-08,-3.06185785686523,0,0.486,0.00537786139178766,"Brd8-201",0.00537786139178766,"Down"
6.99750356752759e-08,-3.74806959574467,0,0.486,0.00537786139178766,"Kif20a-202",0.00537786139178766,"Down"
6.99750356752759e-08,-3.74806959574467,0,0.486,0.00537786139178766,"Kif20a-201",0.00537786139178766,"Down"
6.99750356752759e-08,-4.81703036825076,0,0.486,0.00537786139178766,"Cdc23-203",0.00537786139178766,"Down"
6.99750356752759e-08,-3.5341413739909,0,0.486,0.00537786139178766,"Homer3-203",0.00537786139178766,"Down"
6.99750356752759e-08,-3.5341413739909,0,0.486,0.00537786139178766,"Homer3-201",0.00537786139178766,"Down"
6.99750356752759e-08,-3.59004526466287,0,0.486,0.00537786139178766,"D630045J12Rik-201",0.00537786139178766,"Down"
6.99750356752759e-08,-4.75999659650319,0,0.486,0.00537786139178766,"Gpsm2-201",0.00537786139178766,"Down"
6.99750356752759e-08,-4.18967126114642,0,0.486,0.00537786139178766,"Nolc1-208",0.00537786139178766,"Down"
6.99750356752759e-08,-3.61634827309609,0,0.486,0.00537786139178766,"Ncoa5-201",0.00537786139178766,"Down"
6.99750356752759e-08,-3.46166989154558,0,0.486,0.00537786139178766,"Ppip5k2-202",0.00537786139178766,"Down"
6.99750356752759e-08,-3.66154481975524,0,0.486,0.00537786139178766,"Tln2-201",0.00537786139178766,"Down"
6.99750356752759e-08,-2.84326595794818,0,0.486,0.00537786139178766,"Gtf2a2-214",0.00537786139178766,"Down"
6.99750356752759e-08,-4.99575969001797,0,0.486,0.00537786139178766,"Cstf3-201",0.00537786139178766,"Down"
6.99750356752759e-08,-3.70742974460841,0,0.486,0.00537786139178766,"Mrpl42-201",0.00537786139178766,"Down"
6.99750356752759e-08,-3.80224267310779,0,0.486,0.00537786139178766,"Lamtor3-201",0.00537786139178766,"Down"
6.99750356752759e-08,-2.69116918448101,0,0.486,0.00537786139178766,"Dgcr2-201",0.00537786139178766,"Down"
6.99750356752759e-08,-3.31208579391752,0,0.486,0.00537786139178766,"Mapkap1-209",0.00537786139178766,"Down"
6.99750356752759e-08,-3.9567525255088,0,0.486,0.00537786139178766,"Adgrl1-207",0.00537786139178766,"Down"
6.99750356752759e-08,-4.47810843742222,0,0.486,0.00537786139178766,"Sem1-201",0.00537786139178766,"Down"
6.99750356752759e-08,-4.15565860237981,0,0.486,0.00537786139178766,"Ccnl2-201",0.00537786139178766,"Down"
6.99750356752759e-08,-4.32666030364068,0,0.486,0.00537786139178766,"Haus7-201",0.00537786139178766,"Down"
6.99750356752759e-08,-2.89100986959063,0,0.486,0.00537786139178766,"Tubgcp2-201",0.00537786139178766,"Down"
6.99750356752759e-08,-4.91783741811539,0,0.486,0.00537786139178766,"Cactin-201",0.00537786139178766,"Down"
6.99750356752759e-08,-4.80959907766868,0,0.486,0.00537786139178766,"Wdr6-201",0.00537786139178766,"Down"
6.99750356752759e-08,-4.14886922856559,0,0.486,0.00537786139178766,"Mrpl51-202",0.00537786139178766,"Down"
6.99750356752759e-08,-4.18188200255153,0,0.486,0.00537786139178766,"Mad1l1-201",0.00537786139178766,"Down"
6.99750356752759e-08,-5.00000274218587,0,0.486,0.00537786139178766,"Ccdc8-201",0.00537786139178766,"Down"
6.99750356752759e-08,-4.2442007022179,0,0.486,0.00537786139178766,"Emg1-201",0.00537786139178766,"Down"
6.99750356752759e-08,-4.04961210545308,0,0.486,0.00537786139178766,"Asnsd1-201",0.00537786139178766,"Down"
6.99750356752759e-08,-3.96754127376724,0,0.486,0.00537786139178766,"Supt20-210",0.00537786139178766,"Down"
6.99750356752759e-08,-1.8442878457885,0,0.486,0.00537786139178766,"Zfp384-204",0.00537786139178766,"Down"
6.99750356752759e-08,-1.8442878457885,0,0.486,0.00537786139178766,"Zfp384-203",0.00537786139178766,"Down"
6.99750356752759e-08,-5.61320114011502,0,0.486,0.00537786139178766,"Anln-201",0.00537786139178766,"Down"
6.99750356752759e-08,-2.4103520243161,0,0.486,0.00537786139178766,"Phc1-204",0.00537786139178766,"Down"
6.99750356752759e-08,-3.83634560785,0,0.486,0.00537786139178766,"Scp2-201",0.00537786139178766,"Down"
6.99750356752759e-08,-3.40474527751277,0,0.486,0.00537786139178766,"Ndc1-204",0.00537786139178766,"Down"
6.99750356752759e-08,-3.12186788336231,0,0.486,0.00537786139178766,"Ino80e-203",0.00537786139178766,"Down"
6.99750356752759e-08,-3.52071969291588,0,0.486,0.00537786139178766,"Tead2-201",0.00537786139178766,"Down"
6.99750356752759e-08,-1.90507935756741,0,0.486,0.00537786139178766,"Kctd20-208",0.00537786139178766,"Down"
6.99750356752759e-08,-3.35761161302969,0,0.486,0.00537786139178766,"Kif1b-212",0.00537786139178766,"Down"
6.99750356752759e-08,-4.73290694516231,0,0.486,0.00537786139178766,"Nelfa-201",0.00537786139178766,"Down"
6.99750356752759e-08,-4.8594247266496,0,0.486,0.00537786139178766,"Gsta4-201",0.00537786139178766,"Down"
6.99750356752759e-08,-4.20895200546211,0,0.486,0.00537786139178766,"Ube3b-201",0.00537786139178766,"Down"
6.99750356752759e-08,-3.72429522431073,0,0.486,0.00537786139178766,"Arfgap2-202",0.00537786139178766,"Down"
6.99750356752759e-08,-3.32695949834198,0,0.486,0.00537786139178766,"Ppdpf-204",0.00537786139178766,"Down"
7.08013707698562e-08,-2.6443627482282,0.023,0.542,0.00544136854914653,"Xpot-203",0.00544136854914653,"Down"
7.08013707698562e-08,-3.00982316662557,0.023,0.542,0.00544136854914653,"Eif1ax-201",0.00544136854914653,"Down"
7.08013707698562e-08,-2.76157813398023,0.023,0.542,0.00544136854914653,"Sde2-201",0.00544136854914653,"Down"
7.08013707698562e-08,-2.42230216839714,0.023,0.542,0.00544136854914653,"Mex3a-201",0.00544136854914653,"Down"
7.08013707698562e-08,-2.36395314289034,0.023,0.542,0.00544136854914653,"Kansl2-204",0.00544136854914653,"Down"
7.08013707698562e-08,-2.28645978155003,0.023,0.542,0.00544136854914653,"Leng8-201",0.00544136854914653,"Down"
7.08114991558435e-08,-3.41721752397012,0.068,0.583,0.0054421469561232,"Eno1b-202",0.0054421469561232,"Down"
7.12491674687163e-08,-1.78062546958338,0.023,0.514,0.00547578351664072,"Ctnnd1-220",0.00547578351664072,"Down"
7.12491674687163e-08,-1.78062546958338,0.023,0.514,0.00547578351664072,"Ctnnd1-203",0.00547578351664072,"Down"
7.13154641907351e-08,-3.58558738573532,0.023,0.528,0.00548087868491476,"Atrnl1-201",0.00548087868491476,"Down"
7.18025911719271e-08,-2.60509152775802,0.068,0.625,0.00551831634192729,"Jak1-201",0.00551831634192729,"Down"
7.2086261755003e-08,-3.94017241659003,0.045,0.556,0.005540117560919,"Ikzf5-201",0.005540117560919,"Down"
7.25871335945914e-08,-2.48380546739941,0.045,0.583,0.00557861156527873,"Myl12b-204",0.00557861156527873,"Down"
7.34934049082484e-08,-2.08168200938584,0.023,0.542,0.00564826214081852,"Grb2-203",0.00564826214081852,"Down"
7.34934049082484e-08,-2.12712745019484,0.023,0.542,0.00564826214081852,"Npat-201",0.00564826214081852,"Down"
7.34934049082484e-08,-1.92424267440948,0.023,0.542,0.00564826214081852,"Psma7-202",0.00564826214081852,"Down"
7.34934049082484e-08,-2.51520309235836,0.023,0.542,0.00564826214081852,"Crybg3-205",0.00564826214081852,"Down"
7.34934049082484e-08,-2.08944638910353,0.023,0.542,0.00564826214081852,"Trap1-201",0.00564826214081852,"Down"
7.34934049082484e-08,-2.00934059458598,0.023,0.542,0.00564826214081852,"Srsf10-204",0.00564826214081852,"Down"
7.34934049082484e-08,-1.36432695798098,0.023,0.542,0.00564826214081852,"Dock7-201",0.00564826214081852,"Down"
7.34934049082484e-08,-2.05254701458857,0.023,0.542,0.00564826214081852,"Phf12-201",0.00564826214081852,"Down"
7.34934049082484e-08,-2.4800477161856,0.023,0.542,0.00564826214081852,"Cdc42se2-201",0.00564826214081852,"Down"
7.36389119241951e-08,-1.9335948724116,0.068,0.611,0.00565944493702209,"Pafah1b1-201",0.00565944493702209,"Down"
7.39280097886947e-08,-2.51236916223014,0.045,0.569,0.00568166326430034,"Sdcbp-201",0.00568166326430034,"Down"
7.39280097886947e-08,-2.78270984774168,0.045,0.569,0.00568166326430034,"Kdm3a-201",0.00568166326430034,"Down"
7.39280097886947e-08,-2.78270984774168,0.045,0.569,0.00568166326430034,"Kdm3a-202",0.00568166326430034,"Down"
7.40482748399479e-08,-3.5496166989629,0.023,0.528,0.00569090611454936,"Phldb2-202",0.00569090611454936,"Down"
7.40482748399479e-08,-3.77063472358146,0.023,0.528,0.00569090611454936,"Hipk2-206",0.00569090611454936,"Down"
7.43891423419967e-08,-2.54668693171617,0.068,0.625,0.00571710314555182,"Ppp1r15b-201",0.00571710314555182,"Down"
7.4784555411457e-08,-3.3479357844148,0.045,0.556,0.00574749222159211,"Bcor-204",0.00574749222159211,"Down"
7.61007320617492e-08,-3.28920225351818,0.068,0.583,0.00584864566187367,"Chd6-201",0.00584864566187367,"Down"
7.66734808671302e-08,-2.73727934618403,0.045,0.569,0.00589266369856242,"ENSMUST00000249899.1",0.00589266369856242,"Down"
7.66734808671302e-08,-3.38264108387073,0.045,0.569,0.00589266369856242,"Enah-211",0.00589266369856242,"Down"
7.68587301123287e-08,-3.69776132605559,0.023,0.514,0.00590690084405291,"Tcof1-201",0.00590690084405291,"Down"
7.70658350914047e-08,-2.01122688634039,0.068,0.625,0.00592281769011481,"Topors-201",0.00592281769011481,"Down"
7.87681946033589e-08,-1.65566077419073,0.136,0.708,0.00605365082804654,"Ube2h-202",0.00605365082804654,"Down"
7.90641052136742e-08,-2.5250487831324,0.068,0.611,0.00607639274209172,"Nfe2l1-201",0.00607639274209172,"Down"
7.95175811708772e-08,-3.01454104556207,0.045,0.569,0.0061112441833066,"Tet2-201",0.0061112441833066,"Down"
7.98214324355985e-08,-3.80815924678706,0.023,0.528,0.00613459636840549,"Pin1-201",0.00613459636840549,"Down"
7.98214324355985e-08,-3.27673873860681,0.023,0.528,0.00613459636840549,"Nucb1-210",0.00613459636840549,"Down"
7.98216103241857e-08,-4.15655566947029,0.023,0.514,0.00613461003985496,"Dse-201",0.00613461003985496,"Down"
8.125654259004e-08,-2.88492309879136,0.091,0.611,0.00624489032421493,"Son-208",0.00624489032421493,"Down"
8.24637268474281e-08,-2.57761858948043,0.045,0.569,0.00633766726313224,"Ubxn1-201",0.00633766726313224,"Down"
8.24637268474281e-08,-2.20134411189658,0.045,0.569,0.00633766726313224,"Pdgfrb-202",0.00633766726313224,"Down"
8.26404018186475e-08,-1.5014263651451,0.091,0.667,0.00635124544137033,"Ctdsp2-202",0.00635124544137033,"Down"
8.26404018186475e-08,-1.75272457548804,0.091,0.667,0.00635124544137033,"Napa-201",0.00635124544137033,"Down"
8.27018596816622e-08,-2.3363627249197,0.068,0.625,0.00635596872397447,"Tab2-204",0.00635596872397447,"Down"
8.28691454407427e-08,-3.73164302315739,0.023,0.528,0.00636882530370284,"Erp44-201",0.00636882530370284,"Down"
8.289496461362e-08,-3.41339208433436,0.023,0.514,0.00637080961041516,"Ssbp3-213",0.00637080961041516,"Down"
8.38901957479033e-08,-2.12795505934758,0.045,0.583,0.00644729710400936,"Naa12-202",0.00644729710400936,"Down"
8.51436102781487e-08,-2.80645264352352,0.114,0.639,0.00654362702431684,"Ncor1-204",0.00654362702431684,"Down"
8.53314468247646e-08,-2.42482150994723,0.182,0.75,0.00655806301427046,"Ccn1-201",0.00655806301427046,"Down"
8.55154476563336e-08,-3.3403142951534,0.045,0.569,0.00657220421417986,"Dctn2-201",0.00657220421417986,"Down"
8.55154476563336e-08,-3.21185999997275,0.045,0.569,0.00657220421417986,"Ythdc1-207",0.00657220421417986,"Down"
8.55154476563336e-08,-2.66994527383233,0.045,0.569,0.00657220421417986,"Kat7-205",0.00657220421417986,"Down"
8.56675460965093e-08,-2.26396982537979,0.068,0.625,0.00658389358770112,"Arpc2-201",0.00658389358770112,"Down"
8.59637467071559e-08,-2.48629870717643,0.091,0.625,0.00660665778943176,"Tpi1-205",0.00660665778943176,"Down"
8.59637467071559e-08,-2.48629870717643,0.091,0.625,0.00660665778943176,"Tpi1-207",0.00660665778943176,"Down"
8.60294031556636e-08,-3.50651679302677,0.023,0.528,0.00661170375012537,"Mast2-201",0.00661170375012537,"Down"
8.60294031556636e-08,-2.00733017820377,0.023,0.528,0.00661170375012537,"Phc1-207",0.00661170375012537,"Down"
8.60294031556636e-08,-2.94849748825868,0.023,0.528,0.00661170375012537,"Nfe2l1-203",0.00661170375012537,"Down"
8.60827638361443e-08,-5.23361696923612,0.023,0.514,0.00661580473186303,"Nnat-205",0.00661580473186303,"Down"
8.65894879423521e-08,-3.71851299145166,0.045,0.556,0.00665474850632153,"Pten-201",0.00665474850632153,"Down"
8.6971957400489e-08,-2.35865892761932,0.045,0.583,0.00668414281405718,"Kras-201",0.00668414281405718,"Down"
8.6971957400489e-08,-2.51170570384857,0.045,0.583,0.00668414281405718,"Gstm5-205",0.00668414281405718,"Down"
8.78509293179203e-08,-3.05671445268136,0.068,0.583,0.00675169532179945,"Ehmt1-210",0.00675169532179945,"Down"
8.79341719123174e-08,-2.16364640937279,0.068,0.611,0.00675809284814924,"Gapvd1-201",0.00675809284814924,"Down"
8.79341719123174e-08,-2.21552927190207,0.068,0.611,0.00675809284814924,"Gapvd1-203",0.00675809284814924,"Down"
8.814561880242e-08,-2.34179433837393,0.091,0.653,0.00677434338744119,"Cops2-203",0.00677434338744119,"Down"
8.86763905782453e-08,-3.42353779578468,0.045,0.569,0.00681513532150047,"Ndn-201",0.00681513532150047,"Down"
8.87360893541728e-08,-2.15100346389865,0.068,0.625,0.0068197234112256,"Fndc3b-204",0.0068197234112256,"Down"
8.87360893541728e-08,-2.15100346389865,0.068,0.625,0.0068197234112256,"Fndc3b-201",0.0068197234112256,"Down"
8.93062116467154e-08,-3.88169029222516,0.023,0.528,0.00686353958989667,"Homer1-204",0.00686353958989667,"Down"
8.93062116467154e-08,-2.76662906887596,0.023,0.528,0.00686353958989667,"Tbl1xr1-211",0.00686353958989667,"Down"
8.93062116467154e-08,-3.34069845636593,0.023,0.528,0.00686353958989667,"Gga2-202",0.00686353958989667,"Down"
8.93062116467154e-08,-3.03942527819903,0.023,0.528,0.00686353958989667,"Zmynd8-203",0.00686353958989667,"Down"
8.93062116467154e-08,-3.60462087520758,0.023,0.528,0.00686353958989667,"Gpx7-201",0.00686353958989667,"Down"
8.93062116467154e-08,-2.73560372091812,0.023,0.528,0.00686353958989667,"Qars-203",0.00686353958989667,"Down"
8.93062116467154e-08,-3.47880515434658,0.023,0.528,0.00686353958989667,"Kdm1a-202",0.00686353958989667,"Down"
8.93062116467154e-08,-3.03122120742466,0.023,0.528,0.00686353958989667,"Bcl7c-205",0.00686353958989667,"Down"
8.93891158682521e-08,-4.04876815154489,0.023,0.514,0.00686991111093865,"Suds3-201",0.00686991111093865,"Down"
8.93891158682521e-08,-3.69192426679807,0.023,0.514,0.00686991111093865,"Senp2-201",0.00686991111093865,"Down"
8.93891158682521e-08,-2.97760214589969,0.023,0.514,0.00686991111093865,"Gtf3c2-210",0.00686991111093865,"Down"
8.93891158682521e-08,-3.26026312129528,0.023,0.514,0.00686991111093865,"Ranbp3-206",0.00686991111093865,"Down"
9.10994749713352e-08,-2.60136820217636,0.068,0.611,0.007001359049447,"Gng12-201",0.007001359049447,"Down"
9.19503235327045e-08,-2.82779108556956,0.045,0.569,0.00706675016478247,"Cep350-204",0.00706675016478247,"Down"
9.19503235327045e-08,-2.53217251180836,0.045,0.569,0.00706675016478247,"Park7-203",0.00706675016478247,"Down"
9.27037138622126e-08,-2.76319990448825,0.023,0.528,0.00712465122516649,"Dhx30-224",0.00712465122516649,"Down"
9.27037138622126e-08,-2.44795776443451,0.023,0.528,0.00712465122516649,"Brpf1-208",0.00712465122516649,"Down"
9.27037138622126e-08,-2.95152470671329,0.023,0.528,0.00712465122516649,"Ap2a1-202",0.00712465122516649,"Down"
9.28182701225866e-08,-3.95882023480747,0.023,0.514,0.00713345533200127,"Cep83-201",0.00713345533200127,"Down"
9.31496398888279e-08,-3.19857523187328,0.045,0.556,0.00715892242401598,"Gstp1-208",0.00715892242401598,"Down"
9.34676882460341e-08,-2.36320615755027,0.045,0.583,0.0071833657124607,"Lpgat1-201",0.0071833657124607,"Down"
9.42352032833355e-08,-1.14751743970744,0.091,0.694,0.00724235231313746,"Tmed9-201",0.00724235231313746,"Down"
9.44600956673603e-08,-2.77923313203222,0.114,0.639,0.00725963619241931,"Prkar1a-203",0.00725963619241931,"Down"
9.62261940982448e-08,-3.7418182427598,0.023,0.528,0.0073953679212265,"Sfrp1-201",0.0073953679212265,"Down"
9.68818696835754e-08,-2.08115048311373,0.091,0.639,0.0074457592126615,"Birc6-218",0.0074457592126615,"Down"
9.88528590045702e-08,-2.32520668836816,0.045,0.569,0.00759723762593724,"Dyrk1a-201",0.00759723762593724,"Down"
9.88528590045702e-08,-2.07565858395334,0.045,0.569,0.00759723762593724,"Akr1a1-201",0.00759723762593724,"Down"
9.98780826026404e-08,-2.59357293336426,0.023,0.528,0.00767603016034333,"Drap1-201",0.00767603016034333,"Down"
9.98780826026404e-08,-2.73591951111766,0.023,0.528,0.00767603016034333,"Itpr1-201",0.00767603016034333,"Down"
9.98780826026404e-08,-2.73591951111766,0.023,0.528,0.00767603016034333,"Itpr1-205",0.00767603016034333,"Down"
9.98780826026404e-08,-3.15410348484332,0.023,0.528,0.00767603016034333,"Slc39a7-204",0.00767603016034333,"Down"
9.98780826026404e-08,-2.84682716170986,0.023,0.528,0.00767603016034333,"Nelfe-201",0.00767603016034333,"Down"
9.98780826026404e-08,-3.07377796299148,0.023,0.528,0.00767603016034333,"Ruvbl2-201",0.00767603016034333,"Down"
1.00062718712059e-07,-3.50434293702867,0.023,0.514,0.00769022018389657,"Anapc7-203",0.00769022018389657,"Down"
1.00062718712059e-07,-3.50434293702867,0.023,0.514,0.00769022018389657,"Anapc7-201",0.00769022018389657,"Down"
1.00189787545798e-07,-3.25004537492485,0.045,0.556,0.00769998593204474,"Dazap1-202",0.00769998593204474,"Down"
1.03240220853518e-07,-5.03772337978538,0.023,0.5,0.00793442393347629,"Dbn1-201",0.00793442393347629,"Down"
1.03663960321081e-07,-2.49568523700442,0.023,0.528,0.00796699000651639,"Mrpl23-202",0.00796699000651639,"Down"
1.03663960321081e-07,-2.49568523700442,0.023,0.528,0.00796699000651639,"Mrpl23-207",0.00796699000651639,"Down"
1.03663960321081e-07,-2.49568523700442,0.023,0.528,0.00796699000651639,"Mrpl23-206",0.00796699000651639,"Down"
1.03887262190013e-07,-3.88926767951117,0.023,0.514,0.00798415164835128,"Oat-201",0.00798415164835128,"Down"
1.04099911927728e-07,-1.97197303931246,0.045,0.583,0.00800049463129361,"Nupl1-201",0.00800049463129361,"Down"
1.04099911927728e-07,-1.61955675995902,0.045,0.583,0.00800049463129361,"Kat6b-206",0.00800049463129361,"Down"
1.04099911927728e-07,-1.61955675995902,0.045,0.583,0.00800049463129361,"Kat6b-204",0.00800049463129361,"Down"
1.04099911927728e-07,-2.16185335992037,0.045,0.583,0.00800049463129361,"Kmt2b-202",0.00800049463129361,"Down"
1.04900075833171e-07,-1.31526580267429,0.068,0.611,0.00806199042808253,"Xrcc1-205",0.00806199042808253,"Down"
1.04900075833171e-07,-1.31526580267429,0.068,0.611,0.00806199042808253,"Xrcc1-201",0.00806199042808253,"Down"
1.05143110677559e-07,-2.98394956375267,0.136,0.639,0.00808066862801312,"Uba52-205",0.00808066862801312,"Down"
1.06255764632269e-07,-2.79096427777471,0.045,0.569,0.00816618053504841,"Chp1-201",0.00816618053504841,"Down"
1.07492801834916e-07,-2.40079285952927,0.091,0.639,0.00826125179222064,"Prdm2-201",0.00826125179222064,"Down"
1.07588563789492e-07,-2.52490798739625,0.023,0.528,0.0082686114814776,"Picalm-206",0.0082686114814776,"Down"
1.07853116231654e-07,-3.95561920143815,0.023,0.514,0.00828894339486752,"Lats1-202",0.00828894339486752,"Down"
1.07853116231654e-07,-3.05072734594952,0.023,0.514,0.00828894339486752,"Tug1-203",0.00828894339486752,"Down"
1.10073155738141e-07,-1.86383270963182,0.182,0.764,0.00845956231109908,"Ube2e3-201",0.00845956231109908,"Down"
1.10155674007787e-07,-2.60937014315461,0.045,0.569,0.00846590417019448,"Erbin-201",0.00846590417019448,"Down"
1.11273450524007e-07,-2.35932551943094,0.091,0.639,0.00855180976657205,"Tra2a-202",0.00855180976657205,"Down"
1.11656790176937e-07,-2.77244465393554,0.023,0.528,0.0085812709522583,"Fam91a1-201",0.0085812709522583,"Down"
1.11656790176937e-07,-3.39727666278369,0.023,0.528,0.0085812709522583,"Ndufa8-201",0.0085812709522583,"Down"
1.11656790176937e-07,-1.71340251982586,0.023,0.528,0.0085812709522583,"Prom1-205",0.0085812709522583,"Down"
1.11656790176937e-07,-1.71340251982586,0.023,0.528,0.0085812709522583,"Prom1-203",0.0085812709522583,"Down"
1.11847019756239e-07,2.55573569987888,0.773,0.375,0.00859589085634599,"Fech-210",0.00859589085634599,"Up"
1.12221921046133e-07,-1.26847690047555,0.114,0.639,0.00862470352007954,"Plec-206",0.00862470352007954,"Down"
1.12535044835932e-07,-3.20372080814661,0.045,0.542,0.00864876833582074,"Igf2bp2-207",0.00864876833582074,"Down"
1.12535044835932e-07,-3.20372080814661,0.045,0.542,0.00864876833582074,"Igf2bp2-210",0.00864876833582074,"Down"
1.12538745012303e-07,-2.03276601329148,0.068,0.611,0.00864905270917554,"Golim4-202",0.00864905270917554,"Down"
1.15847547292666e-07,-3.18752383179343,0.045,0.556,0.00890334739963054,"Uso1-201",0.00890334739963054,"Down"
1.15873702483368e-07,-2.73625990539411,0.023,0.528,0.00890535753065673,"Hmg20a-201",0.00890535753065673,"Down"
1.15873702483368e-07,-2.44060901378909,0.023,0.528,0.00890535753065673,"Ktn1-220",0.00890535753065673,"Down"
1.15873702483368e-07,-3.1405197172574,0.023,0.528,0.00890535753065673,"Polr1d-201",0.00890535753065673,"Down"
1.15873702483368e-07,-2.61921957529472,0.023,0.528,0.00890535753065673,"Btf3l4b-201",0.00890535753065673,"Down"
1.15873702483368e-07,-2.37341018676349,0.023,0.528,0.00890535753065673,"Mknk2-205",0.00890535753065673,"Down"
1.15873702483368e-07,-2.99004936835428,0.023,0.528,0.00890535753065673,"Man1b1-201",0.00890535753065673,"Down"
1.16143227117378e-07,-2.98097534757437,0.114,0.639,0.00892607157687894,"Prrc2a-206",0.00892607157687894,"Down"
1.16229047371087e-07,-3.33336115610041,0.023,0.514,0.00893266720665754,"Specc1l-202",0.00893266720665754,"Down"
1.16229047371087e-07,-3.33336115610041,0.023,0.514,0.00893266720665754,"Specc1l-201",0.00893266720665754,"Down"
1.16229047371087e-07,-3.72511869413665,0.023,0.514,0.00893266720665754,"Crkl-201",0.00893266720665754,"Down"
1.16557246608688e-07,-2.30717257372583,0.068,0.611,0.00895789063086415,"Ppp4r3a-202",0.00895789063086415,"Down"
1.20244534896672e-07,-2.69850707418254,0.023,0.528,0.00924127348494887,"Oaz2-206",0.00924127348494887,"Down"
1.20554886373747e-07,-1.60159237954996,0.091,0.667,0.00926512523736797,"Klf6-201",0.00926512523736797,"Down"
1.2064970509289e-07,-2.43012284155133,0.023,0.514,0.00927241243520893,"Baz2a-209",0.00927241243520893,"Down"
1.2064970509289e-07,-2.68910766419952,0.023,0.514,0.00927241243520893,"Dnm2-202",0.00927241243520893,"Down"
1.22704630435474e-07,-1.50547261905116,0.045,0.569,0.00943034166748793,"Twf2-201",0.00943034166748793,"Down"
1.22704630435474e-07,-2.06860925421312,0.045,0.569,0.00943034166748793,"Soga1-201",0.00943034166748793,"Down"
1.22704630435474e-07,-2.09307297340135,0.045,0.569,0.00943034166748793,"Atp5h-201",0.00943034166748793,"Down"
1.23300764797832e-07,-3.98847888168546,0,0.472,0.00947615697777258,"Pacs1-201",0.00947615697777258,"Down"
1.23300764797832e-07,-4.76424224453641,0,0.472,0.00947615697777258,"Hunk-201",0.00947615697777258,"Down"
1.23300764797832e-07,-4.66806789529254,0,0.472,0.00947615697777258,"Ndufb9-201",0.00947615697777258,"Down"
1.23300764797832e-07,-2.58058008642951,0,0.472,0.00947615697777258,"Klc1-201",0.00947615697777258,"Down"
1.23300764797832e-07,-4.42583949880978,0,0.472,0.00947615697777258,"Id2-201",0.00947615697777258,"Down"
1.23300764797832e-07,-2.94639475147522,0,0.472,0.00947615697777258,"Fancm-201",0.00947615697777258,"Down"
1.23300764797832e-07,-4.12732893031478,0,0.472,0.00947615697777258,"Reep3-201",0.00947615697777258,"Down"
1.23300764797832e-07,-2.65364333641132,0,0.472,0.00947615697777258,"Tsc2-203",0.00947615697777258,"Down"
1.23300764797832e-07,-4.14582917812545,0,0.472,0.00947615697777258,"Tpx2-201",0.00947615697777258,"Down"
1.23300764797832e-07,-4.29449386866139,0,0.472,0.00947615697777258,"Tpx2-206",0.00947615697777258,"Down"
1.23300764797832e-07,-3.80478775734453,0,0.472,0.00947615697777258,"Casp3-201",0.00947615697777258,"Down"
1.23300764797832e-07,-3.49289725391519,0,0.472,0.00947615697777258,"Ipo11-201",0.00947615697777258,"Down"
1.23300764797832e-07,-3.19684124822006,0,0.472,0.00947615697777258,"Phf14-202",0.00947615697777258,"Down"
1.23300764797832e-07,-4.66136631676366,0,0.472,0.00947615697777258,"Arid4a-201",0.00947615697777258,"Down"
1.23300764797832e-07,-4.93613033243905,0,0.472,0.00947615697777258,"Lin28b-201",0.00947615697777258,"Down"
1.23300764797832e-07,-4.52484401938617,0,0.472,0.00947615697777258,"Nxn-201",0.00947615697777258,"Down"
1.23300764797832e-07,-4.19779313391788,0,0.472,0.00947615697777258,"Acbd6-201",0.00947615697777258,"Down"
1.23300764797832e-07,-2.84983651300442,0,0.472,0.00947615697777258,"Picalm-201",0.00947615697777258,"Down"
1.23300764797832e-07,-2.61299358579668,0,0.472,0.00947615697777258,"Brcc3-202",0.00947615697777258,"Down"
1.23300764797832e-07,-4.51307028735214,0,0.472,0.00947615697777258,"Asf1a-201",0.00947615697777258,"Down"
1.23300764797832e-07,-4.32939100704041,0,0.472,0.00947615697777258,"Rpap3-201",0.00947615697777258,"Down"
1.23300764797832e-07,-4.01491649209116,0,0.472,0.00947615697777258,"Nmral1-204",0.00947615697777258,"Down"
1.23300764797832e-07,-4.74387052076648,0,0.472,0.00947615697777258,"Fam98a-201",0.00947615697777258,"Down"
1.23300764797832e-07,-2.37161777210465,0,0.472,0.00947615697777258,"Timeless-201",0.00947615697777258,"Down"
1.23300764797832e-07,-2.37161777210465,0,0.472,0.00947615697777258,"Timeless-214",0.00947615697777258,"Down"
1.23300764797832e-07,-2.50223619800776,0,0.472,0.00947615697777258,"Timeless-205",0.00947615697777258,"Down"
1.23300764797832e-07,-2.37161777210465,0,0.472,0.00947615697777258,"Timeless-206",0.00947615697777258,"Down"
1.23300764797832e-07,-2.96683704824629,0,0.472,0.00947615697777258,"Rgs12-201",0.00947615697777258,"Down"
1.23300764797832e-07,-2.96683704824629,0,0.472,0.00947615697777258,"Rgs12-202",0.00947615697777258,"Down"
1.23300764797832e-07,-3.81870822979254,0,0.472,0.00947615697777258,"Svil-211",0.00947615697777258,"Down"
1.23300764797832e-07,-3.87673219077322,0,0.472,0.00947615697777258,"Psen1-202",0.00947615697777258,"Down"
1.23300764797832e-07,-4.17427095610061,0,0.472,0.00947615697777258,"Thoc1-201",0.00947615697777258,"Down"
1.23300764797832e-07,-4.31221903096553,0,0.472,0.00947615697777258,"Tmed7-203",0.00947615697777258,"Down"
1.23300764797832e-07,-4.02756760600862,0,0.472,0.00947615697777258,"Pola2-201",0.00947615697777258,"Down"
1.23300764797832e-07,-3.53619130847741,0,0.472,0.00947615697777258,"Zfp148-201",0.00947615697777258,"Down"
1.23300764797832e-07,-4.62583381731134,0,0.472,0.00947615697777258,"Rbx1-201",0.00947615697777258,"Down"
1.23300764797832e-07,-4.45806821454341,0,0.472,0.00947615697777258,"Cxxc5-206",0.00947615697777258,"Down"
1.23300764797832e-07,-3.07485574051299,0,0.472,0.00947615697777258,"Arhgef2-202",0.00947615697777258,"Down"
1.23300764797832e-07,-4.35640091718502,0,0.472,0.00947615697777258,"Wasl-201",0.00947615697777258,"Down"
1.23300764797832e-07,-4.53956196255368,0,0.472,0.00947615697777258,"Ltv1-201",0.00947615697777258,"Down"
1.23300764797832e-07,-4.91249606214044,0,0.472,0.00947615697777258,"Txnl4a-204",0.00947615697777258,"Down"
1.23300764797832e-07,-3.33621210693397,0,0.472,0.00947615697777258,"Rbm10-203",0.00947615697777258,"Down"
1.23300764797832e-07,-2.15739677341048,0,0.472,0.00947615697777258,"Atad1-206",0.00947615697777258,"Down"
1.23300764797832e-07,-6.06125040135558,0,0.472,0.00947615697777258,"Prrc2c-201",0.00947615697777258,"Down"
1.23300764797832e-07,-3.59175271234577,0,0.472,0.00947615697777258,"Zfp362-202",0.00947615697777258,"Down"
1.23300764797832e-07,-3.59175271234577,0,0.472,0.00947615697777258,"Zfp362-201",0.00947615697777258,"Down"
1.23300764797832e-07,-4.57337310171324,0,0.472,0.00947615697777258,"Nub1-202",0.00947615697777258,"Down"
1.23300764797832e-07,-3.96533052147625,0,0.472,0.00947615697777258,"Nub1-201",0.00947615697777258,"Down"
1.23300764797832e-07,-3.90042973037558,0,0.472,0.00947615697777258,"Nsmaf-201",0.00947615697777258,"Down"
1.23300764797832e-07,-2.93053992777082,0,0.472,0.00947615697777258,"Ndel1-203",0.00947615697777258,"Down"
1.23300764797832e-07,-3.37495885548469,0,0.472,0.00947615697777258,"Pxn-201",0.00947615697777258,"Down"
1.23300764797832e-07,-3.07610053751774,0,0.472,0.00947615697777258,"Gtf2e2-201",0.00947615697777258,"Down"
1.23300764797832e-07,-4.1080600425906,0,0.472,0.00947615697777258,"Gfm1-201",0.00947615697777258,"Down"
1.23300764797832e-07,-3.26860030618861,0,0.472,0.00947615697777258,"Shc1-210",0.00947615697777258,"Down"
1.23300764797832e-07,-4.09795196911763,0,0.472,0.00947615697777258,"Nfx1-203",0.00947615697777258,"Down"
1.23300764797832e-07,-3.1826077989409,0,0.472,0.00947615697777258,"Paip1-202",0.00947615697777258,"Down"
1.23300764797832e-07,-4.11132656081995,0,0.472,0.00947615697777258,"Isyna1-206",0.00947615697777258,"Down"
1.23300764797832e-07,-4.25913027338899,0,0.472,0.00947615697777258,"Csnk1g2-201",0.00947615697777258,"Down"
1.23300764797832e-07,-3.77189175541132,0,0.472,0.00947615697777258,"Pgls-205",0.00947615697777258,"Down"
1.23300764797832e-07,-2.51587922074663,0,0.472,0.00947615697777258,"Ash2l-202",0.00947615697777258,"Down"
1.23300764797832e-07,-2.99844941447393,0,0.472,0.00947615697777258,"Cnot10-201",0.00947615697777258,"Down"
1.23300764797832e-07,-3.27145742005911,0,0.472,0.00947615697777258,"Psme2-208",0.00947615697777258,"Down"
1.23300764797832e-07,-3.33678817879861,0,0.472,0.00947615697777258,"Dctd-203",0.00947615697777258,"Down"
1.23300764797832e-07,-3.33678817879861,0,0.472,0.00947615697777258,"Dctd-201",0.00947615697777258,"Down"
1.23300764797832e-07,-2.88536247384564,0,0.472,0.00947615697777258,"Zmynd8-205",0.00947615697777258,"Down"
1.23300764797832e-07,-4.88269547505985,0,0.472,0.00947615697777258,"Ccnb2-201",0.00947615697777258,"Down"
1.23300764797832e-07,-3.86254088649506,0,0.472,0.00947615697777258,"Emc8-201",0.00947615697777258,"Down"
1.23300764797832e-07,-4.22444842716371,0,0.472,0.00947615697777258,"Dvl2-201",0.00947615697777258,"Down"
1.23300764797832e-07,-5.14530596906503,0,0.472,0.00947615697777258,"Setd7-201",0.00947615697777258,"Down"
1.23300764797832e-07,-4.44529054144218,0,0.472,0.00947615697777258,"Rbm15-202",0.00947615697777258,"Down"
1.23300764797832e-07,-2.62181545509902,0,0.472,0.00947615697777258,"Dgcr2-206",0.00947615697777258,"Down"
1.23300764797832e-07,-4.4775769551176,0,0.472,0.00947615697777258,"Gpn1-201",0.00947615697777258,"Down"
1.23300764797832e-07,-3.74564365743385,0,0.472,0.00947615697777258,"Limd1-201",0.00947615697777258,"Down"
1.23300764797832e-07,-3.01192088299742,0,0.472,0.00947615697777258,"Lztfl1-204",0.00947615697777258,"Down"
1.23300764797832e-07,-4.63711736502992,0,0.472,0.00947615697777258,"Trip13-201",0.00947615697777258,"Down"
1.23300764797832e-07,-3.67035035607385,0,0.472,0.00947615697777258,"Hbs1l-201",0.00947615697777258,"Down"
1.23300764797832e-07,-4.9121236239108,0,0.472,0.00947615697777258,"Prpf38a-201",0.00947615697777258,"Down"
1.23300764797832e-07,-3.75530232133972,0,0.472,0.00947615697777258,"Zfyve9-203",0.00947615697777258,"Down"
1.23300764797832e-07,-2.86642213332374,0,0.472,0.00947615697777258,"Tubgcp2-203",0.00947615697777258,"Down"
1.23300764797832e-07,-4.25571129622193,0,0.472,0.00947615697777258,"Isy1-201",0.00947615697777258,"Down"
1.23300764797832e-07,-2.84620397105334,0,0.472,0.00947615697777258,"Hmg20b-202",0.00947615697777258,"Down"
1.23300764797832e-07,-5.28688053109073,0,0.472,0.00947615697777258,"Crabp2-201",0.00947615697777258,"Down"
1.23300764797832e-07,-3.29367083984749,0,0.472,0.00947615697777258,"Ndufs1-203",0.00947615697777258,"Down"
1.23300764797832e-07,-4.26378515525319,0,0.472,0.00947615697777258,"Wipi2-201",0.00947615697777258,"Down"
1.23300764797832e-07,-3.71976790283779,0,0.472,0.00947615697777258,"Usp5-201",0.00947615697777258,"Down"
1.23300764797832e-07,-4.03905443321416,0,0.472,0.00947615697777258,"Capzb-201",0.00947615697777258,"Down"
1.23300764797832e-07,-3.74306395932179,0,0.472,0.00947615697777258,"Rp9-201",0.00947615697777258,"Down"
1.23300764797832e-07,-4.22373916100108,0,0.472,0.00947615697777258,"Fndc3a-205",0.00947615697777258,"Down"
1.23300764797832e-07,-4.01320809122064,0,0.472,0.00947615697777258,"Cecr2-202",0.00947615697777258,"Down"
1.23300764797832e-07,-3.79018663109145,0,0.472,0.00947615697777258,"Nup205-201",0.00947615697777258,"Down"
1.23300764797832e-07,-3.77850056629531,0,0.472,0.00947615697777258,"Aamp-202",0.00947615697777258,"Down"
1.23300764797832e-07,-4.27244908058097,0,0.472,0.00947615697777258,"Tulp4-201",0.00947615697777258,"Down"
1.23300764797832e-07,-3.99789834868517,0,0.472,0.00947615697777258,"Txnrd1-208",0.00947615697777258,"Down"
1.23300764797832e-07,-3.95162791780733,0,0.472,0.00947615697777258,"Ptprd-206",0.00947615697777258,"Down"
1.23300764797832e-07,-4.72390325447295,0,0.472,0.00947615697777258,"Sbds-201",0.00947615697777258,"Down"
1.23300764797832e-07,-4.38040578291996,0,0.472,0.00947615697777258,"Pgd-201",0.00947615697777258,"Down"
1.23300764797832e-07,-4.13858796963169,0,0.472,0.00947615697777258,"Ergic3-201",0.00947615697777258,"Down"
1.23300764797832e-07,-2.70651095975651,0,0.472,0.00947615697777258,"Flot2-201",0.00947615697777258,"Down"
1.23300764797832e-07,-3.46901079851113,0,0.472,0.00947615697777258,"Uap1-203",0.00947615697777258,"Down"
1.23300764797832e-07,-3.46901079851113,0,0.472,0.00947615697777258,"Uap1-201",0.00947615697777258,"Down"
1.23300764797832e-07,-3.518013513148,0,0.472,0.00947615697777258,"Nup62-205",0.00947615697777258,"Down"
1.23300764797832e-07,-3.518013513148,0,0.472,0.00947615697777258,"Nup62-203",0.00947615697777258,"Down"
1.23300764797832e-07,-3.92892254921288,0,0.472,0.00947615697777258,"Ppat-202",0.00947615697777258,"Down"
1.23300764797832e-07,-3.54966991355548,0,0.472,0.00947615697777258,"Nelfcd-201",0.00947615697777258,"Down"
1.23300764797832e-07,-4.47255977211285,0,0.472,0.00947615697777258,"Fbh1-201",0.00947615697777258,"Down"
1.23300764797832e-07,-3.66341754213978,0,0.472,0.00947615697777258,"Ahsa2-202",0.00947615697777258,"Down"
1.23300764797832e-07,-3.68453445888579,0,0.472,0.00947615697777258,"Ahsa2-205",0.00947615697777258,"Down"
1.23300764797832e-07,-3.41285861459684,0,0.472,0.00947615697777258,"Usp46-201",0.00947615697777258,"Down"
1.23300764797832e-07,-5.80593650092386,0,0.472,0.00947615697777258,"Hnrnpd-201",0.00947615697777258,"Down"
1.23300764797832e-07,-4.16636143312097,0,0.472,0.00947615697777258,"Tdg-ps2-201",0.00947615697777258,"Down"
1.23469862469402e-07,-2.45112492341511,0.182,0.736,0.00948915281022342,"Fos-201",0.00948915281022342,"Down"
1.24387461318185e-07,-2.11846335326324,0.091,0.653,0.00955967395214782,"Jmjd1c-211",0.00955967395214782,"Down"
1.24387461318185e-07,-2.27655653498633,0.091,0.653,0.00955967395214782,"Rac1-201",0.00955967395214782,"Down"
1.24387461318185e-07,-2.09119246383085,0.091,0.653,0.00955967395214782,"Snap23-202",0.00955967395214782,"Down"
1.24539745689863e-07,-2.28051404496527,0.045,0.556,0.00957137761524871,"Gtf2i-201",0.00957137761524871,"Down"
1.24657578610073e-07,-3.91659336918569,0.023,0.5,0.00958043354649854,"Dnajc13-203",0.00958043354649854,"Down"
1.24657578610073e-07,-3.28096553230741,0.023,0.5,0.00958043354649854,"Phf21a-208",0.00958043354649854,"Down"
1.24774698313623e-07,-2.19573579374998,0.023,0.528,0.0095894346641952,"Wrnip1-202",0.0095894346641952,"Down"
1.24774698313623e-07,-2.58519008125806,0.023,0.528,0.0095894346641952,"Nab2-201",0.0095894346641952,"Down"
1.24774698313623e-07,-2.05839846528337,0.023,0.528,0.0095894346641952,"Tecr-202",0.0095894346641952,"Down"
1.25232845986577e-07,-3.7370188532129,0.023,0.514,0.00962464514545239,"Dennd6a-201",0.00962464514545239,"Down"
1.25232845986577e-07,-2.46654786054445,0.023,0.514,0.00962464514545239,"Baz2a-203",0.00962464514545239,"Down"
1.25232845986577e-07,-2.46654786054445,0.023,0.514,0.00962464514545239,"Baz2a-202",0.00962464514545239,"Down"
1.26709962935024e-07,-3.14131766475321,0.068,0.569,0.00973816749140832,"Trrap-202",0.00973816749140832,"Down"
1.26709962935024e-07,-3.19392925230023,0.068,0.569,0.00973816749140832,"Bag6-201",0.00973816749140832,"Down"
1.27186974774525e-07,-1.42094978848211,0.045,0.569,0.00977482775932138,"Fgfr2-226",0.00977482775932138,"Down"
1.28719140493939e-07,-1.55191906937557,0.091,0.653,0.00989258082352118,"Soat1-207",0.00989258082352118,"Down"
1.28986395454108e-07,-1.87374919475539,0.045,0.583,0.00991312043623,"Serinc1-201",0.00991312043623,"Down"
1.29119222901146e-07,-2.91481535672125,0.045,0.556,0.00992332875684469,"Ppp1r18-205",0.00992332875684469,"Down"
1.29119222901146e-07,-2.91481535672125,0.045,0.556,0.00992332875684469,"Ppp1r18-201",0.00992332875684469,"Down"
1.29119222901146e-07,-2.82949080321149,0.045,0.556,0.00992332875684469,"Gtf2i-223",0.00992332875684469,"Down"
1.29429363920045e-07,-3.61464639762592,0.023,0.5,0.00994716433471113,"Fnbp1l-206",0.00994716433471113,"Down"
1.29429363920045e-07,-3.61464639762592,0.023,0.5,0.00994716433471113,"Fnbp1l-203",0.00994716433471113,"Down"
1.29429363920045e-07,-2.98993351256846,0.023,0.5,0.00994716433471113,"Myef2-207",0.00994716433471113,"Down"
1.29429363920045e-07,-2.51480902569001,0.023,0.5,0.00994716433471113,"Ctnnd1-223",0.00994716433471113,"Down"
1.29469786029398e-07,-2.41360933994523,0.023,0.528,0.00995027093550335,"Pbdc1-201",0.00995027093550335,"Down"
1.29469786029398e-07,-2.15307807239664,0.023,0.528,0.00995027093550335,"Ptprk-201",0.00995027093550335,"Down"
1.29469786029398e-07,-2.45455283568515,0.023,0.528,0.00995027093550335,"Zfp618-203",0.00995027093550335,"Down"
1.29469786029398e-07,-1.75683008396825,0.023,0.528,0.00995027093550335,"Ambra1-202",0.00995027093550335,"Down"
1.29469786029398e-07,-1.3967373181661,0.023,0.528,0.00995027093550335,"Slbp-201",0.00995027093550335,"Down"
1.2998422117296e-07,-3.56381653585686,0.023,0.514,0.00998980733402664,"Cyb5b-201",0.00998980733402664,"Down"
1.2998422117296e-07,-3.7811601897767,0.023,0.514,0.00998980733402664,"Ccz1-201",0.00998980733402664,"Down"
1.29984432788435e-07,-1.51066314033841,0.159,0.792,0.00998982359752236,"Noct-202",0.00998982359752236,"Down"
