"p_val","avg_log2FC","pct.1","pct.2","p_val_adj","gene","p_val_adj_plot","Significance"
5.1376692592733e-49,3.04779164959792,0.989,0.701,3.9485043325219e-44,"Lyz2-201",3.9485043325219e-44,"Up"
2.90022521772005e-46,3.30047401743717,0.959,0.321,2.22893908882657e-41,"Ctss-202",2.22893908882657e-41,"Up"
3.45425611502853e-45,4.32698487335215,0.97,0.358,2.65473399464402e-40,"Apoe-206",2.65473399464402e-40,"Up"
4.17519253590365e-45,3.15381460855368,0.974,0.474,3.20880247154339e-40,"Ctsd-202",3.20880247154339e-40,"Up"
2.33710574535028e-43,3.67930489735741,0.852,0.029,1.79615924953151e-38,"Col1a1-201",1.79615924953151e-38,"Up"
5.30463376974025e-40,3.01444466047062,0.934,0.445,4.07682323739617e-35,"H2-K1-205",4.07682323739617e-35,"Up"
3.68935810362266e-39,3.20110552866219,0.878,0.124,2.83541927695816e-34,"Mpeg1-201",2.83541927695816e-34,"Up"
3.68935810362266e-39,3.20110552866219,0.878,0.124,2.83541927695816e-34,"ENSMUST00000249873.1",2.83541927695816e-34,"Up"
6.11641293377577e-38,3.95305128453851,0.797,0.051,4.70070799612403e-33,"Abca1-201",4.70070799612403e-33,"Up"
5.90313065733514e-37,2.05356012881028,0.959,0.504,4.53679203538835e-32,"Ctsb-201",4.53679203538835e-32,"Up"
2.79261974770733e-36,5.03845154111814,0.742,0.029,2.14623998090299e-31,"Siglec1-201",2.14623998090299e-31,"Up"
4.60459549583059e-36,2.58438840017125,0.882,0.109,3.53881582236564e-31,"Psg21-201",3.53881582236564e-31,"Up"
9.59719153547687e-36,4.14798109410668,0.786,0.102,7.3758255826754e-31,"Anpep-202",7.3758255826754e-31,"Up"
1.88565994678092e-35,1.9223326391548,0.982,0.642,1.44920509549901e-30,"H2-D1-202",1.44920509549901e-30,"Up"
7.21869970296233e-35,4.51108025138188,0.716,0.022,5.54785946971467e-30,"Ctsj-202",5.54785946971467e-30,"Up"
7.25041935171718e-35,5.66217085448849,0.697,0.007,5.57223728856872e-30,"Ppp1r10-201",5.57223728856872e-30,"Up"
8.60358724132842e-35,3.08438073173981,0.959,0.606,6.61220093845055e-30,"Spp1-201",6.61220093845055e-30,"Up"
1.36877402164411e-34,5.62894366101717,0.694,0.007,1.05195758659437e-29,"Ppp1r10-202",1.05195758659437e-29,"Up"
1.78309215210424e-34,3.20155388168907,0.749,0.036,1.37037764257819e-29,"Psg23-201",1.37037764257819e-29,"Up"
2.17820316656293e-34,2.59568635173689,0.79,0.058,1.67403626163028e-29,"Ceacam11-201",1.67403626163028e-29,"Up"
3.94755609191961e-34,3.98986231126819,0.734,0.036,3.0338547588839e-29,"Serpine1-201",3.0338547588839e-29,"Up"
1.2895160575865e-33,2.45269159636269,0.834,0.095,9.91044670897533e-29,"Col3a1-201",9.91044670897533e-29,"Up"
2.41199197848412e-33,2.50435490209129,0.882,0.277,1.85371231514419e-28,"Ahnak-202",1.85371231514419e-28,"Up"
4.96745033007155e-33,3.53537970042233,0.749,0.058,3.81768427667319e-28,"H2-T23-201",3.81768427667319e-28,"Up"
5.56373189734938e-33,2.4641440750194,0.808,0.088,4.27595051238889e-28,"Col1a2-201",4.27595051238889e-28,"Up"
2.37677249818973e-32,2.61774124239141,0.867,0.255,1.82664473575874e-27,"Lrp1-201",1.82664473575874e-27,"Up"
8.8871813976961e-32,4.08093155471563,0.701,0.036,6.83015439138536e-27,"Gusb-201",6.83015439138536e-27,"Up"
9.07222442127981e-32,4.37058239037476,0.679,0.029,6.97236735673039e-27,"Lhfpl2-201",6.97236735673039e-27,"Up"
1.03433061877424e-31,1.59553923679316,0.982,0.788,7.94924453752758e-27,"Vim-201",7.94924453752758e-27,"Up"
1.59744053652988e-31,3.00496376938843,0.79,0.124,1.22769694994467e-26,"Trem2-201",1.22769694994467e-26,"Up"
1.77274048569502e-31,2.94238420240011,0.838,0.27,1.36242197287605e-26,"Fcgr2b-202",1.36242197287605e-26,"Up"
3.87514921807963e-31,4.33680167832932,0.742,0.131,2.97820718006292e-26,"Macf1-203",2.97820718006292e-26,"Up"
9.38652663011426e-31,2.60718229212712,0.734,0.051,7.21392117630801e-26,"Prl8a9-201",7.21392117630801e-26,"Up"
1.6168486229813e-30,2.95268984929379,0.841,0.212,1.24261284070605e-25,"Emilin2-203",1.24261284070605e-25,"Up"
2.56121358646885e-30,5.83173318108392,0.642,0.015,1.96839508974477e-25,"Col6a2-201",1.96839508974477e-25,"Up"
3.51618862841083e-30,2.50784689242193,0.952,0.577,2.70233160847886e-25,"Ctsl-205",2.70233160847886e-25,"Up"
1.25589543391289e-29,2.31309493311065,0.878,0.263,9.65205876779411e-25,"Fcgr3-201",9.65205876779411e-25,"Up"
2.32387030478293e-29,3.72158739493212,0.661,0.029,1.78598728403787e-24,"Klf4-201",1.78598728403787e-24,"Up"
2.55241903643227e-29,2.84866627216378,0.742,0.08,1.96163612625966e-24,"Mafb-201",1.96163612625966e-24,"Up"
2.63611572307979e-29,1.7889339757008,0.812,0.131,2.02596037781575e-24,"Pld3-201",2.02596037781575e-24,"Up"
2.69180602871451e-29,2.70108961311184,0.79,0.175,2.06876060530825e-24,"Adam8-201",2.06876060530825e-24,"Up"
2.72916234357221e-29,2.39594763567749,0.716,0.058,2.09747042752899e-24,"Cybb-201",2.09747042752899e-24,"Up"
3.71774685065798e-29,1.52107147470448,0.974,0.708,2.85723716460468e-24,"Eef1a1-201",2.85723716460468e-24,"Up"
4.04155584021802e-29,2.8085814877309,0.815,0.175,3.10609732544116e-24,"Msr1-202",3.10609732544116e-24,"Up"
4.30684139279762e-29,3.72086759634876,0.723,0.102,3.30997988402068e-24,"Trf-201",3.30997988402068e-24,"Up"
6.23560000785337e-29,3.12489664950203,0.694,0.058,4.79230803003563e-24,"Nckap1l-201",4.79230803003563e-24,"Up"
7.59127864609334e-29,2.81080742804146,0.838,0.277,5.83420129066857e-24,"Lpl-201",5.83420129066857e-24,"Up"
9.25294679164523e-29,1.79025230743299,0.952,0.518,7.11125972725103e-24,"B2m-201",7.11125972725103e-24,"Up"
1.6678316963901e-28,-3.55674104297488,0.59,0.796,1.28179537194365e-23,"Set-201",1.28179537194365e-23,"Down"
1.76916066464004e-28,3.04329024960309,0.771,0.146,1.35967073720246e-23,"Sirpa-214",1.35967073720246e-23,"Up"
1.93402718715547e-28,3.21438619287168,0.624,0.015,1.48637725441646e-23,"Psg28-201",1.48637725441646e-23,"Up"
3.51208923383593e-28,2.42202659899164,0.771,0.109,2.69918105977226e-23,"Furin-201",2.69918105977226e-23,"Up"
3.72253829878224e-28,2.74549991438549,0.764,0.146,2.8609195841461e-23,"Ctsh-201",2.8609195841461e-23,"Up"
4.18690736776754e-28,2.83798542038231,0.742,0.102,3.21780578842406e-23,"Akap13-205",3.21780578842406e-23,"Up"
6.13859694635476e-28,-1.91046106182243,0.908,0.985,4.71775729715149e-23,"Tpt1-201",4.71775729715149e-23,"Down"
6.46391677074314e-28,3.57487055960088,0.653,0.044,4.96777859498694e-23,"Ecm1-202",4.96777859498694e-23,"Up"
7.52783475872398e-28,4.71543161175557,0.613,0.022,5.78544212546973e-23,"Dock2-201",5.78544212546973e-23,"Up"
1.0351484315019e-27,2.10873339651238,0.841,0.197,7.95552975546474e-23,"Laptm5-207",7.95552975546474e-23,"Up"
1.2493136055559e-27,3.31459687207121,0.649,0.044,9.60147478413928e-23,"Ndrg1-201",9.60147478413928e-23,"Up"
2.16154573281586e-27,2.51565856110293,0.734,0.095,1.6612343574983e-22,"Abcg1-201",1.6612343574983e-22,"Up"
2.32888180214556e-27,2.08558120243995,0.863,0.248,1.78983882022095e-22,"Grn-211",1.78983882022095e-22,"Up"
2.4189081083009e-27,2.0517494936474,0.849,0.226,1.85902763755357e-22,"Cd68-201",1.85902763755357e-22,"Up"
2.66435967103305e-27,2.32547718376185,0.845,0.27,2.04766698157574e-22,"Ctsa-201",2.04766698157574e-22,"Up"
4.94161113106604e-27,2.07654951024216,0.86,0.248,3.7978258186695e-22,"Grn-201",3.7978258186695e-22,"Up"
5.72234715978013e-27,5.56316292323899,0.594,0.022,4.39785268617742e-22,"Lhfpl2-204",4.39785268617742e-22,"Up"
7.06696081962191e-27,2.31033966091434,0.742,0.109,5.43124206831222e-22,"Lgals3bp-201",5.43124206831222e-22,"Up"
8.3878196102843e-27,3.63456752019769,0.613,0.022,6.4463748832879e-22,"Cpd-201",6.4463748832879e-22,"Up"
1.24545889041521e-26,2.10917875805294,0.871,0.307,9.57184975639702e-22,"Timp2-201",9.57184975639702e-22,"Up"
1.3059379931837e-26,2.76231718680245,0.679,0.066,1.0036655852814e-21,"Dmxl2-201",1.0036655852814e-21,"Up"
1.60136799928999e-26,2.55768734331729,0.646,0.044,1.23071536217433e-21,"Plxnb2-202",1.23071536217433e-21,"Up"
1.61300519937336e-26,2.83741130586922,0.609,0.022,1.23965901592641e-21,"Mertk-201",1.23965901592641e-21,"Up"
5.77651223825198e-26,2.18836140312502,0.738,0.117,4.43948071558617e-21,"Pld3-202",4.43948071558617e-21,"Up"
7.08404687967482e-26,3.79239010194867,0.583,0.015,5.44437338890529e-21,"Clu-201",5.44437338890529e-21,"Up"
7.90407754386737e-26,-6.0380960711035,0.022,0.416,6.07459975556383e-21,"Hsd3b6-201",6.07459975556383e-21,"Down"
1.42148439364009e-25,1.08641254276323,0.745,0.088,1.09246761588816e-20,"Psg27-201",1.09246761588816e-20,"Up"
1.42696363902341e-25,3.37488665947357,0.613,0.036,1.09667863513506e-20,"Syne1-205",1.09667863513506e-20,"Up"
1.45959838481209e-25,2.61355339664517,0.679,0.073,1.12175974266348e-20,"Csf2ra-201",1.12175974266348e-20,"Up"
1.46362215388551e-25,2.35153501807197,0.727,0.102,1.12485217014717e-20,"Aldh2-201",1.12485217014717e-20,"Up"
1.70389791120516e-25,2.4755306349195,0.749,0.175,1.30951370067761e-20,"Adam8-202",1.30951370067761e-20,"Up"
2.40059337548926e-25,3.56002514611436,0.576,0.015,1.84495203279852e-20,"Cd84-204",1.84495203279852e-20,"Up"
3.15701312965991e-25,4.0350678704399,0.583,0.022,2.42629087066883e-20,"Abhd12-201",2.42629087066883e-20,"Up"
3.18688499606258e-25,2.04693355403784,0.856,0.285,2.44924859487394e-20,"Tgm2-201",2.44924859487394e-20,"Up"
4.3499822059831e-25,3.34129185656712,0.62,0.051,3.34313532458625e-20,"Mtss1-201",3.34313532458625e-20,"Up"
4.82844497040286e-25,2.73129025268076,0.712,0.117,3.71085309755341e-20,"Myof-211",3.71085309755341e-20,"Up"
5.06372066494661e-25,1.95480804126002,0.812,0.197,3.89167187983807e-20,"Lcp1-209",3.89167187983807e-20,"Up"
5.65647788415214e-25,2.58804378713562,0.631,0.044,4.34722951308629e-20,"Lyst-201",4.34722951308629e-20,"Up"
8.73353178822297e-25,3.28387037583992,0.605,0.036,6.71206852052088e-20,"Plod3-201",6.71206852052088e-20,"Up"
9.72820087727254e-25,7.54754479480852,0.531,0,7.47651150221904e-20,"Fosb-201",7.47651150221904e-20,"Up"
1.23189167756285e-24,2.52658954339084,0.679,0.08,9.46758029874157e-20,"Atp6v0d2-201",9.46758029874157e-20,"Up"
1.46724015349245e-24,2.48976545839712,0.686,0.102,1.12763274756509e-19,"Colec12-204",1.12763274756509e-19,"Up"
1.69599229822589e-24,2.13788535277904,0.815,0.321,1.30343792087853e-19,"Ddx5-201",1.30343792087853e-19,"Up"
1.72462945356719e-24,2.35082025117302,0.775,0.19,1.32544672024452e-19,"Mdm2-201",1.32544672024452e-19,"Up"
1.87007023110861e-24,3.08979668942004,0.583,0.029,1.43722377541621e-19,"Atp2b1-201",1.43722377541621e-19,"Up"
2.18359479333045e-24,2.01833809382928,0.827,0.204,1.67817994246619e-19,"Sdc3-201",1.67817994246619e-19,"Up"
2.2962854736281e-24,1.81472114999352,0.849,0.299,1.76478723790214e-19,"Anxa2-201",1.76478723790214e-19,"Up"
2.35951651387821e-24,3.72564329255087,0.594,0.036,1.81338282157596e-19,"Nav2-216",1.81338282157596e-19,"Up"
2.39315328992398e-24,3.59597313754654,0.572,0.022,1.83923402943818e-19,"Pltp-201",1.83923402943818e-19,"Up"
2.54962666985921e-24,-1.48573962232121,0.9,0.956,1.9594900808536e-19,"Ptma-201",1.9594900808536e-19,"Down"
2.562398704157e-24,1.90032859003783,0.86,0.307,1.96930590009282e-19,"Itgb2-201",1.96930590009282e-19,"Up"
3.03490071210142e-24,3.27651592018094,0.598,0.036,2.33244259327842e-19,"Gpr137b-201",2.33244259327842e-19,"Up"
3.07382809073677e-24,2.9405291673843,0.679,0.102,2.36235984085484e-19,"Iqsec1-201",2.36235984085484e-19,"Up"
3.54069542663685e-24,2.72851092271986,0.616,0.051,2.72116606318748e-19,"Eea1-201",2.72116606318748e-19,"Up"
3.66353229945744e-24,2.67716391000032,0.731,0.153,2.81557111342502e-19,"Aplp2-201",2.81557111342502e-19,"Up"
4.21578969632443e-24,2.52011318762878,0.624,0.051,3.24000301321317e-19,"H2-Q1-203",3.24000301321317e-19,"Up"
4.21578969632443e-24,2.52011318762878,0.624,0.051,3.24000301321317e-19,"H2-Q1-202",3.24000301321317e-19,"Up"
4.21578969632443e-24,2.52011318762878,0.624,0.051,3.24000301321317e-19,"H2-Q1-201",3.24000301321317e-19,"Up"
6.05525736020208e-24,2.4563646212683,0.635,0.058,4.65370749160971e-19,"Havcr2-201",4.65370749160971e-19,"Up"
6.6369599091972e-24,2.84222675887587,0.605,0.044,5.10076916861441e-19,"Tpp1-201",5.10076916861441e-19,"Up"
6.66192060154447e-24,2.89295873752693,0.653,0.08,5.11995245911098e-19,"Itgax-201",5.11995245911098e-19,"Up"
8.67444966507078e-24,2.12804781952297,0.686,0.095,6.6666615455935e-19,"Cyth4-201",6.6666615455935e-19,"Up"
1.03045209109921e-23,2.56986891417234,0.583,0.029,7.91943650093388e-19,"BC005537-201",7.91943650093388e-19,"Up"
1.0810039924884e-23,2.18316965554819,0.708,0.109,8.30794808387032e-19,"Trip12-201",8.30794808387032e-19,"Up"
1.14734376087819e-23,1.71613859255743,0.624,0.051,8.81779573985324e-19,"Alcam-201",8.81779573985324e-19,"Up"
1.29981240558339e-23,2.5362366853457,0.657,0.08,9.9895782618706e-19,"Hexb-201",9.9895782618706e-19,"Up"
1.36692032589778e-23,4.23543840417086,0.557,0.022,1.05053294726548e-18,"H2-T-ps-201",1.05053294726548e-18,"Up"
1.38184331198749e-23,1.59844488002539,0.69,0.102,1.06200185899487e-18,"Nucb1-210",1.06200185899487e-18,"Up"
1.65929791412975e-23,2.72766855862739,0.657,0.08,1.27523681892527e-18,"Tnfrsf21-201",1.27523681892527e-18,"Up"
1.77768753154338e-23,2.39757232799617,0.638,0.066,1.36622397549235e-18,"Galns-201",1.36622397549235e-18,"Up"
1.98879447490494e-23,1.8181065938489,0.668,0.073,1.52846810574345e-18,"Tnfrsf1b-201",1.52846810574345e-18,"Up"
2.32638298188057e-23,2.44324078321355,0.62,0.051,1.78791837689449e-18,"Fosl2-201",1.78791837689449e-18,"Up"
2.91934958702045e-23,1.70125306334565,0.712,0.102,2.2436369316087e-18,"Gnptab-201",2.2436369316087e-18,"Up"
3.14475884747974e-23,2.36314860084067,0.675,0.102,2.41687296464208e-18,"Mmp19-201",2.41687296464208e-18,"Up"
3.27953881500696e-23,2.39006981305717,0.653,0.08,2.52045676088545e-18,"Pmp22-201",2.52045676088545e-18,"Up"
3.35354650486053e-23,2.43165713356072,0.668,0.088,2.57733463084551e-18,"Sash1-201",2.57733463084551e-18,"Up"
3.39597503457706e-23,2.2039740861017,0.638,0.066,2.60994265307386e-18,"Sh3pxd2b-201",2.60994265307386e-18,"Up"
4.79081132020174e-23,2.61151149019945,0.638,0.08,3.68193013202784e-18,"Rgs1-208",3.68193013202784e-18,"Up"
5.44602533745648e-23,2.56988589937226,0.62,0.058,4.1854883128488e-18,"Fndc3a-201",4.1854883128488e-18,"Up"
6.06149273407828e-23,3.15922118720648,0.642,0.102,4.65849962584852e-18,"Mmp12-201",4.65849962584852e-18,"Up"
6.51910144668625e-23,2.27873666811058,0.675,0.095,5.01019022583625e-18,"Myo1e-201",5.01019022583625e-18,"Up"
6.98450806649564e-23,1.64452957629993,0.723,0.124,5.36787382942456e-18,"Hexa-201",5.36787382942456e-18,"Up"
9.04509163938565e-23,7.75411516359918,0.498,0,6.95151472853345e-18,"Psg16-204",6.95151472853345e-18,"Up"
9.37245811785329e-23,2.72783583255421,0.624,0.08,7.20310896189497e-18,"Zeb2-212",7.20310896189497e-18,"Up"
1.11771814174335e-22,2.22839075245661,0.638,0.073,8.59011100655438e-18,"Kdm6b-201",8.59011100655438e-18,"Up"
1.27389862070589e-22,1.73484648829667,0.782,0.182,9.79042045957303e-18,"Cebpa-201",9.79042045957303e-18,"Up"
1.3662571267357e-22,2.3672953860529,0.624,0.066,1.05002325218146e-17,"Plau-201",1.05002325218146e-17,"Up"
1.41816965155275e-22,2.17447053412157,0.62,0.058,1.08992010400435e-17,"Pip5k1c-210",1.08992010400435e-17,"Up"
1.49224959554536e-22,1.89667744969651,0.668,0.088,1.14685350416043e-17,"Rpn2-202",1.14685350416043e-17,"Up"
1.64372129065762e-22,2.51538216669357,0.624,0.073,1.26326556072201e-17,"Fnip2-203",1.26326556072201e-17,"Up"
1.66823674438812e-22,2.37870356348634,0.779,0.248,1.28210666753204e-17,"Tmsb4x-201",1.28210666753204e-17,"Up"
1.85986033637604e-22,4.30288446451657,0.539,0.029,1.42937706291844e-17,"Ecm1-201",1.42937706291844e-17,"Up"
2.07655183706572e-22,1.58960733775992,0.69,0.102,1.59591314885849e-17,"Plek-202",1.59591314885849e-17,"Up"
2.6024323153759e-22,2.6939386429563,0.583,0.044,2.00007333165899e-17,"Dpep2-201",2.00007333165899e-17,"Up"
2.76173176623911e-22,5.01341013916471,0.506,0.007,2.1225013316254e-17,"Col6a3-201",2.1225013316254e-17,"Up"
3.44345811897798e-22,4.04377687228425,0.539,0.029,2.64643530275934e-17,"Itgav-201",2.64643530275934e-17,"Up"
4.01740228129671e-22,1.89471490545252,0.697,0.109,3.08753434926777e-17,"Golga4-201",3.08753434926777e-17,"Up"
4.13553100840473e-22,1.7451534102054,0.59,0.051,3.17832100119937e-17,"Itga6-201",3.17832100119937e-17,"Up"
4.34987290569662e-22,3.08427067530442,0.557,0.036,3.34305132294408e-17,"Slc37a2-201",3.34305132294408e-17,"Up"
4.90061914863562e-22,2.81420181269956,0.583,0.051,3.76632184049242e-17,"Adgre1-202",3.76632184049242e-17,"Up"
4.95273062605568e-22,2.44626499029619,0.616,0.066,3.80637159534884e-17,"Tapbp-206",3.80637159534884e-17,"Up"
5.04737600777596e-22,1.59270164427063,0.701,0.109,3.87911035701613e-17,"C3ar1-201",3.87911035701613e-17,"Up"
5.76734442734204e-22,2.9010776675502,0.731,0.168,4.43243488618945e-17,"Fn1-203",4.43243488618945e-17,"Up"
6.30005566998937e-22,6.45375931649285,0.494,0.007,4.84184478461363e-17,"Mfsd12-201",4.84184478461363e-17,"Up"
6.37641495515176e-22,7.52862581217178,0.483,0,4.90052994963233e-17,"Psg16-202",4.90052994963233e-17,"Up"
6.38035943968135e-22,2.32034169491685,0.546,0.029,4.9035614437727e-17,"Psg16-201",4.9035614437727e-17,"Up"
6.89749720859412e-22,2.08904552608627,0.701,0.124,5.30100250469293e-17,"Anxa1-201",5.30100250469293e-17,"Up"
7.63886699995717e-22,1.75793005488286,0.635,0.073,5.87077484414709e-17,"Myo1f-201",5.87077484414709e-17,"Up"
8.95594937746057e-22,3.68705168153146,0.498,0.007,6.88300533455355e-17,"Ceacam5-201",6.88300533455355e-17,"Up"
9.59460701084629e-22,2.61085063800453,0.594,0.058,7.37383927211581e-17,"Csf2ra-207",7.37383927211581e-17,"Up"
1.02247501538055e-21,1.83084733810854,0.609,0.058,7.85812948320567e-17,"Dusp5-201",7.85812948320567e-17,"Up"
1.15189107296897e-21,1.29027521379223,0.745,0.161,8.85274365219575e-17,"Gsn-205",8.85274365219575e-17,"Up"
1.28595067254893e-21,2.00858848505305,0.605,0.066,9.88304529880752e-17,"Rab7b-202",9.88304529880752e-17,"Up"
1.57326139636971e-21,2.23940506326904,0.528,0.022,1.20911431356598e-16,"Ptprj-204",1.20911431356598e-16,"Up"
1.66974584077681e-21,7.80075993432665,0.476,0,1.28326646847061e-16,"Psg26-201",1.28326646847061e-16,"Up"
1.74798119403077e-21,1.39033691259108,0.801,0.204,1.34339346686041e-16,"Gns-201",1.34339346686041e-16,"Up"
1.86428506720807e-21,2.7297515555076,0.605,0.066,1.43277764555209e-16,"Atp6v1b2-201",1.43277764555209e-16,"Up"
1.99286014812442e-21,2.31961645161487,0.509,0.015,1.53159273823954e-16,"Postn-201",1.53159273823954e-16,"Up"
2.0802268365696e-21,2.34616855313729,0.524,0.022,1.5987375329772e-16,"Postn-203",1.5987375329772e-16,"Up"
2.13716007870894e-21,1.54233253440555,0.661,0.088,1.64249300689097e-16,"Rab8b-201",1.64249300689097e-16,"Up"
2.14420166745262e-21,2.57126648536153,0.598,0.066,1.64790474950404e-16,"Ncf1-202",1.64790474950404e-16,"Up"
2.17808021305806e-21,1.94987581550319,0.598,0.058,1.67394176694364e-16,"Clec4d-201",1.67394176694364e-16,"Up"
2.24836938085919e-21,2.21055994841484,0.576,0.051,1.72796180396552e-16,"Ranbp2-201",1.72796180396552e-16,"Up"
2.26989141774133e-21,2.4635211742975,0.631,0.088,1.74450235019092e-16,"Smpdl3a-201",1.74450235019092e-16,"Up"
2.39898184881463e-21,4.50171490297353,0.509,0.022,1.843713510088e-16,"Kdm7a-201",1.843713510088e-16,"Up"
2.73577301077252e-21,3.09412964300411,0.576,0.058,2.10255098969911e-16,"Cxcr4-201",2.10255098969911e-16,"Up"
2.96455922257226e-21,3.16072685744662,0.535,0.029,2.27838234491569e-16,"Oas3-201",2.27838234491569e-16,"Up"
3.17436810302379e-21,2.10811751912322,0.579,0.051,2.4396288618979e-16,"Itgb5-202",2.4396288618979e-16,"Up"
3.21342447320425e-21,2.30808915814798,0.506,0.015,2.4696452446364e-16,"Postn-202",2.4696452446364e-16,"Up"
3.35164438310227e-21,2.29475874067285,0.52,0.022,2.57587277418942e-16,"Postn-204",2.57587277418942e-16,"Up"
3.89400545526497e-21,2.1848555684316,0.653,0.102,2.99269895258934e-16,"Atp6ap1-201",2.99269895258934e-16,"Up"
4.259521384364e-21,2.11752842219304,0.679,0.131,3.27361256473911e-16,"Dab2-202",3.27361256473911e-16,"Up"
4.37381508837492e-21,3.29579403898985,0.517,0.022,3.36145184801966e-16,"Pltp-202",3.36145184801966e-16,"Up"
4.66152014182625e-21,2.85939826382221,0.568,0.051,3.58256468979914e-16,"Hpse-201",3.58256468979914e-16,"Up"
5.0420924345995e-21,2.98557252215284,0.697,0.161,3.8750497196871e-16,"Fn1-217",3.8750497196871e-16,"Up"
5.5980648006209e-21,2.62277086092939,0.609,0.073,4.30233672186919e-16,"Rbbp6-201",4.30233672186919e-16,"Up"
5.70361887368672e-21,1.25652908270711,0.878,0.416,4.38345924918319e-16,"Iqgap1-201",4.38345924918319e-16,"Up"
5.73542588858963e-21,1.75064529058672,0.642,0.08,4.40790421241668e-16,"Actr2-201",4.40790421241668e-16,"Up"
8.20259996409126e-21,2.03909231350592,0.642,0.102,6.3040261764027e-16,"Akap13-201",6.3040261764027e-16,"Up"
8.33248752765356e-21,2.55907258780046,0.587,0.066,6.40384996450287e-16,"Slc7a8-201",6.40384996450287e-16,"Up"
8.51814923092461e-21,4.64295728262499,0.48,0.007,6.5465384099348e-16,"Col6a3-202",6.5465384099348e-16,"Up"
1.00175824963091e-20,2.87663822404643,0.48,0.007,7.69891285171339e-16,"Cts3-201",7.69891285171339e-16,"Up"
1.02505129465383e-20,1.67362228429151,0.782,0.219,7.87792921993254e-16,"Spag9-202",7.87792921993254e-16,"Up"
1.03078034348679e-20,1.45387410885889,0.83,0.234,7.9219592518334e-16,"Msn-201",7.9219592518334e-16,"Up"
1.12135371439706e-20,1.96968894539026,0.535,0.036,8.61805183662713e-16,"Plxnb2-201",8.61805183662713e-16,"Up"
1.216119526303e-20,1.46749002756948,0.554,0.044,9.34636500744909e-16,"Ash1l-202",9.34636500744909e-16,"Up"
1.50079831221541e-20,1.67734446568304,0.661,0.095,1.15342353487003e-15,"Tns3-205",1.15342353487003e-15,"Up"
1.6705857592754e-20,1.78147029205409,0.616,0.073,1.28391197943351e-15,"Gadd45b-201",1.28391197943351e-15,"Up"
1.81284135118233e-20,2.03227079990276,0.638,0.095,1.39324109203767e-15,"Trip12-206",1.39324109203767e-15,"Up"
1.81948322022823e-20,2.05783083500801,0.649,0.109,1.39834563407421e-15,"Pgk1-201",1.39834563407421e-15,"Up"
2.22142684589156e-20,1.84564903560735,0.867,0.401,1.7072553881415e-15,"Gpnmb-201",1.7072553881415e-15,"Up"
2.25263708298361e-20,3.0777822089636,0.531,0.036,1.73124170375622e-15,"Axl-201",1.73124170375622e-15,"Up"
2.30733868662315e-20,1.67870547698303,0.827,0.241,1.77328207421735e-15,"Mcl1-201",1.77328207421735e-15,"Up"
2.32892962533096e-20,1.0351149502863,0.753,0.146,1.78987557425186e-15,"Arl4c-202",1.78987557425186e-15,"Up"
2.37854889614632e-20,1.61379421299975,0.701,0.124,1.8280099686443e-15,"Pik3r5-201",1.8280099686443e-15,"Up"
2.39249258520317e-20,-3.47273855142575,0.173,0.642,1.83872625143205e-15,"Tpt1-208",1.83872625143205e-15,"Down"
2.53335083418636e-20,1.99793195728075,0.653,0.109,1.94698145010559e-15,"Rnf213-201",1.94698145010559e-15,"Up"
2.91287444534521e-20,1.92180533615778,0.657,0.109,2.23866052622561e-15,"Fam20c-201",2.23866052622561e-15,"Up"
3.02701251216071e-20,1.2932103294764,0.974,0.927,2.32638019609599e-15,"Psap-202",2.32638019609599e-15,"Up"
3.15749311915439e-20,2.2243522387676,0.598,0.073,2.42665976179492e-15,"Zfand2a-202",2.42665976179492e-15,"Up"
3.17969850577535e-20,2.05717774223905,0.779,0.263,2.44372548962859e-15,"Cd14-201",2.44372548962859e-15,"Up"
3.29306102246529e-20,2.01449366545957,0.812,0.336,2.53084911820547e-15,"Capg-202",2.53084911820547e-15,"Up"
3.30256829697293e-20,1.58917274870742,0.661,0.102,2.53815583895557e-15,"Man2b1-201",2.53815583895557e-15,"Up"
3.3800890021595e-20,3.46690051846185,0.483,0.015,2.59773360171966e-15,"Inpp5d-210",2.59773360171966e-15,"Up"
4.11669362399494e-20,2.72389807495326,0.469,0.007,3.16384371778507e-15,"Cts3-202",3.16384371778507e-15,"Up"
4.23379878566969e-20,4.42483762627563,0.48,0.015,3.25384371873858e-15,"Ptk2b-202",3.25384371873858e-15,"Up"
4.26959947639787e-20,2.33254127951697,0.661,0.131,3.28135798159082e-15,"Wnk1-202",3.28135798159082e-15,"Up"
4.46868914464057e-20,1.66539594521506,0.631,0.088,3.43436635522206e-15,"Ski-201",3.43436635522206e-15,"Up"
4.81510715241568e-20,1.9500919525642,0.587,0.066,3.70060245091755e-15,"Polr2a-201",3.70060245091755e-15,"Up"
4.87652741174872e-20,3.56244806490736,0.487,0.022,3.74780637702537e-15,"Nrp1-201",3.74780637702537e-15,"Up"
5.0125418329539e-20,1.96587792389409,0.605,0.08,3.85233890029839e-15,"Apobec1-202",3.85233890029839e-15,"Up"
5.40200055072337e-20,1.6699405949106,0.649,0.117,4.15165350325294e-15,"Slc3a2-201",4.15165350325294e-15,"Up"
5.48249483409208e-20,1.12818467091536,0.598,0.073,4.21351657979313e-15,"Itprid2-202",4.21351657979313e-15,"Up"
5.9235570402044e-20,2.49991750828837,0.513,0.029,4.55249052767869e-15,"Ifngr1-201",4.55249052767869e-15,"Up"
6.03108960826956e-20,1.873159413095,0.539,0.044,4.63513360753949e-15,"Gfpt1-204",4.63513360753949e-15,"Up"
7.21486193750176e-20,1.77030906288831,0.598,0.073,5.5449099934476e-15,"Tob1-201",5.5449099934476e-15,"Up"
7.6409780533752e-20,2.26293772661043,0.539,0.044,5.87239727314098e-15,"Rftn1-201",5.87239727314098e-15,"Up"
7.74737542968413e-20,2.08147763720181,0.613,0.088,5.95416791272944e-15,"Ifi30-201",5.95416791272944e-15,"Up"
8.05537835434179e-20,1.79466047643277,0.657,0.109,6.19088048044584e-15,"Psg21-202",6.19088048044584e-15,"Up"
8.11768416906779e-20,-3.99997893219904,0.62,0.774,6.23876499129536e-15,"Prdx2-201",6.23876499129536e-15,"Down"
8.41047134161924e-20,5.13927192347577,0.461,0.007,6.46378364488805e-15,"Col6a1-201",6.46378364488805e-15,"Up"
9.18447480153804e-20,2.37924655733062,0.539,0.051,7.05863626397405e-15,"Serpinb6a-202",7.05863626397405e-15,"Up"
9.30405941743258e-20,2.89757608013315,0.517,0.036,7.15054182467363e-15,"Plxnd1-201",7.15054182467363e-15,"Up"
9.90063442210459e-20,1.93567326317938,0.583,0.066,7.60903357876426e-15,"Lrrc58-201",7.60903357876426e-15,"Up"
1.01634714568096e-19,1.4717881737516,0.668,0.117,7.81103435341647e-15,"Ncf2-201",7.81103435341647e-15,"Up"
1.01828390080507e-19,1.94635636251363,0.609,0.088,7.82591909124727e-15,"Myo9b-204",7.82591909124727e-15,"Up"
1.0415927110667e-19,1.91265869845355,0.557,0.051,8.00505662163202e-15,"Pip5k1c-201",8.00505662163202e-15,"Up"
1.05155336704057e-19,1.46260511049493,0.649,0.102,8.08160824705357e-15,"Hk2-201",8.08160824705357e-15,"Up"
1.24611586167231e-19,2.48846218568707,0.568,0.066,9.57689884329638e-15,"Ptpra-201",9.57689884329638e-15,"Up"
1.27571972767426e-19,2.81780641439654,0.819,0.234,9.80441639506778e-15,"Apoe-205",9.80441639506778e-15,"Up"
1.30711183416006e-19,2.36008505611996,0.572,0.066,1.00456772902537e-14,"Gvin-ps7-201",1.00456772902537e-14,"Up"
1.31585936752392e-19,2.34990562570064,0.587,0.073,1.01129055831683e-14,"Ptprc-203",1.01129055831683e-14,"Up"
1.34067510964315e-19,2.52242877352829,0.476,0.015,1.03036244876514e-14,"Pappa2-202",1.03036244876514e-14,"Up"
1.36051458914304e-19,2.17075754739163,0.506,0.029,1.04560988233999e-14,"Itpripl2-201",1.04560988233999e-14,"Up"
1.46047575198755e-19,2.13313602516158,0.59,0.08,1.12243403443251e-14,"Pla2g7-201",1.12243403443251e-14,"Up"
1.48128035317102e-19,3.17871804615108,0.498,0.029,1.13842320262605e-14,"Dock10-201",1.13842320262605e-14,"Up"
1.49072874727131e-19,3.09009705985051,0.502,0.029,1.1456846714279e-14,"Glg1-204",1.1456846714279e-14,"Up"
1.55351818347539e-19,1.1768695300348,0.679,0.117,1.19394086472818e-14,"Sik1-201",1.19394086472818e-14,"Up"
1.60931148855996e-19,3.16286175338305,0.458,0.007,1.23682025141787e-14,"Ctsq-201",1.23682025141787e-14,"Up"
1.61810394628074e-19,2.83983304210146,0.624,0.131,1.2435776068746e-14,"Sirpa-211",1.2435776068746e-14,"Up"
1.62541885669501e-19,3.26574851954661,0.458,0.007,1.24919940812438e-14,"Ifi204-201",1.24919940812438e-14,"Up"
1.72299366574464e-19,1.33347989907935,0.679,0.124,1.32418955187139e-14,"Ncf2-202",1.32418955187139e-14,"Up"
1.75053709643883e-19,1.25341076371836,0.616,0.08,1.3453577800971e-14,"Prl3b1-201",1.3453577800971e-14,"Up"
1.82631967533754e-19,2.36034804835701,0.554,0.058,1.40359972328391e-14,"Cdkn1a-201",1.40359972328391e-14,"Up"
1.84149398663469e-19,2.31549826581921,0.483,0.022,1.41526178848822e-14,"Zbtb7a-201",1.41526178848822e-14,"Up"
1.88404856440387e-19,2.36183377044988,0.686,0.19,1.44796668368695e-14,"Emilin2-201",1.44796668368695e-14,"Up"
1.89188253322876e-19,4.48862974328284,0.469,0.015,1.45398740208763e-14,"Tulp4-201",1.45398740208763e-14,"Up"
1.91639496131799e-19,1.17956944596695,0.605,0.073,1.47282618357133e-14,"Igf2r-201",1.47282618357133e-14,"Up"
1.92573660661148e-19,2.78414965793446,0.539,0.051,1.48000561164519e-14,"Diaph1-201",1.48000561164519e-14,"Up"
2.08571116336074e-19,2.92291955357872,0.513,0.036,1.60295245748926e-14,"Copb1-201",1.60295245748926e-14,"Up"
2.1143291475523e-19,1.59834616673036,0.867,0.387,1.62494652305984e-14,"Lgmn-201",1.62494652305984e-14,"Up"
2.1165095820055e-19,1.22222634372922,0.771,0.204,1.62662227415451e-14,"Cxcl16-201",1.62662227415451e-14,"Up"
2.26909431643975e-19,2.71318009905998,0.472,0.015,1.74388974595661e-14,"Naglu-201",1.74388974595661e-14,"Up"
2.47722067217453e-19,2.47963707187099,0.517,0.036,1.90384317539302e-14,"Man2a1-201",1.90384317539302e-14,"Up"
2.87366647540808e-19,2.02340979643523,0.539,0.051,2.20852763301013e-14,"Zfhx3-201",2.20852763301013e-14,"Up"
2.95577085034611e-19,2.43280527342492,0.498,0.029,2.271628129325e-14,"Mical2-203",2.271628129325e-14,"Up"
3.23957200887489e-19,-2.46220666618034,0.62,0.745,2.48974067170071e-14,"Hnrnpab-203",2.48974067170071e-14,"Down"
3.3572305531965e-19,1.58800864783729,0.616,0.088,2.58016596935364e-14,"Ski-202",2.58016596935364e-14,"Up"
3.48946471563928e-19,2.86369469463027,0.483,0.022,2.68179321255741e-14,"Ptbp1-215",2.68179321255741e-14,"Up"
3.51337678913695e-19,2.23805247008071,0.554,0.058,2.70017059752331e-14,"Tgoln1-201",2.70017059752331e-14,"Up"
3.53178510040973e-19,2.14386162551855,0.679,0.161,2.7143181210689e-14,"Lcp1-206",2.7143181210689e-14,"Up"
3.61173751112759e-19,2.55862909451798,0.498,0.029,2.775764746802e-14,"Slc16a3-208",2.775764746802e-14,"Up"
3.63100408749095e-19,1.30748458374928,0.554,0.051,2.79057188140029e-14,"Rassf3-201",2.79057188140029e-14,"Up"
3.82467284039335e-19,2.32563887613597,0.675,0.161,2.9394140647559e-14,"Fn1-211",2.9394140647559e-14,"Up"
3.82938593463421e-19,2.92461732614002,0.812,0.234,2.94303626620377e-14,"Apoe-209",2.94303626620377e-14,"Up"
4.00350900079523e-19,3.29739313482448,0.45,0.007,3.07685680747117e-14,"Tle5-207",3.07685680747117e-14,"Up"
4.20530520048095e-19,1.34082336777015,0.624,0.088,3.23194525877763e-14,"Man2b2-201",3.23194525877763e-14,"Up"
4.22929429438966e-19,1.89215206950981,0.557,0.058,3.25038183701023e-14,"Prdm2-201",3.25038183701023e-14,"Up"
4.32062037907434e-19,4.97417579846281,0.446,0.007,3.3205695861338e-14,"Atp1a3-201",3.3205695861338e-14,"Up"
4.68960193787282e-19,1.8554718686695,0.568,0.066,3.60414667333278e-14,"Cyth1-207",3.60414667333278e-14,"Up"
5.18446337904022e-19,1.14548044449408,0.727,0.146,3.98446748532757e-14,"Noct-202",3.98446748532757e-14,"Up"
5.51068396121537e-19,-2.58167425807076,0.244,0.664,4.23518105155246e-14,"Sqstm1-205",4.23518105155246e-14,"Down"
5.75842154184757e-19,4.17362430580723,0.446,0.007,4.42557729177153e-14,"Col6a3-208",4.42557729177153e-14,"Up"
5.78034580723775e-19,2.33753138803533,0.494,0.029,4.4424269666945e-14,"Myadm-204",4.4424269666945e-14,"Up"
6.49423055882127e-19,2.37757192956245,0.594,0.095,4.9910759536765e-14,"Atp6v1c1-201",4.9910759536765e-14,"Up"
6.98184665656732e-19,2.9791599176712,0.517,0.051,5.36582842943825e-14,"Serpinb6a-206",5.36582842943825e-14,"Up"
7.00368779953561e-19,2.21418751285598,0.613,0.117,5.3826142214551e-14,"Lamp2-202",5.3826142214551e-14,"Up"
7.17239203295642e-19,1.7251168051561,0.565,0.066,5.51227017300833e-14,"Slc29a3-201",5.51227017300833e-14,"Up"
7.18578102276115e-19,2.14261544844736,0.572,0.08,5.52256014723286e-14,"Pkn1-201",5.52256014723286e-14,"Up"
7.2735730567179e-19,3.50126825525518,0.461,0.015,5.59003183700998e-14,"Rars-201",5.59003183700998e-14,"Up"
7.49233090671955e-19,2.56707658800463,0.491,0.029,5.75815599505024e-14,"Zbed6-201",5.75815599505024e-14,"Up"
7.86375748892839e-19,2.26381471777248,0.509,0.036,6.04361218054102e-14,"Rgs2-202",6.04361218054102e-14,"Up"
8.99071650987441e-19,2.10820525965291,0.483,0.029,6.90972526649888e-14,"Pfkp-207",6.90972526649888e-14,"Up"
9.04889189511748e-19,1.32984946871443,0.867,0.394,6.95443537707359e-14,"Plin2-201",6.95443537707359e-14,"Up"
9.28257138522683e-19,6.38608649258998,0.435,0.007,7.13402741240223e-14,"Itm2c-201",7.13402741240223e-14,"Up"
9.78093652258507e-19,1.09288649853318,0.771,0.19,7.51704095506753e-14,"Lamc1-201",7.51704095506753e-14,"Up"
1.0375659394376e-18,1.64685349159002,0.542,0.051,7.97410927095375e-14,"Ep300-201",7.97410927095375e-14,"Up"
1.04231072972476e-18,2.34468336558173,0.539,0.058,8.01057488222668e-14,"Diaph1-205",8.01057488222668e-14,"Up"
1.04459505715936e-18,3.79060609674273,0.458,0.015,8.02813085229252e-14,"Zfp703-202",8.02813085229252e-14,"Up"
1.12813792137115e-18,3.2910776192476,0.48,0.029,8.67019118090585e-14,"Scp2-201",8.67019118090585e-14,"Up"
1.22413084172065e-18,-3.5212282414169,0.214,0.562,9.4079351709599e-14,"Gna13-202",9.4079351709599e-14,"Down"
1.22935804850266e-18,-2.36597680074329,0.635,0.745,9.44810834596233e-14,"Hnrnpab-202",9.44810834596233e-14,"Down"
1.40355307600379e-18,3.62352947637791,0.48,0.029,1.07868668103195e-13,"Pmp22-204",1.07868668103195e-13,"Up"
1.40722598351584e-18,2.23164474740223,0.561,0.08,1.08150945737126e-13,"Tnfaip2-201",1.08150945737126e-13,"Up"
1.42240171724086e-18,2.65315175208786,0.494,0.036,1.09317261576829e-13,"Stat6-201",1.09317261576829e-13,"Up"
1.46588587718995e-18,1.84768093055188,0.554,0.066,1.12659193205557e-13,"Abr-213",1.12659193205557e-13,"Up"
1.50069556273627e-18,1.878603571608,0.546,0.058,1.15334456778533e-13,"Nceh1-201",1.15334456778533e-13,"Up"
1.50700744057973e-18,-2.34725293845234,0.62,0.752,1.15819549838315e-13,"Hnrnpab-201",1.15819549838315e-13,"Down"
1.53152970391073e-18,2.00795788255074,0.531,0.051,1.17704183864355e-13,"Aco2-201",1.17704183864355e-13,"Up"
1.55419764550944e-18,2.58413703373775,0.472,0.022,1.19446305847983e-13,"Ptbp1-206",1.19446305847983e-13,"Up"
1.5563999606781e-18,2.31434485813075,0.498,0.036,1.19615562577954e-13,"Dennd4c-202",1.19615562577954e-13,"Up"
1.5804025901856e-18,3.330120161448,0.487,0.036,1.21460260666124e-13,"Mitf-202",1.21460260666124e-13,"Up"
1.61565026640707e-18,2.23518273491978,0.498,0.036,1.24169185574449e-13,"Baz2b-202",1.24169185574449e-13,"Up"
1.66345077054136e-18,1.9870119059589,0.531,0.058,1.27842845519186e-13,"Baz1a-205",1.27842845519186e-13,"Up"
1.81857924673293e-18,2.7721105169146,0.804,0.234,1.39765089428413e-13,"Apoe-201",1.39765089428413e-13,"Up"
1.90318746676832e-18,2.22371236516993,0.635,0.131,1.46267569571012e-13,"Wnk1-203",1.46267569571012e-13,"Up"
1.97469582783663e-18,1.04134540533632,0.601,0.088,1.51763273152556e-13,"Ppp1r15b-201",1.51763273152556e-13,"Up"
2.00100723574124e-18,3.00702987509758,0.517,0.051,1.53785410095657e-13,"Eif4g3-203",1.53785410095657e-13,"Up"
2.10304914924457e-18,1.92465337583993,0.686,0.168,1.61627739316042e-13,"Fn1-214",1.61627739316042e-13,"Up"
2.15587529575831e-18,2.53392816850853,0.465,0.022,1.65687639980209e-13,"Arhgap25-203",1.65687639980209e-13,"Up"
2.37774414134543e-18,1.15112977816564,0.546,0.058,1.82739148238962e-13,"Adam10-201",1.82739148238962e-13,"Up"
2.68030789607487e-18,1.68149719346364,0.561,0.066,2.05992383044938e-13,"Smap2-201",2.05992383044938e-13,"Up"
2.75846143911187e-18,1.94142302351743,0.694,0.175,2.11998795441504e-13,"Fn1-201",2.11998795441504e-13,"Up"
3.08010015682656e-18,1.12515249923905,0.601,0.088,2.36718017452748e-13,"Cerk-201",2.36718017452748e-13,"Up"
3.09324282671672e-18,2.87156272384032,0.45,0.015,2.37728084204487e-13,"Cd109-201",2.37728084204487e-13,"Up"
3.21735822674234e-18,1.69024618010949,0.613,0.095,2.47266849158055e-13,"Ier3-201",2.47266849158055e-13,"Up"
3.33998309221955e-18,1.70519371674522,0.694,0.175,2.56691060569441e-13,"Sgk1-201",2.56691060569441e-13,"Up"
3.35391281592969e-18,2.2041024549169,0.494,0.036,2.5776161555546e-13,"Nufip2-201",2.5776161555546e-13,"Up"
3.63701744269707e-18,1.37085705309403,0.476,0.029,2.7951933854104e-13,"Usf2-201",2.7951933854104e-13,"Up"
3.75618402890845e-18,3.65086923328408,0.469,0.029,2.8867776735773e-13,"Siglec1-203",2.8867776735773e-13,"Up"
3.80951291524581e-18,1.64069107265413,0.513,0.044,2.92776305588302e-13,"Asah1-201",2.92776305588302e-13,"Up"
3.93182947401986e-18,1.51206309617715,0.86,0.401,3.02176822396323e-13,"Lmna-201",3.02176822396323e-13,"Up"
4.12777818733837e-18,1.27542806537765,0.613,0.102,3.17236264809703e-13,"Tcirg1-204",3.17236264809703e-13,"Up"
4.33036736873726e-18,1.11485657517508,0.631,0.102,3.32806053756933e-13,"Stk24-201",3.32806053756933e-13,"Up"
4.55465510670461e-18,1.15625608069968,0.686,0.153,3.50043463570676e-13,"Ifrd1-201",3.50043463570676e-13,"Up"
4.79891965221844e-18,2.30171979337705,0.627,0.131,3.68816170951596e-13,"Wnk1-223",3.68816170951596e-13,"Up"
4.86226477533461e-18,3.16929559437292,0.461,0.022,3.73684497043566e-13,"Ceacam12-201",3.73684497043566e-13,"Up"
4.89946591339649e-18,2.26185567244266,0.557,0.073,3.76543553308174e-13,"Trio-201",3.76543553308174e-13,"Up"
5.01493143769094e-18,2.14048260041826,0.491,0.036,3.854175407123e-13,"Adam9-204",3.854175407123e-13,"Up"
5.02974688225644e-18,1.89221233274125,0.554,0.066,3.86556166888936e-13,"Ncor2-206",3.86556166888936e-13,"Up"
5.46625298574596e-18,1.36402422150241,0.62,0.095,4.2010340696652e-13,"Tns3-201",4.2010340696652e-13,"Up"
5.49260331686749e-18,2.23203629197562,0.476,0.029,4.22128535314534e-13,"Oasl2-201",4.22128535314534e-13,"Up"
5.53968541565751e-18,1.10460260065769,0.539,0.058,4.25746982934942e-13,"Lamb1-201",4.25746982934942e-13,"Up"
5.53968541565751e-18,1.10460260065769,0.539,0.058,4.25746982934942e-13,"Lamb1-208",4.25746982934942e-13,"Up"
5.87549558121164e-18,1.90024292830517,0.461,0.022,4.51555337398439e-13,"Gpr137b-ps-201",4.51555337398439e-13,"Up"
6.3054801495652e-18,3.09728017782667,0.458,0.022,4.84601371414684e-13,"Nampt-201",4.84601371414684e-13,"Up"
6.65587216347844e-18,1.66824382840314,0.557,0.08,5.11530399251972e-13,"Nlrp3-201",5.11530399251972e-13,"Up"
7.13763292722753e-18,1.25185376523866,0.937,0.584,5.48555640989144e-13,"Itm2b-201",5.48555640989144e-13,"Up"
7.13886725769095e-18,1.68940577851653,0.509,0.051,5.48650504222581e-13,"Rhoc-201",5.48650504222581e-13,"Up"
7.26558979365495e-18,1.87841587264202,0.613,0.102,5.58389638001557e-13,"Huwe1-201",5.58389638001557e-13,"Up"
7.65655928852832e-18,2.27804553457507,0.528,0.058,5.88437207560555e-13,"Atp1b3-201",5.88437207560555e-13,"Up"
7.92151869063881e-18,1.64228456682637,0.59,0.088,6.08800397450355e-13,"Rab5c-202",6.08800397450355e-13,"Up"
7.93632222225971e-18,-3.47001790208765,0.207,0.657,6.09938108069548e-13,"Tpt1-206",6.09938108069548e-13,"Down"
8.0994496151897e-18,3.27062020372714,0.45,0.022,6.22475100725789e-13,"Cadm1-203",6.22475100725789e-13,"Up"
8.29388175541204e-18,3.34007677816516,0.458,0.022,6.37417988430437e-13,"Kmt2a-201",6.37417988430437e-13,"Up"
9.19963039875143e-18,1.53968093776998,0.742,0.204,7.07028394665643e-13,"Brd2-201",7.07028394665643e-13,"Up"
9.4986144840987e-18,3.40299734493442,0.454,0.022,7.30006517560921e-13,"Gpr35-203",7.30006517560921e-13,"Up"
9.54540559651616e-18,1.50440926545638,0.531,0.058,7.33602601714653e-13,"Setd2-201",7.33602601714653e-13,"Up"
9.77598598605786e-18,1.5990335608778,0.498,0.044,7.51323626972491e-13,"Rock1-201",7.51323626972491e-13,"Up"
9.98633748411886e-18,1.86768069091458,0.517,0.051,7.67489981004471e-13,"Stk10-201",7.67489981004471e-13,"Up"
1.00591834379571e-17,6.08668981662173,0.406,0,7.73088483940757e-13,"Flt1-203",7.73088483940757e-13,"Up"
1.03065408645648e-17,2.66304375463634,0.498,0.051,7.92098891605264e-13,"Hip1-201",7.92098891605264e-13,"Up"
1.04386529956072e-17,2.47221207010814,0.454,0.022,8.02252237324394e-13,"Agap1-202",8.02252237324394e-13,"Up"
1.04386529956072e-17,3.36578845478169,0.454,0.022,8.02252237324394e-13,"Plod3-203",8.02252237324394e-13,"Up"
1.06161685641819e-17,1.67072427144602,0.546,0.066,8.15895018831636e-13,"Tapbp-201",8.15895018831636e-13,"Up"
1.07144573094508e-17,1.6726828504845,0.554,0.08,8.23448902060533e-13,"Nlrp3-202",8.23448902060533e-13,"Up"
1.08925920279638e-17,1.32272631901387,0.59,0.088,8.37139267717126e-13,"Cdc42bpb-201",8.37139267717126e-13,"Up"
1.13343349524544e-17,1.93745954289309,0.535,0.066,8.71088978435929e-13,"Dhrs3-206",8.71088978435929e-13,"Up"
1.14903214050704e-17,2.0965962140203,0.661,0.168,8.83077161265282e-13,"Vsir-201",8.83077161265282e-13,"Up"
1.16494398288126e-17,1.79153423808155,0.502,0.044,8.95306048603567e-13,"Cyfip1-203",8.95306048603567e-13,"Up"
1.16909082184176e-17,1.54448926196269,0.539,0.058,8.98493060218268e-13,"Mgat2-201",8.98493060218268e-13,"Up"
1.17078903734775e-17,2.9092665429853,0.439,0.015,8.9979820676324e-13,"Mga-204",8.9979820676324e-13,"Up"
1.17876490615697e-17,1.57648075059972,0.435,0.015,9.05927980977875e-13,"Man1a-201",9.05927980977875e-13,"Up"
1.20371609340762e-17,1.23037508334267,0.554,0.066,9.25103966427492e-13,"Snx18-201",9.25103966427492e-13,"Up"
1.25165280359556e-17,1.93127043748655,0.439,0.015,9.61945245675335e-13,"Taok1-202",9.61945245675335e-13,"Up"
1.27248844070236e-17,1.84047854111882,0.509,0.051,9.77958266217392e-13,"Cep350-204",9.77958266217392e-13,"Up"
1.28498021251295e-17,1.70683521705037,0.756,0.248,9.87558692524706e-13,"Zmiz1-208",9.87558692524706e-13,"Up"
1.30445741903156e-17,1.10916000215046,0.572,0.088,1.00252770482252e-12,"Smg1-201",1.00252770482252e-12,"Up"
1.34659808780042e-17,1.22449135064277,0.627,0.102,1.03491449439813e-12,"Tns3-206",1.03491449439813e-12,"Up"
1.39416154156407e-17,3.37172659392493,0.421,0.007,1.07146891115365e-12,"Plbd2-201",1.07146891115365e-12,"Up"
1.39818544355874e-17,1.04821389854516,0.62,0.102,1.07456144079264e-12,"Afp-201",1.07456144079264e-12,"Up"
1.52024415519383e-17,1.81195427836805,0.535,0.058,1.16836844303267e-12,"Fndc3b-201",1.16836844303267e-12,"Up"
1.53424984078326e-17,2.0679222837903,0.579,0.095,1.17913237263557e-12,"Ifi207-201",1.17913237263557e-12,"Up"
1.56463985050409e-17,2.74564199662006,0.531,0.073,1.20248831070641e-12,"Rgs1-205",1.20248831070641e-12,"Up"
1.56869298777412e-17,2.15614115521672,0.48,0.036,1.20560330882392e-12,"Baz2b-201",1.20560330882392e-12,"Up"
1.6366980790046e-17,2.23533577699619,0.513,0.051,1.2578679416382e-12,"Htra3-201",1.2578679416382e-12,"Up"
1.65477033849967e-17,1.6806331255001,0.498,0.044,1.27175719595053e-12,"Psg17-201",1.27175719595053e-12,"Up"
1.68659650347116e-17,2.48610793655409,0.491,0.044,1.29621687677772e-12,"Skil-201",1.29621687677772e-12,"Up"
1.71750405974998e-17,2.58718545665835,0.491,0.044,1.31997057008025e-12,"Gramd1b-201",1.31997057008025e-12,"Up"
1.72773490575192e-17,2.11526224069578,0.52,0.058,1.32783338446658e-12,"Piezo1-209",1.32783338446658e-12,"Up"
2.15225965154252e-17,2.16206165402304,0.546,0.073,1.65409763259649e-12,"Myo9b-201",1.65409763259649e-12,"Up"
2.16712382248661e-17,1.79774445018483,0.539,0.066,1.66552134253386e-12,"Nipbl-201",1.66552134253386e-12,"Up"
2.179425516931e-17,1.58519857546745,0.55,0.073,1.67497568678215e-12,"Irak2-201",1.67497568678215e-12,"Up"
2.24520671912563e-17,1.56548048905797,0.583,0.088,1.72553117191681e-12,"Aff1-202",1.72553117191681e-12,"Up"
2.33575476083484e-17,1.53512748346504,0.568,0.088,1.79512096389201e-12,"Cpt1a-201",1.79512096389201e-12,"Up"
2.36703201362936e-17,1.11532556272327,0.882,0.387,1.81915878375471e-12,"Pabpc1-201",1.81915878375471e-12,"Up"
2.42461900798731e-17,3.77941716013518,0.432,0.015,1.86341669239856e-12,"Ptbp1-216",1.86341669239856e-12,"Up"
2.4477784440247e-17,3.72363336878616,0.432,0.015,1.88121564537074e-12,"Samd8-202",1.88121564537074e-12,"Up"
2.46184026761571e-17,2.09727021263354,0.542,0.073,1.89202271927338e-12,"Furin-203",1.89202271927338e-12,"Up"
2.46329419991508e-17,1.96446785898382,0.52,0.058,1.89314012440273e-12,"Bltp2-201",1.89314012440273e-12,"Up"
2.54868421282676e-17,1.73014344424218,0.679,0.197,1.95876576492588e-12,"Prkcd-207",1.95876576492588e-12,"Up"
2.62603795136066e-17,1.55276600672022,0.513,0.051,2.01821520713872e-12,"Spty2d1-201",2.01821520713872e-12,"Up"
2.74967895774005e-17,1.7517671074952,0.491,0.044,2.11323826618153e-12,"Dapk1-202",2.11323826618153e-12,"Up"
2.75685300274262e-17,2.0538233927895,0.542,0.073,2.11875180672782e-12,"Furin-202",2.11875180672782e-12,"Up"
3.0677744544588e-17,2.29118357489818,0.498,0.051,2.35770737922977e-12,"Lnpep-201",2.35770737922977e-12,"Up"
3.16046496492754e-17,1.77291243879462,0.487,0.044,2.42894374414541e-12,"Slc6a8-201",2.42894374414541e-12,"Up"
3.26623249464629e-17,2.32789011615918,0.446,0.022,2.51023032143546e-12,"Wdr81-204",2.51023032143546e-12,"Up"
3.33775876205851e-17,2.57326936265786,0.461,0.029,2.56520111899244e-12,"Zranb3-201",2.56520111899244e-12,"Up"
3.4489329466898e-17,1.44370650289149,0.472,0.036,2.65064292684898e-12,"Myo1c-204",2.65064292684898e-12,"Up"
3.54951492876592e-17,1.41415601489186,0.494,0.044,2.72794420335376e-12,"Dcn-201",2.72794420335376e-12,"Up"
3.70939512292819e-17,1.96661702806003,0.535,0.066,2.85081852777523e-12,"Ncor2-202",2.85081852777523e-12,"Up"
3.78510630698145e-17,1.25104405551366,0.819,0.299,2.90900560116752e-12,"Aldoa-201",2.90900560116752e-12,"Up"
3.83426594187647e-17,4.72675543955582,0.41,0.007,2.94678674696974e-12,"Atp1a3-202",2.94678674696974e-12,"Up"
3.86790404015208e-17,1.77009713371266,0.513,0.058,2.97263897101848e-12,"Tmem65-201",2.97263897101848e-12,"Up"
3.89313116191532e-17,1.71750181944494,0.708,0.212,2.9920270231784e-12,"Prrc2c-202",2.9920270231784e-12,"Up"
3.94313509307765e-17,1.46916440146139,0.616,0.124,3.0304570444339e-12,"Shisa5-201",3.0304570444339e-12,"Up"
4.00967397554019e-17,1.42686795742288,0.756,0.226,3.08159483716166e-12,"Csf2rb2-201",3.08159483716166e-12,"Up"
4.01722398019028e-17,3.19288487865324,0.443,0.022,3.08739731773544e-12,"Rere-202",3.08739731773544e-12,"Up"
4.33021915405078e-17,1.36220853186335,0.845,0.387,3.32794662865419e-12,"Csf2rb-206",3.32794662865419e-12,"Up"
4.34804406218471e-17,3.210366371546,0.428,0.015,3.34164578355144e-12,"Fbn1-201",3.34164578355144e-12,"Up"
4.73259376629228e-17,2.95379469516198,0.465,0.036,3.63718761314627e-12,"Ern1-201",3.63718761314627e-12,"Up"
4.78497937138352e-17,2.75572483687958,0.469,0.036,3.67744804608309e-12,"Hyou1-201",3.67744804608309e-12,"Up"
4.79247106333183e-17,4.69136893681741,0.428,0.022,3.68320571101305e-12,"Lhfpl2-202",3.68320571101305e-12,"Up"
4.80480985533126e-17,1.96867762655833,0.801,0.38,3.69268856621628e-12,"Spp1-205",3.69268856621628e-12,"Up"
4.82101074654819e-17,1.98034175465562,0.461,0.029,3.70513959915214e-12,"Ccr1-201",3.70513959915214e-12,"Up"
4.91178235428363e-17,2.034354721391,0.487,0.044,3.77490121056114e-12,"Ndel1-201",3.77490121056114e-12,"Up"
4.93363648320772e-17,1.49152314717477,0.731,0.204,3.79169698280446e-12,"Brd2-203",3.79169698280446e-12,"Up"
5.07164455858707e-17,2.41737024702449,0.443,0.022,3.8977617090565e-12,"Abl2-202",3.8977617090565e-12,"Up"
5.48796278317779e-17,2.24684566029007,0.686,0.234,4.21771891738346e-12,"Gnas-202",4.21771891738346e-12,"Up"
5.56415499462122e-17,3.42367021264247,0.435,0.022,4.27627567956619e-12,"Osm-201",4.27627567956619e-12,"Up"
6.13894095254796e-17,3.09405652007525,0.454,0.029,4.71802167967121e-12,"Emilin1-201",4.71802167967121e-12,"Up"
6.17973917984704e-17,2.39277846377643,0.494,0.051,4.74937674927964e-12,"Nrp2-204",4.74937674927964e-12,"Up"
6.21344598322597e-17,1.17048215041241,0.506,0.051,4.77528177594849e-12,"Por-201",4.77528177594849e-12,"Up"
6.41090569361885e-17,1.07369219199867,0.83,0.299,4.92703746177383e-12,"Itgb1-201",4.92703746177383e-12,"Up"
6.58247429470356e-17,4.28894741877978,0.421,0.015,5.05889479445147e-12,"Col6a2-202",5.05889479445147e-12,"Up"
6.64659716068646e-17,1.32993827726637,0.657,0.131,5.10817578187397e-12,"Golgb1-203",5.10817578187397e-12,"Up"
6.86898983359575e-17,1.6554335521405,0.483,0.044,5.27909344671168e-12,"Dapk1-207",5.27909344671168e-12,"Up"
6.88712035171722e-17,2.8670858056974,0.48,0.044,5.29302747510875e-12,"Papola-202",5.29302747510875e-12,"Up"
7.09210830446383e-17,2.75138510216144,0.435,0.022,5.45056891631263e-12,"Rnf187-201",5.45056891631263e-12,"Up"
7.36564967539173e-17,1.83456872179794,0.576,0.095,5.66079640152556e-12,"Dot1l-201",5.66079640152556e-12,"Up"
7.49708317758357e-17,1.54403484524039,0.59,0.109,5.76180830530007e-12,"P2rx4-201",5.76180830530007e-12,"Up"
7.56815339653056e-17,3.79578756713585,0.406,0.007,5.8164286113696e-12,"Sbno2-209",5.8164286113696e-12,"Up"
7.69453587565697e-17,1.74611843694708,0.69,0.182,5.9135586018774e-12,"Arg1-201",5.9135586018774e-12,"Up"
7.8604772860952e-17,1.97110345999054,0.609,0.139,6.0410912134556e-12,"Sirpa-203",6.0410912134556e-12,"Up"
8.52251285359666e-17,2.36664169381017,0.675,0.307,6.54989202850318e-12,"App-204",6.54989202850318e-12,"Up"
8.66560250312059e-17,1.68704510472647,0.483,0.044,6.6598621477483e-12,"Sfxn3-201",6.6598621477483e-12,"Up"
8.83016172886965e-17,1.78668094393403,0.509,0.058,6.78633249510548e-12,"Itprid2-203",6.78633249510548e-12,"Up"
9.00289697219075e-17,2.85270082192849,0.461,0.036,6.91908643900748e-12,"Zfhx3-204",6.91908643900748e-12,"Up"
9.03234132490468e-17,3.14984680579548,0.435,0.022,6.94171560184224e-12,"Cast-211",6.94171560184224e-12,"Up"
9.11437737250017e-17,2.06220048288192,0.439,0.022,7.00476358586128e-12,"Gab2-201",7.00476358586128e-12,"Up"
9.25112444661285e-17,3.19605658087919,0.461,0.036,7.10985918219984e-12,"Plod1-201",7.10985918219984e-12,"Up"
9.67231651076677e-17,1.43450453202499,0.561,0.08,7.4335621311847e-12,"Capn2-201",7.4335621311847e-12,"Up"
9.96945574300783e-17,2.15353116827399,0.421,0.015,7.66192551673124e-12,"Col5a1-201",7.66192551673124e-12,"Up"
1.01922262793615e-16,5.7528721495905,0.399,0.007,7.83313358474049e-12,"Col5a2-201",7.83313358474049e-12,"Up"
1.03516463314187e-16,3.04248599976448,0.421,0.015,7.9556542715485e-12,"Ubr5-204",7.9556542715485e-12,"Up"
1.08825350759619e-16,-2.96103128232078,0.07,0.401,8.36366350727973e-12,"Vim-206",8.36366350727973e-12,"Down"
1.10518293126418e-16,1.29995022326586,0.808,0.285,8.49377289993774e-12,"Tln1-201",8.49377289993774e-12,"Up"
1.11417826844922e-16,1.69738830356668,0.528,0.066,8.56290566433967e-12,"Ncor2-203",8.56290566433967e-12,"Up"
1.12832659547527e-16,2.11169946523455,0.435,0.022,8.67164121686566e-12,"Loxl2-201",8.67164121686566e-12,"Up"
1.21733765000388e-16,3.22141981262537,0.402,0.007,9.35572677533986e-12,"Lox-201",9.35572677533986e-12,"Up"
1.27248769553044e-16,2.27803759477322,0.435,0.022,9.77957693522968e-12,"Sowahc-201",9.77957693522968e-12,"Up"
1.28734026174835e-16,1.40070814767393,0.638,0.124,9.89372484764078e-12,"Fcer1g-201",9.89372484764078e-12,"Up"
1.29093372363101e-16,2.07138205071321,0.635,0.153,9.9213420395938e-12,"Hal-202",9.9213420395938e-12,"Up"
1.29690245037379e-16,2.06871941452403,0.52,0.066,9.9672140921027e-12,"Ptprc-207",9.9672140921027e-12,"Up"
1.30800875191596e-16,5.43923531201779,0.399,0.007,1.00525704619749e-11,"Cspg4-201",1.00525704619749e-11,"Up"
1.32572486938893e-16,2.45108492573261,0.469,0.044,1.01887259112017e-11,"Fnip2-207",1.01887259112017e-11,"Up"
1.39882558518363e-16,2.02461535694364,0.679,0.212,1.07505341523703e-11,"Emilin2-202",1.07505341523703e-11,"Up"
1.40336375591782e-16,2.33714725323054,0.572,0.117,1.07854118097308e-11,"Lamp2-201",1.07854118097308e-11,"Up"
1.45544898986334e-16,1.74497173545413,0.494,0.051,1.11857076666957e-11,"Saraf-205",1.11857076666957e-11,"Up"
1.45544898986334e-16,1.74497173545413,0.494,0.051,1.11857076666957e-11,"Saraf-201",1.11857076666957e-11,"Up"
1.48122512910979e-16,1.77178440604602,0.494,0.051,1.13838076072604e-11,"Usp8-201",1.13838076072604e-11,"Up"
1.49693330575925e-16,1.21094434418019,0.867,0.445,1.15045312280821e-11,"Lrpap1-201",1.15045312280821e-11,"Up"
1.51650457756526e-16,2.33122490638543,0.472,0.044,1.16549442804201e-11,"Skil-204",1.16549442804201e-11,"Up"
1.52334863883871e-16,1.60361403307858,0.572,0.095,1.1707543628931e-11,"Sgpl1-202",1.1707543628931e-11,"Up"
1.54572358028886e-16,2.20657128282045,0.45,0.029,1.1879504003952e-11,"Antxr2-201",1.1879504003952e-11,"Up"
1.59198437570447e-16,2.28384106992163,0.487,0.051,1.22350367210391e-11,"Nrp2-203",1.22350367210391e-11,"Up"
1.62607779056868e-16,1.5162154987854,0.528,0.066,1.24970582516365e-11,"Ncor2-205",1.24970582516365e-11,"Up"
1.64587436175304e-16,1.13563480845753,0.635,0.124,1.26492028198168e-11,"Ddx3x-201",1.26492028198168e-11,"Up"
1.68527509824758e-16,1.23672244932394,0.539,0.073,1.2952013240072e-11,"Skap2-205",1.2952013240072e-11,"Up"
1.6888141918404e-16,2.68409264627964,0.509,0.073,1.29792125899702e-11,"Zeb2-202",1.29792125899702e-11,"Up"
1.72322099773659e-16,2.21396498702386,0.487,0.051,1.32436426560048e-11,"Lpp-201",1.32436426560048e-11,"Up"
1.73210306870572e-16,1.28870153152382,0.483,0.044,1.33119049242309e-11,"Tlr13-201",1.33119049242309e-11,"Up"
1.75505145563846e-16,1.6101726621313,0.502,0.058,1.34882724571638e-11,"Atp6v1e1-201",1.34882724571638e-11,"Up"
1.79298891834267e-16,4.02189519044218,0.399,0.007,1.37798370330307e-11,"Lrp12-202",1.37798370330307e-11,"Up"
1.85155404459476e-16,1.93924917706578,0.48,0.044,1.42299334543286e-11,"Irs2-201",1.42299334543286e-11,"Up"
1.91720846172012e-16,2.60792565458707,0.458,0.036,1.47345139117038e-11,"Hyou1-206",1.47345139117038e-11,"Up"
1.9945494579225e-16,1.15230211096571,0.594,0.109,1.53289104039176e-11,"Tcirg1-201",1.53289104039176e-11,"Up"
2.04963951831201e-16,6.04898402026094,0.38,0,1.57522995540351e-11,"Flt1-202",1.57522995540351e-11,"Up"
2.05301567591621e-16,2.00047656139061,0.469,0.044,1.57782466756864e-11,"Rnaset2a-202",1.57782466756864e-11,"Up"
2.11968998116224e-16,2.24984250087971,0.461,0.036,1.62906653812243e-11,"Adam15-201",1.62906653812243e-11,"Up"
2.15428869665043e-16,1.27349376715137,0.745,0.234,1.65565703492372e-11,"Ctnnb1-201",1.65565703492372e-11,"Up"
2.3083420856989e-16,2.24904069285198,0.454,0.036,1.77405322654304e-11,"Itga6-202",1.77405322654304e-11,"Up"
2.3476760741874e-16,1.94140723161302,0.446,0.029,1.80428297005599e-11,"Tsc22d2-201",1.80428297005599e-11,"Up"
2.39891046137908e-16,2.80311481885207,0.413,0.015,1.84365864598828e-11,"Mga-201",1.84365864598828e-11,"Up"
2.42147353348648e-16,2.63832237472082,0.443,0.029,1.8609992694257e-11,"Axl-202",1.8609992694257e-11,"Up"
2.43431805653697e-16,2.38698446970258,0.446,0.029,1.87087079917092e-11,"Plin2-208",1.87087079917092e-11,"Up"
2.44898964276523e-16,1.12528685925328,0.882,0.46,1.88214650005079e-11,"Npc2-201",1.88214650005079e-11,"Up"
2.58582598720162e-16,1.78404499272375,0.513,0.066,1.98731070420393e-11,"Sirt2-202",1.98731070420393e-11,"Up"
2.60695681516106e-16,1.53008222182275,0.55,0.08,2.00355059072388e-11,"Nptn-201",2.00355059072388e-11,"Up"
2.63290516786661e-16,1.10835410120437,0.535,0.073,2.02349293771221e-11,"Plekho2-201",2.02349293771221e-11,"Up"
2.72587969478521e-16,2.20276232266229,0.568,0.109,2.09494758063022e-11,"Cytip-201",2.09494758063022e-11,"Up"
2.81548400299181e-16,3.52249882067898,0.421,0.022,2.16381207565932e-11,"Tmem104-201",2.16381207565932e-11,"Up"
2.84345872911928e-16,1.20767227160103,0.756,0.248,2.18531177167733e-11,"Gpi1-201",2.18531177167733e-11,"Up"
3.12745474532586e-16,7.3108511539991,0.376,0,2.40357406997273e-11,"Rcan1-201",2.40357406997273e-11,"Up"
3.18671410760622e-16,1.97708354765363,0.498,0.058,2.44911726025968e-11,"Cpeb4-202",2.44911726025968e-11,"Up"
3.27863654128947e-16,1.52535182497592,0.528,0.073,2.51976332744261e-11,"Cyth1-201",2.51976332744261e-11,"Up"
3.29525625977705e-16,5.26433257906898,0.402,0.015,2.53253624588906e-11,"Ctsj-201",2.53253624588906e-11,"Up"
3.43697988262306e-16,1.02456281949171,0.561,0.088,2.64145651899113e-11,"Tmem131-201",2.64145651899113e-11,"Up"
3.46181973124066e-16,2.88064271546352,0.424,0.022,2.6605469362477e-11,"Fbn1-202",2.6605469362477e-11,"Up"
3.57536244859117e-16,2.20675661893986,0.631,0.168,2.74780905624025e-11,"Lilrb4a-205",2.74780905624025e-11,"Up"
3.62904546077297e-16,1.15877494594836,0.528,0.073,2.78906659842246e-11,"Vwa5a-201",2.78906659842246e-11,"Up"
3.67281280891932e-16,1.43423934238766,0.513,0.066,2.82270355616686e-11,"Ugdh-201",2.82270355616686e-11,"Up"
3.79904307283224e-16,4.14830356030234,0.406,0.015,2.91971656319449e-11,"Col6a2-203",2.91971656319449e-11,"Up"
3.87268621633116e-16,1.83563837372267,0.483,0.051,2.97631426469915e-11,"Klf13-201",2.97631426469915e-11,"Up"
3.9650677577853e-16,-1.79962651814127,0.59,0.854,3.04731317456831e-11,"Sqstm1-201",3.04731317456831e-11,"Down"
3.96578740156815e-16,2.39714598284306,0.432,0.029,3.04786624960118e-11,"Slc35f6-201",3.04786624960118e-11,"Up"
4.05571302314846e-16,3.62005588224102,0.406,0.015,3.11697768681052e-11,"Ptk2b-201",3.11697768681052e-11,"Up"
4.09511048018381e-16,1.33258411018812,0.454,0.036,3.14725620844046e-11,"Zc3hav1-203",3.14725620844046e-11,"Up"
4.1455827015925e-16,2.56067459121837,0.443,0.036,3.1860461294819e-11,"Arhgap24-203",3.1860461294819e-11,"Up"
4.1592327499723e-16,2.63937876114544,0.424,0.022,3.19653673766371e-11,"Gtf2a1-201",3.19653673766371e-11,"Up"
4.24145160976113e-16,3.84479274148625,0.417,0.022,3.25972522016582e-11,"Kcnn4-202",3.25972522016582e-11,"Up"
4.41784287180353e-16,2.72292313971428,0.391,0.007,3.39528896069588e-11,"Zdhhc14-201",3.39528896069588e-11,"Up"
4.45580141703768e-16,2.31140300017989,0.583,0.131,3.42446162105014e-11,"C1qa-201",3.42446162105014e-11,"Up"
4.49164000644741e-16,1.70693539145444,0.69,0.212,3.45200501055509e-11,"Prrc2c-210",3.45200501055509e-11,"Up"
4.68848883109377e-16,2.24920374184433,0.494,0.058,3.6032912062488e-11,"Ptpre-204",3.6032912062488e-11,"Up"
4.72118662473487e-16,1.49569243640732,0.476,0.051,3.62842076857374e-11,"Lamb1-205",3.62842076857374e-11,"Up"
4.7625833364845e-16,7.11687098679429,0.373,0,3.6602357974218e-11,"Ifi211-201",3.6602357974218e-11,"Up"
4.77151385163787e-16,2.41182597974177,0.424,0.022,3.66709925553777e-11,"Ubr5-201",3.66709925553777e-11,"Up"
4.79790269585367e-16,1.25761973869193,0.52,0.066,3.68738013787138e-11,"H2-Q4-201",3.68738013787138e-11,"Up"
4.94926734840801e-16,1.67019112309442,0.424,0.022,3.80370992794549e-11,"Nagpa-201",3.80370992794549e-11,"Up"
5.09866902944215e-16,3.46186133619008,0.417,0.022,3.91853109588747e-11,"Myo1c-202",3.91853109588747e-11,"Up"
5.17561086661135e-16,1.65034933860616,0.572,0.102,3.97766397542549e-11,"Esyt1-201",3.97766397542549e-11,"Up"
5.2785783566383e-16,3.35309476069346,0.424,0.029,4.0567986102108e-11,"Serpinb6a-201",4.0567986102108e-11,"Up"
5.37907993829405e-16,2.05178602190645,0.469,0.044,4.13403809577651e-11,"Adam15-213",4.13403809577651e-11,"Up"
5.43155061615588e-16,1.49541539882974,0.439,0.029,4.17436391054044e-11,"Myadm-201",4.17436391054044e-11,"Up"
5.50732478829383e-16,1.90622515002318,0.48,0.051,4.23259939279534e-11,"Fcgr1-201",4.23259939279534e-11,"Up"
5.84950931237616e-16,1.53164716145417,0.579,0.109,4.49558188693358e-11,"Rnf213-202",4.49558188693358e-11,"Up"
5.86153516240681e-16,3.02952564696348,0.446,0.036,4.50482423371613e-11,"Vmp1-201",4.50482423371613e-11,"Up"
5.98838166204761e-16,2.01445340675469,0.642,0.197,4.60231084255007e-11,"Ctsa-202",4.60231084255007e-11,"Up"
6.16515996071379e-16,1.50759429950623,0.454,0.036,4.73817203620697e-11,"Dcn-202",4.73817203620697e-11,"Up"
6.1696390570632e-16,1.38292175532814,0.506,0.058,4.74161440091536e-11,"Fndc3b-204",4.74161440091536e-11,"Up"
6.29588353297981e-16,2.45123189406222,0.432,0.029,4.8386383304363e-11,"Igf1-202",4.8386383304363e-11,"Up"
6.7912968656639e-16,4.72209866752025,0.395,0.015,5.21938329313733e-11,"Lilrb4a-211",5.21938329313733e-11,"Up"
7.07707484275436e-16,1.61250288142496,0.557,0.095,5.43901509965043e-11,"Sgpl1-201",5.43901509965043e-11,"Up"
7.1441687869989e-16,1.60144726693846,0.48,0.051,5.49057947956014e-11,"Tbc1d15-201",5.49057947956014e-11,"Up"
7.21079590708352e-16,1.62601933011378,0.568,0.102,5.54178508642997e-11,"Tmem106a-202",5.54178508642997e-11,"Up"
7.40592418711205e-16,1.77067658833384,0.432,0.029,5.69174897476309e-11,"Atp2b4-206",5.69174897476309e-11,"Up"
8.25062373019475e-16,2.8798826857639,0.428,0.029,6.34093436160387e-11,"Ppt1-201",6.34093436160387e-11,"Up"
8.59258636282625e-16,2.12234525039667,0.446,0.036,6.60374632328648e-11,"Stx7-205",6.60374632328648e-11,"Up"
8.67123743276523e-16,2.89714278247294,0.417,0.022,6.66419281657739e-11,"Atrx-202",6.66419281657739e-11,"Up"
8.87785062908195e-16,1.27110325139035,0.568,0.095,6.82298332247464e-11,"Arhgdia-201",6.82298332247464e-11,"Up"
9.44017297063727e-16,1.19839233552476,0.601,0.109,7.25515053485357e-11,"Eif4b-201",7.25515053485357e-11,"Up"
9.86645627564769e-16,1.40606647712172,0.513,0.073,7.58276630608627e-11,"Notch2-201",7.58276630608627e-11,"Up"
9.94106296483238e-16,2.70836471297391,0.417,0.022,7.64010453099228e-11,"Kmt2a-202",7.64010453099228e-11,"Up"
1.00014934022196e-15,1.15819891164939,0.69,0.153,7.68654773934186e-11,"Selplg-201",7.68654773934186e-11,"Up"
1.00250282817602e-15,1.12226441153365,0.565,0.095,7.704635235664e-11,"Supt6-201",7.704635235664e-11,"Up"
1.01461762058503e-15,1.27417287278626,0.572,0.109,7.7977422612442e-11,"Ncoa4-201",7.7977422612442e-11,"Up"
1.018889829155e-15,1.06898813022512,0.587,0.117,7.83057589298782e-11,"Ncoa4-202",7.83057589298782e-11,"Up"
1.09411196913857e-15,1.13208424768055,0.465,0.044,8.40868812761755e-11,"Ago2-201",8.40868812761755e-11,"Up"
1.0979382829568e-15,6.51503978011973,0.365,0,8.43809487983618e-11,"Itga4-201",8.43809487983618e-11,"Up"
1.10873484147002e-15,1.97949088053507,0.417,0.022,8.5210707506337e-11,"Pnpla7-201",8.5210707506337e-11,"Up"
1.14060789762341e-15,1.95880715214355,0.446,0.036,8.76602793639494e-11,"Tpbpb-201",8.76602793639494e-11,"Up"
1.17083659924087e-15,2.05444928837052,0.417,0.022,8.99834759980578e-11,"Utrn-205",8.99834759980578e-11,"Up"
1.18836579186516e-15,1.42901681715063,0.48,0.051,9.13306645680052e-11,"Sec31a-201",9.13306645680052e-11,"Up"
1.21700275209747e-15,2.03692733360697,0.649,0.197,9.35315295096988e-11,"Itgam-203",9.35315295096988e-11,"Up"
1.22359515623165e-15,2.2992390642173,0.399,0.015,9.40381821370276e-11,"Plagl1-203",9.40381821370276e-11,"Up"
1.29246007248997e-15,1.08256855755509,0.76,0.219,9.93307264111441e-11,"Rhob-201",9.93307264111441e-11,"Up"
1.31745167569097e-15,2.68088034039069,0.399,0.015,1.01251431083554e-10,"Mga-203",1.01251431083554e-10,"Up"
1.34914218466857e-15,2.15010657087108,0.413,0.022,1.03686973460518e-10,"Nfil3-201",1.03686973460518e-10,"Up"
1.36128783201322e-15,2.86693353160117,0.439,0.036,1.04620415041544e-10,"Adgre5-202",1.04620415041544e-10,"Up"
1.36718742626009e-15,4.30248227509971,0.38,0.007,1.05073822457793e-10,"Plagl1-201",1.05073822457793e-10,"Up"
1.42440506082463e-15,4.06424168948778,0.391,0.015,1.09471226544616e-10,"Cd83-201",1.09471226544616e-10,"Up"
1.42947284771991e-15,3.84925033138487,0.395,0.015,1.09860706238666e-10,"Klf2-201",1.09860706238666e-10,"Up"
1.4990340695913e-15,1.74599861968224,0.446,0.036,1.1520676438437e-10,"Lrp12-201",1.1520676438437e-10,"Up"
1.50875338668014e-15,1.90593694413556,0.542,0.095,1.15953732779915e-10,"Ifi207-202",1.15953732779915e-10,"Up"
1.66221653397526e-15,1.64052087339374,0.413,0.022,1.27747989502135e-10,"Pacs2-201",1.27747989502135e-10,"Up"
1.69175603691822e-15,1.16033116310079,0.52,0.073,1.30018218461313e-10,"Myo1f-202",1.30018218461313e-10,"Up"
1.69260268794713e-15,2.25471800573824,0.413,0.022,1.30083286979489e-10,"Nr4a2-201",1.30083286979489e-10,"Up"
1.77358211154064e-15,2.4577635344416,0.487,0.066,1.36306879600344e-10,"Malt1-201",1.36306879600344e-10,"Up"
1.7746436320733e-15,2.25986009174057,0.439,0.036,1.36388461699362e-10,"Dnajc14-201",1.36388461699362e-10,"Up"
1.78281618446345e-15,1.6385002193386,0.461,0.044,1.37016555040754e-10,"Sh3bp5-201",1.37016555040754e-10,"Up"
1.80537916858503e-15,2.0262363194405,0.498,0.066,1.38750610622434e-10,"Ptprc-204",1.38750610622434e-10,"Up"
1.81475592297381e-15,2.82144527578371,0.421,0.029,1.39471251704229e-10,"Dock10-205",1.39471251704229e-10,"Up"
1.83424746796053e-15,2.84885887826519,0.395,0.015,1.40969254902639e-10,"Per2-201",1.40969254902639e-10,"Up"
1.88352617438849e-15,1.74864352907691,0.502,0.066,1.44756520606453e-10,"Rpn2-206",1.44756520606453e-10,"Up"
1.89583104828853e-15,3.190209728886,0.41,0.022,1.45702199385167e-10,"Pla2g15-201",1.45702199385167e-10,"Up"
1.89947850514068e-15,1.17527344384603,0.705,0.197,1.45982521034082e-10,"Emp1-206",1.45982521034082e-10,"Up"
1.9342863561784e-15,1.12370016252318,0.886,0.409,1.48657643617735e-10,"Ubc-202",1.48657643617735e-10,"Up"
1.94447364176053e-15,1.88745927921507,0.469,0.051,1.49440577263864e-10,"Bst1-201",1.49440577263864e-10,"Up"
2.00278472370792e-15,2.20270243421984,0.561,0.131,1.53922017155849e-10,"Fcgr3-204",1.53922017155849e-10,"Up"
2.00360672883677e-15,1.36174645583867,0.428,0.029,1.53985191538021e-10,"Myadm-202",1.53985191538021e-10,"Up"
2.05043439172531e-15,2.38428287127826,0.465,0.051,1.57584084741657e-10,"Diaph1-204",1.57584084741657e-10,"Up"
2.05782853701948e-15,2.12670219895546,0.428,0.029,1.58152354384095e-10,"Topors-201",1.58152354384095e-10,"Up"
2.09769279277484e-15,1.08879034711531,0.487,0.058,1.61216081895918e-10,"Trrap-203",1.61216081895918e-10,"Up"
2.11953974526793e-15,1.96756797467891,0.48,0.058,1.62895107582822e-10,"Tns1-217",1.62895107582822e-10,"Up"
2.19285088550329e-15,1.27608784323859,0.594,0.124,1.6852936195447e-10,"Ep400-204",1.6852936195447e-10,"Up"
2.3141940768773e-15,2.88018042675118,0.376,0.007,1.77855071584328e-10,"Mga-202",1.77855071584328e-10,"Up"
2.3141940768773e-15,2.40416198580366,0.376,0.007,1.77855071584328e-10,"Nbr1-203",1.77855071584328e-10,"Up"
2.32448560239509e-15,2.33584942115608,0.446,0.044,1.78646016486472e-10,"Dmxl2-202",1.78646016486472e-10,"Up"
2.40205706274662e-15,1.76713507853851,0.443,0.036,1.84607693500329e-10,"Sec16a-202",1.84607693500329e-10,"Up"
2.40205706274662e-15,1.76713507853851,0.443,0.036,1.84607693500329e-10,"Sec16a-201",1.84607693500329e-10,"Up"
2.45176313595672e-15,1.58054014736192,0.509,0.073,1.88427804050818e-10,"Ap2b1-201",1.88427804050818e-10,"Up"
2.45491611446134e-15,1.38591132708898,0.59,0.117,1.88670123060812e-10,"Slc6a6-201",1.88670123060812e-10,"Up"
2.46239909727599e-15,1.92383900036886,0.498,0.066,1.89245220222049e-10,"Fth1-208",1.89245220222049e-10,"Up"
2.50974287615135e-15,1.73599581669774,0.41,0.022,1.92883779003736e-10,"Acox1-201",1.92883779003736e-10,"Up"
2.51142306576785e-15,5.74246672218574,0.358,0,1.93012908296522e-10,"Tspan14-201",1.93012908296522e-10,"Up"
2.73783625597666e-15,1.12097506613726,0.542,0.088,2.1041366761683e-10,"Gltp-201",2.1041366761683e-10,"Up"
2.75359843047701e-15,1.50154867813684,0.509,0.073,2.1162505377588e-10,"Sirt2-201",2.1162505377588e-10,"Up"
2.76586229825145e-15,2.02087850855073,0.494,0.066,2.12567581069817e-10,"Ptprc-201",2.12567581069817e-10,"Up"
2.77996859451828e-15,1.17087087493234,0.701,0.197,2.13651706363108e-10,"Emp1-201",2.13651706363108e-10,"Up"
2.86119217035592e-15,1.26467352906648,0.443,0.036,2.19894063060534e-10,"Ccr5-202",2.19894063060534e-10,"Up"
2.88826545591894e-15,1.88653637529684,0.424,0.029,2.21974753349194e-10,"Cttnbp2nl-201",2.21974753349194e-10,"Up"
2.89791313310422e-15,1.62293799188853,0.554,0.102,2.22716215931592e-10,"Mtdh-201",2.22716215931592e-10,"Up"
2.89991655322304e-15,2.64997497227949,0.391,0.015,2.22870186781404e-10,"Nfkb1-201",2.22870186781404e-10,"Up"
2.94074450514128e-15,1.90561693786435,0.435,0.036,2.26007978198128e-10,"Or51v8-201",2.26007978198128e-10,"Up"
2.94471538854194e-15,3.36475430900955,0.402,0.022,2.26313156471002e-10,"Kdm2a-202",2.26313156471002e-10,"Up"
2.98023990307424e-15,2.07457404436208,0.439,0.036,2.29043357510867e-10,"Gripap1-201",2.29043357510867e-10,"Up"
3.08308714413319e-15,1.69750073221821,0.705,0.234,2.36947579375212e-10,"Vegfa-202",2.36947579375212e-10,"Up"
3.1012327176589e-15,1.02542066348916,0.55,0.088,2.38342139282957e-10,"Slc2a1-201",2.38342139282957e-10,"Up"
3.13222026852002e-15,1.95971739388465,0.572,0.124,2.40723656516837e-10,"Dnmt3a-201",2.40723656516837e-10,"Up"
3.15623241279304e-15,1.70155483154594,0.424,0.029,2.42569085852797e-10,"Nedd9-201",2.42569085852797e-10,"Up"
3.1984357811307e-15,3.96510930661619,0.387,0.015,2.45812583523019e-10,"Rin3-201",2.45812583523019e-10,"Up"
3.1984357811307e-15,2.60020365182831,0.387,0.015,2.45812583523019e-10,"Htt-201",2.45812583523019e-10,"Up"
3.2711280014516e-15,2.13679854934465,0.421,0.029,2.51399271423561e-10,"Slfn5-201",2.51399271423561e-10,"Up"
3.27157618401307e-15,1.46144162369066,0.454,0.044,2.51433716046141e-10,"Ano6-201",2.51433716046141e-10,"Up"
3.27157618401307e-15,1.8099952188663,0.454,0.044,2.51433716046141e-10,"Csrnp1-201",2.51433716046141e-10,"Up"
3.27157618401307e-15,1.8099952188663,0.454,0.044,2.51433716046141e-10,"Csrnp1-204",2.51433716046141e-10,"Up"
3.33902404627581e-15,1.66871779960883,0.439,0.036,2.56617354052481e-10,"Golph3l-205",2.56617354052481e-10,"Up"
3.43319166412391e-15,2.0910842799246,0.461,0.051,2.63854512154579e-10,"Plek-201",2.63854512154579e-10,"Up"
3.4922088543315e-15,3.30016174445898,0.373,0.007,2.68390219290793e-10,"Samd9l-201",2.68390219290793e-10,"Up"
3.49775894303544e-15,4.77490653552415,0.38,0.015,2.68816765808045e-10,"Acox3-202",2.68816765808045e-10,"Up"
3.51901383512836e-15,2.62953510150925,0.406,0.022,2.70450289284955e-10,"Soga1-201",2.70450289284955e-10,"Up"
3.5388790524284e-15,1.65264269546135,0.417,0.029,2.71977010695332e-10,"Myo1c-201",2.71977010695332e-10,"Up"
3.56212024720919e-15,1.24945414410851,0.483,0.058,2.73763189479015e-10,"Itpkb-201",2.73763189479015e-10,"Up"
3.64533971601552e-15,2.86720369938296,0.428,0.036,2.80158938534657e-10,"Mbnl1-201",2.80158938534657e-10,"Up"
3.89767271009908e-15,1.88486656925336,0.402,0.022,2.99551738461954e-10,"Dennd4a-201",2.99551738461954e-10,"Up"
3.95512009310207e-15,1.16987329305944,0.528,0.08,3.03966799635267e-10,"Sec62-201",3.03966799635267e-10,"Up"
4.00874775344346e-15,1.59794900677655,0.432,0.036,3.08088299843143e-10,"Vps13d-202",3.08088299843143e-10,"Up"
4.03046541160286e-15,2.13476834080532,0.435,0.036,3.09757388743326e-10,"Adam15-204",3.09757388743326e-10,"Up"
4.03046541160286e-15,2.10045535948786,0.435,0.036,3.09757388743326e-10,"Adam15-202",3.09757388743326e-10,"Up"
4.13117569862352e-15,1.02522839568002,0.594,0.117,3.17497377142012e-10,"Fam107b-201",3.17497377142012e-10,"Up"
4.15165667141069e-15,2.09077543326396,0.432,0.036,3.19071421824597e-10,"Klf10-201",3.19071421824597e-10,"Up"
4.2741510726112e-15,1.43753960349308,0.675,0.197,3.28485606534461e-10,"Atp6v1a-202",3.28485606534461e-10,"Up"
4.31075557787184e-15,2.9242449078517,0.399,0.022,3.31298809181763e-10,"Steap3-203",3.31298809181763e-10,"Up"
4.31113329878481e-15,1.29955012098585,0.48,0.058,3.31327838544808e-10,"Lrp10-201",3.31327838544808e-10,"Up"
4.3444309957551e-15,1.87824637852337,0.421,0.029,3.33886899747763e-10,"Cttnbp2nl-202",3.33886899747763e-10,"Up"
4.36931964782475e-15,1.2052213208235,0.502,0.066,3.35799692213924e-10,"Tgfbr2-201",3.35799692213924e-10,"Up"
4.53846939044836e-15,2.17614642161514,0.417,0.029,3.48799526533518e-10,"Nek6-201",3.48799526533518e-10,"Up"
4.631290353871e-15,3.68415391599802,0.41,0.029,3.55933188856402e-10,"Mef2a-204",3.55933188856402e-10,"Up"
4.71114636140476e-15,1.63716764978791,0.491,0.066,3.62070442459402e-10,"Sh3pxd2b-203",3.62070442459402e-10,"Up"
4.74228838286731e-15,1.08950724096149,0.487,0.058,3.64463831376884e-10,"Klhl9-201",3.64463831376884e-10,"Up"
4.74926531762938e-15,1.64597257504633,0.524,0.088,3.65000036721088e-10,"Chd7-202",3.65000036721088e-10,"Up"
4.79173011273894e-15,1.4724204338751,0.506,0.073,3.68263626084439e-10,"Myo9b-203",3.68263626084439e-10,"Up"
4.8490479721735e-15,1.05652804669047,0.48,0.058,3.72668732853422e-10,"Trrap-201",3.72668732853422e-10,"Up"
4.85913974565512e-15,1.07336766104943,0.483,0.058,3.73444326012579e-10,"Fem1b-201",3.73444326012579e-10,"Up"
5.15998810637514e-15,1.39556837206255,0.506,0.073,3.96565725927355e-10,"Myo9b-202",3.96565725927355e-10,"Up"
5.16251357835552e-15,3.42570058859347,0.369,0.007,3.96759818550935e-10,"Sbno2-201",3.96759818550935e-10,"Up"
5.21825358138514e-15,2.74965537714418,0.587,0.153,4.01043660743774e-10,"Fn1-216",4.01043660743774e-10,"Up"
5.22919367981389e-15,1.22589300449983,0.48,0.058,4.01884451068416e-10,"Ap3b1-201",4.01884451068416e-10,"Up"
5.25550571332539e-15,1.98623686344957,0.546,0.109,4.0390663609191e-10,"Dnmt3a-218",4.0390663609191e-10,"Up"
5.28977361018643e-15,1.57527366696874,0.502,0.073,4.06540261037268e-10,"Mbnl2-201",4.06540261037268e-10,"Up"
5.42492378106087e-15,1.67433840306118,0.601,0.139,4.16927092269652e-10,"Birc6-202",4.16927092269652e-10,"Up"
5.46554595060664e-15,1.26922050450346,0.506,0.073,4.20049068487923e-10,"Akr1b3-201",4.20049068487923e-10,"Up"
5.4750562816285e-15,1.55549927796433,0.494,0.066,4.20779975468277e-10,"Zfc3h1-201",4.20779975468277e-10,"Up"
5.54550014433218e-15,1.31549002280593,0.469,0.051,4.26193868092505e-10,"Tm9sf2-201",4.26193868092505e-10,"Up"
5.63422232391329e-15,1.88883987065055,0.458,0.051,4.33012522482032e-10,"Tns1-201",4.33012522482032e-10,"Up"
5.70039209658534e-15,5.49943212266303,0.351,0,4.3809793419097e-10,"Lamc2-201",4.3809793419097e-10,"Up"
5.70039209658534e-15,6.5814031754002,0.351,0,4.3809793419097e-10,"Zfp407-202",4.3809793419097e-10,"Up"
5.70039209658534e-15,5.86602652121548,0.351,0,4.3809793419097e-10,"Rab11fip5-202",4.3809793419097e-10,"Up"
5.83596699559233e-15,2.01352855618703,0.432,0.036,4.48517407479253e-10,"Csk-201",4.48517407479253e-10,"Up"
5.91032245744792e-15,2.91939301165687,0.399,0.022,4.54231922144702e-10,"Cep170-215",4.54231922144702e-10,"Up"
5.98338267295006e-15,1.62302810765594,0.52,0.08,4.59846891946904e-10,"Epas1-201",4.59846891946904e-10,"Up"
6.12528041888711e-15,1.62046492675581,0.446,0.044,4.7075230131315e-10,"Ralgds-202",4.7075230131315e-10,"Up"
6.14503482386357e-15,1.26507787994923,0.491,0.066,4.72270506353211e-10,"Dock8-201",4.72270506353211e-10,"Up"
6.6214594591173e-15,2.14789574969928,0.454,0.051,5.08885645271001e-10,"Fcgr4-201",5.08885645271001e-10,"Up"
6.63779244545029e-15,1.69330642906845,0.417,0.029,5.10140900602636e-10,"Adcy7-202",5.10140900602636e-10,"Up"
6.63779244545029e-15,1.69330642906845,0.417,0.029,5.10140900602636e-10,"Adcy7-204",5.10140900602636e-10,"Up"
6.63779244545029e-15,1.69330642906845,0.417,0.029,5.10140900602636e-10,"Adcy7-201",5.10140900602636e-10,"Up"
6.67360987288952e-15,1.69223436064811,0.524,0.088,5.12893613171051e-10,"Jmjd1c-206",5.12893613171051e-10,"Up"
6.67735632292783e-15,4.91113027607886,0.376,0.015,5.13181542842296e-10,"Rab31-201",5.13181542842296e-10,"Up"
6.84795249063715e-15,2.10401209578838,0.446,0.044,5.26292540715427e-10,"Nav1-208",5.26292540715427e-10,"Up"
7.0052197825626e-15,2.04825331083051,0.432,0.036,5.38379161169066e-10,"Azin1-205",5.38379161169066e-10,"Up"
7.0529090999268e-15,2.02150041755931,0.413,0.029,5.42044275965774e-10,"Cmip-202",5.42044275965774e-10,"Up"
7.3337242060633e-15,1.24847127853845,0.446,0.044,5.63626040132789e-10,"Vcpip1-201",5.63626040132789e-10,"Up"
7.38696607343807e-15,4.65364353753896,0.376,0.015,5.6771789060801e-10,"Cadm1-202",5.6771789060801e-10,"Up"
7.45516315961116e-15,-2.48498901324476,0.646,0.73,5.72959109468756e-10,"Gpx1-201",5.72959109468756e-10,"Down"
7.47733474275251e-15,3.64586437767976,0.365,0.007,5.74663084319502e-10,"Sbno2-207",5.74663084319502e-10,"Up"
7.54722717882986e-15,3.47503471299406,0.365,0.007,5.8003459760179e-10,"Nr4a1-201",5.8003459760179e-10,"Up"
7.6121612328731e-15,1.13448725092816,0.539,0.095,5.85025039391229e-10,"Tcirg1-211",5.85025039391229e-10,"Up"
7.64195331399708e-15,2.14254862805959,0.45,0.051,5.87314679993931e-10,"Mmp14-201",5.87314679993931e-10,"Up"
7.65097616948715e-15,2.21779571838372,0.454,0.051,5.88008122529765e-10,"Hpse-202",5.88008122529765e-10,"Up"
7.66765575570046e-15,2.21708179128818,0.399,0.022,5.89290015448603e-10,"Ceacam12-202",5.89290015448603e-10,"Up"
7.68894655297558e-15,3.76900745443873,0.365,0.007,5.90926298382385e-10,"Tob2-201",5.90926298382385e-10,"Up"
7.91029683199609e-15,2.5472566577702,0.413,0.029,6.07937952726227e-10,"Gas2l3-201",6.07937952726227e-10,"Up"
8.09235991789803e-15,2.92750337517107,0.424,0.036,6.21930229130135e-10,"Adgre5-203",6.21930229130135e-10,"Up"
8.31533725227671e-15,1.59038170849067,0.483,0.066,6.39066929186475e-10,"Ppcdc-209",6.39066929186475e-10,"Up"
8.32170949932827e-15,4.40906428841564,0.376,0.015,6.39556661861375e-10,"Inpp5d-201",6.39556661861375e-10,"Up"
8.56346573767523e-15,5.48626665769338,0.347,0,6.58136595803292e-10,"Lamc2-203",6.58136595803292e-10,"Up"
8.56346573767523e-15,5.67253014590654,0.347,0,6.58136595803292e-10,"Tspan14-202",6.58136595803292e-10,"Up"
8.56346573767523e-15,6.14977617504137,0.347,0,6.58136595803292e-10,"Rab11a-208",6.58136595803292e-10,"Up"
8.56346573767523e-15,6.32354299577063,0.347,0,6.58136595803292e-10,"Gpsm3-201",6.58136595803292e-10,"Up"
8.80776838038538e-15,1.20243872982327,0.959,0.62,6.76912231106138e-10,"Lars2-201",6.76912231106138e-10,"Up"
8.91750699585291e-15,1.95611093249573,0.443,0.044,6.8534608265928e-10,"Plxna1-202",6.8534608265928e-10,"Up"
9.04243028788755e-15,1.57373936081902,0.528,0.088,6.9494693734531e-10,"Prkar1a-203",6.9494693734531e-10,"Up"
1.03734712287964e-14,2.08038850871151,0.41,0.029,7.97242757817916e-10,"Arhgap45-202",7.97242757817916e-10,"Up"
1.04170642018435e-14,4.39907187558891,0.362,0.007,8.00593052168479e-10,"Rin3-204",8.00593052168479e-10,"Up"
1.0506349267454e-14,1.32865217751119,0.491,0.066,8.07454966600906e-10,"Gaa-203",8.07454966600906e-10,"Up"
1.09392901925849e-14,1.5883331328326,0.428,0.036,8.40728208460917e-10,"Cln8-201",8.40728208460917e-10,"Up"
1.10613616574662e-14,1.36436710310477,0.461,0.051,8.50109888822908e-10,"Rbm25-201",8.50109888822908e-10,"Up"
1.11836911790918e-14,1.4614642825031,0.764,0.27,8.59511401877921e-10,"Ahnak2-201",8.59511401877921e-10,"Up"
1.11917248673335e-14,2.07803733320036,0.627,0.241,8.60128822954046e-10,"Cd44-203",8.60128822954046e-10,"Up"
1.16444149563307e-14,3.14525191539079,0.362,0.007,8.9491986705384e-10,"Ctbp1-211",8.9491986705384e-10,"Up"
1.16504352508437e-14,1.58115497659099,0.594,0.131,8.95382550768341e-10,"Samhd1-201",8.95382550768341e-10,"Up"
1.17803909244095e-14,1.0908630142364,0.579,0.117,9.05370164104566e-10,"Ier5-201",9.05370164104566e-10,"Up"
1.19265174418684e-14,1.95994748545115,0.428,0.036,9.16600571477354e-10,"B4galt5-201",9.16600571477354e-10,"Up"
1.23411174979956e-14,1.14457641763606,0.579,0.117,9.48464244190951e-10,"Trib1-201",9.48464244190951e-10,"Up"
1.28401088289942e-14,6.2437686022629,0.343,0,9.8681372394352e-10,"Nr4a1-202",9.8681372394352e-10,"Up"
1.31742683368035e-14,1.46330369946248,0.594,0.139,1.01249521875669e-09,"Tcf25-203",1.01249521875669e-09,"Up"
1.36729250529675e-14,1.4697692712765,0.627,0.153,1.05081898202076e-09,"Unc93b1-203",1.05081898202076e-09,"Up"
1.3977015049901e-14,1.30885508997222,0.424,0.036,1.07418951464509e-09,"Erbin-203",1.07418951464509e-09,"Up"
1.41029343823746e-14,2.54749729733104,0.413,0.036,1.08386691902302e-09,"Acvrl1-201",1.08386691902302e-09,"Up"
1.41072137052106e-14,1.94699861048931,0.41,0.029,1.08419580210026e-09,"Zranb3-203",1.08419580210026e-09,"Up"
1.4250741855211e-14,2.13759559124017,0.376,0.015,1.09522651454038e-09,"Sh3tc1-201",1.09522651454038e-09,"Up"
1.47862187282979e-14,1.74756065577899,0.454,0.051,1.1363800541446e-09,"Mgat5-201",1.1363800541446e-09,"Up"
1.48126780973683e-14,3.11638800052509,0.399,0.029,1.13841356249514e-09,"Stab1-201",1.13841356249514e-09,"Up"
1.51852709004571e-14,-4.20688158554724,0.155,0.453,1.16704880978373e-09,"Fam220a-207",1.16704880978373e-09,"Down"
1.54445135932745e-14,1.29179796679372,0.487,0.066,1.18697264769752e-09,"Tgfbr2-202",1.18697264769752e-09,"Up"
1.56040047057988e-14,1.99248794243978,0.376,0.015,1.19923017765946e-09,"Usp34-205",1.19923017765946e-09,"Up"
1.64659312664878e-14,1.47467177056046,0.424,0.036,1.26547268155465e-09,"Tcn2-207",1.26547268155465e-09,"Up"
1.64965273715473e-14,4.0055181053135,0.358,0.007,1.2678241146129e-09,"Acp5-206",1.2678241146129e-09,"Up"
1.6790369922841e-14,2.02731125359189,0.421,0.036,1.29040709005002e-09,"Gpr137b-206",1.29040709005002e-09,"Up"
1.69586300684113e-14,1.28289615262815,0.52,0.088,1.30333855527768e-09,"Sh3bgrl-201",1.30333855527768e-09,"Up"
1.72185777747593e-14,2.09064577659019,0.406,0.029,1.32331657630135e-09,"Erbin-201",1.32331657630135e-09,"Up"
1.72776639519875e-14,2.59376968268385,0.358,0.007,1.32785758536604e-09,"Crem-203",1.32785758536604e-09,"Up"
1.72994595668396e-14,2.64810647083186,0.373,0.015,1.32953266554989e-09,"Creb3l1-201",1.32953266554989e-09,"Up"
1.76002082172912e-14,2.90198929572364,0.358,0.007,1.3526464023317e-09,"Taok1-201",1.3526464023317e-09,"Up"
1.76002082172912e-14,3.35186370294279,0.358,0.007,1.3526464023317e-09,"Wipf1-201",1.3526464023317e-09,"Up"
1.80632351148132e-14,1.42850897953077,0.469,0.058,1.38823187151385e-09,"Ddx24-201",1.38823187151385e-09,"Up"
1.86389201018393e-14,1.95853690019919,0.435,0.044,1.43247556550676e-09,"Itgb5-201",1.43247556550676e-09,"Up"
1.92161628548531e-14,6.12130323486234,0.339,0,1.47683898004688e-09,"Blvra-201",1.47683898004688e-09,"Up"
1.95715251024777e-14,1.16101684441928,0.509,0.08,1.50414999022582e-09,"Ly86-201",1.50414999022582e-09,"Up"
2.01675556589808e-14,1.82148620837551,0.391,0.022,1.54995732261531e-09,"Hpcal1-201",1.54995732261531e-09,"Up"
2.04965707761876e-14,2.40397625973943,0.506,0.102,1.57524345043312e-09,"Trf-203",1.57524345043312e-09,"Up"
2.06570852485629e-14,1.66282989684934,0.491,0.073,1.58757962969305e-09,"Galnt6-201",1.58757962969305e-09,"Up"
2.13106153868031e-14,2.96523767326437,0.373,0.015,1.63780603493736e-09,"Parp14-201",1.63780603493736e-09,"Up"
2.13613471172704e-14,2.30809084327913,0.402,0.029,1.6417049713507e-09,"Map2k3-201",1.6417049713507e-09,"Up"
2.17222478199389e-14,2.48301857954509,0.41,0.036,1.66944163395358e-09,"Acvrl1-205",1.66944163395358e-09,"Up"
2.20243465926367e-14,2.78542027486931,0.461,0.073,1.6926591330305e-09,"Gsn-201",1.6926591330305e-09,"Up"
2.28163348301594e-14,1.12532320978673,0.657,0.175,1.75352659703707e-09,"Epb41l2-207",1.75352659703707e-09,"Up"
2.28504003901945e-14,1.0279670387526,0.435,0.044,1.75614467158801e-09,"Cav1-201",1.75614467158801e-09,"Up"
2.28575382462291e-14,2.96503529958246,0.387,0.022,1.75669324437569e-09,"Zfp516-201",1.75669324437569e-09,"Up"
2.3048551289742e-14,1.23108240464264,0.557,0.102,1.77137336082183e-09,"Snx1-201",1.77137336082183e-09,"Up"
2.33792214915756e-14,1.52001744417498,0.406,0.029,1.79678668851355e-09,"Tsc22d2-203",1.79678668851355e-09,"Up"
2.42489232328884e-14,3.01312639048946,0.369,0.015,1.8636267461404e-09,"Tmem87b-201",1.8636267461404e-09,"Up"
2.43716910760844e-14,1.00015912000514,0.472,0.058,1.87306194596139e-09,"Eloa-201",1.87306194596139e-09,"Up"
2.44792706064321e-14,1.39452540589819,0.446,0.051,1.88132986318673e-09,"Plekhb2-201",1.88132986318673e-09,"Up"
2.45646832412001e-14,1.04381110510005,0.417,0.036,1.8878941658192e-09,"Rbm47-206",1.8878941658192e-09,"Up"
2.50942615905456e-14,1.37436155965851,0.613,0.146,1.92859438027979e-09,"Sptan1-202",1.92859438027979e-09,"Up"
2.57257177968222e-14,1.29084530872572,0.435,0.044,1.97712431555698e-09,"Dnajc13-201",1.97712431555698e-09,"Up"
2.60652717068244e-14,2.4828278713716,0.354,0.007,2.00322039175629e-09,"Crem-239",2.00322039175629e-09,"Up"
2.67785959910096e-14,2.72837155179973,0.413,0.036,2.05804221629305e-09,"Hyou1-204",2.05804221629305e-09,"Up"
2.70388507734524e-14,1.85795937576635,0.624,0.19,2.07804383734291e-09,"Itgam-201",2.07804383734291e-09,"Up"
2.74312108949641e-14,1.32280943189373,0.506,0.08,2.10819828212157e-09,"Plcg2-201",2.10819828212157e-09,"Up"
2.8704367473475e-14,5.7468860504562,0.336,0,2.20604545780644e-09,"Plbd2-203",2.20604545780644e-09,"Up"
2.8704367473475e-14,6.0356194065586,0.336,0,2.20604545780644e-09,"Slco2a1-201",2.20604545780644e-09,"Up"
2.89154905664197e-14,1.745703524074,0.443,0.051,2.22227111199162e-09,"Tor3a-201",2.22227111199162e-09,"Up"
2.93969281488791e-14,2.29726011554454,0.399,0.029,2.25927151595396e-09,"Myo1c-203",2.25927151595396e-09,"Up"
2.96493189700809e-14,1.48616481905592,0.557,0.109,2.27866876012659e-09,"Il7r-201",2.27866876012659e-09,"Up"
2.98951128477276e-14,3.97873843288201,0.365,0.015,2.29755900279926e-09,"Dpysl2-201",2.29755900279926e-09,"Up"
3.03571414255336e-14,1.28878654979243,0.387,0.022,2.33306774711796e-09,"Usp34-208",2.33306774711796e-09,"Up"
3.06268691987214e-14,1.81585432122595,0.387,0.022,2.35379740539853e-09,"Nktr-201",2.35379740539853e-09,"Up"
3.09356997308208e-14,1.84488150072671,0.446,0.051,2.3775322671125e-09,"Trrap-202",2.3775322671125e-09,"Up"
3.25195198047818e-14,1.63188374431385,0.458,0.058,2.4992551750767e-09,"Piezo1-201",2.4992551750767e-09,"Up"
3.2758536694603e-14,1.68779527527916,0.402,0.029,2.51762457912702e-09,"Prpf4b-201",2.51762457912702e-09,"Up"
3.27817120008852e-14,1.6346677101,0.443,0.051,2.51940569411603e-09,"Itprid2-201",2.51940569411603e-09,"Up"
3.35760222316561e-14,2.32189790864102,0.369,0.015,2.5804516125917e-09,"Tbc1d23-201",2.5804516125917e-09,"Up"
3.4677073631087e-14,2.93479488219314,0.384,0.022,2.66507181684356e-09,"Zfp516-202",2.66507181684356e-09,"Up"
3.52966880451458e-14,2.65754854628783,0.384,0.022,2.71269166302164e-09,"Ash1l-201",2.71269166302164e-09,"Up"
3.57955984634971e-14,3.88354210832612,0.351,0.007,2.75103492431361e-09,"Ncoa1-201",2.75103492431361e-09,"Up"
3.71384899949215e-14,3.9644886701311,0.351,0.007,2.8542415100697e-09,"Acp5-202",2.8542415100697e-09,"Up"
3.71552183851627e-14,2.0458762598146,0.443,0.051,2.8555271537733e-09,"Bag6-201",2.8555271537733e-09,"Up"
3.78545292293433e-14,1.42346380378688,0.517,0.088,2.90927198939195e-09,"Thbd-201",2.90927198939195e-09,"Up"
3.87368347927393e-14,1.65027926058619,0.443,0.051,2.97708070116118e-09,"Gvin2-202",2.97708070116118e-09,"Up"
3.87368347927393e-14,1.16541948226934,0.443,0.051,2.97708070116118e-09,"Gatad2a-206",2.97708070116118e-09,"Up"
3.88625131505334e-14,3.46780740756767,0.365,0.015,2.98673958567109e-09,"Flcn-203",2.98673958567109e-09,"Up"
3.96172276842101e-14,1.56403820411024,0.483,0.073,3.04474241644228e-09,"Mbnl2-202",3.04474241644228e-09,"Up"
3.99979916754279e-14,1.53181983611329,0.402,0.029,3.07400565222334e-09,"Ptpn23-201",3.07400565222334e-09,"Up"
4.0638027995867e-14,1.01423510568975,0.469,0.066,3.12319500359436e-09,"Nfe2l1-201",3.12319500359436e-09,"Up"
4.17361472697232e-14,2.04741581946416,0.428,0.044,3.2075898622673e-09,"Tex2-201",3.2075898622673e-09,"Up"
4.23476199955366e-14,3.39145492745688,0.376,0.022,3.25458398713697e-09,"Tmem104-202",3.25458398713697e-09,"Up"
4.23845645043496e-14,2.22297569579351,0.399,0.029,3.25742332041729e-09,"Cers6-201",3.25742332041729e-09,"Up"
4.2797377166441e-14,6.04537834744207,0.332,0,3.28914962474966e-09,"Nuak2-202",3.28914962474966e-09,"Up"
4.3106934138683e-14,3.62650530960195,0.376,0.022,3.31294031629434e-09,"Wwp2-201",3.31294031629434e-09,"Up"
4.47382476462553e-14,1.77582484313001,0.417,0.036,3.43831328460531e-09,"Mrtfb-204",3.43831328460531e-09,"Up"
4.5604453283854e-14,1.87037485653,0.384,0.022,3.50488465267731e-09,"Utrn-201",3.50488465267731e-09,"Up"
4.57542234942449e-14,3.10011984990044,0.391,0.029,3.51639509242669e-09,"Cux1-211",3.51639509242669e-09,"Up"
4.66370248793057e-14,1.72863456754066,0.524,0.102,3.58424191007416e-09,"Osbpl8-201",3.58424191007416e-09,"Up"
4.72988159433617e-14,1.29468813249925,0.443,0.051,3.63510320051112e-09,"Stxbp2-207",3.63510320051112e-09,"Up"
5.00237358689658e-14,2.1895401111169,0.424,0.044,3.8445241964735e-09,"Prl2b1-202",3.8445241964735e-09,"Up"
5.05469292148754e-14,1.38828679941932,0.443,0.051,3.88473369788004e-09,"Ddi2-201",3.88473369788004e-09,"Up"
5.06293666748876e-14,2.3065538604021,0.432,0.051,3.89106934643181e-09,"Nin-211",3.89106934643181e-09,"Up"
5.12579219787648e-14,-1.88747196638539,0.72,0.737,3.93937633575599e-09,"Smdt1-201",3.93937633575599e-09,"Down"
5.15399685513646e-14,1.98163766597813,0.395,0.029,3.96105274304657e-09,"Ptbp3-212",3.96105274304657e-09,"Up"
5.18663182330607e-14,4.5098491082819,0.347,0.007,3.98613402148365e-09,"Arl11-201",3.98613402148365e-09,"Up"
5.40268252870728e-14,1.49845127602136,0.399,0.029,4.15217763061269e-09,"Irf5-201",4.15217763061269e-09,"Up"
5.47668708580089e-14,2.81079001094507,0.376,0.022,4.20905309292142e-09,"Ifi203-205",4.20905309292142e-09,"Up"
5.48198440888907e-14,1.19648398382756,0.557,0.109,4.21312429760761e-09,"Myo5a-201",4.21312429760761e-09,"Up"
5.64254352240061e-14,1.70248003811036,0.413,0.036,4.33652039870577e-09,"Smarcc2-203",4.33652039870577e-09,"Up"
5.68542113335975e-14,3.66800394692411,0.347,0.007,4.3694735578323e-09,"Sh2b2-201",4.3694735578323e-09,"Up"
5.74170968694637e-14,2.39853202928644,0.421,0.044,4.41273356280576e-09,"Pld4-203",4.41273356280576e-09,"Up"
5.79069505877824e-14,2.44845193665447,0.347,0.007,4.45038078047343e-09,"Crem-233",4.45038078047343e-09,"Up"
5.83795327871885e-14,1.52028767100816,0.413,0.036,4.48670061282658e-09,"Gtf2b-201",4.48670061282658e-09,"Up"
5.89788484243506e-14,2.78861273212679,0.347,0.007,4.53276041680504e-09,"Vps13c-201",4.53276041680504e-09,"Up"
6.02049736957447e-14,1.60328314005505,0.424,0.044,4.62699304841276e-09,"Zcchc2-202",4.62699304841276e-09,"Up"
6.0459533848578e-14,3.02576411278943,0.391,0.029,4.64655701439861e-09,"Gpr137b-202",4.64655701439861e-09,"Up"
6.15486794173916e-14,3.49953489142075,0.358,0.015,4.73026220794421e-09,"Cd83-202",4.73026220794421e-09,"Up"
6.20712004430807e-14,1.33727580355296,0.38,0.022,4.77042003885253e-09,"Tmem184b-201",4.77042003885253e-09,"Up"
6.2410330018115e-14,1.1754711611215,0.952,0.62,4.79648350321221e-09,"Lars2-209",4.79648350321221e-09,"Up"
6.2577711553267e-14,1.77661465012771,0.494,0.088,4.80934744371478e-09,"Apobec1-201",4.80934744371478e-09,"Up"
6.2995874378911e-14,1.01976260233381,0.561,0.109,4.84148492951683e-09,"Coro1b-201",4.84148492951683e-09,"Up"
6.44595605644695e-14,1.33257979127666,0.745,0.263,4.95397506762174e-09,"Trim25-203",4.95397506762174e-09,"Up"
6.47382050261527e-14,1.03119993255132,0.52,0.095,4.97539000907994e-09,"Fgl2-201",4.97539000907994e-09,"Up"
6.48500566818778e-14,1.09841323541664,0.509,0.088,4.98398625622903e-09,"Stat1-205",4.98398625622903e-09,"Up"
6.48623205244647e-14,1.7291815579959,0.38,0.022,4.98492878158721e-09,"Itgal-202",4.98492878158721e-09,"Up"
6.55744051341974e-14,2.34986434917883,0.362,0.015,5.0396553321836e-09,"Xbp1-201",5.0396553321836e-09,"Up"
6.58791189630628e-14,1.30863177096017,0.568,0.117,5.06307380878723e-09,"Eif4g1-202",5.06307380878723e-09,"Up"
6.61851888090742e-14,2.08901789493783,0.572,0.153,5.08659650073259e-09,"Fn1-213",5.08659650073259e-09,"Up"
6.66782527263781e-14,2.49959069342772,0.432,0.051,5.12449043503307e-09,"Tmbim1-202",5.12449043503307e-09,"Up"
6.85970732347337e-14,2.26300610658447,0.395,0.029,5.27195946638222e-09,"Mucl3-201",5.27195946638222e-09,"Up"
6.94654963807922e-14,2.28198118858504,0.391,0.029,5.33870125884941e-09,"Gsk3b-201",5.33870125884941e-09,"Up"
7.01458875285918e-14,1.40972778932519,0.59,0.139,5.3909920401224e-09,"Sptan1-201",5.3909920401224e-09,"Up"
7.24360749157589e-14,3.07638017234567,0.373,0.022,5.56700210157573e-09,"Galnt7-201",5.56700210157573e-09,"Up"
7.60826449236386e-14,2.17032967928372,0.41,0.036,5.84725559296132e-09,"Gas2l3-202",5.84725559296132e-09,"Up"
7.70619043043579e-14,2.34049066336031,0.362,0.015,5.92251559340712e-09,"Lonrf3-201",5.92251559340712e-09,"Up"
7.72536633583377e-14,2.28928080787464,0.41,0.044,5.93725304374169e-09,"Rbpj-ps3-201",5.93725304374169e-09,"Up"
7.94390265201522e-14,1.44225593447318,0.395,0.029,6.10520694417978e-09,"Pde4b-203",6.10520694417978e-09,"Up"
8.19658620767553e-14,2.64099786612686,0.373,0.022,6.29940436404695e-09,"Dapk1-201",6.29940436404695e-09,"Up"
8.33112557438034e-14,1.70739791149832,0.391,0.029,6.40280324893427e-09,"Pitpnc1-202",6.40280324893427e-09,"Up"
8.40020397066033e-14,1.22558248352142,0.539,0.102,6.45589275961129e-09,"Adam17-201",6.45589275961129e-09,"Up"
8.51050693542385e-14,2.41273593077734,0.376,0.022,6.54066500015065e-09,"H2-T24-201",6.54066500015065e-09,"Up"
8.54729321923907e-14,1.93062280197972,0.417,0.044,6.56893673071399e-09,"Anxa1-208",6.56893673071399e-09,"Up"
8.59690246390055e-14,1.64692558895343,0.421,0.044,6.60706341960613e-09,"Zcchc2-201",6.60706341960613e-09,"Up"
8.70548155164628e-14,1.78030440803474,0.424,0.044,6.69051079170223e-09,"Sec31a-210",6.69051079170223e-09,"Up"
8.79543116288492e-14,1.29195661096135,0.539,0.102,6.75964066592358e-09,"Myo5a-214",6.75964066592358e-09,"Up"
8.86559640087671e-14,1.80216715447424,0.517,0.102,6.81356545792978e-09,"Nisch-201",6.81356545792978e-09,"Up"
9.03884384658223e-14,1.08759401259251,0.52,0.095,6.94671304985231e-09,"Cndp2-201",6.94671304985231e-09,"Up"
9.05472956092969e-14,1.04455892466943,0.461,0.066,6.9589218567569e-09,"Nfe2l1-211",6.9589218567569e-09,"Up"
9.13734250490721e-14,1.74405939399136,0.424,0.051,7.02241320872139e-09,"Nin-203",7.02241320872139e-09,"Up"
9.27966951586738e-14,2.04505665669439,0.531,0.117,7.13179720972472e-09,"Dst-211",7.13179720972472e-09,"Up"
9.54280926254878e-14,1.28861071820726,0.424,0.044,7.33403063063924e-09,"Serinc3-201",7.33403063063924e-09,"Up"
9.56131544366238e-14,1.51861037432041,0.557,0.124,7.34825337107228e-09,"Birc6-213",7.34825337107228e-09,"Up"
9.56292018992355e-14,1.0747176462096,0.402,0.036,7.34948668276385e-09,"Mitf-207",7.34948668276385e-09,"Up"
9.56563123533028e-14,1.40241285958859,0.41,0.036,7.35157022960073e-09,"Stx12-201",7.35157022960073e-09,"Up"
9.60445872072291e-14,1.04405062500256,0.72,0.255,7.38141070522438e-09,"Arpc1b-201",7.38141070522438e-09,"Up"
9.66176593745401e-14,1.22864895092891,0.509,0.088,7.4254535935709e-09,"Ercc6-201",7.4254535935709e-09,"Up"
1.06064553434752e-13,1.53680207833265,0.391,0.029,8.15148518967446e-09,"Slc16a3-201",8.15148518967446e-09,"Up"
1.06348272355658e-13,1.51728106867315,0.424,0.044,8.17329012362172e-09,"Mapk3-202",8.17329012362172e-09,"Up"
1.06727782249604e-13,2.2783313431164,0.373,0.022,8.20245697701109e-09,"Cmip-201",8.20245697701109e-09,"Up"
1.07295303291316e-13,3.08147324917199,0.369,0.022,8.24607323915084e-09,"Zbtb1-201",8.24607323915084e-09,"Up"
1.08379847119568e-13,1.06549465126336,0.605,0.146,8.32942477052726e-09,"Lipa-201",8.32942477052726e-09,"Up"
1.08477286770827e-13,1.4088533454895,0.52,0.102,8.33691339748512e-09,"Ep400-201",8.33691339748512e-09,"Up"
1.09390078141697e-13,2.51954548019804,0.435,0.058,8.40706506550196e-09,"Pcbp2-201",8.40706506550196e-09,"Up"
1.09456745471844e-13,1.40594951957222,0.55,0.124,8.41218871649309e-09,"Ninj1-201",8.41218871649309e-09,"Up"
1.14231895180344e-13,1.52573741801379,0.421,0.044,8.77917807219013e-09,"Trak1-209",8.77917807219013e-09,"Up"
1.14600178330819e-13,1.31148662205438,0.391,0.029,8.80748210543675e-09,"Rai14-202",8.80748210543675e-09,"Up"
1.15293805981809e-13,2.25830130661441,0.402,0.036,8.86079016492593e-09,"Phldb1-210",8.86079016492593e-09,"Up"
1.17234485026778e-13,2.26378903270382,0.424,0.051,9.00993911224801e-09,"Nin-202",9.00993911224801e-09,"Up"
1.19334130169017e-13,3.25372203072116,0.38,0.029,9.17130524000962e-09,"Raph1-204",9.17130524000962e-09,"Up"
1.20344065212872e-13,2.69513813601039,0.384,0.029,9.24892278787005e-09,"Pum2-216",9.24892278787005e-09,"Up"
1.20557587919783e-13,1.59506096957334,0.483,0.08,9.26533286198701e-09,"Eif4e-201",9.26533286198701e-09,"Up"
1.23504661575955e-13,1.49504697979718,0.384,0.029,9.49182726075846e-09,"Igsf8-201",9.49182726075846e-09,"Up"
1.23515265593412e-13,2.51527684724095,0.369,0.022,9.4926422219161e-09,"Steap3-202",9.4926422219161e-09,"Up"
1.26159258286059e-13,1.64805779559565,0.446,0.058,9.69584363631679e-09,"Pcnx-204",9.69584363631679e-09,"Up"
1.28439095675175e-13,3.10371600725949,0.365,0.022,9.87105825901988e-09,"Mat2a-202",9.87105825901988e-09,"Up"
1.28860535742934e-13,3.3882072054944,0.339,0.007,9.90344761398747e-09,"Dnajc10-201",9.90344761398747e-09,"Up"
1.29445776620215e-13,1.5472662169136,0.435,0.051,9.94842571637003e-09,"Gapvd1-202",9.94842571637003e-09,"Up"
1.29575994075947e-13,3.11915146181029,0.365,0.022,9.9584334487128e-09,"Mat2a-201",9.9584334487128e-09,"Up"
1.36040507344413e-13,2.52174845463203,0.369,0.022,1.04552571514475e-08,"Pepd-201",1.04552571514475e-08,"Up"
1.37735638525071e-13,1.30908623735282,0.417,0.044,1.05855347632058e-08,"Abcc5-202",1.05855347632058e-08,"Up"
1.46928734827035e-13,1.25775590753036,0.509,0.088,1.1292060986397e-08,"Arhgap31-201",1.1292060986397e-08,"Up"
1.47339413015739e-13,1.05709289829972,0.406,0.036,1.13236232479116e-08,"Nbr1-204",1.13236232479116e-08,"Up"
1.5245871410744e-13,1.84641051880785,0.369,0.022,1.17170620140132e-08,"Tfip11-201",1.17170620140132e-08,"Up"
1.55050918455695e-13,1.21135663992763,0.402,0.036,1.1916283286994e-08,"Itpr2-202",1.1916283286994e-08,"Up"
1.58583214212791e-13,2.51691707054827,0.384,0.029,1.21877543451099e-08,"Idh1-201",1.21877543451099e-08,"Up"
1.59474544932964e-13,1.87959921479648,0.387,0.029,1.2256256676278e-08,"Rc3h1-202",1.2256256676278e-08,"Up"
1.72436006016854e-13,2.84839942710603,0.395,0.036,1.32523968064193e-08,"Asph-212",1.32523968064193e-08,"Up"
1.73267562621209e-13,1.65868560476981,0.624,0.19,1.33163052576904e-08,"Slc7a2-201",1.33163052576904e-08,"Up"
1.74705155149105e-13,1.60106244667616,0.365,0.022,1.34267899938293e-08,"Svil-203",1.34267899938293e-08,"Up"
1.77602462392898e-13,1.77714834878739,0.45,0.066,1.36494596447438e-08,"Prrc2b-202",1.36494596447438e-08,"Up"
1.80463508396634e-13,1.35449452653193,0.402,0.036,1.38693424743149e-08,"Gspt1-201",1.38693424743149e-08,"Up"
1.81232828414958e-13,1.75399279653332,0.417,0.044,1.39284677950032e-08,"Apc-203",1.39284677950032e-08,"Up"
1.88221021381257e-13,1.56627492299096,0.402,0.036,1.44655383772351e-08,"Calu-201",1.44655383772351e-08,"Up"
1.90360344643705e-13,1.22051595381983,0.491,0.08,1.46299539272473e-08,"Aff1-201",1.46299539272473e-08,"Up"
1.9080455081414e-13,1.21463501405798,0.79,0.38,1.46640929482699e-08,"Csf2rb-201",1.46640929482699e-08,"Up"
1.91093727915673e-13,1.10910240997828,0.705,0.241,1.46863173652311e-08,"Tagln2-202",1.46863173652311e-08,"Up"
1.93561650780899e-13,1.66649500962917,0.38,0.029,1.48759871091152e-08,"Vps13d-201",1.48759871091152e-08,"Up"
1.96138841216409e-13,2.02275216288634,0.428,0.051,1.50740545028459e-08,"Trrap-215",1.50740545028459e-08,"Up"
1.97213198825759e-13,1.50842026676258,0.443,0.058,1.51566231825549e-08,"Kmt2e-201",1.51566231825549e-08,"Up"
1.9796335547033e-13,1.11553189655179,0.402,0.036,1.52142757213167e-08,"Tcn2-205",1.52142757213167e-08,"Up"
2.02206538405377e-13,2.96633179871501,0.351,0.015,1.55403813026068e-08,"Rtn3-202",1.55403813026068e-08,"Up"
2.02206538405377e-13,2.96633179871501,0.351,0.015,1.55403813026068e-08,"Rtn3-204",1.55403813026068e-08,"Up"
2.05944513128686e-13,1.67819109349662,0.413,0.044,1.5827659611992e-08,"Vcl-201",1.5827659611992e-08,"Up"
2.16170445272422e-13,1.81727794089304,0.369,0.022,1.66135634009667e-08,"Ckap5-202",1.66135634009667e-08,"Up"
2.18059763641676e-13,1.43110972694856,0.369,0.022,1.67587650749174e-08,"Itfg1-201",1.67587650749174e-08,"Up"
2.18059763641676e-13,1.53177551511837,0.369,0.022,1.67587650749174e-08,"Irf5-202",1.67587650749174e-08,"Up"
2.19071681918358e-13,3.02530357898405,0.351,0.015,1.68365350421535e-08,"Tsc22d3-201",1.68365350421535e-08,"Up"
2.28827590775499e-13,1.16764751128965,0.506,0.095,1.75863156614602e-08,"Cd81-201",1.75863156614602e-08,"Up"
2.30268498589197e-13,1.86555554536915,0.399,0.036,1.76970551905741e-08,"Hivep2-201",1.76970551905741e-08,"Up"
2.35717008710433e-13,2.01565194773281,0.41,0.044,1.81157949874316e-08,"Vwa5a-202",1.81157949874316e-08,"Up"
2.35971357804983e-13,3.21583352657182,0.376,0.029,1.81353427327442e-08,"Pum2-207",1.81353427327442e-08,"Up"
2.38882050994348e-13,1.88497092966941,0.535,0.131,1.83590411471196e-08,"Sirpa-204",1.83590411471196e-08,"Up"
2.44226984610418e-13,2.58434284686648,0.376,0.029,1.87698206752491e-08,"Acsl4-201",1.87698206752491e-08,"Up"
2.46285237134425e-13,1.85092050230592,0.399,0.036,1.89280056147291e-08,"Tnrc18-202",1.89280056147291e-08,"Up"
2.55778564129686e-13,1.08973040367789,0.472,0.08,1.96576057676229e-08,"Dido1-202",1.96576057676229e-08,"Up"
2.58397315263755e-13,1.63321348267917,0.384,0.029,1.98588672672806e-08,"Manba-201",1.98588672672806e-08,"Up"
2.74473815419194e-13,3.40736126518625,0.332,0.007,2.10944106102267e-08,"Tec-201",2.10944106102267e-08,"Up"
2.84041167313442e-13,1.4976952237041,0.399,0.036,2.18296998727073e-08,"Pcf11-203",2.18296998727073e-08,"Up"
2.84616616961405e-13,3.17698908060108,0.332,0.007,2.18739254799519e-08,"Ulk2-201",2.18739254799519e-08,"Up"
2.86299550978488e-13,1.25319510898213,0.753,0.27,2.20032656909007e-08,"Selenop-203",2.20032656909007e-08,"Up"
2.8638177155751e-13,1.9837088711965,0.421,0.051,2.20095846712809e-08,"Wdfy3-201",2.20095846712809e-08,"Up"
2.87896517277696e-13,1.46581323980683,0.428,0.051,2.21259989388601e-08,"Zc3h12a-201",2.21259989388601e-08,"Up"
2.94848063121557e-13,1.93148829977942,0.41,0.044,2.26602530431441e-08,"Cbl-211",2.26602530431441e-08,"Up"
2.97479493322546e-13,2.30723835820123,0.365,0.022,2.2862488979811e-08,"Kcnab2-206",2.2862488979811e-08,"Up"
2.97609371473358e-13,4.16855546463327,0.343,0.015,2.28724706352135e-08,"Ggta1-203",2.28724706352135e-08,"Up"
3.00787966327057e-13,1.82711592426326,0.421,0.051,2.31167583640997e-08,"Adgre1-201",2.31167583640997e-08,"Up"
3.08627401352487e-13,1.57271457224491,0.395,0.036,2.3719250303544e-08,"Rabl6-201",2.3719250303544e-08,"Up"
3.1338334820295e-13,1.24470349721597,0.365,0.022,2.40847638427895e-08,"Acly-207",2.40847638427895e-08,"Up"
3.16925105390815e-13,1.12392573535619,0.498,0.088,2.43569620497057e-08,"Ski-203",2.43569620497057e-08,"Up"
3.17598603948888e-13,2.27163045224725,0.631,0.27,2.44087231078879e-08,"Ctss-201",2.44087231078879e-08,"Up"
3.22672284804269e-13,2.72262839698264,0.443,0.073,2.47986557763473e-08,"F13a1-201",2.47986557763473e-08,"Up"
3.32751065359968e-13,1.56226448221756,0.424,0.051,2.5573250377175e-08,"ENSMUST00000249998.1",2.5573250377175e-08,"Up"
3.38604844746438e-13,1.38585383634167,0.576,0.139,2.60231367381428e-08,"Eif4g1-205",2.60231367381428e-08,"Up"
3.41299425131425e-13,1.36900001562119,0.395,0.036,2.62302260190505e-08,"Atp7a-202",2.62302260190505e-08,"Up"
3.44618028278578e-13,1.09926953400271,0.601,0.175,2.64852739453218e-08,"Glul-201",2.64852739453218e-08,"Up"
3.44708900484088e-13,1.99511744166081,0.458,0.073,2.64922578378041e-08,"Washc2-201",2.64922578378041e-08,"Up"
3.45845533072607e-13,1.44268309632572,0.502,0.095,2.65796125987621e-08,"Sgpl1-208",2.65796125987621e-08,"Up"
3.49305113148714e-13,1.38104780289137,0.38,0.029,2.68454951659312e-08,"Map3k1-201",2.68454951659312e-08,"Up"
3.56466509761014e-13,2.19929399272496,0.347,0.015,2.7395877141173e-08,"Arhgef1-201",2.7395877141173e-08,"Up"
3.63890364641187e-13,1.48816572302798,0.424,0.051,2.79664300841337e-08,"Uso1-201",2.79664300841337e-08,"Up"
3.6448471186382e-13,1.8833602317832,0.38,0.029,2.8012108045582e-08,"Smcr8-201",2.8012108045582e-08,"Up"
3.66057579291522e-13,2.36915539216172,0.347,0.015,2.81329891988707e-08,"Dnase2a-203",2.81329891988707e-08,"Up"
3.70736307862178e-13,1.3348821044995,0.38,0.029,2.84925682044398e-08,"Arid5b-204",2.84925682044398e-08,"Up"
3.75901951994955e-13,2.25548741226356,0.347,0.015,2.88895686186203e-08,"Srp72-201",2.88895686186203e-08,"Up"
3.82833956610375e-13,1.48450339431126,0.358,0.022,2.94223209013337e-08,"Svil-211",2.94223209013337e-08,"Up"
3.93695476108575e-13,1.71734130387264,0.421,0.051,3.02570721208485e-08,"Galns-203",3.02570721208485e-08,"Up"
4.0491783097871e-13,2.87733502749751,0.387,0.036,3.11195549820378e-08,"Cdk11b-202",3.11195549820378e-08,"Up"
4.05901622774287e-13,1.19400811114169,0.627,0.168,3.1195163316695e-08,"S100a10-201",3.1195163316695e-08,"Up"
4.11781301997854e-13,2.67486007890611,0.387,0.036,3.16470401837431e-08,"Hnrnph1-204",3.16470401837431e-08,"Up"
4.21284643981644e-13,3.09076141035123,0.358,0.022,3.23774100285653e-08,"Slc38a10-201",3.23774100285653e-08,"Up"
4.22519288580854e-13,2.6045314627714,0.373,0.029,3.2472297404593e-08,"Ankrd33b-204",3.2472297404593e-08,"Up"
4.26590033610236e-13,1.07830726838668,0.48,0.08,3.27851504430811e-08,"Il17ra-201",3.27851504430811e-08,"Up"
4.32448396431888e-13,1.16455190341774,0.417,0.051,3.32353890593763e-08,"Ncstn-201",3.32353890593763e-08,"Up"
4.34072099556507e-13,1.09729656101055,0.439,0.058,3.33601771393158e-08,"Trafd1-201",3.33601771393158e-08,"Up"
4.35967357022478e-13,2.07547956501008,0.402,0.044,3.35058352566055e-08,"Arid4b-203",3.35058352566055e-08,"Up"
4.41305760949982e-13,1.7746712997803,0.627,0.234,3.39161129520499e-08,"Gnas-208",3.39161129520499e-08,"Up"
4.47825891289833e-13,3.37043560525376,0.343,0.015,3.44172110491888e-08,"Garre1-202",3.44172110491888e-08,"Up"
4.48208962327797e-13,1.36793733721288,0.539,0.124,3.44466515907405e-08,"Sel1l-201",3.44466515907405e-08,"Up"
4.53516205749576e-13,2.06200895946556,0.362,0.022,3.48545344766779e-08,"Med13l-201",3.48545344766779e-08,"Up"
4.59664820975547e-13,2.22316799132432,0.376,0.029,3.53270801512547e-08,"C5ar1-202",3.53270801512547e-08,"Up"
4.59872716195664e-13,2.48707892925222,0.343,0.015,3.53430577305015e-08,"Inpp5d-209",3.53430577305015e-08,"Up"
4.60360158312555e-13,1.55641420414173,0.424,0.051,3.53805196069531e-08,"Ncor2-201",3.53805196069531e-08,"Up"
4.63958599939389e-13,2.20128240086544,0.343,0.015,3.56570742397418e-08,"Slc16a3-202",3.56570742397418e-08,"Up"
4.64549721999438e-13,1.33927257879257,0.483,0.08,3.57025043345448e-08,"Myo5a-206",3.57025043345448e-08,"Up"
4.72237590923689e-13,2.64742610159979,0.343,0.015,3.62933478128492e-08,"Fcho2-201",3.62933478128492e-08,"Up"
4.76692417538005e-13,1.0333720822113,0.395,0.036,3.66357190574658e-08,"Mef2d-201",3.66357190574658e-08,"Up"
4.85925445657779e-13,1.15282655079503,0.435,0.058,3.73453142005829e-08,"Rab5a-201",3.73453142005829e-08,"Up"
5.00741830537018e-13,2.28745702014932,0.339,0.015,3.8484012644092e-08,"Impact-201",3.8484012644092e-08,"Up"
5.05794787316471e-13,1.68989267406458,0.402,0.044,3.88723525844201e-08,"Mia3-202",3.88723525844201e-08,"Up"
5.09907140937535e-13,2.56294765887883,0.358,0.022,3.91884034096134e-08,"Cep170-201",3.91884034096134e-08,"Up"
5.11323885638506e-13,2.85659285997057,0.343,0.015,3.92972859068618e-08,"Slco2b1-203",3.92972859068618e-08,"Up"
5.11481112907072e-13,1.06612570101952,0.469,0.073,3.93093694513601e-08,"Tatdn2-205",3.93093694513601e-08,"Up"
5.22690291498741e-13,3.25192560930142,0.369,0.029,4.01708396628442e-08,"Naip2-202",4.01708396628442e-08,"Up"
5.29699076130655e-13,2.12473550893761,0.343,0.015,4.07094927969454e-08,"Emc1-201",4.07094927969454e-08,"Up"
5.35226538486689e-13,1.76293545195436,0.391,0.036,4.1134300388856e-08,"Trem1-201",4.1134300388856e-08,"Up"
5.38418877701745e-13,1.42692541712322,0.554,0.131,4.13796444268899e-08,"Birc6-218",4.13796444268899e-08,"Up"
5.40242145536003e-13,1.10668512692609,0.421,0.051,4.1519769853024e-08,"Snx30-201",4.1519769853024e-08,"Up"
5.53979921156232e-13,1.49931215821358,0.376,0.029,4.2575572860541e-08,"Cyfip1-207",4.2575572860541e-08,"Up"
5.5833070438333e-13,1.49207846830355,0.402,0.044,4.29099479546764e-08,"Fkbp15-201",4.29099479546764e-08,"Up"
5.62689803052449e-13,1.5596481224327,0.461,0.08,4.32449621237929e-08,"Nucb1-201",4.32449621237929e-08,"Up"
5.63904151993363e-13,1.5310158445528,0.668,0.27,4.33382896972979e-08,"Cd44-201",4.33382896972979e-08,"Up"
5.76760993827951e-13,-1.54891637407505,0.871,0.883,4.43263894196533e-08,"Ppia-202",4.43263894196533e-08,"Down"
5.83985634001573e-13,1.58485267268656,0.432,0.058,4.48816319155569e-08,"Pcnx-201",4.48816319155569e-08,"Up"
5.85210822748198e-13,1.71732709145663,0.476,0.088,4.497579257149e-08,"Atp6ap1-202",4.497579257149e-08,"Up"
5.90698556564733e-13,2.3383666821407,0.358,0.022,4.5397546866226e-08,"Kidins220-201",4.5397546866226e-08,"Up"
5.9629353666072e-13,1.61000460337642,0.402,0.044,4.5827543466523e-08,"Sort1-201",4.5827543466523e-08,"Up"
6.00026324680841e-13,1.34865446589696,0.406,0.044,4.61144231570214e-08,"Ndel1-203",4.61144231570214e-08,"Up"
6.03049917457353e-13,3.64188818166885,0.339,0.015,4.63467983562674e-08,"Tulp4-209",4.63467983562674e-08,"Up"
6.06173425791631e-13,1.77955713373752,0.402,0.044,4.658685246579e-08,"Papola-201",4.658685246579e-08,"Up"
6.16603373123574e-13,1.23379169571382,0.391,0.036,4.73884356380392e-08,"Akap9-201",4.73884356380392e-08,"Up"
6.19669419215432e-13,1.08788980112295,0.373,0.029,4.76240735443828e-08,"Dld-201",4.76240735443828e-08,"Up"
6.42768520197128e-13,1.39781074756139,0.391,0.036,4.939933185123e-08,"Smarcc2-201",4.939933185123e-08,"Up"
6.50247782927959e-13,2.30462887948787,0.384,0.036,4.99741431091454e-08,"Eif4e-204",4.99741431091454e-08,"Up"
6.60839418640295e-13,2.05706329735902,0.358,0.022,5.07881526801812e-08,"Kcnab2-201",5.07881526801812e-08,"Up"
6.74468291885033e-13,2.21728647327512,0.373,0.029,5.18355861045323e-08,"C5ar1-201",5.18355861045323e-08,"Up"
7.15817919938991e-13,1.50108730296908,0.461,0.08,5.50134704189912e-08,"Sulf2-207",5.50134704189912e-08,"Up"
7.19438743171985e-13,2.63239652063936,0.339,0.015,5.52917451677397e-08,"Clip1-205",5.52917451677397e-08,"Up"
7.39537601157783e-13,1.10101768726457,0.461,0.073,5.68364227993802e-08,"Arid1b-202",5.68364227993802e-08,"Up"
7.59987538256363e-13,2.48707211770154,0.369,0.029,5.84080822651545e-08,"Bltp1-201",5.84080822651545e-08,"Up"
7.74599589427826e-13,1.24076592202366,0.531,0.109,5.95310768458861e-08,"Eif4g1-203",5.95310768458861e-08,"Up"
7.90504808355061e-13,2.45464143629805,0.351,0.022,6.07534565413198e-08,"Slc36a1-203",6.07534565413198e-08,"Up"
8.19709837275265e-13,2.72884305951776,0.365,0.029,6.29979798339532e-08,"Dse-201",6.29979798339532e-08,"Up"
8.49480861646139e-13,2.43315509501134,0.435,0.073,6.52860021409524e-08,"Slc7a2-203",6.52860021409524e-08,"Up"
8.74283387976301e-13,1.83483906658054,0.38,0.036,6.71921754995307e-08,"Esyt2-201",6.71921754995307e-08,"Up"
8.85197601128338e-13,1.3366378902418,0.384,0.036,6.80309764371173e-08,"Blnk-201",6.80309764371173e-08,"Up"
9.28722136572904e-13,1.95949924600827,0.354,0.022,7.13760110841739e-08,"Hivep1-201",7.13760110841739e-08,"Up"
9.32492422362628e-13,1.23272253469585,0.387,0.036,7.16657726282574e-08,"Agpat1-201",7.16657726282574e-08,"Up"
9.33734367535833e-13,2.95969653281356,0.336,0.015,7.17612210825989e-08,"Arhgap25-202",7.17612210825989e-08,"Up"
9.53782983523455e-13,1.55429404242535,0.52,0.117,7.33020374157116e-08,"Birc6-220",7.33020374157116e-08,"Up"
1.01957779521004e-12,3.01031293621395,0.336,0.015,7.83586318730721e-08,"ENSMUST00000249896.1",7.83586318730721e-08,"Up"
1.03127962188611e-12,1.4097220143871,0.402,0.044,7.92579640604354e-08,"Csnk1d-202",7.92579640604354e-08,"Up"
1.04741131656577e-12,1.00855792356544,0.354,0.022,8.04977493233456e-08,"Tet2-201",8.04977493233456e-08,"Up"
1.06612435682702e-12,1.1838130505679,0.413,0.051,8.19359213195837e-08,"Adgre5-201",8.19359213195837e-08,"Up"
1.07045997063858e-12,1.74048220522975,0.41,0.051,8.22691305834575e-08,"Peak1-201",8.22691305834575e-08,"Up"
1.07267271909068e-12,3.2460179920335,0.373,0.036,8.24391891529953e-08,"Plk2-203",8.24391891529953e-08,"Up"
1.09829716357086e-12,1.72722088578672,0.384,0.036,8.44085302090752e-08,"Zfp451-202",8.44085302090752e-08,"Up"
1.10305321688795e-12,1.40307349233433,0.399,0.044,8.47740519307067e-08,"Atg2a-201",8.47740519307067e-08,"Up"
1.11315319458257e-12,2.29733764232732,0.336,0.015,8.55502756164489e-08,"Specc1-207",8.55502756164489e-08,"Up"
1.11315319458257e-12,2.51357440160218,0.336,0.015,8.55502756164489e-08,"Adcy7-203",8.55502756164489e-08,"Up"
1.12844761542222e-12,1.14084687771008,0.775,0.285,8.67257130356591e-08,"Fos-201",8.67257130356591e-08,"Up"
1.13285507932174e-12,2.17344210848052,0.336,0.015,8.70644442661929e-08,"Arhgef1-203",8.70644442661929e-08,"Up"
1.17642072829924e-12,1.36595847321118,0.531,0.131,9.041263865271e-08,"Irf7-201",9.041263865271e-08,"Up"
1.26759745614634e-12,2.72406312392653,0.391,0.044,9.74199348946707e-08,"Mrc1-201",9.74199348946707e-08,"Up"
1.2700156869022e-12,1.56000478711289,0.351,0.022,9.76057856011817e-08,"Hsd17b11-201",9.76057856011817e-08,"Up"
1.29576245856827e-12,1.65340014048733,0.384,0.036,9.95845279908055e-08,"Fnbp1-209",9.95845279908055e-08,"Up"
1.30203697267012e-12,1.15974645901822,0.424,0.058,1.0006674949759e-07,"Baz2a-208",1.0006674949759e-07,"Up"
1.32048845481748e-12,1.25760143980151,0.391,0.044,1.01484819706542e-07,"Papola-214",1.01484819706542e-07,"Up"
1.35201337581189e-12,2.37504057522571,0.347,0.022,1.03907635984647e-07,"Steap3-201",1.03907635984647e-07,"Up"
1.35201337581189e-12,2.37504057522571,0.347,0.022,1.03907635984647e-07,"Steap3-204",1.03907635984647e-07,"Up"
1.41993433966342e-12,1.52743599629058,0.365,0.029,1.09127633740493e-07,"Atp7a-201",1.09127633740493e-07,"Up"
1.4440135201647e-12,1.82596372939608,0.365,0.029,1.10978215078738e-07,"Specc1l-202",1.10978215078738e-07,"Up"
1.48468299132802e-12,1.69165389292573,0.454,0.073,1.14103826615523e-07,"Rbbp6-202",1.14103826615523e-07,"Up"
1.5007923516855e-12,1.92975107139902,0.413,0.058,1.15341895396437e-07,"Septin2-201",1.15341895396437e-07,"Up"
1.52452857774222e-12,1.96891451926168,0.38,0.036,1.17166119313801e-07,"Elf1-201",1.17166119313801e-07,"Up"
1.56274999798055e-12,1.52999104820829,0.38,0.036,1.20103588344797e-07,"Nufip2-204",1.20103588344797e-07,"Up"
1.57466117293724e-12,2.90338116459775,0.332,0.015,1.21019009784919e-07,"Irf8-201",1.21019009784919e-07,"Up"
1.5971312832018e-12,1.98861436666315,0.365,0.029,1.22745927639191e-07,"Lilrb4a-206",1.22745927639191e-07,"Up"
1.61390909144173e-12,-2.6127845461069,0.705,0.723,1.24035369313663e-07,"Hmox1-201",1.24035369313663e-07,"Down"
1.61654397931447e-12,2.53694848254847,0.332,0.015,1.24237870986234e-07,"Tmem184b-202",1.24237870986234e-07,"Up"
1.64704852920851e-12,1.38495721937847,0.465,0.08,1.26582267663791e-07,"Dlk1-205",1.26582267663791e-07,"Up"
1.64958327396954e-12,1.46959164708819,0.376,0.036,1.26777072937655e-07,"Frmd4a-219",1.26777072937655e-07,"Up"
1.66094888557265e-12,1.78253530448219,0.458,0.088,1.27650565651801e-07,"Slc3a2-202",1.27650565651801e-07,"Up"
1.66328247703305e-12,1.40345419474022,0.376,0.036,1.27829911489898e-07,"Rnaset2b-201",1.27829911489898e-07,"Up"
1.70794498891554e-12,1.15375188344707,0.365,0.029,1.31262404178115e-07,"Rai14-207",1.31262404178115e-07,"Up"
1.72966284231485e-12,1.19858761554807,0.506,0.102,1.32931508083265e-07,"Myo1e-203",1.32931508083265e-07,"Up"
1.73347029425806e-12,1.86669925785481,0.376,0.036,1.33224125994909e-07,"Tgfbr1-201",1.33224125994909e-07,"Up"
1.75141595143928e-12,1.07619292439877,0.365,0.029,1.34603321531914e-07,"Rai14-201",1.34603321531914e-07,"Up"
1.77967434327483e-12,1.60247288248561,0.332,0.015,1.36775091978043e-07,"Cramp1-203",1.36775091978043e-07,"Up"
1.79074251927314e-12,3.10661405310654,0.45,0.109,1.37625725576218e-07,"Macf1-212",1.37625725576218e-07,"Up"
1.82701873751059e-12,2.03281901762732,0.362,0.029,1.40413698052639e-07,"Dop1b-201",1.40413698052639e-07,"Up"
1.92267111794141e-12,1.45969629387792,0.539,0.131,1.47764966098269e-07,"Csde1-206",1.47764966098269e-07,"Up"
1.97162582900877e-12,2.16886369450706,0.347,0.022,1.5152733146264e-07,"Psg25-201",1.5152733146264e-07,"Up"
1.97816744821275e-12,1.15825149590515,0.376,0.036,1.52030081064942e-07,"Dnajc14-202",1.52030081064942e-07,"Up"
1.98696427903287e-12,1.42860740176023,0.362,0.029,1.52706152700792e-07,"Phldb1-201",1.52706152700792e-07,"Up"
1.99886299927827e-12,2.09552234329559,0.387,0.044,1.53620616946532e-07,"Herc2-202",1.53620616946532e-07,"Up"
2.04066112016093e-12,1.00706353865858,0.406,0.051,1.56832969728848e-07,"Ppig-201",1.56832969728848e-07,"Up"
2.07527691092691e-12,1.64868952815443,0.347,0.022,1.59493331712376e-07,"Map3k2-201",1.59493331712376e-07,"Up"
2.08180158642783e-12,1.94365792866319,0.387,0.044,1.59994779123325e-07,"Dmxl1-202",1.59994779123325e-07,"Up"
2.08180158642783e-12,2.03459911396924,0.387,0.044,1.59994779123325e-07,"Herc2-201",1.59994779123325e-07,"Up"
2.10611763292231e-12,1.48268511223068,0.627,0.197,1.61863564560611e-07,"C1qb-201",1.61863564560611e-07,"Up"
2.17779810746738e-12,1.39861223838442,0.531,0.131,1.67372495751298e-07,"Lilrb4b-213",1.67372495751298e-07,"Up"
2.18374296169391e-12,1.5231532928001,0.395,0.044,1.67829381578024e-07,"Cyp4v3-201",1.67829381578024e-07,"Up"
2.20872329431799e-12,-2.06755733576788,0.199,0.526,1.69749220061515e-07,"Pgam1-ps2-201",1.69749220061515e-07,"Down"
2.28954246955784e-12,1.95905916695294,0.358,0.029,1.75960496955398e-07,"Camk2d-226",1.75960496955398e-07,"Up"
2.38873740163607e-12,1.66110908263308,0.362,0.029,1.83584024265338e-07,"Bhlhe41-201",1.83584024265338e-07,"Up"
2.4077329576932e-12,2.19315870680375,0.358,0.029,1.85043908730553e-07,"Stx7-201",1.85043908730553e-07,"Up"
2.42787365852466e-12,3.27297212085396,0.339,0.022,1.86591802152254e-07,"Rasgef1b-209",1.86591802152254e-07,"Up"
2.42898694223629e-12,1.67778333595111,0.362,0.029,1.86677362458628e-07,"Nadk-203",1.86677362458628e-07,"Up"
2.46990141749692e-12,1.40758167946512,0.362,0.029,1.89821803540308e-07,"Larp4b-202",1.89821803540308e-07,"Up"
2.48058059768384e-12,1.3646693134712,0.373,0.036,1.90642541254394e-07,"Rnaset2b-202",1.90642541254394e-07,"Up"
2.4889882963614e-12,2.21055347178641,0.343,0.022,1.91288706528559e-07,"Erbin-202",1.91288706528559e-07,"Up"
2.53184996372516e-12,2.10128069838781,0.343,0.022,1.94582797112134e-07,"Phf12-201",1.94582797112134e-07,"Up"
2.61975619015455e-12,2.39786088046972,0.343,0.022,2.01338742238138e-07,"Pip5k1c-208",2.01338742238138e-07,"Up"
2.63375556799865e-12,1.35890041056097,0.387,0.044,2.02414650422968e-07,"Frmd4a-201",2.02414650422968e-07,"Up"
2.65515069187338e-12,1.52690408381688,0.387,0.044,2.04058951273237e-07,"Mxi1-201",2.04058951273237e-07,"Up"
2.6845294150853e-12,1.1004348185103,0.421,0.058,2.06316823666966e-07,"Trafd1-202",2.06316823666966e-07,"Up"
2.69331308093375e-12,1.22998681491892,0.373,0.036,2.06991883522082e-07,"Brk1-201",2.06991883522082e-07,"Up"
2.73795772706672e-12,1.50816288859161,0.373,0.036,2.10423003155986e-07,"Kif13b-203",2.10423003155986e-07,"Up"
2.7647093707929e-12,1.82046788788012,0.387,0.044,2.12478973982917e-07,"Rnase4-201",2.12478973982917e-07,"Up"
2.85680558194344e-12,2.37537769487737,0.339,0.022,2.19556936194681e-07,"Ly9-202",2.19556936194681e-07,"Up"
2.91533812680231e-12,2.29283808214429,0.38,0.044,2.24055396397264e-07,"Lsp1-201",2.24055396397264e-07,"Up"
2.92663110542162e-12,2.24940974769082,0.343,0.022,2.24923306976073e-07,"Rin2-208",2.24923306976073e-07,"Up"
2.97185854136193e-12,1.01022348177813,0.421,0.058,2.28399216337829e-07,"Mknk2-205",2.28399216337829e-07,"Up"
3.02568546088647e-12,1.08916512479808,0.402,0.051,2.32536030410968e-07,"Anxa7-207",2.32536030410968e-07,"Up"
3.05381900500953e-12,1.63282305881662,0.343,0.022,2.34698205811002e-07,"Stk17b-201",2.34698205811002e-07,"Up"
3.06132248783897e-12,1.4502638062368,0.406,0.051,2.35274878480376e-07,"Apc-202",2.35274878480376e-07,"Up"
3.07989937142396e-12,1.62058025819657,0.343,0.022,2.36702586291417e-07,"Irf5-205",2.36702586291417e-07,"Up"
3.12041962640656e-12,1.74716134215975,0.358,0.029,2.3981672996785e-07,"Specc1l-201",2.3981672996785e-07,"Up"
3.12337545332877e-12,1.42858826326632,0.402,0.051,2.40043897090129e-07,"Il11ra1-201",2.40043897090129e-07,"Up"
3.14243074794327e-12,2.29128740091676,0.583,0.241,2.41508372702432e-07,"Fcgr2b-201",2.41508372702432e-07,"Up"
3.18642255539122e-12,1.52161980101482,0.343,0.022,2.44889319072036e-07,"Tnip2-202",2.44889319072036e-07,"Up"
3.1991335657394e-12,1.11315839767107,0.613,0.175,2.45866211061336e-07,"Csde1-211",2.45866211061336e-07,"Up"
3.3030108898454e-12,2.17929689200986,0.339,0.022,2.53849598928178e-07,"Rbm5-214",2.53849598928178e-07,"Up"
3.36914254636444e-12,1.09457351271698,0.576,0.146,2.58932081258292e-07,"Id2-202",2.58932081258292e-07,"Up"
3.38412355568976e-12,1.31771910552492,0.539,0.131,2.60083431748981e-07,"Birc6-204",2.60083431748981e-07,"Up"
3.38874678250716e-12,1.50621713325703,0.373,0.036,2.60438745222805e-07,"Afg3l2-201",2.60438745222805e-07,"Up"
3.40136309570535e-12,2.54009615871573,0.38,0.044,2.61408359357339e-07,"ENSMUST00000249658.1",2.61408359357339e-07,"Up"
3.42006147583516e-12,1.96955983358492,0.358,0.029,2.62845404663835e-07,"Ech1-201",2.62845404663835e-07,"Up"
3.43364020526527e-12,1.04475427942589,0.391,0.044,2.63888984335457e-07,"Hnrnph2-202",2.63888984335457e-07,"Up"
3.52777948849875e-12,1.1067282816097,0.432,0.066,2.71123964809083e-07,"Lman1-201",2.71123964809083e-07,"Up"
3.56343292923824e-12,1.57891627281735,0.395,0.051,2.73864074343676e-07,"Pdlim5-201",2.73864074343676e-07,"Up"
3.57273289668608e-12,1.62916824442908,0.369,0.036,2.74578814041912e-07,"Fmn1-201",2.74578814041912e-07,"Up"
3.62524629615415e-12,1.27857936772789,0.358,0.029,2.78614678844631e-07,"Stag2-201",2.78614678844631e-07,"Up"
3.63969036927459e-12,2.89006091026589,0.365,0.036,2.7972476364023e-07,"Hnrnph1-205",2.7972476364023e-07,"Up"
3.64760660191722e-12,1.19662079946117,0.373,0.036,2.80333157783746e-07,"Papola-212",2.80333157783746e-07,"Up"
3.66596010637349e-12,1.1009883476478,0.387,0.044,2.81743698015228e-07,"Erp44-201",2.81743698015228e-07,"Up"
3.66976552648432e-12,1.91667096775638,0.365,0.036,2.82036159772426e-07,"Septin8-204",2.82036159772426e-07,"Up"
3.69503506045177e-12,2.45907880398851,0.458,0.095,2.83978224535961e-07,"Slfn4-201",2.83978224535961e-07,"Up"
3.71671869937007e-12,3.44907450280883,0.332,0.022,2.85644698921387e-07,"Rhoc-202",2.85644698921387e-07,"Up"
3.7381272801238e-12,1.34956255785866,0.373,0.036,2.87290033986635e-07,"Ralgds-203",2.87290033986635e-07,"Up"
3.76878748041732e-12,1.5448211115606,0.373,0.036,2.89646393019992e-07,"Hivep2-205",2.89646393019992e-07,"Up"
3.8602420197498e-12,1.17414728140022,0.469,0.088,2.96675040185851e-07,"Bmp2k-201",2.96675040185851e-07,"Up"
3.89834478885568e-12,1.17624298967633,0.454,0.08,2.99603390402714e-07,"Dennd1a-201",2.99603390402714e-07,"Up"
3.922062167423e-12,2.29960330280312,0.362,0.036,3.01426165815127e-07,"Serpinb6a-203",3.01426165815127e-07,"Up"
3.94207590123239e-12,1.07429010474413,0.406,0.051,3.02964301313314e-07,"N4bp1-201",3.02964301313314e-07,"Up"
3.993425025899e-12,1.76943394035721,0.458,0.088,3.06910686940442e-07,"Osbpl8-202",3.06910686940442e-07,"Up"
4.05126270100733e-12,1.83703570235082,0.339,0.022,3.11355743623218e-07,"Khsrp-201",3.11355743623218e-07,"Up"
4.15576120047293e-12,2.43248720435301,0.339,0.022,3.19386871301147e-07,"Rc3h1-204",3.19386871301147e-07,"Up"
4.19117777094203e-12,1.44539563347768,0.339,0.022,3.22108776407978e-07,"Agap1-201",3.22108776407978e-07,"Up"
4.36297718319006e-12,1.52807637062732,0.517,0.124,3.35312248436889e-07,"Myof-201",3.35312248436889e-07,"Up"
4.38198777281725e-12,1.6677511863023,0.428,0.066,3.36773288292097e-07,"Ptpre-207",3.36773288292097e-07,"Up"
4.38198777281725e-12,1.6677511863023,0.428,0.066,3.36773288292097e-07,"Ptpre-201",3.36773288292097e-07,"Up"
4.41363304395664e-12,1.16197395480798,0.469,0.088,3.39205353960243e-07,"Uggt1-201",3.39205353960243e-07,"Up"
4.43643307150197e-12,1.23007946144371,0.373,0.036,3.40957627277213e-07,"Mrtfb-201",3.40957627277213e-07,"Up"
4.47615873105088e-12,-2.17488126730606,0.269,0.569,3.44010703116184e-07,"Psap-204",3.44010703116184e-07,"Down"
4.51628430177287e-12,1.16012411861872,0.387,0.044,3.47094513728452e-07,"Ikbkb-203",3.47094513728452e-07,"Up"
4.65065879089218e-12,1.70715838776756,0.354,0.029,3.57421730715228e-07,"Specc1l-204",3.57421730715228e-07,"Up"
4.74122862582252e-12,1.42863917329096,0.384,0.044,3.64382384808964e-07,"Slc43a2-211",3.64382384808964e-07,"Up"
4.76597005537666e-12,2.7035429463047,0.336,0.022,3.66283862635918e-07,"Olfml3-201",3.66283862635918e-07,"Up"
4.80663907350673e-12,1.75125550681133,0.336,0.022,3.69409439355287e-07,"Psg-ps1-201",3.69409439355287e-07,"Up"
4.84784259935641e-12,1.37064165741975,0.354,0.029,3.72576095130938e-07,"Helz2-203",3.72576095130938e-07,"Up"
4.88825152093453e-12,1.24744875348275,0.354,0.029,3.75681682389903e-07,"Zfp638-220",3.75681682389903e-07,"Up"
4.8890002808664e-12,2.18866493050435,0.336,0.022,3.75739227585707e-07,"Dop1b-207",3.75739227585707e-07,"Up"
5.07053484617212e-12,1.05993626882879,0.428,0.066,3.89690885067712e-07,"Rab8a-201",3.89690885067712e-07,"Up"
5.18830490579563e-12,1.1740349244853,0.336,0.022,3.98741985230017e-07,"Pgrmc2-201",3.98741985230017e-07,"Up"
5.31093970181649e-12,1.70489702321028,0.354,0.029,4.08166959843405e-07,"Rin2-202",4.08166959843405e-07,"Up"
5.32200988471374e-12,2.5143610862544,0.336,0.022,4.0901774767979e-07,"Mest-211",4.0901774767979e-07,"Up"
5.37580351420499e-12,1.36872443902443,0.369,0.036,4.13152003280711e-07,"Ralgds-201",4.13152003280711e-07,"Up"
5.4698700982491e-12,1.59543030509326,0.395,0.051,4.20381396530837e-07,"Atp13a2-203",4.20381396530837e-07,"Up"
5.5055485172675e-12,2.15322593457446,0.336,0.022,4.23123425746076e-07,"Comt-204",4.23123425746076e-07,"Up"
5.53893426235016e-12,2.22216992439041,0.362,0.036,4.25689253798659e-07,"Creb5-203",4.25689253798659e-07,"Up"
5.64726001410612e-12,2.602683638282,0.336,0.022,4.34014521124112e-07,"Ext2-201",4.34014521124112e-07,"Up"
5.6476138005277e-12,2.95172642222668,0.332,0.022,4.34041711025756e-07,"Klf3-201",4.34041711025756e-07,"Up"
5.6907771962423e-12,1.13249728657854,0.369,0.036,4.37358990640006e-07,"Rusc2-201",4.37358990640006e-07,"Up"
5.73722524142452e-12,1.68721119152176,0.369,0.036,4.4092870870444e-07,"Slain2-202",4.4092870870444e-07,"Up"
5.80575401012392e-12,2.03835966246761,0.365,0.036,4.46195418694064e-07,"Nckap1l-203",4.46195418694064e-07,"Up"
5.81216223781456e-12,1.12396703807092,0.613,0.212,4.46687916625e-07,"Col4a1-208",4.46687916625e-07,"Up"
5.94308134857e-12,3.32330557781055,0.332,0.022,4.56749573962999e-07,"Kcnn4-201",4.56749573962999e-07,"Up"
6.00771350326459e-12,1.26399078585319,0.424,0.066,4.61716813579897e-07,"Arap1-204",4.61716813579897e-07,"Up"
6.04725897016111e-12,1.63271371961756,0.365,0.036,4.64756040892762e-07,"Apbb1ip-201",4.64756040892762e-07,"Up"
6.10901501397041e-12,1.70504432682144,0.395,0.051,4.69502239883682e-07,"Evi2a-201",4.69502239883682e-07,"Up"
6.14593826430894e-12,2.03173696572767,0.336,0.022,4.72339939365199e-07,"Scd2-201",4.72339939365199e-07,"Up"
6.37369718346991e-12,1.23577824402015,0.535,0.139,4.89844123338397e-07,"Lilrb4b-201",4.89844123338397e-07,"Up"
6.40198066551934e-12,1.6981207226609,0.365,0.036,4.92017822067824e-07,"Hdac5-202",4.92017822067824e-07,"Up"
6.4112128077815e-12,1.7874535804949,0.336,0.022,4.92727349129239e-07,"Kcnab2-208",4.92727349129239e-07,"Up"
6.62173060135802e-12,-1.27129685285955,0.875,0.956,5.0890648363677e-07,"Sqstm1-202",5.0890648363677e-07,"Down"
6.73244659019475e-12,1.90202313996959,0.376,0.044,5.17415450242828e-07,"Pirb-205",5.17415450242828e-07,"Up"
6.97586042649646e-12,1.65344829388886,0.336,0.022,5.36122777217959e-07,"Hivep3-202",5.36122777217959e-07,"Up"
7.42221653847407e-12,1.21006017963017,0.435,0.073,5.70427029847886e-07,"Brwd1-205",5.70427029847886e-07,"Up"
7.59959878182449e-12,1.10588259518305,0.38,0.044,5.84059564778339e-07,"Pi4ka-209",5.84059564778339e-07,"Up"
7.61479497971696e-12,1.05410069623137,0.424,0.066,5.85227453371167e-07,"Lman1-209",5.85227453371167e-07,"Up"
7.6477403795613e-12,-1.90604221864228,0.255,0.584,5.87759439130804e-07,"Ldha-209",5.87759439130804e-07,"Down"
7.66316619551536e-12,2.25427505530228,0.332,0.022,5.88944974790138e-07,"Fes-201",5.88944974790138e-07,"Up"
7.71714562011109e-12,1.20409618042348,0.365,0.036,5.93093509488018e-07,"Ccni-201",5.93093509488018e-07,"Up"
7.72820194310944e-12,2.56687335751763,0.332,0.022,5.93943232135733e-07,"Pmepa1-201",5.93943232135733e-07,"Up"
7.81721081910069e-12,1.30143308857395,0.406,0.058,6.00783920291164e-07,"Srrm1-208",6.00783920291164e-07,"Up"
8.01447178201203e-12,1.88081620125878,0.347,0.029,6.15944214334753e-07,"Mink1-201",6.15944214334753e-07,"Up"
8.02637661588539e-12,1.17067751718727,0.351,0.029,6.16859148437256e-07,"Vps13b-201",6.16859148437256e-07,"Up"
8.20362583569114e-12,1.48221487914099,0.889,0.577,6.30481459976207e-07,"Ctsl-201",6.30481459976207e-07,"Up"
8.21794863653453e-12,1.41671876452118,0.424,0.066,6.31582224512225e-07,"Rpn2-205",6.31582224512225e-07,"Up"
8.22401962940189e-12,1.61292946452872,0.376,0.044,6.32048804598053e-07,"Glyr1-202",6.32048804598053e-07,"Up"
8.25763602949042e-12,2.93220854254329,0.343,0.029,6.34632359410456e-07,"Naip2-201",6.34632359410456e-07,"Up"
8.57736380035391e-12,-4.13734808675852,0.531,0.62,6.592047175124e-07,"Peg10-202",6.592047175124e-07,"Down"
8.65767936722202e-12,1.26183174737726,0.391,0.051,6.65377290088481e-07,"Atp13a2-201",6.65377290088481e-07,"Up"
8.75999933261943e-12,1.87851803782683,0.358,0.036,6.73240988709134e-07,"Slc6a8-203",6.73240988709134e-07,"Up"
8.84539272956828e-12,2.14995639529995,0.332,0.022,6.7980381283824e-07,"Il6st-203",6.7980381283824e-07,"Up"
8.85084392030774e-12,1.44659301651896,0.347,0.029,6.80222758651331e-07,"Runx2-203",6.80222758651331e-07,"Up"
8.87904209071932e-12,2.30840589479651,0.384,0.051,6.82389900840142e-07,"Zeb2-201",6.82389900840142e-07,"Up"
8.91152162240469e-12,1.17496981640442,0.38,0.044,6.8488608276829e-07,"Eif5-212",6.8488608276829e-07,"Up"
9.07295242471565e-12,1.80209321734717,0.347,0.029,6.97292685649097e-07,"Tnfrsf12a-201",6.97292685649097e-07,"Up"
9.09022087765302e-12,2.10529854209699,0.387,0.051,6.98619835331145e-07,"Tmbim1-201",6.98619835331145e-07,"Up"
9.20514948164237e-12,1.24932397851641,0.439,0.073,7.07452558262142e-07,"Hmox2-202",7.07452558262142e-07,"Up"
9.23442369952385e-12,1.47187560936769,0.387,0.051,7.09702399003206e-07,"Tut7-201",7.09702399003206e-07,"Up"
9.70654274847979e-12,1.35032986699268,0.373,0.044,7.45986636391666e-07,"Herpud2-201",7.45986636391666e-07,"Up"
9.74736810367116e-12,1.53646450680625,0.343,0.029,7.49124228239543e-07,"Itga6-209",7.49124228239543e-07,"Up"
9.94428380810375e-12,2.26950675776796,0.399,0.058,7.64257987788006e-07,"Alas1-207",7.64257987788006e-07,"Up"
1.00356582430453e-11,1.25038358684804,0.332,0.022,7.71280478611005e-07,"Kmt2b-201",7.71280478611005e-07,"Up"
1.01837808878163e-11,1.66783930948906,0.347,0.029,7.82664296352238e-07,"Larp4b-201",7.82664296352238e-07,"Up"
1.01837808878163e-11,1.46681357868651,0.347,0.029,7.82664296352238e-07,"Kif21b-201",7.82664296352238e-07,"Up"
1.0429559975544e-11,1.64516097983501,0.373,0.044,8.01553402360459e-07,"Sirt2-209",8.01553402360459e-07,"Up"
1.04386038372828e-11,1.79423309778217,0.347,0.029,8.02248459310532e-07,"Pappa2-203",8.02248459310532e-07,"Up"
1.04498234128261e-11,1.43472370061015,0.391,0.051,8.03110728569337e-07,"Slc27a1-205",8.03110728569337e-07,"Up"
1.05972565074178e-11,2.19236972706706,0.373,0.044,8.14441551621086e-07,"Mapk8ip3-208",8.14441551621086e-07,"Up"
1.09671293184702e-11,1.01569182684161,0.347,0.029,8.42867756641708e-07,"R3hdm2-203",8.42867756641708e-07,"Up"
1.12386051262107e-11,1.50551039769813,0.362,0.036,8.63731758369798e-07,"Gpbp1-201",8.63731758369798e-07,"Up"
1.18207085175391e-11,1.1743957051753,0.41,0.066,9.08468732406948e-07,"Fth1-202",9.08468732406948e-07,"Up"
1.18608772116317e-11,1.14986527257624,0.406,0.058,9.11555857222745e-07,"Kdm5c-203",9.11555857222745e-07,"Up"
1.18824856472378e-11,2.09940802160112,0.601,0.299,9.13216551932814e-07,"App-203",9.13216551932814e-07,"Up"
1.21334982745945e-11,2.02674939544804,0.373,0.044,9.32507876395687e-07,"Nup153-201",9.32507876395687e-07,"Up"
1.2183753837523e-11,2.19161698305096,0.439,0.088,9.36370217428997e-07,"Wnk1-224",9.36370217428997e-07,"Up"
1.21992905867757e-11,1.08795164668831,0.369,0.044,9.3756427875606e-07,"Tab2-204",9.3756427875606e-07,"Up"
1.2230363321377e-11,1.29215179875882,0.373,0.044,9.39952342701109e-07,"Frmd4a-202",9.39952342701109e-07,"Up"
1.24350918883741e-11,1.8930959057918,0.354,0.036,9.556865519891e-07,"Eif4a2-202",9.556865519891e-07,"Up"
1.26038927760025e-11,1.01895419431575,0.391,0.051,9.68659575406896e-07,"ENSMUST00000250009.1",9.68659575406896e-07,"Up"
1.27848196297816e-11,1.53016736975495,0.668,0.255,9.82564527827239e-07,"Cd36-201",9.82564527827239e-07,"Up"
1.29960638145459e-11,1.81747521187989,0.539,0.168,9.98799488403113e-07,"Aldoa-202",9.98799488403113e-07,"Up"
1.41391091398844e-11,1.09194792614086,0.362,0.036,1.08664709383668e-06,"Antxr2-202",1.08664709383668e-06,"Up"
1.48468541704691e-11,1.09814175532768,0.432,0.073,1.14104013041724e-06,"Dag1-204",1.14104013041724e-06,"Up"
1.49469805290656e-11,1.14252066302037,0.524,0.124,1.14873524158081e-06,"Samhd1-203",1.14873524158081e-06,"Up"
1.56918549966092e-11,1.26066726839395,0.358,0.036,1.2059818239094e-06,"Hk3-201",1.2059818239094e-06,"Up"
1.60204657408612e-11,1.09663966841547,0.494,0.109,1.23123687404814e-06,"Psmb8-201",1.23123687404814e-06,"Up"
1.64193014477703e-11,1.00841403880961,0.561,0.146,1.26188899346694e-06,"Id2-201",1.26188899346694e-06,"Up"
1.65898671703399e-11,1.85470127870394,0.435,0.08,1.27499765150931e-06,"Mfge8-201",1.27499765150931e-06,"Up"
1.67316825803411e-11,1.02180320876208,0.387,0.051,1.28589673302953e-06,"Il11ra1-203",1.28589673302953e-06,"Up"
1.67316825803411e-11,1.02180320876208,0.387,0.051,1.28589673302953e-06,"Il11ra1-202",1.28589673302953e-06,"Up"
1.67316825803411e-11,1.02180320876208,0.387,0.051,1.28589673302953e-06,"Il11ra1-204",1.28589673302953e-06,"Up"
1.6862233611735e-11,1.18810570903324,0.387,0.051,1.29593010199628e-06,"Ap2b1-202",1.29593010199628e-06,"Up"
1.68713365801506e-11,1.14436117251221,0.406,0.058,1.2966297015309e-06,"Mapk6-202",1.2966297015309e-06,"Up"
1.69255019406783e-11,1.12214203756411,0.373,0.044,1.30079252614889e-06,"Ppp1cb-201",1.30079252614889e-06,"Up"
1.70216941682294e-11,2.35104399463355,0.339,0.029,1.3081852836051e-06,"Tns1-208",1.3081852836051e-06,"Up"
1.71308093472801e-11,1.17167675838055,0.406,0.058,1.31657122157586e-06,"Plekho2-204",1.31657122157586e-06,"Up"
1.7574244872696e-11,1.12066920606191,0.417,0.066,1.35065101544618e-06,"Csrnp1-203",1.35065101544618e-06,"Up"
1.78261854667024e-11,1.68423671693365,0.424,0.073,1.37001365785795e-06,"Tor1aip1-206",1.37001365785795e-06,"Up"
1.80371250161273e-11,1.80830743163961,0.354,0.036,1.38622520598945e-06,"2510009E07Rik-201",1.38622520598945e-06,"Up"
1.85262228033031e-11,1.24573685886338,0.417,0.066,1.42381432732506e-06,"Tatdn2-202",1.42381432732506e-06,"Up"
1.88164152181786e-11,1.44960414544588,0.413,0.066,1.4461167751779e-06,"Tor1aip1-202",1.4461167751779e-06,"Up"
1.92367113835522e-11,1.22124819841688,0.354,0.036,1.47841821667152e-06,"Zfx-201",1.47841821667152e-06,"Up"
1.93654925099395e-11,1.0500976282963,0.531,0.131,1.48831556135889e-06,"Txnrd1-206",1.48831556135889e-06,"Up"
1.95486083533548e-11,1.33489239829737,0.354,0.036,1.50238874638873e-06,"Atp6v0a1-201",1.50238874638873e-06,"Up"
1.98227239037426e-11,1.88316348273354,0.336,0.029,1.52345562289824e-06,"Mesd-201",1.52345562289824e-06,"Up"
1.98370929124738e-11,1.31311999664413,0.413,0.066,1.52455993869526e-06,"Fam107b-209",1.52455993869526e-06,"Up"
2.01445878292552e-11,1.185592609926,0.432,0.073,1.54819215302958e-06,"Hmox2-203",1.54819215302958e-06,"Up"
2.10893333419842e-11,1.12640615945969,0.369,0.044,1.62079962466486e-06,"Papola-203",1.62079962466486e-06,"Up"
2.1586129695348e-11,2.10190062317539,0.446,0.095,1.65898041160627e-06,"Cd47-201",1.65898041160627e-06,"Up"
2.23896591362807e-11,1.44186844283721,0.38,0.051,1.72073486325972e-06,"Jmjd1c-211",1.72073486325972e-06,"Up"
2.24893000491904e-11,1.64411238535013,0.339,0.029,1.72839266598048e-06,"Cdc42se1-201",1.72839266598048e-06,"Up"
2.25132445410984e-11,1.7832102895778,0.362,0.044,1.73023289596158e-06,"Nin-201",1.73023289596158e-06,"Up"
2.33450050685368e-11,1.06973849204419,0.387,0.051,1.79415701953733e-06,"Cd48-202",1.79415701953733e-06,"Up"
2.35515710566523e-11,2.66919092163256,0.336,0.029,1.81003244198795e-06,"Eps15-202",1.81003244198795e-06,"Up"
2.48491495001109e-11,1.91230008710314,0.391,0.058,1.90975653568152e-06,"Csf2ra-202",1.90975653568152e-06,"Up"
2.52672083931688e-11,1.03734776577094,0.354,0.036,1.9418860338486e-06,"Rusc2-205",1.9418860338486e-06,"Up"
2.60182354164625e-11,1.09585831783919,0.402,0.058,1.99960546469681e-06,"Plekho2-202",1.99960546469681e-06,"Up"
2.68769233231583e-11,1.14981071644811,0.365,0.044,2.06559906507801e-06,"Kmt2e-202",2.06559906507801e-06,"Up"
2.91102161065808e-11,1.00714843793618,0.369,0.044,2.23723654865516e-06,"Atp9b-212",2.23723654865516e-06,"Up"
2.93065882900326e-11,1.68579375095301,0.365,0.044,2.25232853644217e-06,"Syk-201",2.25232853644217e-06,"Up"
2.9519046590955e-11,2.17859765186668,0.347,0.036,2.26865680670125e-06,"Slf2-201",2.26865680670125e-06,"Up"
2.99628824755991e-11,1.0719528231898,0.351,0.036,2.30276736977969e-06,"Mrtfa-211",2.30276736977969e-06,"Up"
3.10154329541008e-11,1.1001001622944,0.391,0.058,2.38366008425446e-06,"Ncf1-205",2.38366008425446e-06,"Up"
3.16021176596395e-11,1.27583476838426,0.336,0.029,2.42874915061393e-06,"Ascc3-201",2.42874915061393e-06,"Up"
3.18604540829619e-11,1.59410335372261,0.336,0.029,2.44860333809195e-06,"Atp9b-201",2.44860333809195e-06,"Up"
3.21428882341462e-11,1.29784679320238,0.568,0.168,2.47030953234707e-06,"Csde1-201",2.47030953234707e-06,"Up"
3.32042365063503e-11,1.46863642849863,0.583,0.175,2.55187839245904e-06,"Tnfaip3-201",2.55187839245904e-06,"Up"
3.38287294412233e-11,1.26155864055335,0.506,0.117,2.59987317247577e-06,"Errfi1-201",2.59987317247577e-06,"Up"
3.43758763346582e-11,1.92052028812088,0.347,0.036,2.64192359982382e-06,"Lmbrd1-201",2.64192359982382e-06,"Up"
3.49304839325916e-11,2.098098949442,0.347,0.036,2.68454741215539e-06,"Uqcrh-202",2.68454741215539e-06,"Up"
3.56558664688494e-11,1.37106588300441,0.365,0.044,2.74029596159695e-06,"Camsap2-201",2.74029596159695e-06,"Up"
3.58920099938537e-11,1.4665170508422,0.38,0.051,2.75844453606763e-06,"Calu-202",2.75844453606763e-06,"Up"
3.62293559304082e-11,1.27292856359837,0.376,0.051,2.78437092067559e-06,"Srrm1-201",2.78437092067559e-06,"Up"
3.63470004207762e-11,1.06447018852731,0.424,0.073,2.79341237033834e-06,"Midn-202",2.79341237033834e-06,"Up"
3.75951409754486e-11,1.18441525167307,0.362,0.044,2.88933696452712e-06,"Cav1-202",2.88933696452712e-06,"Up"
3.81070334231265e-11,1.38997866159866,0.406,0.066,2.92867794670096e-06,"Brwd1-202",2.92867794670096e-06,"Up"
3.82563481496855e-11,1.52590639640186,0.365,0.044,2.94015338069593e-06,"ENSMUST00000178343",2.94015338069593e-06,"Up"
3.92482313576045e-11,1.51659011252985,0.332,0.029,3.01638357275734e-06,"Idh1-203",3.01638357275734e-06,"Up"
4.16274347750606e-11,1.12701944488541,0.362,0.044,3.19923487220251e-06,"Rock2-201",3.19923487220251e-06,"Up"
4.18776504658169e-11,1.34392209952306,0.387,0.058,3.21846494889989e-06,"Cic-212",3.21846494889989e-06,"Up"
4.1972820029805e-11,1.94263954239916,0.347,0.036,3.22577911057063e-06,"Taok3-203",3.22577911057063e-06,"Up"
4.30213347926903e-11,1.6919927818465,0.343,0.036,3.30636166415742e-06,"Ugt1a7c-201",3.30636166415742e-06,"Up"
4.3933455643194e-11,-3.23248647374541,0.487,0.606,3.37646180000203e-06,"Cox6c-201",3.37646180000203e-06,"Down"
4.5723332496439e-11,1.2579910551917,0.362,0.044,3.51402099568132e-06,"Vcl-202",3.51402099568132e-06,"Up"
4.57983285634078e-11,1.28958992543996,0.332,0.029,3.51978474341214e-06,"Kif21b-204",3.51978474341214e-06,"Up"
4.73487520314051e-11,2.12492047468566,0.343,0.036,3.63894098862161e-06,"Mxi1-202",3.63894098862161e-06,"Up"
4.79166034081546e-11,1.63615534676542,0.362,0.044,3.68258263833031e-06,"Cdk13-207",3.68258263833031e-06,"Up"
4.81160417877219e-11,1.41425140426677,0.476,0.109,3.69791027555358e-06,"Lyn-202",3.69791027555358e-06,"Up"
5.04741660168739e-11,1.1381009226692,0.332,0.029,3.87914155506082e-06,"Ccdc47-201",3.87914155506082e-06,"Up"
5.04883300618809e-11,1.5128475171852,0.358,0.044,3.8802301185758e-06,"Arid4b-201",3.8802301185758e-06,"Up"
5.16751735876561e-11,2.48940148228939,0.339,0.036,3.97144379090573e-06,"Eif4g3-202",3.97144379090573e-06,"Up"
5.25574593557801e-11,1.26831106048657,0.332,0.029,4.03925098132913e-06,"Nr4a3-201",4.03925098132913e-06,"Up"
5.61274008518674e-11,1.14991904712555,0.354,0.044,4.31361526506942e-06,"Nfe2l1-203",4.31361526506942e-06,"Up"
5.6974706198041e-11,1.0160534592579,0.406,0.066,4.37873407014424e-06,"Pnp-201",4.37873407014424e-06,"Up"
5.74921115360124e-11,2.33372668392036,0.365,0.051,4.4184987399887e-06,"Exoc4-201",4.4184987399887e-06,"Up"
5.77937205649108e-11,1.21977686656265,0.561,0.168,4.44167860029565e-06,"Uhrf2-201",4.44167860029565e-06,"Up"
5.8433335381169e-11,1.65052463656288,0.373,0.051,4.49083555738436e-06,"Prpf40a-208",4.49083555738436e-06,"Up"
5.97925295044144e-11,1.3559714880244,0.373,0.051,4.59529506253226e-06,"Vps4b-201",4.59529506253226e-06,"Up"
6.21358794559101e-11,1.6603128018085,0.465,0.109,4.77539087970452e-06,"Myof-202",4.77539087970452e-06,"Up"
6.60274470664217e-11,1.15494141074351,0.399,0.066,5.07447341684277e-06,"Ganab-202",5.07447341684277e-06,"Up"
6.6097311645382e-11,1.10916023644476,0.369,0.051,5.07984278919419e-06,"Nr3c1-204",5.07984278919419e-06,"Up"
6.61701771405843e-11,2.9588729616572,0.358,0.051,5.08544279396246e-06,"Picalm-213",5.08544279396246e-06,"Up"
6.77069052601997e-11,1.48258634118188,0.343,0.036,5.20354649686739e-06,"Gpbp1-202",5.20354649686739e-06,"Up"
6.82389513376035e-11,2.75437830024176,0.336,0.036,5.24443636610018e-06,"Asph-202",5.24443636610018e-06,"Up"
7.07243929966666e-11,1.35362541827243,0.528,0.153,5.43545249936582e-06,"Septin9-203",5.43545249936582e-06,"Up"
7.44471426136448e-11,1.08764322341171,0.343,0.036,5.72156069842906e-06,"Stag2-203",5.72156069842906e-06,"Up"
7.49335306800273e-11,1.58690940705226,0.421,0.08,5.75894156688282e-06,"Trem2-202",5.75894156688282e-06,"Up"
7.57235512368919e-11,1.99825774852602,0.339,0.036,5.81965780676009e-06,"Trrap-207",5.81965780676009e-06,"Up"
7.69334752489403e-11,1.64210892693328,0.339,0.036,5.91264530678206e-06,"Rasgef1b-201",5.91264530678206e-06,"Up"
7.76157422389721e-11,1.89925409526579,0.365,0.051,5.96508025403396e-06,"Mfge8-202",5.96508025403396e-06,"Up"
8.07405114747306e-11,1.02477665951146,0.387,0.058,6.20523126887895e-06,"Nek9-201",6.20523126887895e-06,"Up"
8.18421246191876e-11,1.42135253698025,0.343,0.036,6.28989464548304e-06,"Slain2-201",6.28989464548304e-06,"Up"
8.24898301017322e-11,1.00954768651303,0.343,0.036,6.33967340263853e-06,"Smarcc2-202",6.33967340263853e-06,"Up"
8.37183775581687e-11,1.0591513419105,0.358,0.044,6.4340921888555e-06,"Ikbkb-208",6.4340921888555e-06,"Up"
8.43685674303174e-11,1.30573352877773,0.358,0.044,6.48406188128961e-06,"Ncor2-204",6.48406188128961e-06,"Up"
8.59961406395345e-11,1.7159258590067,0.469,0.124,6.60914739271079e-06,"Sirpa-201",6.60914739271079e-06,"Up"
8.66305906218375e-11,1.59451996859925,0.339,0.036,6.6579074116507e-06,"Fndc3a-205",6.6579074116507e-06,"Up"
8.67723233018799e-11,1.12654974459135,0.384,0.058,6.66880013504268e-06,"Apbb2-216",6.66880013504268e-06,"Up"
8.73179460587802e-11,1.1199986380113,0.339,0.036,6.7107334264015e-06,"Rraga-201",6.7107334264015e-06,"Up"
9.30121508043796e-11,1.82226734715485,0.339,0.036,7.14835583791979e-06,"Taok3-210",7.14835583791979e-06,"Up"
9.45799274706402e-11,1.11519493330085,0.354,0.044,7.26884574582858e-06,"Tbk1-201",7.26884574582858e-06,"Up"
9.48096469348262e-11,1.00788708542283,0.435,0.088,7.28650060552913e-06,"Ubl3-201",7.28650060552913e-06,"Up"
9.9852569593844e-11,1.34104636535517,0.339,0.036,7.67406938356529e-06,"Syvn1-204",7.67406938356529e-06,"Up"
1.06791283165223e-10,1.31689024938122,0.509,0.139,8.20733727638006e-06,"Septin9-205",8.20733727638006e-06,"Up"
1.08030380481664e-10,1.42341036975909,0.339,0.036,8.30256686153781e-06,"Gripap1-204",8.30256686153781e-06,"Up"
1.15758560647092e-10,-2.05691775330591,0.642,0.664,8.89650841997164e-06,"Calm3-201",8.89650841997164e-06,"Down"
1.18044591901801e-10,1.80922431904545,0.351,0.044,9.07219906602099e-06,"Nsun2-202",9.07219906602099e-06,"Up"
1.20588507169622e-10,-4.05832849466923,0.159,0.394,9.26770913001416e-06,"Rhox6-201",9.26770913001416e-06,"Down"
1.21699452115755e-10,1.0969624449335,0.336,0.036,9.35308969290424e-06,"Zfx-204",9.35308969290424e-06,"Up"
1.23592916429773e-10,2.39129328469354,0.332,0.036,9.49860999929378e-06,"Eif4g3-215",9.49860999929378e-06,"Up"
1.25215733936431e-10,1.05173117147711,0.649,0.226,9.62333001595047e-06,"Cap1-201",9.62333001595047e-06,"Up"
1.25466792129373e-10,1.21414748810828,0.395,0.066,9.64262484231087e-06,"Brwd1-201",9.64262484231087e-06,"Up"
1.25572453562087e-10,1.09368180920948,0.351,0.044,9.65074534606065e-06,"Ogdh-201",9.65074534606065e-06,"Up"
1.35850934520501e-10,1.20874842818355,0.391,0.066,1.04406877216386e-05,"Fmnl1-202",1.04406877216386e-05,"Up"
1.37751576787926e-10,1.45076467788479,0.351,0.044,1.05867596824593e-05,"Adgre5-208",1.05867596824593e-05,"Up"
1.41256929234673e-10,1.68766511083066,0.421,0.088,1.08561600394016e-05,"Colec12-201",1.08561600394016e-05,"Up"
1.45381433033791e-10,1.05763792862036,0.351,0.044,1.1173144654379e-05,"Slc43a2-201",1.1173144654379e-05,"Up"
1.4934235376028e-10,1.23724028249299,0.332,0.036,1.14775572558925e-05,"Tes-202",1.14775572558925e-05,"Up"
1.56547170199327e-10,1.51429531035232,0.347,0.044,1.20312762184991e-05,"Atp13a2-206",1.20312762184991e-05,"Up"
1.60178928743205e-10,1.11184321888352,0.336,0.036,1.23103913896303e-05,"Fnbp1-210",1.23103913896303e-05,"Up"
1.60210150380042e-10,1.44243067196939,0.347,0.044,1.23127908973078e-05,"Kansl1-203",1.23127908973078e-05,"Up"
1.71708826543619e-10,1.44222067356885,0.347,0.044,1.31965101551833e-05,"Ppp1cc-202",1.31965101551833e-05,"Up"
1.7338018904988e-10,1.09136023318884,0.332,0.036,1.33249610492395e-05,"Zfx-203",1.33249610492395e-05,"Up"
1.7472295385982e-10,1.5233554368748,0.509,0.146,1.34281578959426e-05,"Septin9-204",1.34281578959426e-05,"Up"
1.7844141343297e-10,1.33956106246118,0.347,0.044,1.37139363879775e-05,"Slk-202",1.37139363879775e-05,"Up"
1.80493602598497e-10,2.36865979850975,0.343,0.044,1.38716553341049e-05,"Apobec1-203",1.38716553341049e-05,"Up"
1.87382132703262e-10,1.28535553814343,0.38,0.066,1.44010664267765e-05,"Ncoa4-206",1.44010664267765e-05,"Up"
1.90946042338066e-10,1.96218703163498,0.369,0.058,1.46749671378498e-05,"Nr3c1-208",1.46749671378498e-05,"Up"
2.00507122968843e-10,1.45064320153925,0.354,0.051,1.54097744286475e-05,"Nin-204",1.54097744286475e-05,"Up"
2.02287203376524e-10,1.31055669151868,0.358,0.051,1.55465807282993e-05,"Jmjd1c-201",1.55465807282993e-05,"Up"
2.11928572310480e-10,1.09529920096288,0.435,0.088,1.62875584963497e-05,"Huwe1-202",1.62875584963497e-05,"Up"
2.28058469535804e-10,1.1278757761558,0.347,0.044,1.75272056177047e-05,"Ppp1r3b-204",1.75272056177047e-05,"Up"
2.33329370133958e-10,1.13290453466485,0.332,0.036,1.79322954122752e-05,"Gripap1-203",1.79322954122752e-05,"Up"
2.3334816180442e-10,1.27829492020028,0.347,0.044,1.79337396273169e-05,"Parg-201",1.79337396273169e-05,"Up"
2.4547794858748e-10,1.7091049571147,0.343,0.044,1.88659622607422e-05,"Phip-201",1.88659622607422e-05,"Up"
2.49086140689877e-10,1.89734278396357,0.446,0.109,1.91432662565798e-05,"Dst-201",1.91432662565798e-05,"Up"
2.4921303923832e-10,1.24384096400471,0.483,0.124,1.91530189176219e-05,"Inhba-201",1.91530189176219e-05,"Up"
2.57017781195868e-10,1.33314894608335,0.343,0.044,1.97528445560273e-05,"Dlgap4-203",1.97528445560273e-05,"Up"
2.6789271025299e-10,2.03612416617136,0.373,0.066,2.05886263537833e-05,"F13a1-202",2.05886263537833e-05,"Up"
2.91860851988284e-10,1.23557646055754,0.424,0.088,2.24306739187076e-05,"Angptl4-201",2.24306739187076e-05,"Up"
3.16674383713909e-10,1.19159653289247,0.635,0.241,2.43376930859488e-05,"Slc11a1-201",2.43376930859488e-05,"Up"
3.18051563398543e-10,1.5624065488928,0.336,0.044,2.44435348534316e-05,"Nin-215",2.44435348534316e-05,"Up"
3.27959481159566e-10,1.36978507523591,0.336,0.044,2.52049979650373e-05,"Septin8-202",2.52049979650373e-05,"Up"
3.33413192623419e-10,1.43237587551897,0.535,0.168,2.56241375058802e-05,"Vsir-203",2.56241375058802e-05,"Up"
3.55499075410045e-10,1.56813195926582,0.354,0.051,2.73215259415636e-05,"Prkx-201",2.73215259415636e-05,"Up"
4.09374895153014e-10,1.60793931386116,0.336,0.044,3.14620981920897e-05,"Ssb-206",3.14620981920897e-05,"Up"
4.34904574996237e-10,1.05632106705197,0.354,0.051,3.34241562067608e-05,"Slc27a1-207",3.34241562067608e-05,"Up"
4.34904574996237e-10,1.05632106705197,0.354,0.051,3.34241562067608e-05,"Slc27a1-201",3.34241562067608e-05,"Up"
4.41431028483218e-10,1.31928545614742,0.354,0.051,3.39257402630492e-05,"Tm9sf3-202",3.39257402630492e-05,"Up"
5.43565822318215e-10,1.02119729293182,0.421,0.088,4.17752077084441e-05,"Slc15a3-203",4.17752077084441e-05,"Up"
5.52947742588754e-10,1.32550881586857,0.786,0.372,4.24962458089161e-05,"Spc24-201",4.24962458089161e-05,"Up"
5.58764550686776e-10,1.86168287779401,0.38,0.073,4.29432907784815e-05,"Tnfaip2-207",4.29432907784815e-05,"Up"
5.77948686761716e-10,1.10053509883147,0.391,0.073,4.44176683723849e-05,"Srp68-201",4.44176683723849e-05,"Up"
5.98868240115282e-10,1.20209865817435,0.406,0.088,4.60254197258199e-05,"Cflar-205",4.60254197258199e-05,"Up"
6.67674046792791e-10,1.29825879676236,0.332,0.044,5.13134211922131e-05,"Gpatch8-206",5.13134211922131e-05,"Up"
6.83772867833863e-10,1.83240012564921,0.343,0.051,5.25506799845037e-05,"Eif4g3-205",5.25506799845037e-05,"Up"
6.99218637376646e-10,-2.54065748372472,0.166,0.401,5.37377491569448e-05,"Rrbp1-202",5.37377491569448e-05,"Down"
7.05234223311007e-10,1.26991018659181,0.347,0.051,5.42000709983441e-05,"Pcnx-205",5.42000709983441e-05,"Up"
7.19758183993156e-10,1.1492146405805,0.387,0.073,5.531629547261e-05,"Mbnl2-204",5.531629547261e-05,"Up"
7.31055686594411e-10,1.43276522154663,0.332,0.044,5.61845537375268e-05,"Arih1-207",5.61845537375268e-05,"Up"
7.68840358916781e-10,1.70838628472941,0.424,0.102,5.90884569441903e-05,"Dst-215",5.90884569441903e-05,"Up"
8.55644485587323e-10,1.08661290481248,0.373,0.066,6.57597012953281e-05,"Cpeb2-204",6.57597012953281e-05,"Up"
9.12043519900813e-10,1.00259010678055,0.362,0.058,7.00941926784571e-05,"Mcfd2-201",7.00941926784571e-05,"Up"
9.16290605573353e-10,1.13739207859852,0.332,0.044,7.04205982007345e-05,"Rbm15-201",7.04205982007345e-05,"Up"
9.42548982413658e-10,1.14024988942272,0.528,0.168,7.24386594944193e-05,"Brd2-207",7.24386594944193e-05,"Up"
9.43414339128115e-10,1.78918502832531,0.354,0.058,7.25051656193522e-05,"Ifrd1-208",7.25051656193522e-05,"Up"
9.60825514036915e-10,1.49111295574323,0.472,0.139,7.38432840557931e-05,"Aplp2-209",7.38432840557931e-05,"Up"
1.06522896762368e-09,1.06998247791328,0.358,0.058,8.18671070777501e-05,"Atp6v0c-205",8.18671070777501e-05,"Up"
1.07385447586182e-09,1.10523105896416,0.347,0.051,8.25300118878843e-05,"Rnf130-202",8.25300118878843e-05,"Up"
1.10387731485704e-09,1.24835055972416,0.369,0.066,8.48373871560232e-05,"Cpeb2-205",8.48373871560232e-05,"Up"
1.13018265390239e-09,1.04402017885488,0.339,0.051,8.68590576830141e-05,"Dpp8-201",8.68590576830141e-05,"Up"
1.19890691955218e-09,1.10997043224438,0.354,0.058,9.21407923952633e-05,"Rab1b-201",9.21407923952633e-05,"Up"
1.2716768069631e-09,1.1483718047532,0.339,0.051,9.77334493223422e-05,"Cic-201",9.77334493223422e-05,"Up"
1.33518059022238e-09,-3.0757671526709,0.417,0.547,0.000102613969080951,"Txnl1-206",0.000102613969080951,"Down"
1.45028292372789e-09,1.46933018031977,0.347,0.058,0.000111460043820183,"Lilrb4b-206",0.000111460043820183,"Up"
1.55572518993098e-09,1.46526042625895,0.435,0.117,0.000119563703746955,"Sgk1-203",0.000119563703746955,"Up"
1.60431000381759e-09,-2.610534084315,0.114,0.35,0.000123297641033397,"H2-K1-212",0.000123297641033397,"Down"
1.64242911392608e-09,1.14821392496059,0.557,0.234,0.000126227247121675,"Gnas-207",0.000126227247121675,"Up"
1.66891080355165e-09,1.77749359501479,0.406,0.088,0.000128262470896159,"Nr1h2-201",0.000128262470896159,"Up"
1.91257661392041e-09,1.83975542218135,0.332,0.051,0.000146989163086239,"Srcap-207",0.000146989163086239,"Up"
2.0742907465446e-09,2.0942278970211,0.55,0.226,0.000159417541034939,"Spp1-204",0.000159417541034939,"Up"
2.08885835889201e-09,1.06838508912998,0.498,0.139,0.000160537120314287,"Txnip-202",0.000160537120314287,"Up"
2.10667171095191e-09,1.23568473665768,0.336,0.051,0.000161906147673498,"Prpf40a-206",0.000161906147673498,"Up"
2.19532709341067e-09,1.06688560015227,0.421,0.102,0.000168719668436984,"Necap2-201",0.000168719668436984,"Up"
2.24138373088439e-09,1.0680499780922,0.697,0.328,0.000172259305253389,"Ubc-203",0.000172259305253389,"Up"
2.34631964563649e-09,-1.03911661780787,0.458,0.109,0.000180324050045747,"Pum2-202",0.000180324050045747,"Down"
2.41925323050436e-09,1.17355269717418,0.336,0.051,0.000185929287777182,"Lman1-202",0.000185929287777182,"Up"
2.69109515853705e-09,1.23014165932086,0.358,0.066,0.000206821427314206,"Malt1-202",0.000206821427314206,"Up"
2.93098133149424e-09,1.65213064160074,0.38,0.08,0.000225257639250658,"Grb2-203",0.000225257639250658,"Up"
3.14061220923674e-09,1.06083905133591,0.332,0.051,0.00024136861072868,"Adh5-201",0.00024136861072868,"Up"
3.35207925410497e-09,1.14630396803082,0.332,0.051,0.000257620698994984,"Ankrd13a-201",0.000257620698994984,"Up"
3.63294596830194e-09,1.09885148568583,0.424,0.102,0.000279206429447877,"Trip12-207",0.000279206429447877,"Up"
3.81025814686859e-09,1.55601575282613,0.354,0.066,0.000292833579619439,"Brd1-203",0.000292833579619439,"Up"
3.87308127338309e-09,1.4019175370724,0.461,0.131,0.000297661788184584,"Picalm-206",0.000297661788184584,"Up"
3.95378381085891e-09,1.0851969423492,0.347,0.058,0.000303864100999751,"Ppp4r3a-201",0.000303864100999751,"Up"
4.050289795926e-09,1.39962490438824,0.343,0.058,0.000311280971976097,"Errfi1-202",0.000311280971976097,"Up"
4.30773954866634e-09,2.50377869609224,0.465,0.175,0.000331067015273203,"Gnas-211",0.000331067015273203,"Up"
4.73116265948459e-09,1.01199349286426,0.354,0.066,0.000363608775032029,"Cpeb2-201",0.000363608775032029,"Up"
5.09120388295707e-09,1.06230474445158,0.716,0.336,0.000391279383220783,"Ly6e-201",0.000391279383220783,"Up"
5.12704383174576e-09,1.10744659843922,0.339,0.058,0.000394033826644988,"Atp6v1h-201",0.000394033826644988,"Up"
5.5895705867299e-09,1.1248193959982,0.354,0.066,0.00042958085787254,"Cers2-201",0.00042958085787254,"Up"
5.75083296057946e-09,1.83909314200469,0.332,0.058,0.000441974516352374,"Sp100-202",0.000441974516352374,"Up"
5.86223411471786e-09,1.13808419872073,0.461,0.124,0.000450536140652527,"Txnip-201",0.000450536140652527,"Up"
6.05682373474474e-09,1.00054629143286,0.38,0.08,0.000465491131310072,"Osbpl9-202",0.000465491131310072,"Up"
6.52609334445156e-09,1.01357033846688,0.716,0.336,0.00050155637789448,"Ly6e-213",0.00050155637789448,"Up"
6.54238123586646e-09,1.6756647366215,0.513,0.212,0.00050280816750128,"Gnas-206",0.00050280816750128,"Up"
6.64422580128323e-09,1.13605571259226,0.594,0.27,0.000510635329731821,"Cd44-207",0.000510635329731821,"Up"
6.70128881038576e-09,1.26886535347852,0.339,0.058,0.000515020850233387,"Ggnbp2-201",0.000515020850233387,"Up"
7.27315637514835e-09,-3.30658163433738,0.498,0.584,0.000558971160055652,"Gpx4-202",0.000558971160055652,"Down"
7.4625925308142e-09,1.01052537746368,0.406,0.095,0.000573530086363194,"Txnrd1-205",0.000573530086363194,"Up"
8.81383918303784e-09,-1.38835076630515,0.657,0.737,0.00067737879657319,"Ywhaz-204",0.00067737879657319,"Down"
8.93819611995506e-09,1.00314313781708,0.45,0.124,0.000686936124603026,"Txnrd1-208",0.000686936124603026,"Up"
9.88620908508978e-09,2.21153640549144,0.539,0.292,0.00075979471302549,"App-206",0.00075979471302549,"Up"
1.05132084415672e-08,2.22584027415685,0.332,0.066,0.000807982121568205,"Trem2-203",0.000807982121568205,"Up"
1.12375454482142e-08,1.45840928108171,0.424,0.117,0.000863650317877055,"Picalm-212",0.000863650317877055,"Up"
1.20907350166254e-08,1.12634471524445,0.365,0.08,0.000929221348967725,"Kmt5a-201",0.000929221348967725,"Up"
1.24459070435825e-08,1.8179650249436,0.369,0.088,0.000956517739927486,"Wnk1-204",0.000956517739927486,"Up"
1.28340846445192e-08,1.33031696631807,0.354,0.073,0.000986350741269882,"Washc2-206",0.000986350741269882,"Up"
1.6214389953418e-08,1.04278920977344,0.343,0.066,0.00124614072547999,"Il4ra-201",0.00124614072547999,"Up"
1.98379806766229e-08,-2.39751562014105,0.506,0.599,0.00152462816692118,"Atp5g1-202",0.00152462816692118,"Down"
2.47839604748899e-08,1.22672874771194,0.369,0.088,0.00190474649833719,"Emp1-202",0.00190474649833719,"Up"
2.63406810734654e-08,1.01853421979991,0.524,0.182,0.00202438670322011,"Sdcbp-202",0.00202438670322011,"Up"
2.84301348863508e-08,1.08383316290638,0.332,0.066,0.00218496958655561,"Tnrc6b-201",0.00218496958655561,"Up"
3.0550395939522e-08,1.14903292090386,0.384,0.095,0.00234792012953603,"Ninj1-202",0.00234792012953603,"Up"
3.9800352872059e-08,1.2350832129188,0.461,0.146,0.00305881631962922,"Tnfaip3-202",0.00305881631962922,"Up"
4.15989458282075e-08,1.22669148045674,0.339,0.073,0.00319704538268106,"Ftl1-205",0.00319704538268106,"Up"
5.50200258067248e-08,1.03400930532438,0.387,0.102,0.00422850906335003,"Dab2-204",0.00422850906335003,"Up"
7.79430732869839e-08,1.32372686507382,0.365,0.095,0.00599023695439786,"Dst-202",0.00599023695439786,"Up"
8.45615465201425e-08,1.09256071868815,0.502,0.19,0.00649889309625903,"Zmiz1-201",0.00649889309625903,"Up"
1.2890861629127e-07,-2.94377868516966,0.41,0.526,0.00990714279644924,"Hnrnpa2b1-201",0.00990714279644924,"Down"
