"p_val","avg_log2FC","pct.1","pct.2","p_val_adj","gene","p_val_adj_plot","Significance"
1.39670333784012e-45,-2.1972815994341,0.596,0.976,1.07342238326365e-40,"Vim-201",1.07342238326365e-40,"Down"
2.96344592950763e-43,-1.77323901431875,0.725,0.988,2.2775267346638e-38,"Eef1a1-201",2.2775267346638e-38,"Down"
2.17254453406212e-39,-3.63480500138621,0.228,0.862,1.6696873762081e-34,"Macf1-203",1.6696873762081e-34,"Down"
3.18641227381455e-32,-3.32286645645926,0.111,0.728,2.44888528891744e-27,"Jmjd1c-206",2.44888528891744e-27,"Down"
2.75106489438609e-31,-2.01974571064558,0.216,0.843,2.11430341393148e-26,"Adgrf5-201",2.11430341393148e-26,"Down"
5.38616133058221e-31,1.93476361113537,0.895,0.795,4.13948042900565e-26,"Set-201",4.13948042900565e-26,"Up"
1.37375204741657e-29,-1.83410200377962,0.69,0.898,1.05578339852153e-24,"Igf2-205",1.05578339852153e-24,"Down"
5.1983509920937e-29,-1.53155706323489,0.45,0.949,3.99514067146369e-24,"Cdh5-201",3.99514067146369e-24,"Down"
5.86256155608427e-29,-1.73399400438366,0.298,0.894,4.50561305831301e-24,"Arhgap31-201",4.50561305831301e-24,"Down"
1.71465886101987e-28,-2.03837772171626,0.158,0.772,1.31778392104821e-23,"Huwe1-201",1.31778392104821e-23,"Down"
1.92714737541367e-28,-1.58824960232945,0.444,0.913,1.48108984390043e-23,"Sptbn1-201",1.48108984390043e-23,"Down"
3.61237209671705e-27,-1.89053386826453,0.415,0.878,2.77625245121092e-22,"Sptbn1-202",2.77625245121092e-22,"Down"
1.02496934950587e-26,-2.62863566789149,0.07,0.63,7.87729943869242e-22,"Adamts1-201",7.87729943869242e-22,"Down"
2.78449023216431e-26,-1.86960835773466,0.345,0.843,2.13999212302756e-21,"Ddx5-201",2.13999212302756e-21,"Down"
3.2720898325182e-26,-1.65599124131699,0.205,0.807,2.51473191988353e-21,"Vcp-201",2.51473191988353e-21,"Down"
3.40920313702508e-26,-2.40945499421446,0.129,0.681,2.62010897892925e-21,"Akap13-205",2.62010897892925e-21,"Down"
3.44131724141401e-26,-2.40828667783264,0.129,0.681,2.64478995271633e-21,"Akap13-201",2.64478995271633e-21,"Down"
5.96909314683757e-26,-1.99915633826176,0.105,0.673,4.58748684707055e-21,"Utrn-201",4.58748684707055e-21,"Down"
1.53560724335938e-25,1.77953988347718,0.982,0.969,1.18017559081142e-20,"Tpt1-201",1.18017559081142e-20,"Up"
2.43334193252384e-25,-1.72736444089384,0.292,0.858,1.87012060882187e-20,"Arhgap29-201",1.87012060882187e-20,"Down"
4.00826077482092e-25,-1.77211417448593,0.386,0.886,3.08050873588087e-20,"Pecam1-204",3.08050873588087e-20,"Down"
4.30014538525332e-25,-2.16715511474,0.146,0.697,3.30483373438259e-20,"Brd4-203",3.30483373438259e-20,"Down"
4.33142604127279e-25,-2.05229332925133,0.181,0.744,3.32887416975979e-20,"Nisch-201",3.32887416975979e-20,"Down"
4.90005903561595e-25,-1.72304124759564,0.234,0.811,3.76589137123228e-20,"F2r-201",3.76589137123228e-20,"Down"
5.23575960315011e-25,-3.2289948242772,0.029,0.531,4.02389068540499e-20,"Dpysl2-201",4.02389068540499e-20,"Down"
5.56054363726716e-25,-1.71184258010979,0.24,0.815,4.2735002069853e-20,"Ctnnb1-201",4.2735002069853e-20,"Down"
8.68378667949986e-25,-2.19506229535487,0.146,0.705,6.67383741466282e-20,"Ss18-203",6.67383741466282e-20,"Down"
1.76044663794935e-24,-2.44393731879039,0.129,0.673,1.3529736591296e-19,"Uaca-202",1.3529736591296e-19,"Down"
1.83978469467022e-24,-2.42544557836528,0.129,0.669,1.41394812924185e-19,"Flt1-202",1.41394812924185e-19,"Down"
1.89800272104282e-24,-1.81458848139051,0.099,0.661,1.45869101123025e-19,"Hivep2-205",1.45869101123025e-19,"Down"
3.21593965858599e-24,-1.42881141772631,0.48,0.902,2.47157826520968e-19,"Kdr-201",2.47157826520968e-19,"Down"
3.35745827336642e-24,-1.86380756731059,0.14,0.697,2.58034098141303e-19,"Uaca-201",2.58034098141303e-19,"Down"
4.91230320861206e-24,-1.49215255970959,0.152,0.728,3.77530150794671e-19,"Amotl1-201",3.77530150794671e-19,"Down"
5.71205249743205e-24,-1.60041440252825,0.298,0.87,4.38994082637643e-19,"Ubc-202",4.38994082637643e-19,"Down"
8.20194590067178e-24,-1.48899633244134,0.374,0.87,6.30352350250229e-19,"Tubb5-201",6.30352350250229e-19,"Down"
9.84093372725485e-24,-1.91473325725421,0.181,0.74,7.56315120674444e-19,"Eng-201",7.56315120674444e-19,"Down"
1.228347266619e-23,-2.48748421605341,0.041,0.539,9.44034008287367e-19,"Cttnbp2nl-201",9.44034008287367e-19,"Down"
1.85046731899877e-23,-2.36240723225357,0.099,0.622,1.42215815334332e-18,"Crebbp-201",1.42215815334332e-18,"Down"
2.47521149029502e-23,-1.68239423256676,0.368,0.85,1.90229903875133e-18,"Pecam1-203",1.90229903875133e-18,"Down"
2.66610167570298e-23,-1.82938075682125,0.146,0.689,2.04900578184477e-18,"Trip12-206",2.04900578184477e-18,"Down"
5.34128870298689e-23,-1.66532316770307,0.187,0.756,4.10499401979354e-18,"Plxnd1-201",4.10499401979354e-18,"Down"
7.72762964611867e-23,-1.58411506774424,0.234,0.787,5.93899248822804e-18,"Ctnnb1-208",5.93899248822804e-18,"Down"
8.02231829775242e-23,-1.91033791949296,0.409,0.89,6.16547250455465e-18,"Gnas-202",6.16547250455465e-18,"Down"
1.02773242520727e-22,-2.1203255577298,0.17,0.677,7.89853478068794e-18,"Ptprb-203",7.89853478068794e-18,"Down"
1.14498512508215e-22,-1.98626232921955,0.088,0.606,8.79966868030635e-18,"Kdm6b-201",8.79966868030635e-18,"Down"
1.25733658682169e-22,-2.28357731620231,0.094,0.61,9.66313460435943e-18,"Ptbp1-206",9.66313460435943e-18,"Down"
1.31332899599222e-22,-1.71153800252867,0.117,0.654,1.00934586657986e-17,"Birc6-218",1.00934586657986e-17,"Down"
1.41186527204801e-22,-3.93429018606307,0.023,0.48,1.08507493617977e-17,"Piezo2-202",1.08507493617977e-17,"Down"
2.15113697532427e-22,-2.29773553517303,0.053,0.543,1.65323481101571e-17,"Cttnbp2nl-202",1.65323481101571e-17,"Down"
2.37617638552467e-22,-2.06127896943624,0.064,0.567,1.82618659933113e-17,"Nfe2l2-201",1.82618659933113e-17,"Down"
2.82767289869912e-22,-2.13982547320638,0.082,0.587,2.17317972956622e-17,"Ptbp1-215",2.17317972956622e-17,"Down"
3.6055218114611e-22,-1.82456952858667,0.117,0.65,2.77098773298032e-17,"Bmpr2-201",2.77098773298032e-17,"Down"
3.99831636728329e-22,-2.45026591011478,0.053,0.524,3.0728660609119e-17,"Tcf4-207",3.0728660609119e-17,"Down"
4.20333858530814e-22,-1.44169591264535,0.404,0.882,3.23043383635272e-17,"Pecam1-202",3.23043383635272e-17,"Down"
4.54215633774556e-22,-1.56330477990223,0.123,0.657,3.49082883181098e-17,"Birc6-202",3.49082883181098e-17,"Down"
5.15783503901359e-22,-1.33541416726353,0.123,0.673,3.96400254088351e-17,"Hivep2-201",3.96400254088351e-17,"Down"
5.19949374395339e-22,-1.6096813057467,0.211,0.752,3.99601892197794e-17,"Nrp1-201",3.99601892197794e-17,"Down"
7.10841613630492e-22,-1.98384814964989,0.088,0.594,5.46310213739579e-17,"Matr3-202",5.46310213739579e-17,"Down"
7.62212907706565e-22,-1.49317956069292,0.117,0.638,5.85791108088804e-17,"Utrn-205",5.85791108088804e-17,"Down"
1.20674752000182e-21,-2.26981632233052,0.07,0.547,9.27433739022201e-17,"Cemip2-201",9.27433739022201e-17,"Down"
1.21148280394763e-21,-1.73350434040063,0.123,0.65,9.31072994145915e-17,"Birc6-213",9.31072994145915e-17,"Down"
1.22180191381731e-21,-1.15334466613774,0.485,0.941,9.39003642845153e-17,"Eef2-201",9.39003642845153e-17,"Down"
1.27022152554853e-21,-1.46681840479736,0.181,0.74,9.76216051245066e-17,"Fscn1-201",9.76216051245066e-17,"Down"
1.46002879354658e-21,-1.10670048459876,0.164,0.736,1.12209052899229e-16,"Fermt2-201",1.12209052899229e-16,"Down"
2.33497862516046e-21,-1.3042644412021,0.327,0.846,1.79452447258082e-16,"Nid1-201",1.79452447258082e-16,"Down"
2.73050980777578e-21,-1.54232973950147,0.111,0.63,2.098506007668e-16,"Ecscr-201",2.098506007668e-16,"Down"
3.27071155001927e-21,-1.52399231795763,0.123,0.654,2.51367265465181e-16,"Son-203",2.51367265465181e-16,"Down"
3.99671688423732e-21,-1.42550938824721,0.129,0.669,3.07163679421175e-16,"Ehd2-201",3.07163679421175e-16,"Down"
4.24455228316221e-21,-1.92297158366684,0.146,0.669,3.26210821170148e-16,"Selenop-201",3.26210821170148e-16,"Down"
4.27445758818382e-21,-2.03140950995587,0.105,0.61,3.28509163482279e-16,"Foxo1-201",3.28509163482279e-16,"Down"
4.3301197877381e-21,-1.66229280938675,0.158,0.693,3.32787026166824e-16,"Tcim-201",3.32787026166824e-16,"Down"
5.2817538197139e-21,-1.28098404903572,0.158,0.693,4.05923908060292e-16,"Kif5b-201",4.05923908060292e-16,"Down"
6.02741889665518e-21,-1.64643048195138,0.14,0.661,4.63231251883537e-16,"Lpp-201",4.63231251883537e-16,"Down"
7.0345637477905e-21,-1.30259977537886,0.205,0.791,5.40634362272691e-16,"Flnb-201",5.40634362272691e-16,"Down"
7.15528804444699e-21,-1.47503175962748,0.123,0.65,5.49912507367929e-16,"Son-202",5.49912507367929e-16,"Down"
7.94533578704117e-21,-1.66368242953909,0.287,0.776,6.10630836577262e-16,"Pakap-202",6.10630836577262e-16,"Down"
9.29889440989672e-21,-1.32182174090764,0.146,0.693,7.14657230978203e-16,"Septin7-201",7.14657230978203e-16,"Down"
1.21633349238691e-20,-2.52108127652777,0.029,0.461,9.34800942239037e-16,"Eif4a2-202",9.34800942239037e-16,"Down"
1.29191347352979e-20,-1.57146616094162,0.135,0.661,9.92887180946585e-16,"Ddx3x-201",9.92887180946585e-16,"Down"
1.407047785722e-20,-1.75491226840862,0.105,0.591,1.08137250523879e-15,"Prag1-201",1.08137250523879e-15,"Down"
1.41997887820705e-20,-3.99826907541937,0.018,0.433,1.09131056705725e-15,"Ldb2-207",1.09131056705725e-15,"Down"
1.52341109996902e-20,-1.65802508604034,0.287,0.772,1.17080236677019e-15,"Pakap-207",1.17080236677019e-15,"Down"
1.64580708798006e-20,-1.15157157589206,0.193,0.76,1.2648685793962e-15,"Fgd5-201",1.2648685793962e-15,"Down"
1.79521687313733e-20,-1.82754495429014,0.082,0.567,1.37969597568096e-15,"Pik3r1-202",1.37969597568096e-15,"Down"
1.80014460102552e-20,-1.49900638748056,0.123,0.634,1.38348313167216e-15,"Birc6-204",1.38348313167216e-15,"Down"
1.92663566111217e-20,-1.53307889233205,0.152,0.677,1.48069657099114e-15,"Coro1c-201",1.48069657099114e-15,"Down"
1.974185711107e-20,-1.58079798847485,0.129,0.642,1.51724068641417e-15,"Irf2bpl-201",1.51724068641417e-15,"Down"
1.982833012994e-20,-1.2118784176174,0.263,0.791,1.52388648380641e-15,"Lama4-201",1.52388648380641e-15,"Down"
2.28064306426432e-20,-1.42682664599212,0.193,0.72,1.7527654206097e-15,"Trip12-201",1.7527654206097e-15,"Down"
2.7355385356359e-20,-1.85955858152403,0.088,0.571,2.10237078617761e-15,"Matr3-217",2.10237078617761e-15,"Down"
2.79189516999799e-20,-1.9141001331332,0.135,0.642,2.14568311395026e-15,"Arhgef7-202",2.14568311395026e-15,"Down"
3.26731185524718e-20,-3.34464801007495,0.006,0.406,2.51105985323167e-15,"Fat4-201",2.51105985323167e-15,"Down"
3.54704365485535e-20,-1.2364212407579,0.24,0.811,2.72604493050253e-15,"Msn-201",2.72604493050253e-15,"Down"
4.33758824932185e-20,-1.39831971573349,0.123,0.638,3.33361007313381e-15,"Son-208",3.33361007313381e-15,"Down"
4.67433573057994e-20,-1.65250403442879,0.175,0.669,3.59241398237991e-15,"Csde1-206",3.59241398237991e-15,"Down"
4.81880074995369e-20,-1.34307229842718,0.082,0.567,3.70344112836941e-15,"Lrrc8c-201",3.70344112836941e-15,"Down"
5.32069551782581e-20,-3.62019520107794,0.023,0.437,4.08916733326985e-15,"Ldb2-201",4.08916733326985e-15,"Down"
5.5917138005101e-20,-2.34636016313383,0.041,0.476,4.29745572424403e-15,"Cyyr1-201",4.29745572424403e-15,"Down"
5.90884460588714e-20,-1.72412123851105,0.023,0.437,4.54118343340851e-15,"Ldb2-204",4.54118343340851e-15,"Down"
6.3107184641026e-20,-1.88388772348597,0.07,0.539,4.85003956840141e-15,"Rai14-207",4.85003956840141e-15,"Down"
6.56602172386632e-20,-1.54277822173612,0.333,0.827,5.04625033566022e-15,"Pakap-204",5.04625033566022e-15,"Down"
6.84352940615573e-20,-1.46443314367241,0.392,0.843,5.25952608980693e-15,"Prrc2c-202",5.25952608980693e-15,"Down"
7.50563423510479e-20,-1.55005064005344,0.275,0.783,5.76838013504744e-15,"Ubc-203",5.76838013504744e-15,"Down"
7.87684228603459e-20,-2.12138758460797,0.047,0.488,6.05366837050902e-15,"Usp9x-201",6.05366837050902e-15,"Down"
8.29922318420176e-20,-1.66437107147932,0.105,0.587,6.37828498598642e-15,"Ptbp1-216",6.37828498598642e-15,"Down"
8.30018877131809e-20,-2.09412911536657,0.035,0.465,6.37902707830881e-15,"Taok1-202",6.37902707830881e-15,"Down"
1.03449741629113e-19,-1.28595367819083,0.123,0.626,7.95052644316383e-15,"Tnpo1-202",7.95052644316383e-15,"Down"
1.10552791167959e-19,-1.77592262449768,0.094,0.567,8.49642421242233e-15,"Kat6a-202",8.49642421242233e-15,"Down"
1.40726525421334e-19,-2.27869216954011,0.058,0.496,1.08153963847312e-14,"Cemip2-202",1.08153963847312e-14,"Down"
1.58178247332215e-19,-1.89535617675063,0.105,0.583,1.215663102047e-14,"Mef2a-204",1.215663102047e-14,"Down"
1.75169414453675e-19,-1.22584367798936,0.234,0.776,1.34624701784227e-14,"Ankrd11-202",1.34624701784227e-14,"Down"
1.7929057340452e-19,-1.44646379682523,0.117,0.618,1.3779197728431e-14,"Son-204",1.3779197728431e-14,"Down"
1.79693944013828e-19,1.63838741002024,0.819,0.78,1.38101983732387e-14,"Hnrnpab-202",1.38101983732387e-14,"Up"
2.07318416941877e-19,-1.01889625539771,0.14,0.657,1.5933249615651e-14,"Matr3-201",1.5933249615651e-14,"Down"
2.26990938219793e-19,-1.49077576458747,0.386,0.839,1.7445161565944e-14,"Prrc2c-210",1.7445161565944e-14,"Down"
2.27497242248527e-19,-1.84660512146906,0.146,0.63,1.74840730557683e-14,"Eng-202",1.74840730557683e-14,"Down"
2.40256830068758e-19,-1.73463491970197,0.152,0.646,1.84646984181044e-14,"Itga6-202",1.84646984181044e-14,"Down"
2.52900524240731e-19,-1.59803279167706,0.304,0.78,1.94364168899972e-14,"Pakap-206",1.94364168899972e-14,"Down"
2.54117208276402e-19,-1.76456327022306,0.07,0.516,1.95299239248746e-14,"Tcf4-202",1.95299239248746e-14,"Down"
2.63745442768617e-19,3.31295319514456,0.573,0.24,2.02698922585393e-14,"Gna13-202",2.02698922585393e-14,"Up"
2.87408035666837e-19,-2.44887407091373,0.053,0.484,2.20884571731391e-14,"Fkbp1a-205",2.20884571731391e-14,"Down"
3.1542431903285e-19,-1.50877191757037,0.181,0.689,2.42416206149506e-14,"Jup-201",2.42416206149506e-14,"Down"
3.16072434296011e-19,-1.05040696347785,0.099,0.587,2.42914308653857e-14,"Rest-201",2.42914308653857e-14,"Down"
3.48980425261911e-19,-1.64345907458058,0.287,0.756,2.68205416030789e-14,"Pakap-211",2.68205416030789e-14,"Down"
3.68416498889125e-19,-1.71379966476181,0.094,0.559,2.83142816056248e-14,"Kat6a-204",2.83142816056248e-14,"Down"
3.88629129268928e-19,-3.97418271392681,0.018,0.409,2.98677031008342e-14,"Ldb2-205",2.98677031008342e-14,"Down"
4.03891334925077e-19,-1.34179231736893,0.146,0.646,3.10406646543319e-14,"Slc25a4-201",3.10406646543319e-14,"Down"
4.0631436650441e-19,-1.57668306366698,0.287,0.756,3.12268843233299e-14,"Pakap-201",3.12268843233299e-14,"Down"
4.11274793823493e-19,-1.19255199610535,0.228,0.776,3.16081130045107e-14,"Kpnb1-201",3.16081130045107e-14,"Down"
4.1319618283583e-19,-2.20302848776301,0.07,0.516,3.17557794356649e-14,"Tnfaip3-202",3.17557794356649e-14,"Down"
4.30524114097837e-19,-1.15185923204892,0.234,0.772,3.30875002648752e-14,"Ankrd11-203",3.30875002648752e-14,"Down"
4.47243027660923e-19,-1.78079400376894,0.257,0.756,3.43724156478526e-14,"Septin11-201",3.43724156478526e-14,"Down"
4.66560348457858e-19,3.29150115908833,0.509,0.138,3.58570290203802e-14,"Sparc-207",3.58570290203802e-14,"Up"
4.66560348457858e-19,3.29150115908833,0.509,0.138,3.58570290203802e-14,"Sparc-209",3.58570290203802e-14,"Up"
4.83886555172503e-19,-1.56820973601808,0.082,0.547,3.71886173112276e-14,"Prrc2b-202",3.71886173112276e-14,"Down"
4.92510245499879e-19,-2.38226603369788,0.07,0.504,3.78513824076477e-14,"Swap70-201",3.78513824076477e-14,"Down"
5.52331105566226e-19,-1.64688837426304,0.187,0.669,4.24488547871867e-14,"Ccnd1-201",4.24488547871867e-14,"Down"
5.97380403354268e-19,-1.58644236267378,0.351,0.835,4.59110735193889e-14,"Pakap-205",4.59110735193889e-14,"Down"
6.16887574349931e-19,-1.2067507863527,0.123,0.614,4.74102776390896e-14,"Tnpo1-201",4.74102776390896e-14,"Down"
6.25165732603597e-19,-1.28567487570134,0.368,0.839,4.80464872135168e-14,"Pabpc1-201",4.80464872135168e-14,"Down"
6.2862020114537e-19,-1.91189439738787,0.146,0.618,4.83119769388263e-14,"Eng-205",4.83119769388263e-14,"Down"
6.4758465455235e-19,-1.04970763983096,0.175,0.705,4.97694710409663e-14,"Wwtr1-201",4.97694710409663e-14,"Down"
6.63909893532893e-19,-1.81721268657948,0.193,0.685,5.1024130957577e-14,"Timp3-201",5.1024130957577e-14,"Down"
6.87998019323236e-19,-1.34690228708124,0.211,0.709,5.2875399777068e-14,"Csde1-211",5.2875399777068e-14,"Down"
7.38925728412866e-19,-1.387020159906,0.152,0.638,5.67893979314424e-14,"Septin2-201",5.67893979314424e-14,"Down"
8.38357739907971e-19,-2.13468282684476,0.041,0.457,6.44311457428872e-14,"Stag2-203",6.44311457428872e-14,"Down"
8.40735614866137e-19,-1.3705589342592,0.117,0.602,6.46138949449221e-14,"Emcn-202",6.46138949449221e-14,"Down"
8.69156307262657e-19,-2.20785721609904,0.029,0.437,6.67981388383642e-14,"Usp34-208",6.67981388383642e-14,"Down"
8.90238545993247e-19,-2.71240414426906,0.053,0.472,6.8418393213765e-14,"Trio-201",6.8418393213765e-14,"Down"
9.25483580837611e-19,-1.29071899765965,0.187,0.669,7.11271151216938e-14,"Sf3b1-201",7.11271151216938e-14,"Down"
9.68846369334118e-19,-1.74533847050442,0.117,0.579,7.44597188688043e-14,"Huwe1-202",7.44597188688043e-14,"Down"
9.8051536313985e-19,-1.49434777818947,0.041,0.465,7.535652771875e-14,"Piezo1-209",7.535652771875e-14,"Down"
9.81389705503469e-19,1.60879193181244,0.825,0.783,7.54237244267636e-14,"Hnrnpab-203",7.54237244267636e-14,"Up"
1.04111015078034e-18,-1.61365840534565,0.152,0.634,8.00134795280723e-14,"Itga3-203",8.00134795280723e-14,"Down"
1.08988888507475e-18,-1.95038138688679,0.047,0.465,8.37623203735345e-14,"Ipo5-203",8.37623203735345e-14,"Down"
1.10435815605359e-18,-2.63903186129012,0.023,0.421,8.48743417253428e-14,"Usp34-205",8.48743417253428e-14,"Down"
1.13238549208654e-18,-1.90310878780513,0.105,0.571,8.70283546088186e-14,"Nedd9-201",8.70283546088186e-14,"Down"
1.33352382476648e-18,-1.35936327159138,0.175,0.673,1.02486640028603e-13,"Itga6-201",1.02486640028603e-13,"Down"
1.40490040695317e-18,-1.7829960534112,0.058,0.492,1.07972215875979e-13,"Ripor1-201",1.07972215875979e-13,"Down"
1.41911361269846e-18,-2.95517064730797,0.018,0.406,1.09064557590327e-13,"Eif3e-204",1.09064557590327e-13,"Down"
1.53522558568303e-18,-1.00003073930139,0.591,0.949,1.17988227162083e-13,"Ubb-201",1.17988227162083e-13,"Down"
1.64276042962483e-18,-2.58355167171218,0.099,0.551,1.26252710058387e-13,"Dst-201",1.26252710058387e-13,"Down"
1.68402838327848e-18,-1.7777436887271,0.099,0.551,1.29424317368484e-13,"Map1b-201",1.29424317368484e-13,"Down"
1.74729872419169e-18,-1.49660597458161,0.111,0.591,1.34286896149028e-13,"Atp7a-201",1.34286896149028e-13,"Down"
1.88262557439316e-18,-2.18448206524313,0.058,0.476,1.44687305894412e-13,"Polr2m-202",1.44687305894412e-13,"Down"
1.92725649493076e-18,-2.49274783127477,0.035,0.445,1.48117370661408e-13,"Spata13-206",1.48117370661408e-13,"Down"
1.93028116649542e-18,-2.29101873836123,0.058,0.48,1.48349828769839e-13,"Nrip1-202",1.48349828769839e-13,"Down"
1.93980915740285e-18,-1.23706777005754,0.088,0.543,1.49082092983039e-13,"Hip1-201",1.49082092983039e-13,"Down"
2.04357719987109e-18,-1.59898202679587,0.105,0.575,1.57057082118893e-13,"Ipo9-208",1.57057082118893e-13,"Down"
2.26078553478412e-18,-1.66016980769991,0.187,0.681,1.73750411490299e-13,"Adamts9-201",1.73750411490299e-13,"Down"
2.32893917421498e-18,-1.50669186129701,0.035,0.445,1.78988291295118e-13,"Piezo1-201",1.78988291295118e-13,"Down"
2.5011060951841e-18,-1.59074274187469,0.082,0.528,1.92220007839279e-13,"Ktn1-210",1.92220007839279e-13,"Down"
2.5911077654353e-18,-2.64274907814794,0.029,0.425,1.99136996204765e-13,"Pxdn-208",1.99136996204765e-13,"Down"
2.81201038135e-18,-2.38537019918404,0.088,0.524,2.16114245848273e-13,"Stab2-201",2.16114245848273e-13,"Down"
2.82647638602831e-18,-1.71975119489234,0.129,0.583,2.1722601617182e-13,"Brd4-201",2.1722601617182e-13,"Down"
2.90764635938537e-18,-2.18660303760203,0.088,0.524,2.23464253304203e-13,"Crebbp-205",2.23464253304203e-13,"Down"
3.08405462488528e-18,-1.94387548036332,0.099,0.555,2.37021934140933e-13,"Gimap6-201",2.37021934140933e-13,"Down"
3.27618597404192e-18,-1.9708074072963,0.053,0.469,2.51787996849018e-13,"Nckap1-201",2.51787996849018e-13,"Down"
3.48525184736651e-18,-1.29785691281581,0.24,0.736,2.67855545477506e-13,"Ywhaq-201",2.67855545477506e-13,"Down"
3.50065181125514e-18,-1.71051541572245,0.146,0.618,2.69039094302202e-13,"Ss18-201",2.69039094302202e-13,"Down"
3.90844716542319e-18,-2.64144847526401,0.035,0.433,3.00379798451434e-13,"Ndel1-202",3.00379798451434e-13,"Down"
3.98409823591534e-18,-1.69340886356135,0.07,0.512,3.06193885823038e-13,"Rai14-201",3.06193885823038e-13,"Down"
3.99697224720798e-18,-1.10971153152063,0.117,0.602,3.07183305086922e-13,"Ski-202",3.07183305086922e-13,"Down"
3.99697224720798e-18,-1.10971153152063,0.117,0.602,3.07183305086922e-13,"Ski-201",3.07183305086922e-13,"Down"
4.06428586443634e-18,-1.29038830179923,0.135,0.626,3.1235662582539e-13,"Ipo9-201",3.1235662582539e-13,"Down"
4.47454094747909e-18,-3.33666324583682,0.029,0.413,3.43886369977558e-13,"Glo1-201",3.43886369977558e-13,"Down"
4.75304653371705e-18,-1.08523508680315,0.094,0.547,3.6529063830229e-13,"Tek-203",3.6529063830229e-13,"Down"
4.81550214464161e-18,-1.81432283155124,0.14,0.61,3.70090601824286e-13,"Garre1-202",3.70090601824286e-13,"Down"
4.83892125675587e-18,-1.40696683711675,0.094,0.555,3.71890454266715e-13,"Uggt1-209",3.71890454266715e-13,"Down"
4.87025439970334e-18,-1.30751059836198,0.164,0.646,3.742985316348e-13,"Ep400-201",3.742985316348e-13,"Down"
5.1715280770066e-18,-1.08195350724731,0.111,0.591,3.97452618830265e-13,"Ski-203",3.97452618830265e-13,"Down"
5.4067352785764e-18,-2.02032853971693,0.064,0.488,4.15529233099711e-13,"Mapk6-202",4.15529233099711e-13,"Down"
5.47756803467207e-18,-2.071908672442,0.041,0.441,4.20973013736687e-13,"Dock9-202",4.20973013736687e-13,"Down"
6.04538951612643e-18,-1.56990344753212,0.064,0.5,4.6461236587238e-13,"Mia3-202",4.6461236587238e-13,"Down"
6.1133309501063e-18,-1.04605494184339,0.158,0.673,4.6983393683947e-13,"Stip1-201",4.6983393683947e-13,"Down"
7.10585941749403e-18,-2.51398345145238,0.023,0.406,5.46113719672086e-13,"Abcg2-201",5.46113719672086e-13,"Down"
7.10585941749403e-18,-2.51288961498345,0.023,0.406,5.46113719672086e-13,"Celf1-207",5.46113719672086e-13,"Down"
7.29622903882927e-18,-1.53369524508469,0.064,0.492,5.60744386550184e-13,"Arhgap18-201",5.60744386550184e-13,"Down"
7.51823967600645e-18,-1.86618106355006,0.094,0.528,5.778067920598e-13,"Sacs-203",5.778067920598e-13,"Down"
8.05780156842502e-18,-1.14416560940802,0.129,0.602,6.19274281739737e-13,"Adam10-201",6.19274281739737e-13,"Down"
8.07542532420718e-18,-1.46982163260122,0.082,0.52,6.20628737866619e-13,"Ktn1-201",6.20628737866619e-13,"Down"
8.93535987578082e-18,-3.00874823594721,0.018,0.39,6.86718147893259e-13,"Celf1-208",6.86718147893259e-13,"Down"
8.99506374205307e-18,-1.49428934134751,0.263,0.76,6.91306628831747e-13,"Npm1-201",6.91306628831747e-13,"Down"
9.54204430993252e-18,-1.44680450675193,0.111,0.579,7.33344273395554e-13,"Rock2-201",7.33344273395554e-13,"Down"
9.71866967052378e-18,-1.38054464802127,0.099,0.571,7.46918638858434e-13,"Cpd-201",7.46918638858434e-13,"Down"
9.76487595247993e-18,-2.40245006131147,0.094,0.531,7.50469776451892e-13,"Dst-211",7.50469776451892e-13,"Down"
9.89664643536956e-18,-1.26811744524514,0.064,0.492,7.60596865143893e-13,"Rest-202",7.60596865143893e-13,"Down"
1.02810849255884e-17,-1.4571369854323,0.058,0.48,7.90142500871172e-13,"Cops2-203",7.90142500871172e-13,"Down"
1.060945066433e-17,-1.71889178495398,0.082,0.52,8.15378721356419e-13,"Notch1-201",8.15378721356419e-13,"Down"
1.18214684351351e-17,-1.85749869301674,0.058,0.469,9.0852713511387e-13,"Zbed6-201",9.0852713511387e-13,"Down"
1.18875120831576e-17,-1.63045920953633,0.205,0.654,9.13602853638996e-13,"Epb41l2-202",9.13602853638996e-13,"Down"
1.18875185361162e-17,-2.23419737355584,0.041,0.445,9.13603349574673e-13,"Spata13-201",9.13603349574673e-13,"Down"
1.39682052432898e-17,-1.41797958465774,0.123,0.587,1.07351244576779e-12,"Pcdh1-201",1.07351244576779e-12,"Down"
1.50295175076626e-17,-2.34928119937515,0.029,0.413,1.1550785385339e-12,"Celf1-203",1.1550785385339e-12,"Down"
1.59831217253293e-17,-1.76604041932481,0.111,0.567,1.22836683707846e-12,"Prrc2a-206",1.22836683707846e-12,"Down"
1.62468118813433e-17,-1.20309612217412,0.053,0.469,1.24863248032876e-12,"Cd38-201",1.24863248032876e-12,"Down"
1.63125723271947e-17,-2.43236268051509,0.023,0.398,1.25368643363422e-12,"Pigt-201",1.25368643363422e-12,"Down"
1.64984427485567e-17,-1.83685647601595,0.088,0.524,1.26797131899758e-12,"Nup98-204",1.26797131899758e-12,"Down"
1.65274949984779e-17,-2.0064339866383,0.058,0.465,1.27020410061302e-12,"Zeb1-201",1.27020410061302e-12,"Down"
1.67025130969875e-17,-1.67985824399379,0.135,0.606,1.28365494155588e-12,"Rab7-203",1.28365494155588e-12,"Down"
1.67094108709027e-17,-1.65340518592507,0.088,0.528,1.28418506307235e-12,"Arhgef12-201",1.28418506307235e-12,"Down"
1.67659018491484e-17,-2.06824671909122,0.053,0.461,1.28852662071445e-12,"Ubr5-201",1.28852662071445e-12,"Down"
1.82137391872656e-17,-1.53186840878387,0.392,0.823,1.39979871149811e-12,"Gnas-208",1.39979871149811e-12,"Down"
1.84422271646243e-17,-1.02532341942901,0.094,0.543,1.41735892651003e-12,"Hivep2-204",1.41735892651003e-12,"Down"
1.86949185892727e-17,-1.00646736921032,0.175,0.685,1.43677927325996e-12,"Map4-205",1.43677927325996e-12,"Down"
1.93623811830964e-17,-2.59097045516359,0.035,0.421,1.48807644344569e-12,"Stag2-202",1.48807644344569e-12,"Down"
1.9430141426054e-17,-1.44028692588835,0.164,0.65,1.49328408915795e-12,"Maged1-201",1.49328408915795e-12,"Down"
1.95358838448486e-17,-2.88013504436713,0.035,0.421,1.50141081701199e-12,"Zfp703-202",1.50141081701199e-12,"Down"
1.9740165090054e-17,-2.00558884823797,0.135,0.583,1.51711064783101e-12,"Nav1-208",1.51711064783101e-12,"Down"
2.02542304657311e-17,-1.18386743222692,0.14,0.614,1.5566186282133e-12,"Smarce1-201",1.5566186282133e-12,"Down"
2.05690598491324e-17,-3.80841236697063,0.012,0.37,1.58081452564522e-12,"Sema6d-202",1.58081452564522e-12,"Down"
2.15207640808123e-17,-1.11747552240615,0.175,0.657,1.65395680266675e-12,"Itga3-201",1.65395680266675e-12,"Down"
2.38820801393114e-17,-1.21281218818326,0.251,0.78,1.83543338702664e-12,"Mmrn2-201",1.83543338702664e-12,"Down"
2.40140957182013e-17,-1.92061499852806,0.058,0.469,1.84557931232664e-12,"Plekho2-204",1.84557931232664e-12,"Down"
2.40140957182013e-17,-1.92061499852806,0.058,0.469,1.84557931232664e-12,"Plekho2-202",1.84557931232664e-12,"Down"
2.50227967705693e-17,-1.3694418258169,0.082,0.516,1.92310202300533e-12,"Ipo7-201",1.92310202300533e-12,"Down"
2.55005619842372e-17,-1.58906990809668,0.111,0.555,1.95982019073656e-12,"Atrx-202",1.95982019073656e-12,"Down"
2.60585959254676e-17,-2.91425796197618,0.018,0.382,2.00270733125589e-12,"Celf1-214",2.00270733125589e-12,"Down"
2.76157947628886e-17,-1.879842576197,0.053,0.457,2.12238429070704e-12,"Plcg1-203",2.12238429070704e-12,"Down"
2.8160565989762e-17,-1.22222526023826,0.058,0.476,2.16425213857717e-12,"Nipbl-201",2.16425213857717e-12,"Down"
3.06638856892212e-17,-1.41762737565834,0.135,0.598,2.3566422707594e-12,"Arhgef7-203",2.3566422707594e-12,"Down"
3.25951144885566e-17,-2.53118908685559,0.047,0.441,2.50506492890353e-12,"Wwtr1-202",2.50506492890353e-12,"Down"
3.28847763068435e-17,-1.24930937402699,0.129,0.587,2.52732659828615e-12,"Rbbp6-201",2.52732659828615e-12,"Down"
3.3339235284834e-17,-1.29596570412013,0.117,0.567,2.56225358858063e-12,"Atf4-201",2.56225358858063e-12,"Down"
3.49821409651055e-17,-1.50328460955976,0.058,0.465,2.68851746173222e-12,"Ktn1-226",2.68851746173222e-12,"Down"
3.53015672463426e-17,-1.27670500839608,0.129,0.606,2.71306664915041e-12,"Bzw1-201",2.71306664915041e-12,"Down"
3.78546504256792e-17,-2.20908210725615,0.029,0.406,2.90928130381515e-12,"Srp72-201",2.90928130381515e-12,"Down"
4.0430349054873e-17,-1.93367885564451,0.064,0.476,3.10723404626321e-12,"Luzp1-207",3.10723404626321e-12,"Down"
4.15268194665183e-17,-1.17235564811334,0.111,0.571,3.1915021832798e-12,"Parva-201",3.1915021832798e-12,"Down"
4.29652390534518e-17,-1.17172961308473,0.082,0.52,3.30205048221398e-12,"Rai14-202",3.30205048221398e-12,"Down"
4.31023141825822e-17,-1.44305725109092,0.298,0.752,3.31258525418818e-12,"Sptan1-202",3.31258525418818e-12,"Down"
4.34777035857059e-17,-2.0581066394354,0.053,0.453,3.34143543137584e-12,"Lamp2-202",3.34143543137584e-12,"Down"
4.90067598459907e-17,-1.18796903372118,0.064,0.476,3.76636552120377e-12,"Efnb2-201",3.76636552120377e-12,"Down"
4.91804376240455e-17,-1.74562088264457,0.058,0.461,3.77971335315839e-12,"Ktn1-225",3.77971335315839e-12,"Down"
5.31391141340227e-17,-1.65409398319522,0.041,0.425,4.08395347765618e-12,"Dock9-208",4.08395347765618e-12,"Down"
5.48195658052336e-17,-1.57487485273079,0.193,0.65,4.21310291039542e-12,"Csde1-201",4.21310291039542e-12,"Down"
5.56135583685862e-17,-1.80415784669127,0.07,0.48,4.27412441485932e-12,"Rtn4-205",4.27412441485932e-12,"Down"
5.58877857521935e-17,-3.86772426087689,0.012,0.362,4.29519988619908e-12,"Sema6d-206",4.29519988619908e-12,"Down"
5.64877356543269e-17,-3.77359991840792,0.018,0.374,4.34130843597764e-12,"ENSMUST00000249932.1",4.34130843597764e-12,"Down"
5.82369152982207e-17,-1.54081789084557,0.058,0.461,4.47573988832945e-12,"Ktn1-224",4.47573988832945e-12,"Down"
5.9228349246998e-17,-1.503375441147,0.058,0.461,4.55193555302878e-12,"Ktn1-221",4.55193555302878e-12,"Down"
6.09741951684833e-17,-1.03025677511837,0.398,0.878,4.68611079547861e-12,"Actn4-201",4.68611079547861e-12,"Down"
6.10362275699833e-17,-2.45188966894719,0.035,0.413,4.69087823366349e-12,"Ogdh-201",4.69087823366349e-12,"Down"
6.17215061536786e-17,-1.52903885002105,0.064,0.472,4.74354463393482e-12,"Shank3-203",4.74354463393482e-12,"Down"
6.49410531084412e-17,-1.05993823823435,0.187,0.673,4.99097969559614e-12,"Cdc42-202",4.99097969559614e-12,"Down"
6.78835583048661e-17,-2.28837003517644,0.029,0.402,5.21712298996218e-12,"Taok1-201",5.21712298996218e-12,"Down"
6.86931400525442e-17,-1.32065537299916,0.135,0.598,5.27934258559823e-12,"Rab7-204",5.27934258559823e-12,"Down"
7.15112215974252e-17,-1.16852346652746,0.123,0.567,5.49592342464852e-12,"Ablim1-207",5.49592342464852e-12,"Down"
7.26166164199205e-17,-1.51313426255886,0.088,0.516,5.58087743833657e-12,"Klf3-201",5.58087743833657e-12,"Down"
7.67105558635498e-17,-1.36646909695639,0.316,0.772,5.89551306033725e-12,"Sptan1-201",5.89551306033725e-12,"Down"
8.38102432252179e-17,-1.33975472799302,0.152,0.606,6.44115243283089e-12,"Calcrl-201",6.44115243283089e-12,"Down"
8.4277459096989e-17,-1.67246546892032,0.047,0.437,6.47705984143999e-12,"Stag2-201",6.47705984143999e-12,"Down"
8.74156598463349e-17,-1.01085391156434,0.146,0.634,6.71824312183022e-12,"Brd2-201",6.71824312183022e-12,"Down"
9.00408725089896e-17,-1.6511460712255,0.222,0.72,6.92000121580589e-12,"Selenop-203",6.92000121580589e-12,"Down"
9.17375261099744e-17,-1.58561863639743,0.058,0.461,7.05039583165597e-12,"Ndel1-203",7.05039583165597e-12,"Down"
9.44892954088148e-17,-1.06529042056812,0.24,0.74,7.26188030934906e-12,"Ctnna1-201",7.26188030934906e-12,"Down"
1.02607171443765e-16,-1.02980810640384,0.673,0.945,7.88577155413915e-12,"Ybx1-201",7.88577155413915e-12,"Down"
1.03578138069945e-16,-1.04712393249526,0.123,0.579,7.96039422322754e-12,"Phactr2-203",7.96039422322754e-12,"Down"
1.15465292477512e-16,-1.08408154603099,0.246,0.74,8.87396958806667e-12,"Ewsr1-203",8.87396958806667e-12,"Down"
1.1631028743902e-16,-1.37471688733178,0.058,0.457,8.93891083083842e-12,"Ktn1-217",8.93891083083842e-12,"Down"
1.16423437900012e-16,-1.9879470615761,0.064,0.461,8.94760689636751e-12,"Wasf2-202",8.94760689636751e-12,"Down"
1.18494620213659e-16,-1.09460763956774,0.164,0.638,9.10678554190057e-12,"Cct8-201",9.10678554190057e-12,"Down"
1.2112614393467e-16,-1.18792849486016,0.216,0.709,9.30902866595512e-12,"Ankrd11-201",9.30902866595512e-12,"Down"
1.23510435700965e-16,-1.80733062067828,0.047,0.433,9.49227102536198e-12,"Dpysl3-204",9.49227102536198e-12,"Down"
1.23566362299985e-16,-1.46924087259464,0.082,0.508,9.49656920820305e-12,"Ptms-201",9.49656920820305e-12,"Down"
1.2564423285455e-16,-1.31991181637258,0.339,0.803,9.65626187180355e-12,"Nedd4-201",9.65626187180355e-12,"Down"
1.29355182058422e-16,-1.20278650312803,0.129,0.591,9.94146316191799e-12,"Ipo9-206",9.94146316191799e-12,"Down"
1.34383980858389e-16,-1.56975931395482,0.035,0.409,1.03279464648907e-11,"Glg1-204",1.03279464648907e-11,"Down"
1.35541461184097e-16,-1.43656732729339,0.07,0.484,1.04169034578426e-11,"Cpsf6-201",1.04169034578426e-11,"Down"
1.36207816445632e-16,-1.14259157191636,0.158,0.638,1.04681155251126e-11,"Atxn2l-206",1.04681155251126e-11,"Down"
1.44950650792601e-16,-1.33383831245723,0.117,0.567,1.11400373160146e-11,"Bclaf1-201",1.11400373160146e-11,"Down"
1.48965557709007e-16,-1.89868955854819,0.053,0.445,1.1448598972168e-11,"Ubr5-204",1.1448598972168e-11,"Down"
1.50423240603404e-16,-1.99011964731261,0.14,0.575,1.1560627733334e-11,"Gvin2-202",1.1560627733334e-11,"Down"
1.51655760303903e-16,-1.29733619212257,0.181,0.673,1.16553518023962e-11,"Sf1-208",1.16553518023962e-11,"Down"
1.58940417577717e-16,-1.62677677504184,0.07,0.472,1.22152068525179e-11,"Mprip-201",1.22152068525179e-11,"Down"
1.61928757197939e-16,-1.57174982920444,0.146,0.587,1.24448727056904e-11,"Sf3b2-201",1.24448727056904e-11,"Down"
1.64893818675241e-16,-1.37930356062155,0.088,0.512,1.2672749540467e-11,"Gja1-206",1.2672749540467e-11,"Down"
1.66591219850896e-16,-1.89392170855326,0.047,0.433,1.28032016104208e-11,"Mbnl2-201",1.28032016104208e-11,"Down"
1.68672742653602e-16,-1.18134122973715,0.111,0.559,1.29631749638999e-11,"Brd2-207",1.29631749638999e-11,"Down"
2.09865692776891e-16,-2.13346949089387,0.041,0.417,1.61290179526752e-11,"Aco2-201",1.61290179526752e-11,"Down"
2.13446463496035e-16,-1.73097375191256,0.064,0.461,1.64042145055243e-11,"Ktn1-209",1.64042145055243e-11,"Down"
2.21070989409615e-16,-3.23122404538823,0.018,0.366,1.69901898200865e-11,"Sema6d-203",1.69901898200865e-11,"Down"
2.33285341764696e-16,-2.07356412986567,0.105,0.512,1.79289116559839e-11,"Ctnnd1-203",1.79289116559839e-11,"Down"
2.43554949551537e-16,-1.96228159242023,0.053,0.433,1.87181720928338e-11,"Api5-201",1.87181720928338e-11,"Down"
2.47182911886048e-16,-1.61026683717115,0.041,0.413,1.89969955100903e-11,"Dock9-212",1.89969955100903e-11,"Down"
2.55379153907636e-16,-1.04354641765664,0.357,0.854,1.96269094944175e-11,"Ddb1-201",1.96269094944175e-11,"Down"
2.55966653952283e-16,-1.67365272290363,0.064,0.461,1.96720612228488e-11,"Ktn1-214",1.96720612228488e-11,"Down"
2.58278245890184e-16,-2.44873497807479,0.018,0.366,1.98497163096442e-11,"Tsc22d2-203",1.98497163096442e-11,"Down"
2.64548865164418e-16,-1.4688594998349,0.064,0.461,2.03316384833462e-11,"Ktn1-202",2.03316384833462e-11,"Down"
2.70223653852132e-16,-1.26546081254617,0.193,0.638,2.07677686931517e-11,"Nfat5-214",2.07677686931517e-11,"Down"
2.72690775730532e-16,-3.66404356388038,0.012,0.35,2.09573768779943e-11,"Sema6d-204",2.09573768779943e-11,"Down"
2.97257123443911e-16,-1.23029614515633,0.129,0.579,2.28453989651583e-11,"Rgl1-201",2.28453989651583e-11,"Down"
2.99926794272971e-16,-1.14295462182825,0.099,0.528,2.30505738470549e-11,"Smarcc2-201",2.30505738470549e-11,"Down"
3.08089293606303e-16,-1.53807232987737,0.058,0.457,2.36778945708188e-11,"Kpna3-201",2.36778945708188e-11,"Down"
3.22377408331629e-16,-1.10583192907241,0.129,0.575,2.4775993339919e-11,"Syne2-210",2.4775993339919e-11,"Down"
3.47708977310869e-16,-2.68845137534138,0.018,0.362,2.67228257422495e-11,"Celf1-205",2.67228257422495e-11,"Down"
3.51636778730981e-16,-1.27853473786571,0.041,0.417,2.70246929925908e-11,"Sumo2-203",2.70246929925908e-11,"Down"
3.5370292548988e-16,-1.13340373554369,0.094,0.512,2.71834846355993e-11,"Tek-201",2.71834846355993e-11,"Down"
3.56823399733923e-16,-1.22055909139216,0.047,0.429,2.74233055631509e-11,"Ergic2-208",2.74233055631509e-11,"Down"
3.75753277233325e-16,-1.3541125943236,0.164,0.61,2.88781423684899e-11,"Trip12-207",2.88781423684899e-11,"Down"
3.8129312280317e-16,-1.7880155993623,0.058,0.449,2.93039016599149e-11,"Luzp1-201",2.93039016599149e-11,"Down"
3.8476549929067e-16,-1.75894521743712,0.047,0.421,2.95707676824851e-11,"Nckap1-202",2.95707676824851e-11,"Down"
3.85388501828803e-16,-2.77568205913652,0.035,0.398,2.96186479195508e-11,"PTPRG-201",2.96186479195508e-11,"Down"
4.13764653916542e-16,-2.76643738577479,0.023,0.374,3.17994687121019e-11,"Capns1-208",3.17994687121019e-11,"Down"
4.20448896886066e-16,-1.86504143514316,0.099,0.508,3.23131795212817e-11,"Pum1-201",3.23131795212817e-11,"Down"
4.41383089601768e-16,-1.3513243147227,0.064,0.465,3.39220559682543e-11,"Arhgap35-201",3.39220559682543e-11,"Down"
4.621835584168e-16,-1.07794417601339,0.07,0.48,3.55206551985647e-11,"Ptk2-201",3.55206551985647e-11,"Down"
4.6529512490104e-16,-2.68498734632236,0.023,0.37,3.57597915291445e-11,"Gtf2i-222",3.57597915291445e-11,"Down"
4.67994198387929e-16,-1.43334562220599,0.064,0.457,3.59672261229059e-11,"Ktn1-223",3.59672261229059e-11,"Down"
4.69065704249042e-16,-1.25934449110145,0.199,0.681,3.60495756343559e-11,"Pdia6-206",3.60495756343559e-11,"Down"
4.79642974111116e-16,-1.40196143677268,0.064,0.457,3.68624811323357e-11,"Ktn1-208",3.68624811323357e-11,"Down"
5.05528477844836e-16,-1.52445193106763,0.228,0.661,3.8851885636287e-11,"Epb41l2-207",3.8851885636287e-11,"Down"
5.06586558796649e-16,-1.44645149032646,0.444,0.839,3.89332033897576e-11,"Plagl1-202",3.89332033897576e-11,"Down"
5.06600239326956e-16,-2.088131855006,0.088,0.484,3.89342547932339e-11,"Pum1-202",3.89342547932339e-11,"Down"
5.21168304872609e-16,-2.52452238067754,0.041,0.406,4.00538689026795e-11,"Ptbp1-202",4.00538689026795e-11,"Down"
5.21452599163309e-16,-3.18156233758316,0.018,0.358,4.0075718056097e-11,"Wac-201",4.0075718056097e-11,"Down"
5.38540602781577e-16,-1.01385743342274,0.251,0.701,4.13889994861753e-11,"Epb41l2-201",4.13889994861753e-11,"Down"
5.4788484906097e-16,-1.02691424606395,0.094,0.52,4.21071421897318e-11,"Copa-206",4.21071421897318e-11,"Down"
5.70221918490992e-16,-1.1673795193478,0.17,0.63,4.38238353237067e-11,"Ifnar1-201",4.38238353237067e-11,"Down"
5.76309575987244e-16,-2.15836956445438,0.029,0.386,4.42916961529237e-11,"Macf1-205",4.42916961529237e-11,"Down"
5.87497236031531e-16,-1.07071027092503,0.269,0.756,4.51515125779673e-11,"Prdx1-204",4.51515125779673e-11,"Down"
5.97278526240634e-16,-1.18706661655994,0.099,0.524,4.59032438556977e-11,"Pcm1-204",4.59032438556977e-11,"Down"
6.06814451742376e-16,-1.34187329117372,0.058,0.445,4.66361178742085e-11,"Tspan18-202",4.66361178742085e-11,"Down"
6.57979319829433e-16,-1.68100858436356,0.041,0.409,5.05683426461712e-11,"Hmgcr-201",5.05683426461712e-11,"Down"
6.76319368036046e-16,-1.22928210501573,0.181,0.61,5.19778487110423e-11,"Nfat5-206",5.19778487110423e-11,"Down"
6.962136865093e-16,-1.51615570824431,0.082,0.488,5.35068066629857e-11,"Ppp1r10-202",5.35068066629857e-11,"Down"
6.962136865093e-16,-1.51615570824431,0.082,0.488,5.35068066629857e-11,"Ppp1r10-201",5.35068066629857e-11,"Down"
7.1370339604341e-16,-1.39585106565973,0.064,0.449,5.48509607995202e-11,"Mef2d-204",5.48509607995202e-11,"Down"
7.59746264584004e-16,-1.23391786866896,0.041,0.413,5.8389539418339e-11,"Bod1l-204",5.8389539418339e-11,"Down"
7.7335021002649e-16,-1.99693417840327,0.105,0.504,5.94350570413759e-11,"Ctnnd1-220",5.94350570413759e-11,"Down"
7.81705585742556e-16,-1.73222506959218,0.035,0.394,6.00772010866584e-11,"Gtf2i-203",6.00772010866584e-11,"Down"
8.13553068951601e-16,-1.32051920279318,0.105,0.52,6.25248075612063e-11,"Raph1-204",6.25248075612063e-11,"Down"
8.69561297313094e-16,-1.9968915458791,0.07,0.461,6.68292639437006e-11,"Klf4-201",6.68292639437006e-11,"Down"
8.96259338335685e-16,-1.09599745805679,0.088,0.512,6.88811151884507e-11,"Arpc3-201",6.88811151884507e-11,"Down"
1.01872403893456e-15,-1.80169673065756,0.058,0.445,7.82930172882766e-11,"Afdn-216",7.82930172882766e-11,"Down"
1.03548218506e-15,-1.73796899280702,0.053,0.429,7.95809478506014e-11,"Eif5-212",7.95809478506014e-11,"Down"
1.04700659996706e-15,-1.19784408204539,0.129,0.563,8.04666452338685e-11,"Ncor1-201",8.04666452338685e-11,"Down"
1.06353522193187e-15,-1.98951651936176,0.058,0.437,8.17369359463521e-11,"Cherp-207",8.17369359463521e-11,"Down"
1.06914452637985e-15,-1.49886114431146,0.041,0.409,8.21680334303968e-11,"Bod1l-201",8.21680334303968e-11,"Down"
1.11932602784811e-15,-1.16488669251483,0.263,0.713,8.60246825442387e-11,"Cct2-201",8.60246825442387e-11,"Down"
1.13695505925917e-15,-2.25560245860575,0.035,0.39,8.7379544124304e-11,"Fxr1-204",8.7379544124304e-11,"Down"
1.13885729330758e-15,-2.71178619439414,0.023,0.366,8.75257384198607e-11,"Capns1-202",8.75257384198607e-11,"Down"
1.17754671318406e-15,-1.1699656621575,0.088,0.5,9.04991750950476e-11,"Rrm1-201",9.04991750950476e-11,"Down"
1.21677292136634e-15,-1.31223688187413,0.105,0.531,9.35138660986883e-11,"Son-201",9.35138660986883e-11,"Down"
1.32844677924237e-15,-1.57397323694015,0.047,0.421,1.02096448771893e-10,"Ptk2-208",1.02096448771893e-10,"Down"
1.37094610203031e-15,-1.34538958976527,0.07,0.457,1.05362691725438e-10,"Ino80d-201",1.05362691725438e-10,"Down"
1.39235313827597e-15,-1.33152115170924,0.064,0.449,1.07007908089062e-10,"Ktn1-203",1.07007908089062e-10,"Down"
1.40771383047037e-15,-1.97407768468549,0.047,0.413,1.0818843872697e-10,"Parva-202",1.0818843872697e-10,"Down"
1.42744656502241e-15,-2.96597437877496,0.012,0.339,1.09704978308232e-10,"Mark3-201",1.09704978308232e-10,"Down"
1.53037244661825e-15,-1.30242225298145,0.135,0.575,1.17615244012399e-10,"Rab7-202",1.17615244012399e-10,"Down"
1.58049999348409e-15,-1.19757456939119,0.041,0.406,1.21467746499226e-10,"Sumo2-205",1.21467746499226e-10,"Down"
1.60412703280457e-15,-1.02078438598601,0.152,0.618,1.23283578979163e-10,"Ppfibp1-202",1.23283578979163e-10,"Down"
1.6081320823937e-15,-2.21443156573845,0.035,0.382,1.23591383060285e-10,"Add3-213",1.23591383060285e-10,"Down"
1.63606350367361e-15,-1.53731596733254,0.07,0.457,1.25738024511332e-10,"Rock1-201",1.25738024511332e-10,"Down"
1.65462131044551e-15,-1.66724141468856,0.07,0.461,1.27164266192979e-10,"Dpp8-208",1.27164266192979e-10,"Down"
1.75224021577453e-15,-1.01679738640382,0.222,0.72,1.34666669543136e-10,"Nedd9-202",1.34666669543136e-10,"Down"
1.91420065762217e-15,-1.90238266912298,0.064,0.445,1.47113977340895e-10,"Dusp5-201",1.47113977340895e-10,"Down"
1.97176876768869e-15,-1.29429270227976,0.117,0.535,1.51538316871947e-10,"Ranbp2-201",1.51538316871947e-10,"Down"
1.99244587362489e-15,-2.46774836902715,0.041,0.394,1.53127435171568e-10,"Cep170-201",1.53127435171568e-10,"Down"
2.01119327231321e-15,-1.26568753312518,0.064,0.437,1.54568247750359e-10,"Serpinb6a-206",1.54568247750359e-10,"Down"
2.01670115028635e-15,3.55458636014771,0.404,0.094,1.54991550204107e-10,"Clic4-202",1.54991550204107e-10,"Up"
2.07894125042447e-15,-1.84760557080169,0.111,0.508,1.59774950860122e-10,"Ctnnd1-219",1.59774950860122e-10,"Down"
2.1804418462901e-15,-1.35591685861215,0.526,0.886,1.67575677654779e-10,"Actg1-204",1.67575677654779e-10,"Down"
2.18459938751466e-15,-1.67613306341915,0.076,0.469,1.67895201328051e-10,"Ptprm-202",1.67895201328051e-10,"Down"
2.23305168367351e-15,-1.93381005811926,0.041,0.398,1.71618954097044e-10,"Mapk1ip1l-201",1.71618954097044e-10,"Down"
2.25363667078775e-15,-1.22581918556247,0.064,0.441,1.73200992696722e-10,"Mef2d-201",1.73200992696722e-10,"Down"
2.26086884872545e-15,1.51495912476902,0.819,0.811,1.73756814499946e-10,"Hnrnpab-201",1.73756814499946e-10,"Up"
2.26812620490531e-15,-1.605797530916,0.053,0.425,1.74314571351792e-10,"Cdr2l-201",1.74314571351792e-10,"Down"
2.34270436390529e-15,-1.30459284418743,0.064,0.445,1.80046201183577e-10,"Ktn1-216",1.80046201183577e-10,"Down"
2.35483947451644e-15,-2.91791408920633,0.012,0.335,1.80978832974486e-10,"Mark3-202",1.80978832974486e-10,"Down"
2.35919930904225e-15,-1.2203819278713,0.117,0.543,1.81313903697133e-10,"Rgl1-203",1.81313903697133e-10,"Down"
2.42109439426758e-15,-1.50333631444728,0.246,0.701,1.8607078857704e-10,"Eif4g1-205",1.8607078857704e-10,"Down"
2.48888127465596e-15,-1.12301449105041,0.246,0.705,1.91280481482409e-10,"Myh10-202",1.91280481482409e-10,"Down"
2.57269991340229e-15,-1.77603214107778,0.146,0.563,1.97722279144619e-10,"Flt1-203",1.97722279144619e-10,"Down"
2.57740062454257e-15,-2.04300307460454,0.047,0.409,1.98083547598594e-10,"Yes1-201",1.98083547598594e-10,"Down"
2.60922470825918e-15,-1.04082910773163,0.222,0.713,2.00529355728551e-10,"Pdia6-201",2.00529355728551e-10,"Down"
2.68633199265194e-15,-1.75578908711634,0.088,0.484,2.06455358963272e-10,"Mideas-201",2.06455358963272e-10,"Down"
2.83163294542276e-15,-2.12920082242433,0.058,0.425,2.17622318387521e-10,"Pcdh1-204",2.17622318387521e-10,"Down"
2.9486938841638e-15,-1.6175414766921,0.088,0.484,2.26618919773524e-10,"Ier3-201",2.26618919773524e-10,"Down"
3.0449146809063e-15,-1.37247166412628,0.105,0.508,2.34013872886373e-10,"Bmp2k-201",2.34013872886373e-10,"Down"
3.19116868716119e-15,-1.7597821201922,0.304,0.724,2.45254078283086e-10,"Mest-202",2.45254078283086e-10,"Down"
3.35004413492985e-15,-1.24536571386538,0.058,0.421,2.57464291945899e-10,"Serpinb6a-203",2.57464291945899e-10,"Down"
3.39907015033877e-15,-1.28140232159146,0.105,0.516,2.61232137334136e-10,"Sgk1-201",2.61232137334136e-10,"Down"
3.42167210405797e-15,-1.0135542273524,0.129,0.563,2.62969187885271e-10,"Prpf40a-201",2.62969187885271e-10,"Down"
3.42240823719595e-15,-1.31980137780427,0.526,0.882,2.63025762661458e-10,"Plec-201",2.63025762661458e-10,"Down"
3.503718891475e-15,-1.29376427868377,0.094,0.496,2.69274811685419e-10,"Smarcc2-203",2.69274811685419e-10,"Down"
3.57357225352789e-15,-1.77389108016968,0.047,0.406,2.74643321972633e-10,"Fxr1-208",2.74643321972633e-10,"Down"
3.75178484991082e-15,-1.79678063838326,0.111,0.504,2.88339672855046e-10,"Ctnnd1-218",2.88339672855046e-10,"Down"
3.75195455342033e-15,-1.16171969791537,0.029,0.374,2.88352715248566e-10,"Fkbp3-203",2.88352715248566e-10,"Down"
4.12203934912947e-15,-1.38576843359364,0.129,0.543,3.16795212137996e-10,"Ubap2l-202",3.16795212137996e-10,"Down"
4.21895594003769e-15,-1.98713320216644,0.035,0.378,3.24243639815656e-10,"Setd5-203",3.24243639815656e-10,"Down"
4.25358285138865e-15,-1.96054095607552,0.018,0.343,3.26904856460623e-10,"Pls3-204",3.26904856460623e-10,"Down"
4.30055619363866e-15,-2.74496313927998,0.023,0.354,3.30514945705905e-10,"Mbnl2-203",3.30514945705905e-10,"Down"
4.47068927813574e-15,-1.17689784716945,0.058,0.433,3.43590353781844e-10,"Ckap5-202",3.43590353781844e-10,"Down"
4.58138739562221e-15,-1.22390793989132,0.31,0.768,3.5209794690315e-10,"Hdlbp-202",3.5209794690315e-10,"Down"
4.71656331198884e-15,-1.3130457457127,0.07,0.457,3.6248675677959e-10,"Slc43a3-201",3.6248675677959e-10,"Down"
4.87056613778997e-15,-2.13763644685577,0.088,0.461,3.7432248995371e-10,"Itga1-201",3.7432248995371e-10,"Down"
5.49297437831324e-15,-1.2736678160952,0.129,0.543,4.22157052870886e-10,"Ubap2l-208",4.22157052870886e-10,"Down"
5.54190566904883e-15,-3.02729363877783,0.023,0.35,4.25917618289079e-10,"Ilk-201",4.25917618289079e-10,"Down"
5.58112164401996e-15,-1.140545555922,0.146,0.583,4.2893152282951e-10,"Setd2-201",4.2893152282951e-10,"Down"
5.62827045841521e-15,-1.33522864855051,0.07,0.449,4.32555097811043e-10,"Ktn1-215",4.32555097811043e-10,"Down"
5.74341278615871e-15,-1.51599600049734,0.181,0.598,4.41404246267441e-10,"Ahnak-202",4.41404246267441e-10,"Down"
5.9324202608461e-15,-1.46235410160776,0.111,0.5,4.55930226727066e-10,"Ctnnd1-222",4.55930226727066e-10,"Down"
5.95554007242302e-15,-1.8431921054988,0.129,0.531,4.57707076725999e-10,"Gvin1-202",4.57707076725999e-10,"Down"
5.97341046992725e-15,-1.78035051517674,0.099,0.488,4.59080488255789e-10,"Pum1-203",4.59080488255789e-10,"Down"
6.41353066341293e-15,-2.58374437259011,0.035,0.374,4.92905485605937e-10,"Cherp-201",4.92905485605937e-10,"Down"
6.49655379230695e-15,-1.1804000012532,0.041,0.394,4.99286145153958e-10,"Irf2-201",4.99286145153958e-10,"Down"
6.5112695069028e-15,-1.19791146762476,0.053,0.421,5.00417106683507e-10,"Mcam-201",5.00417106683507e-10,"Down"
6.57013734209934e-15,-1.31789295887922,0.094,0.492,5.04941335289703e-10,"Mprip-204",5.04941335289703e-10,"Down"
6.7429805542852e-15,-1.7704549351946,0.111,0.5,5.18225027519035e-10,"Ctnnd1-221",5.18225027519035e-10,"Down"
7.03282550140698e-15,-1.92012994866457,0.018,0.339,5.40500771085132e-10,"Pls3-202",5.40500771085132e-10,"Down"
7.0569537545417e-15,-1.78573038899619,0.053,0.417,5.42355123851547e-10,"Shroom2-202",5.42355123851547e-10,"Down"
7.17190783111673e-15,-1.63368511548068,0.041,0.39,5.51189804452645e-10,"Ckap5-203",5.51189804452645e-10,"Down"
7.17190783111673e-15,-1.82920140933743,0.041,0.39,5.51189804452645e-10,"Ogdh-204",5.51189804452645e-10,"Down"
7.47299978657834e-15,-1.99231786082308,0.035,0.378,5.74329925597692e-10,"Cnot2-212",5.74329925597692e-10,"Down"
7.47896353431127e-15,-2.92777835307763,0.023,0.35,5.74788263465958e-10,"Ccnk-202",5.74788263465958e-10,"Down"
7.51131749820051e-15,-1.12952779557767,0.123,0.543,5.77274795006702e-10,"Afap1l1-202",5.77274795006702e-10,"Down"
7.72497606578229e-15,-1.63402361626406,0.064,0.433,5.93695310559632e-10,"Kansl1-204",5.93695310559632e-10,"Down"
8.57770586162119e-15,-1.51797411373516,0.433,0.807,6.59231006289035e-10,"App-206",6.59231006289035e-10,"Down"
8.6687632786248e-15,-1.75976567630732,0.058,0.421,6.66229133015431e-10,"Dennd5b-201",6.66229133015431e-10,"Down"
9.05358926829209e-15,-1.60275180561092,0.047,0.402,6.9580454962532e-10,"Sik3-204",6.9580454962532e-10,"Down"
9.09706489516383e-15,-1.22072486788741,0.111,0.516,6.99145825452921e-10,"Ncor1-204",6.99145825452921e-10,"Down"
9.43961901835221e-15,-1.30949614177672,0.07,0.445,7.25472480036441e-10,"Ktn1-213",7.25472480036441e-10,"Down"
9.51422867361824e-15,-1.30062345774571,0.07,0.445,7.31206530482256e-10,"Ktn1-205",7.31206530482256e-10,"Down"
9.51934796220422e-15,-1.06173181562436,0.076,0.465,7.31599968287243e-10,"Apbb2-204",7.31599968287243e-10,"Down"
9.70709670864799e-15,-1.23847946585179,0.058,0.425,7.46029210446432e-10,"Mapk1ip1l-202",7.46029210446432e-10,"Down"
9.85044041743419e-15,-1.62430797126297,0.152,0.571,7.57045747841487e-10,"Gvin2-201",7.57045747841487e-10,"Down"
9.88870367158222e-15,-1.23470021185442,0.123,0.539,7.5998643197578e-10,"Sumo1-201",7.5998643197578e-10,"Down"
9.91000351117427e-15,-1.39072051193459,0.053,0.413,7.61623409847788e-10,"Ckap5-201",7.61623409847788e-10,"Down"
1.00563253968507e-14,-2.23598904281577,0.023,0.346,7.72868832049567e-10,"Gtf2i-219",7.72868832049567e-10,"Down"
1.03545687802313e-14,-1.1107132604235,0.193,0.622,7.957900290359e-10,"Ppp1ca-204",7.957900290359e-10,"Down"
1.04568732965453e-14,-1.88088105326031,0.053,0.409,8.0365254033269e-10,"Bcl6b-201",8.0365254033269e-10,"Down"
1.04751732245204e-14,-1.56080177057335,0.24,0.701,8.05058962997293e-10,"Lmna-201",8.05058962997293e-10,"Down"
1.05518024001254e-14,-3.33655839058493,0.023,0.343,8.10948221659239e-10,"Bltp1-201",8.10948221659239e-10,"Down"
1.08245125049723e-14,-2.58751524602065,0.053,0.394,8.31907084057141e-10,"Tpm3-204",8.31907084057141e-10,"Down"
1.0980126331641e-14,-1.73236827441696,0.053,0.409,8.4386662909194e-10,"Baz2b-202",8.4386662909194e-10,"Down"
1.19322927718911e-14,-1.44809650529624,0.035,0.374,9.17044428690918e-10,"Mga-204",9.17044428690918e-10,"Down"
1.23644141493671e-14,-1.26323866202253,0.129,0.555,9.50254685035461e-10,"Mcl1-201",9.50254685035461e-10,"Down"
1.24531876813973e-14,-2.08796081981125,0.035,0.37,9.57077286066104e-10,"Pja2-202",9.57077286066104e-10,"Down"
1.2491167919215e-14,-1.23238722159373,0.076,0.461,9.5999621926335e-10,"Slc9a3r2-203",9.5999621926335e-10,"Down"
1.2863668647937e-14,-1.30025797212076,0.181,0.622,9.88624390268549e-10,"Ppp1r18-205",9.88624390268549e-10,"Down"
1.2863668647937e-14,-1.30025797243595,0.181,0.622,9.88624390268549e-10,"Ppp1r18-201",9.88624390268549e-10,"Down"
1.28685323145469e-14,-1.01800725362617,0.111,0.524,9.88998182502185e-10,"Rbms1-201",9.88998182502185e-10,"Down"
1.33715864757692e-14,-1.10176613828761,0.058,0.425,1.02765990700877e-09,"Edn1-201",1.02765990700877e-09,"Down"
1.3549868455168e-14,-2.33897023871617,0.023,0.346,1.04136159025348e-09,"Fxr1-202",1.04136159025348e-09,"Down"
1.36148056950691e-14,-1.1250385536603,0.146,0.583,1.04635227688884e-09,"Sf1-202",1.04635227688884e-09,"Down"
1.36501238886762e-14,-1.36470181231941,0.047,0.402,1.04906662134032e-09,"Mcam-202",1.04906662134032e-09,"Down"
1.37627093280892e-14,-1.46786041661827,0.105,0.496,1.05771926270096e-09,"Eif4g3-205",1.05771926270096e-09,"Down"
1.40595842814928e-14,-1.65326379128525,0.14,0.559,1.08053529036984e-09,"Heg1-205",1.08053529036984e-09,"Down"
1.40659827441094e-14,-1.79862934308479,0.053,0.406,1.08102703781579e-09,"Sh3bp4-201",1.08102703781579e-09,"Down"
1.43033760828921e-14,-1.30160854389504,0.216,0.65,1.09927166547459e-09,"Myo10-202",1.09927166547459e-09,"Down"
1.51532665357657e-14,-1.36812722883506,0.076,0.457,1.16458914633974e-09,"Cmtm3-201",1.16458914633974e-09,"Down"
1.54224075278132e-14,-1.15780514089839,0.123,0.531,1.18527370814256e-09,"ENSMUST00000249998.1",1.18527370814256e-09,"Down"
1.55073169901935e-14,-2.58199998383988,0.035,0.366,1.19179933996433e-09,"Csnk1d-202",1.19179933996433e-09,"Down"
1.56617107264782e-14,-1.65809787879983,0.07,0.441,1.20366511617275e-09,"Sox4-201",1.20366511617275e-09,"Down"
1.63301678993927e-14,-2.39935072208679,0.035,0.37,1.25503872373992e-09,"Rc3h2-201",1.25503872373992e-09,"Down"
1.67494147623023e-14,-1.30812237838003,0.035,0.37,1.28725952214198e-09,"Gtf2i-201",1.28725952214198e-09,"Down"
1.75260764577948e-14,-1.59373301450581,0.111,0.508,1.34694908008736e-09,"Spry4-201",1.34694908008736e-09,"Down"
1.77523460245594e-14,-1.13093987775525,0.123,0.528,1.36433880137149e-09,"Eif4g3-203",1.36433880137149e-09,"Down"
1.82922691092356e-14,-1.52215609174029,0.053,0.409,1.40583405012119e-09,"Cnot2-203",1.40583405012119e-09,"Down"
1.96131175093632e-14,-1.02394831587732,0.041,0.386,1.5073465330646e-09,"Ptk2-211",1.5073465330646e-09,"Down"
1.97979750048686e-14,-1.49793099164923,0.123,0.528,1.52155357102417e-09,"Tnip1-202",1.52155357102417e-09,"Down"
1.99312574608538e-14,-1.49771580941059,0.053,0.406,1.53179686089646e-09,"Pja2-201",1.53179686089646e-09,"Down"
1.99914812392499e-14,-1.00465548752244,0.129,0.551,1.53642529916131e-09,"Tcf3-209",1.53642529916131e-09,"Down"
2.0208386011339e-14,-1.24676567028981,0.117,0.524,1.55309529851545e-09,"Rasgrp3-202",1.55309529851545e-09,"Down"
2.09431347929925e-14,-1.05354633755981,0.047,0.398,1.60956368138064e-09,"Stam2-201",1.60956368138064e-09,"Down"
2.17207841067709e-14,-1.17306657108462,0.076,0.449,1.66932914174177e-09,"Ktn1-219",1.66932914174177e-09,"Down"
2.20051373375229e-14,-2.41621316791016,0.018,0.331,1.69118282493799e-09,"Ripk1-203",1.69118282493799e-09,"Down"
2.34692144067636e-14,-1.71953065523824,0.135,0.535,1.80370300401741e-09,"Gvin1-201",1.80370300401741e-09,"Down"
2.36988020773761e-14,-1.64403944733538,0.099,0.476,1.82134773485466e-09,"Tnrc6a-201",1.82134773485466e-09,"Down"
2.40765281909728e-14,-2.10670548522328,0.035,0.366,1.85037749758902e-09,"Med13-201",1.85037749758902e-09,"Down"
2.41677866619053e-14,-1.5723439443079,0.023,0.339,1.85739107611407e-09,"Arhgef2-202",1.85739107611407e-09,"Down"
2.45006663537031e-14,-1.06688033067881,0.146,0.575,1.8829742119475e-09,"Picalm-205",1.8829742119475e-09,"Down"
2.45346708694041e-14,-1.49518549907387,0.07,0.437,1.88558759499718e-09,"Ppp1r12a-201",1.88558759499718e-09,"Down"
2.45346708694041e-14,-1.36622670412224,0.07,0.437,1.88558759499718e-09,"Pxn-203",1.88558759499718e-09,"Down"
2.52382391373179e-14,-1.37353949770903,0.053,0.409,1.93965963065943e-09,"Eif5a-209",1.93965963065943e-09,"Down"
2.54677645006558e-14,-1.83957257314802,0.076,0.445,1.9572995729334e-09,"Srrm1-201",1.9572995729334e-09,"Down"
2.55534181196997e-14,-1.54538573486459,0.146,0.551,1.9638823961714e-09,"Dbn1-202",1.9638823961714e-09,"Down"
2.58531711131923e-14,-1.38411886441409,0.053,0.409,1.98691961273328e-09,"Eif5a-201",1.98691961273328e-09,"Down"
2.6482834198747e-14,-1.2821996787004,0.053,0.409,2.0353117395105e-09,"Eif5a-213",2.0353117395105e-09,"Down"
2.72739955972236e-14,-1.33229586842522,0.199,0.63,2.09611565762902e-09,"Wnk1-202",2.09611565762902e-09,"Down"
2.84913846863103e-14,-1.73492549201431,0.035,0.366,2.18967687868169e-09,"Zfp423-202",2.18967687868169e-09,"Down"
2.9226931144812e-14,-1.17406020952468,0.058,0.417,2.24620656620338e-09,"Sipa1-211",2.24620656620338e-09,"Down"
2.93810090444041e-14,-1.27820716605355,0.129,0.528,2.25804806909863e-09,"Arap3-201",2.25804806909863e-09,"Down"
3.02709502577832e-14,-1.06396245310853,0.099,0.492,2.32644361111167e-09,"Pcm1-201",2.32644361111167e-09,"Down"
3.04036015066787e-14,-1.67804780623026,0.023,0.343,2.33663839019429e-09,"Tsc22d2-201",2.33663839019429e-09,"Down"
3.19991898340473e-14,-2.66469661253796,0.041,0.37,2.45926573550587e-09,"Zfp407-202",2.45926573550587e-09,"Down"
3.20462404001857e-14,-1.38553469367555,0.035,0.366,2.46288175971588e-09,"Mga-201",2.46288175971588e-09,"Down"
3.22431737921262e-14,-1.66994411057566,0.064,0.421,2.47801687862006e-09,"Triobp-203",2.47801687862006e-09,"Down"
3.22431737921262e-14,-1.66994411057566,0.064,0.421,2.47801687862006e-09,"Triobp-204",2.47801687862006e-09,"Down"
3.25065548048853e-14,-1.82101265130699,0.094,0.461,2.49825876297466e-09,"Gdi2-201",2.49825876297466e-09,"Down"
3.40556499245488e-14,-1.71888200949562,0.117,0.496,2.61731291930128e-09,"Acin1-218",2.61731291930128e-09,"Down"
3.55750113613266e-14,-2.3520019828406,0.041,0.374,2.73408192316339e-09,"Hmgb3-203",2.73408192316339e-09,"Down"
3.61701421294915e-14,-1.10820326727802,0.17,0.598,2.77982010321994e-09,"Nes-203",2.77982010321994e-09,"Down"
3.68625118838687e-14,-1.57480123021362,0.111,0.504,2.83303148832284e-09,"Rbbp6-202",2.83303148832284e-09,"Down"
3.7146685300493e-14,-1.11989253507213,0.076,0.445,2.85487135208409e-09,"Ktn1-207",2.85487135208409e-09,"Down"
3.74650690498901e-14,-1.13643162346827,0.094,0.476,2.87934041676026e-09,"Ppp1r13b-201",2.87934041676026e-09,"Down"
3.74773661565929e-14,-2.38176777590219,0.041,0.37,2.88028549859879e-09,"Cep170-212",2.88028549859879e-09,"Down"
3.81340172179981e-14,-1.55981769182672,0.07,0.429,2.93075175927202e-09,"Phldb1-210",2.93075175927202e-09,"Down"
4.08253707142981e-14,-1.41274082164129,0.129,0.531,3.13759304087667e-09,"Tnip1-203",3.13759304087667e-09,"Down"
4.08253707142981e-14,-1.41274082164129,0.129,0.531,3.13759304087667e-09,"Tnip1-206",3.13759304087667e-09,"Down"
4.09353999960986e-14,-1.68034348260088,0.058,0.406,3.14604923130016e-09,"Akap9-201",3.14604923130016e-09,"Down"
4.19016635418249e-14,-1.09107156065207,0.129,0.535,3.22031044984341e-09,"Arid5b-204",3.22031044984341e-09,"Down"
4.21280617397449e-14,-2.15221360587156,0.029,0.35,3.23771005694636e-09,"Cnot2-213",3.23771005694636e-09,"Down"
4.23132291246225e-14,-1.18046967111675,0.053,0.402,3.25194091114374e-09,"Ptbp3-212",3.25194091114374e-09,"Down"
4.23858934139102e-14,-1.35369438069698,0.076,0.449,3.25752545243265e-09,"Hgs-201",3.25752545243265e-09,"Down"
4.29847226092175e-14,-1.12637718140859,0.135,0.551,3.3035478714088e-09,"Ncor2-206",3.3035478714088e-09,"Down"
4.30908104219e-14,-1.26151700656062,0.053,0.406,3.3117011441647e-09,"Eif5a-202",3.3117011441647e-09,"Down"
4.30908104219e-14,-1.26151700647738,0.053,0.406,3.3117011441647e-09,"Eif5a-203",3.3117011441647e-09,"Down"
4.31416863654351e-14,-1.42888237712358,0.152,0.551,3.31561116392915e-09,"Naca-202",3.31561116392915e-09,"Down"
4.32359040138204e-14,-1.36749907954181,0.199,0.63,3.32285216707816e-09,"Wnk1-203",3.32285216707816e-09,"Down"
4.41346997458907e-14,-1.230221667919,0.053,0.406,3.39192821427068e-09,"Eif5a-208",3.39192821427068e-09,"Down"
4.46851608801376e-14,-1.22753686341123,0.263,0.701,3.43423335428209e-09,"Cgnl1-201",3.43423335428209e-09,"Down"
4.69570191888734e-14,-1.15247775714619,0.099,0.488,3.60883475274168e-09,"Gab1-201",3.60883475274168e-09,"Down"
4.78764133778924e-14,-1.31984924426394,0.076,0.437,3.67949387374454e-09,"ENSMUST00000381763.1",3.67949387374454e-09,"Down"
4.80746290501941e-14,-1.23334653387303,0.076,0.441,3.69472754102362e-09,"Nrip1-201",3.69472754102362e-09,"Down"
4.88538613305677e-14,-1.95830013525745,0.099,0.465,3.75461465869945e-09,"Mtss1-201",3.75461465869945e-09,"Down"
4.89042790152834e-14,-1.49371217618185,0.146,0.547,3.75848945944059e-09,"Dbn1-203",3.75848945944059e-09,"Down"
4.92186553549982e-14,-2.53982110510118,0.029,0.346,3.78265053865303e-09,"Ilk-212",3.78265053865303e-09,"Down"
4.98011093582521e-14,-1.39863916717008,0.269,0.673,3.82741445861911e-09,"Pakap-213",3.82741445861911e-09,"Down"
5.00495853146648e-14,-1.43961895191322,0.041,0.378,3.84651082977325e-09,"Zc3h14-204",3.84651082977325e-09,"Down"
5.05384758440817e-14,-1.32484383417435,0.117,0.52,3.88408402252105e-09,"Nrp2-204",3.88408402252105e-09,"Down"
5.05384758440817e-14,-1.3153156543313,0.117,0.52,3.88408402252105e-09,"Nrp2-203",3.88408402252105e-09,"Down"
5.13476232647646e-14,-1.30955112648465,0.058,0.402,3.94627023839022e-09,"St3gal1-203",3.94627023839022e-09,"Down"
5.14996971106954e-14,-1.8306960099106,0.053,0.398,3.95795772174538e-09,"Abl2-202",3.95795772174538e-09,"Down"
5.24061714291457e-14,-1.56931339428469,0.123,0.492,4.02762389901557e-09,"Tuba1a-201",4.02762389901557e-09,"Down"
5.57905389551719e-14,-1.52918711165824,0.053,0.398,4.28772608086078e-09,"Eif5-213",4.28772608086078e-09,"Down"
5.57999099408203e-14,-1.56968082256015,0.216,0.642,4.28844627859181e-09,"Cald1-204",4.28844627859181e-09,"Down"
5.91111386476505e-14,-1.69880307593086,0.047,0.386,4.54292744962653e-09,"Mbnl2-202",4.54292744962653e-09,"Down"
5.94714286782001e-14,-1.38508587357005,0.281,0.661,4.57061717963439e-09,"Hnrnpk-202",4.57061717963439e-09,"Down"
6.09898260632501e-14,-1.10801711709394,0.135,0.547,4.68731209226503e-09,"Ncor2-202",4.68731209226503e-09,"Down"
6.16935092493681e-14,-1.86278685699755,0.105,0.476,4.74139295985094e-09,"Qrich1-201",4.74139295985094e-09,"Down"
6.18426014101672e-14,-1.93074494744351,0.058,0.406,4.75285128877699e-09,"Itsn2-211",4.75285128877699e-09,"Down"
6.24018627451197e-14,-1.42980653240749,0.123,0.524,4.79583275941343e-09,"Rab7-201",4.79583275941343e-09,"Down"
6.31239414881162e-14,-1.16354252197831,0.035,0.362,4.85132739912768e-09,"Trp53-203",4.85132739912768e-09,"Down"
6.31239414881162e-14,-1.20909962456549,0.035,0.362,4.85132739912768e-09,"Trp53-206",4.85132739912768e-09,"Down"
6.31239414881162e-14,-1.16354252197831,0.035,0.362,4.85132739912768e-09,"Trp53-201",4.85132739912768e-09,"Down"
6.31279779734521e-14,-1.12959078672636,0.088,0.469,4.85163761917169e-09,"Nrbp1-201",4.85163761917169e-09,"Down"
6.43684321228724e-14,-1.1999315404262,0.292,0.709,4.94697148237124e-09,"Sptan1-204",4.94697148237124e-09,"Down"
6.536708162837e-14,-2.22494136332689,0.023,0.335,5.02372169146675e-09,"Klf7-202",5.02372169146675e-09,"Down"
6.57774487303876e-14,-1.09161933628059,0.076,0.441,5.05526004472521e-09,"Sgk1-203",5.05526004472521e-09,"Down"
6.58953320074221e-14,-1.36580594235661,0.076,0.445,5.06431984609841e-09,"Hgs-202",5.06431984609841e-09,"Down"
6.61998670298646e-14,-1.85136560667922,0.047,0.386,5.08772458071321e-09,"Rapgef5-201",5.08772458071321e-09,"Down"
6.82529647269262e-14,-1.07523458034205,0.135,0.547,5.24551335112318e-09,"Ncor2-205",5.24551335112318e-09,"Down"
6.8737504088334e-14,-1.02714717616783,0.246,0.701,5.28275213920482e-09,"Csnk1a1-204",5.28275213920482e-09,"Down"
6.95096838869888e-14,-1.03866406562028,0.187,0.63,5.34209724545063e-09,"Smarca4-201",5.34209724545063e-09,"Down"
7.0312152966736e-14,-1.02989694061028,0.135,0.535,5.40377020410553e-09,"Bptf-203",5.40377020410553e-09,"Down"
7.12719072654032e-14,-1.50419209214466,0.099,0.476,5.47753116097529e-09,"Ep300-201",5.47753116097529e-09,"Down"
7.19156645631198e-14,-1.28366300755391,0.064,0.425,5.52700648433401e-09,"Afdn-212",5.52700648433401e-09,"Down"
7.33426189423635e-14,-1.18325801797563,0.053,0.402,5.6366736361964e-09,"Eif5a-207",5.6366736361964e-09,"Down"
7.40958771736333e-14,-2.89517943917195,0.029,0.339,5.69456454430242e-09,"Ncoa2-202",5.69456454430242e-09,"Down"
7.5214013209822e-14,-2.07377290221528,0.035,0.358,5.78049777122766e-09,"Ei24-210",5.78049777122766e-09,"Down"
7.76188269089983e-14,-1.10834989865069,0.099,0.484,5.96531732326415e-09,"Cttn-202",5.96531732326415e-09,"Down"
7.84206621165004e-14,-1.26790708100182,0.058,0.409,6.02694156630152e-09,"Eif2s1-201",6.02694156630152e-09,"Down"
8.14724759707401e-14,-1.26492860128006,0.076,0.433,6.26148566825526e-09,"Aldoa-203",6.26148566825526e-09,"Down"
8.17468704747388e-14,-1.36011563010672,0.035,0.358,6.28257398346557e-09,"Mga-202",6.28257398346557e-09,"Down"
8.27753766983932e-14,-1.47159796062781,0.088,0.461,6.36161880077831e-09,"Hivep1-201",6.36161880077831e-09,"Down"
8.29736986212927e-14,-1.93391652357179,0.047,0.378,6.37686063384083e-09,"Mdm2-202",6.37686063384083e-09,"Down"
8.33066380854368e-14,-1.21818486587658,0.146,0.547,6.40244836341816e-09,"Jup-202",6.40244836341816e-09,"Down"
8.42718820612063e-14,-1.83340536542786,0.07,0.421,6.47663122393195e-09,"Smg1-201",6.47663122393195e-09,"Down"
8.86251114470155e-14,-1.93263099774594,0.029,0.343,6.81119431514893e-09,"Eif4a2-203",6.81119431514893e-09,"Down"
8.88800651842941e-14,-1.50983662141303,0.082,0.445,6.83078852967374e-09,"Smtn-210",6.83078852967374e-09,"Down"
8.95341404451677e-14,3.98631930217196,0.48,0.205,6.88105682977292e-09,"Fam220a-207",6.88105682977292e-09,"Up"
9.18507379399274e-14,-1.01146520335473,0.175,0.606,7.05909661363518e-09,"Smarca4-204",7.05909661363518e-09,"Down"
9.24851406583708e-14,-2.81970755826934,0.029,0.339,7.10785300015843e-09,"Dysf-213",7.10785300015843e-09,"Down"
9.37253536659179e-14,-1.1237268163314,0.07,0.425,7.20316833064045e-09,"Sgk1-202",7.20316833064045e-09,"Down"
9.43734977454704e-14,-2.00655583763522,0.023,0.331,7.25298079573038e-09,"Lrrc8a-202",7.25298079573038e-09,"Down"
9.4610295728162e-14,-1.11252855590595,0.082,0.453,7.27117966789216e-09,"Sipa1-204",7.27117966789216e-09,"Down"
9.47141763159974e-14,-1.09738527841321,0.193,0.622,7.27916330658967e-09,"Septin9-202",7.27916330658967e-09,"Down"
9.64709433722493e-14,-2.62472417165364,0.035,0.354,7.41417788193085e-09,"Helz2-202",7.41417788193085e-09,"Down"
9.89631121238428e-14,-1.25001470619501,0.082,0.453,7.60571101916581e-09,"Sipa1-203",7.60571101916581e-09,"Down"
1.01456369105915e-13,-1.1884168963166,0.035,0.358,7.79732779126598e-09,"Trp53-202",7.79732779126598e-09,"Down"
1.01581841560321e-13,-1.91254209932191,0.047,0.378,7.8069708512769e-09,"Uggt1-210",7.8069708512769e-09,"Down"
1.02772884946889e-13,-1.37105558822801,0.076,0.437,7.89850729970819e-09,"Atf4-203",7.89850729970819e-09,"Down"
1.02775451391181e-13,-1.8203317075367,0.07,0.425,7.89870454121782e-09,"Ppdpf-205",7.89870454121782e-09,"Down"
1.05196824843944e-13,-2.34846622722583,0.076,0.425,8.0847967765565e-09,"Itgav-201",8.0847967765565e-09,"Down"
1.05782154554149e-13,-2.07840644008039,0.117,0.484,8.12978170610457e-09,"Ctnnd1-202",8.12978170610457e-09,"Down"
1.07359420124814e-13,-1.29659812104018,0.099,0.48,8.25100087427248e-09,"Itsn2-201",8.25100087427248e-09,"Down"
1.07951911248811e-13,-1.01803596002703,0.053,0.398,8.29653618711613e-09,"Rc3h1-204",8.29653618711613e-09,"Down"
1.08360755672604e-13,-1.77766508097853,0.047,0.378,8.32795751646233e-09,"Hmgb3-202",8.32795751646233e-09,"Down"
1.08873450249073e-13,-1.33313441405595,0.135,0.52,8.36736014544224e-09,"Acin1-201",8.36736014544224e-09,"Down"
1.09513906942729e-13,-2.40256983436889,0.029,0.343,8.41658180417646e-09,"Parp14-201",8.41658180417646e-09,"Down"
1.1054309091111e-13,-1.09408578465309,0.053,0.398,8.49567870888243e-09,"Agps-201",8.49567870888243e-09,"Down"
1.11331593289516e-13,-1.12287410821249,0.129,0.528,8.55627827067245e-09,"Tnip1-201",8.55627827067245e-09,"Down"
1.11608785979723e-13,-1.52102342706585,0.099,0.472,8.57758163768565e-09,"Tnip1-204",8.57758163768565e-09,"Down"
1.18399996190599e-13,-1.32541729826624,0.053,0.394,9.09951330723228e-09,"Lrrc8a-201",9.09951330723228e-09,"Down"
1.21309541610152e-13,-2.19412225365557,0.047,0.378,9.32312351090661e-09,"Mast4-207",9.32312351090661e-09,"Down"
1.25871462979251e-13,-1.86959023135444,0.035,0.354,9.67372541580739e-09,"Plcg1-208",9.67372541580739e-09,"Down"
1.31569119903596e-13,-1.19391646996027,0.164,0.594,1.0111613141071e-08,"Golgb1-203",1.0111613141071e-08,"Down"
1.35489791308613e-13,-1.98545719045652,0.158,0.539,1.04129324212322e-08,"Tardbp-202",1.04129324212322e-08,"Down"
1.36742834141302e-13,-1.35881075611105,0.064,0.409,1.05092337750956e-08,"Cep170-215",1.05092337750956e-08,"Down"
1.39282016781442e-13,-1.80941568329099,0.053,0.39,1.07043801177209e-08,"Zdbf2-202",1.07043801177209e-08,"Down"
1.4188590091752e-13,-1.66055642599381,0.099,0.465,1.09044990291151e-08,"Top2a-201",1.09044990291151e-08,"Down"
1.47256093185953e-13,-1.14777169306809,0.07,0.425,1.13172197857133e-08,"2610005L07Rik-201",1.13172197857133e-08,"Down"
1.48663285532925e-13,-1.65031686942927,0.029,0.339,1.14253681463474e-08,"Gsk3b-201",1.14253681463474e-08,"Down"
1.53796992804438e-13,-1.24492264922397,0.082,0.445,1.18199140849923e-08,"Triobp-201",1.18199140849923e-08,"Down"
1.54565903453807e-13,-1.0583446597292,0.24,0.673,1.18790079440389e-08,"Eif4g1-202",1.18790079440389e-08,"Down"
1.55042271015164e-13,-1.05470228499836,0.111,0.504,1.19156186965994e-08,"Plac1-202",1.19156186965994e-08,"Down"
1.56845939280666e-13,-1.2282382758142,0.053,0.39,1.20542378174763e-08,"Nufip2-201",1.20542378174763e-08,"Down"
1.61354077388652e-13,-1.73526364377273,0.058,0.394,1.24007062636275e-08,"Zyx-207",1.24007062636275e-08,"Down"
1.62175029568463e-13,-1.01462167047461,0.175,0.587,1.24637997224547e-08,"Srsf1-205",1.24637997224547e-08,"Down"
1.62361846674105e-13,-2.10362602570402,0.053,0.386,1.24781573642916e-08,"Sgk1-204",1.24781573642916e-08,"Down"
1.62361846674105e-13,-2.10362602560376,0.053,0.386,1.24781573642916e-08,"Sgk1-213",1.24781573642916e-08,"Down"
1.62433159693477e-13,-1.05949919018225,0.199,0.642,1.24836380550825e-08,"Smarca4-202",1.24836380550825e-08,"Down"
1.65887754170906e-13,-1.62039415259369,0.029,0.339,1.27491374590508e-08,"Pde2a-204",1.27491374590508e-08,"Down"
1.70394970759637e-13,-1.61450495196173,0.053,0.378,1.30955350827611e-08,"Serpinb6a-214",1.30955350827611e-08,"Down"
1.71772778752951e-13,-1.18283527793874,0.14,0.535,1.32014251382793e-08,"Dnaja1-210",1.32014251382793e-08,"Down"
1.83392846985345e-13,-1.9170009691804,0.076,0.425,1.40944738622117e-08,"Pik3c2a-201",1.40944738622117e-08,"Down"
1.87073169782328e-13,-1.10093665682894,0.076,0.429,1.43773213904511e-08,"Tek-202",1.43773213904511e-08,"Down"
1.87130451314598e-13,-1.22994241596019,0.035,0.35,1.43817237053321e-08,"Gtf2i-210",1.43817237053321e-08,"Down"
1.93417794324248e-13,-1.60437569399821,0.076,0.433,1.48649311649957e-08,"Eps15-202",1.48649311649957e-08,"Down"
1.94106998117586e-13,-1.28744248505682,0.094,0.461,1.4917899233329e-08,"Dhx9-201",1.4917899233329e-08,"Down"
1.96335672783664e-13,-1.30384879906407,0.064,0.413,1.50891817961157e-08,"Cops3-201",1.50891817961157e-08,"Down"
2.06217712843157e-13,-2.26422212068647,0.035,0.346,1.5848656102848e-08,"Smc2-202",1.5848656102848e-08,"Down"
2.13570934440962e-13,-1.31570528133432,0.035,0.35,1.64137805955257e-08,"Mga-203",1.64137805955257e-08,"Down"
2.13629209108652e-13,-1.48459977365376,0.064,0.413,1.64182592368364e-08,"Midn-202",1.64182592368364e-08,"Down"
2.13846014170403e-13,-2.67508879997112,0.041,0.354,1.64349215730521e-08,"Dysf-205",1.64349215730521e-08,"Down"
2.15273608090788e-13,-2.52630661357626,0.07,0.409,1.65446378762094e-08,"ENSMUST00000249860.1",1.65446378762094e-08,"Down"
2.20961619417226e-13,-2.62877760210179,0.041,0.354,1.69817842986915e-08,"Dysf-215",1.69817842986915e-08,"Down"
2.22397705576567e-13,-1.16461245467577,0.094,0.469,1.70921532643814e-08,"Prpf4b-208",1.70921532643814e-08,"Down"
2.26646329609703e-13,-1.52251589747901,0.076,0.425,1.74186770158241e-08,"Fndc3c1-201",1.74186770158241e-08,"Down"
2.3264875819414e-13,-1.25783418537088,0.123,0.516,1.78799876622525e-08,"Ncor2-203",1.78799876622525e-08,"Down"
2.34498919664373e-13,-2.3983468943714,0.029,0.335,1.80221799718857e-08,"Trappc9-202",1.80221799718857e-08,"Down"
2.37326617902103e-13,-1.24465677100802,0.058,0.398,1.82394998922482e-08,"Phldb2-202",1.82394998922482e-08,"Down"
2.43123681244836e-13,-1.11701021839743,0.088,0.441,1.86850273983906e-08,"Ubap2l-204",1.86850273983906e-08,"Down"
2.49497247633179e-13,-2.26543535112257,0.041,0.358,1.91748614696003e-08,"Hmgb3-201",1.91748614696003e-08,"Down"
2.51991833961101e-13,-1.19687832822177,0.158,0.555,1.93665804072464e-08,"Actr2-201",1.93665804072464e-08,"Down"
2.53587566094324e-13,-2.04849866389937,0.041,0.358,1.94892188046132e-08,"Prep-201",1.94892188046132e-08,"Down"
2.59966099320641e-13,-1.54710137837462,0.035,0.346,1.99794345971885e-08,"Hmga2-201",1.99794345971885e-08,"Down"
2.60656004303813e-13,-1.60009238002063,0.07,0.413,2.00324565547652e-08,"Mef2a-203",2.00324565547652e-08,"Down"
2.7276774560156e-13,-1.53786359068474,0.029,0.335,2.09632923204623e-08,"Pde2a-212",2.09632923204623e-08,"Down"
2.75459798107325e-13,-1.01595884523952,0.041,0.354,2.11701873237404e-08,"Tcf4-201",2.11701873237404e-08,"Down"
2.77381087201298e-13,-1.61206407140582,0.029,0.335,2.13178460757685e-08,"Apold1-201",2.13178460757685e-08,"Down"
2.80900699698251e-13,-1.0010060863611,0.082,0.445,2.15883423746094e-08,"Sipa1-201",2.15883423746094e-08,"Down"
2.81032760080655e-13,-1.70618885216956,0.058,0.394,2.15984917432387e-08,"Rbmxl1-201",2.15984917432387e-08,"Down"
2.96656428661325e-13,-1.651598463664,0.047,0.366,2.27992331683374e-08,"Eif3l-201",2.27992331683374e-08,"Down"
3.10919471266662e-13,2.23016314655103,0.789,0.827,2.3895405044728e-08,"Prdx2-201",2.3895405044728e-08,"Up"
3.12275767291795e-13,-1.04562670970357,0.135,0.528,2.39996418194436e-08,"Tpm4-203",2.39996418194436e-08,"Down"
3.14430566661677e-13,-1.44038071385151,0.047,0.374,2.41652467702165e-08,"Cpsf6-207",2.41652467702165e-08,"Down"
3.2013335210674e-13,-1.21637331989715,0.135,0.531,2.46035286428114e-08,"Tns1-217",2.46035286428114e-08,"Down"
3.26634602380136e-13,-1.83864003881418,0.035,0.343,2.51031757313229e-08,"Setd5-202",2.51031757313229e-08,"Down"
3.29842173391703e-13,-1.28883968818145,0.058,0.39,2.5349690393846e-08,"Atp2b1-201",2.5349690393846e-08,"Down"
3.32840299915496e-13,-1.63215613472018,0.035,0.346,2.55801084097055e-08,"Mtmr2-208",2.55801084097055e-08,"Down"
3.46559751937318e-13,-1.61698503522604,0.058,0.394,2.66345031753906e-08,"Dpp8-202",2.66345031753906e-08,"Down"
3.47187734924984e-13,-1.54191199577059,0.053,0.382,2.66827661799247e-08,"Baz2b-201",2.66827661799247e-08,"Down"
3.546664495249e-13,-1.4211197676675,0.099,0.469,2.72575353117866e-08,"Rasgrp3-201",2.72575353117866e-08,"Down"
3.58376529452746e-13,-1.95194973019373,0.035,0.346,2.75426697945613e-08,"Cdc27-201",2.75426697945613e-08,"Down"
3.67873183664153e-13,-1.42500269951213,0.076,0.421,2.82725256573248e-08,"Syncrip-208",2.82725256573248e-08,"Down"
3.69270483326107e-13,-1.31781611235906,0.082,0.441,2.83799137255447e-08,"Tubb2a-201",2.83799137255447e-08,"Down"
3.78144667337351e-13,-1.64398244863032,0.07,0.413,2.90619302635447e-08,"Filip1l-203",2.90619302635447e-08,"Down"
3.78343689242957e-13,-1.45314763649333,0.164,0.551,2.90772258930782e-08,"Gpi1-201",2.90772258930782e-08,"Down"
3.83146702999868e-13,-1.48132804448358,0.082,0.441,2.94463567123518e-08,"Atp5pb-203",2.94463567123518e-08,"Down"
3.90625624862139e-13,-1.52596590879753,0.076,0.421,3.00211417731549e-08,"Amotl1-206",3.00211417731549e-08,"Down"
3.92679649480407e-13,-1.8021357132357,0.041,0.358,3.01790017811672e-08,"Cnot2-210",3.01790017811672e-08,"Down"
3.94115900852713e-13,-2.39860614189002,0.041,0.35,3.02893834441344e-08,"Cep170-214",3.02893834441344e-08,"Down"
4.0526342361603e-13,-1.13088365088676,0.14,0.539,3.11461151585864e-08,"Maged1-207",3.11461151585864e-08,"Down"
4.08655610121767e-13,-1.13446273653468,0.111,0.476,3.14068182602983e-08,"Zmiz1-201",3.14068182602983e-08,"Down"
4.21670992064093e-13,-1.02455591426472,0.082,0.441,3.24071024240938e-08,"Sipa1-202",3.24071024240938e-08,"Down"
4.25517689897242e-13,-2.53797101668953,0.029,0.331,3.27027365393626e-08,"Oxa1l-201",3.27027365393626e-08,"Down"
4.34815691822331e-13,-1.77096532975917,0.076,0.417,3.34173251793134e-08,"Ncor1-205",3.34173251793134e-08,"Down"
4.42278997555428e-13,-1.18135232952025,0.047,0.366,3.39909100781249e-08,"Smc2-201",3.39909100781249e-08,"Down"
4.44601374819495e-13,-1.74199514301126,0.041,0.354,3.41693940603775e-08,"Zfp326-205",3.41693940603775e-08,"Down"
4.46015251275279e-13,-1.96870166611399,0.053,0.374,3.42780561215103e-08,"Ythdc1-207",3.42780561215103e-08,"Down"
4.50898922264015e-13,-1.00158100333841,0.14,0.531,3.46533857716786e-08,"Sash1-201",3.46533857716786e-08,"Down"
4.63889284828824e-13,-1.24276946455669,0.053,0.382,3.56517470962345e-08,"Psmc6-201",3.56517470962345e-08,"Down"
4.76121343292287e-13,-1.07459031482705,0.099,0.469,3.65918297173854e-08,"Gab1-202",3.65918297173854e-08,"Down"
4.88928287655275e-13,-1.66597445854606,0.076,0.421,3.75760946194585e-08,"Rbbp6-210",3.75760946194585e-08,"Down"
4.92326543416076e-13,-1.21839055747195,0.175,0.575,3.78372641676991e-08,"Wnk1-223",3.78372641676991e-08,"Down"
4.96846572526566e-13,-1.28227227106339,0.035,0.343,3.81846464849567e-08,"Larp4-202",3.81846464849567e-08,"Down"
5.05289557377715e-13,-1.20701984675661,0.135,0.528,3.88335236427069e-08,"Tns1-201",3.88335236427069e-08,"Down"
5.34841836175637e-13,-1.9099336021784,0.035,0.343,4.11047344774424e-08,"Cnot2-204",4.11047344774424e-08,"Down"
5.35791949565319e-13,-1.54084887780172,0.064,0.394,4.1177754491893e-08,"Morc4-202",4.1177754491893e-08,"Down"
5.38041743637941e-13,-1.34846232590895,0.058,0.394,4.13506601655504e-08,"Prrc2b-201",4.13506601655504e-08,"Down"
5.49158331023483e-13,-2.21717211018511,0.205,0.547,4.22050143724788e-08,"Macf1-212",4.22050143724788e-08,"Down"
5.52630953576398e-13,-1.61718130685986,0.035,0.343,4.24718993061605e-08,"Mtmr2-201",4.24718993061605e-08,"Down"
5.52630953576398e-13,-1.66302411213648,0.035,0.343,4.24718993061605e-08,"Sik3-202",4.24718993061605e-08,"Down"
5.59172923253536e-13,-1.29041969075703,0.076,0.421,4.29746758437272e-08,"Fubp1-205",4.29746758437272e-08,"Down"
5.66245903294178e-13,-1.70773343766075,0.041,0.354,4.35182626517707e-08,"Plcg1-202",4.35182626517707e-08,"Down"
5.7407587037788e-13,-1.32084064740737,0.094,0.449,4.41200269420216e-08,"Aldoa-202",4.41200269420216e-08,"Down"
5.75706861336829e-13,-1.46600385629756,0.053,0.374,4.42453751211807e-08,"Stag1-201",4.42453751211807e-08,"Down"
5.97768131334173e-13,-1.21686381097301,0.047,0.37,4.59408719655565e-08,"Qser1-201",4.59408719655565e-08,"Down"
6.01791237587752e-13,-1.87824909810401,0.047,0.362,4.62500637735691e-08,"Gstp1-208",4.62500637735691e-08,"Down"
6.04137114337854e-13,-1.18422815175832,0.094,0.453,4.64303537853214e-08,"Rrm2-201",4.64303537853214e-08,"Down"
6.15758328182521e-13,-1.56285721326371,0.035,0.335,4.73234905541395e-08,"Ncoa2-203",4.73234905541395e-08,"Down"
6.31781702034476e-13,-1.24287016109637,0.105,0.476,4.85549509281576e-08,"Eef1d-201",4.85549509281576e-08,"Down"
6.32021963375657e-13,-1.49555093184625,0.047,0.366,4.85734159732728e-08,"Foxp1-204",4.85734159732728e-08,"Down"
6.77727253298512e-13,-1.5840983685049,0.035,0.343,5.20860503250038e-08,"Chst15-202",5.20860503250038e-08,"Down"
6.86077455193746e-13,-1.03430553758845,0.275,0.736,5.27277967414602e-08,"Ccn1-201",5.27277967414602e-08,"Down"
6.88481303588414e-13,-1.26428213438507,0.058,0.382,5.2912542105984e-08,"Eif2s3x-201",5.2912542105984e-08,"Down"
6.97284394391542e-13,-1.06877252760514,0.199,0.602,5.35890948465676e-08,"Ewsr1-202",5.35890948465676e-08,"Down"
6.9830647991369e-13,-1.75024029898686,0.064,0.39,5.36676462072867e-08,"Nasp-201",5.36676462072867e-08,"Down"
7.06169290750976e-13,-1.7633094811408,0.058,0.378,5.42719346713755e-08,"Prex1-202",5.42719346713755e-08,"Down"
7.25918161672214e-13,-2.29045356143418,0.047,0.358,5.57897143971563e-08,"Mrtfb-204",5.57897143971563e-08,"Down"
7.40310704457603e-13,-2.11200955986817,0.041,0.35,5.68958388803846e-08,"Sipa1l2-202",5.68958388803846e-08,"Down"
7.68731547189048e-13,-1.17159807257875,0.053,0.374,5.90800943276671e-08,"Cnot3-205",5.90800943276671e-08,"Down"
7.77954667038447e-13,-1.03133309627733,0.111,0.488,5.97889279805728e-08,"Morf4l2-201",5.97889279805728e-08,"Down"
7.77954667038447e-13,-1.03133309627733,0.111,0.488,5.97889279805728e-08,"Morf4l2-212",5.97889279805728e-08,"Down"
7.94160520915818e-13,-1.39740751967396,0.07,0.406,6.10344126744643e-08,"Sh3bgrl-201",6.10344126744643e-08,"Down"
8.06751113491701e-13,3.73486011206984,0.515,0.283,6.20020500762912e-08,"Mkrn1-201",6.20020500762912e-08,"Up"
8.1082383358744e-13,-1.20658857187798,0.269,0.657,6.23150549065291e-08,"Sptan1-203",6.23150549065291e-08,"Down"
8.14623113079757e-13,-1.03496404265304,0.105,0.476,6.26070447326317e-08,"Tcf20-201",6.26070447326317e-08,"Down"
8.14623113079757e-13,-1.03496404265304,0.105,0.476,6.26070447326317e-08,"Tcf20-202",6.26070447326317e-08,"Down"
8.30996440265693e-13,-1.38994079241366,0.053,0.374,6.38654004201795e-08,"Ssh1-204",6.38654004201795e-08,"Down"
8.34445374251935e-13,-1.41956981033895,0.064,0.398,6.41304647927582e-08,"Gatad2a-202",6.41304647927582e-08,"Down"
8.36684119859698e-13,-1.51931677891196,0.035,0.339,6.43025213476972e-08,"Pde2a-209",6.43025213476972e-08,"Down"
8.41217040623272e-13,-1.17293454215977,0.123,0.508,6.4650894440061e-08,"Morf4l2-214",6.4650894440061e-08,"Down"
8.87801476871808e-13,-1.68173960331416,0.099,0.449,6.82310947035059e-08,"ENSMUST00000249658.1",6.82310947035059e-08,"Down"
8.95465838097225e-13,-1.18035172609118,0.07,0.406,6.88201315211241e-08,"Chd7-202",6.88201315211241e-08,"Down"
9.08976742424804e-13,-1.01200245918133,0.135,0.516,6.98584985623159e-08,"Srsf2-201",6.98584985623159e-08,"Down"
9.24609034372619e-13,-1.09774743006237,0.105,0.476,7.10599027276733e-08,"Creb3l2-201",7.10599027276733e-08,"Down"
9.78300486097362e-13,-1.15191918505097,0.053,0.374,7.51863055585267e-08,"Mtch1-201",7.51863055585267e-08,"Down"
1.01309864427523e-12,-1.29271465782999,0.088,0.437,7.78606832071286e-08,"Amotl1-202",7.78606832071286e-08,"Down"
1.01491842516067e-12,-2.54215078821977,0.035,0.335,7.80005406472984e-08,"Helz2-201",7.80005406472984e-08,"Down"
1.03824009724824e-12,-1.378735812269,0.047,0.362,7.97929044339166e-08,"Larp7-201",7.97929044339166e-08,"Down"
1.06019471651085e-12,-1.00439309920526,0.082,0.429,8.14802047427246e-08,"Pde4b-203",8.14802047427246e-08,"Down"
1.11132647187008e-12,-1.88091488923234,0.064,0.39,8.54098846691032e-08,"Camsap2-201",8.54098846691032e-08,"Down"
1.11745723727793e-12,-1.06342947112581,0.07,0.409,8.58810585137581e-08,"Jcad-201",8.58810585137581e-08,"Down"
1.11788106759482e-12,-1.73542348676175,0.053,0.362,8.59136315689324e-08,"Serpinb6a-208",8.59136315689324e-08,"Down"
1.15304970197236e-12,-2.00042654847505,0.041,0.346,8.86164817953839e-08,"Exoc4-201",8.86164817953839e-08,"Down"
1.15315521043788e-12,-1.46058722141268,0.111,0.469,8.86245905429926e-08,"Itga6-209",8.86245905429926e-08,"Down"
1.19333529740212e-12,-1.14679842187721,0.158,0.555,9.17125909465424e-08,"Sh3bp5-201",9.17125909465424e-08,"Down"
1.1979028043688e-12,-1.35591728965092,0.076,0.421,9.20636221269595e-08,"Hdac7-202",9.20636221269595e-08,"Down"
1.20303664853515e-12,-1.060474140839,0.094,0.453,9.24581785865201e-08,"Plac1-203",9.24581785865201e-08,"Down"
1.21397588164691e-12,-1.95113002299765,0.035,0.335,9.32989024080913e-08,"Gtpbp4-204",9.32989024080913e-08,"Down"
1.2496395241961e-12,-1.21440731032645,0.111,0.48,9.60397959925667e-08,"Ncor2-201",9.60397959925667e-08,"Down"
1.26498449990779e-12,-1.30858986770382,0.041,0.35,9.72191187559136e-08,"Asap1-217",9.72191187559136e-08,"Down"
1.30356601045999e-12,-1.66246547910847,0.047,0.362,1.00184262167892e-07,"BC005537-201",1.00184262167892e-07,"Down"
1.36961501443955e-12,-1.15646802466093,0.094,0.441,1.05260392319737e-07,"Tipin-205",1.05260392319737e-07,"Down"
1.37023098489659e-12,-1.27784325038904,0.076,0.413,1.05307732113243e-07,"Hecw2-203",1.05307732113243e-07,"Down"
1.37023098489659e-12,-1.27784325038904,0.076,0.413,1.05307732113243e-07,"Hecw2-201",1.05307732113243e-07,"Down"
1.42154262050213e-12,-1.25609605707141,0.041,0.343,1.09251236556071e-07,"Pnp-201",1.09251236556071e-07,"Down"
1.4271483255839e-12,-1.36497528008855,0.105,0.445,1.09682057414425e-07,"Ctnnd1-201",1.09682057414425e-07,"Down"
1.49495823406487e-12,-2.29820639422162,0.035,0.331,1.14893520120822e-07,"Ilf2-201",1.14893520120822e-07,"Down"
1.50134188217031e-12,-1.60748001709132,0.064,0.386,1.15384129012317e-07,"Morc4-201",1.15384129012317e-07,"Down"
1.51115985464545e-12,-1.52129859131946,0.035,0.335,1.16138679468921e-07,"Hdac7-206",1.16138679468921e-07,"Down"
1.51304101068224e-12,-1.12497430761717,0.058,0.378,1.16283253834973e-07,"Dync1i2-204",1.16283253834973e-07,"Down"
1.524754746934e-12,-1.05501254878044,0.082,0.433,1.17183501320866e-07,"Hnrnpc-211",1.17183501320866e-07,"Down"
1.53145171682646e-12,-1.15852166531293,0.053,0.374,1.17698190244981e-07,"Phrf1-209",1.17698190244981e-07,"Down"
1.53680273176415e-12,-1.40535260944787,0.041,0.346,1.18109437147002e-07,"Sbno1-201",1.18109437147002e-07,"Down"
1.5458846554017e-12,-1.31375923817582,0.076,0.417,1.18807419306243e-07,"Foxf1-201",1.18807419306243e-07,"Down"
1.60836139511311e-12,-2.24907761076203,0.035,0.331,1.23609006660023e-07,"Cflar-205",1.23609006660023e-07,"Down"
1.62480295527847e-12,-1.49895847408627,0.041,0.346,1.24872606324972e-07,"Gtf3c1-201",1.24872606324972e-07,"Down"
1.64562929056753e-12,-1.62283845764282,0.058,0.378,1.26473193497277e-07,"Kansl1-205",1.26473193497277e-07,"Down"
1.68092290819076e-12,-1.37621639644271,0.07,0.398,1.29185649186093e-07,"Dido1-202",1.29185649186093e-07,"Down"
1.74485926922264e-12,-1.3482281959312,0.246,0.638,1.34099414276837e-07,"Mest-210",1.34099414276837e-07,"Down"
1.74506851890358e-12,-1.44613045930424,0.129,0.476,1.34115495951816e-07,"Dlc1-203",1.34115495951816e-07,"Down"
1.7457137787853e-12,-1.06492914474827,0.117,0.492,1.34165086754765e-07,"Polr2a-201",1.34165086754765e-07,"Down"
1.76625077765071e-12,-1.6671566282137,0.047,0.354,1.35743437265568e-07,"Soat1-201",1.35743437265568e-07,"Down"
1.76969693364515e-12,-1.3819496927204,0.099,0.445,1.36008288138364e-07,"Eif4g3-202",1.36008288138364e-07,"Down"
1.79840173998806e-12,-1.11490420401194,0.246,0.646,1.38214367325043e-07,"Serpinh1-205",1.38214367325043e-07,"Down"
1.8177162937885e-12,-1.48228146642385,0.082,0.417,1.39698768042822e-07,"Cct4-204",1.39698768042822e-07,"Down"
1.82015968529848e-12,-1.09164435860345,0.099,0.457,1.3988655245393e-07,"Slu7-201",1.3988655245393e-07,"Down"
1.98358002974063e-12,-2.09867691505909,0.058,0.374,1.52446059605686e-07,"Gimap6-202",1.52446059605686e-07,"Down"
2.02650554921776e-12,-1.31944935370689,0.094,0.437,1.55745057479582e-07,"Mef2a-208",1.55745057479582e-07,"Down"
2.03639743673741e-12,-1.26854369630822,0.082,0.425,1.56505288603017e-07,"Cttn-201",1.56505288603017e-07,"Down"
2.03702671221713e-12,-1.01458746704063,0.035,0.335,1.56553650940735e-07,"Ppp5c-201",1.56553650940735e-07,"Down"
2.04016388588624e-12,-1.05817043398459,0.064,0.398,1.56794755285901e-07,"Afdn-214",1.56794755285901e-07,"Down"
2.05766552354381e-12,-1.01752909166837,0.234,0.65,1.58139826146436e-07,"Sdcbp-201",1.58139826146436e-07,"Down"
2.08367980396755e-12,-1.76099168733221,0.058,0.378,1.60139127654122e-07,"Bcl10-201",1.60139127654122e-07,"Down"
2.08440383712468e-12,-1.4852582213453,0.041,0.343,1.6019477249838e-07,"Srrt-211",1.6019477249838e-07,"Down"
2.19594916296638e-12,-1.98720728115158,0.058,0.37,1.68767476970619e-07,"Ptbp1-205",1.68767476970619e-07,"Down"
2.20535984831444e-12,-1.76317899449653,0.035,0.331,1.69490725782358e-07,"Ei24-211",1.69490725782358e-07,"Down"
2.27518001671323e-12,-1.12602646311264,0.058,0.374,1.74856685004479e-07,"Dync1i2-205",1.74856685004479e-07,"Down"
2.28109515371352e-12,-1.69776267199743,0.07,0.394,1.75311286943499e-07,"Smtn-204",1.75311286943499e-07,"Down"
2.35180850445556e-12,-1.41709209901565,0.07,0.406,1.80745890801428e-07,"F11r-201",1.80745890801428e-07,"Down"
2.35233834420964e-12,-1.22562201437245,0.035,0.331,1.80786611105887e-07,"Vps35-201",1.80786611105887e-07,"Down"
2.38428767610807e-12,-1.44873244637398,0.088,0.433,1.8324204505961e-07,"Klf2-201",1.8324204505961e-07,"Down"
2.39532952044662e-12,-1.09318935150177,0.041,0.346,1.84090654964405e-07,"Zc3h14-203",1.84090654964405e-07,"Down"
2.44557112980868e-12,-1.12085515796815,0.053,0.366,1.87951923610316e-07,"Mtch1-202",1.87951923610316e-07,"Down"
2.47317270528364e-12,-1.66945079704242,0.07,0.398,1.90073215091869e-07,"Senp6-201",1.90073215091869e-07,"Down"
2.48178011177521e-12,-1.30847610904449,0.041,0.343,1.90734728710372e-07,"Dusp3-206",1.90734728710372e-07,"Down"
2.49020265688394e-12,-1.13633992638667,0.129,0.508,1.91382034992158e-07,"Eef1d-204",1.91382034992158e-07,"Down"
2.58590490958939e-12,-1.64340967454226,0.047,0.35,1.98737135921583e-07,"Armcx2-202",1.98737135921583e-07,"Down"
2.6756960245631e-12,-1.33713999504693,0.058,0.378,2.05637942271773e-07,"Lpar6-201",2.05637942271773e-07,"Down"
2.7203098313009e-12,-1.19890141513507,0.064,0.386,2.09066691774799e-07,"Picalm-201",2.09066691774799e-07,"Down"
2.74557054946168e-12,-2.02150579061766,0.608,0.866,2.11008079008328e-07,"Fn1-201",2.11008079008328e-07,"Down"
2.78085167230038e-12,-1.73416165968494,0.099,0.433,2.13719574422974e-07,"Ctnnd1-215",2.13719574422974e-07,"Down"
2.81417414813375e-12,-1.18109619679242,0.111,0.476,2.16280539980671e-07,"Vat1-201",2.16280539980671e-07,"Down"
2.81706299967406e-12,-1.34633454843484,0.123,0.492,2.1650255977695e-07,"Papola-202",2.1650255977695e-07,"Down"
2.82204025257107e-12,-1.23759111650706,0.047,0.354,2.16885081571097e-07,"Ei24-202",2.16885081571097e-07,"Down"
2.88016614077583e-12,-1.57273439485734,0.053,0.358,2.21352288583186e-07,"Gcn1-201",2.21352288583186e-07,"Down"
2.95028456240069e-12,-1.41989099100416,0.064,0.382,2.26741169758743e-07,"Stag1-206",2.26741169758743e-07,"Down"
3.0849860392907e-12,-2.36315923675111,0.047,0.346,2.37093517063648e-07,"Etl4-202",2.37093517063648e-07,"Down"
3.11409319837639e-12,-1.88711073624338,0.07,0.394,2.39330518668019e-07,"Pbrm1-207",2.39330518668019e-07,"Down"
3.18130213271201e-12,-1.38697835770708,0.053,0.362,2.44495794107448e-07,"Dnm2-212",2.44495794107448e-07,"Down"
3.64161858694317e-12,-2.06563110201253,0.041,0.335,2.79872954880931e-07,"Abl1-202",2.79872954880931e-07,"Down"
3.661613687865e-12,-1.25428815326439,0.064,0.39,2.81409658367177e-07,"Ppp1r15b-201",2.81409658367177e-07,"Down"
3.73661198781446e-12,-1.13384719431036,0.07,0.398,2.87173577711492e-07,"Zfp608-201",2.87173577711492e-07,"Down"
3.94170119402497e-12,-1.95970115910986,0.041,0.335,3.02935503565595e-07,"Srgap2-201",3.02935503565595e-07,"Down"
4.20578982899759e-12,-1.09127130251453,0.076,0.409,3.2323177151778e-07,"Lima1-201",3.2323177151778e-07,"Down"
4.50415568770686e-12,-1.9028551757797,0.076,0.394,3.46162381223023e-07,"Dab2-202",3.46162381223023e-07,"Down"
4.55382987420779e-12,-1.49877468658112,0.07,0.398,3.49980041152366e-07,"Midn-201",3.49980041152366e-07,"Down"
4.84639584186713e-12,-1.62334365935901,0.047,0.346,3.72464906030856e-07,"Helz-203",3.72464906030856e-07,"Down"
4.9675727569251e-12,-1.00414117247963,0.064,0.378,3.81777836660722e-07,"Rpa1-203",3.81777836660722e-07,"Down"
4.99409129392758e-12,-1.56432955449301,0.07,0.39,3.8381589230351e-07,"Uhrf1-201",3.8381589230351e-07,"Down"
5.28231307620673e-12,-2.25062582327056,0.041,0.331,4.05966889158792e-07,"Rapgef1-203",4.05966889158792e-07,"Down"
5.28255683340016e-12,-1.39107000426816,0.053,0.354,4.05985622874136e-07,"Abce1-201",4.05985622874136e-07,"Down"
5.36399843856957e-12,-1.67231617677822,0.053,0.354,4.12244735997826e-07,"Gatad2b-205",4.12244735997826e-07,"Down"
5.37610032315978e-12,-1.45473827493321,0.07,0.386,4.13174814236122e-07,"Eea1-201",4.13174814236122e-07,"Down"
5.61439409064179e-12,-1.5583267223417,0.047,0.346,4.31488643442184e-07,"Sipa1l2-204",4.31488643442184e-07,"Down"
5.63984426866344e-12,-1.97077958823897,0.053,0.346,4.3344459142386e-07,"Ccnl1-201",4.3344459142386e-07,"Down"
5.74597589746004e-12,-1.62814064000954,0.053,0.354,4.41601231623394e-07,"Ddx24-202",4.41601231623394e-07,"Down"
5.87203731077495e-12,-1.1095546379142,0.053,0.358,4.51289555482298e-07,"Mtch1-214",4.51289555482298e-07,"Down"
5.89169629825205e-12,-1.57962828626369,0.041,0.335,4.52800427305863e-07,"Mbnl2-204",4.52800427305863e-07,"Down"
6.0035849667836e-12,-1.2546404076861,0.076,0.402,4.61399519037186e-07,"Rtl8a-201",4.61399519037186e-07,"Down"
6.07438589222608e-12,-1.36258112310696,0.105,0.457,4.66840853361143e-07,"Heg1-201",4.66840853361143e-07,"Down"
6.2243069447383e-12,-1.16320956705985,0.041,0.335,4.78362885930918e-07,"Tanc1-203",4.78362885930918e-07,"Down"
6.3295003403728e-12,-2.31652092637848,0.053,0.346,4.86447419159012e-07,"Fgd5-202",4.86447419159012e-07,"Down"
6.37242482429513e-12,-1.14740520826684,0.041,0.335,4.89746337446378e-07,"Phactr4-203",4.89746337446378e-07,"Down"
6.4326910400086e-12,-1.61079660179474,0.053,0.358,4.94378037188821e-07,"Cycs-202",4.94378037188821e-07,"Down"
6.57529979474799e-12,-1.50316224578966,0.041,0.335,5.05338090425562e-07,"Skil-201",5.05338090425562e-07,"Down"
6.67166841879211e-12,-1.07387421801088,0.094,0.437,5.12744404657849e-07,"Itsn2-215",5.12744404657849e-07,"Down"
6.71727355401096e-12,-1.08194886006841,0.088,0.421,5.16249341719959e-07,"Git2-202",5.16249341719959e-07,"Down"
6.75357446552148e-12,-1.26024274478211,0.146,0.516,5.19039211973188e-07,"Tnfaip3-205",5.19039211973188e-07,"Down"
6.9936627703133e-12,-2.22768558725459,0.058,0.358,5.37490958549658e-07,"Ecscr-207",5.37490958549658e-07,"Down"
7.23662034378821e-12,-1.26152978646174,0.099,0.425,5.56163219901499e-07,"Ctnnd1-211",5.56163219901499e-07,"Down"
7.33914786509961e-12,-1.06619814362972,0.07,0.394,5.64042870024366e-07,"Pacsin2-206",5.64042870024366e-07,"Down"
7.93122830920319e-12,-1.69679001889852,0.047,0.343,6.09546620475502e-07,"Eps15-207",6.09546620475502e-07,"Down"
8.0362548639981e-12,-1.61432981001465,0.099,0.425,6.1761833131771e-07,"Ctnnd1-210",6.1761833131771e-07,"Down"
8.09306143432714e-12,-1.25642511665288,0.222,0.591,6.21984143473778e-07,"Nid2-201",6.21984143473778e-07,"Down"
8.34517732135349e-12,-1.49929989209309,0.058,0.37,6.41360257855301e-07,"Ghitm-201",6.41360257855301e-07,"Down"
8.4172766321963e-12,-1.60493987407882,0.088,0.409,6.46901378290815e-07,"Fhl1-205",6.46901378290815e-07,"Down"
8.4172766321963e-12,-1.60493987407882,0.088,0.409,6.46901378290815e-07,"Fhl1-204",6.46901378290815e-07,"Down"
8.59939286386031e-12,-1.3358330702899,0.053,0.354,6.6089773915912e-07,"Myef2-206",6.6089773915912e-07,"Down"
8.69909325769202e-12,-1.17323497161684,0.047,0.343,6.68560113226663e-07,"Fxr1-206",6.68560113226663e-07,"Down"
8.93416607879346e-12,-1.15596192293196,0.392,0.776,6.86626399819592e-07,"Aplp2-201",6.86626399819592e-07,"Down"
9.10980214808225e-12,-1.53912331430337,0.058,0.366,7.00124734288713e-07,"Yap1-201",7.00124734288713e-07,"Down"
9.19801376243709e-12,-1.38035748092923,0.041,0.335,7.0690414969834e-07,"Zc3h14-202",7.0690414969834e-07,"Down"
9.50017152152255e-12,-1.51592247354866,0.053,0.35,7.30126182115094e-07,"Ddx24-201",7.30126182115094e-07,"Down"
9.92879344124801e-12,-1.5245031295789,0.053,0.354,7.63067491133675e-07,"Zdbf2-201",7.63067491133675e-07,"Down"
1.01713508496931e-11,-1.32322616609712,0.053,0.35,7.81708998202317e-07,"U2af2-209",7.81708998202317e-07,"Down"
1.03056441837287e-11,-1.59697807271068,0.082,0.402,7.92029978096288e-07,"Cct8-209",7.92029978096288e-07,"Down"
1.05357113187528e-11,-1.37016352593576,0.041,0.331,8.09711557691431e-07,"Gpatch8-201",8.09711557691431e-07,"Down"
1.0682341154223e-11,-1.54773436306777,0.047,0.339,8.20980647066655e-07,"Armcx2-201",8.20980647066655e-07,"Down"
1.07199620453839e-11,-1.29452223416404,0.129,0.461,8.23871963035937e-07,"Sf3b1-203",8.23871963035937e-07,"Down"
1.09446283006415e-11,-1.90645919227031,0.058,0.362,8.41138463417505e-07,"Atp2a2-202",8.41138463417505e-07,"Down"
1.11389510853634e-11,-1.68234718225698,0.053,0.35,8.56072946714519e-07,"Aff1-201",8.56072946714519e-07,"Down"
1.12522222782956e-11,-1.06934488260806,0.064,0.382,8.64778290976127e-07,"Afdn-210",8.64778290976127e-07,"Down"
1.17706426959194e-11,-1.31722337422047,0.082,0.409,9.0462097375219e-07,"Ganab-202",9.0462097375219e-07,"Down"
1.18225791089289e-11,-1.3935069917299,0.047,0.343,9.08612494837622e-07,"Ipo11-201",9.08612494837622e-07,"Down"
1.19864180315654e-11,-1.08447597959422,0.164,0.551,9.21204171397927e-07,"Robo4-205",9.21204171397927e-07,"Down"
1.23147263409113e-11,-1.54322625657513,0.064,0.374,9.46435978204395e-07,"Yap1-202",9.46435978204395e-07,"Down"
1.24722119994594e-11,-1.2712882876048,0.047,0.343,9.58539381006457e-07,"Cpsf6-206",9.58539381006457e-07,"Down"
1.24851913293804e-11,-1.62523752462151,0.064,0.37,9.595368944282e-07,"Pitrm1-207",9.595368944282e-07,"Down"
1.31096320414424e-11,-1.2019243487673,0.07,0.382,1.00752766091301e-06,"Tjp2-204",1.00752766091301e-06,"Down"
1.32510709839004e-11,-1.2527507173728,0.064,0.374,1.01839780939668e-06,"Luzp1-202",1.01839780939668e-06,"Down"
1.37727204925377e-11,-1.01456111211291,0.047,0.343,1.05848866073349e-06,"Igbp1-201",1.05848866073349e-06,"Down"
1.383822812551e-11,-1.06762183366501,0.064,0.37,1.06352318435794e-06,"Chd7-201",1.06352318435794e-06,"Down"
1.39823831283285e-11,-1.8445112836543,0.053,0.346,1.07460207294456e-06,"Tjp2-201",1.07460207294456e-06,"Down"
1.53528620491128e-11,-1.05771195625439,0.088,0.413,1.17992885992252e-06,"Mef2a-201",1.17992885992252e-06,"Down"
1.68119295572051e-11,-2.10809143895355,0.047,0.331,1.29206403418944e-06,"Ablim1-206",1.29206403418944e-06,"Down"
1.68780375446959e-11,-1.50903591428293,0.047,0.335,1.29714469746006e-06,"Armcx2-207",1.29714469746006e-06,"Down"
1.69113067814244e-11,-1.24631539186226,0.047,0.339,1.29970157137959e-06,"Maml2-202",1.29970157137959e-06,"Down"
1.72337525989892e-11,-1.11288161809974,0.099,0.433,1.32448282224272e-06,"Nsa2-201",1.32448282224272e-06,"Down"
1.72945315736727e-11,-1.0278934966206,0.058,0.358,1.32915392956304e-06,"Cnot3-201",1.32915392956304e-06,"Down"
1.73365334084242e-11,-1.55021641458501,0.047,0.331,1.33238193857103e-06,"Atp6v1a-202",1.33238193857103e-06,"Down"
1.86243096797304e-11,-1.61400242346989,0.058,0.358,1.431352696126e-06,"Ncoa4-201",1.431352696126e-06,"Down"
1.91838095597692e-11,-1.57225016746575,0.058,0.358,1.4743524999065e-06,"Ncoa4-202",1.4743524999065e-06,"Down"
2.0187018650548e-11,-1.423200579435,0.082,0.402,1.55145313136922e-06,"Gvin-ps7-201",1.55145313136922e-06,"Down"
2.09542331188483e-11,-1.43619363165816,0.216,0.583,1.61041663211596e-06,"Hmgb1-203",1.61041663211596e-06,"Down"
2.10099244520676e-11,-1.8775140344819,0.053,0.343,1.6146967338392e-06,"Morf4l2-213",1.6146967338392e-06,"Down"
2.14932313973895e-11,-1.07768739790601,0.07,0.386,1.65184080581497e-06,"Copb1-201",1.65184080581497e-06,"Down"
2.25497240680517e-11,-1.76136869394132,0.058,0.35,1.73303649352605e-06,"Ss18-209",1.73303649352605e-06,"Down"
2.28301497916777e-11,-1.19396557035319,0.164,0.512,1.7545883320896e-06,"Cltc-201",1.7545883320896e-06,"Down"
2.28493101341959e-11,-1.3495956108498,0.088,0.402,1.75606088105349e-06,"Zwint-201",1.75606088105349e-06,"Down"
2.38732099868898e-11,-1.80857298087592,0.053,0.343,1.83475168033243e-06,"Ttc3-235",1.83475168033243e-06,"Down"
2.60808526624159e-11,-1.57001133441063,0.053,0.346,2.00441785051731e-06,"Cct3-207",2.00441785051731e-06,"Down"
2.74785854986487e-11,-1.34093483560612,0.053,0.346,2.11183920991315e-06,"Golga3-201",2.11183920991315e-06,"Down"
2.7671094885334e-11,-1.10797135964659,0.111,0.457,2.12663432631746e-06,"Prpf8-202",2.12663432631746e-06,"Down"
2.78912293673607e-11,-1.17762931899022,0.053,0.346,2.14355254179914e-06,"Jcad-202",2.14355254179914e-06,"Down"
3.02696794595046e-11,-1.48154340268086,0.047,0.331,2.32634594518077e-06,"Sptlc2-201",2.32634594518077e-06,"Down"
3.13821671875899e-11,-1.41753273093661,0.105,0.425,2.41184507703503e-06,"Ctnnd1-216",2.41184507703503e-06,"Down"
3.14220114296407e-11,-1.16918724582164,0.07,0.374,2.4149072664136e-06,"Mbnl1-218",2.4149072664136e-06,"Down"
3.44872168390277e-11,-1.32083476838585,0.07,0.374,2.65048056294664e-06,"Gapvd1-202",2.65048056294664e-06,"Down"
3.52913079173868e-11,-1.01135128131575,0.07,0.382,2.71227817868285e-06,"Golim4-202",2.71227817868285e-06,"Down"
3.55492493210156e-11,-1.92947965113827,0.17,0.512,2.73210200731733e-06,"Nfat5-213",2.73210200731733e-06,"Down"
3.79325217867334e-11,-1.52341804981901,0.053,0.343,2.91526602939761e-06,"Hdac7-201",2.91526602939761e-06,"Down"
4.02483489034535e-11,-1.15422511969316,0.146,0.512,3.09324660662601e-06,"Robo4-202",3.09324660662601e-06,"Down"
4.10164015136742e-11,-1.09817208543338,0.146,0.512,3.15227452193191e-06,"Robo4-207",3.15227452193191e-06,"Down"
4.10263582359454e-11,-1.5749363927897,0.076,0.382,3.15303973586535e-06,"Mbnl1-201",3.15303973586535e-06,"Down"
4.2383050564196e-11,-2.6755544924799,0.053,0.331,3.25730696806072e-06,"Pcbp2-212",3.25730696806072e-06,"Down"
4.33309469000999e-11,-1.23947089960157,0.094,0.402,3.33015659306028e-06,"Srsf1-201",3.33015659306028e-06,"Down"
4.41800345616819e-11,-1.01905649517248,0.076,0.386,3.3954123762035e-06,"Cul4b-201",3.3954123762035e-06,"Down"
4.43279744418037e-11,-1.47776801369483,0.058,0.339,3.40678214775038e-06,"Leng8-201",3.40678214775038e-06,"Down"
4.45385281326737e-11,-1.15655449990164,0.088,0.406,3.4229640411085e-06,"ENSMUST00000249703.1",3.4229640411085e-06,"Down"
4.54180537676079e-11,-1.44374365668801,0.053,0.335,3.49055910425574e-06,"Zyx-202",3.49055910425574e-06,"Down"
4.59376536626878e-11,-1.36701419663148,0.07,0.366,3.5304924345922e-06,"Odc1-205",3.5304924345922e-06,"Down"
4.62041401873269e-11,-1.37346407727668,0.111,0.441,3.55097298995682e-06,"Anxa2-205",3.55097298995682e-06,"Down"
4.91657383748067e-11,-2.36834672451715,0.058,0.339,3.7785836570574e-06,"Lyve1-201",3.7785836570574e-06,"Down"
5.09411720663542e-11,-1.52075843211637,0.088,0.398,3.91503283798759e-06,"Septin11-207",3.91503283798759e-06,"Down"
5.26144054520826e-11,-1.3453418327413,0.105,0.421,4.04362751661436e-06,"Ctnnd1-212",4.04362751661436e-06,"Down"
5.26144054520826e-11,-1.3638613124675,0.105,0.421,4.04362751661436e-06,"Ctnnd1-213",4.04362751661436e-06,"Down"
5.26144054520826e-11,-1.3453418327413,0.105,0.421,4.04362751661436e-06,"Ctnnd1-214",4.04362751661436e-06,"Down"
5.3470258773463e-11,-1.0206119289598,0.094,0.409,4.10940326777572e-06,"Emp1-202",4.10940326777572e-06,"Down"
5.43010544902381e-11,-1.73919093941313,0.099,0.402,4.17325324179276e-06,"Ctnnb1-214",4.17325324179276e-06,"Down"
5.80623589892842e-11,-1.41968535358011,0.053,0.335,4.46232453776245e-06,"Sf3a3-201",4.46232453776245e-06,"Down"
6.06169970370519e-11,-1.54251978656519,0.421,0.76,4.65865869028558e-06,"Akap12-205",4.65865869028558e-06,"Down"
6.13807323924533e-11,-1.1464937791358,0.076,0.386,4.7173548072896e-06,"Ddx1-201",4.7173548072896e-06,"Down"
6.26799380020296e-11,-1.16878091693595,0.058,0.354,4.81720395520798e-06,"Flt4-201",4.81720395520798e-06,"Down"
6.27010009209512e-11,-1.28237751595299,0.088,0.402,4.81882272477879e-06,"Ccnd3-201",4.81882272477879e-06,"Down"
6.68426731585588e-11,-1.10713777327646,0.058,0.35,5.13712680292788e-06,"Mbtps1-202",5.13712680292788e-06,"Down"
7.07789466431491e-11,-1.33431218338092,0.053,0.339,5.43964516531258e-06,"Tpx2-206",5.43964516531258e-06,"Down"
7.08351485985088e-11,-1.11501573379404,0.058,0.35,5.4439645103898e-06,"Golga3-202",5.4439645103898e-06,"Down"
7.13018222473345e-11,-1.06530758870639,0.053,0.339,5.47983024699665e-06,"Cops3-202",5.47983024699665e-06,"Down"
7.1869153920392e-11,-1.0266842067971,0.058,0.35,5.5234319553978e-06,"Iqsec1-201",5.5234319553978e-06,"Down"
7.50883492615721e-11,-1.58228665887065,0.064,0.35,5.77083999414886e-06,"Calm1-201",5.77083999414886e-06,"Down"
7.65742418708651e-11,2.14885205116739,0.637,0.61,5.88503678474347e-06,"Ftl1-ps1-202",5.88503678474347e-06,"Up"
7.73654083226371e-11,-1.00829740654681,0.105,0.433,5.94584109122795e-06,"Ncor2-204",5.94584109122795e-06,"Down"
7.76803504666457e-11,-1.2640566173811,0.058,0.346,5.97004565476359e-06,"Smc4-207",5.97004565476359e-06,"Down"
7.93940124578455e-11,-1.11300804628469,0.298,0.681,6.10174743343526e-06,"Hnrnpa1-202",6.10174743343526e-06,"Down"
9.18599886604205e-11,-1.0106184586409,0.222,0.594,7.05980756850796e-06,"Col18a1-203",7.05980756850796e-06,"Down"
9.19344097790949e-11,-1.00159311853778,0.07,0.37,7.06552712916256e-06,"Rbmxl1-202",7.06552712916256e-06,"Down"
9.36504697548087e-11,-1.02386180752018,0.105,0.433,7.19741320253607e-06,"Trib1-201",7.19741320253607e-06,"Down"
9.80523982937239e-11,-1.05562314931939,0.053,0.335,7.53571901846586e-06,"Hnrnph2-202",7.53571901846586e-06,"Down"
9.83906604656448e-11,-1.77439089526226,0.058,0.343,7.56171581942666e-06,"Nav1-202",7.56171581942666e-06,"Down"
1.13295404390311e-10,-1.71590328577791,0.058,0.339,8.70720500901293e-06,"Sin3a-208",8.70720500901293e-06,"Down"
1.15371562368714e-10,-1.60744652821086,0.058,0.343,8.86676605428514e-06,"Eloa-201",8.86676605428514e-06,"Down"
1.18770922735913e-10,-1.16511764787225,0.111,0.441,9.12802049594587e-06,"Heg1-208",9.12802049594587e-06,"Down"
1.19767502937054e-10,-1.11489110998372,0.064,0.354,9.20461167072437e-06,"Mgat2-201",9.20461167072437e-06,"Down"
1.22517310039537e-10,-1.23696352219613,0.094,0.409,9.41594534577858e-06,"Brwd1-205",9.41594534577858e-06,"Down"
1.24671813285646e-10,-1.95066957689678,0.064,0.346,9.58152753825507e-06,"Lrch3-201",9.58152753825507e-06,"Down"
1.2698765381277e-10,-1.45030218005871,0.053,0.331,9.75950914612664e-06,"Zfp608-203",9.75950914612664e-06,"Down"
1.2945764866211e-10,-1.30300281724569,0.064,0.35,9.94933813027778e-06,"Frmd4a-219",9.94933813027778e-06,"Down"
1.35412295720071e-10,-1.03729896558299,0.082,0.382,1.04069765752704e-05,"Ap2b1-207",1.04069765752704e-05,"Down"
1.39745384046831e-10,-1.2521165913339,0.07,0.362,1.07399917455351e-05,"Gapvd1-203",1.07399917455351e-05,"Down"
1.40359936411151e-10,-1.09698842004903,0.111,0.433,1.07872225529426e-05,"Arhgef7-205",1.07872225529426e-05,"Down"
1.44649881289098e-10,-1.03701281502458,0.146,0.488,1.11169219765924e-05,"Dbn1-201",1.11169219765924e-05,"Down"
1.58381249481801e-10,-1.06413469427569,0.135,0.469,1.21722325476743e-05,"H1f0-201",1.21722325476743e-05,"Down"
1.59125034280334e-10,-1.45782526922259,0.058,0.339,1.22293953845808e-05,"Nup50-202",1.22293953845808e-05,"Down"
1.62861502100979e-10,-1.04504446105927,0.099,0.417,1.25165578824686e-05,"Hnrnpc-210",1.25165578824686e-05,"Down"
1.80229032374409e-10,-1.62281558582843,0.099,0.409,1.38513220541028e-05,"Papola-214",1.38513220541028e-05,"Down"
1.92908179435234e-10,-1.41871515611987,0.17,0.496,1.48257652223155e-05,"Tjp1-201",1.48257652223155e-05,"Down"
1.94574814038857e-10,-1.09608297092026,0.058,0.339,1.49538527581424e-05,"Klf13-201",1.49538527581424e-05,"Down"
2.00849529389349e-10,-1.28068744280928,0.064,0.346,1.5436089731689e-05,"Frmd4a-202",1.5436089731689e-05,"Down"
2.06048380682055e-10,-1.05201416590176,0.058,0.339,1.58356422489387e-05,"Slfn5-201",1.58356422489387e-05,"Down"
2.16617644342918e-10,-2.40482733997918,0.076,0.354,1.66479324383306e-05,"Uaca-203",1.66479324383306e-05,"Down"
2.20643760270315e-10,-1.12538765966685,0.076,0.374,1.69573555518148e-05,"Skil-204",1.69573555518148e-05,"Down"
2.27244645082152e-10,-1.29838853202098,0.199,0.547,1.74646599531437e-05,"Nfat5-203",1.74646599531437e-05,"Down"
2.3433369640095e-10,-1.0313825223443,0.058,0.339,1.80094819031986e-05,"Ttyh3-201",1.80094819031986e-05,"Down"
2.39602079969823e-10,-1.05569900484467,0.07,0.358,1.84143782540008e-05,"Shroom4-201",1.84143782540008e-05,"Down"
2.39689137764589e-10,-1.16876326635581,0.058,0.335,1.84210689937597e-05,"Ythdc1-201",1.84210689937597e-05,"Down"
2.63999252844769e-10,-1.16284433256765,0.181,0.528,2.02893985781319e-05,"Wnk1-204",2.02893985781319e-05,"Down"
2.69679906674891e-10,-1.09142829360717,0.123,0.449,2.0725979547592e-05,"Smtn-208",2.0725979547592e-05,"Down"
2.79840459347998e-10,2.3470468049736,0.532,0.224,2.1506858662731e-05,"Tpt1-206",2.1506858662731e-05,"Up"
2.87481163286429e-10,-1.27122332433297,0.076,0.37,2.20940773232152e-05,"Papola-215",2.20940773232152e-05,"Down"
2.89998942243164e-10,-1.16778211584857,0.123,0.433,2.22875787071561e-05,"Csde1-215",2.22875787071561e-05,"Down"
2.99222115436266e-10,-1.5050882230994,0.058,0.331,2.29964164597388e-05,"Coro1b-212",2.29964164597388e-05,"Down"
3.00597611714747e-10,-1.00931180328017,0.058,0.339,2.31021288507251e-05,"Zfp335-201",2.31021288507251e-05,"Down"
3.23652522646894e-10,-1.21983444266571,0.076,0.358,2.48739909755044e-05,"Arih1-207",2.48739909755044e-05,"Down"
3.23690092523244e-10,-1.43255007617272,0.058,0.331,2.48768783707814e-05,"Uhrf1-204",2.48768783707814e-05,"Down"
3.28729334424155e-10,-1.07977323510518,0.064,0.346,2.5264164267834e-05,"Tab2-204",2.5264164267834e-05,"Down"
3.47750468126913e-10,-1.14646115403402,0.064,0.343,2.67260144774257e-05,"Gps1-202",2.67260144774257e-05,"Down"
3.57489185405464e-10,-1.37795949165633,0.094,0.394,2.74744738551515e-05,"Btg2-201",2.74744738551515e-05,"Down"
3.68841403771167e-10,-1.10560702719548,0.058,0.335,2.83469372454293e-05,"Cldn5-201",2.83469372454293e-05,"Down"
3.71422890267634e-10,-1.04918841416081,0.07,0.354,2.85453348086288e-05,"Gapvd1-201",2.85453348086288e-05,"Down"
3.76868407743723e-10,-1.53456315711401,0.146,0.465,2.89638446087361e-05,"Rtl1-201",2.89638446087361e-05,"Down"
3.78626790674294e-10,-1.26282971307673,0.058,0.331,2.90989833704822e-05,"Phldb1-212",2.90989833704822e-05,"Down"
4.03636305494544e-10,-1.13449955619804,0.058,0.331,3.10210646224777e-05,"Mprip-206",3.10210646224777e-05,"Down"
4.10504253859784e-10,-1.18606861129615,0.31,0.614,3.15488939261398e-05,"Pecam1-201",3.15488939261398e-05,"Down"
4.10662404834755e-10,-1.15853268907297,0.082,0.366,3.15610484611703e-05,"Srcap-207",3.15610484611703e-05,"Down"
4.3364921098042e-10,1.52604765385087,0.731,0.657,3.33276764606892e-05,"Hnrnpa2b1-201",3.33276764606892e-05,"Up"
4.59762890366072e-10,-1.04253657463862,0.07,0.354,3.53346171761941e-05,"Abhd2-201",3.53346171761941e-05,"Down"
4.61844414227116e-10,-1.01450613284591,0.058,0.331,3.54945906110107e-05,"Kmt5b-205",3.54945906110107e-05,"Down"
4.75103937928261e-10,-1.1700196859725,0.058,0.331,3.65136380455386e-05,"N4bp1-201",3.65136380455386e-05,"Down"
4.76272284057793e-10,-1.18491047097542,0.064,0.343,3.66034301189776e-05,"Colec12-201",3.66034301189776e-05,"Down"
4.76965755127194e-10,-1.35028678466207,0.07,0.35,3.66567261445453e-05,"Ppp1r16b-202",3.66567261445453e-05,"Down"
4.76965755127194e-10,-1.35028678391354,0.07,0.35,3.66567261445453e-05,"Ppp1r16b-203",3.66567261445453e-05,"Down"
4.96401985860841e-10,-1.2627141601848,0.129,0.437,3.81504782213491e-05,"H1f5-201",3.81504782213491e-05,"Down"
5.14290769117972e-10,-1.33295388897085,0.064,0.339,3.95253027697927e-05,"Camsap2-202",3.95253027697927e-05,"Down"
5.24914434941876e-10,-1.12986895398389,0.082,0.37,4.0341773983023e-05,"Rbm33-202",4.0341773983023e-05,"Down"
5.68366008875697e-10,-1.02993370401751,0.094,0.398,4.36812012461328e-05,"Nolc1-202",4.36812012461328e-05,"Down"
5.73338027382855e-10,-1.27603274949698,0.094,0.386,4.40633207564819e-05,"Atf3-203",4.40633207564819e-05,"Down"
5.90423960039248e-10,-1.08658005074172,0.14,0.469,4.53764430248563e-05,"Ppp1cb-201",4.53764430248563e-05,"Down"
6.24955549986678e-10,-1.47423491808668,0.064,0.339,4.80303338386762e-05,"Pds5a-209",4.80303338386762e-05,"Down"
6.40224957200503e-10,-1.04345397679068,0.082,0.366,4.92038488606875e-05,"Prdm1-202",4.92038488606875e-05,"Down"
6.42304561950665e-10,-1.66737222518477,0.07,0.331,4.93636748041564e-05,"Pcdhgc3-201",4.93636748041564e-05,"Down"
6.90590014865804e-10,-1.08046476397216,0.07,0.35,5.30746050024965e-05,"Matr3-204",5.30746050024965e-05,"Down"
8.34942403337856e-10,-1.01203626929277,0.333,0.681,6.41686634661276e-05,"Aplp2-209",6.41686634661276e-05,"Down"
8.52523789624909e-10,-1.20000679411077,0.135,0.445,6.55198633278327e-05,"Septin11-203",6.55198633278327e-05,"Down"
1.01833991655083e-09,-1.10902114100362,0.082,0.362,7.82634959465973e-05,"Puf60-204",7.82634959465973e-05,"Down"
1.15627008856057e-09,-1.34309491909422,0.064,0.335,8.88639813862341e-05,"Erbin-207",8.88639813862341e-05,"Down"
1.20556460031974e-09,-1.10854495333553,0.064,0.331,9.26524617929733e-05,"Gps1-201",9.26524617929733e-05,"Down"
1.75095042202496e-09,-1.061122701954,0.076,0.35,0.000134567543734306,"Ppp1r16b-201",0.000134567543734306,"Down"
1.78103818046212e-09,-1.18558088806866,0.076,0.346,0.000136879908321235,"Elf1-201",0.000136879908321235,"Down"
2.0484047663065e-09,-1.13844651667841,0.07,0.335,0.00015742809990972,"Birc3-201",0.00015742809990972,"Down"
2.32177459822821e-09,-1.10837111194284,0.251,0.591,0.000178437664972231,"Cald1-205",0.000178437664972231,"Down"
2.34367732014104e-09,-1.61533367137758,0.094,0.366,0.00018012097676212,"Uaca-205",0.00018012097676212,"Down"
2.38263761721792e-09,-1.11517237320935,0.088,0.366,0.000183115231433666,"Hipk1-202",0.000183115231433666,"Down"
2.70720264206091e-09,-1.8639989158484,0.076,0.335,0.000208059351852949,"Cdk13-207",0.000208059351852949,"Down"
2.7949657663676e-09,-1.66826973558684,0.07,0.331,0.000214804299008415,"Dst-215",0.000214804299008415,"Down"
2.84399863652065e-09,2.07030369110893,0.398,0.169,0.000218572671211158,"Rrbp1-202",0.000218572671211158,"Up"
3.06483583230094e-09,1.87304840157226,0.661,0.579,0.000235544893055656,"Hnrnpa2b1-209",0.000235544893055656,"Up"
3.96419909059589e-09,-1.32923726848832,0.333,0.646,0.000304664556908656,"Akap12-201",0.000304664556908656,"Down"
4.22802893469134e-09,-1.05482472922985,0.07,0.331,0.000324940935746768,"Ctbp1-211",0.000324940935746768,"Down"
4.81412669796827e-09,1.62837504112629,0.754,0.421,0.000369984893245654,"Tpt1-208",0.000369984893245654,"Up"
5.51319211489608e-09,-1.05298488130455,0.094,0.374,0.000423710866798223,"Tcerg1-202",0.000423710866798223,"Down"
5.63554570795562e-09,-1.26392471694788,0.082,0.343,0.000433114229839221,"Frmd4a-216",0.000433114229839221,"Down"
5.75683416898963e-09,-1.37501050565688,0.14,0.425,0.000442435733223529,"Nfat5-202",0.000442435733223529,"Down"
7.68128599156443e-09,-1.01810514671135,0.082,0.346,0.000590337553595693,"Ptbp1-201",0.000590337553595693,"Down"
1.17914369129299e-08,3.25275881515304,0.48,0.327,0.000906219092506315,"Gpx1-201",0.000906219092506315,"Up"
1.26965174136903e-08,-1.09225516056814,0.14,0.425,0.000975778149311756,"Nisch-222",0.000975778149311756,"Down"
1.36957867553352e-08,-1.05286173607158,0.158,0.445,0.00105257599529453,"Tjp1-207",0.00105257599529453,"Down"
1.49424745944917e-08,1.53302193129137,0.766,0.843,0.00114838894248506,"Fth1-201",0.00114838894248506,"Up"
1.57396365572536e-08,-1.40590987493467,0.14,0.409,0.00120965402797117,"Epb41l2-204",0.00120965402797117,"Down"
4.0351670821178e-08,1.50383045663117,0.766,0.843,0.00310118730929081,"Fth1-203",0.00310118730929081,"Up"
4.68024741082381e-08,-1.56794730907134,0.105,0.358,0.00359695734511453,"Arap3-207",0.00359695734511453,"Down"
6.51438839245399e-08,1.59967759655344,0.111,0.394,0.00500656805513659,"Gtf2a2-202",0.00500656805513659,"Up"
8.26079876923807e-08,-1.1097419439602,0.193,0.461,0.00634875428611022,"Serbp1-207",0.00634875428611022,"Down"
