"p_val","avg_log2FC","pct.1","pct.2","p_val_adj","gene","p_val_adj_plot","Significance"
4.07424854891202e-32,3.69272205307897,0.884,0.216,3.13122297978084e-27,"Adgrf5-201",3.13122297978084e-27,"Up"
2.47094373688311e-31,4.92547683094775,0.733,0.041,1.89901909954415e-26,"Serpine1-201",1.89901909954415e-26,"Up"
3.13560693280067e-31,3.66104306525015,0.872,0.193,2.40983935213463e-26,"Timp3-201",2.40983935213463e-26,"Up"
2.34311865243501e-29,3.52579445567413,0.849,0.181,1.8007804091424e-24,"Ahnak-202",1.8007804091424e-24,"Up"
3.00024199593306e-28,-4.5309951296457,0.465,0.895,2.30580598355439e-23,"Set-201",2.30580598355439e-23,"Down"
1.47131854943667e-27,3.21752389283501,0.767,0.088,1.13076715798406e-22,"Kdm6b-201",1.13076715798406e-22,"Up"
1.87249020824655e-27,4.31343362265223,0.628,0.018,1.43908362464581e-22,"Ctsj-202",1.43908362464581e-22,"Up"
3.54962294014594e-27,3.92268429753623,0.779,0.129,2.72802721441976e-22,"Flt1-202",2.72802721441976e-22,"Up"
7.98082786401969e-27,3.58022359254256,0.721,0.07,6.13358544661369e-22,"Adamts1-201",6.13358544661369e-22,"Up"
5.46032835323065e-26,3.193914523545,0.698,0.064,4.19648075259188e-21,"Col1a1-201",4.19648075259188e-21,"Up"
2.1190332287031e-25,3.33984572222195,0.651,0.047,1.62856179758748e-20,"Entpd1-201",1.62856179758748e-20,"Up"
3.74519238162862e-25,3.25258315365914,0.605,0.023,2.87833015297686e-20,"Abca1-201",2.87833015297686e-20,"Up"
7.04776729844955e-25,4.64059950455245,0.593,0.023,5.41649107955042e-20,"Gbp7-201",5.41649107955042e-20,"Up"
1.11590800069356e-24,3.53654973089189,0.651,0.047,8.57619934853031e-20,"Psg23-201",8.57619934853031e-20,"Up"
1.21103620190001e-24,3.47477597629321,0.977,0.69,9.30729762608234e-20,"Igf2-205",9.30729762608234e-20,"Up"
1.57676832814739e-24,4.3839500481538,0.581,0.023,1.21180953091439e-19,"Clip1-205",1.21180953091439e-19,"Up"
2.31910519989899e-24,4.04082676019249,0.581,0.023,1.78232511033037e-19,"Wfdc1-201",1.78232511033037e-19,"Up"
2.35101194512862e-24,3.16518184081442,0.593,0.023,1.80684672030915e-19,"AU021092-201",1.80684672030915e-19,"Up"
4.56320097504497e-24,3.12496635378947,0.651,0.053,3.50700247736106e-19,"Cavin2-201",3.50700247736106e-19,"Up"
5.79742431128331e-24,6.19791941508253,0.523,0.006,4.45555248019367e-19,"Emp1-205",4.45555248019367e-19,"Up"
1.0106243466151e-23,2.80308329496925,0.64,0.047,7.7670523534757e-19,"Col1a2-201",7.7670523534757e-19,"Up"
1.28211084335405e-23,3.79084018740361,0.698,0.094,9.85353467551318e-19,"Zdbf2-204",9.85353467551318e-19,"Up"
1.46736482774493e-23,4.230584008984,0.57,0.023,1.12772856471509e-18,"Mgll-207",1.12772856471509e-18,"Up"
1.76946508484511e-23,3.09158062552977,0.721,0.117,1.35990469630686e-18,"Bmpr2-201",1.35990469630686e-18,"Up"
1.77829562406162e-23,3.25136230895351,0.698,0.088,1.36669131891632e-18,"Ier3-201",1.36669131891632e-18,"Up"
2.16369492459752e-23,-2.49395503078368,0.698,0.959,1.66288609735018e-18,"Ppia-202",1.66288609735018e-18,"Down"
2.2006872217114e-23,2.7902007684498,0.674,0.064,1.69131615737408e-18,"Col3a1-201",1.69131615737408e-18,"Up"
2.32914067146347e-23,3.59680822827083,0.884,0.333,1.79003777164653e-18,"Pakap-204",1.79003777164653e-18,"Up"
2.67397942152171e-23,5.83000400456951,0.512,0.006,2.0550601446163e-18,"Serpine1-203",2.0550601446163e-18,"Up"
3.76598588877993e-23,4.6427063573596,0.558,0.023,2.89431079496293e-18,"Mgll-204",2.89431079496293e-18,"Up"
5.81024254809187e-23,3.64742198030006,0.884,0.351,4.46540380791053e-18,"Pakap-205",4.46540380791053e-18,"Up"
1.01003780156409e-22,5.30815637447862,0.5,0.006,7.76254452014068e-18,"Col6a2-201",7.76254452014068e-18,"Up"
1.15509317151907e-22,5.1427020987006,0.5,0.006,8.87735306039268e-18,"Psg16-201",8.87735306039268e-18,"Up"
2.10130984587637e-22,1.66788105593125,0.977,0.643,1.61494066894982e-17,"Epas1-201",1.61494066894982e-17,"Up"
2.5628381152239e-22,4.14075576148962,0.547,0.023,1.96964360507417e-17,"Mgll-201",1.96964360507417e-17,"Up"
2.82247617443924e-22,4.78427640837839,0.512,0.012,2.16918583910353e-17,"Lpl-201",2.16918583910353e-17,"Up"
3.3939413870731e-22,6.07011781147222,0.488,0.006,2.60837971362116e-17,"Xiap-204",2.60837971362116e-17,"Up"
3.66377008871682e-22,3.69758600595631,0.57,0.035,2.81575386398243e-17,"Cdkn1a-201",2.81575386398243e-17,"Up"
5.46240859952162e-22,7.7531168661438,0.465,0,4.19807950507635e-17,"Psg16-202",4.19807950507635e-17,"Up"
6.04448283507635e-22,3.11291587769428,0.756,0.187,4.64542683806958e-17,"Adamts9-201",4.64542683806958e-17,"Up"
6.41087864766384e-22,5.83879249127165,0.512,0.018,4.92701667587557e-17,"Clip1-204",4.92701667587557e-17,"Up"
8.26504752208716e-22,3.18209810742984,0.523,0.018,6.35201962262487e-17,"Clic5-201",6.35201962262487e-17,"Up"
1.8799397786078e-21,2.69060242645353,0.605,0.053,1.44480891745124e-16,"Rcan1-201",1.44480891745124e-16,"Up"
1.97698781152517e-21,3.54200852557579,0.581,0.047,1.51939421266955e-16,"Acer2-201",1.51939421266955e-16,"Up"
2.78553349913356e-21,4.25621048592976,0.547,0.035,2.1407939154241e-16,"Plxna2-201",2.1407939154241e-16,"Up"
3.45880876764261e-21,3.82095146916757,0.547,0.035,2.65823289028405e-16,"Fcho2-201",2.65823289028405e-16,"Up"
3.54958442218095e-21,5.19013463792305,0.488,0.012,2.72799761182295e-16,"Ndrg1-201",2.72799761182295e-16,"Up"
3.61320505622184e-21,4.97414341323168,0.5,0.018,2.77689261390873e-16,"Clip1-203",2.77689261390873e-16,"Up"
4.36493141243319e-21,4.67932672273545,0.488,0.012,3.3546243877114e-16,"Sema7a-201",3.3546243877114e-16,"Up"
4.46705665587285e-21,3.63883139643585,0.756,0.228,3.43311172230452e-16,"Macf1-203",3.43311172230452e-16,"Up"
4.75762297148416e-21,3.31255075397254,0.593,0.053,3.65642355850444e-16,"Spp1-201",3.65642355850444e-16,"Up"
7.00464464774504e-21,3.0086601357299,0.605,0.058,5.38334959757797e-16,"Edn1-201",5.38334959757797e-16,"Up"
7.55076277432022e-21,3.13168385002183,0.628,0.07,5.80306322257606e-16,"Klf4-201",5.80306322257606e-16,"Up"
9.35326244428913e-21,-3.43510129876082,0.465,0.819,7.18835631893397e-16,"Hnrnpab-202",7.18835631893397e-16,"Down"
1.06719617946202e-20,-3.36873988322421,0.465,0.825,8.20182951763738e-16,"Hnrnpab-203",8.20182951763738e-16,"Down"
1.08189460463275e-20,3.03756564102452,0.663,0.094,8.31479279444452e-16,"Btg2-201",8.31479279444452e-16,"Up"
1.6166953713063e-20,2.32151171025024,0.93,0.643,1.24249506066374e-15,"Igfbp7-201",1.24249506066374e-15,"Up"
1.68765419063422e-20,3.7925674593344,0.651,0.111,1.29702975167002e-15,"Jmjd1c-206",1.29702975167002e-15,"Up"
1.96629644768183e-20,2.81290400332444,0.686,0.123,1.5111774719014e-15,"Psg21-201",1.5111774719014e-15,"Up"
2.04583164285098e-20,3.60702688479295,0.558,0.047,1.57230345079669e-15,"Mbnl2-201",1.57230345079669e-15,"Up"
2.24632142594666e-20,3.06224736049673,0.686,0.135,1.72638786869705e-15,"Tns1-217",1.72638786869705e-15,"Up"
2.32980150219738e-20,3.54396336900129,0.512,0.023,1.79054564649877e-15,"Dcn-201",1.79054564649877e-15,"Up"
2.5174379371148e-20,-3.43473181860963,0.5,0.819,1.93475175219021e-15,"Hnrnpab-201",1.93475175219021e-15,"Down"
3.14367657200268e-20,7.7853406141939,0.43,0,2.41604119264694e-15,"Psg16-204",2.41604119264694e-15,"Up"
3.16065909031577e-20,3.30401144973664,0.605,0.07,2.42909293727128e-15,"Fosb-201",2.42909293727128e-15,"Up"
3.25280785536492e-20,2.90718384010554,0.721,0.158,2.49991294916216e-15,"Emp1-206",2.49991294916216e-15,"Up"
3.25280785536492e-20,2.90718384010554,0.721,0.158,2.49991294916216e-15,"Emp1-201",2.49991294916216e-15,"Up"
3.6200797300856e-20,2.71257770554477,0.802,0.205,2.78217607575999e-15,"Flnb-201",2.78217607575999e-15,"Up"
5.13698716246209e-20,3.05310995478741,0.523,0.029,3.94798011383861e-15,"Usp34-208",3.94798011383861e-15,"Up"
7.5445202125048e-20,2.65589535830861,0.465,0.012,5.79826556411844e-15,"Rb1cc1-201",5.79826556411844e-15,"Up"
9.59019653572421e-20,3.27131848370904,0.547,0.041,7.37044964556549e-15,"Itpr2-202",7.37044964556549e-15,"Up"
1.10044309928434e-19,2.62043304099932,0.721,0.152,8.45734539523985e-15,"Calcrl-201",8.45734539523985e-15,"Up"
1.18476978654015e-19,3.58179071542877,0.523,0.035,9.10542971747564e-15,"Helz2-202",9.10542971747564e-15,"Up"
1.5984369643993e-19,3.18549647708168,0.512,0.029,1.22846274461944e-14,"Parp14-201",1.22846274461944e-14,"Up"
1.67921084249265e-19,3.93477034060496,0.512,0.035,1.2905407008893e-14,"Rnd1-201",1.2905407008893e-14,"Up"
2.41473953306286e-19,2.19934831974554,0.477,0.018,1.85582392074013e-14,"Nr4a1-201",1.85582392074013e-14,"Up"
3.02260522606057e-19,2.63979896962145,0.581,0.064,2.32299302043659e-14,"Dock9-201",2.32299302043659e-14,"Up"
3.03532986122364e-19,1.51969532521284,0.616,0.064,2.33277241154482e-14,"Psg27-201",2.33277241154482e-14,"Up"
3.30362146253378e-19,2.32131209919773,0.605,0.064,2.53896523881571e-14,"Ceacam11-201",2.53896523881571e-14,"Up"
3.35998079364796e-19,2.40420379541745,0.581,0.058,2.5822796391502e-14,"Slfn5-201",2.5822796391502e-14,"Up"
3.61915630862499e-19,2.92383092538506,0.558,0.053,2.78146638943065e-14,"Spp1-205",2.78146638943065e-14,"Up"
3.79523950523292e-19,2.69053810199809,0.593,0.07,2.91679336935171e-14,"Jcad-201",2.91679336935171e-14,"Up"
3.98607356502495e-19,3.02144575502856,0.5,0.029,3.06345697766428e-14,"Apold1-201",3.06345697766428e-14,"Up"
4.45845493011787e-19,6.63384391659882,0.407,0,3.42650095199278e-14,"Col6a3-202",3.42650095199278e-14,"Up"
5.41380711983756e-19,5.32801341614301,0.442,0.012,4.16072732387996e-14,"Flrt2-201",4.16072732387996e-14,"Up"
6.31210672313359e-19,3.30913285217329,0.465,0.018,4.85110650099709e-14,"Tsc22d2-203",4.85110650099709e-14,"Up"
6.425006502475e-19,2.98406146963684,0.558,0.053,4.93787449741214e-14,"Lrrc8a-201",4.93787449741214e-14,"Up"
7.20645381253143e-19,5.77237196022685,0.419,0.006,5.53844801308291e-14,"Clip1-201",5.53844801308291e-14,"Up"
7.4979944241418e-19,2.81559390985743,0.64,0.105,5.76250863472994e-14,"Foxo1-201",5.76250863472994e-14,"Up"
7.58238720254579e-19,2.24857237746071,0.849,0.31,5.82736786064454e-14,"Podxl-201",5.82736786064454e-14,"Up"
8.76061271892048e-19,3.81915480764251,0.442,0.012,6.73288129899915e-14,"Arfgef1-201",6.73288129899915e-14,"Up"
8.90202707425017e-19,2.25286468919591,0.465,0.018,6.84156388764423e-14,"Nr4a1-202",6.84156388764423e-14,"Up"
1.12550747372086e-18,2.62030297329717,0.57,0.064,8.64997513853432e-14,"Dock9-206",8.64997513853432e-14,"Up"
1.14202693366383e-18,2.06035643287702,0.535,0.041,8.77693379598001e-14,"Piezo1-209",8.77693379598001e-14,"Up"
1.24605992422905e-18,5.27768667601049,0.419,0.006,9.57646894166995e-14,"Scd2-201",9.57646894166995e-14,"Up"
1.24605992422905e-18,5.06055966766316,0.419,0.006,9.57646894166995e-14,"Plcb4-202",9.57646894166995e-14,"Up"
1.31251551582801e-18,4.92419821994393,0.419,0.006,1.00872067453446e-13,"Depp1-201",1.00872067453446e-13,"Up"
1.38059470771061e-18,3.04181192468447,0.477,0.023,1.06104225666392e-13,"Tsc22d2-201",1.06104225666392e-13,"Up"
1.48327617522353e-18,2.9903767821054,0.477,0.023,1.13995707170629e-13,"Klf7-202",1.13995707170629e-13,"Up"
1.5131589960707e-18,2.32363845124649,0.698,0.135,1.16292321484018e-13,"Pmp22-201",1.16292321484018e-13,"Up"
1.53419617979152e-18,2.81466106276176,0.547,0.053,1.17909113201697e-13,"Spp1-204",1.17909113201697e-13,"Up"
1.55846322905243e-18,3.09664341076479,0.547,0.058,1.19774133005596e-13,"Zbtb20-204",1.19774133005596e-13,"Up"
1.65462162763549e-18,7.55132432044757,0.395,0,1.27164290570298e-13,"Ctsq-201",1.27164290570298e-13,"Up"
1.68856014639989e-18,4.0349309782128,0.523,0.053,1.29772601491417e-13,"Zdbf2-202",1.29772601491417e-13,"Up"
1.87079084812259e-18,2.70215921704644,0.628,0.105,1.43777759841614e-13,"Serinc3-201",1.43777759841614e-13,"Up"
1.95867122553892e-18,2.42558526745079,0.802,0.275,1.50531718367568e-13,"Ptprb-201",1.50531718367568e-13,"Up"
1.99793603653757e-18,3.56930576323815,0.488,0.029,1.53549376152058e-13,"Lama5-201",1.53549376152058e-13,"Up"
2.06441731414999e-18,3.29590616604439,0.5,0.035,1.58658728261683e-13,"PTPRG-201",1.58658728261683e-13,"Up"
2.15817401065334e-18,3.5325563209616,0.465,0.023,1.65864305414752e-13,"Sh2b3-205",1.65864305414752e-13,"Up"
2.17497789679007e-18,2.77631042268937,0.64,0.117,1.67155751279904e-13,"Nr3c1-203",1.67155751279904e-13,"Up"
2.19376216242595e-18,3.05520899794502,0.663,0.146,1.68599397231084e-13,"Flt1-203",1.68599397231084e-13,"Up"
2.73511594633085e-18,2.6440293899181,0.512,0.041,2.10204600939311e-13,"Zc3hav1-203",2.10204600939311e-13,"Up"
2.98198728148894e-18,5.03441337216899,0.43,0.012,2.29177650531551e-13,"Maff-201",2.29177650531551e-13,"Up"
3.6164253844675e-18,2.75571202856515,0.651,0.111,2.77936756497865e-13,"Rock2-201",2.77936756497865e-13,"Up"
3.75383861899431e-18,2.81541868443339,0.756,0.263,2.88497513224189e-13,"Cav1-201",2.88497513224189e-13,"Up"
4.27560398846917e-18,6.10187602861108,0.419,0.012,3.2859726892981e-13,"Qki-201",3.2859726892981e-13,"Up"
4.36462659945983e-18,3.56608185608292,0.477,0.029,3.35439012674886e-13,"Mgat4a-205",3.35439012674886e-13,"Up"
4.41590010401083e-18,2.29558849471531,0.767,0.234,3.39379586593648e-13,"F2r-201",3.39379586593648e-13,"Up"
4.45396921266678e-18,3.46442532481128,0.43,0.012,3.42305349870293e-13,"Ralgapa1-201",3.42305349870293e-13,"Up"
4.55760221874249e-18,1.60477208911391,0.953,0.719,3.50269960919236e-13,"Col4a2-201",3.50269960919236e-13,"Up"
4.63603007216284e-18,3.30991301888194,0.465,0.023,3.56297455166003e-13,"Usp34-205",3.56297455166003e-13,"Up"
4.79630144917226e-18,3.42195095639125,0.512,0.047,3.68614951574685e-13,"Mbnl2-202",3.68614951574685e-13,"Up"
5.66402200974053e-18,3.45030062034098,0.488,0.035,4.35302747536599e-13,"Cflar-205",4.35302747536599e-13,"Up"
5.80150658926357e-18,3.43540773941866,0.547,0.064,4.45868987411263e-13,"Igfbp3-201",4.45868987411263e-13,"Up"
6.08179308592254e-18,5.96223939054732,0.384,0,4.67410125825491e-13,"Col6a3-201",4.67410125825491e-13,"Up"
6.08179308592254e-18,5.72374732437835,0.384,0,4.67410125825491e-13,"Prx-202",4.67410125825491e-13,"Up"
7.56497994005738e-18,3.60608768888268,0.453,0.023,5.8139896831317e-13,"Abcg1-201",5.8139896831317e-13,"Up"
7.7475594131865e-18,3.98491222457579,0.453,0.023,5.95430931141035e-13,"Piezo2-202",5.95430931141035e-13,"Up"
8.15515715024508e-18,3.47249319446133,0.442,0.018,6.26756447624936e-13,"Rasal2-201",6.26756447624936e-13,"Up"
9.33042355559229e-18,4.46879084153518,0.419,0.012,7.1708037194149e-13,"Sbf2-205",7.1708037194149e-13,"Up"
1.08417834994869e-17,3.53825624257917,0.419,0.012,8.33234429069563e-13,"Mcf2l-202",8.33234429069563e-13,"Up"
1.10725984293763e-17,2.06374242538099,0.581,0.082,8.50973479691284e-13,"St3gal1-202",8.50973479691284e-13,"Up"
1.10993913397624e-17,2.84862103218558,0.64,0.135,8.530326220261e-13,"Tns1-201",8.530326220261e-13,"Up"
1.22838840464375e-17,4.29997014846051,0.419,0.012,9.44065624504907e-13,"Fbn1-201",9.44065624504907e-13,"Up"
1.23418004912493e-17,2.9180781122928,0.651,0.135,9.4851673495447e-13,"Gvin1-201",9.4851673495447e-13,"Up"
1.2596779008129e-17,2.09272115830087,0.523,0.047,9.6811285389075e-13,"Mylip-201",9.6811285389075e-13,"Up"
1.44861452532726e-17,4.32478062772955,0.442,0.023,1.11331820729502e-12,"Npr3-201",1.11331820729502e-12,"Up"
1.52675645774324e-17,2.89020123152247,0.849,0.421,1.17337340803399e-12,"Akap12-205",1.17337340803399e-12,"Up"
1.71925388924565e-17,3.27180458786127,0.535,0.058,1.32131538404086e-12,"Prl3b1-201",1.32131538404086e-12,"Up"
1.76627390833817e-17,2.27478667688739,0.721,0.211,1.35745214951422e-12,"Adgrl4-201",1.35745214951422e-12,"Up"
1.80059680821134e-17,3.3281613711843,0.43,0.018,1.38383067098274e-12,"Bgn-201",1.38383067098274e-12,"Up"
1.86901076365675e-17,2.39590483214289,0.547,0.058,1.43640953230076e-12,"Ripor1-201",1.43640953230076e-12,"Up"
1.8841163717397e-17,2.97840509074925,0.64,0.14,1.44801879633683e-12,"Garre1-202",1.44801879633683e-12,"Up"
1.96172393490379e-17,2.89699719012781,0.605,0.094,1.50766331293096e-12,"Ly6e-210",1.50766331293096e-12,"Up"
2.24861352772506e-17,2.63156428147349,0.453,0.023,1.72814944059782e-12,"Pltp-201",1.72814944059782e-12,"Up"
2.41286933853677e-17,2.87462947257329,0.453,0.023,1.85438660143905e-12,"Tmem140-201",1.85438660143905e-12,"Up"
2.55838405233813e-17,2.52650287921166,0.837,0.386,1.96622047958394e-12,"Pecam1-204",1.96622047958394e-12,"Up"
3.0673822876018e-17,3.84179888697886,0.43,0.018,2.35740598331349e-12,"Cyth1-201",2.35740598331349e-12,"Up"
3.13108397815263e-17,2.10536237142838,0.535,0.053,2.40636328056943e-12,"Baz2b-202",2.40636328056943e-12,"Up"
3.15908821171921e-17,2.33333745349985,0.465,0.029,2.42788565423468e-12,"Gsk3b-201",2.42788565423468e-12,"Up"
3.21897867918204e-17,2.89262901746405,0.43,0.018,2.47391387409857e-12,"Samd9l-201",2.47391387409857e-12,"Up"
3.53901354873384e-17,3.60493035176014,0.477,0.041,2.7198734727439e-12,"Dock9-202",2.7198734727439e-12,"Up"
3.54468474296893e-17,3.44886795423546,0.43,0.018,2.72423201236134e-12,"Cyth1-207",2.72423201236134e-12,"Up"
3.83841566343809e-17,2.71670582332312,0.488,0.041,2.94997597397871e-12,"Pnp-201",2.94997597397871e-12,"Up"
3.90329427453149e-17,3.69234937526612,0.407,0.012,2.99983778174843e-12,"Nuak2-202",2.99983778174843e-12,"Up"
4.06539720675047e-17,3.11948094454608,0.593,0.094,3.12442036927601e-12,"Dst-211",3.12442036927601e-12,"Up"
4.17484096259133e-17,2.74344413859459,0.628,0.123,3.20853227338994e-12,"Tm4sf1-205",3.20853227338994e-12,"Up"
4.36346011779669e-17,3.03165001166881,0.512,0.053,3.35349363893147e-12,"Nufip2-201",3.35349363893147e-12,"Up"
4.39328386788914e-17,1.94974792384471,0.535,0.053,3.37641438382752e-12,"Lyz2-201",3.37641438382752e-12,"Up"
4.39518408125981e-17,3.6422354259661,0.453,0.029,3.37787477381142e-12,"Nfib-203",3.37787477381142e-12,"Up"
4.41928727065546e-17,4.25772389271978,0.407,0.012,3.39639903898954e-12,"Fbn1-202",3.39639903898954e-12,"Up"
4.9966353320542e-17,3.41010928922415,0.465,0.035,3.84011411809693e-12,"Fcho2-202",3.84011411809693e-12,"Up"
5.36254161068846e-17,2.73125005259469,0.674,0.152,4.12132772947851e-12,"Gvin2-201",4.12132772947851e-12,"Up"
5.36793772434325e-17,3.01401189243071,0.523,0.058,4.12547485866676e-12,"Lats2-201",4.12547485866676e-12,"Up"
5.65080854250956e-17,3.3739295005448,0.593,0.099,4.3428723972603e-12,"Dst-201",4.3428723972603e-12,"Up"
5.78354612472867e-17,-1.55409303401349,0.826,0.953,4.44488653869897e-12,"Ptma-201",4.44488653869897e-12,"Down"
7.81688616009656e-17,2.02115111563135,0.477,0.035,6.00758968948061e-12,"Taok1-202",6.00758968948061e-12,"Up"
7.8333133184747e-17,4.0604157846755,0.43,0.023,6.02021461778054e-12,"Bltp1-201",6.02021461778054e-12,"Up"
7.98603132262661e-17,5.66675683580655,0.36,0,6.13758451269146e-12,"Lamc2-203",6.13758451269146e-12,"Up"
7.98603132262661e-17,5.66675683580655,0.36,0,6.13758451269146e-12,"Lamc2-201",6.13758451269146e-12,"Up"
7.98603132262661e-17,6.34663559535623,0.36,0,6.13758451269146e-12,"Col6a3-208",6.13758451269146e-12,"Up"
7.98603132262661e-17,5.65102086672369,0.36,0,6.13758451269146e-12,"Prx-203",6.13758451269146e-12,"Up"
8.11703647829753e-17,2.82555017330955,0.488,0.041,6.23826721503078e-12,"Sipa1l2-202",6.23826721503078e-12,"Up"
8.31251150678797e-17,3.43392968365418,0.605,0.099,6.38849759342682e-12,"Afp-201",6.38849759342682e-12,"Up"
8.37906083217059e-17,2.79694543634225,0.593,0.094,6.43964341195638e-12,"Ly6e-208",6.43964341195638e-12,"Up"
8.37906083217059e-17,2.796945436068,0.593,0.094,6.43964341195638e-12,"Ly6e-211",6.43964341195638e-12,"Up"
8.38415776468892e-17,2.44379170514667,0.674,0.158,6.44356060847402e-12,"Tcim-201",6.44356060847402e-12,"Up"
8.66812142454623e-17,2.58960085277973,0.535,0.058,6.66179803962076e-12,"Afdn-216",6.66179803962076e-12,"Up"
8.69482824700317e-17,2.24559605231666,0.663,0.135,6.68232330095182e-12,"Ncor2-206",6.68232330095182e-12,"Up"
8.95808885359253e-17,2.6874912527197,0.453,0.029,6.88464960754001e-12,"Pde2a-212",6.88464960754001e-12,"Up"
8.95808885359253e-17,2.6874912527197,0.453,0.029,6.88464960754001e-12,"Pde2a-204",6.88464960754001e-12,"Up"
9.34108579363873e-17,2.47528861543639,0.477,0.035,7.17899807584311e-12,"Piezo1-201",7.17899807584311e-12,"Up"
9.3605106781898e-17,-1.89607609682145,0.837,0.982,7.19392687661599e-12,"Tpt1-201",7.19392687661599e-12,"Down"
9.60257307281267e-17,3.33705066885472,0.465,0.035,7.37996150937945e-12,"Helz2-201",7.37996150937945e-12,"Up"
1.0741011352376e-16,3.36019887983071,0.465,0.035,8.25489686475508e-12,"Helz2-203",8.25489686475508e-12,"Up"
1.12708002971087e-16,2.92748136736109,0.779,0.287,8.66206086033996e-12,"Pakap-202",8.66206086033996e-12,"Up"
1.14178329334109e-16,2.23662999722891,0.581,0.076,8.77506132264359e-12,"Prl8a9-201",8.77506132264359e-12,"Up"
1.19018900816436e-16,2.2492929765166,0.547,0.064,9.14707860334638e-12,"Nfe2l2-201",9.14707860334638e-12,"Up"
1.19739927246817e-16,3.4456593284871,0.419,0.018,9.20249236862685e-12,"Map3k6-201",9.20249236862685e-12,"Up"
1.43582128393707e-16,2.48617313495485,0.616,0.111,1.103486089557e-11,"Spry4-201",1.103486089557e-11,"Up"
1.46212664133614e-16,4.46334537605483,0.395,0.012,1.12370280893248e-11,"Mcf2l-203",1.12370280893248e-11,"Up"
1.46852976995698e-16,2.63457176464348,0.465,0.035,1.12862386940274e-11,"Btbd7-206",1.12862386940274e-11,"Up"
1.52808137826819e-16,1.86286518150716,0.593,0.082,1.17439166245424e-11,"Lrrc8c-201",1.17439166245424e-11,"Up"
1.5613197178923e-16,1.79540774083003,0.756,0.193,1.19993665598895e-11,"Fgd5-201",1.19993665598895e-11,"Up"
1.71624202565832e-16,2.59899487710202,0.465,0.035,1.31900064639944e-11,"Mmp28-202",1.31900064639944e-11,"Up"
1.9820817391227e-16,2.38369981803772,0.849,0.444,1.52330909978536e-11,"Sptbn1-201",1.52330909978536e-11,"Up"
2.31550341784184e-16,2.92153827218883,0.512,0.058,1.77955699674817e-11,"Dennd5b-201",1.77955699674817e-11,"Up"
2.59461901131972e-16,3.13834798051753,0.488,0.047,1.99406849495966e-11,"Myadm-204",1.99406849495966e-11,"Up"
2.63636599029523e-16,2.93666958282954,0.372,0.006,2.0261527181815e-11,"Fat4-201",2.0261527181815e-11,"Up"
2.66914367755095e-16,1.78592102330176,0.895,0.497,2.051343681945e-11,"Plvap-201",2.051343681945e-11,"Up"
2.85356797386077e-16,6.1720822567669,0.349,0,2.19308113063095e-11,"Ceacam12-201",2.19308113063095e-11,"Up"
2.98631520975156e-16,1.70855488061668,0.465,0.035,2.29510269130247e-11,"Glg1-204",2.29510269130247e-11,"Up"
3.05815878118099e-16,2.85209953568557,0.651,0.135,2.35031734968884e-11,"Ncor2-205",2.35031734968884e-11,"Up"
3.06932499989863e-16,2.89270033183638,0.581,0.094,2.35889903542209e-11,"Ly6e-201",2.35889903542209e-11,"Up"
3.14949098595842e-16,2.86208804546975,0.547,0.088,2.42050980234848e-11,"Itga1-201",2.42050980234848e-11,"Up"
3.22645908855509e-16,2.45307156454005,0.512,0.058,2.47966286791813e-11,"Atp2b1-201",2.47966286791813e-11,"Up"
3.23381446119415e-16,3.89380277889604,0.407,0.018,2.48531576600615e-11,"Apoa1-201",2.48531576600615e-11,"Up"
3.55113324715245e-16,2.12930763873856,0.605,0.105,2.72918794576654e-11,"Sgk1-201",2.72918794576654e-11,"Up"
4.2112377676284e-16,1.95076120859816,0.779,0.298,3.23650467393313e-11,"Arhgap31-201",3.23650467393313e-11,"Up"
4.24892956100074e-16,2.20660530728315,0.663,0.152,3.26547232481151e-11,"Amotl1-201",3.26547232481151e-11,"Up"
4.48104627832719e-16,1.99803018144198,0.814,0.298,3.44386330674558e-11,"Ubc-202",3.44386330674558e-11,"Up"
4.50980007032064e-16,2.22527400862762,0.616,0.117,3.46596174604423e-11,"Pxdc1-202",3.46596174604423e-11,"Up"
4.60375797511072e-16,2.44415214627387,0.558,0.076,3.53817215419159e-11,"Smad7-201",3.53817215419159e-11,"Up"
4.73202684550928e-16,2.8640207730864,0.407,0.018,3.6367519118477e-11,"Sh2d3c-202",3.6367519118477e-11,"Up"
5.55547719478942e-16,4.26717674750601,0.384,0.012,4.26960644328346e-11,"Xiap-203",4.26960644328346e-11,"Up"
5.58356349384265e-16,3.08843995352644,0.791,0.304,4.29119188755783e-11,"Pakap-206",4.29119188755783e-11,"Up"
5.86315706501323e-16,3.34565655134946,0.477,0.047,4.50607073074527e-11,"Cebpd-201",4.50607073074527e-11,"Up"
5.97923242000412e-16,3.98064901346113,0.384,0.012,4.59527928406996e-11,"Rapgef3-203",4.59527928406996e-11,"Up"
6.0260171858403e-16,3.79888899663521,0.419,0.023,4.63123524800571e-11,"Caskin2-201",4.63123524800571e-11,"Up"
6.02951554291953e-16,4.09950924353886,0.453,0.041,4.63392387535538e-11,"Rapgef1-203",4.63392387535538e-11,"Up"
6.09961367402085e-16,3.025629590931,0.465,0.041,4.68779709303198e-11,"Alas1-207",4.68779709303198e-11,"Up"
6.27926910341442e-16,2.8216521568711,0.384,0.012,4.82586947673812e-11,"Psg26-201",4.82586947673812e-11,"Up"
6.38441568426417e-16,2.94056012774051,0.477,0.047,4.90667882998438e-11,"Mrtfb-204",4.90667882998438e-11,"Up"
6.50028069185176e-16,2.41932064579241,0.512,0.064,4.99572572291575e-11,"Fas-201",4.99572572291575e-11,"Up"
6.75522067571259e-16,1.94020665807364,0.535,0.064,5.19165729811216e-11,"Ier5-201",5.19165729811216e-11,"Up"
6.87892562420281e-16,3.34914785436906,0.43,0.029,5.28672949922483e-11,"Cd47-201",5.28672949922483e-11,"Up"
7.08526073266684e-16,2.40950883161647,0.593,0.111,5.44530628348377e-11,"Ace-201",5.44530628348377e-11,"Up"
8.0087480243637e-16,4.72160018455348,0.36,0.006,6.15504320664448e-11,"Xiap-201",6.15504320664448e-11,"Up"
8.15614704721518e-16,2.01693045765834,0.488,0.047,6.26832525166676e-11,"Sik3-204",6.26832525166676e-11,"Up"
8.67882315239577e-16,2.34704581422454,0.558,0.082,6.67002274554224e-11,"Gvin-ps7-201",6.67002274554224e-11,"Up"
9.32264996840199e-16,2.85361260885665,0.36,0.006,7.16482940671566e-11,"Pappa2-202",7.16482940671566e-11,"Up"
9.32264996840199e-16,3.78727435202995,0.36,0.006,7.16482940671566e-11,"Dennd4a-201",7.16482940671566e-11,"Up"
1.00183756099871e-15,2.61991043297642,0.465,0.041,7.69952239129948e-11,"Itprip-201",7.69952239129948e-11,"Up"
1.17456798421415e-15,2.03963734940562,0.57,0.088,9.02702478587946e-11,"Klf3-201",9.02702478587946e-11,"Up"
1.19048290462862e-15,5.19407686282355,0.372,0.012,9.1493373152328e-11,"Kcnb1-204",9.1493373152328e-11,"Up"
1.20840549842199e-15,2.93593279557412,0.43,0.029,9.28707961757235e-11,"Pvr-201",9.28707961757235e-11,"Up"
1.26363918535726e-15,2.79233951910381,0.57,0.094,9.71157259514467e-11,"Ly6e-213",9.71157259514467e-11,"Up"
1.32852352807244e-15,2.70815753654108,0.395,0.018,1.0210234722648e-10,"Cav2-201",1.0210234722648e-10,"Up"
1.49979800334531e-15,2.61977006758775,0.663,0.181,1.15265475749101e-10,"Eng-201",1.15265475749101e-10,"Up"
1.69819024847463e-15,3.03812380673941,0.465,0.047,1.30512713356269e-10,"Timp3-204",1.30512713356269e-10,"Up"
1.72209822834752e-15,2.67737301588852,0.395,0.018,1.32350137241421e-10,"Atrnl1-201",1.32350137241421e-10,"Up"
1.82706214709191e-15,2.53371440479254,0.616,0.14,1.40417034252602e-10,"Heg1-205",1.40417034252602e-10,"Up"
1.98307541063454e-15,2.05869043634965,0.395,0.018,1.52407277608907e-10,"Chst2-201",1.52407277608907e-10,"Up"
1.99511614936397e-15,2.17422648561511,0.477,0.047,1.53332656543219e-10,"Sptlc2-201",1.53332656543219e-10,"Up"
2.03661673821885e-15,2.08460664264913,0.547,0.076,1.56522142799071e-10,"Foxf1-201",1.56522142799071e-10,"Up"
2.12478882838148e-15,2.02694462593284,0.535,0.076,1.6329852061643e-10,"Hecw2-203",1.6329852061643e-10,"Up"
2.12478882838148e-15,2.02694462593284,0.535,0.076,1.6329852061643e-10,"Hecw2-201",1.6329852061643e-10,"Up"
2.19281791320415e-15,3.44929722747164,0.372,0.012,1.68526827901392e-10,"Mucl3-201",1.68526827901392e-10,"Up"
2.25464797609429e-15,4.17148981510473,0.477,0.058,1.7327871555475e-10,"Lyve1-201",1.7327871555475e-10,"Up"
2.26168727078586e-15,1.95542506953699,0.477,0.047,1.73819713508976e-10,"Zc3h7a-201",1.73819713508976e-10,"Up"
2.28694545867423e-15,2.61182970079318,0.535,0.082,1.75760906280949e-10,"Pde4b-203",1.75760906280949e-10,"Up"
2.40864225833816e-15,1.98265138269873,0.651,0.14,1.85113792122321e-10,"Itpkb-201",1.85113792122321e-10,"Up"
2.41548471732283e-15,2.49822371171706,0.512,0.07,1.85639662465129e-10,"Cemip2-201",1.85639662465129e-10,"Up"
2.45805846932937e-15,2.64029030963878,0.523,0.082,1.88911625601839e-10,"Sorbs3-203",1.88911625601839e-10,"Up"
2.51330968978392e-15,2.17612926714499,0.756,0.205,1.93157902898653e-10,"Egr1-201",1.93157902898653e-10,"Up"
2.53691850444201e-15,3.12865061278069,0.372,0.012,1.94972334740386e-10,"Ralgapa1-204",1.94972334740386e-10,"Up"
2.55218565263323e-15,3.12547242495868,0.558,0.094,1.96145676147475e-10,"Brwd1-205",1.96145676147475e-10,"Up"
2.60327547234147e-15,5.40394519333485,0.349,0.006,2.00072133151331e-10,"Stc1-201",2.00072133151331e-10,"Up"
2.7285820158655e-15,2.35925560775354,0.605,0.123,2.09702442247327e-10,"Ncor2-203",2.09702442247327e-10,"Up"
2.8797170085596e-15,4.70772664996344,0.349,0.006,2.21317770975839e-10,"Ifngr1-203",2.21317770975839e-10,"Up"
2.99398133216704e-15,3.95531068460576,0.384,0.018,2.30099441302366e-10,"Nedd9-205",2.30099441302366e-10,"Up"
3.05284791335037e-15,3.32825838582527,0.419,0.029,2.3462357353263e-10,"Alas1-201",2.3462357353263e-10,"Up"
3.47069078078928e-15,1.72731717225246,0.826,0.316,2.66736469266779e-10,"Nfkbia-201",2.66736469266779e-10,"Up"
3.57935311662422e-15,1.92645522301548,0.407,0.023,2.75087604425038e-10,"Kctd12-202",2.75087604425038e-10,"Up"
3.65921788963769e-15,1.62142571061569,0.849,0.45,2.81225531690215e-10,"Cdh5-201",2.81225531690215e-10,"Up"
3.746060079332e-15,2.43139279953475,0.407,0.023,2.87899701336981e-10,"Plxnb2-202",2.87899701336981e-10,"Up"
3.76516927696471e-15,2.18732193998894,0.616,0.123,2.89368319611846e-10,"Sik1-201",2.89368319611846e-10,"Up"
3.86690860665942e-15,1.7112628818157,0.628,0.117,2.97187394056203e-10,"Ski-202",2.97187394056203e-10,"Up"
3.86690860665942e-15,1.7112628818157,0.628,0.117,2.97187394056203e-10,"Ski-201",2.97187394056203e-10,"Up"
3.87837574159827e-15,1.72716431313653,0.488,0.053,2.98068689244793e-10,"Bmp6-201",2.98068689244793e-10,"Up"
4.12448211972364e-15,1.70197247151504,0.477,0.053,3.1698294882924e-10,"Adgre5-202",3.1698294882924e-10,"Up"
4.18660667604601e-15,2.68788365542384,0.453,0.041,3.2175746948084e-10,"Fam117b-201",3.2175746948084e-10,"Up"
4.4307146847582e-15,2.19222715008469,0.488,0.058,3.40518146382407e-10,"Zbed6-201",3.40518146382407e-10,"Up"
4.5571771141499e-15,1.82661991271431,0.453,0.041,3.50237289930876e-10,"Stag2-203",3.50237289930876e-10,"Up"
4.56491243976247e-15,3.004952188091,0.57,0.111,3.50831780645505e-10,"Cd36-204",3.50831780645505e-10,"Up"
4.57558847101572e-15,2.64059447270452,0.535,0.094,3.51652276351442e-10,"Emp1-202",3.51652276351442e-10,"Up"
4.76096749247617e-15,2.3087490044587,0.477,0.053,3.65899395666763e-10,"Lrrc32-203",3.65899395666763e-10,"Up"
5.00467422812909e-15,1.80767825954528,0.512,0.07,3.84629233128633e-10,"Plekho2-201",3.84629233128633e-10,"Up"
5.26166965035656e-15,1.85848469914923,0.488,0.053,4.04380359308503e-10,"Baz2b-201",4.04380359308503e-10,"Up"
5.49608878714606e-15,2.4833310521032,0.581,0.117,4.22396407647324e-10,"Tm4sf1-202",4.22396407647324e-10,"Up"
5.64745283182177e-15,2.64746633034024,0.384,0.018,4.34029339936831e-10,"Arhgef26-201",4.34029339936831e-10,"Up"
5.95390572250882e-15,4.13675127393459,0.36,0.012,4.57581470397693e-10,"Sbf2-201",4.57581470397693e-10,"Up"
5.97979115464344e-15,-3.76866536534143,0.419,0.731,4.59570869398967e-10,"Hnrnpa2b1-201",4.59570869398967e-10,"Down"
6.21928847210959e-15,2.1563289095269,0.465,0.047,4.77977196235511e-10,"Stag2-201",4.77977196235511e-10,"Up"
6.86660818558416e-15,2.28152657911599,0.558,0.094,5.27726305494885e-10,"Aff1-202",5.27726305494885e-10,"Up"
7.04206932872804e-15,2.52203427267397,0.465,0.047,5.41211196190065e-10,"Sipa1l2-204",5.41211196190065e-10,"Up"
7.12579255271304e-15,1.88343483018991,0.57,0.088,5.47645660846208e-10,"Sh3pxd2a-201",5.47645660846208e-10,"Up"
7.12803099589265e-15,1.24554596794186,0.488,0.053,5.47817694158333e-10,"Ifngr1-201",5.47817694158333e-10,"Up"
7.18924554461317e-15,1.60108688272858,0.465,0.047,5.52522277085701e-10,"Itm2a-201",5.52522277085701e-10,"Up"
7.22704014246946e-15,3.93406003132446,0.36,0.012,5.55426943109348e-10,"Rapgef3-205",5.55426943109348e-10,"Up"
7.22704014246946e-15,3.93406003132446,0.36,0.012,5.55426943109348e-10,"Rapgef3-204",5.55426943109348e-10,"Up"
7.34716274401111e-15,2.49095743424675,0.477,0.058,5.6465884552823e-10,"Leng8-201",5.6465884552823e-10,"Up"
7.40392928827699e-15,4.01201927569449,0.36,0.012,5.6902158152124e-10,"Ubn2-205",5.6902158152124e-10,"Up"
7.40392928827699e-15,3.94283728766928,0.36,0.012,5.6902158152124e-10,"Maff-203",5.6902158152124e-10,"Up"
7.40392928827699e-15,3.94283728766928,0.36,0.012,5.6902158152124e-10,"Maff-202",5.6902158152124e-10,"Up"
8.08782445550049e-15,2.67576832664854,0.43,0.035,6.21581660703034e-10,"Stag2-202",6.21581660703034e-10,"Up"
8.08782445550049e-15,2.55571983989567,0.43,0.035,6.21581660703034e-10,"Tanc1-201",6.21581660703034e-10,"Up"
8.20886147356054e-15,1.5763245227449,0.488,0.053,6.30883839689021e-10,"Nhlrc2-201",6.30883839689021e-10,"Up"
8.61799479558464e-15,3.0985047965795,0.395,0.023,6.62327372019862e-10,"Pltp-202",6.62327372019862e-10,"Up"
8.83797023881352e-15,2.23529817605674,0.465,0.047,6.79233364733774e-10,"BC005537-201",6.79233364733774e-10,"Up"
9.0182264420266e-15,3.07296904773118,0.395,0.023,6.93086774975512e-10,"Specc1l-202",6.93086774975512e-10,"Up"
9.0530870799223e-15,1.81570765495112,0.558,0.088,6.95765954440348e-10,"Kmt2e-201",6.95765954440348e-10,"Up"
9.30965085139798e-15,1.94624588982596,0.523,0.07,7.1548390653334e-10,"Adgrf5-202",7.1548390653334e-10,"Up"
1.02428500515127e-14,2.31006776200244,0.593,0.129,7.87203997858954e-10,"Arid5b-204",7.87203997858954e-10,"Up"
1.02573260010216e-14,4.3928265697769,0.337,0.006,7.88316532482511e-10,"Xiap-202",7.88316532482511e-10,"Up"
1.08574807098958e-14,3.44195794234014,0.453,0.053,8.3444082247833e-10,"Adam23-201",8.3444082247833e-10,"Up"
1.20754528813771e-14,2.5967636899969,0.767,0.287,9.28046855745353e-10,"Pakap-207",9.28046855745353e-10,"Up"
1.2341355386372e-14,2.13289331844644,0.547,0.088,9.48482526864232e-10,"Itpripl2-201",9.48482526864232e-10,"Up"
1.27056160902433e-14,1.67868883135345,0.43,0.035,9.76477418999555e-10,"Dcn-202",9.76477418999555e-10,"Up"
1.27563767753926e-14,2.71688028245628,0.407,0.029,9.80378580696024e-10,"Dab2ip-202",9.80378580696024e-10,"Up"
1.29160680692397e-14,-3.56972280262718,0.57,0.789,9.92651495393346e-10,"Prdx2-201",9.92651495393346e-10,"Down"
1.31139532635763e-14,2.15633052230556,0.767,0.292,1.00785976411889e-09,"Arhgap29-201",1.00785976411889e-09,"Up"
1.34215731312074e-14,2.8667500111097,0.477,0.058,1.03150158142581e-09,"9930111J21Rik2-202",1.03150158142581e-09,"Up"
1.47594478530581e-14,2.11234985394017,0.43,0.035,1.13432260529893e-09,"Chst15-202",1.13432260529893e-09,"Up"
1.54997347102284e-14,2.3554201819613,0.442,0.041,1.1912166114199e-09,"Cttnbp2nl-201",1.1912166114199e-09,"Up"
1.65805149384727e-14,2.09407379242323,0.581,0.111,1.27427889508138e-09,"Adgrf5-205",1.27427889508138e-09,"Up"
1.68052472554046e-14,1.8249408284709,0.547,0.094,1.29155047256687e-09,"Tek-203",1.29155047256687e-09,"Up"
1.72046018953154e-14,1.32290999368264,0.674,0.17,1.32224247406257e-09,"Zmiz1-208",1.32224247406257e-09,"Up"
1.72854438199721e-14,2.6239325051187,0.419,0.035,1.32845549934014e-09,"Gadd45b-201",1.32845549934014e-09,"Up"
1.79471423733005e-14,2.13119088096786,0.442,0.041,1.37930967995763e-09,"Tshz2-202",1.37930967995763e-09,"Up"
1.80391257299731e-14,2.43373152493623,0.453,0.047,1.38637896885135e-09,"Rflnb-201",1.38637896885135e-09,"Up"
1.92229634996675e-14,2.90819423238785,0.372,0.018,1.47736163680345e-09,"Dnajb9-201",1.47736163680345e-09,"Up"
1.96743376148816e-14,2.82200677538911,0.372,0.018,1.51205154305411e-09,"Arap2-201",1.51205154305411e-09,"Up"
1.97319573477066e-14,1.68031839411456,0.523,0.076,1.51647985000064e-09,"Itgb3-201",1.51647985000064e-09,"Up"
2.09311882657429e-14,4.5608990495104,0.349,0.012,1.60864554297541e-09,"Tmem204-201",1.60864554297541e-09,"Up"
2.10919449554232e-14,1.78454899836517,0.372,0.018,1.62100033760409e-09,"Mib1-201",1.62100033760409e-09,"Up"
2.14512779093687e-14,2.29386449894246,0.605,0.135,1.64861651244662e-09,"Ncor2-202",1.64861651244662e-09,"Up"
2.16331216794692e-14,2.44916290886325,0.488,0.064,1.66259193355393e-09,"Dusp5-201",1.66259193355393e-09,"Up"
2.18964159989101e-14,2.06871847036518,0.605,0.123,1.68282715518024e-09,"Birc6-202",1.68282715518024e-09,"Up"
2.19707976263056e-14,2.05397913297348,0.802,0.275,1.68854368077209e-09,"Ccn1-201",1.68854368077209e-09,"Up"
2.29603593337874e-14,2.58589265076227,0.581,0.129,1.7645954562389e-09,"Gvin1-202",1.7645954562389e-09,"Up"
2.35411148528747e-14,1.8832987194583,0.535,0.082,1.80922884090283e-09,"Pik3r1-202",1.80922884090283e-09,"Up"
2.41830381415377e-14,3.97720123644625,0.349,0.012,1.85856321332974e-09,"Plcb4-215",1.85856321332974e-09,"Up"
2.66219568317284e-14,3.396657658549,0.349,0.012,2.04600387034566e-09,"Trappc9-208",2.04600387034566e-09,"Up"
2.71958287179309e-14,3.04839645265495,0.395,0.029,2.09010822028786e-09,"Cdkn1a-205",2.09010822028786e-09,"Up"
2.82833410408879e-14,3.04146107240086,0.384,0.023,2.1736878923564e-09,"Rapgef4-201",2.1736878923564e-09,"Up"
2.86084056755148e-14,2.53438291471977,0.349,0.012,2.19867040978602e-09,"Prl2b1-202",2.19867040978602e-09,"Up"
2.86084056755148e-14,3.48076171105446,0.349,0.012,2.19867040978602e-09,"Cdc42ep4-202",2.19867040978602e-09,"Up"
2.94521567735269e-14,4.42008356091663,0.36,0.018,2.26351605667264e-09,"Zfp451-202",2.26351605667264e-09,"Up"
3.0123215568669e-14,1.62968339613737,0.512,0.07,2.31508960931448e-09,"Gbp4-202",2.31508960931448e-09,"Up"
3.16520987275532e-14,2.98888929299412,0.384,0.023,2.43259039560737e-09,"Specc1l-201",2.43259039560737e-09,"Up"
3.31074583527774e-14,2.90434946724322,0.384,0.023,2.54444060424436e-09,"Diaph2-202",2.54444060424436e-09,"Up"
3.36066466579661e-14,1.24951636247329,0.488,0.058,2.58280522225133e-09,"Nipbl-201",2.58280522225133e-09,"Up"
3.3699339793644e-14,1.68428732001643,0.512,0.076,2.58992906050072e-09,"Ino80d-203",2.58992906050072e-09,"Up"
3.42098820420333e-14,1.33190821613048,0.442,0.041,2.62916627445842e-09,"Bod1l-204",2.62916627445842e-09,"Up"
3.45770486173094e-14,1.18028244589744,0.558,0.088,2.65738449443469e-09,"Ptpra-201",2.65738449443469e-09,"Up"
3.5789745026987e-14,1.98610100678657,0.419,0.035,2.75058506430406e-09,"Med13-201",2.75058506430406e-09,"Up"
3.71210573850376e-14,1.60187267897894,0.512,0.07,2.85290174426968e-09,"Csrnp1-204",2.85290174426968e-09,"Up"
3.85550270164411e-14,1.57293346522174,0.512,0.07,2.96310804632156e-09,"Csrnp1-201",2.96310804632156e-09,"Up"
4.08086835456614e-14,2.69386381005513,0.5,0.076,3.13631056521826e-09,"Itgav-201",3.13631056521826e-09,"Up"
4.400429425723e-14,2.12872926802405,0.547,0.105,3.38190603084516e-09,"Utrn-201",3.38190603084516e-09,"Up"
4.57878918515836e-14,2.01243380414401,0.465,0.053,3.51898264036161e-09,"Clu-201",3.51898264036161e-09,"Up"
4.62516971633077e-14,2.24905938653939,0.616,0.14,3.55462793378885e-09,"Tgfbr3-201",3.55462793378885e-09,"Up"
4.72959808147313e-14,4.92376431791398,0.337,0.012,3.63488530953536e-09,"Qki-206",3.63488530953536e-09,"Up"
4.79883336158004e-14,3.78556443139878,0.36,0.018,3.68809539170873e-09,"Lats1-202",3.68809539170873e-09,"Up"
4.81739830496253e-14,1.7644180280899,0.419,0.035,3.70236329329591e-09,"Chst15-201",3.70236329329591e-09,"Up"
4.85122989334163e-14,1.67225117737916,0.593,0.117,3.72836422222878e-09,"Emcn-202",3.72836422222878e-09,"Up"
4.99736901029914e-14,1.80591324428085,0.43,0.041,3.8406779791753e-09,"Eml1-201",3.8406779791753e-09,"Up"
5.24285350647412e-14,1.4407204248394,0.419,0.035,4.02934263386562e-09,"Pitpnc1-202",4.02934263386562e-09,"Up"
5.46466284877895e-14,4.91718536956313,0.337,0.012,4.19981198580058e-09,"Adamts9-203",4.19981198580058e-09,"Up"
5.62356225837506e-14,2.61670134092666,0.442,0.047,4.32193253805157e-09,"Rapgef5-201",4.32193253805157e-09,"Up"
5.81225548892703e-14,1.79672194049646,0.488,0.064,4.46695083345998e-09,"Sox7-201",4.46695083345998e-09,"Up"
6.01354588048529e-14,2.79635008155156,0.488,0.07,4.62165055098817e-09,"Smg1-201",4.62165055098817e-09,"Up"
6.40765737213034e-14,1.72319640718636,0.43,0.041,4.92454099677705e-09,"Dusp11-201",4.92454099677705e-09,"Up"
6.45576769670125e-14,1.92842983607479,0.465,0.058,4.96151570562278e-09,"Akap9-201",4.96151570562278e-09,"Up"
6.56792102012122e-14,3.693902570037,0.372,0.023,5.04771002080396e-09,"Ankrd33b-202",5.04771002080396e-09,"Up"
6.97385691121701e-14,2.40856847337847,0.407,0.035,5.35968799054672e-09,"Mga-204",5.35968799054672e-09,"Up"
7.26739423680139e-14,1.30022120555656,0.988,0.883,5.58528316675134e-09,"Col4a1-201",5.58528316675134e-09,"Up"
7.59217920032282e-14,2.50935947457915,0.407,0.035,5.8348934026161e-09,"Gvin-ps2-201",5.8348934026161e-09,"Up"
7.87292400314798e-14,1.99196595105516,0.453,0.053,6.05065701337935e-09,"Ssh1-204",6.05065701337935e-09,"Up"
7.91815752732616e-14,1.53993309911603,0.733,0.234,6.08542078605125e-09,"Dlc1-201",6.08542078605125e-09,"Up"
8.01907667520339e-14,4.7278789930491,0.337,0.012,6.16298118796081e-09,"Arhgap29-206",6.16298118796081e-09,"Up"
8.21293773235694e-14,3.35499091697999,0.337,0.012,6.3119711648256e-09,"Tnks2-201",6.3119711648256e-09,"Up"
8.26701550696193e-14,1.80020013196526,0.442,0.047,6.35353209772052e-09,"Gbp7-202",6.35353209772052e-09,"Up"
8.27603762434686e-14,2.10354399943482,0.512,0.076,6.36046595581554e-09,"Soga1-201",6.36046595581554e-09,"Up"
8.41140358684217e-14,3.90809311549848,0.337,0.012,6.46450011263168e-09,"Mcf2l-222",6.46450011263168e-09,"Up"
8.44128168050381e-14,2.50050861819823,0.407,0.035,6.4874626227344e-09,"Pde2a-209",6.4874626227344e-09,"Up"
8.52428741062726e-14,2.37099388960967,0.453,0.053,6.55125584656348e-09,"Cttnbp2nl-202",6.55125584656348e-09,"Up"
8.55606089012988e-14,2.84121240433664,0.384,0.029,6.57567503650042e-09,"Asap2-201",6.57567503650042e-09,"Up"
8.61852089585032e-14,1.91158621411574,0.884,0.409,6.6236780492968e-09,"Jun-201",6.6236780492968e-09,"Up"
8.7299394458075e-14,1.63744962882111,0.43,0.041,6.7093076616809e-09,"Bod1l-201",6.7093076616809e-09,"Up"
8.75475470201282e-14,2.77453769787949,0.419,0.041,6.72837917868493e-09,"Skil-201",6.72837917868493e-09,"Up"
9.26794026968836e-14,2.09076053969772,0.593,0.123,7.1227828148663e-09,"Son-203",7.1227828148663e-09,"Up"
9.38377821579013e-14,2.36130354601347,0.477,0.064,7.21180890996334e-09,"Luzp1-207",7.21180890996334e-09,"Up"
9.70508713225012e-14,3.24397521183053,0.337,0.012,7.45874766461951e-09,"Arhgap5-204",7.45874766461951e-09,"Up"
1.01224990064122e-13,1.97960509897322,0.465,0.058,7.77954538638805e-09,"Notch4-201",7.77954538638805e-09,"Up"
1.02910122387744e-13,1.83488126148479,0.628,0.158,7.90905454598768e-09,"Dgkk-201",7.90905454598768e-09,"Up"
1.06427497438518e-13,3.29403657388086,0.384,0.029,8.17937888813985e-09,"Ceacam1-201",8.17937888813985e-09,"Up"
1.07460767634839e-13,3.59788241408125,0.372,0.023,8.25878983580794e-09,"Chd9-202",8.25878983580794e-09,"Up"
1.10270652021718e-13,2.72060923492401,0.477,0.07,8.47474069047709e-09,"Phldb1-210",8.47474069047709e-09,"Up"
1.15512665090802e-13,1.92561265247171,0.512,0.076,8.87761036288847e-09,"Rapgef2-206",8.87761036288847e-09,"Up"
1.16780317373095e-13,2.20970304463066,0.488,0.07,8.97503451139187e-09,"Rock1-201",8.97503451139187e-09,"Up"
1.18354269377507e-13,2.18633521624593,0.407,0.035,9.0959990187389e-09,"Baz2a-202",9.0959990187389e-09,"Up"
1.19818785045032e-13,1.72952888150474,0.558,0.099,9.20855290585087e-09,"S100a10-201",9.20855290585087e-09,"Up"
1.23683911208041e-13,1.77524659444856,0.442,0.047,9.50560331198276e-09,"Grn-211",9.50560331198276e-09,"Up"
1.23683911208041e-13,1.77524659444856,0.442,0.047,9.50560331198276e-09,"Grn-201",9.50560331198276e-09,"Up"
1.23933572719479e-13,4.03559112078181,0.384,0.029,9.52479079778284e-09,"Rin3-201",9.52479079778284e-09,"Up"
1.25576270683367e-13,3.02686711110163,0.372,0.023,9.65103870709951e-09,"Sema3g-201",9.65103870709951e-09,"Up"
1.25576270683367e-13,2.45493556025166,0.372,0.023,9.65103870709951e-09,"Gcnt2-201",9.65103870709951e-09,"Up"
1.28749279244836e-13,1.82476270533047,0.407,0.035,9.89489710708263e-09,"Nek7-202",9.89489710708263e-09,"Up"
1.30753819899457e-13,1.99040585601895,0.488,0.07,1.00489540745529e-08,"Slc43a3-201",1.00489540745529e-08,"Up"
1.38131729670445e-13,1.68073101412525,0.465,0.058,1.06159759520923e-08,"Lgals3bp-201",1.06159759520923e-08,"Up"
1.40040123950325e-13,1.04150699788102,0.407,0.035,1.07626436860783e-08,"Atf6-201",1.07626436860783e-08,"Up"
1.42531592793025e-13,2.13664740910961,0.453,0.053,1.09541230325151e-08,"Shroom2-202",1.09541230325151e-08,"Up"
1.43755262396286e-13,-4.07656225066001,0.116,0.573,1.10481669362042e-08,"Gna13-202",1.10481669362042e-08,"Down"
1.47420996658515e-13,3.3729514346495,0.384,0.029,1.13298932771935e-08,"Vps13d-202",1.13298932771935e-08,"Up"
1.50648459192797e-13,3.06166684009766,0.384,0.029,1.15779366828033e-08,"Lrp5-201",1.15779366828033e-08,"Up"
1.54824032044922e-13,3.27734204982317,0.419,0.047,1.18988461587804e-08,"Rapgef1-201",1.18988461587804e-08,"Up"
1.55378701895653e-13,1.95913619814126,0.605,0.14,1.19414747554885e-08,"Sash1-201",1.19414747554885e-08,"Up"
1.56816472144435e-13,2.0159988450984,0.453,0.058,1.20519731501884e-08,"Sema6a-201",1.20519731501884e-08,"Up"
1.56857551216241e-13,2.59222056106857,0.651,0.199,1.2055130241173e-08,"Wnk1-202",1.2055130241173e-08,"Up"
1.59342311318352e-13,2.41926679583495,0.419,0.041,1.22460939940606e-08,"Shroom3-202",1.22460939940606e-08,"Up"
1.60186388641353e-13,1.75675408636181,0.558,0.105,1.23109647126426e-08,"Cep85l-205",1.23109647126426e-08,"Up"
1.64084211727367e-13,1.64545743213271,0.605,0.123,1.2610528008095e-08,"Hivep2-201",1.2610528008095e-08,"Up"
1.66023311333183e-13,1.53204774975982,0.419,0.041,1.27595555692004e-08,"Specc1l-204",1.27595555692004e-08,"Up"
1.6674347234577e-13,-1.68479376718212,0.674,0.842,1.28149028236618e-08,"Rhoa-201",1.28149028236618e-08,"Down"
1.75989177955922e-13,1.32925630146865,0.349,0.018,1.35254722826244e-08,"Slco2a1-201",1.35254722826244e-08,"Up"
1.87947930149776e-13,2.13974900769465,0.43,0.047,1.44445502237309e-08,"Usp9x-201",1.44445502237309e-08,"Up"
1.8914327968614e-13,-3.23934847319565,0.221,0.754,1.45364176169986e-08,"Tpt1-208",1.45364176169986e-08,"Down"
2.1137391537482e-13,2.59685921008894,0.349,0.018,1.62449308922164e-08,"Stom-201",1.62449308922164e-08,"Up"
2.23580540607614e-13,2.02589637352951,0.57,0.117,1.71830588678576e-08,"Birc6-218",1.71830588678576e-08,"Up"
2.2588043158052e-13,2.00373904489497,0.535,0.105,1.73598146886893e-08,"Slc25a25-205",1.73598146886893e-08,"Up"
2.35781752745879e-13,1.56819734004909,0.453,0.058,1.81207708255318e-08,"Spata13-209",1.81207708255318e-08,"Up"
2.36946268300319e-13,2.25009449418314,0.349,0.018,1.82102685039527e-08,"Crebrf-201",1.82102685039527e-08,"Up"
2.36951046047638e-13,2.01977416007252,0.384,0.029,1.82106356929451e-08,"Taok1-201",1.82106356929451e-08,"Up"
2.36951046047638e-13,2.33693965409884,0.384,0.029,1.82106356929451e-08,"Crim1-201",1.82106356929451e-08,"Up"
2.48650643255096e-13,2.12537894171746,0.43,0.053,1.91097965367271e-08,"Tcf4-207",1.91097965367271e-08,"Up"
2.48703990374459e-13,2.15681297215062,0.442,0.053,1.91138964762387e-08,"Slc30a1-201",1.91138964762387e-08,"Up"
2.56418497161194e-13,1.21547473340693,0.488,0.07,1.97067871808264e-08,"Slc9a3r2-202",1.97067871808264e-08,"Up"
2.58706755579692e-13,2.66820348878262,0.43,0.053,1.98826489933216e-08,"Gatad2b-205",1.98826489933216e-08,"Up"
2.62977794733334e-13,2.44431832082147,0.523,0.094,2.02108954364356e-08,"Ly6e-205",2.02108954364356e-08,"Up"
2.62977794733334e-13,2.44431832047129,0.523,0.094,2.02108954364356e-08,"Ly6e-204",2.02108954364356e-08,"Up"
2.62977794733334e-13,2.44431832047129,0.523,0.094,2.02108954364356e-08,"Ly6e-206",2.02108954364356e-08,"Up"
2.72738706948887e-13,2.13875118396056,0.465,0.064,2.09610605838498e-08,"Clec1a-202",2.09610605838498e-08,"Up"
2.73018499687912e-13,2.47116127576091,0.605,0.164,2.09825637750148e-08,"Robo4-205",2.09825637750148e-08,"Up"
2.77442729247941e-13,1.64608013786394,0.512,0.082,2.13225835136213e-08,"Tgoln1-201",2.13225835136213e-08,"Up"
2.89354556158807e-13,3.25836905566176,0.36,0.023,2.2238055059029e-08,"Lrrc8a-202",2.2238055059029e-08,"Up"
2.97724219290643e-13,1.4863705914068,0.523,0.094,2.28812971493631e-08,"Phldb1-201",2.28812971493631e-08,"Up"
3.13226012022498e-13,2.25250238111224,0.488,0.076,2.40726719279771e-08,"Ppp1r16b-201",2.40726719279771e-08,"Up"
3.20391356876438e-13,1.47507746398294,0.488,0.07,2.46233573413817e-08,"Tut7-207",2.46233573413817e-08,"Up"
3.2733068575223e-13,3.01577362352664,0.407,0.041,2.51566725228019e-08,"Atp6ap1-201",2.51566725228019e-08,"Up"
3.30465582515388e-13,2.84420222177696,0.36,0.023,2.53976018786376e-08,"Tspan9-203",2.53976018786376e-08,"Up"
3.57701527969974e-13,1.95149619885656,0.581,0.123,2.74907932306044e-08,"Son-202",2.74907932306044e-08,"Up"
3.63514965269469e-13,2.37793840642022,0.395,0.035,2.79375791408197e-08,"Xbp1-201",2.79375791408197e-08,"Up"
3.77724617387927e-13,2.06922277820741,0.407,0.041,2.90296477447317e-08,"Cyyr1-201",2.90296477447317e-08,"Up"
3.82623904464666e-13,1.75462530745765,0.581,0.117,2.94061775537275e-08,"Nrp2-204",2.94061775537275e-08,"Up"
3.85713904063975e-13,2.84275718601335,0.36,0.023,2.96436563829327e-08,"Tcn2-204",2.96436563829327e-08,"Up"
3.85713904063975e-13,2.84275718601335,0.36,0.023,2.96436563829327e-08,"Tcn2-206",2.96436563829327e-08,"Up"
3.85713904063975e-13,2.84275718601335,0.36,0.023,2.96436563829327e-08,"Tcn2-205",2.96436563829327e-08,"Up"
3.85713904063975e-13,2.84275718601335,0.36,0.023,2.96436563829327e-08,"Tcn2-201",2.96436563829327e-08,"Up"
3.85713904063975e-13,2.84275718601335,0.36,0.023,2.96436563829327e-08,"Tcn2-202",2.96436563829327e-08,"Up"
3.90024315928189e-13,2.69675859026052,0.581,0.135,2.9974928776345e-08,"Nav1-208",2.9974928776345e-08,"Up"
4.25023827871548e-13,2.17788287196975,0.581,0.14,3.26647812672399e-08,"Gvin2-202",3.26647812672399e-08,"Up"
4.5326658863019e-13,2.2782610794073,0.512,0.094,3.48353504025846e-08,"Erbin-203",3.48353504025846e-08,"Up"
4.67141169641098e-13,3.0103691196566,0.372,0.029,3.59016674515969e-08,"2900026A02Rik-202",3.59016674515969e-08,"Up"
4.67336009511492e-13,2.5863226240077,0.43,0.053,3.59166416749962e-08,"Plcg1-203",3.59166416749962e-08,"Up"
4.80679265217851e-13,2.14567679242924,0.36,0.023,3.69421242490527e-08,"Plxnb2-201",3.69421242490527e-08,"Up"
4.90147064773465e-13,2.77699425653971,0.465,0.076,3.76697625160999e-08,"Pik3c2a-201",3.76697625160999e-08,"Up"
4.96769074885839e-13,2.66799721884143,0.337,0.018,3.81786904812763e-08,"Arhgap27-204",3.81786904812763e-08,"Up"
5.13402948154905e-13,1.69470481458696,0.36,0.023,3.94570701774971e-08,"Fmnl2-203",3.94570701774971e-08,"Up"
5.17686572329183e-13,1.99728071311897,0.395,0.035,3.9786283829787e-08,"Uap1-202",3.9786283829787e-08,"Up"
5.33998778650836e-13,1.77534035410549,0.407,0.041,4.10399421344313e-08,"Tanc1-203",4.10399421344313e-08,"Up"
5.36423772982645e-13,1.59793277623435,0.36,0.023,4.12263126488082e-08,"Fmnl2-201",4.12263126488082e-08,"Up"
5.43009990341805e-13,1.67750494089973,0.442,0.053,4.17324897977291e-08,"Mxd4-201",4.17324897977291e-08,"Up"
5.53636920820682e-13,2.00969848373657,0.442,0.053,4.25492119127527e-08,"Tpbpb-201",4.25492119127527e-08,"Up"
5.54501150119051e-13,2.38375461005118,0.372,0.029,4.26156313912496e-08,"Tmcc3-201",4.26156313912496e-08,"Up"
5.61486248793665e-13,1.32453244001696,0.593,0.135,4.31524641647884e-08,"Kmt2c-201",4.31524641647884e-08,"Up"
5.64467964052231e-13,1.92507329990734,0.442,0.053,4.33816209092702e-08,"Mcam-201",4.33816209092702e-08,"Up"
5.75623251352439e-13,1.86129005423187,0.547,0.117,4.42389493594404e-08,"Utrn-205",4.42389493594404e-08,"Up"
6.43961403928206e-13,2.42287828196149,0.372,0.029,4.94910097374984e-08,"Dpysl2-201",4.94910097374984e-08,"Up"
6.73848009522097e-13,1.699736236859,0.465,0.064,5.17879149238112e-08,"Rc3h1-202",5.17879149238112e-08,"Up"
6.86699929761667e-13,1.88727186236417,0.442,0.058,5.27756364019031e-08,"Zeb1-201",5.27756364019031e-08,"Up"
7.1265937821006e-13,1.26988558535215,0.663,0.164,5.4770723852956e-08,"Fermt2-201",5.4770723852956e-08,"Up"
7.16389702981318e-13,2.28368958799223,0.372,0.029,5.50574142329262e-08,"Tspan9-202",5.50574142329262e-08,"Up"
7.16389702981318e-13,2.11155649094378,0.372,0.029,5.50574142329262e-08,"Tcn2-207",5.50574142329262e-08,"Up"
7.47549208936583e-13,1.87719245451782,0.372,0.029,5.74521469036121e-08,"Nek7-203",5.74521469036121e-08,"Up"
7.47967344084611e-13,2.30284443110689,0.337,0.018,5.74842822622787e-08,"Ctdsp2-202",5.74842822622787e-08,"Up"
7.88176665896463e-13,3.64583491814181,0.36,0.029,6.05745294808068e-08,"Entpd1-204",6.05745294808068e-08,"Up"
8.17300723114796e-13,1.34241222538666,0.64,0.17,6.28128297742645e-08,"Pdlim5-201",6.28128297742645e-08,"Up"
8.40677840578983e-13,3.47872314814634,0.36,0.029,6.46094547598571e-08,"Sertad2-201",6.46094547598571e-08,"Up"
8.59023371122059e-13,1.11134079853349,0.791,0.269,6.60193821642147e-08,"Ctsl-205",6.60193821642147e-08,"Up"
8.87920976953477e-13,2.16073171007016,0.512,0.088,6.82402787627825e-08,"Tut7-201",6.82402787627825e-08,"Up"
8.88582837107157e-13,1.59737864333933,0.628,0.193,6.82911453630335e-08,"Nfat5-214",6.82911453630335e-08,"Up"
9.03364400008907e-13,1.63454719772152,0.419,0.047,6.94271675982845e-08,"Lmcd1-201",6.94271675982845e-08,"Up"
9.11047115522187e-13,2.25343402554603,0.453,0.064,7.00176150163421e-08,"Shank3-203",7.00176150163421e-08,"Up"
9.2242504303748e-13,3.48923712305107,0.349,0.023,7.08920542576025e-08,"Gab2-201",7.08920542576025e-08,"Up"
9.76280030120174e-13,1.97997584836304,0.384,0.035,7.50310254348558e-08,"Sh2b3-202",7.50310254348558e-08,"Up"
9.76893647336617e-13,3.16538220459392,0.36,0.029,7.50781843724084e-08,"Magi1-208",7.50781843724084e-08,"Up"
9.92441203791416e-13,2.42121237562637,0.407,0.047,7.62730762761855e-08,"Slc6a6-201",7.62730762761855e-08,"Up"
9.96915704001519e-13,3.56917988173377,0.407,0.053,7.66169595153328e-08,"Zdbf2-201",7.66169595153328e-08,"Up"
1.00616088006561e-12,1.32132832728636,0.372,0.029,7.73274882765621e-08,"Sh2d3c-201",7.73274882765621e-08,"Up"
1.0994250981041e-12,2.8943877783293,0.349,0.023,8.44952164896928e-08,"Dapk1-202",8.44952164896928e-08,"Up"
1.10614244074811e-12,1.12756070352611,0.453,0.058,8.50114711412552e-08,"Psg28-201",8.50114711412552e-08,"Up"
1.11801856561074e-12,1.58430555984163,0.558,0.111,8.59241988414478e-08,"Ski-203",8.59241988414478e-08,"Up"
1.1440381660271e-12,1.55930331895321,0.419,0.047,8.79239092118466e-08,"Maml2-202",8.79239092118466e-08,"Up"
1.15591380493537e-12,1.39619855753653,0.5,0.088,8.88365995645027e-08,"Fmo1-201",8.88365995645027e-08,"Up"
1.15649767259372e-12,1.72679887243803,0.57,0.117,8.88814721295176e-08,"Nrp2-203",8.88814721295176e-08,"Up"
1.17710568948352e-12,1.60276590006188,0.465,0.064,9.04652806595663e-08,"Ppp1r15b-201",9.04652806595663e-08,"Up"
1.25365523395469e-12,2.518011546675,0.349,0.023,9.63484193503538e-08,"Mmp28-203",9.63484193503538e-08,"Up"
1.27453540419793e-12,2.15452118496061,0.465,0.07,9.79531439542277e-08,"Galnt18-202",9.79531439542277e-08,"Up"
1.28429643753602e-12,2.1211783798686,0.407,0.047,9.87033184103936e-08,"Lrrc32-201",9.87033184103936e-08,"Up"
1.36067216732399e-12,2.34550293470983,0.395,0.041,1.04573098747518e-07,"Spns2-201",1.04573098747518e-07,"Up"
1.36578087740036e-12,1.51334237458501,0.826,0.368,1.04965723551727e-07,"Pabpc1-201",1.04965723551727e-07,"Up"
1.37918451842697e-12,2.27746363289545,0.43,0.058,1.05995846979186e-07,"Zfp46-201",1.05995846979186e-07,"Up"
1.40692704144016e-12,1.67651270450275,0.477,0.07,1.08127970842842e-07,"Abhd2-201",1.08127970842842e-07,"Up"
1.45964371248598e-12,1.78345087088948,0.477,0.076,1.12179457879397e-07,"Tmem100-201",1.12179457879397e-07,"Up"
1.47482154556289e-12,2.5161950318368,0.395,0.041,1.1334593506269e-07,"Cast-211",1.1334593506269e-07,"Up"
1.49660015499951e-12,1.39863618704474,0.442,0.058,1.15019708312333e-07,"Gfpt1-204",1.15019708312333e-07,"Up"
1.49662078179702e-12,1.55034118851945,0.43,0.053,1.15021293564228e-07,"Trak2-201",1.15021293564228e-07,"Up"
1.4968664104271e-12,2.21446949222892,0.36,0.029,1.15040171106965e-07,"Eif4a2-202",1.15040171106965e-07,"Up"
1.50720094847392e-12,2.48951065897908,0.419,0.053,1.15834421694015e-07,"Adam15-213",1.15834421694015e-07,"Up"
1.6284611688966e-12,2.10959630792811,0.419,0.053,1.25153754674379e-07,"Ankrd33b-204",1.25153754674379e-07,"Up"
1.62848143007807e-12,2.06660738012106,0.349,0.023,1.2515531182722e-07,"Psg17-201",1.2515531182722e-07,"Up"
1.70272720703054e-12,1.92428463349569,0.384,0.035,1.30861396769125e-07,"Uap1-203",1.30861396769125e-07,"Up"
1.72431063580726e-12,2.18432187580288,0.57,0.129,1.32520169604331e-07,"Peg3-204",1.32520169604331e-07,"Up"
1.73797558011151e-12,1.87065360978678,0.384,0.035,1.3357037523389e-07,"Uap1-201",1.3357037523389e-07,"Up"
1.73818677059623e-12,1.51639904215127,0.349,0.023,1.33586606067403e-07,"Fmnl2-204",1.33586606067403e-07,"Up"
1.82336639215494e-12,1.53401321975656,0.5,0.088,1.40133000702676e-07,"Hip1-201",1.40133000702676e-07,"Up"
1.83940346676647e-12,1.49056969438418,0.395,0.041,1.4136551403487e-07,"Wdfy3-201",1.4136551403487e-07,"Up"
1.87663009059674e-12,2.24123477698316,0.395,0.041,1.44226528982722e-07,"Rapgef5-205",1.44226528982722e-07,"Up"
1.9047771707712e-12,2.04753388926215,0.488,0.082,1.4638974468245e-07,"Notch1-201",1.4638974468245e-07,"Up"
1.9102464090336e-12,2.03473343744677,0.547,0.123,1.46810077519868e-07,"Picalm-212",1.46810077519868e-07,"Up"
1.94557824079479e-12,1.82328156048573,0.605,0.164,1.49525470118043e-07,"Tnfaip3-201",1.49525470118043e-07,"Up"
2.02684146662275e-12,1.00545328039861,0.953,0.766,1.55770874075825e-07,"Sparc-201",1.55770874075825e-07,"Up"
2.10889965991872e-12,1.62861292422773,0.581,0.14,1.62077374463393e-07,"Lpp-201",1.62077374463393e-07,"Up"
2.11711410169315e-12,2.54949979950862,0.372,0.035,1.62708687171526e-07,"Cdc42bpa-204",1.62708687171526e-07,"Up"
2.14277731514684e-12,1.55372595401578,0.593,0.135,1.64681007778295e-07,"Mfge8-202",1.64681007778295e-07,"Up"
2.19138255403777e-12,2.70264895379088,0.36,0.029,1.68416514808018e-07,"Mtmr2-203",1.68416514808018e-07,"Up"
2.20257843012489e-12,1.37601339715203,0.465,0.07,1.69276962668818e-07,"Ttc28-206",1.69276962668818e-07,"Up"
2.30554182593244e-12,2.76267924094064,0.442,0.07,1.77190111490212e-07,"Sgk1-202",1.77190111490212e-07,"Up"
2.30744320314705e-12,1.21283149274749,0.535,0.099,1.77336239934663e-07,"Tob1-201",1.77336239934663e-07,"Up"
2.31727169719184e-12,1.90316304854788,0.407,0.047,1.78091599015982e-07,"Myadm-202",1.78091599015982e-07,"Up"
2.35719430096159e-12,2.73065840627876,0.442,0.064,1.81159810806102e-07,"Lrch3-201",1.81159810806102e-07,"Up"
2.39279596576258e-12,4.11190052178208,0.337,0.023,1.83895941152717e-07,"Zbtb7a-201",1.83895941152717e-07,"Up"
2.3937056168124e-12,1.87951122205669,0.419,0.053,1.839658514745e-07,"Ythdc1-207",1.839658514745e-07,"Up"
2.3937056168124e-12,1.87084767700763,0.419,0.053,1.839658514745e-07,"Nckap1-201",1.839658514745e-07,"Up"
2.39708459216831e-12,3.06422739887093,0.395,0.047,1.84225539246503e-07,"Atp2b4-206",1.84225539246503e-07,"Up"
2.4867372347416e-12,1.95816153817183,0.36,0.029,1.91115703438831e-07,"Smad3-201",1.91115703438831e-07,"Up"
2.49642861910986e-12,2.23845593043342,0.372,0.035,1.9186052509307e-07,"Mga-201",1.9186052509307e-07,"Up"
2.53958532452061e-12,2.4971469702057,0.523,0.129,1.95177290530707e-07,"Akap13-205",1.95177290530707e-07,"Up"
2.53962085220433e-12,1.82522671251725,0.36,0.029,1.95180020975312e-07,"Dennd5a-202",1.95180020975312e-07,"Up"
2.58285911063095e-12,1.6681856658459,0.512,0.094,1.98503054088431e-07,"Mafk-201",1.98503054088431e-07,"Up"
2.61131312510415e-12,2.85236797015797,0.337,0.023,2.00689858916754e-07,"Dab2ip-207",2.00689858916754e-07,"Up"
2.65522524901144e-12,2.16338713084524,0.372,0.035,2.04064681287525e-07,"Mga-203",2.04064681287525e-07,"Up"
2.76240784520106e-12,1.45234677931102,0.36,0.029,2.12302092535082e-07,"Nhsl2-201",2.12302092535082e-07,"Up"
2.79714597123381e-12,1.23563616751123,0.395,0.041,2.14971856473203e-07,"Git1-202",2.14971856473203e-07,"Up"
2.82782165167899e-12,1.66125480320925,0.581,0.129,2.17329405218137e-07,"Mcl1-201",2.17329405218137e-07,"Up"
2.87007384289031e-12,1.8621028683835,0.558,0.123,2.20576655121492e-07,"Birc6-213",2.20576655121492e-07,"Up"
3.04175019142805e-12,3.15118089732855,0.337,0.023,2.33770669212011e-07,"Alas1-202",2.33770669212011e-07,"Up"
3.05005080796304e-12,1.37740462939939,0.442,0.058,2.34408604795192e-07,"Shroom2-201",2.34408604795192e-07,"Up"
3.25102314696368e-12,1.40029966067585,0.419,0.053,2.49854132936746e-07,"Tmem184b-202",2.49854132936746e-07,"Up"
3.55724417313502e-12,1.5926306109211,0.407,0.047,2.73388443682119e-07,"Zbtb11-201",2.73388443682119e-07,"Up"
3.58406840925911e-12,3.69955983660795,0.384,0.047,2.754499935252e-07,"Etl4-202",2.754499935252e-07,"Up"
3.60497935005578e-12,1.65944603425811,0.442,0.064,2.77057082969187e-07,"Efnb2-201",2.77057082969187e-07,"Up"
3.65940162518907e-12,1.7160536110443,0.558,0.123,2.81239652502281e-07,"Son-208",2.81239652502281e-07,"Up"
3.78505354977368e-12,-3.93730952438562,0.36,0.661,2.90896505514307e-07,"Hnrnpa2b1-209",2.90896505514307e-07,"Down"
3.79394730238594e-12,1.61282848537899,0.523,0.099,2.91580025977569e-07,"Luzp1-203",2.91580025977569e-07,"Up"
3.94698125082556e-12,3.49391937617145,0.337,0.023,3.03341297050948e-07,"Chd9-201",3.03341297050948e-07,"Up"
3.99413012871542e-12,1.09750995999677,0.465,0.07,3.06964876912295e-07,"Capn2-201",3.06964876912295e-07,"Up"
4.08023899150417e-12,2.08526475236594,0.372,0.035,3.13582687453062e-07,"Baz2a-203",3.13582687453062e-07,"Up"
4.09539998935195e-12,2.59240804123367,0.349,0.029,3.14747870781655e-07,"Prickle2-202",3.14747870781655e-07,"Up"
4.17564389351217e-12,2.02842740683122,0.442,0.064,3.20914935791984e-07,"Midn-202",3.20914935791984e-07,"Up"
4.24985576829006e-12,1.96339588391112,0.372,0.035,3.26618415216164e-07,"Baz2a-208",3.26618415216164e-07,"Up"
4.24985576829006e-12,1.96339588391112,0.372,0.035,3.26618415216164e-07,"Baz2a-201",3.26618415216164e-07,"Up"
4.39782338305415e-12,2.34396003865437,0.337,0.023,3.37990318281243e-07,"Bach2-207",3.37990318281243e-07,"Up"
4.50565276511951e-12,1.10987213896486,0.453,0.07,3.46277437610495e-07,"Ndel1-201",3.46277437610495e-07,"Up"
4.96225220990668e-12,2.67520886923607,0.488,0.099,3.81368931340168e-07,"Gimap6-201",3.81368931340168e-07,"Up"
5.11483972024351e-12,1.91358607702197,0.337,0.023,3.93095891859595e-07,"Dcn-204",3.93095891859595e-07,"Up"
5.1496332928958e-12,2.46153655544835,0.442,0.07,3.95769917092214e-07,"Etl4-201",3.95769917092214e-07,"Up"
5.53317246041001e-12,2.69689891710524,0.419,0.058,4.25246436272351e-07,"Adam15-202",4.25246436272351e-07,"Up"
5.61442974546574e-12,2.91578039687558,0.349,0.029,4.31491383658024e-07,"Gvin-ps4-201",4.31491383658024e-07,"Up"
5.6375435883782e-12,2.22021398149079,0.442,0.07,4.33267774941218e-07,"Etl4-208",4.33267774941218e-07,"Up"
5.6603927731623e-12,1.63544288984355,0.384,0.041,4.35023826188615e-07,"Ascc3-201",4.35023826188615e-07,"Up"
5.95578957375213e-12,-3.72259044946172,0.395,0.667,4.57726251901147e-07,"Smdt1-201",4.57726251901147e-07,"Down"
6.00006808993377e-12,1.09205090836774,0.372,0.035,4.6112923298377e-07,"Tsc22d3-201",4.6112923298377e-07,"Up"
6.03091588392134e-12,2.23168932440765,0.407,0.053,4.63500009342891e-07,"Abl2-202",4.63500009342891e-07,"Up"
6.3739053579753e-12,1.9736602708898,0.384,0.041,4.89860122381834e-07,"Shroom3-203",4.89860122381834e-07,"Up"
6.3739053579753e-12,1.9736602708898,0.384,0.041,4.89860122381834e-07,"Shroom3-201",4.89860122381834e-07,"Up"
6.63786543144734e-12,1.96805078947673,0.349,0.029,5.10146509868454e-07,"Ceacam1-203",5.10146509868454e-07,"Up"
6.89902513301131e-12,1.81648252161952,0.674,0.24,5.30217677572452e-07,"Ctnnb1-201",5.30217677572452e-07,"Up"
7.52335064146539e-12,2.42425481239707,0.349,0.029,5.78199590199181e-07,"Lrp1-201",5.78199590199181e-07,"Up"
7.76995434531827e-12,2.56336188747622,0.36,0.035,5.9715207125509e-07,"Errfi1-202",5.9715207125509e-07,"Up"
7.88448003130542e-12,1.70241035293727,0.465,0.076,6.05953828325947e-07,"Slc9a3r2-203",6.05953828325947e-07,"Up"
7.99959892675427e-12,2.14869726747268,0.453,0.076,6.14801175916773e-07,"Skil-204",6.14801175916773e-07,"Up"
8.07528838649467e-12,1.08016391798654,0.384,0.041,6.20618213655662e-07,"Aak1-202",6.20618213655662e-07,"Up"
8.23566624680385e-12,1.45791306028716,0.384,0.041,6.32943893731863e-07,"Klhl9-201",6.32943893731863e-07,"Up"
8.25242463267512e-12,2.39040000171136,0.512,0.129,6.34231842719613e-07,"Akap13-201",6.34231842719613e-07,"Up"
8.26875164962178e-12,1.50480127258366,0.756,0.263,6.35486639280032e-07,"Ctsl-201",6.35486639280032e-07,"Up"
8.28039569553374e-12,1.22472547230869,0.791,0.275,6.3638153078455e-07,"H2-D1-202",6.3638153078455e-07,"Up"
8.51014319986437e-12,2.60086368776575,0.442,0.076,6.54038545482376e-07,"Mbnl1-201",6.54038545482376e-07,"Up"
8.53929129007481e-12,1.38658950985289,0.779,0.327,6.5627869280741e-07,"Nid1-201",6.5627869280741e-07,"Up"
8.63559058353616e-12,1.07961103241002,0.43,0.058,6.63679678707088e-07,"Klf13-201",6.63679678707088e-07,"Up"
8.66716778985564e-12,1.98644957347515,0.686,0.275,6.66106513321565e-07,"Spag9-202",6.66106513321565e-07,"Up"
8.86431346690227e-12,1.00197675896835,0.5,0.088,6.81257947185307e-07,"Anxa3-201",6.81257947185307e-07,"Up"
9.14069708913688e-12,3.04290247942061,0.36,0.035,7.02499134088526e-07,"Itpr2-201",7.02499134088526e-07,"Up"
9.29941288587104e-12,1.66790039015989,0.442,0.064,7.14697077930733e-07,"Afdn-212",7.14697077930733e-07,"Up"
9.51493366245013e-12,1.6323053263149,0.593,0.146,7.31260711693942e-07,"Rnf10-202",7.31260711693942e-07,"Up"
9.905530269768e-12,1.77552284221071,0.512,0.099,7.6127962335275e-07,"Hivep2-205",7.6127962335275e-07,"Up"
1.06603448992661e-11,3.10045691947793,0.337,0.029,8.19290146888199e-07,"Ncoa2-202",8.19290146888199e-07,"Up"
1.09207763040328e-11,-7.59147845074741,0.023,0.433,8.3930534207014e-07,"Hsd3b6-201",8.3930534207014e-07,"Down"
1.10281238705695e-11,1.74844790662312,0.535,0.117,8.47555431948745e-07,"Son-204",8.47555431948745e-07,"Up"
1.11906432509326e-11,2.14806735354509,0.36,0.035,8.6004569640717e-07,"Sik3-202",8.6004569640717e-07,"Up"
1.16767981059573e-11,1.50104798171317,0.721,0.263,8.97408641635245e-07,"Thbd-201",8.97408641635245e-07,"Up"
1.1836694983137e-11,2.92993019997717,0.337,0.029,9.09697356234012e-07,"Magi1-205",9.09697356234012e-07,"Up"
1.20840530200852e-11,2.05124677834258,0.43,0.064,9.28707810805626e-07,"Efnb1-201",9.28707810805626e-07,"Up"
1.20867806480829e-11,3.42073806967057,0.337,0.029,9.28917439927765e-07,"Pde9a-201",9.28917439927765e-07,"Up"
1.23781966985031e-11,1.81726027072632,0.36,0.035,9.51313929066755e-07,"Tet3-202",9.51313929066755e-07,"Up"
1.2887035142721e-11,2.33045737474635,0.36,0.035,9.90420198858682e-07,"Mtmr2-201",9.90420198858682e-07,"Up"
1.40902782824563e-11,1.38993239970751,0.407,0.053,1.0828942471199e-06,"Fosl2-201",1.0828942471199e-06,"Up"
1.42427572402433e-11,2.45913090796858,0.395,0.053,1.09461286494166e-06,"Jcad-202",1.09461286494166e-06,"Up"
1.42504590283007e-11,1.41431550108294,0.36,0.035,1.09520477816102e-06,"Bicd2-202",1.09520477816102e-06,"Up"
1.4477526259661e-11,2.20195602128713,0.43,0.064,1.11265580315999e-06,"Yap1-202",1.11265580315999e-06,"Up"
1.45427383246918e-11,1.6919862395766,0.453,0.076,1.11766761120587e-06,"Clec1a-201",1.11766761120587e-06,"Up"
1.47210428235145e-11,2.58594338981814,0.372,0.041,1.13137102515839e-06,"Apoe-205",1.13137102515839e-06,"Up"
1.47210428235145e-11,2.58594338981814,0.372,0.041,1.13137102515839e-06,"Apoe-209",1.13137102515839e-06,"Up"
1.47210428235145e-11,2.58594338981814,0.372,0.041,1.13137102515839e-06,"Apoe-201",1.13137102515839e-06,"Up"
1.47811105466351e-11,3.11825498482117,0.36,0.041,1.13598746995109e-06,"Mbnl2-204",1.13598746995109e-06,"Up"
1.49998039328114e-11,1.50655199986644,0.686,0.222,1.15279493145229e-06,"Selenop-203",1.15279493145229e-06,"Up"
1.51352986454244e-11,1.29025055499449,0.36,0.035,1.16320824209545e-06,"Ceacam5-201",1.16320824209545e-06,"Up"
1.60738760384574e-11,1.87807991018482,0.36,0.035,1.23534166905961e-06,"Fnip1-201",1.23534166905961e-06,"Up"
1.62813146411007e-11,1.66571394472,0.628,0.181,1.25128415542716e-06,"Jup-201",1.25128415542716e-06,"Up"
1.65595395200392e-11,2.36235175938519,0.395,0.053,1.2726668502731e-06,"Adam15-201",1.2726668502731e-06,"Up"
1.7417407769113e-11,1.83124351487419,0.453,0.082,1.33859745668741e-06,"Lnpep-201",1.33859745668741e-06,"Up"
1.75828649088771e-11,2.91949008647483,0.337,0.029,1.35131349970684e-06,"Rasa1-201",1.35131349970684e-06,"Up"
1.86222244946578e-11,1.75644587076274,0.372,0.041,1.43119244131243e-06,"Arfgap3-201",1.43119244131243e-06,"Up"
1.86674848794467e-11,1.05411082752606,0.442,0.07,1.434670882925e-06,"Elmo1-201",1.434670882925e-06,"Up"
1.88869035775138e-11,1.60629681026974,0.453,0.076,1.45153408754624e-06,"Mcc-202",1.45153408754624e-06,"Up"
1.89896448794337e-11,2.26607045072724,0.372,0.041,1.459430167564e-06,"Adcy9-203",1.459430167564e-06,"Up"
2.01350153777768e-11,1.47958746092387,0.372,0.041,1.54745647184366e-06,"Furin-203",1.54745647184366e-06,"Up"
2.01350153777768e-11,1.47958746092387,0.372,0.041,1.54745647184366e-06,"Furin-202",1.54745647184366e-06,"Up"
2.01350153777768e-11,1.47958746092387,0.372,0.041,1.54745647184366e-06,"Furin-201",1.54745647184366e-06,"Up"
2.02813531012427e-11,1.61234709068676,0.477,0.094,1.5587031112429e-06,"Hipk1-203",1.5587031112429e-06,"Up"
2.03140657822662e-11,-4.28033157099238,0.349,0.626,1.56121721163028e-06,"Atp5g1-201",1.56121721163028e-06,"Down"
2.03217010819547e-11,1.67299369956984,0.465,0.082,1.56180401495254e-06,"Ppp1r10-202",1.56180401495254e-06,"Up"
2.03217010819547e-11,1.67299369956922,0.465,0.082,1.56180401495254e-06,"Ppp1r10-201",1.56180401495254e-06,"Up"
2.16261204441055e-11,2.97668367461365,0.337,0.029,1.66205386061128e-06,"Osbpl8-202",1.66205386061128e-06,"Up"
2.22772550882699e-11,1.82840335582939,0.43,0.064,1.7120961625539e-06,"Afdn-210",1.7120961625539e-06,"Up"
2.25377111814532e-11,2.5935601362715,0.337,0.029,1.7321132551394e-06,"Pim3-201",1.7321132551394e-06,"Up"
2.29464478176243e-11,1.83272958485733,0.43,0.07,1.7635263005757e-06,"Swap70-201",1.7635263005757e-06,"Up"
2.29464478176243e-11,2.04677649600222,0.43,0.07,1.7635263005757e-06,"Cflar-201",1.7635263005757e-06,"Up"
2.2990396909274e-11,1.26577138055876,0.535,0.111,1.76690396406534e-06,"Rbms1-201",1.76690396406534e-06,"Up"
2.30878348003096e-11,1.020202570776,0.43,0.064,1.774392455743e-06,"Tmem184b-201",1.774392455743e-06,"Up"
2.40149151991073e-11,1.67693213820913,0.384,0.047,1.84564229271219e-06,"Myadm-201",1.84564229271219e-06,"Up"
2.53444239240681e-11,2.11647347176781,0.442,0.076,1.94782035626033e-06,"Hdac7-202",1.94782035626033e-06,"Up"
2.55041107540827e-11,1.51153537330088,0.337,0.029,1.96009292789427e-06,"Arhgap17-208",1.96009292789427e-06,"Up"
2.55679627273759e-11,2.44537162918674,0.477,0.105,1.96500020744975e-06,"Mef2a-204",1.96500020744975e-06,"Up"
2.59529882840758e-11,1.65407006584745,0.395,0.053,1.99459096158436e-06,"Zfp638-201",1.99459096158436e-06,"Up"
2.69813781424254e-11,3.46145794335508,0.349,0.035,2.07362683575796e-06,"Trf-201",2.07362683575796e-06,"Up"
2.74909125545094e-11,1.21295616763961,0.407,0.053,2.11278659346426e-06,"Tmem59-201",2.11278659346426e-06,"Up"
2.91254298440201e-11,2.45811810248034,0.407,0.058,2.23840578523232e-06,"Elovl5-201",2.23840578523232e-06,"Up"
3.03751140923119e-11,1.95374794966611,0.733,0.363,2.33444901845054e-06,"App-204",2.33444901845054e-06,"Up"
3.07631105366553e-11,2.25208950131162,0.407,0.058,2.3642680971841e-06,"Slc2a1-201",2.3642680971841e-06,"Up"
3.10423617056803e-11,1.56454825082089,0.349,0.035,2.38572966652835e-06,"Pik3r3-201",2.38572966652835e-06,"Up"
3.13558679369456e-11,1.77539011149401,0.767,0.409,2.40982387442602e-06,"Sparcl1-201",2.40982387442602e-06,"Up"
3.14079357360223e-11,1.19444436338011,0.581,0.135,2.41382549305626e-06,"Slc9a3r2-201",2.41382549305626e-06,"Up"
3.1890687405931e-11,1.74242899616242,0.535,0.129,2.45092688989542e-06,"Picalm-206",2.45092688989542e-06,"Up"
3.23086496045378e-11,2.53379906597961,0.349,0.035,2.48304895670715e-06,"Oit3-201",2.48304895670715e-06,"Up"
3.23086496045378e-11,1.75029241640699,0.349,0.035,2.48304895670715e-06,"Zfp638-220",2.48304895670715e-06,"Up"
3.26622092772625e-11,2.02102251578025,0.43,0.07,2.51022143179473e-06,"Filip1l-203",2.51022143179473e-06,"Up"
3.29606135380181e-11,2.41582464444605,0.349,0.035,2.53315499285084e-06,"Sipa1l2-201",2.53315499285084e-06,"Up"
3.41373256093632e-11,1.53241187382755,0.57,0.14,2.623590022382e-06,"Rnf10-201",2.623590022382e-06,"Up"
3.44266331844967e-11,1.89332313536808,0.651,0.216,2.64582446676131e-06,"Cald1-204",2.64582446676131e-06,"Up"
3.49428209653669e-11,1.58093865751488,0.407,0.058,2.68549556247231e-06,"Tspan18-202",2.68549556247231e-06,"Up"
3.49428209653669e-11,1.64703589637995,0.407,0.058,2.68549556247231e-06,"Stard9-203",2.68549556247231e-06,"Up"
3.66373978403974e-11,2.61081093432456,0.407,0.064,2.8157305736259e-06,"Camsap2-201",2.8157305736259e-06,"Up"
3.6670779824588e-11,1.55067890277283,0.535,0.129,2.81829611263888e-06,"Arid5b-203",2.81829611263888e-06,"Up"
3.70185842732102e-11,1.26832288899881,0.453,0.076,2.8450262757333e-06,"Kmt2a-202",2.8450262757333e-06,"Up"
3.90349103429861e-11,1.49046001005056,0.395,0.053,2.99998899949986e-06,"Ptbp3-212",2.99998899949986e-06,"Up"
3.96154126577397e-11,1.22010563107956,0.558,0.123,3.04460292439793e-06,"Zfhx3-201",3.04460292439793e-06,"Up"
3.96223161703051e-11,1.77666507966119,0.535,0.129,3.04513348695263e-06,"Myo1c-203",3.04513348695263e-06,"Up"
3.96726206252617e-11,1.63755719716056,0.523,0.117,3.04899958553386e-06,"Smarca2-201",3.04899958553386e-06,"Up"
4.08094821091007e-11,1.7877260715423,0.407,0.064,3.13637193801282e-06,"Hk1-202",3.13637193801282e-06,"Up"
4.10120587102971e-11,2.63021460941614,0.384,0.053,3.15194076012117e-06,"Trio-201",3.15194076012117e-06,"Up"
4.10446458315368e-11,2.23186312089002,0.36,0.041,3.15444521073693e-06,"Asap1-217",3.15444521073693e-06,"Up"
4.18624606158052e-11,1.90103032755336,0.349,0.035,3.21729754816709e-06,"Baz2a-209",3.21729754816709e-06,"Up"
4.18925487594991e-11,1.51165577434102,0.407,0.058,3.21960994236255e-06,"Ctsa-201",3.21960994236255e-06,"Up"
4.2702488433838e-11,1.92565270804476,0.349,0.035,3.28185704609419e-06,"Anks1-211",3.28185704609419e-06,"Up"
4.30800470444896e-11,1.80644522143684,0.779,0.404,3.3108739355572e-06,"Pecam1-202",3.3108739355572e-06,"Up"
4.44323169451886e-11,1.24659321470675,0.349,0.035,3.41480128650553e-06,"Rubcn-201",3.41480128650553e-06,"Up"
4.52409132108582e-11,1.31133735259089,0.395,0.053,3.4769451439073e-06,"Phf3-205",3.4769451439073e-06,"Up"
4.67728753962278e-11,1.30390625674011,0.488,0.094,3.59468256570169e-06,"Wwc2-201",3.59468256570169e-06,"Up"
4.69374042895058e-11,1.55187804225743,0.395,0.053,3.60732726926568e-06,"Kank3-201",3.60732726926568e-06,"Up"
4.86370939381023e-11,1.81337462034273,0.372,0.047,3.73795521751892e-06,"Il6st-203",3.73795521751892e-06,"Up"
4.86740470881554e-11,-2.32566518197712,0.802,0.854,3.7407952149131e-06,"Serpinh1-201",3.7407952149131e-06,"Down"
4.93936781238638e-11,2.34899036687401,0.384,0.053,3.79610173853143e-06,"Adam15-204",3.79610173853143e-06,"Up"
4.94089954470697e-11,2.12698936241615,0.395,0.058,3.7972789360891e-06,"Zyx-207",3.7972789360891e-06,"Up"
5.17914773223883e-11,1.81452733535108,0.36,0.041,3.98038219813483e-06,"Tpp1-201",3.98038219813483e-06,"Up"
5.32500438045825e-11,1.69339569773101,0.442,0.076,4.09247886655738e-06,"Rab11a-208",4.09247886655738e-06,"Up"
5.51026212385028e-11,2.02761752449818,0.686,0.345,4.23485685266389e-06,"Ddx5-201",4.23485685266389e-06,"Up"
5.55238116857972e-11,1.64776568305671,0.372,0.047,4.26722702330026e-06,"Cish-201",4.26722702330026e-06,"Up"
5.60678279971299e-11,2.10272437497157,0.453,0.088,4.30903685289142e-06,"Mideas-201",4.30903685289142e-06,"Up"
5.75768588465958e-11,1.81119715034031,0.477,0.094,4.42501190979628e-06,"Apbb2-210",4.42501190979628e-06,"Up"
5.92845198767051e-11,1.89670017786601,0.36,0.041,4.55625249060429e-06,"Gnaq-201",4.55625249060429e-06,"Up"
6.11421947941953e-11,1.59174271227149,0.488,0.099,4.69902223871308e-06,"Crebbp-201",4.69902223871308e-06,"Up"
6.20536066400501e-11,1.73296184407579,0.419,0.064,4.76906788471441e-06,"Afdn-214",4.76906788471441e-06,"Up"
6.22159185708113e-11,2.46530587910388,0.349,0.041,4.78154220584113e-06,"Mat2a-202",4.78154220584113e-06,"Up"
6.34185411574243e-11,1.54140496642066,0.43,0.07,4.87396856211268e-06,"Shroom4-201",4.87396856211268e-06,"Up"
6.4031963383006e-11,1.40490100583566,0.36,0.041,4.92111251383755e-06,"Bach2-202",4.92111251383755e-06,"Up"
6.43915696104012e-11,1.406990122396,0.628,0.175,4.94874969083778e-06,"Itga3-201",4.94874969083778e-06,"Up"
7.15298037359538e-11,1.34949161549095,0.605,0.175,5.49735153632299e-06,"Wwtr1-201",5.49735153632299e-06,"Up"
7.18841122047512e-11,1.10446739918417,0.407,0.058,5.52458155938395e-06,"Bicd2-203",5.52458155938395e-06,"Up"
7.31460951539347e-11,1.67777328950722,0.57,0.17,5.6215699969605e-06,"H2-K1-205",5.6215699969605e-06,"Up"
7.39142072702161e-11,1.39111879253516,0.465,0.088,5.68060248554519e-06,"Bcam-201",5.68060248554519e-06,"Up"
7.41086752770232e-11,2.45400966843088,0.349,0.041,5.69554812974034e-06,"Rabgef1-201",5.69554812974034e-06,"Up"
7.4687332093716e-11,1.91399805291607,0.558,0.152,5.74002022073045e-06,"Pxn-201",5.74002022073045e-06,"Up"
7.64646898567647e-11,1.96479515067199,0.372,0.047,5.8766172742518e-06,"Zfp655-202",5.8766172742518e-06,"Up"
7.88310115940374e-11,2.79017695000155,0.337,0.035,6.05847856504815e-06,"Atp6ap1-202",6.05847856504815e-06,"Up"
7.91556347907934e-11,1.03368207791915,0.686,0.205,6.08342715621163e-06,"Tax1bp1-201",6.08342715621163e-06,"Up"
7.93744326296957e-11,1.16186195177022,0.547,0.129,6.10024264532263e-06,"Irf2bpl-201",6.10024264532263e-06,"Up"
8.22130081373181e-11,1.21799374386026,0.419,0.064,6.31839852738545e-06,"Zfp36-202",6.31839852738545e-06,"Up"
8.53349173445041e-11,1.99055287543519,0.337,0.035,6.55832973759452e-06,"Mga-202",6.55832973759452e-06,"Up"
8.58254488524107e-11,1.41565037567804,0.581,0.164,6.59602904610318e-06,"Prkch-201",6.59602904610318e-06,"Up"
8.65796000738216e-11,1.89612232496359,0.395,0.058,6.65398858407348e-06,"Colgalt1-201",6.65398858407348e-06,"Up"
8.85298751090329e-11,1.40253596235272,0.616,0.199,6.80387502162961e-06,"Rsad2-201",6.80387502162961e-06,"Up"
8.8780769857316e-11,2.23277120505148,0.337,0.035,6.82315728661417e-06,"6430548M08Rik-204",6.82315728661417e-06,"Up"
8.89624424422674e-11,1.6934965830057,0.651,0.234,6.83711955145802e-06,"Icam1-201",6.83711955145802e-06,"Up"
9.27186020998946e-11,1.80109462381414,0.419,0.07,7.1257954457853e-06,"Ino80d-201",7.1257954457853e-06,"Up"
9.37328322342441e-11,1.97573495264595,0.43,0.076,7.2037430885306e-06,"Cdk12-203",7.2037430885306e-06,"Up"
9.64315561881869e-11,1.73478172893709,0.395,0.058,7.41115081928692e-06,"Arrdc3-203",7.41115081928692e-06,"Up"
9.64315561881869e-11,1.67254146381482,0.395,0.058,7.41115081928692e-06,"Ttc28-201",7.41115081928692e-06,"Up"
9.93216383991409e-11,1.77285345340571,0.663,0.246,7.63326519752757e-06,"B2m-201",7.63326519752757e-06,"Up"
1.00343052745128e-10,1.64139707873656,0.43,0.076,7.71176497567405e-06,"Rtl8a-201",7.71176497567405e-06,"Up"
1.05066922376039e-10,1.30202755676729,0.372,0.047,8.07481325228808e-06,"Arhgap26-201",8.07481325228808e-06,"Up"
1.05113133516445e-10,1.22773765313987,0.442,0.076,8.07836476327288e-06,"Kmt2a-201",8.07836476327288e-06,"Up"
1.05471789841534e-10,1.43720646440746,0.395,0.058,8.10592893648126e-06,"Snx18-201",8.10592893648126e-06,"Up"
1.06514538622295e-10,2.08240390623527,0.407,0.064,8.18606835127784e-06,"Adcy4-202",8.18606835127784e-06,"Up"
1.08342722119924e-10,2.03156100434813,0.419,0.07,8.32657156580463e-06,"Ppp1r16b-202",8.32657156580463e-06,"Up"
1.08342722119924e-10,2.03156100434813,0.419,0.07,8.32657156580463e-06,"Ppp1r16b-203",8.32657156580463e-06,"Up"
1.09315392546736e-10,1.30251553412286,0.395,0.058,8.40132517878686e-06,"Arrdc3-201",8.40132517878686e-06,"Up"
1.15653257033917e-10,1.76544044003902,0.384,0.058,8.88841541608469e-06,"Pkp4-202",8.88841541608469e-06,"Up"
1.19337672132387e-10,1.09053943429943,0.337,0.035,9.17157745406245e-06,"Kdm7a-201",9.17157745406245e-06,"Up"
1.23856489103715e-10,1.43195589163993,0.535,0.135,9.51886661357692e-06,"Serinc1-201",9.51886661357692e-06,"Up"
1.24203048199964e-10,1.15338098183211,0.372,0.047,9.54550106636007e-06,"Scarb2-201",9.54550106636007e-06,"Up"
1.25138854972088e-10,2.03766563511303,0.36,0.047,9.61742156002488e-06,"Ehbp1l1-201",9.61742156002488e-06,"Up"
1.26037089480144e-10,1.03569090579187,0.384,0.053,9.68645447490699e-06,"Susd6-201",9.68645447490699e-06,"Up"
1.31646094617688e-10,1.7771588383293,0.337,0.035,1.01175289557478e-05,"Otud7b-201",1.01175289557478e-05,"Up"
1.34223611625132e-10,1.28952567686126,0.663,0.246,1.03156214478379e-05,"Tie1-201",1.03156214478379e-05,"Up"
1.35534392356731e-10,1.24292379024757,0.384,0.053,1.04163601901842e-05,"Phf3-201",1.04163601901842e-05,"Up"
1.35826343154157e-10,1.40833189930002,0.477,0.099,1.04387977767696e-05,"Crk-201",1.04387977767696e-05,"Up"
1.36264951826408e-10,2.88892871380887,0.36,0.053,1.04725066076668e-05,"Ccnl1-206",1.04725066076668e-05,"Up"
1.37812332617122e-10,1.06741642193721,0.465,0.094,1.05914290109563e-05,"Foxo3-203",1.05914290109563e-05,"Up"
1.38015922331073e-10,1.50946893097499,0.384,0.053,1.06070756948323e-05,"Kank3-202",1.06070756948323e-05,"Up"
1.39617817475228e-10,1.21638593737281,0.337,0.035,1.07301877442412e-05,"Pnpla8-201",1.07301877442412e-05,"Up"
1.42632951476579e-10,3.03003229700367,0.349,0.041,1.0961912852781e-05,"Med13l-201",1.0961912852781e-05,"Up"
1.45334855412565e-10,1.42572025076426,0.57,0.158,1.11695649778772e-05,"Hbegf-201",1.11695649778772e-05,"Up"
1.46453030895021e-10,1.86041456623766,0.453,0.088,1.12555012364059e-05,"Klf2-201",1.12555012364059e-05,"Up"
1.51459714900222e-10,2.00221792798815,0.384,0.058,1.16402849289417e-05,"Cemip2-202",1.16402849289417e-05,"Up"
1.52466615941898e-10,1.69891346252164,0.547,0.14,1.17176693015987e-05,"Trip11-201",1.17176693015987e-05,"Up"
1.53956756312205e-10,2.03256677815365,0.349,0.041,1.18321925496182e-05,"Mapk1ip1l-201",1.18321925496182e-05,"Up"
1.56114994215313e-10,1.37399141102883,0.395,0.058,1.19980617654236e-05,"Mapk1ip1l-202",1.19980617654236e-05,"Up"
1.58541332826302e-10,2.87833654543621,0.337,0.041,1.21845355930326e-05,"Dock9-208",1.21845355930326e-05,"Up"
1.6235760568467e-10,2.53646743790197,0.372,0.053,1.24778314272896e-05,"Ubr5-201",1.24778314272896e-05,"Up"
1.66157493879004e-10,1.73146735810369,0.349,0.041,1.2769868034577e-05,"Slc7a1-201",1.2769868034577e-05,"Up"
1.71749075014195e-10,1.23157395024262,0.5,0.105,1.31996034111409e-05,"Zfhx3-204",1.31996034111409e-05,"Up"
1.78145422695789e-10,1.2994197130851,0.523,0.129,1.36911883158622e-05,"Rbbp6-201",1.36911883158622e-05,"Up"
1.79887251591121e-10,1.29946910117911,0.395,0.058,1.3825054833784e-05,"Ttyh3-201",1.3825054833784e-05,"Up"
1.8968470451294e-10,1.4044512382482,0.395,0.058,1.45780282806375e-05,"Bicd2-201",1.45780282806375e-05,"Up"
1.91904441061896e-10,2.11390857106246,0.465,0.099,1.4748623913371e-05,"Pum1-201",1.4748623913371e-05,"Up"
1.92519352528314e-10,1.24050409185093,0.442,0.082,1.4795882319211e-05,"Filip1l-202",1.4795882319211e-05,"Up"
1.93198629820819e-10,1.2084238361736,0.581,0.158,1.48480874962492e-05,"Arhgef12-202",1.48480874962492e-05,"Up"
1.93459117857919e-10,1.04703262078777,0.349,0.041,1.48681070438525e-05,"Ugdh-201",1.48681070438525e-05,"Up"
1.93947024624725e-10,1.30975605551707,0.43,0.076,1.49056046305086e-05,"Ct55-201",1.49056046305086e-05,"Up"
1.94510810963496e-10,1.18321624436839,0.5,0.105,1.49489338657885e-05,"Creb3l2-201",1.49489338657885e-05,"Up"
1.9581289319202e-10,1.5975548134089,0.36,0.047,1.50490040933795e-05,"Rcan1-202",1.50490040933795e-05,"Up"
2.03214970233914e-10,1.43522481211541,0.36,0.047,1.56178833223572e-05,"Dock4-201",1.56178833223572e-05,"Up"
2.06513981321319e-10,1.11498858218534,0.453,0.082,1.58714255204686e-05,"Tubb2a-201",1.58714255204686e-05,"Up"
2.0870713697081e-10,1.50230648031961,0.349,0.041,1.60399783047546e-05,"Kdm5a-201",1.60399783047546e-05,"Up"
2.14833227964147e-10,1.01908057672174,0.36,0.047,1.65107929019565e-05,"Agrn-206",1.65107929019565e-05,"Up"
2.21512449561975e-10,1.4031475848609,0.407,0.064,1.7024117798636e-05,"Rapgef2-201",1.7024117798636e-05,"Up"
2.26554934151616e-10,1.41875676784666,0.826,0.52,1.74116529092883e-05,"Cd93-201",1.74116529092883e-05,"Up"
2.28543836097749e-10,1.71122237893525,0.535,0.146,1.75645079794564e-05,"Picalm-205",1.75645079794564e-05,"Up"
2.30272704288207e-10,1.03820136771629,0.395,0.058,1.76973784153659e-05,"Postn-204",1.76973784153659e-05,"Up"
2.31197536848938e-10,1.1383676619636,0.628,0.175,1.77684554969883e-05,"Plpp3-201",1.77684554969883e-05,"Up"
2.38715774353091e-10,1.69460132483039,0.453,0.088,1.83462621221324e-05,"Kit-204",1.83462621221324e-05,"Up"
2.40983277777301e-10,-1.4321910917568,0.965,0.901,1.85205288302967e-05,"Ftl1-201",1.85205288302967e-05,"Down"
2.41636904402465e-10,1.13647351532573,0.884,0.591,1.85707626509471e-05,"Ubb-201",1.85707626509471e-05,"Up"
2.44523643776951e-10,1.26739141049716,0.36,0.047,1.87926201188338e-05,"Ctsa-202",1.87926201188338e-05,"Up"
2.53540388609865e-10,1.15916330968883,0.547,0.135,1.94855930262226e-05,"Prpf4b-201",1.94855930262226e-05,"Up"
2.54599944712826e-10,1.89730129696363,0.36,0.053,1.95670241509595e-05,"Pkp4-210",1.95670241509595e-05,"Up"
2.56945863835979e-10,1.16300109605923,0.581,0.158,1.97473174192503e-05,"Huwe1-201",1.97473174192503e-05,"Up"
2.57858769878786e-10,1.64160509362474,0.512,0.129,1.98174779002642e-05,"Picalm-215",1.98174779002642e-05,"Up"
2.59288799367355e-10,1.66606713687692,0.36,0.053,1.99273813865787e-05,"Leng8-203",1.99273813865787e-05,"Up"
2.65752406608326e-10,1.07221562225312,0.477,0.094,2.04241354574763e-05,"Tmem72-201",2.04241354574763e-05,"Up"
2.67329768769441e-10,2.10265328854235,0.442,0.094,2.05453620490066e-05,"Sbno2-203",2.05453620490066e-05,"Up"
2.74782704574088e-10,1.27060448881672,0.372,0.053,2.1118149977337e-05,"Irx3-202",2.1118149977337e-05,"Up"
2.79044517697399e-10,1.2223897708719,0.558,0.14,2.14456873631159e-05,"Ppp1r12a-205",2.14456873631159e-05,"Up"
2.80582268837587e-10,1.49210306298953,0.535,0.135,2.15638696892439e-05,"Rnf10-203",2.15638696892439e-05,"Up"
2.88153124595105e-10,1.75247762798705,0.767,0.287,2.21457202376322e-05,"Fos-201",2.21457202376322e-05,"Up"
3.04306181825116e-10,1.24143489479518,0.43,0.076,2.33871472979875e-05,"Lima1-201",2.33871472979875e-05,"Up"
3.10656252747432e-10,1.42348383189704,0.36,0.047,2.38751756486511e-05,"Mcam-202",2.38751756486511e-05,"Up"
3.16411916864457e-10,1.20048704994727,0.36,0.047,2.4317521458701e-05,"Mtmr3-202",2.4317521458701e-05,"Up"
3.16411916864457e-10,1.20048704994727,0.36,0.047,2.4317521458701e-05,"Mtmr3-203",2.4317521458701e-05,"Up"
3.17908280836175e-10,1.54774464482509,0.395,0.064,2.44325230153834e-05,"Tnrc6b-201",2.44325230153834e-05,"Up"
3.20242195449549e-10,1.46622433132805,0.477,0.105,2.46118936890797e-05,"Sgms1-201",2.46118936890797e-05,"Up"
3.26284704478223e-10,1.27271109568381,0.488,0.111,2.50762846779693e-05,"Mideas-202",2.50762846779693e-05,"Up"
3.30962065522254e-10,1.51507207240986,0.384,0.058,2.54357585836473e-05,"Stard9-206",2.54357585836473e-05,"Up"
3.33568852882565e-10,1.70471473502324,0.581,0.181,2.56361006194367e-05,"Ppp1r18-205",2.56361006194367e-05,"Up"
3.33568852882565e-10,1.70471473502324,0.581,0.181,2.56361006194367e-05,"Ppp1r18-201",2.56361006194367e-05,"Up"
3.41096017664556e-10,1.51454129138058,0.407,0.07,2.62145933415918e-05,"Chd7-202",2.62145933415918e-05,"Up"
3.50128167999327e-10,1.89035110488693,0.349,0.047,2.69087502234203e-05,"Rabgef1-203",2.69087502234203e-05,"Up"
3.5028317541101e-10,3.09578900212782,0.36,0.058,2.69206631630378e-05,"Sbno2-209",2.69206631630378e-05,"Up"
3.54137105395688e-10,1.35139586516547,0.465,0.094,2.72168530980802e-05,"Spen-202",2.72168530980802e-05,"Up"
3.57101555228907e-10,1.02728604276947,0.419,0.07,2.74446829255624e-05,"Ppp2r5a-206",2.74446829255624e-05,"Up"
3.58158120140205e-10,1.03253342019386,0.512,0.111,2.75258841652553e-05,"Vat1-201",2.75258841652553e-05,"Up"
3.58573241301663e-10,1.46507190240468,0.512,0.123,2.7557787886998e-05,"Birc6-204",2.7557787886998e-05,"Up"
3.7737258604421e-10,1.75656585948123,0.419,0.082,2.90025927278417e-05,"Tmbim6-201",2.90025927278417e-05,"Up"
3.81910015947931e-10,1.30060409097517,0.419,0.07,2.93513123656623e-05,"F11r-201",2.93513123656623e-05,"Up"
3.87688637492642e-10,2.85403976271341,0.384,0.07,2.97954225458595e-05,"Ctla2a-206",2.97954225458595e-05,"Up"
3.88942030331212e-10,1.64826249006227,0.337,0.041,2.9891750799075e-05,"Eif4a2-201",2.9891750799075e-05,"Up"
4.03025409255002e-10,1.29209958738063,0.477,0.099,3.09741148028839e-05,"Gab1-201",3.09741148028839e-05,"Up"
4.04027053404414e-10,1.90313671488434,0.407,0.07,3.10510951623428e-05,"Dpp8-208",3.10510951623428e-05,"Up"
4.04027053404414e-10,1.30013275026653,0.407,0.07,3.10510951623428e-05,"Il4ra-201",3.10510951623428e-05,"Up"
4.07842024371807e-10,1.00797033421589,0.372,0.053,3.13442909410709e-05,"Thoc2-201",3.13442909410709e-05,"Up"
4.16171784419453e-10,1.53127588070115,0.465,0.099,3.19844663197727e-05,"Itsn2-201",3.19844663197727e-05,"Up"
4.30850114701911e-10,2.53472288794244,0.36,0.053,3.31125547153007e-05,"Aff1-201",3.31125547153007e-05,"Up"
4.35564666932367e-10,2.19078092868369,0.337,0.041,3.34748869124201e-05,"Dazap2-201",3.34748869124201e-05,"Up"
4.42113866237724e-10,1.05964787451113,0.419,0.076,3.3978219075834e-05,"Ghr-201",3.3978219075834e-05,"Up"
4.4708373643266e-10,1.47434218399395,0.407,0.07,3.43601734797957e-05,"Exoc6b-203",3.43601734797957e-05,"Up"
4.55071787966429e-10,1.99594505842912,0.395,0.07,3.49740871923719e-05,"Pde4b-207",3.49740871923719e-05,"Up"
4.60648847678264e-10,1.11298758368265,0.535,0.129,3.54027065394653e-05,"Ehd2-201",3.54027065394653e-05,"Up"
4.6501233969416e-10,1.92863759314211,0.442,0.094,3.5738058354855e-05,"Pmp22-204",3.5738058354855e-05,"Up"
4.70391973740768e-10,1.33930102031049,0.372,0.053,3.6151504749873e-05,"Bcl6b-201",3.6151504749873e-05,"Up"
4.90008415635073e-10,1.11595203249785,0.512,0.117,3.76591067752179e-05,"Lima1-202",3.76591067752179e-05,"Up"
4.92063338754346e-10,2.04118333752404,0.744,0.415,3.78170358366265e-05,"Dusp1-202",3.78170358366265e-05,"Up"
5.08615877263237e-10,1.78029929713963,0.372,0.058,3.90891646311888e-05,"Tns1-207",3.90891646311888e-05,"Up"
5.12771507970968e-10,1.16180343563121,0.384,0.058,3.94085414736008e-05,"Zc3hav1-201",3.94085414736008e-05,"Up"
5.20184081809038e-10,1.62726541490898,0.407,0.07,3.99782274233518e-05,"Noct-201",3.99782274233518e-05,"Up"
5.2163749073476e-10,1.90883482480957,0.558,0.175,4.00899277129292e-05,"Wnk1-223",4.00899277129292e-05,"Up"
5.23686226026628e-10,1.48554911167844,0.488,0.111,4.02473812150504e-05,"Irf1-202",4.02473812150504e-05,"Up"
5.31237150436752e-10,1.96042531250762,0.384,0.064,4.08276999596662e-05,"Picalm-201",4.08276999596662e-05,"Up"
5.44703665285625e-10,1.81550023116584,0.349,0.047,4.18626554918615e-05,"Tasor2-201",4.18626554918615e-05,"Up"
5.5477066794241e-10,1.79697555170423,0.349,0.047,4.2636344914046e-05,"Nek6-201",4.2636344914046e-05,"Up"
5.84704534662908e-10,2.3122963225985,0.36,0.053,4.49368823069831e-05,"Ubr5-204",4.49368823069831e-05,"Up"
5.89319954413761e-10,1.1587790459101,0.384,0.058,4.52915957765152e-05,"Rel-201",4.52915957765152e-05,"Up"
5.99838996755208e-10,1.92436371282119,0.721,0.368,4.61000262566248e-05,"Pecam1-203",4.61000262566248e-05,"Up"
6.0789229134579e-10,1.46202231643319,0.349,0.047,4.67189541590893e-05,"Fxr1-208",4.67189541590893e-05,"Up"
6.21735031232105e-10,1.19516389196347,0.477,0.099,4.77828240903122e-05,"Ep300-201",4.77828240903122e-05,"Up"
6.22120884171871e-10,1.08156214724751,0.337,0.041,4.78124784321449e-05,"Irf2-201",4.78124784321449e-05,"Up"
6.33849927605977e-10,1.48222525888479,0.337,0.041,4.87139023362298e-05,"Smurf2-202",4.87139023362298e-05,"Up"
6.43152744358159e-10,1.59587374931946,0.64,0.24,4.94288610149019e-05,"Lmna-201",4.94288610149019e-05,"Up"
6.62982261690091e-10,1.22420900526881,0.43,0.082,5.09528387399303e-05,"Ptbp1-215",5.09528387399303e-05,"Up"
6.85343505865886e-10,2.39942715408182,0.349,0.053,5.26713897998168e-05,"Leng8-204",5.26713897998168e-05,"Up"
6.88793185337255e-10,1.45418936581577,0.384,0.058,5.29365114659094e-05,"Ghitm-201",5.29365114659094e-05,"Up"
6.92633168733042e-10,1.30053646130352,0.43,0.094,5.32316295498092e-05,"Pdlim7-209",5.32316295498092e-05,"Up"
7.11159842420632e-10,1.27279648413042,0.395,0.064,5.46554785293952e-05,"Rapgef2-202",5.46554785293952e-05,"Up"
7.11579922165158e-10,1.80877968467066,0.36,0.053,5.46877633380811e-05,"Phf20l1-203",5.46877633380811e-05,"Up"
7.42823626098927e-10,1.1217610923934,0.349,0.047,5.7088966960207e-05,"Serpinb6b-202",5.7088966960207e-05,"Up"
7.66471474882014e-10,1.4643108056177,0.453,0.094,5.89063987305823e-05,"Spen-201",5.89063987305823e-05,"Up"
7.70315901286753e-10,1.12139447929916,0.349,0.047,5.92018582774921e-05,"Fchsd2-202",5.92018582774921e-05,"Up"
7.7419857718908e-10,1.66209636472315,0.372,0.058,5.95002574512896e-05,"Plekho2-204",5.95002574512896e-05,"Up"
7.7419857718908e-10,1.66209636472315,0.372,0.058,5.95002574512896e-05,"Plekho2-202",5.95002574512896e-05,"Up"
7.94909047996471e-10,1.48147601163148,0.57,0.175,6.10919399747208e-05,"Cd36-201",6.10919399747208e-05,"Up"
8.20478565943302e-10,1.90954086475421,0.407,0.076,6.30570597070065e-05,"Ptprm-202",6.30570597070065e-05,"Up"
8.63793308029893e-10,1.59321279296832,0.477,0.111,6.63859708953294e-05,"Tnks1bp1-202",6.63859708953294e-05,"Up"
8.76367737111157e-10,1.60121682442374,0.465,0.099,6.73523660679409e-05,"Pkd2-201",6.73523660679409e-05,"Up"
8.95840628568801e-10,-3.15015901133293,0.43,0.626,6.88489356680266e-05,"Calm3-201",6.88489356680266e-05,"Down"
9.07490257748316e-10,1.26731515673283,0.616,0.205,6.97442562689891e-05,"Trim25-203",6.97442562689891e-05,"Up"
9.64193179006381e-10,1.13837643861803,0.488,0.117,7.41021025793564e-05,"Atf4-201",7.41021025793564e-05,"Up"
9.95647084446338e-10,1.28890872772712,0.616,0.187,7.65194610280388e-05,"Map4-201",7.65194610280388e-05,"Up"
1.00976161880691e-09,1.03205792459935,0.547,0.146,7.76042194517862e-05,"Setd2-201",7.76042194517862e-05,"Up"
1.04612050492898e-09,1.28106514422225,0.465,0.105,8.0398545285812e-05,"Prag1-201",8.0398545285812e-05,"Up"
1.06638065179826e-09,1.62811209156441,0.465,0.111,8.19556186133035e-05,"Tgm2-201",8.19556186133035e-05,"Up"
1.06864996982694e-09,1.06900357562119,0.581,0.164,8.21300247810795e-05,"Litaf-201",8.21300247810795e-05,"Up"
1.08733268645788e-09,2.07567038736277,0.43,0.088,8.35658662850336e-05,"Brwd1-202",8.35658662850336e-05,"Up"
1.10071144901865e-09,2.28806341441487,0.337,0.047,8.45940777028796e-05,"Asap2-204",8.45940777028796e-05,"Up"
1.12074329603212e-09,1.16981617736875,0.535,0.14,8.61336052732523e-05,"Ppp1cb-201",8.61336052732523e-05,"Up"
1.13788912107418e-09,1.6395628212236,0.5,0.123,8.74513305110347e-05,"Dysf-201",8.74513305110347e-05,"Up"
1.1415135818944e-09,2.4637593020121,0.337,0.047,8.77298848229124e-05,"Mrtfb-201",8.77298848229124e-05,"Up"
1.17341061646863e-09,1.71765139427677,0.372,0.058,9.01812995180802e-05,"Ncoa4-201",9.01812995180802e-05,"Up"
1.20876226843995e-09,1.21983008295294,0.465,0.099,9.28982153786841e-05,"Gab1-202",9.28982153786841e-05,"Up"
1.27112475549533e-09,1.48515601655536,0.488,0.123,9.76910219588377e-05,"Actn1-201",9.76910219588377e-05,"Up"
1.27684285740917e-09,1.56821196684937,0.407,0.076,9.8130480963324e-05,"Apbb2-204",9.8130480963324e-05,"Up"
1.27890969468459e-09,1.66715006771702,0.372,0.058,9.82893256752898e-05,"Ncoa4-202",9.82893256752898e-05,"Up"
1.31998051477752e-09,2.2172230101368,0.337,0.047,0.000101445782482712,"Ccnt1-208",0.000101445782482712,"Up"
1.3307751834358e-09,1.54741124367322,0.581,0.193,0.000102275395947775,"Trip12-201",0.000102275395947775,"Up"
1.33392403988714e-09,1.14412739780617,0.384,0.064,0.000102517398161487,"Myo6-203",0.000102517398161487,"Up"
1.36991470823214e-09,1.59401568214042,0.372,0.058,0.000105283424986473,"Yap1-201",0.000105283424986473,"Up"
1.37633065597724e-09,1.36324314740539,0.395,0.07,0.000105776516234475,"Nfe2l1-201",0.000105776516234475,"Up"
1.40731526260394e-09,1.61959120771606,0.419,0.082,0.000108157807192163,"Rgcc-201",0.000108157807192163,"Up"
1.45108921459678e-09,1.2185476546541,0.384,0.064,0.000111522010498621,"Srp54a-202",0.000111522010498621,"Up"
1.47766522133773e-09,2.04451622730311,0.581,0.199,0.00011356448292069,"Wnk1-203",0.00011356448292069,"Up"
1.55333265814682e-09,1.50218169425587,0.337,0.047,0.000119379828109216,"Il4ra-205",0.000119379828109216,"Up"
1.56781064417814e-09,1.42208183799937,0.5,0.123,0.000120492519247667,"Sec14l1-202",0.000120492519247667,"Up"
1.57158385101799e-09,1.57819005539631,0.488,0.123,0.000120782505286137,"Cd36-202",0.000120782505286137,"Up"
1.60991206088957e-09,1.42106809055474,0.419,0.088,0.000123728181527607,"Glul-201",0.000123728181527607,"Up"
1.68776269029362e-09,1.26217614733049,0.384,0.064,0.000129711313799826,"Fam114a1-201",0.000129711313799826,"Up"
1.73074810853989e-09,1.5277043544723,0.337,0.047,0.000133014915133725,"Rcan1-206",0.000133014915133725,"Up"
1.85911153744564e-09,2.32313662803286,0.36,0.058,0.000142880158098847,"Mapk8ip3-208",0.000142880158098847,"Up"
1.86377883512601e-09,1.01013208618433,0.372,0.058,0.000143238858594774,"Slc9a3r2-205",0.000143238858594774,"Up"
1.86931194321364e-09,1.62605633818934,0.407,0.082,0.000143664100083741,"Etnk1-201",0.000143664100083741,"Up"
1.97743013569946e-09,1.0697860941553,0.488,0.111,0.000151973415649046,"Atp7a-201",0.000151973415649046,"Up"
1.9915186792698e-09,1.62465352751055,0.349,0.053,0.000153056176576601,"Il2rg-201",0.000153056176576601,"Up"
1.99275585752861e-09,1.32156416200266,0.407,0.082,0.000153151258674504,"Picalm-213",0.000153151258674504,"Up"
2.0664679979993e-09,1.11134098982633,0.628,0.205,0.000158816331518238,"Nes-201",0.000158816331518238,"Up"
2.20505453859851e-09,1.28487152365977,0.628,0.199,0.00016946726150945,"Rnf213-201",0.00016946726150945,"Up"
2.26686063633591e-09,1.13813634454424,0.419,0.082,0.00017421730734496,"Prrc2b-202",0.00017421730734496,"Up"
2.27388976138403e-09,1.57239844106054,0.43,0.088,0.000174757523721409,"Stab2-201",0.000174757523721409,"Up"
2.42794185594899e-09,2.12525511307578,0.384,0.07,0.000186597043397104,"Clk1-204",0.000186597043397104,"Up"
2.43285346853172e-09,1.55565389812074,0.337,0.047,0.000186974520470537,"Foxp1-204",0.000186974520470537,"Up"
2.51779051834677e-09,1.83789879511495,0.535,0.158,0.000193502272497022,"Gnas-211",0.000193502272497022,"Up"
2.54389664747021e-09,1.33613099383795,0.349,0.053,0.000195508632944676,"Phactr4-201",0.000195508632944676,"Up"
2.56312349749297e-09,1.09061038375282,0.535,0.152,0.000196986293276325,"Septin2-201",0.000196986293276325,"Up"
2.58449191876291e-09,1.54468413898303,0.523,0.181,0.000198628541924605,"Nfat5-206",0.000198628541924605,"Up"
2.61266415682728e-09,1.13952814912367,0.337,0.047,0.000200793691108804,"Yme1l1-201",0.000200793691108804,"Up"
2.64118825400851e-09,1.64435925829373,0.547,0.152,0.00020298588207357,"Ppfibp1-202",0.00020298588207357,"Up"
2.66874669340379e-09,1.60051991454459,0.477,0.117,0.000205103858374855,"Smarca2-209",0.000205103858374855,"Up"
2.69618210619648e-09,1.57127313610517,0.407,0.082,0.000207212379589624,"Ktn1-210",0.000207212379589624,"Up"
2.70972417290391e-09,1.53445087510969,0.36,0.058,0.000208253141584357,"Fam177a2-201",0.000208253141584357,"Up"
2.77527326215614e-09,1.40084929453693,0.349,0.053,0.000213290851289748,"Abi1-204",0.000213290851289748,"Up"
2.85176118525655e-09,1.66489429718,0.36,0.058,0.000219169254131707,"Luzp1-201",0.000219169254131707,"Up"
2.8556976718234e-09,1.3517879582062,0.337,0.047,0.000219471788870316,"Des-201",0.000219471788870316,"Up"
2.86656287499602e-09,1.15680132213771,0.547,0.152,0.000220306823194944,"Itga3-203",0.000220306823194944,"Up"
2.86920170908491e-09,1.04561551278188,0.43,0.088,0.000220509628150011,"Irf1-203",0.000220509628150011,"Up"
2.90688043675288e-09,1.21100030348264,0.337,0.047,0.000223405389086206,"Dctn2-201",0.000223405389086206,"Up"
2.91450185638431e-09,1.5746902747858,0.535,0.17,0.00022399112567056,"Ptprb-203",0.00022399112567056,"Up"
2.97501307604942e-09,1.41421730640022,0.349,0.053,0.000228641654946702,"Maml3-202",0.000228641654946702,"Up"
2.97501307604942e-09,2.01719280919374,0.349,0.053,0.000228641654946702,"Abi1-201",0.000228641654946702,"Up"
3.09908995475763e-09,2.31404820288936,0.337,0.053,0.000238177459382943,"Tjp2-201",0.000238177459382943,"Up"
3.15599381882916e-09,1.27476208110469,0.384,0.07,0.000242550748952296,"Dido1-202",0.000242550748952296,"Up"
3.18872440654377e-09,1.3369627386694,0.349,0.053,0.000245066225540515,"Rc3h1-204",0.000245066225540515,"Up"
3.19844126850651e-09,1.56940931568878,0.372,0.064,0.000245813005249799,"Mapk6-202",0.000245813005249799,"Up"
3.21765535858567e-09,2.38103973990339,0.872,0.608,0.000247289684928743,"Igf2-201",0.000247289684928743,"Up"
3.22770878695072e-09,1.15336287567576,0.442,0.094,0.000248062331112311,"Copa-206",0.000248062331112311,"Up"
3.25208407758008e-09,1.65618891573235,0.372,0.064,0.00024993566969834,"Csrnp1-203",0.00024993566969834,"Up"
3.30660242343035e-09,1.3991538990511,0.372,0.064,0.000254125622650316,"Pcnx-201",0.000254125622650316,"Up"
3.3679324599531e-09,2.41100478717669,0.488,0.146,0.000258839081277236,"Rtl1-201",0.000258839081277236,"Up"
3.40407063350943e-09,1.82879663237827,0.395,0.076,0.000261616444467734,"Eps15-202",0.000261616444467734,"Up"
3.50474872824115e-09,1.25816205547765,0.465,0.111,0.000269353958760245,"Ncor1-204",0.000269353958760245,"Up"
3.53371189853071e-09,1.47593867149152,0.372,0.064,0.000271579894249679,"Luzp1-202",0.000271579894249679,"Up"
3.5375777457722e-09,1.10474085099688,0.349,0.053,0.000271877000073577,"Diaph2-203",0.000271877000073577,"Up"
3.59282036784604e-09,1.17586155035825,0.372,0.064,0.00027612261655044,"Pcnx-204",0.00027612261655044,"Up"
3.60902890487657e-09,1.00421271597972,0.453,0.099,0.000277368307455384,"Srp54b-201",0.000277368307455384,"Up"
3.72801974403393e-09,1.62407175483026,0.419,0.094,0.000286513229407984,"Mprip-204",0.000286513229407984,"Up"
3.77970395062275e-09,1.28121193131037,0.477,0.117,0.000290485367421161,"Smarca2-216",0.000290485367421161,"Up"
3.93503285773078e-09,1.02401409727685,0.36,0.058,0.000302423015248042,"Rnf125-202",0.000302423015248042,"Up"
4.03438474900282e-09,1.03576743000461,0.372,0.064,0.000310058605499863,"Srrt-212",0.000310058605499863,"Up"
4.03438474900282e-09,1.03576743000461,0.372,0.064,0.000310058605499863,"Srrt-209",0.000310058605499863,"Up"
4.16194080855151e-09,1.02576755684258,0.384,0.07,0.000319861798900417,"Hnrnph2-203",0.000319861798900417,"Up"
4.26358219003983e-09,1.96846117127379,0.442,0.111,0.000327673345633321,"Ncor2-201",0.000327673345633321,"Up"
4.32809249779475e-09,1.01595407614919,0.488,0.117,0.000332631220825518,"Ranbp2-201",0.000332631220825518,"Up"
4.46509228775017e-09,1.5120941440524,0.395,0.076,0.000343160202682751,"Nktr-201",0.000343160202682751,"Up"
4.53700070177732e-09,1.08106529728087,0.605,0.187,0.000348686651934394,"Rnf213-202",0.000348686651934394,"Up"
4.67642146140293e-09,1.17095706624885,0.407,0.082,0.000359401694994661,"Kcnk5-201",0.000359401694994661,"Up"
4.75800402336907e-09,1.2768045382963,0.372,0.064,0.000365671641212007,"Frmd4a-219",0.000365671641212007,"Up"
4.79380672162642e-09,2.01897375915709,0.43,0.105,0.000368423221783877,"Heg1-201",0.000368423221783877,"Up"
4.8342016444011e-09,1.36948055652526,0.395,0.076,0.000371527733178803,"Safb2-201",0.000371527733178803,"Up"
4.89595477701647e-09,1.26396069377704,0.5,0.129,0.000376273708432824,"Rasip1-201",0.000376273708432824,"Up"
4.89710400022821e-09,1.37212106607085,0.36,0.058,0.000376362030833539,"Bcl10-201",0.000376362030833539,"Up"
4.97251508340829e-09,1.24037809373543,0.384,0.07,0.000382157674220261,"Senp6-201",0.000382157674220261,"Up"
4.98186259841043e-09,1.46394415608438,0.349,0.058,0.000382876068138235,"Pdpk1-202",0.000382876068138235,"Up"
4.98475170286869e-09,1.22241798364458,0.43,0.088,0.00038309810737227,"Hivep1-201",0.00038309810737227,"Up"
5.02114109450019e-09,1.65688129646375,0.372,0.07,0.000385894777676718,"Tjp2-204",0.000385894777676718,"Up"
5.04707789376016e-09,1.08447084710646,0.337,0.053,0.000387888124447043,"Daam1-201",0.000387888124447043,"Up"
5.13526209502792e-09,1.28067791346008,0.407,0.082,0.000394665433051276,"Ddx17-201",0.000394665433051276,"Up"
5.38273181570544e-09,1.68037461955951,0.5,0.158,0.000413684470964226,"Cav1-202",0.000413684470964226,"Up"
5.49856010417152e-09,1.54430311039616,0.651,0.234,0.000422586338245998,"Ctla2a-201",0.000422586338245998,"Up"
5.51959101519532e-09,1.25758841954585,0.43,0.094,0.000424202647881821,"Ptbp1-206",0.000424202647881821,"Up"
5.67936883921133e-09,1.35176462228803,0.453,0.105,0.000436482212768747,"Gatad2a-206",0.000436482212768747,"Up"
5.7949550408213e-09,2.16687448585388,0.337,0.053,0.00044536547470728,"Nfe2l1-202",0.00044536547470728,"Up"
5.81360932961983e-09,1.06318953683624,0.477,0.117,0.000446799131418603,"Nsd1-201",0.000446799131418603,"Up"
6.22603472680768e-09,1.13841219231594,0.395,0.076,0.000478495672894078,"Fem1b-201",0.000478495672894078,"Up"
6.63459317607523e-09,-2.09346632455402,0.779,0.766,0.000509895023954086,"Fth1-201",0.000509895023954086,"Down"
6.6818430435022e-09,2.38620476298934,0.477,0.146,0.000513526365265318,"Eng-205",0.000513526365265318,"Up"
6.68250295980645e-09,1.50478712377621,0.593,0.222,0.000513577082472965,"Nid2-201",0.000513577082472965,"Up"
6.74968370808517e-09,1.21313428219145,0.349,0.058,0.000518740191701178,"Dync1i2-204",0.000518740191701178,"Up"
6.98024688224013e-09,1.43946234086127,0.349,0.058,0.000536459893887683,"Plekhg1-202",0.000536459893887683,"Up"
7.2093266413618e-09,1.26929801116144,0.616,0.234,0.00055406558969522,"Ctnnb1-208",0.00055406558969522,"Up"
7.25243365171861e-09,1.19617688732036,0.558,0.17,0.000557378535869182,"Smtn-202",0.000557378535869182,"Up"
7.50378392124182e-09,1.25299748590918,0.535,0.158,0.000576695809483119,"Socs3-201",0.000576695809483119,"Up"
7.57616749880566e-09,1.29287348364043,0.674,0.251,0.00058225877695321,"Gpx3-201",0.00058225877695321,"Up"
7.70200851973645e-09,1.68425575049951,0.337,0.058,0.000591930162775825,"Mettl6-201",0.000591930162775825,"Up"
7.79153201629664e-09,1.04623024411398,0.384,0.07,0.000598810401580462,"Copb1-201",0.000598810401580462,"Up"
7.9603690829074e-09,1.31683571134062,0.814,0.48,0.000611786205497766,"Spc24-201",0.000611786205497766,"Up"
7.98152202261362e-09,1.66021920528905,0.349,0.058,0.000613411893525947,"Nfe2l1-211",0.000613411893525947,"Up"
8.10237944972174e-09,1.05137141352555,0.57,0.164,0.000622700270228914,"Ier2-201",0.000622700270228914,"Up"
8.37033676435385e-09,1.8602322507127,0.43,0.111,0.000643293861687651,"Zmiz1-201",0.000643293861687651,"Up"
8.5415869143342e-09,1.57239450925027,0.523,0.152,0.00065645512071424,"Itga6-202",0.00065645512071424,"Up"
8.59674502065868e-09,1.46238185826655,0.651,0.275,0.000660694241817702,"Ubc-203",0.000660694241817702,"Up"
8.67841228475848e-09,1.30201605707108,0.5,0.135,0.000666970697732828,"B4galt1-201",0.000666970697732828,"Up"
8.97120620596713e-09,1.48155754817606,0.547,0.181,0.000689473081753398,"Nisch-201",0.000689473081753398,"Up"
9.25871944482272e-09,1.17814624846989,0.419,0.094,0.000711569624212405,"Sacs-203",0.000711569624212405,"Up"
9.52329047850289e-09,1.25104350513958,0.535,0.158,0.000731902966434861,"Tcf25-203",0.000731902966434861,"Up"
9.53050412705255e-09,1.50445233667767,0.384,0.076,0.000732457364180496,"Arih1-207",0.000732457364180496,"Up"
1.01917625706659e-08,1.62392154919078,0.36,0.064,0.000783277720605957,"Arhgef3-204",0.000783277720605957,"Up"
1.03653931274842e-08,1.02928827623264,0.337,0.053,0.000796621923419672,"Dyrk2-201",0.000796621923419672,"Up"
1.07175021340789e-08,1.53687387169888,0.442,0.105,0.000823682909012503,"Trib1-201",0.000823682909012503,"Up"
1.1134780896943e-08,1.32219576693678,0.349,0.058,0.000855752451053656,"Golga3-202",0.000855752451053656,"Up"
1.14110797077107e-08,1.44696516439973,0.419,0.094,0.000876987119856398,"Ripk1-201",0.000876987119856398,"Up"
1.21700050975705e-08,1.89072093322003,0.419,0.105,0.000935313571768685,"Ncor2-204",0.000935313571768685,"Up"
1.25315088957768e-08,1.15984175615245,0.43,0.099,0.000963096584676031,"Mtss1-201",0.000963096584676031,"Up"
1.26045913578485e-08,-2.86624766026119,0.174,0.509,0.00096871326421609,"Sparc-207",0.00096871326421609,"Down"
1.26045913578485e-08,-2.86624766026119,0.174,0.509,0.00096871326421609,"Sparc-209",0.00096871326421609,"Down"
1.27909001794684e-08,1.37180982131468,0.36,0.064,0.000983031842392864,"Os9-202",0.000983031842392864,"Up"
1.32112100297319e-08,1.22356836919701,0.36,0.064,0.00101533433562502,"Frmd4a-202",0.00101533433562502,"Up"
1.32385306538587e-08,1.26863741258445,0.372,0.076,0.00101743403487166,"Sgk1-203",0.00101743403487166,"Up"
1.33261306085654e-08,-2.06427485062942,0.779,0.766,0.00102416644179069,"Fth1-203",0.00102416644179069,"Down"
1.4127481234494e-08,1.13519336909171,0.5,0.14,0.0010857534427958,"Smarca2-202",0.0010857534427958,"Up"
1.41590644021022e-08,1.00824098128063,0.709,0.275,0.00108818073555916,"Ehd4-201",0.00108818073555916,"Up"
1.42223016552346e-08,1.58966626179996,0.43,0.105,0.0010930407714114,"Son-201",0.0010930407714114,"Up"
1.47100856592378e-08,1.20747237236926,0.372,0.07,0.00113052892325506,"Rai14-207",0.00113052892325506,"Up"
1.49258568672189e-08,2.02405645273778,0.395,0.088,0.00114711180367324,"Pum1-202",0.00114711180367324,"Up"
1.65163914331706e-08,1.19763259166609,0.616,0.222,0.00126935074720489,"Tgfbr2-202",0.00126935074720489,"Up"
1.6670727024588e-08,1.2635654001795,0.36,0.07,0.00128121205474769,"Hdac7-213",0.00128121205474769,"Up"
1.73022088648611e-08,1.28007662074498,0.686,0.292,0.00132974396010003,"Map7d1-201",0.00132974396010003,"Up"
1.75715089693452e-08,1.87552238143704,0.651,0.287,0.00135044075033006,"Pakap-201",0.00135044075033006,"Up"
1.77713559460289e-08,1.53758470443373,0.337,0.058,0.00136579978987611,"Ndel1-203",0.00136579978987611,"Up"
1.80231264616711e-08,1.19269567861071,0.407,0.088,0.00138514936108527,"Tor1aip1-206",0.00138514936108527,"Up"
1.82055046649122e-08,1.12207081081514,0.488,0.135,0.00139916585551717,"Arhgef7-202",0.00139916585551717,"Up"
1.86295280175857e-08,1.7905146242639,0.36,0.07,0.00143175374626353,"Midn-201",0.00143175374626353,"Up"
1.87111253347101e-08,1.45133630414184,0.581,0.216,0.00143802482647381,"Myo10-202",0.00143802482647381,"Up"
1.88418104026398e-08,1.40130121534718,0.465,0.129,0.00144806849668448,"Arap3-201",0.00144806849668448,"Up"
2.00460900960974e-08,2.70510713837088,0.395,0.099,0.00154062220824547,"Nr3c1-204",0.00154062220824547,"Up"
2.03150901831412e-08,1.25896474001045,0.349,0.064,0.00156129594093514,"Chd7-201",0.00156129594093514,"Up"
2.07991887151964e-08,1.82681648215596,0.407,0.094,0.00159850084951771,"Brwd1-201",0.00159850084951771,"Up"
2.16566833480192e-08,1.36502305248052,0.337,0.058,0.00166440274202867,"Cops2-203",0.00166440274202867,"Up"
2.27500637461532e-08,1.18145653574904,0.337,0.058,0.00174843339914686,"Phldb2-202",0.00174843339914686,"Up"
2.36640401568154e-08,1.80853493326375,0.465,0.14,0.00181867614221189,"Dnaja1-210",0.00181867614221189,"Up"
2.52083616232896e-08,1.06736588244734,0.593,0.211,0.0019373634241963,"Csde1-211",0.0019373634241963,"Up"
2.66076923089419e-08,1.63767384425037,0.488,0.146,0.00204490758471142,"Selenop-201",0.00204490758471142,"Up"
2.75324111121879e-08,1.45125021783569,0.43,0.111,0.00211597592361609,"Klf10-201",0.00211597592361609,"Up"
2.84517687457015e-08,1.08560449477171,0.349,0.064,0.00218663223518214,"Osbpl11-203",0.00218663223518214,"Up"
2.84517687457015e-08,1.08560449477171,0.349,0.064,0.00218663223518214,"Osbpl11-201",0.00218663223518214,"Up"
2.90718750379804e-08,1.35240363263002,0.337,0.058,0.00223428988416894,"Slc39a6-201",0.00223428988416894,"Up"
2.94600018105203e-08,-3.10055178937568,0.581,0.661,0.00226411897914573,"Peg10-202",0.00226411897914573,"Down"
2.95162178964516e-08,1.41411476805602,0.465,0.123,0.00226843941021389,"Dock6-201",0.00226843941021389,"Up"
2.95414051963282e-08,1.81868503151577,0.419,0.117,0.00227037515495861,"Tns1-222",0.00227037515495861,"Up"
2.98690243134132e-08,1.2225009612146,0.36,0.07,0.00229555399458306,"Kif1b-203",0.00229555399458306,"Up"
3.00854813293056e-08,1.3793318868488,0.477,0.129,0.00231218958208245,"Syne2-210",0.00231218958208245,"Up"
3.12455386965111e-08,-2.85387379143249,0.36,0.632,0.00240134463098166,"Hnrnpa3-204",0.00240134463098166,"Down"
3.17937655958242e-08,1.30766596491833,0.36,0.07,0.00244347806110147,"Palmd-201",0.00244347806110147,"Up"
3.22431019574498e-08,1.94717277249783,0.43,0.123,0.00247801135783785,"Psg21-202",0.00247801135783785,"Up"
3.27870346936302e-08,1.62917194093926,0.349,0.07,0.00251981476434425,"Eea1-201",0.00251981476434425,"Up"
3.38968174889668e-08,1.01614447795125,0.349,0.064,0.00260510601129705,"Tceal9-202",0.00260510601129705,"Up"
3.41041907330332e-08,1.40082953906639,0.593,0.228,0.00262104347459654,"Epb41l2-207",0.00262104347459654,"Up"
3.5455362716543e-08,1.49439097854004,0.36,0.07,0.0027248864462172,"Golim4-202",0.0027248864462172,"Up"
3.59038320376405e-08,1.04897125838041,0.337,0.058,0.00275935310742082,"Slfn2-201",0.00275935310742082,"Up"
3.64895222903443e-08,1.20847340547513,0.337,0.058,0.00280436574610212,"Hes1-201",0.00280436574610212,"Up"
3.65639631707456e-08,2.20117388592149,0.337,0.064,0.00281008682552448,"Erbin-205",0.00281008682552448,"Up"
3.80201593193034e-08,1.73194427025275,0.43,0.111,0.00292200132432574,"Plk2-203",0.00292200132432574,"Up"
3.80629925384141e-08,2.10422248464714,0.36,0.076,0.00292529322854728,"Clk1-212",0.00292529322854728,"Up"
3.99791897764648e-08,-2.86864235376693,0.372,0.585,0.00307256065108043,"Ubxn1-204",0.00307256065108043,"Down"
4.07802393104317e-08,1.51330571301248,0.442,0.129,0.00313412451196392,"Sf3b1-203",0.00313412451196392,"Up"
4.12042319232849e-08,-1.4748092914507,0.64,0.801,0.00316671004023214,"Ywhaz-204",0.00316671004023214,"Down"
4.14039605678019e-08,1.03887608355324,0.36,0.07,0.00318205998547785,"Gbp9-203",0.00318205998547785,"Up"
4.25348106132045e-08,1.34066342833094,0.616,0.257,0.00326897033486722,"Plaur-201",0.00326897033486722,"Up"
4.57120094028691e-08,1.44946954723547,0.547,0.211,0.0035131507706481,"Acvrl1-201",0.0035131507706481,"Up"
4.69922221879085e-08,1.88650315801674,0.349,0.07,0.00361154024402952,"Pfkfb3-206",0.00361154024402952,"Up"
4.76277116053779e-08,1.73996145784295,0.407,0.099,0.00366038014771971,"Pum1-203",0.00366038014771971,"Up"
4.92488331515589e-08,2.11310440047233,0.453,0.146,0.00378496982302991,"Robo4-202",0.00378496982302991,"Up"
5.0563279267932e-08,1.94087040861878,0.453,0.135,0.00388599026485764,"Dlk1-208",0.00388599026485764,"Up"
5.07906739860801e-08,1.48346839269543,0.349,0.07,0.0039034664585262,"Tnfaip2-201",0.0039034664585262,"Up"
5.11977675194199e-08,1.06957730263883,0.419,0.099,0.0039347532249375,"Pgrmc1-201",0.0039347532249375,"Up"
5.24913376982422e-08,1.51254052767159,0.535,0.205,0.00403416926746071,"Acvrl1-205",0.00403416926746071,"Up"
5.27269793354167e-08,1.04232862772905,0.453,0.123,0.00405227926984411,"Phactr2-203",0.00405227926984411,"Up"
5.29970165651385e-08,2.47718981769901,0.5,0.205,0.00407303271109716,"Macf1-212",0.00407303271109716,"Up"
5.51460898633234e-08,1.17520656880343,0.558,0.199,0.00423819759035585,"Cd36-203",0.00423819759035585,"Up"
5.65147176845627e-08,1.0587683711363,0.419,0.099,0.00434338211292938,"Herc1-201",0.00434338211292938,"Up"
5.89048031125817e-08,1.39985854110799,0.628,0.257,0.00452706973841435,"Tinagl1-203",0.00452706973841435,"Up"
6.55453077830903e-08,1.11346157819594,0.384,0.082,0.00503741908436162,"Flii-201",0.00503741908436162,"Up"
6.71678656816906e-08,1.25215069121812,0.593,0.222,0.00516211914910065,"Calu-201",0.00516211914910065,"Up"
6.75565451934685e-08,1.11879767500619,0.547,0.175,0.00519199072429882,"Map4-205",0.00519199072429882,"Up"
7.58626786819402e-08,1.11986097069432,0.349,0.07,0.00583035030742183,"Birc3-201",0.00583035030742183,"Up"
7.58626786819402e-08,1.1994465464049,0.349,0.07,0.00583035030742183,"Kif1b-212",0.00583035030742183,"Up"
7.60806971395691e-08,1.14573482586336,0.547,0.17,0.00584710589796444,"Dnm2-211",0.00584710589796444,"Up"
7.86525469397443e-08,1.1314652655528,0.523,0.164,0.00604476284250711,"Golgb1-203",0.00604476284250711,"Up"
8.21319457490462e-08,1.48395166181791,0.337,0.07,0.0063121685585972,"Mbnl1-218",0.0063121685585972,"Up"
8.40202068607043e-08,1.03699229178652,0.651,0.234,0.00645728897807257,"Ankrd11-202",0.00645728897807257,"Up"
8.6311960224639e-08,1.43656062339411,0.465,0.146,0.0066334193911044,"Trip12-206",0.0066334193911044,"Up"
9.85191374315436e-08,1.19455196867092,0.43,0.117,0.00757158978816385,"Erbin-201",0.00757158978816385,"Up"
1.01107945146521e-07,1.82981113993325,0.628,0.287,0.00777055001629073,"Pakap-211",0.00777055001629073,"Up"
1.1256967372977e-07,1.34268652215662,0.395,0.099,0.00865142970482772,"Myo1c-201",0.00865142970482772,"Up"
1.14029724025657e-07,1.3490454006195,0.43,0.111,0.00876364041026782,"Dysf-212",0.00876364041026782,"Up"
1.17180886142452e-07,-2.09383603522952,0.616,0.702,0.00900581982359198,"Tmed2-201",0.00900581982359198,"Down"
1.19369332813426e-07,1.04598672005988,0.372,0.082,0.00917401070404302,"Cttn-201",0.00917401070404302,"Up"
1.24899984893329e-07,1.87104341973555,0.756,0.526,0.00959906343899192,"Plec-201",0.00959906343899192,"Up"
1.27227908537576e-07,1.68337749605697,0.419,0.105,0.00977797368274684,"Ctsd-202",0.00977797368274684,"Up"
