"p_val","avg_log2FC","pct.1","pct.2","p_val_adj","gene","p_val_adj_plot","Significance"
7.74280020988056e-65,4.81990189434069,0.857,0.025,5.9506516733016e-60,"Col1a1-201",5.9506516733016e-60,"Up"
3.87912581757304e-59,4.93867727669472,0.805,0.028,2.98126335583758e-54,"Col3a1-201",2.98126335583758e-54,"Up"
6.40464177028189e-57,3.94388259956826,0.85,0.053,4.92222338613244e-52,"Psg21-201",4.92222338613244e-52,"Up"
2.46563153513766e-54,3.52174114531222,0.812,0.042,1.8949364600147e-49,"Psg23-201",1.8949364600147e-49,"Up"
1.18251861783213e-51,3.57102454979705,0.782,0.046,9.08812858548708e-47,"Col1a2-201",9.08812858548708e-47,"Up"
1.82185626312989e-49,3.98929993636541,0.744,0.039,1.40016941246585e-44,"Ctsj-202",1.40016941246585e-44,"Up"
2.69651410461133e-45,5.56002723382405,0.594,0.004,2.07237894995799e-40,"Col6a2-201",2.07237894995799e-40,"Up"
7.33107696937589e-45,3.40030050537249,0.789,0.084,5.63422589404415e-40,"Dock2-201",5.63422589404415e-40,"Up"
2.63677941218217e-44,4.28188972513886,0.782,0.112,2.02647044943848e-39,"Macf1-203",2.02647044943848e-39,"Up"
2.32232874184853e-41,3.35810745667591,0.692,0.053,1.78480253126027e-36,"Psg21-202",1.78480253126027e-36,"Up"
1.51870198891455e-40,9.25957500915534,0.526,0,1.16718322656039e-35,"Psg16-204",1.16718322656039e-35,"Up"
2.77354811053731e-39,4.69096089326216,0.594,0.025,2.13158266487235e-34,"Serpine1-201",2.13158266487235e-34,"Up"
7.8548202041727e-39,2.40326719182599,0.752,0.088,6.03674351971489e-34,"Notch2-201",6.03674351971489e-34,"Up"
8.85587347693673e-39,2.35420105532313,0.714,0.067,6.80609300196495e-34,"BC005537-201",6.80609300196495e-34,"Up"
3.18676725800306e-38,4.07609458912175,0.586,0.028,2.44915810846567e-33,"Dennd4a-201",2.44915810846567e-33,"Up"
4.20060621282411e-38,2.94773618937575,0.722,0.095,3.22833389880384e-33,"Cybb-201",3.22833389880384e-33,"Up"
4.46922047107678e-38,2.34520325483509,0.977,0.614,3.43477470084135e-33,"Vim-201",3.43477470084135e-33,"Up"
2.18738800965643e-37,2.57346064938878,0.88,0.2,1.68109518094135e-32,"Lrp1-201",1.68109518094135e-32,"Up"
4.6024761302109e-37,4.01574100084961,0.571,0.028,3.53718700511228e-32,"Trps1-202",3.53718700511228e-32,"Up"
1.89398684906638e-36,4.65268594393175,0.526,0.014,1.45560465298148e-31,"Col6a3-201",1.45560465298148e-31,"Up"
1.15315486765953e-35,4.60267183342354,0.526,0.018,8.86245641991052e-31,"Abca1-201",8.86245641991052e-31,"Up"
2.01532939599833e-35,8.53386423537631,0.466,0,1.54886125400056e-30,"Psg16-202",1.54886125400056e-30,"Up"
2.14998921550955e-35,2.95562850032983,0.82,0.182,1.65235271168771e-30,"Cd14-201",1.65235271168771e-30,"Up"
3.90873225654638e-35,3.22534040229873,0.586,0.039,3.00401708844615e-30,"Havcr2-201",3.00401708844615e-30,"Up"
4.83492155104108e-35,2.28664169620571,0.744,0.105,3.71583060883712e-30,"Rab8b-201",3.71583060883712e-30,"Up"
5.04765727398226e-35,3.15971344754687,0.526,0.018,3.87932652134633e-30,"Clu-201",3.87932652134633e-30,"Up"
6.10718722977833e-35,1.80538286443811,0.744,0.088,4.69361767357384e-30,"Ceacam11-201",4.69361767357384e-30,"Up"
8.75270871103878e-35,2.04733465004887,0.744,0.091,6.72680675278174e-30,"Psg27-201",6.72680675278174e-30,"Up"
1.21988509320807e-34,2.7533482444782,0.654,0.067,9.37530489534127e-30,"Kdm7a-201",9.37530489534127e-30,"Up"
2.72745798746024e-34,2.19327938025842,0.82,0.151,2.09616056168269e-29,"Plek-202",2.09616056168269e-29,"Up"
2.79084941760423e-34,2.88924817600636,0.541,0.025,2.14487941140556e-29,"Psg28-201",2.14487941140556e-29,"Up"
2.98126129824501e-34,4.06507628318669,0.534,0.025,2.29121855815322e-29,"Cd86-201",2.29121855815322e-29,"Up"
3.35493838245099e-34,2.54357056342094,0.729,0.105,2.57840434444888e-29,"Itpkb-201",2.57840434444888e-29,"Up"
3.53031756060203e-34,3.11414802389441,0.594,0.046,2.71319025802508e-29,"Lnpep-201",2.71319025802508e-29,"Up"
1.276299648787e-33,2.8848540414895,0.534,0.025,9.80887332078759e-29,"Psg16-201",9.80887332078759e-29,"Up"
1.45000493575111e-33,3.9375518414279,0.526,0.025,1.11438679332216e-28,"Nufip2-201",1.11438679332216e-28,"Up"
6.23633364659244e-33,7.40387965456774,0.436,0,4.79287186075216e-28,"Col6a2-202",4.79287186075216e-28,"Up"
9.66447136277844e-33,2.52191385864516,0.564,0.039,7.42753282114974e-28,"Nckap1l-201",7.42753282114974e-28,"Up"
9.76196093540127e-33,3.43599172220241,0.602,0.06,7.50245745729329e-28,"Arhgap26-201",7.50245745729329e-28,"Up"
1.66304602143743e-32,3.61281856404873,0.459,0.007,1.27811738931552e-27,"Cts3-202",1.27811738931552e-27,"Up"
2.57256930382634e-32,7.30264164719853,0.429,0,1.9771224127627e-27,"Col6a2-203",1.9771224127627e-27,"Up"
2.59855657758797e-32,4.60522076349562,0.789,0.179,1.99709467213946e-27,"Fn1-203",1.99709467213946e-27,"Up"
6.36839230749413e-32,2.47215730042458,0.617,0.063,4.89436422400154e-27,"Antxr2-201",4.89436422400154e-27,"Up"
6.48522440365808e-32,3.87166389307011,0.451,0.007,4.98415436318738e-27,"Cts3-201",4.98415436318738e-27,"Up"
8.53248481457575e-32,2.40270131365144,0.842,0.302,6.55755587939405e-27,"Cytip-201",6.55755587939405e-27,"Up"
1.39532351185622e-31,2.74909978346537,0.556,0.042,1.07236193180198e-26,"Itga4-201",1.07236193180198e-26,"Up"
1.43014793155236e-31,2.25528162052288,0.639,0.074,1.09912589131525e-26,"Cdkn1a-201",1.09912589131525e-26,"Up"
4.07415999485663e-31,3.05215270875527,0.586,0.063,3.13115492244711e-26,"Skil-201",3.13115492244711e-26,"Up"
4.41622231189017e-31,2.15632011506362,0.895,0.309,3.39404349558007e-26,"Ahnak-202",3.39404349558007e-26,"Up"
4.88359809828075e-31,2.1224954642354,0.767,0.147,3.75324048245269e-26,"Runx1-202",3.75324048245269e-26,"Up"
5.03261621386619e-31,2.45858888803457,0.466,0.014,3.86776686500472e-26,"Flt1-203",3.86776686500472e-26,"Up"
5.12448117221951e-31,2.46203554750814,0.722,0.13,3.93836876009758e-26,"Gvin-ps7-201",3.93836876009758e-26,"Up"
6.84098157328793e-31,3.1226149925518,0.564,0.049,5.2575679783347e-26,"Man2b1-201",5.2575679783347e-26,"Up"
7.46014884966389e-31,2.43060781259197,0.602,0.067,5.73342279692068e-26,"Chd7-202",5.73342279692068e-26,"Up"
8.07690081585275e-31,2.66865477867937,0.624,0.077,6.20742135301547e-26,"Ms4a6c-201",6.20742135301547e-26,"Up"
8.11707029757826e-31,2.87184776569205,0.489,0.021,6.2382932065008e-26,"Asah1-201",6.2382932065008e-26,"Up"
9.19266664893562e-31,3.54191672248964,0.481,0.021,7.06493202637298e-26,"Osm-201",7.06493202637298e-26,"Up"
9.86627040652228e-31,2.24578549524023,0.654,0.084,7.58262345822863e-26,"Snx18-201",7.58262345822863e-26,"Up"
1.39238580058438e-30,2.23555253930482,0.617,0.07,1.07010418318112e-25,"Kat6a-201",1.07010418318112e-25,"Up"
1.76929025090722e-30,1.51423377894443,0.692,0.091,1.35977032943224e-25,"Prl8a9-201",1.35977032943224e-25,"Up"
1.82457649599153e-30,2.11209211024857,0.789,0.168,1.40226002022933e-25,"Kdm6b-201",1.40226002022933e-25,"Up"
1.85459066717234e-30,2.19203959079657,0.857,0.393,1.42532711134863e-25,"Ddx5-201",1.42532711134863e-25,"Up"
3.02107283151211e-30,4.04328733399383,0.466,0.018,2.32181531393032e-25,"Ash1l-201",2.32181531393032e-25,"Up"
3.05136933194887e-30,1.87523957310538,0.872,0.319,2.34509938637599e-25,"Spag9-202",2.34509938637599e-25,"Up"
3.31880768896612e-30,3.52375604027349,0.466,0.018,2.55063646127802e-25,"Ceacam5-201",2.55063646127802e-25,"Up"
3.53416513937735e-30,1.47770573626203,0.752,0.116,2.71614727621707e-25,"Lamc1-201",2.71614727621707e-25,"Up"
3.98627075968742e-30,4.48483317209976,0.459,0.018,3.06360852965017e-25,"Dock10-201",3.06360852965017e-25,"Up"
5.58846932583362e-30,5.28871411917041,0.414,0.004,4.29496221567617e-25,"Mndal-203",4.29496221567617e-25,"Up"
5.68330375570685e-30,5.0126149848985,0.414,0.004,4.36784626841095e-25,"Ctsq-201",4.36784626841095e-25,"Up"
6.52366179326353e-30,2.9639157779414,0.767,0.179,5.01369503459475e-25,"Picalm-205",5.01369503459475e-25,"Up"
1.18106965930464e-29,2.74272604619762,0.504,0.032,9.07699275961989e-25,"Ascc3-201",9.07699275961989e-25,"Up"
1.2789489782455e-29,-1.73017568888283,0.842,0.993,9.82923447740793e-25,"Tpt1-201",9.82923447740793e-25,"Down"
1.32331092954057e-29,1.8330673942198,0.617,0.07,1.01701738178911e-24,"Fosl2-201",1.01701738178911e-24,"Up"
1.45322726321025e-29,4.63621075636795,0.767,0.175,1.11686328086761e-24,"Fn1-217",1.11686328086761e-24,"Up"
1.48217284878058e-29,1.79958622523181,0.835,0.211,1.13910912120183e-24,"Anxa2-201",1.13910912120183e-24,"Up"
1.55407298389101e-29,4.73573133834426,0.421,0.007,1.1943672510396e-24,"Fbn1-201",1.1943672510396e-24,"Up"
1.55407298389101e-29,4.73573133863088,0.421,0.007,1.1943672510396e-24,"Fbn1-202",1.1943672510396e-24,"Up"
1.78458727755181e-29,2.67571302470744,0.504,0.035,1.37152670628967e-24,"Mbnl1-201",1.37152670628967e-24,"Up"
1.8083951793804e-29,1.90114359458043,0.624,0.077,1.38982403116101e-24,"Cyth1-207",1.38982403116101e-24,"Up"
2.06329927465172e-29,2.64930549759541,0.579,0.063,1.58572802454083e-24,"Cyth4-201",1.58572802454083e-24,"Up"
4.10095827555925e-29,3.68183771819883,0.489,0.032,3.1517504730983e-24,"Lats2-201",3.1517504730983e-24,"Up"
5.06331555747974e-29,1.91483962903867,0.511,0.035,3.89136053854548e-24,"Plxnb2-202",3.89136053854548e-24,"Up"
5.24711905184494e-29,1.71721109497383,0.737,0.126,4.03262087610491e-24,"Stk24-201",4.03262087610491e-24,"Up"
5.94286915455782e-29,3.01426910638245,0.586,0.074,4.56733266004387e-24,"Skil-204",4.56733266004387e-24,"Up"
6.03990946491877e-29,1.97016433132685,0.789,0.204,4.64191202016867e-24,"Arpc1b-201",4.64191202016867e-24,"Up"
6.46991448150822e-29,2.2612829575973,0.812,0.284,4.97238807561832e-24,"Cd44-201",4.97238807561832e-24,"Up"
6.58442417946701e-29,2.35506433024747,0.594,0.074,5.06039335888757e-24,"Ctsh-201",5.06039335888757e-24,"Up"
7.99487878176584e-29,2.87797125517871,0.474,0.025,6.14438413893832e-24,"Bmpr2-201",6.14438413893832e-24,"Up"
8.1157603687621e-29,2.45086999431493,0.474,0.025,6.23728647380843e-24,"Plxnb2-201",6.23728647380843e-24,"Up"
8.51621078265663e-29,2.01380039053092,0.526,0.042,6.54504863490293e-24,"Ikbkb-201",6.54504863490293e-24,"Up"
1.12179932072215e-28,3.30073116871855,0.474,0.028,8.621476499478e-24,"Runx1-201",8.621476499478e-24,"Up"
1.2048465104598e-28,2.68157444206155,0.549,0.056,9.25972737148775e-24,"Tbc1d9-202",9.25972737148775e-24,"Up"
1.55075795367946e-28,2.75406281230454,0.654,0.109,1.19181951772081e-23,"Gvin2-202",1.19181951772081e-23,"Up"
1.91474175799208e-28,1.96571527321173,0.617,0.077,1.47155563068723e-23,"Nipbl-201",1.47155563068723e-23,"Up"
2.08385357478551e-28,3.27888907241081,0.466,0.025,1.60152482636565e-23,"Ceacam12-201",1.60152482636565e-23,"Up"
2.15209630444976e-28,3.55899620067195,0.541,0.063,1.65397209382182e-23,"Cd47-201",1.65397209382182e-23,"Up"
2.22411293108762e-28,3.24217462773755,0.759,0.196,1.70931975205808e-23,"Samhd1-201",1.70931975205808e-23,"Up"
2.73890215441463e-28,2.77458157366255,0.579,0.07,2.10495586175382e-23,"Aldh2-201",2.10495586175382e-23,"Up"
2.95814695498895e-28,3.03949217805433,0.406,0.007,2.27345426078721e-23,"Postn-202",2.27345426078721e-23,"Up"
3.53885547176932e-28,3.17337195863716,0.526,0.049,2.71975198427359e-23,"Zc3hav1-203",2.71975198427359e-23,"Up"
3.92404489846767e-28,3.50094094881414,0.481,0.032,3.01578546626835e-23,"Vps13b-201",3.01578546626835e-23,"Up"
4.8323196618077e-28,2.62587337820201,0.586,0.074,3.71383095288569e-23,"Smpdl3a-201",3.71383095288569e-23,"Up"
5.58788883706166e-28,2.36498921487032,0.511,0.042,4.29451608683537e-23,"Zc3h7a-201",4.29451608683537e-23,"Up"
6.45069494191357e-28,3.50792507474756,0.436,0.018,4.95761709065826e-23,"Col6a3-202",4.95761709065826e-23,"Up"
6.72917396367817e-28,3.55762495510213,0.414,0.011,5.17163935804522e-23,"Gpr35-203",5.17163935804522e-23,"Up"
7.11330749647414e-28,3.28819950300683,0.579,0.077,5.46686134334024e-23,"Trf-201",5.46686134334024e-23,"Up"
7.86995320183461e-28,3.10897907074473,0.489,0.035,6.04837383373797e-23,"Ctsj-201",6.04837383373797e-23,"Up"
8.64303545049681e-28,2.01125289434049,0.782,0.189,6.64251846512482e-23,"Ctss-202",6.64251846512482e-23,"Up"
9.69387157753325e-28,1.09671249748954,0.624,0.077,7.4501280621974e-23,"Ccn1-201",7.4501280621974e-23,"Up"
1.05208274122756e-27,3.25653348419327,0.466,0.028,8.08567669943029e-23,"Sppl2a-201",8.08567669943029e-23,"Up"
1.23451380258985e-27,4.10519828290497,0.421,0.014,9.48773237842399e-23,"Myadm-202",9.48773237842399e-23,"Up"
1.46533696720161e-27,3.85702611562401,0.383,0.004,1.12617007277313e-22,"Prcp-201",1.12617007277313e-22,"Up"
1.91139635285057e-27,3.5012294907117,0.429,0.018,1.46898455301978e-22,"Samd9l-201",1.46898455301978e-22,"Up"
2.02553164361752e-27,3.88725028676594,0.729,0.165,1.55670208938581e-22,"Fn1-216",1.55670208938581e-22,"Up"
2.30578446705978e-27,2.43313705511828,0.421,0.014,1.77208759431412e-22,"Postn-203",1.77208759431412e-22,"Up"
2.32180114520142e-27,2.46478118351017,0.571,0.074,1.7843970521331e-22,"Smg1-201",1.7843970521331e-22,"Up"
2.34061449021494e-27,1.84080570134947,0.654,0.102,1.79885586030979e-22,"Ranbp2-201",1.79885586030979e-22,"Up"
2.39181423588181e-27,4.68552222117786,0.414,0.014,1.83820491284461e-22,"Nfkb1-201",1.83820491284461e-22,"Up"
2.48536611673994e-27,1.97384687559043,0.617,0.084,1.91010327535931e-22,"Fndc3a-201",1.91010327535931e-22,"Up"
2.57328590015793e-27,3.67949212477113,0.406,0.011,1.97767314570738e-22,"Pirb-201",1.97767314570738e-22,"Up"
2.59598663896535e-27,3.2916058465632,0.474,0.032,1.99511957151043e-22,"Ikbkb-203",1.99511957151043e-22,"Up"
2.9731804497777e-27,3.36799037587618,0.767,0.179,2.28500810287215e-22,"Fn1-214",2.28500810287215e-22,"Up"
3.39459760567821e-27,2.28682999653165,0.632,0.105,2.60888404386793e-22,"Ctsa-202",2.60888404386793e-22,"Up"
3.89635295054928e-27,2.55894660428167,0.504,0.042,2.99450309661515e-22,"Thbd-201",2.99450309661515e-22,"Up"
4.01428093121127e-27,1.71968621809028,0.451,0.025,3.08513546687311e-22,"Myadm-204",3.08513546687311e-22,"Up"
4.15423290739061e-27,2.43757826288445,0.549,0.063,3.19269415864598e-22,"Atp2b1-201",3.19269415864598e-22,"Up"
4.69002997460774e-27,1.9762981029032,0.774,0.207,3.60447563668503e-22,"Laptm5-207",3.60447563668503e-22,"Up"
4.70083659973718e-27,2.46351237775672,0.669,0.119,3.61278096036201e-22,"Ptprc-203",3.61278096036201e-22,"Up"
5.06619971340989e-27,3.70774842858632,0.414,0.014,3.89357712774404e-22,"Myadm-201",3.89357712774404e-22,"Up"
8.18791432093806e-27,2.23652888304247,0.519,0.049,6.29273967221374e-22,"Specc1l-202",6.29273967221374e-22,"Up"
8.76992904910762e-27,2.34995141651642,0.541,0.056,6.74004127140117e-22,"Myo9b-201",6.74004127140117e-22,"Up"
9.04063801227356e-27,3.00383570883553,0.451,0.028,6.94809193795272e-22,"Dock10-205",6.94809193795272e-22,"Up"
9.68063671755872e-27,2.24702575827888,0.534,0.06,7.43995654291258e-22,"Chd7-201",7.43995654291258e-22,"Up"
1.10549002464669e-26,1.44753216339032,0.564,0.063,8.49613303541966e-22,"Ash1l-202",8.49613303541966e-22,"Up"
1.25730981576528e-26,1.97395362432984,0.556,0.067,9.6629288580825e-22,"Ptprj-204",9.6629288580825e-22,"Up"
1.27977858127018e-26,2.55047063006696,0.398,0.011,9.83561030849387e-22,"Postn-201",9.83561030849387e-22,"Up"
1.35658179092084e-26,2.62904870995243,0.594,0.088,1.0425873695943e-21,"Lamp2-202",1.0425873695943e-21,"Up"
1.41707151474756e-26,1.73993356055833,0.767,0.189,1.08907614194409e-21,"Niban2-201",1.08907614194409e-21,"Up"
1.72671133641978e-26,2.93039930794016,0.444,0.025,1.32704673049206e-21,"Atrx-202",1.32704673049206e-21,"Up"
1.92151097570277e-26,2.00681716697504,0.541,0.06,1.47675804526661e-21,"Ppp1r10-202",1.47675804526661e-21,"Up"
1.92151097570277e-26,2.00681716697504,0.541,0.06,1.47675804526661e-21,"Ppp1r10-201",1.47675804526661e-21,"Up"
2.07678524454575e-26,2.39200769197629,0.519,0.053,1.59609253184319e-21,"Fndc3b-201",1.59609253184319e-21,"Up"
2.43233270571319e-26,2.00051193948999,0.624,0.098,1.86934497764882e-21,"Plek-201",1.86934497764882e-21,"Up"
2.57676297924395e-26,2.45804021810192,0.451,0.028,1.98034542006815e-21,"Camk1d-201",1.98034542006815e-21,"Up"
2.89552766610939e-26,2.30525895373306,0.669,0.133,2.22532883251171e-21,"Fcgr3-201",2.22532883251171e-21,"Up"
3.19288898789334e-26,2.7561446778577,0.459,0.032,2.45386290275555e-21,"Arrdc3-201",2.45386290275555e-21,"Up"
3.38778885161745e-26,2.36098756596521,0.406,0.014,2.60365124402208e-21,"Postn-204",2.60365124402208e-21,"Up"
3.53026799642622e-26,2.13150237014689,0.511,0.049,2.71315216597341e-21,"Specc1l-201",2.71315216597341e-21,"Up"
3.61876649205e-26,1.56954795424175,0.805,0.196,2.78116679980011e-21,"Itgb1-201",2.78116679980011e-21,"Up"
3.65958266270299e-26,1.60808549283051,0.707,0.123,2.81253565959376e-21,"Fem1c-201",2.81253565959376e-21,"Up"
4.00653647177377e-26,3.32142488925516,0.414,0.018,3.07918354001701e-21,"Col6a3-208",3.07918354001701e-21,"Up"
5.29680356911368e-26,1.10007651157792,0.639,0.112,4.07080541500663e-21,"Sirpa-214",4.07080541500663e-21,"Up"
5.42589921058901e-26,2.0208924321411,0.812,0.274,4.17002057930608e-21,"Mpeg1-201",4.17002057930608e-21,"Up"
5.46495343064024e-26,2.08598610498959,0.549,0.063,4.20003530958425e-21,"Nid1-201",4.20003530958425e-21,"Up"
5.92907140533258e-26,2.28447657726102,0.789,0.221,4.5567285378543e-21,"Rnf213-201",4.5567285378543e-21,"Up"
6.00011999074519e-26,2.33183896157506,0.526,0.056,4.61133221768731e-21,"Ly86-201",4.61133221768731e-21,"Up"
7.15051613949228e-26,1.95372188422538,0.684,0.137,5.4954576738454e-21,"Ctsa-201",5.4954576738454e-21,"Up"
7.80336117986355e-26,3.06244204502718,0.444,0.028,5.99719520117234e-21,"Ikbkb-208",5.99719520117234e-21,"Up"
1.0207999620898e-25,2.77533155705182,0.662,0.123,7.84525602864493e-21,"Spp1-201",7.84525602864493e-21,"Up"
1.03387334070303e-25,2.38846477887641,0.466,0.035,7.94573017263906e-21,"Vmp1-201",7.94573017263906e-21,"Up"
1.05253582750891e-25,2.91395143633298,0.398,0.014,8.089158848737e-21,"Flt1-202",8.089158848737e-21,"Up"
1.14007532935384e-25,2.16212502746384,0.684,0.144,8.76193493621601e-21,"Jmjd1c-206",8.76193493621601e-21,"Up"
1.14660771193133e-25,4.52186701483751,0.383,0.011,8.81213890927703e-21,"Itpr1-201",8.81213890927703e-21,"Up"
1.19473383273973e-25,1.98688906144386,0.812,0.274,9.18200739813793e-21,"ENSMUST00000249873.1",9.18200739813793e-21,"Up"
1.22119835221632e-25,3.99274141230262,0.383,0.011,9.38539781612332e-21,"Nuak2-202",9.38539781612332e-21,"Up"
1.27844415188489e-25,3.71627077245181,0.406,0.018,9.82535468489616e-21,"Slfn8-201",9.82535468489616e-21,"Up"
1.32865286277764e-25,1.7803174766297,0.526,0.056,1.02112287115912e-20,"Dock8-201",1.02112287115912e-20,"Up"
1.33424297776202e-25,2.56102859407859,0.459,0.035,1.02541909812922e-20,"Atp6ap1-201",1.02541909812922e-20,"Up"
1.42511915070597e-25,2.15774650638737,0.466,0.035,1.09526107208357e-20,"Man2a1-201",1.09526107208357e-20,"Up"
1.45214274279634e-25,2.53224642049635,0.474,0.039,1.1160297835487e-20,"Ttc7-201",1.1160297835487e-20,"Up"
1.4651854657035e-25,3.82266041317896,0.406,0.018,1.12605363781177e-20,"Ifi202b-201",1.12605363781177e-20,"Up"
1.46959486027485e-25,2.10430609330101,0.519,0.056,1.12944243391564e-20,"Usp9x-201",1.12944243391564e-20,"Up"
1.50156671203736e-25,2.65184301269307,0.556,0.074,1.15401408086919e-20,"Hivep2-201",1.15401408086919e-20,"Up"
1.57005646063824e-25,2.99507566719755,0.429,0.025,1.20665119225891e-20,"B4galt5-201",1.20665119225891e-20,"Up"
1.78336576049954e-25,4.92593625734945,0.391,0.014,1.37058792157431e-20,"Ifih1-201",1.37058792157431e-20,"Up"
1.84723119594432e-25,2.53755292591173,0.451,0.032,1.41967106333105e-20,"Nr4a1-201",1.41967106333105e-20,"Up"
2.31711302349972e-25,2.63713128481084,0.436,0.028,1.78079404308047e-20,"Bcl2l11-205",1.78079404308047e-20,"Up"
2.32824673544074e-25,2.73755352454538,0.429,0.025,1.78935074605563e-20,"Ceacam12-203",1.78935074605563e-20,"Up"
2.54624547302121e-25,1.75505762328517,0.556,0.07,1.95689149583572e-20,"Myo1f-201",1.95689149583572e-20,"Up"
2.68464784155855e-25,1.79088559188177,0.534,0.06,2.06325925215141e-20,"Myo9b-203",2.06325925215141e-20,"Up"
2.90812120562451e-25,3.76629224006422,0.744,0.182,2.23500747137066e-20,"Fn1-201",2.23500747137066e-20,"Up"
3.02448217194911e-25,2.82425174110266,0.519,0.063,2.32443552842977e-20,"Pde4b-203",2.32443552842977e-20,"Up"
3.09066009014466e-25,4.80699683448182,0.353,0.004,2.37529590567978e-20,"Col6a1-201",2.37529590567978e-20,"Up"
3.28645390292064e-25,2.54051111127358,0.496,0.049,2.52577128255063e-20,"Plxnd1-201",2.52577128255063e-20,"Up"
3.31295952736947e-25,2.13696155762041,0.692,0.144,2.54614191516453e-20,"Akap13-205",2.54614191516453e-20,"Up"
3.3245698190149e-25,2.23838695760857,0.474,0.042,2.55506488870571e-20,"Itgav-201",2.55506488870571e-20,"Up"
3.39885716448896e-25,2.37244742612226,0.632,0.126,2.61215768519634e-20,"Unc93b1-203",2.61215768519634e-20,"Up"
3.45991883931047e-25,1.86234413998282,0.789,0.281,2.65908602476367e-20,"Cd44-207",2.65908602476367e-20,"Up"
3.55957303171512e-25,2.23263477729133,0.722,0.189,2.73567425779434e-20,"Jarid2-208",2.73567425779434e-20,"Up"
4.18243358768918e-25,2.19933776575887,0.489,0.046,3.21436750948264e-20,"Klf4-201",3.21436750948264e-20,"Up"
4.41438040526082e-25,4.43153413303694,0.376,0.011,3.39262791665915e-20,"Gpd2-201",3.39262791665915e-20,"Up"
4.79051971793806e-25,3.7527269438796,0.398,0.018,3.68170602402412e-20,"Sulf2-202",3.68170602402412e-20,"Up"
4.90133812215346e-25,2.02435801615607,0.594,0.091,3.76687440039982e-20,"Arhgap45-202",3.76687440039982e-20,"Up"
5.35234294079594e-25,1.80948905154498,0.541,0.067,4.11348964371931e-20,"Polr2a-201",4.11348964371931e-20,"Up"
5.53903783630226e-25,3.08305117861108,0.752,0.179,4.25697213871174e-20,"Fn1-211",4.25697213871174e-20,"Up"
5.97028759412807e-25,2.38829671149071,0.534,0.067,4.58840482759119e-20,"Furin-201",4.58840482759119e-20,"Up"
7.86111073474784e-25,3.07199376143018,0.459,0.039,6.0415780440831e-20,"Vps13d-202",6.0415780440831e-20,"Up"
8.40300649411314e-25,2.74349207540997,0.541,0.081,6.45804661098571e-20,"Cxcr4-201",6.45804661098571e-20,"Up"
8.64998840975176e-25,2.95905019279066,0.414,0.025,6.64786209243062e-20,"Cers6-201",6.64786209243062e-20,"Up"
8.96711779011826e-25,2.69041396707392,0.421,0.025,6.89158870641749e-20,"Ceacam12-202",6.89158870641749e-20,"Up"
9.98622948870669e-25,1.89089786435216,0.677,0.158,7.67481681125064e-20,"Capza2-201",7.67481681125064e-20,"Up"
1.0039094228568e-24,1.76433828586067,0.526,0.06,7.71544547842362e-20,"Myo9b-202",7.71544547842362e-20,"Up"
1.03594084941422e-24,2.16104322754506,0.474,0.042,7.96161980408803e-20,"Dnajc13-201",7.96161980408803e-20,"Up"
1.0731937670911e-24,2.5931863089968,0.466,0.042,8.24792337760193e-20,"Utrn-205",8.24792337760193e-20,"Up"
1.13067418226346e-24,3.27262400030486,0.383,0.014,8.68968336036761e-20,"Nadk-203",8.68968336036761e-20,"Up"
1.15515536918323e-24,5.01912770708786,0.346,0.004,8.87783107432079e-20,"Gpr35-202",8.87783107432079e-20,"Up"
1.17350723002356e-24,2.31140519220688,0.496,0.053,9.01887246562308e-20,"Helz2-202",9.01887246562308e-20,"Up"
1.20946679935649e-24,1.08250970267954,0.602,0.084,9.29523613977438e-20,"Atp1b3-201",9.29523613977438e-20,"Up"
1.28689385374103e-24,1.50305439575946,0.647,0.109,9.89029402354131e-20,"Selplg-201",9.89029402354131e-20,"Up"
1.35890483247799e-24,2.59927683842451,0.429,0.028,1.04437271995263e-19,"Dcn-201",1.04437271995263e-19,"Up"
1.37689986420888e-24,2.64447682234756,0.534,0.074,1.05820262163909e-19,"Cyrib-207",1.05820262163909e-19,"Up"
1.48969285544788e-24,2.43078327274917,0.737,0.242,1.14488854712592e-19,"Tmsb4x-201",1.14488854712592e-19,"Up"
1.50545473849346e-24,2.86406124231603,0.571,0.098,1.15700218472177e-19,"Slfn5-201",1.15700218472177e-19,"Up"
2.1504813703529e-24,1.1342032047737,0.639,0.105,1.65273095237101e-19,"Snd1-201",1.65273095237101e-19,"Up"
2.21859274639811e-24,2.22232464751739,0.496,0.053,1.7050772693168e-19,"Ap3b1-201",1.7050772693168e-19,"Up"
2.34987463576537e-24,2.4037404914936,0.474,0.046,1.80597265257112e-19,"Mef2d-201",1.80597265257112e-19,"Up"
2.39549616127243e-24,2.65686356906546,0.556,0.098,1.84103461978431e-19,"Tmbim6-201",1.84103461978431e-19,"Up"
2.59157826792469e-24,1.8725540712813,0.496,0.053,1.99173156203084e-19,"Mob1a-202",1.99173156203084e-19,"Up"
3.02655658166537e-24,1.89267870902371,0.496,0.053,2.3260297952731e-19,"Specc1l-204",2.3260297952731e-19,"Up"
3.06025522418732e-24,2.45772553920656,0.444,0.035,2.35192854999692e-19,"Zbed6-201",2.35192854999692e-19,"Up"
3.61967458241251e-24,3.90242731036443,0.376,0.014,2.78186470356731e-19,"Fcho2-201",2.78186470356731e-19,"Up"
3.63838618465577e-24,1.35638987993326,0.647,0.109,2.79624531835535e-19,"Plekho2-204",2.79624531835535e-19,"Up"
3.64916097385251e-24,2.64688628168431,0.353,0.007,2.80452617484461e-19,"Slco2a1-201",2.80452617484461e-19,"Up"
3.73332004932638e-24,1.68081618321311,0.707,0.154,2.86920579070929e-19,"Son-203",2.86920579070929e-19,"Up"
3.82745227685381e-24,2.27893568902935,0.752,0.221,2.94155017285323e-19,"Prkcd-207",2.94155017285323e-19,"Up"
4.1459603621371e-24,2.31430536001526,0.489,0.053,3.18633637671685e-19,"Fndc3b-204",3.18633637671685e-19,"Up"
4.15478382457108e-24,1.60553170098032,0.767,0.218,3.19311756053586e-19,"Syk-203",3.19311756053586e-19,"Up"
4.31113841928944e-24,1.76239484028845,0.662,0.137,3.3132823207607e-19,"Cdc42-202",3.3132823207607e-19,"Up"
4.38179394613337e-24,2.75154352057878,0.451,0.039,3.36758391936134e-19,"Sh3pxd2b-201",3.36758391936134e-19,"Up"
4.41177635878486e-24,1.58253440836328,0.692,0.144,3.39062660278052e-19,"Sfpq-201",3.39062660278052e-19,"Up"
4.55027383460211e-24,2.98694467684566,0.376,0.014,3.4970674528451e-19,"Nadk-201",3.4970674528451e-19,"Up"
4.71149972556789e-24,1.1528570009905,0.624,0.098,3.62097599908795e-19,"Actn4-211",3.62097599908795e-19,"Up"
4.76305163982842e-24,3.08915523386215,0.376,0.014,3.66059570727373e-19,"Hexb-201",3.66059570727373e-19,"Up"
4.79043961632017e-24,2.72698495155066,0.421,0.028,3.68164446272671e-19,"Nr4a1-202",3.68164446272671e-19,"Up"
5.39278918670456e-24,2.0267478839206,0.571,0.088,4.14457420154992e-19,"Ifi204-201",4.14457420154992e-19,"Up"
5.71763987833383e-24,1.90411675302947,0.677,0.14,4.39423495209468e-19,"Gvin2-201",4.39423495209468e-19,"Up"
6.01333360226822e-24,1.79766349664562,0.887,0.379,4.62148740668722e-19,"Emilin2-203",4.62148740668722e-19,"Up"
6.22488324306827e-24,2.68363219900762,0.489,0.056,4.78407176762769e-19,"Mbnl2-202",4.78407176762769e-19,"Up"
6.29870908716113e-24,2.21576963193534,0.571,0.095,4.84080988184681e-19,"Huwe1-201",4.84080988184681e-19,"Up"
6.50751067362624e-24,1.73295266098101,0.842,0.284,5.00128225310871e-19,"Itgb2-201",5.00128225310871e-19,"Up"
6.51732351765837e-24,4.29775316408736,0.361,0.011,5.00882381626117e-19,"Itpr1-205",5.00882381626117e-19,"Up"
7.30398172990812e-24,2.29294811673024,0.496,0.056,5.61340211870359e-19,"Anxa1-201",5.61340211870359e-19,"Up"
7.32720360366157e-24,1.86887547497782,0.571,0.088,5.63124905755806e-19,"Il10ra-201",5.63124905755806e-19,"Up"
7.41889926023774e-24,1.95494698948125,0.474,0.046,5.70172083746311e-19,"Oas3-201",5.70172083746311e-19,"Up"
7.7662953415828e-24,1.87029659682994,0.692,0.158,5.96870862182005e-19,"Sik1-201",5.96870862182005e-19,"Up"
8.49582392041602e-24,2.64129016237161,0.586,0.105,6.52938051579653e-19,"Sirpa-203",6.52938051579653e-19,"Up"
8.50977689945503e-24,2.58125074734167,0.496,0.06,6.54010393830717e-19,"Mbnl2-201",6.54010393830717e-19,"Up"
9.45590691790836e-24,2.30163457477216,0.466,0.046,7.26724270268929e-19,"Mef2d-204",7.26724270268929e-19,"Up"
9.78459554649997e-24,1.79046695683646,0.579,0.088,7.51985306130708e-19,"Edem1-201",7.51985306130708e-19,"Up"
9.87270361776742e-24,2.18917269114871,0.481,0.053,7.58756763839898e-19,"Abr-213",7.58756763839898e-19,"Up"
9.91378335876716e-24,2.06229474630166,0.361,0.011,7.61913906254692e-19,"Parp9-203",7.61913906254692e-19,"Up"
1.10991787538378e-23,1.34913902583141,0.639,0.109,8.5301628394745e-19,"Plekho2-202",8.5301628394745e-19,"Up"
1.19452934682937e-23,1.91570646605994,0.692,0.151,9.18043584212245e-19,"Son-202",9.18043584212245e-19,"Up"
1.21436148997529e-23,2.36914978238322,0.466,0.046,9.3328537950561e-19,"Ifitm2-201",9.3328537950561e-19,"Up"
1.26276696051011e-23,3.7847825504872,0.368,0.014,9.70486919830439e-19,"Ankrd44-210",9.70486919830439e-19,"Up"
1.30510223251231e-23,1.55748332786057,0.564,0.088,1.00302326977501e-18,"Fbrs-202",1.00302326977501e-18,"Up"
1.32416061682013e-23,3.36938592273228,0.346,0.007,1.01767040045094e-18,"Pappa2-202",1.01767040045094e-18,"Up"
1.49015990937742e-23,3.40254971960177,0.391,0.021,1.14524749675293e-18,"Nufip2-204",1.14524749675293e-18,"Up"
1.55040471809241e-23,2.27576844661507,0.549,0.081,1.19154804204274e-18,"Csf2ra-201",1.19154804204274e-18,"Up"
1.55282261887277e-23,2.75360754330419,0.451,0.042,1.19340629550848e-18,"Utrn-201",1.19340629550848e-18,"Up"
1.62866350390136e-23,1.84628528988233,0.594,0.109,1.25169304928835e-18,"Coro1a-201",1.25169304928835e-18,"Up"
1.73715781379687e-23,3.47815638939747,0.368,0.014,1.33507526621545e-18,"Alpk1-203",1.33507526621545e-18,"Up"
1.77190844662954e-23,1.85936721463593,0.519,0.067,1.36178251757267e-18,"Cyth1-201",1.36178251757267e-18,"Up"
1.83936031308265e-23,2.04534803688069,0.647,0.14,1.41362197501654e-18,"Brd2-203",1.41362197501654e-18,"Up"
1.87730395170218e-23,2.56675678143503,0.414,0.028,1.4427831790412e-18,"Mia3-202",1.4427831790412e-18,"Up"
1.88771129208965e-23,1.914756845422,0.534,0.074,1.45078163642258e-18,"Fyb-201",1.45078163642258e-18,"Up"
1.94752100223562e-23,2.1437365589553,0.466,0.046,1.49674779105816e-18,"Rc3h1-202",1.49674779105816e-18,"Up"
2.21388945346201e-23,1.63478686134817,0.556,0.081,1.70146260056369e-18,"Plcg2-201",1.70146260056369e-18,"Up"
2.34140834075972e-23,2.55614867756997,0.391,0.021,1.79946596620748e-18,"Niban1-205",1.79946596620748e-18,"Up"
2.59466288075329e-23,2.07518654827393,0.526,0.074,1.99410221037413e-18,"Pla2g7-201",1.99410221037413e-18,"Up"
2.82823692452178e-23,2.54708309516419,0.391,0.021,2.17361320597197e-18,"H2-Q1-203",2.17361320597197e-18,"Up"
2.82823692452178e-23,2.54708309516419,0.391,0.021,2.17361320597197e-18,"H2-Q1-202",2.17361320597197e-18,"Up"
2.82823692452178e-23,2.54708309516419,0.391,0.021,2.17361320597197e-18,"H2-Q1-201",2.17361320597197e-18,"Up"
3.45644916665572e-23,2.12347201933295,0.444,0.039,2.65641944254159e-18,"Ikbkb-202",2.65641944254159e-18,"Up"
3.64839363836068e-23,4.39774107357067,0.338,0.007,2.80393644682572e-18,"Slc25a3-208",2.80393644682572e-18,"Up"
3.72469336610215e-23,2.5889020426925,0.376,0.018,2.86257583958415e-18,"Arhgef10l-201",2.86257583958415e-18,"Up"
3.72469336610215e-23,2.58890204313085,0.376,0.018,2.86257583958415e-18,"Arhgef10l-203",2.86257583958415e-18,"Up"
3.77955017883803e-23,1.673146829364,0.88,0.354,2.90473549444418e-18,"Csf2rb-201",2.90473549444418e-18,"Up"
3.78027004684894e-23,3.18829892795281,0.376,0.018,2.90528874180528e-18,"Alpk1-201",2.90528874180528e-18,"Up"
4.08728757115222e-23,1.69701651531109,0.586,0.098,3.14124398993333e-18,"Fth1-208",3.14124398993333e-18,"Up"
4.30730808048017e-23,2.29155164200149,0.519,0.07,3.31033855217223e-18,"Hivep2-205",3.31033855217223e-18,"Up"
4.71622996981141e-23,3.16486406161975,0.459,0.053,3.62461138099886e-18,"F13a1-201",3.62461138099886e-18,"Up"
5.22301222168415e-23,1.83619379625044,0.662,0.147,4.01409381285314e-18,"Lcp1-209",4.01409381285314e-18,"Up"
5.41142217001554e-23,3.19740811202493,0.398,0.025,4.15889439454374e-18,"Phf3-205",4.15889439454374e-18,"Up"
5.41142217001554e-23,3.19740811202493,0.398,0.025,4.15889439454374e-18,"Phf3-201",4.15889439454374e-18,"Up"
5.54128154107244e-23,2.23326380253989,0.466,0.049,4.25869651557581e-18,"Smchd1-201",4.25869651557581e-18,"Up"
5.69023013607719e-23,2.25210541378313,0.436,0.039,4.37316946878076e-18,"Tm6sf1-201",4.37316946878076e-18,"Up"
5.81582597854104e-23,1.86223202156431,0.526,0.074,4.46969489754793e-18,"Ndel1-201",4.46969489754793e-18,"Up"
5.85335115346736e-23,1.64063937569707,0.88,0.361,4.49853449548581e-18,"Csf2rb-206",4.49853449548581e-18,"Up"
5.96153334266204e-23,2.29078382632166,0.474,0.053,4.58167683516948e-18,"Cdkn1a-205",4.58167683516948e-18,"Up"
6.58243463028062e-23,3.42849077363286,0.429,0.039,5.05886431075587e-18,"Mef2a-204",5.05886431075587e-18,"Up"
7.2750815007072e-23,2.47479104674068,0.692,0.168,5.59119113655351e-18,"Fn1-213",5.59119113655351e-18,"Up"
7.36606839486489e-23,1.66810700974516,0.617,0.112,5.66111820418946e-18,"Irf5-201",5.66111820418946e-18,"Up"
7.46747821094595e-23,1.72606371504577,0.654,0.147,5.7390557042404e-18,"Brd2-201",5.7390557042404e-18,"Up"
7.54613887598118e-23,1.91722703653936,0.466,0.049,5.79950957174657e-18,"Esyt1-201",5.79950957174657e-18,"Up"
7.59253271668448e-23,1.94542421970884,0.474,0.053,5.83516509408069e-18,"Capn2-201",5.83516509408069e-18,"Up"
8.02944629242687e-23,1.76156171103423,0.504,0.063,6.17095065358175e-18,"Myo1f-202",6.17095065358175e-18,"Up"
8.27363222640936e-23,2.33753693696872,0.504,0.067,6.35861731128465e-18,"Tor1aip1-202",6.35861731128465e-18,"Up"
8.69144388918712e-23,3.0013588421818,0.414,0.032,6.67972228659587e-18,"Smad3-201",6.67972228659587e-18,"Up"
9.21879760839308e-23,2.22425845291251,0.579,0.098,7.08501471395442e-18,"Ptprc-201",7.08501471395442e-18,"Up"
1.0059090425757e-22,2.22512250519819,0.406,0.028,7.73081335581125e-18,"Med13-201",7.73081335581125e-18,"Up"
1.03682128584893e-22,2.15413260294479,0.617,0.119,7.96838631026339e-18,"Ier3-201",7.96838631026339e-18,"Up"
1.07697701597643e-22,3.8726552999805,0.346,0.011,8.27699915858527e-18,"Atp1a3-201",8.27699915858527e-18,"Up"
1.09855837458518e-22,2.35830668902628,0.421,0.035,8.44286053203696e-18,"Xbp1-201",8.44286053203696e-18,"Up"
1.1761541949847e-22,2.42657975300741,0.737,0.305,9.03921545013539e-18,"Cd44-203",9.03921545013539e-18,"Up"
1.27852849424512e-22,3.11989910676131,0.368,0.018,9.82600288967141e-18,"Slfn9-201",9.82600288967141e-18,"Up"
1.29474024400276e-22,1.85197941026748,0.504,0.063,9.9505966712588e-18,"Nfil3-201",9.9505966712588e-18,"Up"
1.48586689162107e-22,4.55258056940432,0.331,0.007,1.14194814088645e-17,"Cfh-201",1.14194814088645e-17,"Up"
1.48586689162107e-22,4.55258056940432,0.331,0.007,1.14194814088645e-17,"Cfh-202",1.14194814088645e-17,"Up"
1.5860355614432e-22,1.53869698780596,0.624,0.119,1.21893177039156e-17,"Irak2-201",1.21893177039156e-17,"Up"
1.64451124104458e-22,1.43201970497404,0.617,0.109,1.2638726691924e-17,"Ncf2-202",1.2638726691924e-17,"Up"
1.64451124104458e-22,1.43201970497404,0.617,0.109,1.2638726691924e-17,"Ncf2-201",1.2638726691924e-17,"Up"
1.65692149061298e-22,1.66685217491817,0.564,0.088,1.2734104423957e-17,"Edem1-205",1.2734104423957e-17,"Up"
1.7398743129766e-22,3.80631690935027,0.331,0.007,1.33716300449504e-17,"Psg26-201",1.33716300449504e-17,"Up"
1.78786312867909e-22,2.26868578008588,0.421,0.035,1.37404432891503e-17,"Stt3a-201",1.37404432891503e-17,"Up"
1.80903098132067e-22,3.39610077979026,0.353,0.014,1.39031267038419e-17,"Loxl2-201",1.39031267038419e-17,"Up"
1.82896251984938e-22,1.8211217265467,0.519,0.07,1.40563085500504e-17,"Serinc3-201",1.40563085500504e-17,"Up"
1.83179485319517e-22,1.293709974489,0.917,0.428,1.40780761647462e-17,"Iqgap1-201",1.40780761647462e-17,"Up"
2.35515478662901e-22,2.04449433912436,0.406,0.032,1.81003065971586e-17,"Morc3-206",1.81003065971586e-17,"Up"
2.46070764666459e-22,2.90160236191362,0.376,0.021,1.8911522547676e-17,"Slc8b1-202",1.8911522547676e-17,"Up"
2.69177331037421e-22,1.92155185894877,0.481,0.06,2.06873545995499e-17,"Tiam1-201",2.06873545995499e-17,"Up"
2.90426095623208e-22,3.29460854019297,0.398,0.032,2.2320407153026e-17,"Pde4b-207",2.2320407153026e-17,"Up"
3.02098322021898e-22,2.37504951858614,0.421,0.039,2.32174644406709e-17,"Pdlim5-201",2.32174644406709e-17,"Up"
3.12190532934292e-22,2.34036948587379,0.481,0.06,2.39930912181321e-17,"Mycbp2-201",2.39930912181321e-17,"Up"
3.12785373345002e-22,2.59509283714747,0.444,0.046,2.40388070830568e-17,"Csf2ra-202",2.40388070830568e-17,"Up"
3.14335846990355e-22,2.19622001744939,0.376,0.021,2.41579671845967e-17,"Mga-202",2.41579671845967e-17,"Up"
3.24580146782098e-22,1.94244934571148,0.571,0.098,2.49452826007913e-17,"Irf5-202",2.49452826007913e-17,"Up"
3.32275703581558e-22,1.8702233757332,0.398,0.028,2.5536716923057e-17,"Mga-204",2.5536716923057e-17,"Up"
3.42622032966191e-22,3.57203045806909,0.398,0.032,2.63318737215836e-17,"Pik3c2a-201",2.63318737215836e-17,"Up"
3.65251678192468e-22,2.8604214299765,0.383,0.025,2.8071052475804e-17,"Madd-210",2.8071052475804e-17,"Up"
3.67139100632964e-22,2.35101923925128,0.489,0.067,2.82161084400459e-17,"Parp14-201",2.82161084400459e-17,"Up"
4.11315707058699e-22,2.720748762962,0.361,0.018,3.16112573502892e-17,"Synj1-203",3.16112573502892e-17,"Up"
4.36761117845507e-22,1.79352851002504,0.549,0.084,3.35668389508986e-17,"Diaph1-201",3.35668389508986e-17,"Up"
4.95336658456039e-22,1.8662336536767,0.759,0.221,3.80686035489804e-17,"Emp1-206",3.80686035489804e-17,"Up"
4.95336658456039e-22,1.86623365435806,0.759,0.221,3.80686035489804e-17,"Emp1-201",3.80686035489804e-17,"Up"
5.0755224539485e-22,2.45164596503996,0.414,0.035,3.90074202675758e-17,"Gfpt1-204",3.90074202675758e-17,"Up"
5.37886166046002e-22,2.26566011880764,0.444,0.046,4.13387034052995e-17,"Lfng-201",4.13387034052995e-17,"Up"
5.57846268333831e-22,2.51922667996104,0.383,0.025,4.28727171065283e-17,"Trpm7-202",4.28727171065283e-17,"Up"
5.8238940927729e-22,1.30682951302039,0.714,0.161,4.47589556605968e-17,"Ddx3x-201",4.47589556605968e-17,"Up"
6.03395339907805e-22,1.80878863634259,0.624,0.133,4.63733454532744e-17,"Lcp1-206",4.63733454532744e-17,"Up"
6.03965942773892e-22,1.45578436364421,0.835,0.309,4.64171985659447e-17,"Sparc-201",4.64171985659447e-17,"Up"
6.08837626671174e-22,2.13681554441829,0.466,0.056,4.67916069601864e-17,"Tiam1-213",4.67916069601864e-17,"Up"
6.17741117816951e-22,2.16760785081829,0.436,0.042,4.74758758687039e-17,"Baz2b-201",4.74758758687039e-17,"Up"
6.78132375070556e-22,1.76157344247355,0.504,0.067,5.21171855536725e-17,"Myo9b-204",5.21171855536725e-17,"Up"
6.8685998081907e-22,2.61219158597746,0.361,0.018,5.27879369658688e-17,"Ino80-201",5.27879369658688e-17,"Up"
6.916208679625e-22,1.44851851927496,0.654,0.14,5.315383018639e-17,"Arf4-201",5.315383018639e-17,"Up"
7.20096085537153e-22,2.02270863587635,0.481,0.06,5.53422645578724e-17,"Kat6a-202",5.53422645578724e-17,"Up"
7.39719105032926e-22,2.51139471904842,0.94,0.663,5.68503720982005e-17,"Lyz2-201",5.68503720982005e-17,"Up"
7.40742841656796e-22,1.89582874520541,0.496,0.067,5.69290503526914e-17,"Furin-203",5.69290503526914e-17,"Up"
7.91292285370258e-22,1.69004381455532,0.571,0.102,6.08139772998458e-17,"Pik3r5-201",6.08139772998458e-17,"Up"
9.14338659982303e-22,3.26988890043656,0.346,0.014,7.02705833742799e-17,"Kdm6a-202",7.02705833742799e-17,"Up"
9.61392847079223e-22,1.41613151765967,0.474,0.056,7.38868858694266e-17,"Tmod3-201",7.38868858694266e-17,"Up"
9.7029760431079e-22,1.26418303556283,0.729,0.182,7.45712520817014e-17,"Itprid2-202",7.45712520817014e-17,"Up"
9.80511138143301e-22,1.67068555032117,0.526,0.077,7.53562030108652e-17,"Tmem131-201",7.53562030108652e-17,"Up"
9.90455637426778e-22,3.22486226421268,0.376,0.025,7.61204775587976e-17,"Add3-203",7.61204775587976e-17,"Up"
1.0459392925755e-21,2.47692514050724,0.368,0.021,8.03846183915972e-17,"Slc8b1-201",8.03846183915972e-17,"Up"
1.04713894382746e-21,2.0423358238764,0.459,0.053,8.04768163889155e-17,"Ccr1-201",8.04768163889155e-17,"Up"
1.06988201878927e-21,2.17886534561986,0.436,0.046,8.22247126720302e-17,"Klf2-201",8.22247126720302e-17,"Up"
1.10214090601174e-21,1.42617847738582,0.466,0.053,8.4703937190626e-17,"Wasf2-201",8.4703937190626e-17,"Up"
1.10403684137907e-21,2.5082414108185,0.474,0.063,8.48496474073473e-17,"Klf3-201",8.48496474073473e-17,"Up"
1.10578642778727e-21,2.09058397515326,0.556,0.102,8.4984110121163e-17,"Sirpa-204",8.4984110121163e-17,"Up"
1.12867177683173e-21,1.35113382021138,0.737,0.168,8.6742940736626e-17,"Dync1h1-201",8.6742940736626e-17,"Up"
1.13546047063591e-21,3.438815326257,0.444,0.056,8.72646790102519e-17,"Sp100-202",8.72646790102519e-17,"Up"
1.21702862367908e-21,1.71689646733271,0.504,0.07,9.35335178442322e-17,"Sh3bgrl-201",9.35335178442322e-17,"Up"
1.23455861045388e-21,1.76659929897606,0.391,0.028,9.48807674478227e-17,"Mga-201",9.48807674478227e-17,"Up"
1.28979179636225e-21,2.76940090850226,0.504,0.081,9.91256587176244e-17,"Adgre5-202",9.91256587176244e-17,"Up"
1.32279565077321e-21,2.8750253924783,0.406,0.035,1.01662136944524e-16,"Vps13d-201",1.01662136944524e-16,"Up"
1.37822181794e-21,1.54303046854403,0.534,0.077,1.05921859595961e-16,"Slk-201",1.05921859595961e-16,"Up"
1.39207210712371e-21,2.14118923476592,0.368,0.021,1.06986309720886e-16,"Plagl1-203",1.06986309720886e-16,"Up"
1.40668413784157e-21,1.11387400532909,0.489,0.06,1.08109302729676e-16,"Mtpn-201",1.08109302729676e-16,"Up"
1.51693127365552e-21,1.7266708534129,0.421,0.039,1.16582236105521e-16,"Usp34-208",1.16582236105521e-16,"Up"
1.52055941157191e-21,2.26108292714981,0.504,0.077,1.16861073016947e-16,"Inpp5d-210",1.16861073016947e-16,"Up"
1.52769824866247e-21,1.95730188610123,0.451,0.049,1.17409721202706e-16,"Baz2b-202",1.17409721202706e-16,"Up"
1.5306368510908e-21,1.09384628726142,0.564,0.091,1.17635564553733e-16,"Skap2-205",1.17635564553733e-16,"Up"
1.55423337882201e-21,3.44238188766323,0.331,0.011,1.19449052095987e-16,"Atp1a3-202",1.19449052095987e-16,"Up"
1.57779230513506e-21,1.63737446207855,0.421,0.039,1.2125964981885e-16,"Ap1g1-202",1.2125964981885e-16,"Up"
1.63842894812459e-21,3.29285710195325,0.353,0.018,1.25919818379167e-16,"Emp1-205",1.25919818379167e-16,"Up"
1.75601890420617e-21,2.65298690101126,0.331,0.011,1.34957076863861e-16,"Pirb-202",1.34957076863861e-16,"Up"
1.762440173988e-21,2.9759502648134,0.353,0.018,1.35450577131674e-16,"Arrdc3-203",1.35450577131674e-16,"Up"
1.89709196053622e-21,1.29085050492626,0.662,0.14,1.45799105535051e-16,"Trip12-201",1.45799105535051e-16,"Up"
1.90433886903716e-21,1.90118960279572,0.436,0.046,1.46356059440982e-16,"Daxx-202",1.46356059440982e-16,"Up"
2.0519929922006e-21,2.39145790810724,0.383,0.028,1.57703869422585e-16,"Ccr2-203",1.57703869422585e-16,"Up"
2.2289379219977e-21,2.8215959682484,0.383,0.028,1.71302795057211e-16,"Rbm47-209",1.71302795057211e-16,"Up"
2.28657033316687e-21,1.97919989764315,0.406,0.035,1.75732076385207e-16,"Stk40-201",1.75732076385207e-16,"Up"
2.29856845530038e-21,1.56038462846375,0.752,0.246,1.76654180063656e-16,"Msn-201",1.76654180063656e-16,"Up"
2.34238246928433e-21,1.91008974110847,0.617,0.126,1.80021462294378e-16,"Nup98-203",1.80021462294378e-16,"Up"
2.4559046374425e-21,3.3588186948106,0.361,0.021,1.88746095006006e-16,"Wipf1-201",1.88746095006006e-16,"Up"
2.4847793803376e-21,1.87479321492022,0.489,0.067,1.90965234496466e-16,"Furin-202",1.90965234496466e-16,"Up"
2.49127033521686e-21,2.84153243108283,0.361,0.021,1.91464090342756e-16,"Madd-208",1.91464090342756e-16,"Up"
2.49127033521686e-21,2.88029418992103,0.361,0.021,1.91464090342756e-16,"Madd-202",1.91464090342756e-16,"Up"
2.61164161942708e-21,2.41203278863525,0.414,0.039,2.00715105019449e-16,"C5ar1-202",2.00715105019449e-16,"Up"
2.67768877975544e-21,3.46509551934534,0.338,0.014,2.05791093479324e-16,"Ankrd44-201",2.05791093479324e-16,"Up"
3.0138328665341e-21,2.32908913635384,0.594,0.133,2.31625111124612e-16,"Itgam-201",2.31625111124612e-16,"Up"
3.06175393101737e-21,3.28981629159111,0.338,0.014,2.35308036614409e-16,"Alpk1-206",2.35308036614409e-16,"Up"
3.1644966938631e-21,3.04845329064132,0.368,0.025,2.43204228910155e-16,"Il6st-203",2.43204228910155e-16,"Up"
3.17704425843584e-21,1.64804229748645,0.586,0.105,2.44168559437828e-16,"Nfe2l2-201",2.44168559437828e-16,"Up"
3.22605243843679e-21,1.94688694508995,0.496,0.077,2.47935034103621e-16,"Msr1-202",2.47935034103621e-16,"Up"
3.34150893634191e-21,1.71645291949116,0.887,0.544,2.56808327793621e-16,"B2m-201",2.56808327793621e-16,"Up"
3.39194586693919e-21,-4.35338222638085,0.383,0.684,2.60684607657745e-16,"Peg10-202",2.60684607657745e-16,"Down"
3.55262544232922e-21,3.02838559792625,0.338,0.014,2.7303347574477e-16,"Bcl3-201",2.7303347574477e-16,"Up"
3.56765345942022e-21,2.03565181792466,0.519,0.084,2.74188438970282e-16,"Pip5k1c-210",2.74188438970282e-16,"Up"
3.64052315080024e-21,1.46502734856749,0.429,0.042,2.79788766231602e-16,"Rpn2-206",2.79788766231602e-16,"Up"
3.78357323905963e-21,2.2109749020815,0.466,0.06,2.90782737714689e-16,"Ncor1-201",2.90782737714689e-16,"Up"
3.78357323905963e-21,2.2109749020815,0.466,0.06,2.90782737714689e-16,"Ncor1-204",2.90782737714689e-16,"Up"
3.79624488724478e-21,2.7821556915822,0.391,0.032,2.9175660456431e-16,"Ern1-201",2.9175660456431e-16,"Up"
3.80902797851031e-21,2.26700226646027,0.383,0.028,2.92739036260431e-16,"Abracl-201",2.92739036260431e-16,"Up"
3.93123457386855e-21,1.63311390495126,0.662,0.151,3.02131101940094e-16,"Son-208",3.02131101940094e-16,"Up"
4.12593292193275e-21,2.95865700600366,0.346,0.018,3.17094448782219e-16,"Cers2-201",3.17094448782219e-16,"Up"
4.14172333975238e-21,1.75042616417575,0.444,0.049,3.1830800555333e-16,"Lama1-201",3.1830800555333e-16,"Up"
4.22217364012612e-21,1.49934209602257,0.662,0.147,3.24490932938253e-16,"Dusp5-201",3.24490932938253e-16,"Up"
4.3285526735161e-21,1.4528755976018,0.609,0.119,3.32666587170406e-16,"Crebbp-201",3.32666587170406e-16,"Up"
4.59071376259035e-21,1.98916158960782,0.496,0.074,3.52814715510119e-16,"Znfx1-201",3.52814715510119e-16,"Up"
5.00910333691118e-21,1.91215391772886,0.511,0.081,3.84969627854972e-16,"Ifi203-205",3.84969627854972e-16,"Up"
6.74110146332184e-21,1.28467207739763,0.541,0.088,5.18080611862137e-16,"Tmem131-208",5.18080611862137e-16,"Up"
6.86004920675539e-21,2.79469977533237,0.414,0.042,5.27222221735978e-16,"Arhgap26-205",5.27222221735978e-16,"Up"
6.90863634289167e-21,1.70867544738285,0.541,0.091,5.30956337496596e-16,"Gadd45b-201",5.30956337496596e-16,"Up"
7.03528175638863e-21,1.71969857301509,0.504,0.077,5.40689544105492e-16,"Ifnar2-201",5.40689544105492e-16,"Up"
7.34127717714771e-21,1.98175156031516,0.391,0.032,5.6420651617251e-16,"Napsa-201",5.6420651617251e-16,"Up"
7.48258424559209e-21,1.24256279989493,0.82,0.235,5.75066529610735e-16,"Mcl1-201",5.75066529610735e-16,"Up"
7.68844111696529e-21,4.09606119991501,0.331,0.014,5.9088745360325e-16,"Olr1-201",5.9088745360325e-16,"Up"
7.85072307474177e-21,4.32632471293018,0.376,0.032,6.03359471186204e-16,"Vcan-203",6.03359471186204e-16,"Up"
7.89070774669187e-21,1.78163464021309,0.519,0.088,6.06432453164257e-16,"Dot1l-201",6.06432453164257e-16,"Up"
7.92124924987993e-21,1.27251653959374,0.489,0.067,6.08779689850272e-16,"Ago2-201",6.08779689850272e-16,"Up"
8.08297324765124e-21,1.91938333216276,0.429,0.046,6.21208825974988e-16,"Nr4a3-201",6.21208825974988e-16,"Up"
8.52677916530595e-21,2.5051609616487,0.346,0.018,6.55317085970424e-16,"Taok1-201",6.55317085970424e-16,"Up"
8.72069321123734e-21,3.06331014542047,0.383,0.032,6.70220156056435e-16,"Anxa1-208",6.70220156056435e-16,"Up"
9.1403164862749e-21,2.11978934793945,0.368,0.025,7.02469883236171e-16,"Tent5a-202",7.02469883236171e-16,"Up"
9.32846201303488e-21,2.82017320501616,0.383,0.032,7.16929619549782e-16,"Fosb-201",7.16929619549782e-16,"Up"
9.44316734518679e-21,2.37697453850435,0.406,0.039,7.25745183146985e-16,"C5ar1-201",7.25745183146985e-16,"Up"
9.59070684562272e-21,2.66310449139841,0.353,0.021,7.37084183913489e-16,"Madd-206",7.37084183913489e-16,"Up"
9.76958832514947e-21,2.23997854585507,0.639,0.175,7.50831941141038e-16,"Zeb2-212",7.50831941141038e-16,"Up"
9.83814672620388e-21,2.09793166135033,0.414,0.042,7.56100928495673e-16,"Cast-211",7.56100928495673e-16,"Up"
9.85329024613115e-21,2.11712693518493,0.421,0.046,7.57264768576163e-16,"Arap1-204",7.57264768576163e-16,"Up"
1.02134207891318e-20,1.3885258265865,0.579,0.105,7.84942241327936e-16,"Ppp1r12a-205",7.84942241327936e-16,"Up"
1.02854793412326e-20,1.9069118563231,0.624,0.151,7.90480229291089e-16,"Ctsd-202",7.90480229291089e-16,"Up"
1.05916414202353e-20,1.98241155612351,0.496,0.074,8.14010009710761e-16,"Csf2ra-207",8.14010009710761e-16,"Up"
1.06201459159373e-20,2.46788324262663,0.376,0.028,8.16200694223442e-16,"Stk40-202",8.16200694223442e-16,"Up"
1.06424936888439e-20,1.87807877167701,0.564,0.105,8.17918209962409e-16,"Ptprc-204",8.17918209962409e-16,"Up"
1.0953520208821e-20,1.1525189588451,0.526,0.081,8.41821842128733e-16,"Scarb2-201",8.41821842128733e-16,"Up"
1.09633348466582e-20,2.91238305572072,0.383,0.032,8.42576136305067e-16,"Myo5a-201",8.42576136305067e-16,"Up"
1.09917916177335e-20,1.90757888000825,0.564,0.105,8.44763152989291e-16,"Ptprc-207",8.44763152989291e-16,"Up"
1.12386052796449e-20,3.42078699285746,0.361,0.025,8.63731770161832e-16,"Herc2-201",8.63731770161832e-16,"Up"
1.16136796485437e-20,1.81517859536945,0.398,0.035,8.92557735709178e-16,"Uggt1-201",8.92557735709178e-16,"Up"
1.18036740013744e-20,1.54466691113363,0.474,0.063,9.07159561701629e-16,"Il6ra-202",9.07159561701629e-16,"Up"
1.19531817797681e-20,1.4639479238203,0.429,0.046,9.18649832502297e-16,"Sorl1-201",9.18649832502297e-16,"Up"
1.25138613176184e-20,2.68758946602278,0.391,0.035,9.61740297704242e-16,"Ifi209-201",9.61740297704242e-16,"Up"
1.26032499487621e-20,1.49786633387417,0.481,0.063,9.68610171562165e-16,"Tgoln1-201",9.68610171562165e-16,"Up"
1.30223940349047e-20,2.77342826163938,0.421,0.046,1.00082307115856e-15,"Pxk-205",1.00082307115856e-15,"Up"
1.35872305128575e-20,2.34159044555616,0.406,0.039,1.04423301383515e-15,"Cnot1-201",1.04423301383515e-15,"Up"
1.39468124782114e-20,1.01966061330658,0.376,0.028,1.07186832620046e-15,"Dlk1-205",1.07186832620046e-15,"Up"
1.4116112742223e-20,2.0912598818558,0.489,0.074,1.08487972869081e-15,"Erbin-203",1.08487972869081e-15,"Up"
1.49733015050319e-20,1.80373530745849,0.331,0.014,1.15075811386772e-15,"Sh2b3-205",1.15075811386772e-15,"Up"
1.50196630287892e-20,2.14888236693775,0.414,0.042,1.15432118241456e-15,"Jak2-202",1.15432118241456e-15,"Up"
1.53713855651959e-20,1.68395904764619,0.429,0.046,1.18135246622757e-15,"Mdfic-201",1.18135246622757e-15,"Up"
1.53713855651959e-20,1.68395904764619,0.429,0.046,1.18135246622757e-15,"Mdfic-206",1.18135246622757e-15,"Up"
1.54505978415823e-20,3.15450800092112,0.376,0.032,1.18744024651697e-15,"F13a1-202",1.18744024651697e-15,"Up"
1.63499830775862e-20,1.30514564363975,0.541,0.091,1.25656159944481e-15,"Cep350-204",1.25656159944481e-15,"Up"
1.69338379892648e-20,1.95473502195217,0.406,0.039,1.30143318482696e-15,"Dusp3-201",1.30143318482696e-15,"Up"
1.69338379892648e-20,1.95473502195217,0.406,0.039,1.30143318482696e-15,"Dusp3-203",1.30143318482696e-15,"Up"
1.69338379892648e-20,1.95473502195217,0.406,0.039,1.30143318482696e-15,"Dusp3-202",1.30143318482696e-15,"Up"
1.73337179176827e-20,2.10630683152369,0.376,0.028,1.33216555684558e-15,"Zbtb1-201",1.33216555684558e-15,"Up"
1.74424944008833e-20,1.8620355667743,0.459,0.06,1.34052546468549e-15,"Arhgap45-203",1.34052546468549e-15,"Up"
1.77946600937597e-20,2.90501212392769,0.368,0.028,1.36759080684581e-15,"Mbnl1-218",1.36759080684581e-15,"Up"
1.78271629295249e-20,1.25842342562714,0.842,0.337,1.37008877978571e-15,"Tln1-201",1.37008877978571e-15,"Up"
1.78757661853329e-20,1.25357633359303,0.669,0.154,1.37382413440758e-15,"Ier5-201",1.37382413440758e-15,"Up"
1.82188365837728e-20,3.64682230359986,0.338,0.018,1.40019046680927e-15,"Synj1-210",1.40019046680927e-15,"Up"
1.88042189518445e-20,2.7251123216669,0.361,0.025,1.44517944332506e-15,"Nr4a2-201",1.44517944332506e-15,"Up"
1.93501176077026e-20,2.6528036820615,0.391,0.035,1.48713393862238e-15,"Elmo1-201",1.48713393862238e-15,"Up"
2.00675770582833e-20,1.8669265068128,0.474,0.067,1.54227356723731e-15,"Bclaf1-201",1.54227356723731e-15,"Up"
2.0441995349878e-20,2.23519648807196,0.451,0.056,1.57104911061953e-15,"Tcirg1-204",1.57104911061953e-15,"Up"
2.05878844369123e-20,1.06523763099332,0.474,0.063,1.58226127051446e-15,"Api5-201",1.58226127051446e-15,"Up"
2.23090743787139e-20,1.93579961206713,0.414,0.042,1.71454160230168e-15,"Cul1-201",1.71454160230168e-15,"Up"
2.39733885286853e-20,1.61842905348002,0.564,0.102,1.84245080198358e-15,"Diaph1-205",1.84245080198358e-15,"Up"
2.46719417685241e-20,2.86937552581924,0.338,0.018,1.89613741267815e-15,"Ssh2-201",1.89613741267815e-15,"Up"
2.54942447253537e-20,1.89921177937029,0.429,0.049,1.95933468412233e-15,"Uvrag-201",1.95933468412233e-15,"Up"
2.60257999440601e-20,1.46035312857922,0.827,0.309,2.0001868289008e-15,"Tgfb1-201",2.0001868289008e-15,"Up"
2.72805375898662e-20,2.44979374890791,0.414,0.046,2.09661843593158e-15,"Eif5-212",2.09661843593158e-15,"Up"
2.76379440696778e-20,1.62502887767522,0.474,0.063,2.12408655353102e-15,"Btg2-201",2.12408655353102e-15,"Up"
2.80867077690581e-20,1.73910602195481,0.338,0.018,2.15857583888319e-15,"Kdm6a-201",2.15857583888319e-15,"Up"
2.82671422301738e-20,1.50661332086089,0.444,0.053,2.17244294895778e-15,"Cycs-202",2.17244294895778e-15,"Up"
2.83704775193137e-20,1.50811707910922,0.526,0.084,2.18038467926934e-15,"Diaph1-204",2.18038467926934e-15,"Up"
2.89647572296078e-20,1.73702555808025,0.444,0.053,2.22605745212428e-15,"Cnot1-202",2.22605745212428e-15,"Up"
2.90800748844795e-20,1.67888499576051,0.564,0.109,2.23492007517179e-15,"Nlrp3-202",2.23492007517179e-15,"Up"
2.96425038124936e-20,1.56955308111883,0.481,0.067,2.27814498800538e-15,"Septin7-201",2.27814498800538e-15,"Up"
3.10985623948887e-20,1.83974023284522,0.383,0.032,2.39004891429678e-15,"Tbk1-201",2.39004891429678e-15,"Up"
3.24307175266072e-20,2.32987434035025,0.338,0.018,2.49243036478987e-15,"Psg17-201",2.49243036478987e-15,"Up"
3.27986005712006e-20,1.52877936852948,0.436,0.049,2.52070364829905e-15,"Ifi30-201",2.52070364829905e-15,"Up"
3.28196528523224e-20,1.97515749033642,0.474,0.067,2.52232160031239e-15,"Kpna4-201",2.52232160031239e-15,"Up"
3.28198934903443e-20,1.33971658942212,0.474,0.067,2.52234009430692e-15,"Elf1-201",2.52234009430692e-15,"Up"
3.60605234306202e-20,2.27693424600036,0.459,0.063,2.77139546773689e-15,"Nisch-201",2.77139546773689e-15,"Up"
3.70729143971311e-20,1.43554320019683,0.414,0.042,2.84920176307711e-15,"Taok1-202",2.84920176307711e-15,"Up"
3.79802484924605e-20,1.83163333337884,0.489,0.074,2.91893401763956e-15,"Ftl1-205",2.91893401763956e-15,"Up"
4.03861035460393e-20,1.52229361319564,0.654,0.161,3.10383360192731e-15,"Hdlbp-202",3.10383360192731e-15,"Up"
4.0723733673894e-20,-4.3133775611962,0.466,0.737,3.12978182777345e-15,"Prdx2-201",3.12978182777345e-15,"Down"
4.15854027294473e-20,2.4144315268696,0.346,0.021,3.19600454136894e-15,"P2ry6-201",3.19600454136894e-15,"Up"
4.19576210094328e-20,1.77261357916921,0.391,0.035,3.22461100505894e-15,"Cd48-202",3.22461100505894e-15,"Up"
4.57600621516737e-20,2.10840453491782,0.466,0.067,3.51684381660473e-15,"Kmt2e-201",3.51684381660473e-15,"Up"
4.63761937973816e-20,1.80088671625697,0.504,0.081,3.56419599810397e-15,"Flnb-201",3.56419599810397e-15,"Up"
4.70063301668072e-20,2.74419195368179,0.376,0.032,3.6126244986398e-15,"Jak2-201",3.6126244986398e-15,"Up"
4.75243272994194e-20,1.50710880533638,0.459,0.06,3.65243465026958e-15,"Nup153-201",3.65243465026958e-15,"Up"
4.75335550678161e-20,1.48086458310604,0.496,0.074,3.65314384118193e-15,"Gns-201",3.65314384118193e-15,"Up"
4.81750113152282e-20,1.31025546418884,0.647,0.137,3.70244231962055e-15,"Ppp2ca-201",3.70244231962055e-15,"Up"
5.06959233606516e-20,1.05419190546645,0.549,0.095,3.89618449395952e-15,"Sec24b-201",3.89618449395952e-15,"Up"
5.19815883167627e-20,3.00293590188671,0.361,0.028,3.99499298849648e-15,"Rara-201",3.99499298849648e-15,"Up"
5.22960054174389e-20,1.63397255174803,0.489,0.074,4.01915720035185e-15,"Tet2-204",4.01915720035185e-15,"Up"
5.2698264773006e-20,1.71825510250038,0.444,0.056,4.0500724408646e-15,"Rgs2-202",4.0500724408646e-15,"Up"
5.38245991776333e-20,2.27970424014916,0.451,0.063,4.13663574519783e-15,"Eea1-201",4.13663574519783e-15,"Up"
5.58711357296598e-20,2.41757139172354,0.346,0.021,4.29392026536727e-15,"Nckap1l-203",4.29392026536727e-15,"Up"
5.77934361899116e-20,1.98138489814228,0.519,0.091,4.44165674493947e-15,"Pld4-203",4.44165674493947e-15,"Up"
5.80932304576151e-20,2.08629500878143,0.571,0.119,4.46469713358955e-15,"Csf2rb2-201",4.46469713358955e-15,"Up"
5.81444379311931e-20,1.95249664293298,0.398,0.039,4.46863263276392e-15,"Sec16a-201",4.46863263276392e-15,"Up"
5.8942504434856e-20,2.5712423730468,0.481,0.077,4.52996723583642e-15,"Malt1-201",4.52996723583642e-15,"Up"
5.92864314853141e-20,2.73135384084657,0.391,0.039,4.55639940537233e-15,"Ccl6-201",4.55639940537233e-15,"Up"
6.36089647786092e-20,1.56760508347743,0.398,0.039,4.88860337909523e-15,"Ankle2-206",4.88860337909523e-15,"Up"
6.36621157915727e-20,1.59278410973545,0.391,0.035,4.89268824704553e-15,"Rpn2-205",4.89268824704553e-15,"Up"
6.39946044784722e-20,2.10151986547902,0.421,0.049,4.91824133258851e-15,"Pxk-201",4.91824133258851e-15,"Up"
6.80711923202923e-20,1.79739229974767,0.481,0.074,5.23154341458375e-15,"Bclaf1-202",5.23154341458375e-15,"Up"
6.81552809050732e-20,1.14889945348453,0.368,0.028,5.2380059586785e-15,"Plagl1-201",5.2380059586785e-15,"Up"
6.95805699304455e-20,1.51133693367484,0.398,0.039,5.34754512143446e-15,"Usp34-205",5.34754512143446e-15,"Up"
7.78975353927545e-20,2.44688051473819,0.398,0.042,5.98673718507475e-15,"Ppt1-201",5.98673718507475e-15,"Up"
7.85890148200445e-20,2.41425663678556,0.812,0.393,6.0398801449797e-15,"Thbs1-201",6.0398801449797e-15,"Up"
7.86774124498712e-20,2.92939131893306,0.737,0.277,6.0466738564224e-15,"Apoe-206",6.0466738564224e-15,"Up"
8.06675421641836e-20,2.06144549324179,0.429,0.053,6.19962328548617e-15,"Sik3-204",6.19962328548617e-15,"Up"
8.27685924369387e-20,1.40900230727979,0.406,0.042,6.36109740314848e-15,"Ripk1-201",6.36109740314848e-15,"Up"
8.30364796737455e-20,1.74851023149023,0.451,0.06,6.38168560884603e-15,"Kat6a-204",6.38168560884603e-15,"Up"
8.38291291164544e-20,1.29095833671187,0.526,0.088,6.44260388911599e-15,"Snd1-206",6.44260388911599e-15,"Up"
8.7778578826077e-20,1.54770592949824,0.504,0.091,6.74613489709932e-15,"Coro1a-202",6.74613489709932e-15,"Up"
9.23773411632963e-20,3.6550156140458,0.338,0.021,7.09956817776397e-15,"Trps1-204",7.09956817776397e-15,"Up"
9.49558513279023e-20,2.00982970806089,0.376,0.032,7.29773699795461e-15,"Tcn2-207",7.29773699795461e-15,"Up"
9.71325332675139e-20,2.24040175961697,0.353,0.025,7.46502371174151e-15,"Trpm7-201",7.46502371174151e-15,"Up"
9.74026671276856e-20,1.58369657696395,0.481,0.07,7.48578457943115e-15,"Crybg1-202",7.48578457943115e-15,"Up"
9.74026671276856e-20,1.58369657696395,0.481,0.07,7.48578457943115e-15,"Crybg1-201",7.48578457943115e-15,"Up"
9.79030505992445e-20,1.28817378183355,0.534,0.095,7.52424105075434e-15,"Setd2-201",7.52424105075434e-15,"Up"
1.04763808695293e-19,1.8888232063101,0.714,0.214,8.05151775346802e-15,"Rnf213-202",8.05151775346802e-15,"Up"
1.20343834245475e-19,2.50604559575045,0.361,0.028,9.2489050371017e-15,"Rbm47-205",9.2489050371017e-15,"Up"
1.20410688528388e-19,1.43803063184945,0.376,0.032,9.25404305616075e-15,"Vps26a-202",9.25404305616075e-15,"Up"
1.22298183362712e-19,1.52042864474964,0.406,0.042,9.39910458415787e-15,"Hexa-201",9.39910458415787e-15,"Up"
1.23716934333907e-19,2.04647559851451,0.383,0.035,9.50814127129806e-15,"Fbxo11-201",9.50814127129806e-15,"Up"
1.30194299319214e-19,1.78344691453154,0.481,0.074,1.00059526798788e-14,"Ddx17-203",1.00059526798788e-14,"Up"
1.30834131150586e-19,1.66638414567805,0.541,0.109,1.00551263154472e-14,"Sirpa-211",1.00551263154472e-14,"Up"
1.32642789032034e-19,2.33781115620051,0.398,0.042,1.01941289082679e-14,"Prkx-201",1.01941289082679e-14,"Up"
1.33737556624712e-19,1.97794504995105,0.383,0.035,1.02782661768356e-14,"Zfc3h1-201",1.02782661768356e-14,"Up"
1.38697399001614e-19,1.44994471098304,0.534,0.102,1.06594499028701e-14,"Coro1b-201",1.06594499028701e-14,"Up"
1.39483889192162e-19,2.48193972563791,0.368,0.032,1.07198948199744e-14,"Gab1-202",1.07198948199744e-14,"Up"
1.42747700169964e-19,2.81311777470853,0.338,0.021,1.09707317488624e-14,"Wipf1-203",1.09707317488624e-14,"Up"
1.4886138910941e-19,1.24260422838249,0.872,0.442,1.14405931986146e-14,"Pabpc1-201",1.14405931986146e-14,"Up"
1.5223385237652e-19,1.34470240542553,0.677,0.179,1.16997804905451e-14,"Mdm2-201",1.16997804905451e-14,"Up"
1.53074818566026e-19,1.68487281270986,0.466,0.067,1.17644121060733e-14,"Zc3hav1-201",1.17644121060733e-14,"Up"
1.54889553349666e-19,3.16628620527926,0.346,0.025,1.19038817331352e-14,"Herc2-202",1.19038817331352e-14,"Up"
1.5743955887527e-19,2.58518296699678,0.338,0.021,1.20998598578e-14,"Cd80-201",1.20998598578e-14,"Up"
1.61846825013972e-19,1.30705612305117,0.617,0.133,1.24385758896238e-14,"Trip12-206",1.24385758896238e-14,"Up"
1.68096394692404e-19,2.33233073121789,0.436,0.06,1.291888031769e-14,"Xdh-206",1.291888031769e-14,"Up"
1.82547816602839e-19,1.64670789444864,0.361,0.028,1.40295298971946e-14,"Mga-203",1.40295298971946e-14,"Up"
1.8482668049199e-19,1.653572009109,0.594,0.133,1.42046697025314e-14,"Kmt2c-201",1.42046697025314e-14,"Up"
1.93404327644784e-19,1.9394858110085,0.436,0.056,1.48638961968122e-14,"Rin3-204",1.48638961968122e-14,"Up"
1.95526919846011e-19,1.92531824909027,0.391,0.039,1.50270258978453e-14,"Sec16a-202",1.50270258978453e-14,"Up"
1.97223477271746e-19,2.43556162846662,0.376,0.035,1.51574131222427e-14,"Gab1-201",1.51574131222427e-14,"Up"
2.290646322023e-19,2.20127784536076,0.571,0.133,1.76045332432756e-14,"Ctss-201",1.76045332432756e-14,"Up"
2.41668401988771e-19,1.08351520470043,0.714,0.193,1.8573183366445e-14,"Actr2-201",1.8573183366445e-14,"Up"
2.52928463683441e-19,2.38208053278961,0.391,0.042,1.94385641479271e-14,"Rsu1-201",1.94385641479271e-14,"Up"
2.54809999040092e-19,1.42241168400379,0.774,0.242,1.95831676662273e-14,"Slfn2-201",1.95831676662273e-14,"Up"
2.57446477394198e-19,2.45374434617365,0.398,0.046,1.97857915736537e-14,"Atp2b4-206",1.97857915736537e-14,"Up"
2.5954901071762e-19,1.02774165864571,0.602,0.123,1.9947379669692e-14,"Prrc2a-201",1.9947379669692e-14,"Up"
2.7812622125089e-19,1.19798950738342,0.489,0.074,2.13751126080159e-14,"Pafah1b1-205",2.13751126080159e-14,"Up"
2.91414981059306e-19,1.2868695908672,0.812,0.284,2.23964069543319e-14,"Arl4c-202",2.23964069543319e-14,"Up"
2.9480313081436e-19,2.3320756871348,0.421,0.053,2.26567998156068e-14,"Plod3-201",2.26567998156068e-14,"Up"
2.95821254622543e-19,3.26117852322839,0.361,0.032,2.2735046702761e-14,"Ptgs2-201",2.2735046702761e-14,"Up"
3.02803052071885e-19,3.58014408995034,0.331,0.021,2.32716257639326e-14,"Crem-203",2.32716257639326e-14,"Up"
3.19707596712953e-19,1.86066359831002,0.398,0.042,2.45708076377773e-14,"Cdk13-207",2.45708076377773e-14,"Up"
3.71109950182239e-19,3.47237479494305,0.368,0.035,2.85212841113058e-14,"Stab1-201",2.85212841113058e-14,"Up"
3.81646782829446e-19,1.87511680019438,0.767,0.34,2.93310818475742e-14,"H2-K1-205",2.93310818475742e-14,"Up"
3.81851239907588e-19,2.40004474790157,0.376,0.035,2.93467951918577e-14,"Ikbkb-211",2.93467951918577e-14,"Up"
3.91183487143656e-19,1.82001068763395,0.444,0.063,3.00640157209386e-14,"Nceh1-201",3.00640157209386e-14,"Up"
3.99271950564431e-19,1.82851314921192,0.511,0.091,3.06856464886788e-14,"Tor1aip1-206",3.06856464886788e-14,"Up"
4.02981454717853e-19,1.89484628799657,0.436,0.06,3.09707367208859e-14,"Rassf2-201",3.09707367208859e-14,"Up"
4.15935231561969e-19,1.26714895080391,0.368,0.032,3.19662862864635e-14,"Dennd5a-202",3.19662862864635e-14,"Up"
4.17561976382339e-19,2.99144489445968,0.331,0.021,3.20913081328883e-14,"Frrs1-202",3.20913081328883e-14,"Up"
4.18022044263546e-19,1.25791558945603,0.534,0.098,3.21266661898306e-14,"Ctnna1-201",3.21266661898306e-14,"Up"
4.28150788569187e-19,2.00093921762194,0.421,0.053,3.29051007046963e-14,"Trio-201",3.29051007046963e-14,"Up"
4.60129392375002e-19,1.83194718889262,0.421,0.053,3.53627843215884e-14,"Helz2-203",3.53627843215884e-14,"Up"
4.79454254555846e-19,1.15591898564676,0.549,0.102,3.6847977279635e-14,"Grn-211",3.6847977279635e-14,"Up"
4.79454254555846e-19,1.15591898564676,0.549,0.102,3.6847977279635e-14,"Grn-201",3.6847977279635e-14,"Up"
5.14573961915194e-19,2.29119713794584,0.331,0.021,3.95470672690303e-14,"Sulf2-207",3.95470672690303e-14,"Up"
5.21486533138385e-19,2.07501669631641,0.361,0.032,4.00783260178174e-14,"Atp6ap1-202",4.00783260178174e-14,"Up"
5.44004936645997e-19,2.46115331014174,0.331,0.021,4.18089554009914e-14,"Ccr5-202",4.18089554009914e-14,"Up"
5.53153582388241e-19,1.98132238342162,0.436,0.06,4.25120654208658e-14,"Mycbp2-209",4.25120654208658e-14,"Up"
5.75995864832409e-19,3.18443135806365,0.338,0.025,4.426758619583e-14,"Zfp638-201",4.426758619583e-14,"Up"
5.82508471980685e-19,2.47590959357698,0.556,0.126,4.47681061056035e-14,"Fcgr2b-202",4.47681061056035e-14,"Up"
5.84736717892037e-19,1.7425982399002,0.421,0.053,4.49393557168746e-14,"Helz2-201",4.49393557168746e-14,"Up"
5.89102410336089e-19,1.82833769168753,0.609,0.144,4.52748766439698e-14,"Akap13-201",4.52748766439698e-14,"Up"
6.20773401150443e-19,1.77300580929727,0.421,0.053,4.77089189720162e-14,"Ppp3ca-202",4.77089189720162e-14,"Up"
6.22287665891673e-19,1.96139820613163,0.624,0.168,4.78252962744386e-14,"Epb41l2-207",4.78252962744386e-14,"Up"
6.42643230420388e-19,2.15984996617557,0.331,0.021,4.93897028307285e-14,"Dlk1-206",4.93897028307285e-14,"Up"
6.43860572586888e-19,1.69734715544037,0.353,0.028,4.94832604455927e-14,"Kmt2b-201",4.94832604455927e-14,"Up"
6.66073513562053e-19,1.19600282782337,0.774,0.253,5.1190413811298e-14,"Plin2-201",5.1190413811298e-14,"Up"
6.79296902950191e-19,2.37152188528639,0.331,0.021,5.2206684179334e-14,"Spcs3-201",5.2206684179334e-14,"Up"
6.92447280332401e-19,2.41410693901756,0.383,0.042,5.32173432826663e-14,"Phip-201",5.32173432826663e-14,"Up"
7.08121634786499e-19,2.87843485814992,0.346,0.028,5.44219801198816e-14,"Rara-207",5.44219801198816e-14,"Up"
7.51426211178014e-19,1.26107308822794,0.459,0.067,5.77501100338751e-14,"Rtn4-202",5.77501100338751e-14,"Up"
7.70365045952957e-19,1.57168324183467,0.489,0.081,5.92056352416686e-14,"Tet2-201",5.92056352416686e-14,"Up"
7.91812531620153e-19,1.70957716437567,0.556,0.116,6.08539603051353e-14,"Txnrd1-206",6.08539603051353e-14,"Up"
8.08474904087946e-19,1.75482440558138,0.383,0.039,6.2134530278775e-14,"Ccni-201",6.2134530278775e-14,"Up"
8.22916290232651e-19,1.3676107219595,0.459,0.067,6.32444085695402e-14,"Sema4d-203",6.32444085695402e-14,"Up"
8.37350382767281e-19,2.4698049613231,0.406,0.053,6.43537263171966e-14,"Clec4e-201",6.43537263171966e-14,"Up"
8.39637814850558e-19,1.51859229836883,0.383,0.039,6.45295246225248e-14,"Washc4-201",6.45295246225248e-14,"Up"
8.5251781554495e-19,1.74491584636231,0.391,0.042,6.55194041958916e-14,"Tapbp-206",6.55194041958916e-14,"Up"
8.94233155293127e-19,1.69207751020021,0.383,0.039,6.8725394916898e-14,"Tob2-201",6.8725394916898e-14,"Up"
8.96458668221389e-19,1.12719928476829,0.594,0.133,6.88964344874866e-14,"Tkt-201",6.88964344874866e-14,"Up"
9.46218911812058e-19,1.69047259406837,0.436,0.06,7.27207082484039e-14,"Copa-206",7.27207082484039e-14,"Up"
9.76318856052392e-19,1.36498064219654,0.752,0.221,7.50340093630505e-14,"Ankrd11-202",7.50340093630505e-14,"Up"
1.00935743921223e-18,1.19511082153624,0.496,0.081,7.75731566332165e-14,"Prdm2-201",7.75731566332165e-14,"Up"
1.01673291342231e-18,2.63159745866442,0.368,0.035,7.81399913281582e-14,"Diaph2-203",7.81399913281582e-14,"Up"
1.02638600191257e-18,1.70031981906493,0.376,0.039,7.88818697909886e-14,"Nfkbie-202",7.88818697909886e-14,"Up"
1.02869217225292e-18,1.94972944247095,0.579,0.14,7.90591082063262e-14,"Itgam-203",7.90591082063262e-14,"Up"
1.04806795864191e-18,1.95296963960232,0.338,0.025,8.05482148934652e-14,"Vamp4-203",8.05482148934652e-14,"Up"
1.06236966309046e-18,2.18938283430314,0.338,0.025,8.16473580871542e-14,"Dmxl1-202",8.16473580871542e-14,"Up"
1.13029354905427e-18,2.70548733115912,0.346,0.028,8.68675804190168e-14,"Zc3h7a-208",8.68675804190168e-14,"Up"
1.16832175831611e-18,1.92337218235711,0.429,0.06,8.97902004136262e-14,"Ccdc50-203",8.97902004136262e-14,"Up"
1.22430078779369e-18,2.88468463550562,0.346,0.028,9.40924127450961e-14,"Med1-203",9.40924127450961e-14,"Up"
1.23561972291948e-18,1.99263953494538,0.361,0.032,9.49623181852536e-14,"Fam117b-201",9.49623181852536e-14,"Up"
1.29527496489774e-18,2.05929973734582,0.519,0.105,9.95470621522511e-14,"Gvin1-202",9.95470621522511e-14,"Up"
1.36557321175312e-18,1.58226643762363,0.391,0.042,1.04949763616074e-13,"Zfp36l1-201",1.04949763616074e-13,"Up"
1.38772674598821e-18,1.02523685387662,0.436,0.06,1.06652351336178e-13,"Daxx-201",1.06652351336178e-13,"Up"
1.40970352077859e-18,1.20555097488874,0.902,0.498,1.08341354385918e-13,"H2-D1-202",1.08341354385918e-13,"Up"
1.42131961265664e-18,1.19926386763915,0.429,0.056,1.09234097511114e-13,"Cdk12-203",1.09234097511114e-13,"Up"
1.43100326637172e-18,2.26242211826645,0.353,0.032,1.09978325033732e-13,"Tet3-202",1.09978325033732e-13,"Up"
1.44402382346498e-18,1.32112416646143,0.361,0.032,1.10979006928578e-13,"Tcn2-203",1.10979006928578e-13,"Up"
1.47166950561657e-18,1.75533383756101,0.459,0.07,1.13103688184656e-13,"Ankfy1-206",1.13103688184656e-13,"Up"
1.48165850306139e-18,1.46610709822112,0.639,0.165,1.1387138259428e-13,"Aff1-202",1.1387138259428e-13,"Up"
1.48495914802179e-18,1.15563623364622,0.541,0.102,1.14125050362067e-13,"Ppp1r15b-201",1.14125050362067e-13,"Up"
1.51822481930316e-18,1.99259465553616,0.376,0.039,1.16681650262725e-13,"Sgpl1-201",1.16681650262725e-13,"Up"
1.55461381625008e-18,2.54021863199516,0.331,0.025,1.19478290234084e-13,"Pik3c2a-204",1.19478290234084e-13,"Up"
1.56647100454167e-18,1.59913495412127,0.406,0.049,1.20389562583045e-13,"Tpbpb-201",1.20389562583045e-13,"Up"
1.59696802698786e-18,2.03052673911215,0.346,0.028,1.22733380746125e-13,"Nfe2l1-201",1.22733380746125e-13,"Up"
1.61288836361862e-18,1.43840216524595,0.436,0.06,1.23956922297545e-13,"Tbc1d1-204",1.23956922297545e-13,"Up"
1.61288836361862e-18,1.43840216524595,0.436,0.06,1.23956922297545e-13,"Tbc1d1-202",1.23956922297545e-13,"Up"
1.6630020943387e-18,1.6390212207253,0.586,0.13,1.27808362958306e-13,"Birc6-202",1.27808362958306e-13,"Up"
1.77563033867284e-18,1.85660673975586,0.346,0.028,1.36464294048363e-13,"Sla-202",1.36464294048363e-13,"Up"
1.77563033867284e-18,1.96660782681883,0.346,0.028,1.36464294048363e-13,"Bltp1-201",1.36464294048363e-13,"Up"
1.82433654218701e-18,1.62534468021587,0.534,0.105,1.40207560613241e-13,"Ptafr-201",1.40207560613241e-13,"Up"
1.87388203765056e-18,1.00458402597609,0.519,0.091,1.44015330121596e-13,"Dnajc3-201",1.44015330121596e-13,"Up"
1.90292730414087e-18,1.13828897497661,0.368,0.035,1.46247575032442e-13,"Camsap2-201",1.46247575032442e-13,"Up"
1.91209487584304e-18,1.25736162272795,0.586,0.126,1.46952139588041e-13,"Baz1a-205",1.46952139588041e-13,"Up"
1.94353013463777e-18,1.50134652227422,0.534,0.102,1.49368064967451e-13,"Tns3-205",1.49368064967451e-13,"Up"
1.95734604306045e-18,2.05696119799544,0.541,0.109,1.50429872793368e-13,"Spp1-205",1.50429872793368e-13,"Up"
1.95843514462776e-18,3.01273322433429,0.331,0.025,1.50513574605222e-13,"Mbnl1-207",1.50513574605222e-13,"Up"
1.97957080735452e-18,1.82002370179461,0.414,0.053,1.52137934828424e-13,"Wdfy3-201",1.52137934828424e-13,"Up"
2.02692219282213e-18,1.86174675896907,0.346,0.028,1.55777078207152e-13,"Kmt2b-202",1.55777078207152e-13,"Up"
2.10003842833335e-18,1.08440433661566,0.624,0.14,1.61396353371131e-13,"Egr1-201",1.61396353371131e-13,"Up"
2.18274307232195e-18,2.7270882324743,0.331,0.025,1.67752536080231e-13,"Crem-239",1.67752536080231e-13,"Up"
2.21735927510546e-18,1.67030412197659,0.421,0.056,1.70412929728955e-13,"Cep170-215",1.70412929728955e-13,"Up"
2.27554381369677e-18,-3.97822418361487,0.173,0.656,1.74884644257851e-13,"Tpt1-208",1.74884644257851e-13,"Down"
2.35585176848485e-18,1.02749181271189,0.406,0.049,1.81056631815135e-13,"Ddx24-201",1.81056631815135e-13,"Up"
2.55869362280463e-18,2.05519414440478,0.383,0.042,1.96645839687027e-13,"Itsn2-211",1.96645839687027e-13,"Up"
2.60616652386814e-18,2.42871431129609,0.391,0.046,2.00294322025362e-13,"Kdm2a-202",2.00294322025362e-13,"Up"
2.61374887278552e-18,1.12099157680033,0.624,0.151,2.00877055869058e-13,"Prex1-201",2.00877055869058e-13,"Up"
2.73354337822493e-18,1.35585975310982,0.519,0.098,2.10083742790099e-13,"Cd47-210",2.10083742790099e-13,"Up"
2.81999699372837e-18,1.34685237341909,0.519,0.098,2.16728048956e-13,"Cd47-205",2.16728048956e-13,"Up"
2.8269704586186e-18,1.58870946607094,0.451,0.067,2.17263987626674e-13,"Stk17b-201",2.17263987626674e-13,"Up"
2.87067281908956e-18,1.92562510951844,0.406,0.053,2.20622688838309e-13,"Usp8-201",2.20622688838309e-13,"Up"
2.88967196827302e-18,2.35159059624275,0.481,0.091,2.22082849449655e-13,"Adgre5-203",2.22082849449655e-13,"Up"
2.89946221515696e-18,2.54881097840895,0.331,0.025,2.22835269083673e-13,"Nfe2l1-202",2.22835269083673e-13,"Up"
2.91436637851854e-18,2.31197437151907,0.376,0.042,2.23980713654664e-13,"Nfkb2-202",2.23980713654664e-13,"Up"
3.12992331614773e-18,1.72732914317263,0.429,0.06,2.40547126539218e-13,"Dnm2-206",2.40547126539218e-13,"Up"
3.18657476298992e-18,2.36008097728379,0.331,0.025,2.44901016834827e-13,"Dusp3-206",2.44901016834827e-13,"Up"
3.27364268315728e-18,1.78749548927462,0.331,0.025,2.51592534771369e-13,"Vwa5a-201",2.51592534771369e-13,"Up"
3.28691799761885e-18,1.19335360184246,0.459,0.07,2.52612795788999e-13,"Fnip1-201",2.52612795788999e-13,"Up"
3.28795088786595e-18,-1.34692387232902,0.872,0.923,2.5269217753605e-13,"Ptma-201",2.5269217753605e-13,"Down"
3.36719743619418e-18,1.04300502928624,0.489,0.081,2.58782591761268e-13,"Bzw1-201",2.58782591761268e-13,"Up"
3.40570484005523e-18,1.82272832560659,0.391,0.046,2.61742039777605e-13,"Ccl9-201",2.61742039777605e-13,"Up"
3.46412693082886e-18,1.28494463741121,0.632,0.158,2.66232011141921e-13,"Pld4-201",2.66232011141921e-13,"Up"
3.46474676573718e-18,1.91711050058115,0.353,0.032,2.66279647933966e-13,"Copb1-201",2.66279647933966e-13,"Up"
3.48234220487797e-18,1.63808899572327,0.489,0.088,2.67631927813692e-13,"Sdc3-201",2.67631927813692e-13,"Up"
3.55247921009413e-18,1.26147271669668,0.429,0.06,2.73022237212574e-13,"Rbms1-201",2.73022237212574e-13,"Up"
3.60423612266411e-18,3.05708393468433,0.368,0.042,2.76999962971227e-13,"Ms4a4c-201",2.76999962971227e-13,"Up"
3.73191961904559e-18,1.47608073939605,0.421,0.06,2.8681295040213e-13,"Srsf5-209",2.8681295040213e-13,"Up"
3.73935747214542e-18,1.86050220888196,0.564,0.137,2.87384579164264e-13,"Ifitm3-201",2.87384579164264e-13,"Up"
3.74860214923725e-18,1.22634905306157,0.459,0.077,2.8809506957748e-13,"Ehbp1l1-201",2.8809506957748e-13,"Up"
4.03882798231865e-18,1.52070372816827,0.398,0.049,3.10400085753118e-13,"Csk-201",3.10400085753118e-13,"Up"
4.1352657000693e-18,1.44125630565887,0.383,0.042,3.17811710113126e-13,"Stx7-201",3.17811710113126e-13,"Up"
4.2484050665486e-18,1.89650855279858,0.654,0.193,3.26506922984526e-13,"Wnk1-202",3.26506922984526e-13,"Up"
4.30220163066291e-18,2.45319144978818,0.383,0.046,3.30641404122967e-13,"Adgre1-202",3.30641404122967e-13,"Up"
4.52232077780177e-18,2.2199908457658,0.481,0.084,3.47558441057177e-13,"Bptf-201",3.47558441057177e-13,"Up"
4.53853115344331e-18,1.06683130747516,0.406,0.049,3.48804273266732e-13,"Erp44-201",3.48804273266732e-13,"Up"
4.67938992399216e-18,1.73412550794601,0.722,0.288,3.59629833218494e-13,"Ifi207-201",3.59629833218494e-13,"Up"
4.683193829896e-18,3.37123355204051,0.338,0.028,3.59922178602827e-13,"ENSMUST00000381824.1",3.59922178602827e-13,"Up"
4.81316961308573e-18,2.16067461701407,0.466,0.084,3.69911337444091e-13,"Picalm-213",3.69911337444091e-13,"Up"
4.81942535827366e-18,1.71213643979699,0.602,0.147,3.70392116484764e-13,"Son-204",3.70392116484764e-13,"Up"
4.83109745140124e-18,-3.74295348825784,0.421,0.667,3.71289163529991e-13,"Set-201",3.71289163529991e-13,"Down"
4.97231811503791e-18,1.22820267735821,0.353,0.032,3.82142536413123e-13,"Tcn2-204",3.82142536413123e-13,"Up"
4.97231811503791e-18,1.22820267735821,0.353,0.032,3.82142536413123e-13,"Tcn2-206",3.82142536413123e-13,"Up"
4.97231811503791e-18,1.22820267735821,0.353,0.032,3.82142536413123e-13,"Tcn2-205",3.82142536413123e-13,"Up"
4.97231811503791e-18,1.22820267735821,0.353,0.032,3.82142536413123e-13,"Tcn2-201",3.82142536413123e-13,"Up"
4.97231811503791e-18,1.22820267735821,0.353,0.032,3.82142536413123e-13,"Tcn2-202",3.82142536413123e-13,"Up"
4.98270064615062e-18,1.42090501678069,0.541,0.112,3.8294047545926e-13,"Nlrp3-201",3.8294047545926e-13,"Up"
5.07028965645455e-18,1.60891420751095,0.496,0.095,3.89672041257158e-13,"Shisa5-201",3.89672041257158e-13,"Up"
5.12886800011726e-18,1.35235148439858,0.429,0.06,3.94174021281012e-13,"Gab2-201",3.94174021281012e-13,"Up"
5.21415365687569e-18,1.52917396028932,0.451,0.07,4.00728565145524e-13,"Rin3-201",4.00728565145524e-13,"Up"
5.28741208826272e-18,1.66060589981903,0.361,0.035,4.06358768631343e-13,"Gsk3b-201",4.06358768631343e-13,"Up"
5.32974971961153e-18,1.46827852117638,0.466,0.081,4.09612584951025e-13,"Nptn-201",4.09612584951025e-13,"Up"
5.53031926082937e-18,-8.07308472876797,0.03,0.449,4.25027156471781e-13,"Hsd3b6-201",4.25027156471781e-13,"Down"
5.73401795400494e-18,1.67850927182838,0.368,0.039,4.40682215837096e-13,"Diaph2-205",4.40682215837096e-13,"Up"
5.88351644588652e-18,1.13003553466571,0.429,0.06,4.52171772932162e-13,"Fermt3-201",4.52171772932162e-13,"Up"
6.13371829335897e-18,1.14822696595051,0.496,0.088,4.7140078571781e-13,"Birc3-201",4.7140078571781e-13,"Up"
6.4077406057773e-18,1.88603925016174,0.459,0.077,4.92460496516409e-13,"C3-201",4.92460496516409e-13,"Up"
6.80942924387447e-18,1.26034985415314,0.361,0.035,5.23331875108728e-13,"Nampt-201",5.23331875108728e-13,"Up"
7.07479289693528e-18,2.19624564061916,0.398,0.053,5.43726133301064e-13,"Ipo7-201",5.43726133301064e-13,"Up"
7.18428727585835e-18,1.91581245538681,0.346,0.032,5.52141214298817e-13,"Ptpra-201",5.52141214298817e-13,"Up"
7.19037887905075e-18,1.3674703430841,0.444,0.067,5.52609378370567e-13,"Kdm5c-203",5.52609378370567e-13,"Up"
7.28441765402452e-18,2.28767650127507,0.353,0.035,5.598366343824e-13,"Scp2-201",5.598366343824e-13,"Up"
7.2913355587767e-18,1.52448498215711,0.406,0.053,5.60368303034225e-13,"Rab7b-202",5.60368303034225e-13,"Up"
7.35077039258664e-18,1.99621399335539,0.481,0.091,5.64936107751854e-13,"Adgre5-201",5.64936107751854e-13,"Up"
8.38687861686906e-18,2.49390439054297,0.346,0.032,6.44565169220855e-13,"Naip2-201",6.44565169220855e-13,"Up"
8.53895427212874e-18,1.67768019093921,0.647,0.196,6.56252791630182e-13,"Fmnl1-202",6.56252791630182e-13,"Up"
8.97931337810399e-18,1.42285564592295,0.391,0.049,6.90096150360804e-13,"Gsn-201",6.90096150360804e-13,"Up"
9.05292552873573e-18,1.9729740507447,0.376,0.042,6.95753538585456e-13,"Trim30a-201",6.95753538585456e-13,"Up"
9.17799121968613e-18,2.04160819505917,0.346,0.032,7.05365337197758e-13,"Nfe2l1-211",7.05365337197758e-13,"Up"
9.20938978056854e-18,1.67279059592001,0.361,0.039,7.07778442195814e-13,"Man1a-201",7.07778442195814e-13,"Up"
9.27698274101233e-18,1.98003241126304,0.376,0.042,7.12973231577762e-13,"Fam120a-201",7.12973231577762e-13,"Up"
9.29686127671269e-18,1.84814920131289,0.346,0.032,7.14500976560477e-13,"Neurl3-201",7.14500976560477e-13,"Up"
9.69273364254631e-18,1.26778744183611,0.699,0.228,7.44925351364254e-13,"Tpm3-201",7.44925351364254e-13,"Up"
1.02978815758168e-17,1.12304432798494,0.526,0.102,7.91433390627824e-13,"Coro1c-201",7.91433390627824e-13,"Up"
1.04870454252269e-17,1.342049660165,0.481,0.084,8.05971389110386e-13,"Ifi211-201",8.05971389110386e-13,"Up"
1.04996541771342e-17,2.57964495004988,0.331,0.028,8.06940422129475e-13,"Zfp638-220",8.06940422129475e-13,"Up"
1.05421941401786e-17,1.70717211446952,0.436,0.067,8.1020978844929e-13,"Il4ra-201",8.1020978844929e-13,"Up"
1.10907249407647e-17,1.16744625035465,0.571,0.119,8.5236657459753e-13,"Afp-201",8.5236657459753e-13,"Up"
1.12324840466467e-17,1.46749009296435,0.421,0.06,8.63261328920986e-13,"Or51v8-201",8.63261328920986e-13,"Up"
1.16421279810592e-17,2.22224261324957,0.353,0.035,8.94744103856325e-13,"Myof-201",8.94744103856325e-13,"Up"
1.16644312506063e-17,1.69584729593648,0.451,0.074,8.964581993341e-13,"Rnaset2a-201",8.964581993341e-13,"Up"
1.18137676693383e-17,1.96829375061277,0.414,0.06,9.07935300459327e-13,"Entpd1-201",9.07935300459327e-13,"Up"
1.18191069435438e-17,2.73014711975065,0.331,0.028,9.08345645039119e-13,"Mbnl1-214",9.08345645039119e-13,"Up"
1.20839987107048e-17,1.43301645851507,0.835,0.288,9.28703636912507e-13,"Ctsl-205",9.28703636912507e-13,"Up"
1.20900651113407e-17,1.37219772675917,0.414,0.056,9.29169864066974e-13,"Arid4b-203",9.29169864066974e-13,"Up"
1.21026062008473e-17,2.00063867471562,0.406,0.056,9.30133696959917e-13,"Il10ra-202",9.30133696959917e-13,"Up"
1.21665320705851e-17,1.90183089844642,0.647,0.214,9.35046655752744e-13,"App-204",9.35046655752744e-13,"Up"
1.21819881139001e-17,1.80697258101079,0.383,0.046,9.36234514505682e-13,"Runx3-201",9.36234514505682e-13,"Up"
1.24249025643036e-17,1.48495038799435,0.429,0.063,9.54903461676991e-13,"Ptbp1-215",9.54903461676991e-13,"Up"
1.28704936376226e-17,1.03589785534531,0.624,0.144,9.89148918025851e-13,"Hectd1-201",9.89148918025851e-13,"Up"
1.33019249379807e-17,2.00937898829202,0.331,0.028,1.02230613918357e-12,"Mmp19-201",1.02230613918357e-12,"Up"
1.4997494264785e-17,2.0731247957593,0.556,0.13,1.15261742422579e-12,"Fcgr2b-201",1.15261742422579e-12,"Up"
1.5136020697502e-17,1.15621823752426,0.346,0.032,1.16326373468582e-12,"Rhog-201",1.16326373468582e-12,"Up"
1.52265639814633e-17,1.7147825355974,0.632,0.182,1.17022234823138e-12,"Wnk1-223",1.17022234823138e-12,"Up"
1.7463617720497e-17,1.83476716733554,0.398,0.053,1.34214887629108e-12,"Mapk6-202",1.34214887629108e-12,"Up"
1.74788527764882e-17,2.41640179841173,0.368,0.042,1.34331975128423e-12,"Pxk-202",1.34331975128423e-12,"Up"
1.76107790057801e-17,1.70024745241549,0.714,0.239,1.35345880971022e-12,"Trim25-203",1.35345880971022e-12,"Up"
1.83853547988213e-17,1.71074494040246,0.504,0.102,1.41298805770861e-12,"Nfat5-214",1.41298805770861e-12,"Up"
1.85963242050949e-17,1.05124982668334,0.609,0.144,1.42920190045836e-12,"Arpc2-201",1.42920190045836e-12,"Up"
1.86858750510297e-17,1.82961320361367,0.617,0.154,1.43608424117184e-12,"Kctd12-202",1.43608424117184e-12,"Up"
1.87850766007013e-17,1.56719244068662,0.729,0.256,1.4437082770703e-12,"Zfp36l2-201",1.4437082770703e-12,"Up"
1.95087268893014e-17,1.46783642396149,0.353,0.035,1.49932369635037e-12,"Wac-201",1.49932369635037e-12,"Up"
1.99679662987034e-17,1.22421759676674,0.489,0.091,1.53461808192055e-12,"Erbin-201",1.53461808192055e-12,"Up"
2.04852313516168e-17,2.0668554133334,0.331,0.028,1.57437197029715e-12,"Rftn1-201",1.57437197029715e-12,"Up"
2.13225754042727e-17,1.49247239511287,0.391,0.049,1.63872521011998e-12,"Sgpl1-202",1.63872521011998e-12,"Up"
2.1437721519476e-17,2.94508979474537,0.353,0.039,1.64757464965781e-12,"Srcap-207",1.64757464965781e-12,"Up"
2.17896255291871e-17,1.35287256939387,0.398,0.053,1.67461988042014e-12,"Tbc1d1-203",1.67461988042014e-12,"Up"
2.20165591491383e-17,1.67785806283028,0.459,0.081,1.69206063684787e-12,"Csrnp1-204",1.69206063684787e-12,"Up"
2.40965225072766e-17,1.19053866702657,0.383,0.046,1.85191414077423e-12,"Cln8-201",1.85191414077423e-12,"Up"
2.45417492832962e-17,1.6754083753187,0.361,0.039,1.88613159941845e-12,"Rbm7-201",1.88613159941845e-12,"Up"
2.46152567550657e-17,1.34753635983402,0.519,0.102,1.89178094265382e-12,"Errfi1-201",1.89178094265382e-12,"Up"
2.7849571835794e-17,2.46364758766131,0.338,0.032,2.14035099386811e-12,"Naip2-202",2.14035099386811e-12,"Up"
2.80028829101847e-17,1.18324086940449,0.511,0.098,2.15213356317933e-12,"Cd68-201",2.15213356317933e-12,"Up"
2.80476400196728e-17,1.20793150817662,0.729,0.218,2.15557332607193e-12,"Ankrd11-203",2.15557332607193e-12,"Up"
2.82740095487662e-17,1.33499127153163,0.391,0.049,2.17297072986088e-12,"Stx12-201",2.17297072986088e-12,"Up"
2.88615444974717e-17,1.81414622821631,0.406,0.06,2.21812514080869e-12,"Map2k3-201",2.21812514080869e-12,"Up"
3.00683808691588e-17,2.14025707428395,0.338,0.032,2.31087534331833e-12,"Kmt2a-202",2.31087534331833e-12,"Up"
3.0150031300778e-17,1.9334595580174,0.376,0.046,2.31715050559e-12,"Zc3hav1-204",2.31715050559e-12,"Up"
3.38965008346999e-17,1.16417591716316,0.526,0.105,2.60508167515003e-12,"Rel-201",2.60508167515003e-12,"Up"
3.58636319715602e-17,1.66824831122131,0.346,0.035,2.75626357154229e-12,"Rab43-203",2.75626357154229e-12,"Up"
3.66134287590813e-17,1.32931177937688,0.526,0.109,2.81388845385044e-12,"Zyx-207",2.81388845385044e-12,"Up"
3.73028758230132e-17,1.22840792579598,0.586,0.14,2.86687521850186e-12,"Ifngr1-201",2.86687521850186e-12,"Up"
3.77079236804754e-17,2.21325792091961,0.346,0.035,2.89800476653926e-12,"Myof-202",2.89800476653926e-12,"Up"
3.80411724419013e-17,1.18351676341048,0.504,0.098,2.92361626684988e-12,"Azin1-201",2.92361626684988e-12,"Up"
3.82795546313146e-17,1.81835227523641,0.376,0.046,2.94193689163505e-12,"Map3k14-201",2.94193689163505e-12,"Up"
4.02591864134172e-17,1.41571683034168,0.398,0.053,3.09407951261677e-12,"Lgals3bp-201",3.09407951261677e-12,"Up"
4.42555406744211e-17,1.02578564918177,0.662,0.186,3.40121532299196e-12,"Hdlbp-201",3.40121532299196e-12,"Up"
4.48433894907068e-17,-6.18942140132312,0.083,0.481,3.44639385591878e-12,"Fam220a-207",3.44639385591878e-12,"Down"
4.64887262638848e-17,1.82417172295804,0.481,0.095,3.57284456828461e-12,"Sirpa-201",3.57284456828461e-12,"Up"
4.70929719346802e-17,1.0394951460565,0.421,0.063,3.61928326506792e-12,"Usf2-201",3.61928326506792e-12,"Up"
4.7105213728182e-17,1.79532575286909,0.414,0.063,3.6202240958657e-12,"Zbtb7a-201",3.6202240958657e-12,"Up"
4.85041893197646e-17,1.98821369834776,0.353,0.039,3.72774096598119e-12,"Bdp1-201",3.72774096598119e-12,"Up"
4.87849944945603e-17,1.33531590877415,0.414,0.06,3.74932196688494e-12,"Arhgdib-203",3.74932196688494e-12,"Up"
4.99906577593731e-17,2.09559643922206,0.429,0.074,3.84198201143886e-12,"Clec4d-201",3.84198201143886e-12,"Up"
5.14708021212474e-17,1.32928885428911,0.421,0.063,3.95573702622634e-12,"Nr3c1-203",3.95573702622634e-12,"Up"
5.17164905981684e-17,1.82209845249473,0.429,0.07,3.97461916843164e-12,"Hivep2-204",3.97461916843164e-12,"Up"
5.35190577118698e-17,2.59684429294538,0.414,0.07,4.11315366138804e-12,"Hnrnph1-205",4.11315366138804e-12,"Up"
5.4506495745842e-17,-2.01944476932038,0.504,0.793,4.18904222405094e-12,"Sqstm1-201",4.18904222405094e-12,"Down"
5.63206765985722e-17,1.48835044443755,0.406,0.06,4.32846927930667e-12,"Adam10-201",4.32846927930667e-12,"Up"
6.03158879606639e-17,2.12168954617399,0.376,0.049,4.63551725332886e-12,"Tmem184b-201",4.63551725332886e-12,"Up"
6.43350445170502e-17,1.52348412545992,0.729,0.249,4.94440551131337e-12,"Col4a1-208",4.94440551131337e-12,"Up"
6.75327724259431e-17,1.09492400992407,0.594,0.14,5.19016369202343e-12,"Tnfrsf1b-201",5.19016369202343e-12,"Up"
6.79046127618417e-17,1.11886028639666,0.421,0.063,5.21874110919858e-12,"Arhgef1-204",5.21874110919858e-12,"Up"
6.8030802726889e-17,1.51811176487913,0.444,0.074,5.22843931277233e-12,"Ddx17-201",5.22843931277233e-12,"Up"
7.46733499216227e-17,1.88805004944521,0.429,0.074,5.73894563487639e-12,"Nfat5-206",5.73894563487639e-12,"Up"
7.63424425906772e-17,1.62797021282837,0.451,0.081,5.8672220828639e-12,"Csrnp1-201",5.8672220828639e-12,"Up"
7.63593083833784e-17,1.76714170088488,0.353,0.039,5.86851828649616e-12,"Limd1-201",5.86851828649616e-12,"Up"
7.68108081630432e-17,2.41984270230761,0.331,0.032,5.90321785056252e-12,"Ttc7-202",5.90321785056252e-12,"Up"
7.90535031017632e-17,1.19787535087939,0.429,0.067,6.07557792738291e-12,"Sema4d-201",6.07557792738291e-12,"Up"
7.99617241211961e-17,1.50358716500501,0.429,0.07,6.1453783456104e-12,"Eif4e-201",6.1453783456104e-12,"Up"
8.04516686426409e-17,1.65036053089642,0.398,0.056,6.18303254186153e-12,"Slc16a3-208",6.18303254186153e-12,"Up"
8.17174964298033e-17,1.85737866397642,0.429,0.07,6.2803164706161e-12,"Huwe1-202",6.2803164706161e-12,"Up"
8.17174964298033e-17,1.87648691913602,0.429,0.07,6.2803164706161e-12,"Trafd1-201",6.2803164706161e-12,"Up"
8.20020575495003e-17,1.16691025330784,0.511,0.102,6.3021861309093e-12,"Tns3-206",6.3021861309093e-12,"Up"
8.345254452044e-17,2.00124392333133,0.361,0.042,6.41366185657389e-12,"Elf1-202",6.41366185657389e-12,"Up"
8.3664238132488e-17,1.25344187069069,0.496,0.098,6.42993135743424e-12,"Cd47-207",6.42993135743424e-12,"Up"
8.57272121026452e-17,1.59583079606526,0.451,0.081,6.5884791589367e-12,"Pip5k1c-201",6.5884791589367e-12,"Up"
8.83995217914649e-17,1.7704269538672,0.383,0.049,6.79385684776125e-12,"Pnp-201",6.79385684776125e-12,"Up"
9.09073837569908e-17,1.6224343969195,0.474,0.095,6.98659607125977e-12,"Slc11a1-201",6.98659607125977e-12,"Up"
9.3959298668711e-17,1.44264852363766,0.481,0.095,7.22114793988511e-12,"Tmed5-201",7.22114793988511e-12,"Up"
9.46843231123059e-17,1.67101892871506,0.504,0.102,7.27686896847316e-12,"Spp1-204",7.27686896847316e-12,"Up"
9.527750132475e-17,2.28908975379509,0.368,0.046,7.32245708681234e-12,"Cntrl-202",7.32245708681234e-12,"Up"
9.64063365834489e-17,1.88407557263656,0.361,0.042,7.40921259178438e-12,"Ubr2-202",7.40921259178438e-12,"Up"
1.01090175295164e-16,1.83698470356025,0.368,0.046,7.76918433213453e-12,"Tatdn2-205",7.76918433213453e-12,"Up"
1.12090207625285e-16,2.55634027349359,0.346,0.039,8.61458081683365e-12,"Zfhx3-201",8.61458081683365e-12,"Up"
1.1235171188412e-16,2.04446951879054,0.331,0.032,8.63467846514215e-12,"Abl2-202",8.63467846514215e-12,"Up"
1.24296833068869e-16,1.23344988104592,0.391,0.053,9.55270880867488e-12,"Adam9-204",9.55270880867488e-12,"Up"
1.24320823325831e-16,1.26299617307791,0.353,0.039,9.55455255588341e-12,"Lmbrd1-201",9.55455255588341e-12,"Up"
1.27953621287898e-16,1.32649400561092,0.414,0.063,9.83374761046014e-12,"Neurl3-202",9.83374761046014e-12,"Up"
1.28931422910567e-16,1.41703537482872,0.353,0.039,9.90889557636875e-12,"Zfp592-201",9.90889557636875e-12,"Up"
1.30149707664205e-16,1.40597418773708,0.421,0.067,1.00025256328248e-11,"Hnrnph2-202",1.00025256328248e-11,"Up"
1.32660535502172e-16,1.60984871271499,0.368,0.046,1.0195492795484e-11,"Cerk-201",1.0195492795484e-11,"Up"
1.35345877525506e-16,2.1060333737204,0.361,0.046,1.04018720713452e-11,"Iqgap2-201",1.04018720713452e-11,"Up"
1.39331474863103e-16,1.19787394038006,0.391,0.053,1.07081811691289e-11,"Herpud2-201",1.07081811691289e-11,"Up"
1.39355934906319e-16,1.53755812631066,0.496,0.098,1.07100610212902e-11,"Itsn2-201",1.07100610212902e-11,"Up"
1.44173296917096e-16,2.06784596075923,0.338,0.035,1.10802945612665e-11,"Kmt2a-201",1.10802945612665e-11,"Up"
1.44438903798357e-16,1.90887899750558,0.406,0.067,1.11007075125189e-11,"Csrnp1-203",1.11007075125189e-11,"Up"
1.44532170481069e-16,1.61845916766137,0.549,0.133,1.11078754301521e-11,"Eif4g3-203",1.11078754301521e-11,"Up"
1.44869932553261e-16,1.05835000144597,0.361,0.042,1.11338337964483e-11,"Itpr2-202",1.11338337964483e-11,"Up"
1.62513918482572e-16,1.21253586755299,0.609,0.154,1.24898446910596e-11,"Pdcd6ip-201",1.24898446910596e-11,"Up"
1.73470207391034e-16,1.17897001631669,0.496,0.098,1.33318793188305e-11,"Irf5-205",1.33318793188305e-11,"Up"
1.76128827284631e-16,1.97176799421208,0.346,0.039,1.3536204892133e-11,"Myof-211",1.3536204892133e-11,"Up"
1.82276354806594e-16,1.85855146422612,0.368,0.046,1.4008666972306e-11,"Brk1-201",1.4008666972306e-11,"Up"
1.91331539949247e-16,1.19329279969102,0.812,0.316,1.47045941712595e-11,"Flna-203",1.47045941712595e-11,"Up"
1.95390848163612e-16,2.11830297869117,0.504,0.123,1.50165682447663e-11,"Brd2-207",1.50165682447663e-11,"Up"
1.9593991538909e-16,1.42208842630458,0.496,0.102,1.50587662573131e-11,"Colec12-204",1.50587662573131e-11,"Up"
2.08306673528151e-16,1.40032466904886,0.474,0.091,1.60092010873325e-11,"Sptbn1-201",1.60092010873325e-11,"Up"
2.0892974718189e-16,1.57202443252262,0.338,0.035,1.6057086789917e-11,"Cdk13-201",1.6057086789917e-11,"Up"
2.13053729554085e-16,1.11824656068516,0.383,0.053,1.63740313311497e-11,"Myo1c-204",1.63740313311497e-11,"Up"
2.15288183370569e-16,1.74498055434476,0.624,0.189,1.65457580447617e-11,"Wnk1-203",1.65457580447617e-11,"Up"
2.21000074453674e-16,1.65590645369573,0.353,0.042,1.69847397220626e-11,"Sptlc2-201",1.69847397220626e-11,"Up"
2.22347799103578e-16,1.62795147651852,0.82,0.418,1.70883177523064e-11,"Tgm2-201",1.70883177523064e-11,"Up"
2.27535821845501e-16,1.82821357743568,0.406,0.063,1.74870380521142e-11,"Cd300a-202",1.74870380521142e-11,"Up"
2.32918493051087e-16,1.44411516270794,0.346,0.039,1.79007178649483e-11,"Stag2-203",1.79007178649483e-11,"Up"
2.3354861070176e-16,1.48233379952474,0.549,0.13,1.79491449268731e-11,"Itprid2-203",1.79491449268731e-11,"Up"
2.38787442589509e-16,1.38858513502678,0.383,0.053,1.83517701127742e-11,"Antxr2-202",1.83517701127742e-11,"Up"
2.47471877089142e-16,1.29494388725106,0.346,0.039,1.90192036418089e-11,"Stag2-201",1.90192036418089e-11,"Up"
2.56675482244648e-16,1.12332539376397,0.504,0.102,1.97265375124302e-11,"Tns3-201",1.97265375124302e-11,"Up"
2.71913890022173e-16,1.36975704062651,0.504,0.109,2.08976701037641e-11,"St3gal1-202",2.08976701037641e-11,"Up"
2.7330432351446e-16,1.39233766681284,0.459,0.088,2.10045304793803e-11,"Fth1-202",2.10045304793803e-11,"Up"
2.89508681391804e-16,1.08117907588835,0.654,0.179,2.22499001996857e-11,"Cd53-201",2.22499001996857e-11,"Up"
2.95033940223958e-16,2.27513103350082,0.361,0.046,2.26745384419721e-11,"Cntrl-212",2.26745384419721e-11,"Up"
2.97238419420584e-16,1.17316882562028,0.429,0.07,2.28439614861496e-11,"Arhgdib-201",2.28439614861496e-11,"Up"
3.16671070129374e-16,2.08509578623116,0.504,0.116,2.43374384237229e-11,"Irf7-201",2.43374384237229e-11,"Up"
3.18218460437842e-16,1.35521147744216,0.669,0.225,2.44563615584899e-11,"Cst3-201",2.44563615584899e-11,"Up"
3.33185844512654e-16,2.33917466292398,0.338,0.039,2.56066648941755e-11,"Mbnl2-203",2.56066648941755e-11,"Up"
3.52652924767895e-16,1.20799674921555,0.767,0.288,2.71027878801118e-11,"Flna-202",2.71027878801118e-11,"Up"
3.76895277737149e-16,2.28052733048297,0.331,0.035,2.89659096752108e-11,"Acly-207",2.89659096752108e-11,"Up"
3.80382205441283e-16,1.54171791834854,0.436,0.077,2.92338940169844e-11,"Slc6a6-201",2.92338940169844e-11,"Up"
4.1252634179489e-16,1.63499186791935,0.624,0.182,3.17042994723045e-11,"Ccrl2-201",3.17042994723045e-11,"Up"
4.15929310134817e-16,1.75983089169545,0.331,0.035,3.19658312011012e-11,"Rbm47-206",3.19658312011012e-11,"Up"
4.21802076631193e-16,1.53473279899184,0.444,0.084,3.24171767974137e-11,"Rassf4-201",3.24171767974137e-11,"Up"
4.37348022205227e-16,1.59106490713698,0.526,0.123,3.36119448985605e-11,"Cd83-202",3.36119448985605e-11,"Up"
4.37844114564359e-16,1.39151643922664,0.827,0.386,3.36500715807293e-11,"Fos-201",3.36500715807293e-11,"Up"
4.40599394346425e-16,1.06724906287429,0.383,0.053,3.38618258531002e-11,"Arhgef1-203",3.38618258531002e-11,"Up"
4.4528010973977e-16,1.0006173342771,0.481,0.095,3.42215575539403e-11,"Dnm2-202",3.42215575539403e-11,"Up"
4.46607435131902e-16,1.36235024895152,0.421,0.07,3.43235678196272e-11,"Azin1-205",3.43235678196272e-11,"Up"
4.52891365595262e-16,1.29295791666117,0.444,0.081,3.48065130114582e-11,"Hk2-201",3.48065130114582e-11,"Up"
4.54946669927409e-16,1.45750224505969,0.361,0.046,3.49644713706011e-11,"Smcr8-201",3.49644713706011e-11,"Up"
4.62051112697233e-16,1.47255699249356,0.353,0.042,3.55104762152331e-11,"Tapbp-201",3.55104762152331e-11,"Up"
4.70362101274007e-16,1.73427179594076,0.331,0.035,3.61492089313125e-11,"Uvrag-206",3.61492089313125e-11,"Up"
4.80176954754643e-16,1.90737261962136,0.368,0.049,3.69035196807133e-11,"Irf9-205",3.69035196807133e-11,"Up"
5.22814250000135e-16,1.43360250628766,0.383,0.056,4.01803663695104e-11,"Adar-202",4.01803663695104e-11,"Up"
5.51729922865841e-16,1.57398998728606,0.331,0.035,4.24026514919314e-11,"Stag2-202",4.24026514919314e-11,"Up"
5.54140465986099e-16,1.90493438666662,0.338,0.039,4.25879113728956e-11,"Agpat4-201",4.25879113728956e-11,"Up"
5.62479268260554e-16,1.6901750735953,0.444,0.081,4.32287816828966e-11,"Lamp2-201",4.32287816828966e-11,"Up"
5.77651338138256e-16,1.98113090582513,0.391,0.06,4.43948159412775e-11,"Pxn-203",4.43948159412775e-11,"Up"
5.93819133643396e-16,1.56179114111967,0.331,0.035,4.56373756970295e-11,"Pnpla8-201",4.56373756970295e-11,"Up"
5.96789683603042e-16,1.10807960993039,0.414,0.067,4.58656743436282e-11,"Mapk6-201",4.58656743436282e-11,"Up"
6.47130975334257e-16,1.41859883131983,0.368,0.049,4.9734603978339e-11,"Errfi1-202",4.9734603978339e-11,"Up"
6.52594766032848e-16,1.33588346461951,0.361,0.046,5.01545181486885e-11,"Cnot1-216",5.01545181486885e-11,"Up"
6.66048720017937e-16,1.27326034264674,0.662,0.211,5.11885083282585e-11,"Zfp36-202",5.11885083282585e-11,"Up"
6.8172009430247e-16,-3.51513218710566,0.18,0.537,5.2392916127522e-11,"Gna13-202",5.2392916127522e-11,"Down"
7.07923831195963e-16,1.24649084964628,0.729,0.267,5.44067781227345e-11,"Prrc2c-202",5.44067781227345e-11,"Up"
7.15311945614728e-16,1.29021785821184,0.406,0.063,5.49745842682743e-11,"Uso1-201",5.49745842682743e-11,"Up"
7.20730931537383e-16,1.27632175099367,0.429,0.074,5.5391055012374e-11,"Midn-202",5.5391055012374e-11,"Up"
7.48780689492545e-16,1.98834884007249,0.338,0.039,5.754679111026e-11,"Sh3pxd2b-203",5.754679111026e-11,"Up"
7.51341665635697e-16,1.37516358745948,0.421,0.07,5.77436123707659e-11,"Prrc2a-206",5.77436123707659e-11,"Up"
7.72555953099729e-16,1.18924450624733,0.549,0.133,5.93740152195266e-11,"Gvin1-201",5.93740152195266e-11,"Up"
7.85994433926437e-16,1.26637082885915,0.368,0.049,6.04068162249824e-11,"Cdc5l-201",6.04068162249824e-11,"Up"
8.29372432531045e-16,1.74306872639151,0.398,0.063,6.37405889297409e-11,"Prkd3-208",6.37405889297409e-11,"Up"
9.56658635455204e-16,1.76862781449926,0.346,0.042,7.35230427692743e-11,"Rc3h1-204",7.35230427692743e-11,"Up"
9.65082614253882e-16,1.68540530827489,0.383,0.056,7.41704592358679e-11,"Nr3c1-204",7.41704592358679e-11,"Up"
9.71620297531598e-16,3.1478048553152,0.338,0.042,7.46729063464935e-11,"Ahnak2-201",7.46729063464935e-11,"Up"
9.79476083041493e-16,1.33037600636779,0.391,0.06,7.52766548860709e-11,"Il6ra-201",7.52766548860709e-11,"Up"
9.79485311343633e-16,2.12568039277493,0.346,0.042,7.52773641180036e-11,"Cyfip1-201",7.52773641180036e-11,"Up"
9.81205705105631e-16,2.42736081515055,0.346,0.046,7.54095832601881e-11,"Pfkp-207",7.54095832601881e-11,"Up"
9.8330162340189e-16,1.60700465627303,0.376,0.056,7.55706629649289e-11,"Hdac5-202",7.55706629649289e-11,"Up"
9.88946093288593e-16,1.27332872406566,0.511,0.119,7.60044630536016e-11,"Serinc1-201",7.60044630536016e-11,"Up"
1.0028483786652e-15,1.39961912217677,0.346,0.042,7.7072909293935e-11,"Myo1c-202",7.7072909293935e-11,"Up"
1.03148098091047e-15,1.42993782000111,0.383,0.056,7.92734393068935e-11,"Irf9-203",7.92734393068935e-11,"Up"
1.04115079844223e-15,1.66626495368912,0.406,0.067,8.00166034634792e-11,"Itgal-201",8.00166034634792e-11,"Up"
1.08708566811664e-15,1.32815597542732,0.812,0.361,8.35468819374363e-11,"Emilin2-201",8.35468819374363e-11,"Up"
1.09562319787939e-15,1.38486921096134,0.827,0.435,8.42030252498229e-11,"Dusp1-202",8.42030252498229e-11,"Up"
1.09922126625763e-15,1.54694425375877,0.398,0.063,8.44795511969638e-11,"Atp6v1b2-201",8.44795511969638e-11,"Up"
1.12029521558009e-15,3.11711835552835,0.338,0.042,8.60991684981921e-11,"Phldb1-210",8.60991684981921e-11,"Up"
1.12497637502107e-15,1.66367218031692,0.466,0.102,8.64589343258697e-11,"Lsp1-201",8.64589343258697e-11,"Up"
1.13628462687875e-15,2.33477163737291,0.331,0.039,8.73280187141391e-11,"Nfkb2-204",8.73280187141391e-11,"Up"
1.1547556393021e-15,1.36070226599645,0.94,0.712,8.87475899029233e-11,"Psap-202",8.87475899029233e-11,"Up"
1.23680279553989e-15,1.6797534776318,0.459,0.095,9.5053242048423e-11,"Slc11a1-208",9.5053242048423e-11,"Up"
1.24503131509415e-15,1.01940000765159,0.383,0.056,9.56856366902455e-11,"Srrm1-201",9.56856366902455e-11,"Up"
1.2466943017886e-15,1.26072549732172,0.579,0.147,9.58134438696612e-11,"Ddx6-201",9.58134438696612e-11,"Up"
1.28851116021268e-15,1.37188313586204,0.474,0.095,9.90272367069857e-11,"Pcf11-201",9.90272367069857e-11,"Up"
1.37886439650052e-15,1.35689201099825,0.398,0.063,1.05971244328651e-10,"Itgal-202",1.05971244328651e-10,"Up"
1.39204397404212e-15,1.24025485006157,0.504,0.109,1.06984147581033e-10,"Brpf1-204",1.06984147581033e-10,"Up"
1.48553535069706e-15,1.00263872310152,0.383,0.056,1.14169333842472e-10,"Arid4b-201",1.14169333842472e-10,"Up"
1.4977517523627e-15,2.1642212980613,0.331,0.039,1.15108213176083e-10,"Acsl4-203",1.15108213176083e-10,"Up"
1.51796651953476e-15,1.71852981076956,0.368,0.053,1.16661798892325e-10,"Ccnl2-205",1.16661798892325e-10,"Up"
1.53407670501684e-15,1.98110482017878,0.331,0.039,1.17899931087364e-10,"Hnrnpc-210",1.17899931087364e-10,"Up"
1.57010913650577e-15,1.38196698493869,0.421,0.074,1.20669167577014e-10,"Rnaset2a-202",1.20669167577014e-10,"Up"
1.63224156066897e-15,1.34936752987192,0.406,0.07,1.25444292903653e-10,"Tut7-201",1.25444292903653e-10,"Up"
1.65428779814393e-15,1.24732065615161,0.353,0.046,1.27138634438554e-10,"Card19-202",1.27138634438554e-10,"Up"
1.71608936049932e-15,1.14086956545334,0.962,0.782,1.31888331711815e-10,"Eef1a1-201",1.31888331711815e-10,"Up"
1.89965022940962e-15,1.20361583808568,0.541,0.13,1.45995718731047e-10,"Capg-201",1.45995718731047e-10,"Up"
2.01187057314726e-15,1.3486006468517,0.353,0.046,1.5462030102866e-10,"Tpst2-202",1.5462030102866e-10,"Up"
2.0388977512053e-15,1.48011764396668,0.481,0.102,1.56697447771132e-10,"Notch1-201",1.56697447771132e-10,"Up"
2.06713469194616e-15,1.34943593882834,0.361,0.049,1.5886756961483e-10,"Sgpl1-208",1.5886756961483e-10,"Up"
2.11192999968197e-15,1.02535389369635,0.383,0.056,1.62310268195558e-10,"Arid1b-202",1.62310268195558e-10,"Up"
2.16294943988019e-15,1.27478144624254,0.361,0.049,1.66231316252552e-10,"N4bp2l2-201",1.66231316252552e-10,"Up"
2.275230009746e-15,1.50276983387269,0.331,0.039,1.74860527169019e-10,"Evi2-201",1.74860527169019e-10,"Up"
2.28788772448983e-15,-2.61442701828736,0.564,0.681,1.75833323177941e-10,"Hnrnpab-203",1.75833323177941e-10,"Down"
2.31121857704274e-15,2.15487604086698,0.406,0.07,1.77626392520043e-10,"Ddi2-201",1.77626392520043e-10,"Up"
2.32408749232934e-15,1.08099247858866,0.842,0.386,1.78615420135479e-10,"Lrrfip1-203",1.78615420135479e-10,"Up"
2.35232438432809e-15,1.97000689223875,0.429,0.084,1.80785538233151e-10,"Dido1-202",1.80785538233151e-10,"Up"
2.37388867347155e-15,1.69719528836613,0.346,0.046,1.82442840110983e-10,"Fndc3b-202",1.82442840110983e-10,"Up"
2.44497968805803e-15,1.7795149077202,0.549,0.147,1.87906468946012e-10,"Picalm-212",1.87906468946012e-10,"Up"
2.70920371469657e-15,1.67772027015163,0.338,0.042,2.0821314228929e-10,"Csnk1d-202",2.0821314228929e-10,"Up"
2.74897249882572e-15,1.09661736608551,0.414,0.07,2.11269532424752e-10,"Myl12b-204",2.11269532424752e-10,"Up"
2.79111220181719e-15,1.31784089655488,0.541,0.133,2.14508137158458e-10,"Sptan1-202",2.14508137158458e-10,"Up"
2.8806155631392e-15,1.67386959549625,0.474,0.105,2.213868284895e-10,"Adam8-202",2.213868284895e-10,"Up"
2.93310763074129e-15,-3.35606951396925,0.504,0.667,2.25421053852991e-10,"Gpx1-201",2.25421053852991e-10,"Down"
2.94018762581319e-15,1.56612833427233,0.338,0.042,2.25965179794247e-10,"Baiap2-204",2.25965179794247e-10,"Up"
3.06934704697252e-15,1.42306270619104,0.526,0.137,2.35891597948026e-10,"Csnk1a1-204",2.35891597948026e-10,"Up"
3.15880056444725e-15,1.43720247845641,0.504,0.116,2.42766458580029e-10,"Rbbp6-201",2.42766458580029e-10,"Up"
3.24904977520212e-15,1.17161020934891,0.331,0.039,2.49702471423384e-10,"Plekhm3-201",2.49702471423384e-10,"Up"
3.25068533844043e-15,2.34742784677616,0.353,0.049,2.49828171000501e-10,"Fam13b-201",2.49828171000501e-10,"Up"
3.35689772575221e-15,1.31723105708537,0.481,0.102,2.5799101781496e-10,"Brpf1-202",2.5799101781496e-10,"Up"
3.46235240000528e-15,1.3323958798509,0.398,0.067,2.66095631350006e-10,"Tnrc18-202",2.66095631350006e-10,"Up"
3.52716854893194e-15,2.43426574183682,0.331,0.042,2.71077011659616e-10,"Sbno2-209",2.71077011659616e-10,"Up"
3.54345585524642e-15,1.67061410335559,0.338,0.042,2.72328756299109e-10,"Ccpg1-208",2.72328756299109e-10,"Up"
3.58496609604425e-15,1.66615094045782,0.338,0.042,2.75518984345385e-10,"Filip1l-203",2.75518984345385e-10,"Up"
3.88853193593443e-15,2.3448841303186,0.414,0.081,2.98849233404305e-10,"Ccnl1-201",2.98849233404305e-10,"Up"
3.9420381094594e-15,1.22857516999182,0.406,0.07,3.02961396864393e-10,"Srsf3-202",3.02961396864393e-10,"Up"
4.07439733284003e-15,1.46147364107488,0.338,0.042,3.13133732618087e-10,"Ccpg1-202",3.13133732618087e-10,"Up"
4.09433503953243e-15,1.2645125846901,0.368,0.053,3.14666025128225e-10,"Tcirg1-211",3.14666025128225e-10,"Up"
4.24460599262396e-15,2.12023324716497,0.376,0.06,3.26214948957122e-10,"Irf1-202",3.26214948957122e-10,"Up"
4.2808740769939e-15,1.64405914618344,0.91,0.435,3.29002296313289e-10,"Spc24-201",3.29002296313289e-10,"Up"
4.41562886915695e-15,1.73125815958902,0.346,0.046,3.39358741110188e-10,"N4bp1-201",3.39358741110188e-10,"Up"
4.54242190953231e-15,1.05684426104473,0.474,0.109,3.49103293435196e-10,"Lilrb4a-211",3.49103293435196e-10,"Up"
4.87960995621169e-15,1.362730965756,0.579,0.161,3.75017543574693e-10,"Litaf-201",3.75017543574693e-10,"Up"
4.88170572714842e-15,1.59576264560746,0.353,0.049,3.75178611954265e-10,"Ubn1-207",3.75178611954265e-10,"Up"
5.00813658383388e-15,1.11103027405829,0.406,0.07,3.84895329013969e-10,"Pum2-209",3.84895329013969e-10,"Up"
5.20640317116751e-15,1.78269168364491,0.489,0.112,4.00132909316908e-10,"Spp1-202",4.00132909316908e-10,"Up"
5.60381107088886e-15,-2.58851304004056,0.571,0.677,4.30675296042093e-10,"Hnrnpab-202",4.30675296042093e-10,"Down"
5.74709189815431e-15,1.96758198507328,0.376,0.06,4.41687000740751e-10,"Tbc1d1-201",4.41687000740751e-10,"Up"
5.77863922821713e-15,1.15907432425209,0.353,0.049,4.44111539245399e-10,"Myo1c-201",4.44111539245399e-10,"Up"
5.8070962120055e-15,1.42548092201914,0.346,0.046,4.46298572277471e-10,"Jdp2-201",4.46298572277471e-10,"Up"
5.8070962120055e-15,1.42548092201914,0.346,0.046,4.46298572277471e-10,"Jdp2-202",4.46298572277471e-10,"Up"
5.82315187696021e-15,1.04523023078619,0.496,0.109,4.475325143519e-10,"Dnm2-204",4.475325143519e-10,"Up"
5.83058298834921e-15,1.70382050467152,0.383,0.063,4.4810362498659e-10,"Il4ra-205",4.4810362498659e-10,"Up"
5.87111233246153e-15,2.34964182942884,0.368,0.056,4.51218467198999e-10,"Nsd1-201",4.51218467198999e-10,"Up"
6.00888799378077e-15,1.00856219481944,0.346,0.046,4.61807077874027e-10,"Prl2b1-202",4.61807077874027e-10,"Up"
6.24726394723301e-15,1.165978279011,0.414,0.074,4.80127223400645e-10,"Oas1a-201",4.80127223400645e-10,"Up"
6.25093180007548e-15,1.36154864826558,0.353,0.049,4.80409112563001e-10,"Cep170-201",4.80409112563001e-10,"Up"
6.29219637022189e-15,1.1833563859956,0.481,0.105,4.83580459837033e-10,"Myo1g-201",4.83580459837033e-10,"Up"
6.4581376062481e-15,1.48401976915835,0.391,0.067,4.96333707590591e-10,"Prpf38b-204",4.96333707590591e-10,"Up"
6.66520893993656e-15,1.72068762236138,0.391,0.067,5.12247967869884e-10,"Dock2-203",5.12247967869884e-10,"Up"
7.29342415548217e-15,1.76859097395544,0.571,0.179,5.60528820045427e-10,"Jarid2-216",5.60528820045427e-10,"Up"
7.32642999019361e-15,2.3922561844069,0.383,0.07,5.6306545046634e-10,"Hnrnph1-204",5.6306545046634e-10,"Up"
7.90770142780322e-15,1.37140663286093,0.353,0.049,6.07738485532388e-10,"Jdp2-203",6.07738485532388e-10,"Up"
8.16702867011482e-15,1.4206674691844,0.586,0.161,6.27668821413004e-10,"Chd1-201",6.27668821413004e-10,"Up"
8.20650659687512e-15,-4.23973274799419,0.271,0.565,6.3070285799624e-10,"Mkrn1-201",6.3070285799624e-10,"Down"
8.22934741989061e-15,1.96745419194431,0.338,0.046,6.32458266608273e-10,"Plod3-203",6.32458266608273e-10,"Up"
8.26900342836975e-15,1.42538940075455,0.353,0.049,6.35505989483929e-10,"Zc3h12a-201",6.35505989483929e-10,"Up"
8.4011788149126e-15,1.69223966506814,0.383,0.067,6.45664196641293e-10,"Oasl2-201",6.45664196641293e-10,"Up"
8.65105534162337e-15,1.4407150068729,0.376,0.06,6.64868207225122e-10,"Gapvd1-202",6.64868207225122e-10,"Up"
8.84842859449259e-15,1.46327912952707,0.391,0.067,6.80037131201134e-10,"Trafd1-202",6.80037131201134e-10,"Up"
9.04032260287423e-15,2.7385879284544,0.331,0.046,6.94784953321296e-10,"Lpin2-204",6.94784953321296e-10,"Up"
9.42185373283082e-15,1.51239898114794,0.391,0.067,7.2410714678298e-10,"Sp110-201",7.2410714678298e-10,"Up"
9.42577769036343e-15,1.04635229787136,0.376,0.06,7.24408718615191e-10,"Foxn2-201",7.24408718615191e-10,"Up"
9.68808378535118e-15,1.20595336320151,0.368,0.056,7.4456799123938e-10,"Apc-202",7.4456799123938e-10,"Up"
1.01735826068859e-14,1.26726118985932,0.331,0.042,7.81880517669606e-10,"Baiap2-202",7.81880517669606e-10,"Up"
1.08152118811137e-14,1.72903005217259,0.338,0.046,8.31192293911113e-10,"Hivep1-201",8.31192293911113e-10,"Up"
1.10667660207501e-14,1.13992150227877,0.376,0.06,8.50525235758726e-10,"Hyou1-204",8.50525235758726e-10,"Up"
1.12526370759074e-14,1.57496009041478,0.391,0.067,8.64810169831789e-10,"Lyst-201",8.64810169831789e-10,"Up"
1.13178309433377e-14,1.05092018706549,0.338,0.046,8.69820579319273e-10,"Ppp6r3-202",8.69820579319273e-10,"Up"
1.1347625401788e-14,1.46424618625534,0.436,0.091,8.72110402629015e-10,"Nin-203",8.72110402629015e-10,"Up"
1.18654270936371e-14,1.09307274683414,0.383,0.063,9.11905533854385e-10,"Runx2-203",9.11905533854385e-10,"Up"
1.20537746281594e-14,3.02058685083358,0.368,0.063,9.2638079527256e-10,"Dab2-202",9.2638079527256e-10,"Up"
1.23757173612712e-14,1.42728304633103,0.331,0.042,9.51123382083134e-10,"Ccpg1-206",9.51123382083134e-10,"Up"
1.25283096844784e-14,1.57058575752467,0.398,0.07,9.62850712490904e-10,"Pacsin2-202",9.62850712490904e-10,"Up"
1.3679060389098e-14,1.99822961396845,0.398,0.074,1.05129050714374e-09,"Trf-203",1.05129050714374e-09,"Up"
1.37229739490398e-14,1.55766399524812,0.338,0.046,1.05466543987951e-09,"Cnot1-203",1.05466543987951e-09,"Up"
1.38704151482642e-14,1.76653477079635,0.346,0.049,1.06599688580469e-09,"Arhgef1-202",1.06599688580469e-09,"Up"
1.50157395732719e-14,1.34579467474095,0.406,0.074,1.15401964916424e-09,"Med13l-201",1.15401964916424e-09,"Up"
1.51789176099886e-14,1.59328707257679,0.556,0.165,1.16656053399806e-09,"Gda-201",1.16656053399806e-09,"Up"
1.55336380146852e-14,1.27560684314112,0.481,0.112,1.19382221598062e-09,"Rasa3-201",1.19382221598062e-09,"Up"
1.56973206567288e-14,2.18901443588869,0.383,0.07,1.20640188175224e-09,"Rgs1-205",1.20640188175224e-09,"Up"
1.57064211154433e-14,1.18759436659321,0.398,0.07,1.20710128840628e-09,"Midn-201",1.20710128840628e-09,"Up"
1.6818378239795e-14,1.22997713514501,0.466,0.102,1.2925596412412e-09,"Txnrd1-205",1.2925596412412e-09,"Up"
1.75939261009696e-14,1.15160966869102,0.338,0.046,1.35216359656392e-09,"Dusp11-201",1.35216359656392e-09,"Up"
1.82164873918192e-14,1.4157239399967,0.586,0.175,1.40000992201087e-09,"Picalm-206",1.40000992201087e-09,"Up"
1.84448173500139e-14,1.42809860193245,0.376,0.06,1.41755799261797e-09,"Tcirg1-201",1.41755799261797e-09,"Up"
1.86325038536366e-14,1.1170235267245,0.526,0.13,1.43198245116739e-09,"Capg-203",1.43198245116739e-09,"Up"
1.87089208914427e-14,1.2110351872892,0.436,0.088,1.43785540619094e-09,"ENSMUST00000249998.1",1.43785540619094e-09,"Up"
2.03608429216827e-14,1.29812843626679,0.353,0.053,1.564812221903e-09,"Pgk1-201",1.564812221903e-09,"Up"
2.03608429216827e-14,1.45236911741595,0.353,0.053,1.564812221903e-09,"Acly-201",1.564812221903e-09,"Up"
2.10731509833144e-14,-3.12541177447333,0.173,0.618,1.61955594567164e-09,"Tpt1-206",1.61955594567164e-09,"Down"
2.11006270785393e-14,1.3241187644092,0.519,0.13,1.62166759349406e-09,"Plbd1-201",1.62166759349406e-09,"Up"
2.19650848670741e-14,1.13295398347558,0.444,0.091,1.68810463237411e-09,"Sptbn1-202",1.68810463237411e-09,"Up"
2.22944571126049e-14,1.56569563745877,0.466,0.105,1.71341820693214e-09,"Cert1-202",1.71341820693214e-09,"Up"
2.29418429520068e-14,1.50295863981638,0.459,0.102,1.76317239823353e-09,"Adam17-201",1.76317239823353e-09,"Up"
2.41651257520401e-14,1.07644827342731,0.346,0.049,1.85718657454729e-09,"Gfod1-201",1.85718657454729e-09,"Up"
2.47758555909415e-14,1.40794515624861,0.489,0.123,1.90412360558622e-09,"Sgk1-201",1.90412360558622e-09,"Up"
2.48723939079116e-14,1.68240346443928,0.466,0.109,1.91154296139864e-09,"Itprid2-201",1.91154296139864e-09,"Up"
2.48979743127389e-14,1.05090313075248,0.361,0.056,1.91350891783124e-09,"Rbpj-ps3-201",1.91350891783124e-09,"Up"
2.53529684127117e-14,1.29699590106065,0.429,0.084,1.94847703439055e-09,"Bptf-203",1.94847703439055e-09,"Up"
2.61074240791191e-14,2.30585335546887,0.444,0.112,2.00645997017662e-09,"Rgs1-208",2.00645997017662e-09,"Up"
2.68813544075424e-14,1.27509067384904,0.429,0.084,2.06593961163726e-09,"Bptf-202",2.06593961163726e-09,"Up"
2.83953175559737e-14,1.39412200078276,0.541,0.137,2.18229373544681e-09,"Sp3-202",2.18229373544681e-09,"Up"
2.91519823718596e-14,1.05812940961506,0.346,0.049,2.24044645320689e-09,"Arid1b-201",2.24044645320689e-09,"Up"
2.93977732576493e-14,1.16314815673058,0.368,0.06,2.25933646594338e-09,"Srp54b-201",2.25933646594338e-09,"Up"
2.96799785949799e-14,2.05698058202255,0.353,0.056,2.28102507493858e-09,"Mbnl2-204",2.28102507493858e-09,"Up"
2.98825151096398e-14,1.14650816983856,0.361,0.056,2.29659081623626e-09,"Apc-203",2.29659081623626e-09,"Up"
3.03072322290893e-14,1.10977016234037,0.338,0.049,2.32923202573443e-09,"Il10ra-203",2.32923202573443e-09,"Up"
3.18905852751544e-14,1.45249592450817,0.376,0.063,2.45091904073672e-09,"Atp11b-203",2.45091904073672e-09,"Up"
3.18905852751544e-14,1.12632265875126,0.376,0.063,2.45091904073672e-09,"Osbpl9-201",2.45091904073672e-09,"Up"
3.20615808360672e-14,1.26716119224573,0.331,0.049,2.46406073357511e-09,"Septin2-201",2.46406073357511e-09,"Up"
3.372471205064e-14,1.10102110682361,0.699,0.246,2.59187901993989e-09,"Vegfa-202",2.59187901993989e-09,"Up"
3.45208556712646e-14,1.09151359391443,0.331,0.046,2.65306584175937e-09,"Cdc42se1-201",2.65306584175937e-09,"Up"
3.50956722225334e-14,1.70882029096943,0.414,0.084,2.69724279299058e-09,"Ifrd1-208",2.69724279299058e-09,"Up"
3.74846759086097e-14,1.46198837708391,0.406,0.077,2.88084728228029e-09,"Adar-203",2.88084728228029e-09,"Up"
4.17697308281231e-14,1.70803674530036,0.338,0.049,3.21017089306457e-09,"Fndc3a-205",3.21017089306457e-09,"Up"
4.2980843111247e-14,1.07210982570917,0.368,0.06,3.30324971647178e-09,"Trim8-201",3.30324971647178e-09,"Up"
4.42839879878422e-14,1.73168779144218,0.617,0.218,3.40340161281763e-09,"Apoe-205",3.40340161281763e-09,"Up"
4.50033760494166e-14,1.64066732179957,0.429,0.091,3.45868946290186e-09,"Nin-211",3.45868946290186e-09,"Up"
4.50033760494166e-14,1.64066732179957,0.429,0.091,3.45868946290186e-09,"Nin-202",3.45868946290186e-09,"Up"
4.53005985609795e-14,1.10711244593245,0.368,0.06,3.48153220180552e-09,"Tpst2-201",3.48153220180552e-09,"Up"
4.53005985609795e-14,1.10711244593245,0.368,0.06,3.48153220180552e-09,"Tpst2-208",3.48153220180552e-09,"Up"
4.59715484981277e-14,1.41969896629611,0.489,0.123,3.53309738827511e-09,"Aldoa-202",3.53309738827511e-09,"Up"
4.60610186189151e-14,1.18721402391469,0.368,0.063,3.5399735249381e-09,"Timp2-201",3.5399735249381e-09,"Up"
4.82255319028759e-14,1.04434457158342,0.722,0.267,3.70632502886363e-09,"Npc2-201",3.70632502886363e-09,"Up"
4.87362562840453e-14,1.45788594600746,0.338,0.049,3.74557624045401e-09,"Pcnx-201",3.74557624045401e-09,"Up"
4.87532880828846e-14,1.12044523328611,0.474,0.112,3.74688520232202e-09,"Acap2-203",3.74688520232202e-09,"Up"
4.9551012808294e-14,1.79824399796504,0.368,0.063,3.80819353836862e-09,"Dock2-206",3.80819353836862e-09,"Up"
5.0067116141659e-14,1.70918138104207,0.459,0.109,3.84785814395106e-09,"Hipk1-203",3.84785814395106e-09,"Up"
5.00987978654219e-14,1.07762348395134,0.481,0.109,3.85029301114914e-09,"Spen-202",3.85029301114914e-09,"Up"
5.34102667545036e-14,1.10194534237017,0.331,0.046,4.10479264115062e-09,"Filip1l-202",4.10479264115062e-09,"Up"
5.42942213807555e-14,1.27833102824182,0.534,0.137,4.17272808999658e-09,"Per1-201",4.17272808999658e-09,"Up"
5.97760132742671e-14,1.4546178942718,0.346,0.053,4.59402572418052e-09,"Osbpl9-214",4.59402572418052e-09,"Up"
5.97760132742671e-14,1.4546178942718,0.346,0.053,4.59402572418052e-09,"Osbpl9-211",4.59402572418052e-09,"Up"
6.23355147614777e-14,1.06349878833967,0.534,0.14,4.7907336514786e-09,"Lgmn-202",4.7907336514786e-09,"Up"
6.26806758654154e-14,1.31475930490001,0.376,0.067,4.81726066296063e-09,"Tbc1d9-201",4.81726066296063e-09,"Up"
6.30526413721199e-14,1.90534244658159,0.398,0.081,4.8458477000129e-09,"Arhgap45-204",4.8458477000129e-09,"Up"
6.35527944268686e-14,1.20736588729656,0.594,0.186,4.88428646288256e-09,"Ptp4a1-206",4.88428646288256e-09,"Up"
6.51987697389009e-14,1.03488609869295,0.782,0.34,5.01078624951349e-09,"Pim1-201",5.01078624951349e-09,"Up"
6.91440863103326e-14,1.47365071761053,0.519,0.14,5.3139996092943e-09,"Stk10-201",5.3139996092943e-09,"Up"
7.07975888119103e-14,1.54452397791669,0.383,0.07,5.44107789055055e-09,"Erbin-202",5.44107789055055e-09,"Up"
7.29597013947707e-14,1.1423837715086,0.451,0.105,5.60724489099371e-09,"Lilrb4a-206",5.60724489099371e-09,"Up"
7.59758827794761e-14,1.94002522586055,0.594,0.218,5.83905049513385e-09,"App-206",5.83905049513385e-09,"Up"
7.79738538702526e-14,-2.39901920859847,0.586,0.677,5.99260256534439e-09,"Hnrnpab-201",5.99260256534439e-09,"Down"
8.02838332441169e-14,1.11573783993675,0.624,0.196,6.17013372014336e-09,"Soat1-207",6.17013372014336e-09,"Up"
8.1195780611761e-14,1.15084597770776,0.451,0.098,6.24022052313628e-09,"Ubap2l-202",6.24022052313628e-09,"Up"
8.30932169848068e-14,1.53856546509996,0.331,0.049,6.38604609815034e-09,"Sestd1-202",6.38604609815034e-09,"Up"
8.3311132989261e-14,1.5143856564737,0.466,0.112,6.40279381475667e-09,"Adam8-201",6.40279381475667e-09,"Up"
8.40013817997468e-14,1.71972702449635,0.496,0.133,6.45584219683774e-09,"Gnas-211",6.45584219683774e-09,"Up"
8.69621569475597e-14,1.09127904676191,0.376,0.067,6.68338961004775e-09,"Kmt2e-202",6.68338961004775e-09,"Up"
9.39627732387788e-14,1.60867669563473,0.391,0.077,7.2214149744931e-09,"Cdk11b-202",7.2214149744931e-09,"Up"
1.0029808545158e-13,1.34599515933269,0.376,0.067,7.70830905929573e-09,"Prkd3-204",7.70830905929573e-09,"Up"
1.13349348308286e-13,1.24686183022123,0.789,0.309,8.71135081488504e-09,"Ubr4-201",8.71135081488504e-09,"Up"
1.16514991878345e-13,1.72371263608621,0.609,0.218,8.9546431858183e-09,"Apoe-209",8.9546431858183e-09,"Up"
1.16514991878345e-13,1.72371263608621,0.609,0.218,8.9546431858183e-09,"Apoe-201",8.9546431858183e-09,"Up"
1.19111872964974e-13,1.95098526122213,0.391,0.077,9.15422388485009e-09,"Ccnl1-203",9.15422388485009e-09,"Up"
1.20749368593326e-13,1.30254896036402,0.383,0.07,9.28007197387146e-09,"Pacsin2-210",9.28007197387146e-09,"Up"
1.344182740165e-13,1.29882538339542,0.338,0.053,1.03305820312641e-08,"Hnrnpdl-207",1.03305820312641e-08,"Up"
1.44593902943169e-13,1.14745981380364,0.383,0.07,1.11126198167943e-08,"Zfp263-206",1.11126198167943e-08,"Up"
1.62775164708725e-13,1.33062893938042,0.346,0.056,1.25099225085243e-08,"Arid5b-204",1.25099225085243e-08,"Up"
1.73832920902893e-13,1.396810593841,0.338,0.053,1.33597553030709e-08,"Aftph-209",1.33597553030709e-08,"Up"
1.74220817744245e-13,1.23839602167286,0.654,0.214,1.33895667269162e-08,"Ankrd11-201",1.33895667269162e-08,"Up"
1.96151897664926e-13,1.50206305162262,0.414,0.088,1.50750579431402e-08,"Dnaja1-210",1.50750579431402e-08,"Up"
2.07068959066091e-13,1.24776560208243,0.541,0.151,1.59140777800653e-08,"Aplp2-201",1.59140777800653e-08,"Up"
2.08693997662646e-13,1.16384661728485,0.496,0.126,1.6038968496365e-08,"Sptan1-201",1.6038968496365e-08,"Up"
2.09837440644703e-13,1.8449189245007,0.406,0.084,1.6126846663308e-08,"Pxn-202",1.6126846663308e-08,"Up"
2.09945085562128e-13,1.05827710633191,0.474,0.123,1.61351196057918e-08,"Acin1-203",1.61351196057918e-08,"Up"
2.12904983301272e-13,1.14824874983648,0.338,0.053,1.63625995866359e-08,"Acly-203",1.63625995866359e-08,"Up"
2.13964245704791e-13,1.26025097884219,0.436,0.098,1.6444008139396e-08,"Ncf1-202",1.6444008139396e-08,"Up"
2.19324347695356e-13,1.19754266606077,0.812,0.46,1.68559534177789e-08,"Csf1r-202",1.68559534177789e-08,"Up"
2.21126542906652e-13,1.25706335554632,0.729,0.305,1.69944593285478e-08,"Rsrp1-204",1.69944593285478e-08,"Up"
2.26089572462581e-13,1.00345431505121,0.414,0.084,1.73758880020392e-08,"Ski-202",1.73758880020392e-08,"Up"
2.26089572462581e-13,1.00345431505121,0.414,0.084,1.73758880020392e-08,"Ski-201",1.73758880020392e-08,"Up"
2.41885822021684e-13,1.0783251329526,0.436,0.095,1.85898929656545e-08,"Gpbp1-202",1.85898929656545e-08,"Up"
2.42121842399761e-13,2.42237938347664,0.346,0.06,1.86080320757912e-08,"Iqsec1-201",1.86080320757912e-08,"Up"
2.47441217055691e-13,1.33783020924358,0.474,0.116,1.90168472955981e-08,"Il17ra-201",1.90168472955981e-08,"Up"
2.49801182248247e-13,1.80411567010657,0.346,0.06,1.91982200605068e-08,"Spata13-209",1.91982200605068e-08,"Up"
2.54904593954432e-13,1.76351270635814,0.376,0.074,1.95904376637739e-08,"Picalm-201",1.95904376637739e-08,"Up"
2.59032024590525e-13,1.69194319682424,0.331,0.053,1.99076472178802e-08,"Nav1-208",1.99076472178802e-08,"Up"
2.69153364841694e-13,1.55141543352233,0.466,0.116,2.06855127015436e-08,"Osbpl8-202",2.06855127015436e-08,"Up"
2.83840125379169e-13,1.10202106193464,0.504,0.13,2.18142489958907e-08,"Sptan1-203",2.18142489958907e-08,"Up"
3.05056767995396e-13,1.21135854708758,0.368,0.067,2.34448328475181e-08,"Zc3hav1-202",2.34448328475181e-08,"Up"
3.05056767995396e-13,1.2962108537413,0.368,0.067,2.34448328475181e-08,"Sltm-201",2.34448328475181e-08,"Up"
3.09552371163877e-13,2.55111739819729,0.451,0.119,2.37903379334286e-08,"Il1b-201",2.37903379334286e-08,"Up"
3.45301414913312e-13,1.26322938284092,0.429,0.095,2.65377949417477e-08,"Sptan1-208",2.65377949417477e-08,"Up"
3.69713213798461e-13,1.13457727699474,0.391,0.077,2.84139393332669e-08,"Arpc2-203",2.84139393332669e-08,"Up"
3.76531131766458e-13,1.00679416638908,0.368,0.067,2.89379236007794e-08,"Cmip-202",2.89379236007794e-08,"Up"
3.78168507736247e-13,1.26749392931394,0.346,0.06,2.90637624935615e-08,"Crk-201",2.90637624935615e-08,"Up"
3.90182138867854e-13,1.07187222915557,0.474,0.119,2.998705810055e-08,"Ell2-201",2.998705810055e-08,"Up"
4.28831271296009e-13,1.0386409672315,0.376,0.07,3.29573985241835e-08,"Piezo1-209",3.29573985241835e-08,"Up"
4.34964512439161e-13,1.25197234026056,0.368,0.07,3.34287626389993e-08,"Srsf11-204",3.34287626389993e-08,"Up"
4.64849838695346e-13,1.25617507681229,0.391,0.081,3.57255695030921e-08,"Klf10-201",3.57255695030921e-08,"Up"
4.74885365817716e-13,1.37834716119202,0.331,0.053,3.64968399045547e-08,"Larp1-203",3.64968399045547e-08,"Up"
5.03313379009763e-13,1.05420675941539,0.391,0.077,3.86816464304163e-08,"Zfp263-203",3.86816464304163e-08,"Up"
5.26164535560641e-13,1.15263439515352,0.338,0.056,4.04378492159775e-08,"Etv3-203",4.04378492159775e-08,"Up"
5.26392698522365e-13,1.08268134733076,0.429,0.095,4.04553844522378e-08,"Tpm4-203",4.04553844522378e-08,"Up"
5.42215869128793e-13,1.1006826436888,0.346,0.06,4.16714584060242e-08,"Wapl-205",4.16714584060242e-08,"Up"
5.42576552309894e-13,1.09105541886815,0.444,0.105,4.16991783512246e-08,"Osbpl8-201",4.16991783512246e-08,"Up"
5.48762087260404e-13,1.24406622726477,0.391,0.077,4.21745614543111e-08,"Brpf1-210",4.21745614543111e-08,"Up"
5.72423146937089e-13,1.05903133765231,0.398,0.081,4.3993008534703e-08,"Ass1-201",4.3993008534703e-08,"Up"
6.18216916225375e-13,1.58217633450316,0.331,0.053,4.7512442879585e-08,"Smarcc2-203",4.7512442879585e-08,"Up"
6.65452300990872e-13,1.01504681470846,0.331,0.053,5.11426711403525e-08,"Nr3c1-201",5.11426711403525e-08,"Up"
6.75375943788091e-13,1.21769819793621,0.639,0.235,5.190534278389e-08,"Actr3-201",5.190534278389e-08,"Up"
7.1360047598126e-13,1.18711689115458,0.353,0.063,5.48430509810638e-08,"Ptk2b-202",5.48430509810638e-08,"Up"
7.22150323099504e-13,1.12659363875759,0.346,0.06,5.55001409314892e-08,"Ptpre-201",5.55001409314892e-08,"Up"
7.70402487595659e-13,1.7073960380574,0.564,0.2,5.92085127816767e-08,"App-202",5.92085127816767e-08,"Up"
7.74638066685201e-13,1.29028370766042,0.759,0.411,5.95340339770244e-08,"H3f3a-205",5.95340339770244e-08,"Up"
7.98656262794477e-13,1.83369516331442,0.376,0.081,6.13799284208067e-08,"Map4k4-202",6.13799284208067e-08,"Up"
8.14197198804421e-13,1.29411518117847,0.398,0.084,6.2574311516915e-08,"Ubap2l-220",6.2574311516915e-08,"Up"
8.53039267268622e-13,1.01197085945433,0.451,0.105,6.55594798466627e-08,"Brpf1-203",6.55594798466627e-08,"Up"
9.31729301240463e-13,1.21262723798352,0.406,0.088,7.16071237175345e-08,"B4galt1-201",7.16071237175345e-08,"Up"
9.36099900584595e-13,1.09590110442396,0.353,0.063,7.19430217595285e-08,"Anxa6-201",7.19430217595285e-08,"Up"
9.64677315233162e-13,1.07388723914496,0.353,0.063,7.41393103849295e-08,"Ndel1-202",7.41393103849295e-08,"Up"
1.04010207031037e-12,1.36346808522527,0.361,0.07,7.99360045116331e-08,"Abcg1-201",7.99360045116331e-08,"Up"
1.092757363799e-12,1.18086459042923,0.338,0.06,8.39827744374083e-08,"Slc16a10-201",8.39827744374083e-08,"Up"
1.13507299351148e-12,1.04657617771929,0.331,0.056,8.72348998433317e-08,"Ssb-201",8.72348998433317e-08,"Up"
1.14520857235534e-12,1.54572651797956,0.474,0.13,8.8013859619797e-08,"Gnas-223",8.8013859619797e-08,"Up"
1.14732918435539e-12,1.56668803489063,0.361,0.07,8.81768371344492e-08,"Prex1-202",8.81768371344492e-08,"Up"
1.18531521693345e-12,1.76045224246159,0.361,0.074,9.10962156822034e-08,"Lilrb4b-201",9.10962156822034e-08,"Up"
1.26685485916334e-12,1.25453116485945,0.474,0.13,9.73628633461397e-08,"Eno1b-201",9.73628633461397e-08,"Up"
1.39962926679995e-12,1.71041924005037,0.474,0.14,1.07567107670644e-07,"Cflar-205",1.07567107670644e-07,"Up"
1.50109666686058e-12,1.35406770044798,0.368,0.074,1.15365283234903e-07,"Malt1-202",1.15365283234903e-07,"Up"
1.59062541384543e-12,1.33991237249564,0.594,0.193,1.22245925555676e-07,"Sf1-208",1.22245925555676e-07,"Up"
1.63887837040914e-12,1.22155358753289,0.707,0.305,1.25954358279424e-07,"Plaur-201",1.25954358279424e-07,"Up"
1.74313735758779e-12,1.49058239186622,0.346,0.063,1.33967078480052e-07,"Etv6-202",1.33967078480052e-07,"Up"
1.74955809430199e-12,1.1310990273579,0.662,0.256,1.34460537779485e-07,"Prrc2c-210",1.34460537779485e-07,"Up"
1.87882329082812e-12,1.24593269755382,0.331,0.056,1.44395085193304e-07,"Cmip-201",1.44395085193304e-07,"Up"
1.9333900097316e-12,1.0589340426981,0.481,0.126,1.48588755807913e-07,"Sptan1-204",1.48588755807913e-07,"Up"
1.94809739365071e-12,1.17466389657533,0.338,0.06,1.49719077091632e-07,"Ubr5-204",1.49719077091632e-07,"Up"
2.17646028766478e-12,1.14930058494728,0.338,0.06,1.67269678948189e-07,"Gapvd1-201",1.67269678948189e-07,"Up"
2.43102173460188e-12,1.06054745263119,0.338,0.06,1.86833744391093e-07,"Txlna-202",1.86833744391093e-07,"Up"
2.44650992078173e-12,1.01130065965876,0.474,0.123,1.88024073451759e-07,"Birc6-220",1.88024073451759e-07,"Up"
2.46859183723797e-12,1.31492022736655,0.346,0.063,1.89721157059087e-07,"Ctnnb1-214",1.89721157059087e-07,"Up"
2.5151480145835e-12,1.26604190696284,0.353,0.067,1.932991855128e-07,"Atp11b-201",1.932991855128e-07,"Up"
2.52601727853441e-12,1.14584587239336,0.331,0.056,1.94134531924484e-07,"Uso1-204",1.94134531924484e-07,"Up"
2.56802486153227e-12,1.23556971502414,0.368,0.074,1.97362982708201e-07,"Trip11-201",1.97362982708201e-07,"Up"
2.87910729553972e-12,1.10039218825476,0.368,0.074,2.2127091209141e-07,"Papola-202",2.2127091209141e-07,"Up"
3.0680993175934e-12,-4.29641217450111,0.12,0.428,2.35795704954323e-07,"Rhox6-201",2.35795704954323e-07,"Down"
3.10952394563112e-12,1.32743290116043,0.338,0.063,2.38979353317534e-07,"Nedd9-201",2.38979353317534e-07,"Up"
3.23992271990309e-12,1.33253946253848,0.421,0.105,2.49001020715432e-07,"Irf7-203",2.49001020715432e-07,"Up"
3.26397787293346e-12,1.17166720028012,0.782,0.414,2.50849755446428e-07,"Eif4a1-213",2.50849755446428e-07,"Up"
3.37243277545794e-12,1.04860426514324,0.466,0.126,2.59184948525045e-07,"Lilrb4a-214",2.59184948525045e-07,"Up"
3.93977502255332e-12,1.04473089509915,0.556,0.175,3.02787469583313e-07,"Stat3-202",3.02787469583313e-07,"Up"
3.94417631624125e-12,1.48096183374618,0.338,0.063,3.03125726608405e-07,"Pip5k1c-208",3.03125726608405e-07,"Up"
4.05755551099395e-12,1.13154907632224,0.421,0.102,3.11839371241929e-07,"Pik3r1-202",3.11839371241929e-07,"Up"
4.06132058881745e-12,1.06293999277388,0.383,0.084,3.12128732532976e-07,"Prdm1-202",3.12128732532976e-07,"Up"
4.47605679333486e-12,1.12866254136728,0.662,0.277,3.44002868794957e-07,"Mafb-201",3.44002868794957e-07,"Up"
4.6276773823244e-12,1.15481856254767,0.564,0.179,3.55655517541159e-07,"Tlr2-201",3.55655517541159e-07,"Up"
4.89018399796318e-12,1.15050899461049,0.466,0.123,3.75830200979462e-07,"Mpp1-201",3.75830200979462e-07,"Up"
5.02440469609262e-12,1.34606509104869,0.451,0.119,3.86145598513502e-07,"Ncor2-202",3.86145598513502e-07,"Up"
5.18070764265193e-12,1.13030077692942,0.466,0.13,3.98158105168371e-07,"Sf3b1-203",3.98158105168371e-07,"Up"
5.45185671604227e-12,1.45896754301932,0.361,0.077,4.18996996054713e-07,"Septin11-201",4.18996996054713e-07,"Up"
5.59249849769738e-12,1.11567882815304,0.429,0.105,4.29805879542034e-07,"Sptan1-205",4.29805879542034e-07,"Up"
5.64900830777505e-12,1.0857048771429,0.759,0.354,4.34148884485744e-07,"Emilin2-202",4.34148884485744e-07,"Up"
5.6996274210605e-12,-1.13519537533,0.805,0.891,4.38039165818184e-07,"Sqstm1-202",4.38039165818184e-07,"Down"
6.03450670874235e-12,1.21094036403157,0.692,0.302,4.63775978593685e-07,"Ifi207-202",4.63775978593685e-07,"Up"
6.06246913804334e-12,1.54424204683561,0.376,0.084,4.65925003135183e-07,"Adgre5-208",4.65925003135183e-07,"Up"
6.18955172777043e-12,1.624182501067,0.459,0.13,4.75691808486068e-07,"Gnas-203",4.75691808486068e-07,"Up"
6.51498011713143e-12,2.2599048635328,0.383,0.098,5.00702281922019e-07,"Macf1-212",5.00702281922019e-07,"Up"
7.14753851903004e-12,1.38075079614939,0.331,0.063,5.49316925341535e-07,"Inpp5d-209",5.49316925341535e-07,"Up"
7.42283223346917e-12,1.10957400847248,0.383,0.084,5.70474348471039e-07,"Ubap2l-204",5.70474348471039e-07,"Up"
7.51077128819351e-12,1.01432506513915,0.383,0.088,5.77232816582824e-07,"Dgkz-203",5.77232816582824e-07,"Up"
7.94624143036162e-12,1.06527464172442,0.361,0.074,6.10700438889012e-07,"Ppp4r3a-201",6.10700438889012e-07,"Up"
9.07459337997668e-12,2.13785943825785,0.331,0.067,6.97418799624727e-07,"Etnk1-201",6.97418799624727e-07,"Up"
1.06713848540025e-11,1.17967701246076,0.511,0.158,8.20138611569506e-07,"Vsir-201",8.20138611569506e-07,"Up"
1.12366321352102e-11,1.02150183571486,0.421,0.105,8.63580126119444e-07,"Crybg3-205",8.63580126119444e-07,"Up"
1.13757749447257e-11,1.00369893259853,0.496,0.14,8.74273807601947e-07,"Aplp2-209",8.74273807601947e-07,"Up"
1.18664519819905e-11,1.55416188274459,0.346,0.074,9.119843006239e-07,"Lilrb4b-213",9.119843006239e-07,"Up"
1.18881085483961e-11,1.52315679843001,0.331,0.063,9.13648694378431e-07,"Ncor1-205",9.13648694378431e-07,"Up"
1.22179883913878e-11,1.02041261865489,0.444,0.116,9.39001279831714e-07,"Plbd1-203",9.39001279831714e-07,"Up"
1.32373293759624e-11,1.54645776101756,0.496,0.165,1.01734171186021e-06,"Zeb2-202",1.01734171186021e-06,"Up"
1.50895457519079e-11,1.03741207930174,0.346,0.07,1.15969194921713e-06,"Nup98-204",1.15969194921713e-06,"Up"
1.52524591235743e-11,1.15902234665335,0.383,0.088,1.17221249348318e-06,"Adam17-207",1.17221249348318e-06,"Up"
1.69642214676817e-11,1.5822146851299,0.414,0.109,1.30376827667721e-06,"Fcgr1-201",1.30376827667721e-06,"Up"
1.72893855068777e-11,1.07778579609147,0.444,0.116,1.32875843374558e-06,"Il17ra-203",1.32875843374558e-06,"Up"
1.88724518005808e-11,1.5108423487281,0.451,0.126,1.45042341068183e-06,"Ik-202",1.45042341068183e-06,"Up"
2.06945676846734e-11,1.19221527960053,0.353,0.074,1.59046030483789e-06,"Pcm1-204",1.59046030483789e-06,"Up"
2.13465548231213e-11,1.04373671750877,0.602,0.239,1.64056812437617e-06,"Sparc-202",1.64056812437617e-06,"Up"
2.23987109724255e-11,1.1232018449662,0.338,0.067,1.72143053307479e-06,"Dbnl-203",1.72143053307479e-06,"Up"
2.2466965079186e-11,1.02867496542209,0.85,0.474,1.72667613419576e-06,"Rrbp1-201",1.72667613419576e-06,"Up"
2.72423736524236e-11,1.4210193040358,0.346,0.07,2.09368538468336e-06,"ENSMUST00000250009.1",2.09368538468336e-06,"Up"
2.96012975232569e-11,2.23705550817664,0.331,0.07,2.27497811985239e-06,"Map4k4-201",2.27497811985239e-06,"Up"
3.04521024099533e-11,1.3138648339584,0.346,0.074,2.34036587861455e-06,"Tsc22d2-201",2.34036587861455e-06,"Up"
3.16884198637476e-11,1.58362488139121,0.368,0.084,2.43538182020846e-06,"Sptbn1-203",2.43538182020846e-06,"Up"
3.20640738051724e-11,-2.29653286933016,0.286,0.582,2.46425232822272e-06,"Sqstm1-205",2.46425232822272e-06,"Down"
3.55710090810383e-11,1.48117131359923,0.368,0.088,2.73377433191412e-06,"Ms4a6b-205",2.73377433191412e-06,"Up"
4.06694524194216e-11,1.59142972433097,0.534,0.182,3.12561009624223e-06,"Samhd1-206",3.12561009624223e-06,"Up"
4.10833993733755e-11,1.2690955203887,0.398,0.102,3.1574235754414e-06,"Irf7-210",3.1574235754414e-06,"Up"
4.28757904446382e-11,1.17463908019768,0.338,0.07,3.29517599883223e-06,"Tnfaip2-201",3.29517599883223e-06,"Up"
4.28757904446382e-11,1.87554529800483,0.331,0.074,3.29517599883223e-06,"Mettl6-201",3.29517599883223e-06,"Up"
4.29182910156835e-11,1.15650962548797,0.496,0.154,3.29844233771934e-06,"Plekhg3-207",3.29844233771934e-06,"Up"
4.35184261670914e-11,1.15130347530627,0.511,0.161,3.34456512464564e-06,"Tgfbi-201",3.34456512464564e-06,"Up"
4.41452486145995e-11,1.04589445613868,0.361,0.081,3.39273893702643e-06,"Dusp2-201",3.39273893702643e-06,"Up"
4.62689529615972e-11,-2.76544870532439,0.496,0.611,3.55595411091059e-06,"Smdt1-201",3.55595411091059e-06,"Down"
4.92882490243889e-11,1.01562315908481,0.398,0.098,3.78799909052039e-06,"Brpf1-209",3.78799909052039e-06,"Up"
5.00206727825511e-11,1.03573702385381,0.346,0.074,3.84428878603018e-06,"Ppp4r3a-202",3.84428878603018e-06,"Up"
5.30715133217594e-11,1.48776056055958,0.556,0.221,4.07875808483049e-06,"App-203",4.07875808483049e-06,"Up"
5.57852099070909e-11,1.48253442418737,0.338,0.074,4.28731652219956e-06,"Ptpn6-201",4.28731652219956e-06,"Up"
5.57852099070909e-11,1.48253442418737,0.338,0.074,4.28731652219956e-06,"Ptpn6-203",4.28731652219956e-06,"Up"
5.98875730508055e-11,1.41894585906483,0.444,0.13,4.60259953924661e-06,"Son-201",4.60259953924661e-06,"Up"
8.40478487270113e-11,1.09581399835124,0.511,0.168,6.45941336606573e-06,"Plekhg3-201",6.45941336606573e-06,"Up"
9.87570593548614e-11,1.0482166427489,0.586,0.232,7.58987503965852e-06,"Hnrnpk-202",7.58987503965852e-06,"Up"
1.04819738138807e-10,1.76963884312771,0.376,0.098,8.05581615491984e-06,"Emp1-202",8.05581615491984e-06,"Up"
1.07342600425894e-10,1.43008566371214,0.346,0.084,8.24970821313167e-06,"Esd-207",8.24970821313167e-06,"Up"
1.22605867834251e-10,1.09370325325105,0.474,0.144,9.42275136653353e-06,"Aff1-201",9.42275136653353e-06,"Up"
1.40392535708875e-10,1.34283654171479,0.353,0.081,1.07897279393699e-05,"Elf2-212",1.07897279393699e-05,"Up"
1.4714322451432e-10,1.21679681071734,0.436,0.147,1.13085453768236e-05,"Hnrnpa2b1-213",1.13085453768236e-05,"Up"
1.57023712723384e-10,2.47780613029582,0.504,0.186,1.20679004176429e-05,"Samhd1-203",1.20679004176429e-05,"Up"
1.68821638705639e-10,1.83071335757757,0.346,0.091,1.29746182210832e-05,"Macf1-214",1.29746182210832e-05,"Up"
1.69745024693687e-10,2.09079440809815,0.444,0.154,1.30455841278086e-05,"Lilrb4a-205",1.30455841278086e-05,"Up"
1.78554612096252e-10,1.01249473183443,0.398,0.109,1.37226361580453e-05,"Lsp1-204",1.37226361580453e-05,"Up"
1.94609428777432e-10,1.0568157720836,0.331,0.07,1.49565130392608e-05,"P4ha1-201",1.49565130392608e-05,"Up"
1.9831207078977e-10,2.34128582227492,0.331,0.081,1.5241075888477e-05,"Ceacam1-201",1.5241075888477e-05,"Up"
2.15445284767792e-10,1.02776782385879,0.511,0.165,1.65578319155439e-05,"Pdia6-206",1.65578319155439e-05,"Up"
2.46688308800751e-10,1.19806968188112,0.489,0.165,1.8958983284573e-05,"Epb41l2-201",1.8958983284573e-05,"Up"
3.05285545158159e-10,1.1194912491403,0.331,0.074,2.34624152875851e-05,"Ifngr1-203",2.34624152875851e-05,"Up"
3.33629438818327e-10,1.02489880146368,0.451,0.144,2.56407568909437e-05,"Ptp4a1-203",2.56407568909437e-05,"Up"
3.49402699086422e-10,1.48130707295334,0.669,0.274,2.68529950355878e-05,"Lmna-201",2.68529950355878e-05,"Up"
3.73197018052965e-10,1.11833664708757,0.526,0.186,2.86816836254425e-05,"Samhd1-202",2.86816836254425e-05,"Up"
4.03231016762999e-10,1.07588341345091,0.398,0.112,3.09899165623035e-05,"Ldlr-201",3.09899165623035e-05,"Up"
5.37111824227121e-10,1.17866072433059,0.331,0.074,4.12791921391512e-05,"Trak1-209",4.12791921391512e-05,"Up"
5.48313989379133e-10,1.02049466695894,0.338,0.081,4.21401233397439e-05,"Fes-201",4.21401233397439e-05,"Up"
6.18222864088684e-10,1.34644859046916,0.331,0.081,4.75128999966717e-05,"Lsp1-205",4.75128999966717e-05,"Up"
7.00317015157927e-10,1.17547601178243,0.353,0.088,5.38221638829473e-05,"Nin-204",5.38221638829473e-05,"Up"
7.08115500962655e-10,1.09449196447145,0.534,0.189,5.44215087109839e-05,"Rab11fip1-202",5.44215087109839e-05,"Up"
8.42972453501474e-10,1.46467269730551,0.368,0.098,6.47858049414023e-05,"Adam17-203",6.47858049414023e-05,"Up"
1.3609824874102e-09,1.04416197361815,0.451,0.144,0.000104596948087423,"Id2-202",0.000104596948087423,"Up"
1.54288337200459e-09,1.10619469737614,0.474,0.165,0.000118576758672041,"Mefv-202",0.000118576758672041,"Up"
1.64545316239919e-09,1.6358559346474,0.421,0.147,0.000126459657343027,"Tle3-201",0.000126459657343027,"Up"
1.67339112527149e-09,1.47857562908427,0.421,0.14,0.000128606801541615,"Zeb2-201",0.000128606801541615,"Up"
1.81564332160399e-09,1.1961611271028,0.609,0.26,0.000139539451838553,"Plaur-202",0.000139539451838553,"Up"
1.91010459940378e-09,-4.49452456817178,0.113,0.365,0.000146799178882578,"Blvrb-201",0.000146799178882578,"Down"
2.20861593290927e-09,1.50496874379273,0.586,0.274,0.000169740968907809,"Cxcl2-203",0.000169740968907809,"Up"
3.01658969118516e-09,1.09374639973122,0.526,0.189,0.000231836984126345,"Eif4g1-205",0.000231836984126345,"Up"
4.26183128200849e-09,1.00026620712763,0.361,0.098,0.00032753878134748,"Cdkn1b-201",0.00032753878134748,"Up"
4.42901794774921e-09,1.09945758171683,0.346,0.095,0.000340387745356317,"Qrich1-201",0.000340387745356317,"Up"
4.64444752718526e-09,1.38650020705415,0.346,0.095,0.000356944370254296,"Slc38a2-202",0.000356944370254296,"Up"
4.99324467124499e-09,-2.2526099123499,0.361,0.547,0.000383750825963863,"Hnrnpa2b1-201",0.000383750825963863,"Down"
7.07783155326288e-09,-3.9685940073148,0.173,0.4,0.000543959666194465,"Nudt4-201",0.000543959666194465,"Down"
8.30684726870792e-09,1.65768526375045,0.353,0.109,0.000638414439989279,"Lilrb4b-207",0.000638414439989279,"Up"
9.3833612050646e-09,1.2394586499531,0.368,0.112,0.000721148842054034,"Fnip2-203",0.000721148842054034,"Up"
9.47893731750082e-09,-2.81259507768877,0.338,0.523,0.000728494248599208,"Hnrnpa2b1-209",0.000728494248599208,"Down"
1.12879942852359e-08,1.31415536589334,0.346,0.098,0.00086752751279752,"Usp15-211",0.00086752751279752,"Up"
1.15791692074389e-08,1.01087849502262,0.338,0.091,0.000889905470268513,"Cdkn1b-202",0.000889905470268513,"Up"
1.68296946163694e-08,1.10457214677696,0.406,0.13,0.00129342935004646,"Runx1-206",0.00129342935004646,"Up"
1.88505932710797e-08,1.45806139169585,0.391,0.13,0.00144874349525556,"Tnip1-202",0.00144874349525556,"Up"
2.51803746519711e-08,-3.71933497381261,0.211,0.425,0.00193521251350259,"Gpx4-202",0.00193521251350259,"Down"
2.85113488452994e-08,1.3628963701029,0.346,0.109,0.00219121120415664,"Plaur-204",0.00219121120415664,"Up"
2.94504734630463e-08,1.10057368738921,0.353,0.109,0.00226338668752896,"Mdm2-202",0.00226338668752896,"Up"
3.18121669220122e-08,1.13202847526076,0.383,0.133,0.00244489227662433,"Fmnl1-203",0.00244489227662433,"Up"
4.0478962553713e-08,1.19439809288865,0.398,0.137,0.00311097018810306,"Tnip1-201",0.00311097018810306,"Up"
5.00404755900375e-08,1.22972094565078,0.391,0.133,0.00384581071099674,"Tnip1-203",0.00384581071099674,"Up"
5.00404755900375e-08,1.22972094565078,0.391,0.133,0.00384581071099674,"Tnip1-206",0.00384581071099674,"Up"
8.92644338757069e-08,1.8456438226858,0.805,0.551,0.00686032880108358,"Plec-201",0.00686032880108358,"Up"
9.52999270106203e-08,1.29007418306947,0.414,0.154,0.00732418059047421,"Wnk1-224",0.00732418059047421,"Up"
1.0768906257647e-07,-1.63562113475576,0.789,0.789,0.00827633521525206,"Ppia-202",0.00827633521525206,"Down"
1.15119166986052e-07,1.07443991043802,0.331,0.102,0.00884736845954601,"Eif4g3-205",0.00884736845954601,"Up"
